0.000000000000000000e+00 0.000000000000000000e+00
5.000000000000000278e-02 5.770323145146869469e-09
1.000000000000000056e-01 2.307996037948374978e-08
1.500000000000000222e-01 5.192491568026737291e-08
2.000000000000000111e-01 9.229853111405259349e-08
2.500000000000000000e-01 1.441915008805412376e-07
3.000000000000000444e-01 2.075920818526135176e-07
3.500000000000000333e-01 2.824855663515995579e-07
4.000000000000000222e-01 3.688545017632982276e-07
4.500000000000000111e-01 4.666788366044167775e-07
5.000000000000000000e-01 5.759359205225704427e-07
5.500000000000000444e-01 6.966005042962823370e-07
6.000000000000000888e-01 8.286447398349846174e-07
6.500000000000000222e-01 9.720381801790150960e-07
7.000000000000000666e-01 1.126747779499623381e-06
7.500000000000000000e-01 1.292737893098963360e-06
8.000000000000000444e-01 1.469970277410100715e-06
8.500000000000000888e-01 1.658404089997005620e-06
9.000000000000000222e-01 1.857995889554558669e-06
9.500000000000000666e-01 2.068699635908548544e-06
1.000000000000000000e+00 2.290466690015670115e-06
1.050000000000000044e+00 2.523245813963529516e-06
1.100000000000000089e+00 2.766983170970638007e-06
1.150000000000000133e+00 3.021622325386416422e-06
1.200000000000000178e+00 3.287104787204053566e-06
1.250000000000000000e+00 3.563369828530412326e-06
1.300000000000000044e+00 3.850353202036684023e-06
1.350000000000000089e+00 4.147988301722611165e-06
1.400000000000000133e+00 4.456206188725681714e-06
1.450000000000000178e+00 4.774935591321126973e-06
1.500000000000000000e+00 5.104102904921919471e-06
1.550000000000000044e+00 5.443632192078778887e-06
1.600000000000000089e+00 5.793445182480166122e-06
1.650000000000000133e+00 6.153461272952284150e-06
1.700000000000000178e+00 6.523597527459084789e-06
1.750000000000000000e+00 6.903768677102253457e-06
1.800000000000000044e+00 7.293887120121230349e-06
1.850000000000000089e+00 7.693862921893192646e-06
1.900000000000000133e+00 8.103603814933061294e-06
1.950000000000000178e+00 8.523015198893501003e-06
2.000000000000000000e+00 8.952000140564917707e-06
2.050000000000000266e+00 9.390459373875472961e-06
2.100000000000000089e+00 9.838291299891048367e-06
2.149999999999999911e+00 1.029539323106455264e-05
2.200000000000000178e+00 1.076166042561046568e-05
2.250000000000000000e+00 1.123698447441026248e-05
2.300000000000000266e+00 1.172125509380826632e-05
2.350000000000000089e+00 1.221436013264919835e-05
2.400000000000000355e+00 1.271618557227820297e-05
2.450000000000000178e+00 1.322661552654081224e-05
2.500000000000000000e+00 1.374553224178298657e-05
2.550000000000000266e+00 1.427281609685108929e-05
2.600000000000000089e+00 1.480834560309187649e-05
2.650000000000000355e+00 1.535199740435253600e-05
2.700000000000000178e+00 1.590364627698064162e-05
2.750000000000000000e+00 1.646316512982419378e-05
2.800000000000000266e+00 1.703042500423159754e-05
2.850000000000000089e+00 1.760529507405165074e-05
2.900000000000000355e+00 1.818764264563358122e-05
2.950000000000000178e+00 1.877733315782700282e-05
3.000000000000000000e+00 1.937423018198194925e-05
3.050000000000000266e+00 1.997819542194888084e-05
3.100000000000000089e+00 2.058908946457575100e-05
3.150000000000000355e+00 2.120677322167908763e-05
3.200000000000000178e+00 2.183110329989352264e-05
3.250000000000000000e+00 2.246193474440968005e-05
3.300000000000000266e+00 2.309912136880166677e-05
3.350000000000000089e+00 2.374251575502705908e-05
3.400000000000000355e+00 2.439196925342692636e-05
3.450000000000000178e+00 2.504733198272580057e-05
3.500000000000000000e+00 2.570845283003170338e-05
3.550000000000000266e+00 2.637517945083614953e-05
3.600000000000000089e+00 2.704735826901410282e-05
3.650000000000000355e+00 2.772483447682403367e-05
3.700000000000000178e+00 2.840745203490787509e-05
3.750000000000000000e+00 2.909505367229104305e-05
3.800000000000000266e+00 2.978748088638244655e-05
3.850000000000000089e+00 3.048457394297445384e-05
3.900000000000000355e+00 3.118617187624292961e-05
3.950000000000000178e+00 3.189211248874719779e-05
4.000000000000000000e+00 3.260223235143008553e-05
4.049999999999999822e+00 3.331636680361788598e-05
4.100000000000000533e+00 3.403435203378593111e-05
4.150000000000000355e+00 3.475602376657473792e-05
4.200000000000000178e+00 3.548121423568904533e-05
4.250000000000000000e+00 3.620975518108539542e-05
4.299999999999999822e+00 3.694147786528964030e-05
4.350000000000000533e+00 3.767621307339693540e-05
4.400000000000000355e+00 3.841379111307171234e-05
4.450000000000000178e+00 3.915404181454773991e-05
4.500000000000000000e+00 3.989679453062808343e-05
4.549999999999999822e+00 4.064187813668510474e-05
4.600000000000000533e+00 4.138912103066047575e-05
4.650000000000000355e+00 4.213835113306515134e-05
4.700000000000000178e+00 4.288939588697942358e-05
4.750000000000000000e+00 4.364208225805285394e-05
4.800000000000000711e+00 4.439623673450434786e-05
4.850000000000000533e+00 4.515168532712205985e-05
4.900000000000000355e+00 4.590825356926349517e-05
4.950000000000000178e+00 4.666576651685544203e-05
5.000000000000000000e+00 4.742404874839399874e-05
5.050000000000000711e+00 4.818292436823035676e-05
5.100000000000000533e+00 4.894221978441209867e-05
5.150000000000000355e+00 4.970176072790322792e-05
5.200000000000000178e+00 5.046137071038502058e-05
5.250000000000000000e+00 5.122087356489680516e-05
5.300000000000000711e+00 5.198009344583598976e-05
5.350000000000000533e+00 5.273885482895802819e-05
5.400000000000000355e+00 5.349698251137644705e-05
5.450000000000000178e+00 5.425430161156284572e-05
5.500000000000000000e+00 5.501063756934688965e-05
5.550000000000000711e+00 5.576581614591631029e-05
5.600000000000000533e+00 5.651966342381687123e-05
5.650000000000000355e+00 5.727200580695244954e-05
5.700000000000000178e+00 5.802267002058496118e-05
5.750000000000000000e+00 5.877148311133438817e-05
5.800000000000000711e+00 5.951827244717879887e-05
5.850000000000000533e+00 6.026286571745427344e-05
5.900000000000000355e+00 6.100509093285501908e-05
5.950000000000000178e+00 6.174477642543327511e-05
6.000000000000000000e+00 6.248175084859936045e-05
6.050000000000000711e+00 6.321584331744297444e-05
6.100000000000000533e+00 6.394688642384778986e-05
6.150000000000000355e+00 6.467471154194492325e-05
6.200000000000000178e+00 6.539914971758380494e-05
6.250000000000000000e+00 6.612003307733424441e-05
6.300000000000000711e+00 6.683719482848637613e-05
6.350000000000000533e+00 6.755046925905063243e-05
6.400000000000000355e+00 6.825969173775783838e-05
6.450000000000000178e+00 6.896469871405915756e-05
6.500000000000000000e+00 6.966532771812607855e-05
6.550000000000000711e+00 7.036141736085044197e-05
6.600000000000000533e+00 7.105280733384439988e-05
6.650000000000000355e+00 7.173933840944048351e-05
6.700000000000000178e+00 7.242085244069156264e-05
6.750000000000000000e+00 7.309719236137081843e-05
6.800000000000000711e+00 7.376820218597181125e-05
6.850000000000000533e+00 7.443372700970839933e-05
6.900000000000000355e+00 7.509361300851480651e-05
6.950000000000000178e+00 7.574770743904562229e-05
7.000000000000000000e+00 7.639585863867573402e-05
7.050000000000000711e+00 7.703791758797579059e-05
7.100000000000000533e+00 7.767373725952048254e-05
7.150000000000000355e+00 7.830317010091071854e-05
7.200000000000000178e+00 7.892607026891580431e-05
7.250000000000000000e+00 7.954229364645200805e-05
7.300000000000000711e+00 8.015169784258265528e-05
7.350000000000000533e+00 8.075414219251797975e-05
7.400000000000000355e+00 8.134948775761524544e-05
7.450000000000000178e+00 8.193759732537869234e-05
7.500000000000000000e+00 8.251833540945959064e-05
7.550000000000000711e+00 8.309156824965614589e-05
7.600000000000000533e+00 8.365716381191356675e-05
7.650000000000000355e+00 8.421499178832405144e-05
7.700000000000000178e+00 8.476492359712681484e-05
7.750000000000000000e+00 8.530683238270802074e-05
7.800000000000000711e+00 8.584059301560084958e-05
7.850000000000000533e+00 8.636608209248545782e-05
7.900000000000000355e+00 8.688317793618897792e-05
7.950000000000000178e+00 8.739176075586611652e-05
8.000000000000000000e+00 8.789171426517643985e-05
8.050000000000000711e+00 8.838292296407182361e-05
8.099999999999999645e+00 8.886527303229807496e-05
8.150000000000000355e+00 8.933865285925599964e-05
8.200000000000001066e+00 8.980295304400134774e-05
8.250000000000000000e+00 9.025806639524485439e-05
8.300000000000000711e+00 9.070388793135221266e-05
8.349999999999999645e+00 9.114031488034407351e-05
8.400000000000000355e+00 9.156724667989608651e-05
8.450000000000001066e+00 9.198458497733883203e-05
8.500000000000000000e+00 9.239223362965784836e-05
8.550000000000000711e+00 9.279009870349371305e-05
8.599999999999999645e+00 9.317808847514185311e-05
8.650000000000000355e+00 9.355611343055278905e-05
8.700000000000001066e+00 9.392408626533193150e-05
8.750000000000000000e+00 9.428192188473963548e-05
8.800000000000000711e+00 9.462953740369130879e-05
8.849999999999999645e+00 9.496685263054608034e-05
8.900000000000000355e+00 9.529379019971994530e-05
8.950000000000001066e+00 9.561027439544641561e-05
9.000000000000000000e+00 9.591623199445644971e-05
9.050000000000000711e+00 9.621159228770580988e-05
9.099999999999999645e+00 9.649628708037496735e-05
9.150000000000000355e+00 9.677025069186922428e-05
9.200000000000001066e+00 9.703341995581864601e-05
9.250000000000000000e+00 9.728573422007802038e-05
9.300000000000000711e+00 9.752713534672697974e-05
9.349999999999999645e+00 9.775756771206985183e-05
9.400000000000000355e+00 9.797697820663582244e-05
9.450000000000001066e+00 9.818531623517877274e-05
9.500000000000000000e+00 9.838253371667737422e-05
9.550000000000000711e+00 9.856858508433511573e-05
9.600000000000001421e+00 9.874342728558019506e-05
9.650000000000000355e+00 9.890701983995280771e-05
9.700000000000001066e+00 9.905932516003447866e-05
9.750000000000000000e+00 9.920030807858743372e-05
9.800000000000000711e+00 9.932993602028851021e-05
9.850000000000001421e+00 9.944817905476625375e-05
9.900000000000000355e+00 9.955500989660091826e-05
9.950000000000001066e+00 9.965040390532450658e-05
1.000000000000000000e+01 9.973433908542067561e-05
1.005000000000000071e+01 9.980679608632487187e-05
1.010000000000000142e+01 9.986775820242422305e-05
1.015000000000000036e+01 9.991721137305756512e-05
1.020000000000000107e+01 9.995514418251545588e-05
1.025000000000000000e+01 9.998154786004020207e-05
1.030000000000000071e+01 9.999641628302365949e-05
1.035000000000000142e+01 9.999974602079424201e-05
1.040000000000000036e+01 9.999153632781885204e-05
1.045000000000000107e+01 9.997178911304200894e-05
1.050000000000000000e+01 9.994050893917659115e-05
1.055000000000000071e+01 9.989770302270374125e-05
1.060000000000000142e+01 9.984338123387292020e-05
1.065000000000000036e+01 9.977755609670188022e-05
1.070000000000000107e+01 9.970024278897666483e-05
1.075000000000000000e+01 9.961145914225162234e-05
1.080000000000000071e+01 9.951122564184939235e-05
1.085000000000000142e+01 9.939956542686093283e-05
1.090000000000000036e+01 9.927650429014546593e-05
1.095000000000000107e+01 9.914207059725432738e-05
1.100000000000000000e+01 9.899629532399904612e-05
1.105000000000000071e+01 9.883921219917876763e-05
1.110000000000000142e+01 9.867085752019842009e-05
1.115000000000000036e+01 9.849127014980110523e-05
1.120000000000000107e+01 9.830049151606803058e-05
1.125000000000000000e+01 9.809856561241863141e-05
1.130000000000000071e+01 9.788553899761043525e-05
1.135000000000000142e+01 9.766146079573919737e-05
1.140000000000000036e+01 9.742638269623880593e-05
1.145000000000000107e+01 9.718035895388125490e-05
1.150000000000000000e+01 9.692344638877679311e-05
1.155000000000000071e+01 9.665570429325361567e-05
1.160000000000000142e+01 9.637719421447887922e-05
1.165000000000000036e+01 9.608798061790904850e-05
1.170000000000000107e+01 9.578813040753881051e-05
1.175000000000000000e+01 9.547771285902309350e-05
1.180000000000000071e+01 9.515679961967699919e-05
1.185000000000000142e+01 9.482546470847580281e-05
1.190000000000000036e+01 9.448378451605499368e-05
1.195000000000000107e+01 9.413183780471022109e-05
1.200000000000000000e+01 9.376970570839736200e-05
1.205000000000000071e+01 9.339747173273245330e-05
1.210000000000000142e+01 9.301522175499170536e-05
1.215000000000000036e+01 9.262304402411158336e-05
1.220000000000000107e+01 9.222102916068865817e-05
1.225000000000000000e+01 9.180927000232499697e-05
1.230000000000000071e+01 9.138786104091036280e-05
1.235000000000000142e+01 9.095689983280744271e-05
1.240000000000000036e+01 9.051648614653493279e-05
1.245000000000000107e+01 9.006672179440124073e-05
1.250000000000000000e+01 8.960771063250452643e-05
1.255000000000000071e+01 8.913955856073260719e-05
1.260000000000000142e+01 8.866237352276309317e-05
1.265000000000000036e+01 8.817626550606326549e-05
1.270000000000000107e+01 8.768134654189013038e-05
1.275000000000000000e+01 8.717773070529041921e-05
1.280000000000000071e+01 8.666553411510056137e-05
1.285000000000000142e+01 8.614487493394672494e-05
1.290000000000000036e+01 8.561587336824483024e-05
1.295000000000000107e+01 8.507865166820040076e-05
1.300000000000000000e+01 8.453333410956615683e-05
1.305000000000000071e+01 8.398004580880763991e-05
1.310000000000000142e+01 8.341891441089969441e-05
1.315000000000000036e+01 8.285006997735098891e-05
1.320000000000000107e+01 8.227364414527856950e-05
1.325000000000000000e+01 8.168977012740798172e-05
1.330000000000000071e+01 8.109858271207308084e-05
1.335000000000000142e+01 8.050021826321620807e-05
1.340000000000000036e+01 7.989481472038810917e-05
1.345000000000000107e+01 7.928251159874792099e-05
1.350000000000000000e+01 7.866344998906321206e-05
1.355000000000000071e+01 7.803777255770991486e-05
1.360000000000000142e+01 7.740562354667244777e-05
1.365000000000000036e+01 7.676714877354362022e-05
1.370000000000000107e+01 7.612249563152459204e-05
1.375000000000000000e+01 7.547181308942504962e-05
1.380000000000000071e+01 7.481525169166296197e-05
1.385000000000000142e+01 7.415296285753867223e-05
1.390000000000000036e+01 7.348509828428620547e-05
1.395000000000000107e+01 7.281181284900558454e-05
1.400000000000000000e+01 7.213326254507742999e-05
1.405000000000000071e+01 7.144960434448942321e-05
1.410000000000000142e+01 7.076099619783641484e-05
1.415000000000000036e+01 7.006759703432043833e-05
1.420000000000000107e+01 6.936956676175057442e-05
1.425000000000000000e+01 6.866706626654316798e-05
1.430000000000000071e+01 6.796025741372158405e-05
1.435000000000000142e+01 6.724930304691642470e-05
1.440000000000000036e+01 6.653436698836540705e-05
1.445000000000000107e+01 6.581561403891333613e-05
1.450000000000000000e+01 6.509320997801225405e-05
1.455000000000000071e+01 6.436732156372126370e-05
1.460000000000000142e+01 6.363811653270665082e-05
1.465000000000000036e+01 6.290576360024185683e-05
1.470000000000000107e+01 6.217043223981655331e-05
1.475000000000000000e+01 6.143229047963159049e-05
1.480000000000000071e+01 6.069150902173049255e-05
1.485000000000000142e+01 5.994825968858430562e-05
1.490000000000000036e+01 5.920271458548437889e-05
1.495000000000000107e+01 5.845504610054228336e-05
1.500000000000000000e+01 5.770542690469002183e-05
1.505000000000000071e+01 5.695402995167977826e-05
1.510000000000000142e+01 5.620102847808414133e-05
1.515000000000000036e+01 5.544659600329598248e-05
1.520000000000000107e+01 5.469090632952841526e-05
1.525000000000000000e+01 5.393413354181496473e-05
1.530000000000000071e+01 5.317645200800936420e-05
1.535000000000000142e+01 5.241803637878571101e-05
1.540000000000000036e+01 5.165906158763843275e-05
1.545000000000000107e+01 5.089970285088216519e-05
1.550000000000000000e+01 5.014013566765197598e-05
1.555000000000000071e+01 4.938053581990311386e-05
1.560000000000000142e+01 4.862107929870059566e-05
1.565000000000000036e+01 4.786193968853726360e-05
1.570000000000000107e+01 4.710329205270290996e-05
1.575000000000000000e+01 4.634531248509970362e-05
1.580000000000000071e+01 4.558817661646968390e-05
1.585000000000000142e+01 4.483205961439491640e-05
1.590000000000000036e+01 4.407713618329745241e-05
1.595000000000000107e+01 4.332358056443919329e-05
1.600000000000000000e+01 4.257156653592214128e-05
1.605000000000000071e+01 4.182126741268812838e-05
1.610000000000000142e+01 4.107285604651906034e-05
1.615000000000000213e+01 4.032650482603673369e-05
1.619999999999999929e+01 3.958238567670300514e-05
1.625000000000000000e+01 3.884067006081951375e-05
1.630000000000000071e+01 3.810152897752801975e-05
1.635000000000000142e+01 3.736513296281018093e-05
1.640000000000000213e+01 3.663165208948765427e-05
1.644999999999999929e+01 3.590125596722206885e-05
1.650000000000000000e+01 3.517411374251489030e-05
1.655000000000000071e+01 3.445039384543352429e-05
1.660000000000000142e+01 3.373026128505846017e-05
1.665000000000000213e+01 3.301388253416098236e-05
1.669999999999999929e+01 3.230142387629464064e-05
1.675000000000000000e+01 3.159305040041772661e-05
1.680000000000000071e+01 3.088892600089358532e-05
1.685000000000000142e+01 3.018921337749042559e-05
1.690000000000000213e+01 2.949407403538133695e-05
1.694999999999999929e+01 2.880366828514436753e-05
1.700000000000000000e+01 2.811815524276231742e-05
1.705000000000000071e+01 2.743769282962303682e-05
1.710000000000000142e+01 2.676243777251922272e-05
1.715000000000000213e+01 2.609254560364847656e-05
1.719999999999999929e+01 2.542817066061334142e-05
1.725000000000000000e+01 2.476946608642112931e-05
1.730000000000000071e+01 2.411658382948418197e-05
1.735000000000000142e+01 2.346967464361970494e-05
1.740000000000000213e+01 2.282888808804979459e-05
1.744999999999999929e+01 2.219437252740149577e-05
1.750000000000000000e+01 2.156627513170663235e-05
1.755000000000000071e+01 2.094473998937728762e-05
1.760000000000000142e+01 2.032990953699117829e-05
1.765000000000000213e+01 1.972192658826316838e-05
1.769999999999999929e+01 1.912093212146395480e-05
1.775000000000000000e+01 1.852706527713407787e-05
1.780000000000000071e+01 1.794046335808416529e-05
1.785000000000000142e+01 1.736126182939475593e-05
1.790000000000000213e+01 1.678959431841635404e-05
1.794999999999999929e+01 1.622559261476946995e-05
1.800000000000000000e+01 1.566938667034444721e-05
1.805000000000000071e+01 1.512110459930171336e-05
1.810000000000000142e+01 1.458087267807161390e-05
1.815000000000000213e+01 1.404881534535446649e-05
1.819999999999999929e+01 1.352505520212056945e-05
1.825000000000000000e+01 1.300971301161008820e-05
1.830000000000000071e+01 1.250290769933324335e-05
1.835000000000000142e+01 1.200475635307019552e-05
1.840000000000000213e+01 1.151537422287105373e-05
1.844999999999999929e+01 1.103487472105592800e-05
1.850000000000000000e+01 1.056336927613815307e-05
1.855000000000000071e+01 1.010096539505217160e-05
1.860000000000000142e+01 9.647769848391648636e-06
1.865000000000000213e+01 9.203887810858681895e-06
1.869999999999999929e+01 8.769422133987653950e-06
1.875000000000000000e+01 8.344473346145118750e-06
1.880000000000000071e+01 7.929139652529974410e-06
1.885000000000000142e+01 7.523516935173354787e-06
1.890000000000000213e+01 7.127698752938648122e-06
1.894999999999999929e+01 6.741776341521531762e-06
1.900000000000000000e+01 6.365838613449854424e-06
1.905000000000000071e+01 5.999972158083811533e-06
1.910000000000000142e+01 5.644261241615826636e-06
1.915000000000000213e+01 5.298787807070587823e-06
1.920000000000000284e+01 4.963631474305032484e-06
1.925000000000000000e+01 4.638869540008387961e-06
1.930000000000000071e+01 4.324576977702067370e-06
1.935000000000000142e+01 4.020826437739811896e-06
1.940000000000000213e+01 3.727688247307601858e-06
1.945000000000000284e+01 3.445230410423673650e-06
1.950000000000000000e+01 3.173518242529398219e-06
1.955000000000000071e+01 2.912613720387698072e-06
1.960000000000000142e+01 2.662577297805132608e-06
1.965000000000000213e+01 2.423466923892498437e-06
1.970000000000000284e+01 2.195337945960918088e-06
1.975000000000000000e+01 1.978243109521853994e-06
1.980000000000000071e+01 1.772232558287046227e-06
1.985000000000000142e+01 1.577353834168608219e-06
1.990000000000000213e+01 1.393651877278961958e-06
1.995000000000000284e+01 1.221169025930853666e-06
2.000000000000000000e+01 1.059945016637367343e-06
2.005000000000000071e+01 9.100169841118764923e-07
2.010000000000000142e+01 7.714194612681139976e-07
2.015000000000000213e+01 6.441843792201280785e-07
2.020000000000000284e+01 5.283410672822903370e-07
2.025000000000000000e+01 4.239162529693038042e-07
2.030000000000000071e+01 3.309340619961771059e-07
2.035000000000000142e+01 2.494160182782638498e-07
2.040000000000000213e+01 1.793810439312359438e-07
2.045000000000000284e+01 1.208454511847025645e-07
2.050000000000000000e+01 7.382272297862644681e-08
2.055000000000000071e+01 3.832363369964496444e-08
2.060000000000000142e+01 1.435634244640359120e-08
2.065000000000000213e+01 1.926353898134018340e-09
2.070000000000000284e+01 1.036518314657873647e-09
2.075000000000000000e+01 1.168703153638549054e-08
2.080000000000000071e+01 3.387543498431989180e-08
2.085000000000000142e+01 6.759661566005198529e-08
2.090000000000000213e+01 1.128428061457632374e-07
2.095000000000000284e+01 1.696035846042247996e-07
2.100000000000000000e+01 2.378658747787926247e-07
2.105000000000000071e+01 3.176139459934272530e-07
2.110000000000000142e+01 4.088294131526655427e-07
2.115000000000000213e+01 5.114912367416385102e-07
2.120000000000000284e+01 6.255757228260665659e-07
2.125000000000000000e+01 7.510565230522513880e-07
2.130000000000000071e+01 8.879046346471118682e-07
2.135000000000000142e+01 1.036088400418129743e-06
2.140000000000000213e+01 1.195573559687264055e-06
2.145000000000000284e+01 1.366323826193894501e-06
2.150000000000000000e+01 1.548299662742998990e-06
2.155000000000000071e+01 1.741458764765814234e-06
2.160000000000000142e+01 1.945756339114458062e-06
2.165000000000000213e+01 2.161145104061982139e-06
2.170000000000000284e+01 2.387575289302357152e-06
2.175000000000000000e+01 2.624994635950457769e-06
2.180000000000000071e+01 2.873348396542130616e-06
2.185000000000000142e+01 3.132579335034090938e-06
2.190000000000000213e+01 3.402627726803992059e-06
2.195000000000000284e+01 3.683431358650406741e-06
2.200000000000000000e+01 3.974925528792807707e-06
2.205000000000000071e+01 4.277043046871649803e-06
2.210000000000000142e+01 4.589714233948248023e-06
2.215000000000000213e+01 4.912866922504855436e-06
2.220000000000000284e+01 5.246426456444647945e-06
2.225000000000000000e+01 5.590315691091695478e-06
2.230000000000000071e+01 5.944454993191062795e-06
2.235000000000000142e+01 6.308762697122350683e-06
2.240000000000000213e+01 6.683155752108809243e-06
2.245000000000000284e+01 7.067547196311123870e-06
2.250000000000000000e+01 7.461847787659099302e-06
2.255000000000000071e+01 7.865966165798268973e-06
2.260000000000000142e+01 8.279808852089718830e-06
2.265000000000000213e+01 8.703280249610208458e-06
2.270000000000000284e+01 9.136282643152130421e-06
2.275000000000000000e+01 9.578716199223493325e-06
2.280000000000000071e+01 1.003047896604803870e-05
2.285000000000000142e+01 1.049146687356505129e-05
2.290000000000000213e+01 1.096157373342949114e-05
2.295000000000000284e+01 1.144069123901195808e-05
2.300000000000000000e+01 1.192870896539865949e-05
2.305000000000000071e+01 1.242551436939154247e-05
2.310000000000000142e+01 1.293099278950809392e-05
2.315000000000000213e+01 1.344502744598147608e-05
2.320000000000000284e+01 1.396749944076049432e-05
2.325000000000000000e+01 1.449828775750954465e-05
2.330000000000000071e+01 1.503726972923158367e-05
2.335000000000000142e+01 1.558432267185324487e-05
2.340000000000000213e+01 1.613931970418846918e-05
2.345000000000000284e+01 1.670213194527212869e-05
2.350000000000000000e+01 1.727262895354253044e-05
2.355000000000000071e+01 1.785067872684158245e-05
2.360000000000000142e+01 1.843614770241454979e-05
2.365000000000000213e+01 1.902890075691021041e-05
2.370000000000000284e+01 1.962880120638083145e-05
2.375000000000000000e+01 2.023571080628209468e-05
2.380000000000000071e+01 2.084948975147330656e-05
2.385000000000000142e+01 2.146999667621711367e-05
2.390000000000000213e+01 2.209708865417968563e-05
2.395000000000000284e+01 2.273062119843066768e-05
2.400000000000000000e+01 2.337044826144313666e-05
2.405000000000000071e+01 2.401642223509378732e-05
2.410000000000000142e+01 2.466839395066264772e-05
2.415000000000000213e+01 2.532621267883327916e-05
2.420000000000000284e+01 2.598972612969270839e-05
2.425000000000000000e+01 2.665878045273140391e-05
2.430000000000000071e+01 2.733322246740146541e-05
2.435000000000000142e+01 2.801289752433091358e-05
2.440000000000000213e+01 2.869764761816361124e-05
2.445000000000000284e+01 2.938731388715594715e-05
2.450000000000000000e+01 3.008173661341105075e-05
2.455000000000000071e+01 3.078075522287898526e-05
2.460000000000000142e+01 3.148420828535646314e-05
2.465000000000000213e+01 3.219193351448702221e-05
2.470000000000000284e+01 3.290376776776099518e-05
2.475000000000000000e+01 3.361954704651546564e-05
2.480000000000000071e+01 3.433910649593443061e-05
2.485000000000000142e+01 3.506228040504854313e-05
2.490000000000000213e+01 3.578890220673530193e-05
2.495000000000000284e+01 3.651880447771898371e-05
2.500000000000000000e+01 3.725181893857059566e-05
2.505000000000000071e+01 3.798777645370810592e-05
2.510000000000000142e+01 3.872650703139609793e-05
2.515000000000000213e+01 3.946783982374601438e-05
2.520000000000000284e+01 4.021160312671608273e-05
2.525000000000000000e+01 4.095762445913057832e-05
2.530000000000000071e+01 4.170573371951288898e-05
2.535000000000000142e+01 4.245575856121853797e-05
2.540000000000000213e+01 4.320752472458044499e-05
2.545000000000000284e+01 4.396085788104725294e-05
2.550000000000000000e+01 4.471558363318326693e-05
2.555000000000000071e+01 4.547152751466867788e-05
2.560000000000000142e+01 4.622851499029921693e-05
2.565000000000000213e+01 4.698637145598641299e-05
2.570000000000000284e+01 4.774492223875748424e-05
2.575000000000000000e+01 4.850399259675533141e-05
2.580000000000000071e+01 4.926340771923873427e-05
2.585000000000000142e+01 5.002299272658202638e-05
2.590000000000000213e+01 5.078257267027529837e-05
2.595000000000000284e+01 5.154197253292438439e-05
2.600000000000000000e+01 5.230101722825076724e-05
2.605000000000000071e+01 5.305953160109180876e-05
2.610000000000000142e+01 5.381734042740043814e-05
2.615000000000000213e+01 5.457426841424534164e-05
2.620000000000000284e+01 5.533014019981093547e-05
2.625000000000000000e+01 5.608478057243817508e-05
2.630000000000000071e+01 5.683801764307212318e-05
2.635000000000000142e+01 5.758967747481893393e-05
2.640000000000000213e+01 5.833958554452305692e-05
2.645000000000000284e+01 5.908756804915781360e-05
2.650000000000000000e+01 5.983345190582534313e-05
2.655000000000000071e+01 6.057706475175683952e-05
2.660000000000000142e+01 6.131823494431221284e-05
2.665000000000000213e+01 6.205679156098028570e-05
2.670000000000000284e+01 6.279256439937880004e-05
2.675000000000000000e+01 6.352538397725430194e-05
2.680000000000000071e+01 6.425508153248234492e-05
2.685000000000000142e+01 6.498148902306727305e-05
2.690000000000000213e+01 6.570443912714228878e-05
2.695000000000000284e+01 6.642376524296954776e-05
2.700000000000000000e+01 6.713930148893996910e-05
2.705000000000000071e+01 6.785088270357354713e-05
2.710000000000000142e+01 6.855834444551898543e-05
2.715000000000000213e+01 6.926152299355391368e-05
2.720000000000000284e+01 6.996025534658484703e-05
2.725000000000000000e+01 7.065438024789105396e-05
2.730000000000000071e+01 7.134373937424883546e-05
2.735000000000000142e+01 7.202817281024556032e-05
2.740000000000000213e+01 7.270752185668872864e-05
2.745000000000000284e+01 7.338162924346207177e-05
2.750000000000000000e+01 7.405033912952552525e-05
2.755000000000000071e+01 7.471349710291536430e-05
2.760000000000000142e+01 7.537095018074400053e-05
2.765000000000000213e+01 7.602254680920011748e-05
2.770000000000000284e+01 7.666813686354860286e-05
2.775000000000000000e+01 7.730757164813056208e-05
2.780000000000000071e+01 7.794070389636348090e-05
2.785000000000000142e+01 7.856738777074090017e-05
2.790000000000000213e+01 7.918747886283270042e-05
2.795000000000000284e+01 7.980083419328495278e-05
2.800000000000000000e+01 8.040731221181991902e-05
2.805000000000000071e+01 8.100677279723626832e-05
2.810000000000000142e+01 8.159907725740873853e-05
2.815000000000000213e+01 8.218408832928832586e-05
2.820000000000000284e+01 8.276167099830452950e-05
2.825000000000000000e+01 8.333169326602678521e-05
2.830000000000000071e+01 8.389402298014115298e-05
2.835000000000000142e+01 8.444852985853415267e-05
2.840000000000000213e+01 8.499508561471568369e-05
2.845000000000000284e+01 8.553356395781903856e-05
2.850000000000000000e+01 8.606384059260080801e-05
2.855000000000000071e+01 8.658579321944104366e-05
2.860000000000000142e+01 8.709930153434305468e-05
2.865000000000000213e+01 8.760424722893357045e-05
2.870000000000000284e+01 8.810051399046261859e-05
2.875000000000000000e+01 8.858798750180361980e-05
2.880000000000000071e+01 8.906655544145340145e-05
2.885000000000000142e+01 8.953610748353208913e-05
2.890000000000000213e+01 8.999653529778316088e-05
2.895000000000000284e+01 9.044773254957348782e-05
2.900000000000000000e+01 9.088959489989323934e-05
2.905000000000000071e+01 9.132202000535605919e-05
2.910000000000000142e+01 9.174490794989348646e-05
2.915000000000000213e+01 9.215816194313448788e-05
2.920000000000000284e+01 9.256168628544313062e-05
2.925000000000000000e+01 9.295538755731965830e-05
2.930000000000000071e+01 9.333917472712109967e-05
2.935000000000000142e+01 9.371295915106124151e-05
2.940000000000000213e+01 9.407665457321064215e-05
2.945000000000000284e+01 9.443017712549667221e-05
2.950000000000000000e+01 9.477344532770344673e-05
2.955000000000000071e+01 9.510638008747196079e-05
2.960000000000000142e+01 9.542890470029987261e-05
2.965000000000000213e+01 9.574094484954170686e-05
2.970000000000000284e+01 9.604242860640871914e-05
2.975000000000000000e+01 9.633328642996895016e-05
2.980000000000000071e+01 9.661345116714730710e-05
2.985000000000000142e+01 9.688285805272540095e-05
2.990000000000000213e+01 9.714144470934161428e-05
2.995000000000000284e+01 9.738915136727862762e-05
3.000000000000000000e+01 9.762592116098567992e-05
3.005000000000000071e+01 9.785169933843535569e-05
3.010000000000000142e+01 9.806643371417050035e-05
3.015000000000000213e+01 9.827007469834040125e-05
3.020000000000000284e+01 9.846257529670078763e-05
3.025000000000000000e+01 9.864389111061378998e-05
3.030000000000000071e+01 9.881398033704804848e-05
3.035000000000000142e+01 9.897280376857853679e-05
3.040000000000000213e+01 9.912032479338673825e-05
3.045000000000000284e+01 9.925650939526053744e-05
3.050000000000000000e+01 9.938132615359426087e-05
3.055000000000000071e+01 9.949474624338866340e-05
3.060000000000000142e+01 9.959674343525094179e-05
3.065000000000000213e+01 9.968729415411439255e-05
3.070000000000000284e+01 9.976637755781223743e-05
3.075000000000000000e+01 9.983397538075819443e-05
3.080000000000000071e+01 9.989007201507195963e-05
3.085000000000000142e+01 9.993465451408348405e-05
3.090000000000000213e+01 9.996771259233291950e-05
3.095000000000000284e+01 9.998923862557067277e-05
3.100000000000000000e+01 9.999922765075741919e-05
3.105000000000000071e+01 9.999767736606402131e-05
3.110000000000000142e+01 9.998458813087161021e-05
3.115000000000000213e+01 9.995996296577157195e-05
3.120000000000000284e+01 9.992380755121890073e-05
3.125000000000000000e+01 9.987613019572322498e-05
3.130000000000000071e+01 9.981694192232474562e-05
3.135000000000000142e+01 9.974625642118441953e-05
3.140000000000000213e+01 9.966409001701586809e-05
3.145000000000000284e+01 9.957046166908544490e-05
3.150000000000000000e+01 9.946539297121223576e-05
3.155000000000000071e+01 9.934890815176800451e-05
3.160000000000000142e+01 9.922103407367724719e-05
3.165000000000000213e+01 9.908180023441715142e-05
3.170000000000000284e+01 9.893123876601765058e-05
3.175000000000000000e+01 9.876938443506136963e-05
3.180000000000000071e+01 9.859627458699942164e-05
3.185000000000000142e+01 9.841194905515509195e-05
3.190000000000000213e+01 9.821645049203380949e-05
3.195000000000000284e+01 9.800982409730011496e-05
3.200000000000000000e+01 9.779211758786136518e-05
3.205000000000000426e+01 9.756338119786770596e-05
3.210000000000000142e+01 9.732366767871219407e-05
3.214999999999999858e+01 9.707303229903063463e-05
3.220000000000000284e+01 9.681153284470163530e-05
3.225000000000000000e+01 9.653922961884672826e-05
3.230000000000000426e+01 9.625618544183013982e-05
3.235000000000000142e+01 9.596246565125906148e-05
3.239999999999999858e+01 9.565813810198339241e-05
3.245000000000000284e+01 9.534327299051217918e-05
3.250000000000000000e+01 9.501794270082079515e-05
3.255000000000000426e+01 9.468222257054977173e-05
3.260000000000000142e+01 9.433619026560097621e-05
3.264999999999999858e+01 9.397992573447609850e-05
3.270000000000000284e+01 9.361351120827686792e-05
3.275000000000000000e+01 9.323703120070512098e-05
3.280000000000000426e+01 9.285057250806251679e-05
3.285000000000000142e+01 9.245422420925091650e-05
3.289999999999999858e+01 9.204807766577201744e-05
3.295000000000000284e+01 9.163222652172751568e-05
3.300000000000000000e+01 9.120676670381926870e-05
3.305000000000000426e+01 9.077179642134891591e-05
3.310000000000000142e+01 9.032741616621831234e-05
3.314999999999999858e+01 8.987372869248185512e-05
3.320000000000000284e+01 8.941083814502938625e-05
3.325000000000000000e+01 8.893885138715209812e-05
3.330000000000000426e+01 8.845787776628817221e-05
3.335000000000000142e+01 8.796802853984046235e-05
3.339999999999999858e+01 8.746941687517589836e-05
3.345000000000000284e+01 8.696215784962577067e-05
3.350000000000000000e+01 8.644636845048592005e-05
3.355000000000000426e+01 8.592216757501622260e-05
3.360000000000000142e+01 8.538967603044118611e-05
3.364999999999999858e+01 8.484901653394943499e-05
3.370000000000000284e+01 8.430031371269394074e-05
3.375000000000000000e+01 8.374369410379222517e-05
3.380000000000000426e+01 8.317928615432581836e-05
3.385000000000000142e+01 8.260722022134092267e-05
3.389999999999999858e+01 8.202762857184785715e-05
3.395000000000000284e+01 8.144064516138283330e-05
3.400000000000000000e+01 8.084640441455374351e-05
3.405000000000000426e+01 8.024504388256743553e-05
3.410000000000000142e+01 7.963670290409423131e-05
3.414999999999999858e+01 7.902152221651603011e-05
3.420000000000000284e+01 7.839964395592648476e-05
3.425000000000000000e+01 7.777121165713134037e-05
3.430000000000000426e+01 7.713637025364777032e-05
3.435000000000000142e+01 7.649526607770506745e-05
3.439999999999999858e+01 7.584804686024408833e-05
3.445000000000000284e+01 7.519486173091747020e-05
3.450000000000000000e+01 7.453586121808990195e-05
3.455000000000000426e+01 7.387119724883751428e-05
3.460000000000000142e+01 7.320102314894858441e-05
3.464999999999999858e+01 7.252549364292293983e-05
3.470000000000000284e+01 7.184476485397214797e-05
3.475000000000000000e+01 7.115899430401989567e-05
3.480000000000000426e+01 7.046834014864535142e-05
3.485000000000000142e+01 6.977296051142162898e-05
3.489999999999999858e+01 6.907301667172817395e-05
3.495000000000000284e+01 6.836867082576974987e-05
3.500000000000000000e+01 6.766008593589895341e-05
3.505000000000000426e+01 6.694742573061552313e-05
3.510000000000000142e+01 6.623085470456708493e-05
3.514999999999999858e+01 6.551053811854852863e-05
3.520000000000000284e+01 6.478664199950223831e-05
3.525000000000000000e+01 6.405933314051843119e-05
3.530000000000000426e+01 6.332877910083445285e-05
3.535000000000000142e+01 6.259514820583557686e-05
3.539999999999999858e+01 6.185860954705427292e-05
3.545000000000000284e+01 6.111933298217055925e-05
3.550000000000000000e+01 6.037748913501226683e-05
3.555000000000000426e+01 5.963324939555435505e-05
3.560000000000000142e+01 5.888678591991971801e-05
3.564999999999999858e+01 5.813827161896333533e-05
3.570000000000000284e+01 5.738787796820175944e-05
3.575000000000000000e+01 5.663577769483936952e-05
3.580000000000000426e+01 5.588214535884943962e-05
3.585000000000000142e+01 5.512715556848887973e-05
3.589999999999999858e+01 5.437098298029747681e-05
3.595000000000000284e+01 5.361380229909824043e-05
3.600000000000000000e+01 5.285578827799768733e-05
3.605000000000000426e+01 5.209711571838513669e-05
3.610000000000000142e+01 5.133795946993350976e-05
3.614999999999999858e+01 5.057849443059863866e-05
3.620000000000000284e+01 4.981889554661956453e-05
3.625000000000000000e+01 4.905933781251883570e-05
3.630000000000000426e+01 4.829999627110178261e-05
3.635000000000000142e+01 4.754104601345739199e-05
3.639999999999999858e+01 4.678266217895750721e-05
3.645000000000000284e+01 4.602501995525719422e-05
3.650000000000000000e+01 4.526829457829505327e-05
3.655000000000000426e+01 4.451266133229243285e-05
3.660000000000000142e+01 4.375829452840772907e-05
3.664999999999999858e+01 4.300536640037064132e-05
3.670000000000000284e+01 4.225405167780675397e-05
3.675000000000000000e+01 4.150452461436030937e-05
3.680000000000000426e+01 4.075695876295362582e-05
3.685000000000000142e+01 4.001152697578789716e-05
3.689999999999999858e+01 3.926840140434249480e-05
3.695000000000000284e+01 3.852775349937525234e-05
3.700000000000000000e+01 3.778975401092279760e-05
3.705000000000000426e+01 3.705457298829982759e-05
3.710000000000000142e+01 3.632237978009992835e-05
3.714999999999999858e+01 3.559334303419482291e-05
3.720000000000000284e+01 3.486763069773475066e-05
3.725000000000000000e+01 3.414541001714871811e-05
3.730000000000000426e+01 3.342684753814378738e-05
3.735000000000000142e+01 3.271210910570592325e-05
3.739999999999999858e+01 3.200135986409925450e-05
3.745000000000000284e+01 3.129476425686637890e-05
3.750000000000000000e+01 3.059248602682868164e-05
3.755000000000000426e+01 2.989468729708175755e-05
3.760000000000000142e+01 2.920152717196308604e-05
3.764999999999999858e+01 2.851316648756037423e-05
3.770000000000000284e+01 2.782976494275292591e-05
3.775000000000000000e+01 2.715148082422649142e-05
3.780000000000000426e+01 2.647847100647260702e-05
3.785000000000000142e+01 2.581089095178934023e-05
3.789999999999999858e+01 2.514889471028064274e-05
3.795000000000000284e+01 2.449263491985662143e-05
3.800000000000000000e+01 2.384226280623383653e-05
3.805000000000000426e+01 2.319792818293462061e-05
3.810000000000000142e+01 2.255977945128784771e-05
3.814999999999999858e+01 2.192796360042827600e-05
3.820000000000000284e+01 2.130262620729682561e-05
3.825000000000000000e+01 2.068391143664084295e-05
3.830000000000000426e+01 2.007196204101348064e-05
3.835000000000000142e+01 1.946691936077441242e-05
3.840000000000000568e+01 1.886892332408911485e-05
3.845000000000000284e+01 1.827811244692957208e-05
3.850000000000000000e+01 1.769462378630717105e-05
3.855000000000000426e+01 1.711859062584771658e-05
3.860000000000000142e+01 1.655014559882985657e-05
3.865000000000000568e+01 1.598942069338822586e-05
3.870000000000000284e+01 1.543654588560958911e-05
3.875000000000000000e+01 1.489164913953225975e-05
3.880000000000000426e+01 1.435485640714634562e-05
3.885000000000000142e+01 1.382629162839397937e-05
3.890000000000000568e+01 1.330607673116878311e-05
3.895000000000000284e+01 1.279433163131647662e-05
3.900000000000000000e+01 1.229117423263434029e-05
3.905000000000000426e+01 1.179672042687146587e-05
3.910000000000000142e+01 1.131108409372893941e-05
3.915000000000000568e+01 1.083437710085936355e-05
3.920000000000000284e+01 1.036670930386741316e-05
3.925000000000000000e+01 9.908188546309344073e-06
3.930000000000000426e+01 9.458920659693220083e-06
3.935000000000000142e+01 9.019009463479085736e-06
3.940000000000000568e+01 8.588556765078525881e-06
3.945000000000000284e+01 8.167662359855168801e-06
3.950000000000000000e+01 7.756423739514373256e-06
3.955000000000000426e+01 7.354934600678984814e-06
3.960000000000000142e+01 6.963287861444720893e-06
3.965000000000000568e+01 6.581574372640327695e-06
3.970000000000000284e+01 6.209882549370356420e-06
3.975000000000000000e+01 5.848298371014788876e-06
3.980000000000000426e+01 5.496905381229197566e-06
3.985000000000000142e+01 5.155784687944896464e-06
3.990000000000000568e+01 4.825014963368589493e-06
3.995000000000000284e+01 4.504672443982761008e-06
4.000000000000000000e+01 4.194830930545343761e-06
4.005000000000000426e+01 3.895561788089865435e-06
4.010000000000000142e+01 3.606933945925568078e-06
4.015000000000000568e+01 3.329013897637116720e-06
4.020000000000000284e+01 3.061865701084929721e-06
4.025000000000000000e+01 2.805550978404886540e-06
4.030000000000000426e+01 2.560128916008471733e-06
4.035000000000000142e+01 2.325656264582857964e-06
4.040000000000000568e+01 2.102187339090670524e-06
4.045000000000000284e+01 1.889774018770254153e-06
4.050000000000000000e+01 1.688465265784518429e-06
4.055000000000000426e+01 1.498307120354395736e-06
4.060000000000000142e+01 1.319343660506154486e-06
4.065000000000000568e+01 1.151616330423165232e-06
4.070000000000000284e+01 9.951639311888870150e-07
4.075000000000000000e+01 8.500226207866932968e-07
4.080000000000000426e+01 7.162259140999528553e-07
4.085000000000000142e+01 5.938046829120780634e-07
4.090000000000000568e+01 4.827871559063980458e-07
4.095000000000000284e+01 3.831989186662948398e-07
4.100000000000000000e+01 2.950629136750911636e-07
4.105000000000000426e+01 2.183994403161050498e-07
4.110000000000000142e+01 1.532261548726741975e-07
4.115000000000000568e+01 9.955807052808291563e-08
4.120000000000000284e+01 5.740755736563962689e-08
4.125000000000000000e+01 2.678434236861524566e-08
4.130000000000000426e+01 7.695509420276636011e-09
4.135000000000000142e+01 1.454993038857646260e-10
4.140000000000000568e+01 4.136109702685724762e-09
4.145000000000000284e+01 1.966652587004001396e-08
4.150000000000000000e+01 4.673326331872056488e-08
4.155000000000000426e+01 8.532994641994367518e-08
4.160000000000000142e+01 1.354475549592970328e-07
4.165000000000000568e+01 1.970744440594671964e-07
4.170000000000000284e+01 2.701963441801825923e-07
4.175000000000000000e+01 3.547963611182706367e-07
4.180000000000000426e+01 4.508549760076392199e-07
4.185000000000000142e+01 5.583500453192275253e-07
4.190000000000000568e+01 6.772568008611068794e-07
4.195000000000000284e+01 8.075478497783571380e-07
4.200000000000000000e+01 9.491931745531827826e-07
4.205000000000000426e+01 1.102160133004867180e-06
4.210000000000000142e+01 1.266413458289701963e-06
4.215000000000000568e+01 1.441915258901142670e-06
4.220000000000000284e+01 1.628625018669621552e-06
4.225000000000000000e+01 1.826499596762718461e-06
4.230000000000000426e+01 2.035493227685094148e-06
4.235000000000000142e+01 2.255557521278390523e-06
4.240000000000000568e+01 2.486641929182588957e-06
4.245000000000000284e+01 2.728693613682660951e-06
4.250000000000000000e+01 2.981656277512687735e-06
4.255000000000000426e+01 3.245471204910187549e-06
4.260000000000000142e+01 3.520077287968183498e-06
4.265000000000000568e+01 3.805411026635471219e-06
4.270000000000000284e+01 4.101406528716308012e-06
4.275000000000000000e+01 4.407995509870688558e-06
4.280000000000000426e+01 4.725107293614235224e-06
4.285000000000000142e+01 5.052668811318051099e-06
4.290000000000000568e+01 5.390604602209044416e-06
4.295000000000000284e+01 5.738836813369549922e-06
4.300000000000000000e+01 6.097285199737669388e-06
4.305000000000000426e+01 6.465867124107127610e-06
4.310000000000000142e+01 6.844497557127111478e-06
4.315000000000000568e+01 7.233089077302634197e-06
4.320000000000000284e+01 7.631551870994117699e-06
4.325000000000000000e+01 8.039793732417764493e-06
4.330000000000000426e+01 8.457720063645401807e-06
4.335000000000000142e+01 8.885235182728901503e-06
4.340000000000000568e+01 9.322240948952635264e-06
4.345000000000000284e+01 9.768635763092812978e-06
4.350000000000000000e+01 1.022431606689531820e-05
4.355000000000000426e+01 1.068917634312579829e-05
4.360000000000000142e+01 1.116310911556947130e-05
4.365000000000000568e+01 1.164600494903158504e-05
4.370000000000000284e+01 1.213775244933688179e-05
4.375000000000000000e+01 1.263823826333007091e-05
4.380000000000000426e+01 1.314734707887563576e-05
4.385000000000000142e+01 1.366496162485760493e-05
4.390000000000000568e+01 1.419096267118006222e-05
4.395000000000000284e+01 1.472522902876656218e-05
4.400000000000000000e+01 1.526763754956064506e-05
4.405000000000000426e+01 1.581806312652562341e-05
4.410000000000000142e+01 1.637637869364434148e-05
4.415000000000000568e+01 1.694245522591971228e-05
4.420000000000000284e+01 1.751616173937411446e-05
4.425000000000000000e+01 1.809736529104990732e-05
4.430000000000000426e+01 1.868593203835790495e-05
4.435000000000000142e+01 1.928172774182753438e-05
4.440000000000000568e+01 1.988461395036039743e-05
4.445000000000000284e+01 2.049445072556730954e-05
4.450000000000000000e+01 2.111109678022188616e-05
4.455000000000000426e+01 2.173440947826027849e-05
4.460000000000000142e+01 2.236424483478091939e-05
4.465000000000000568e+01 2.300045751604513320e-05
4.470000000000000284e+01 2.364290083947641750e-05
4.475000000000000000e+01 2.429142677366109024e-05
4.480000000000000426e+01 2.494588593834800170e-05
4.485000000000000142e+01 2.560612760444827367e-05
4.490000000000000568e+01 2.627199969403592620e-05
4.495000000000000284e+01 2.694334878034715597e-05
4.500000000000000000e+01 2.762002008778096984e-05
4.505000000000000426e+01 2.830185749189892736e-05
4.510000000000000142e+01 2.898870351942482568e-05
4.515000000000000568e+01 2.968039934824539752e-05
4.520000000000000284e+01 3.037678480740952508e-05
4.525000000000000000e+01 3.107769840370872011e-05
4.530000000000000426e+01 3.178298011598698863e-05
4.535000000000000142e+01 3.249246771689225474e-05
4.540000000000000568e+01 3.320599631673250307e-05
4.545000000000000284e+01 3.392340041587507888e-05
4.550000000000000000e+01 3.464451390474735211e-05
4.555000000000000426e+01 3.536917006383645312e-05
4.560000000000000142e+01 3.609720156368893384e-05
4.565000000000000568e+01 3.682844046491151320e-05
4.570000000000000284e+01 3.756271821817022330e-05
4.575000000000000000e+01 3.829986566419116837e-05
4.580000000000000426e+01 3.903971303376019270e-05
4.585000000000000142e+01 3.978208994772254863e-05
4.590000000000000568e+01 4.052682541698368260e-05
4.595000000000000284e+01 4.127374784250834066e-05
4.600000000000000000e+01 4.202268501532133421e-05
4.605000000000000426e+01 4.277346411650721471e-05
4.610000000000000142e+01 4.352591171720997557e-05
4.615000000000000568e+01 4.427985377863374330e-05
4.620000000000000284e+01 4.503511565204200499e-05
4.625000000000000000e+01 4.579152222569724521e-05
4.630000000000000426e+01 4.654890117732432840e-05
4.635000000000000142e+01 4.730707778854416709e-05
4.640000000000000568e+01 4.806587594708777391e-05
4.645000000000000284e+01 4.882511972784112021e-05
4.650000000000000000e+01 4.958463339284586107e-05
4.655000000000000426e+01 5.034424139129905747e-05
4.660000000000000142e+01 5.110376835955279687e-05
4.665000000000000568e+01 5.186303912111500631e-05
4.670000000000000284e+01 5.262187868664853764e-05
4.675000000000000000e+01 5.338011225397196034e-05
4.680000000000000426e+01 5.413756520805922947e-05
4.685000000000000142e+01 5.489406312103932656e-05
4.690000000000000568e+01 5.564943175219707949e-05
4.695000000000000284e+01 5.640349704797224773e-05
4.700000000000000000e+01 5.715608514196028806e-05
4.705000000000000426e+01 5.790702235491205639e-05
4.710000000000000142e+01 5.865613519473346219e-05
4.715000000000000568e+01 5.940325035648618676e-05
4.720000000000000284e+01 6.014819472238691752e-05
4.725000000000000000e+01 6.089079576065931321e-05
4.730000000000000426e+01 6.163088440124022131e-05
4.735000000000000142e+01 6.236828943242702348e-05
4.740000000000000568e+01 6.310283970851293482e-05
4.745000000000000284e+01 6.383436504270430191e-05
4.750000000000000000e+01 6.456269620712130073e-05
4.755000000000000426e+01 6.528766493279766563e-05
4.760000000000000142e+01 6.600910390968035054e-05
4.765000000000000568e+01 6.672684678663024719e-05
4.770000000000000284e+01 6.744072817142139913e-05
4.775000000000000000e+01 6.815058363074166575e-05
4.780000000000000426e+01 6.885624969019246483e-05
4.785000000000000142e+01 6.955756383428842013e-05
4.790000000000000568e+01 7.025436450645812037e-05
4.795000000000000284e+01 7.094649110904329250e-05
4.800000000000000000e+01 7.163378400329946578e-05
4.805000000000000426e+01 7.231608450939574139e-05
4.810000000000000142e+01 7.299323490641445363e-05
4.815000000000000568e+01 7.366507843235183396e-05
4.820000000000000284e+01 7.433145928411731985e-05
4.825000000000000000e+01 7.499222448041924140e-05
4.830000000000000426e+01 7.564722254394058080e-05
4.835000000000000142e+01 7.629630145001145352e-05
4.840000000000000568e+01 7.693931079912847489e-05
4.845000000000000284e+01 7.757610181955303704e-05
4.850000000000000000e+01 7.820652736731200012e-05
4.855000000000000426e+01 7.883044192619733986e-05
4.860000000000000142e+01 7.944770160776597147e-05
4.865000000000000568e+01 8.005816415134030522e-05
4.870000000000000284e+01 8.066168892400754175e-05
4.875000000000000000e+01 8.125813692062034972e-05
4.880000000000000426e+01 8.184737076379651336e-05
4.885000000000000142e+01 8.242925470391875638e-05
4.890000000000000568e+01 8.300365461913527046e-05
4.895000000000000284e+01 8.357043801535911896e-05
4.900000000000000000e+01 8.412947402626873837e-05
4.905000000000000426e+01 8.468063341330774854e-05
4.910000000000000142e+01 8.522378856568465458e-05
4.915000000000000568e+01 8.575881359477550904e-05
4.920000000000000284e+01 8.628558611819251876e-05
4.925000000000000000e+01 8.680398459248553388e-05
4.930000000000000426e+01 8.731388886204265382e-05
4.935000000000000142e+01 8.781518091182993540e-05
4.940000000000000568e+01 8.830774486739194850e-05
4.945000000000000284e+01 8.879146699485113907e-05
4.950000000000000000e+01 8.926623570090834415e-05
4.955000000000000426e+01 8.973194153284260214e-05
4.960000000000000142e+01 9.018847717851093593e-05
4.965000000000000568e+01 9.063573746634880014e-05
4.970000000000000284e+01 9.107361936536959328e-05
4.975000000000000000e+01 9.150202198516510488e-05
4.980000000000000426e+01 9.192084657590525812e-05
4.985000000000000142e+01 9.232999652833804194e-05
4.990000000000000568e+01 9.272937737378983641e-05
4.995000000000000284e+01 9.311889678416496543e-05
5.000000000000000000e+01 9.349846457194614397e-05
5.005000000000000426e+01 9.386799292590470602e-05
5.010000000000000142e+01 9.422739724132318687e-05
5.015000000000000568e+01 9.457659437182036762e-05
5.020000000000000284e+01 9.491550348556809249e-05
5.025000000000000000e+01 9.524404622603864718e-05
5.030000000000000426e+01 9.556214671200456917e-05
5.035000000000000142e+01 9.586973153753855286e-05
5.040000000000000568e+01 9.616672977201377480e-05
5.045000000000000284e+01 9.645307296010348710e-05
5.050000000000000000e+01 9.672869512178134278e-05
5.055000000000000426e+01 9.699353275232131433e-05
5.060000000000000142e+01 9.724752482229747697e-05
5.065000000000000568e+01 9.749061277758440164e-05
5.070000000000000284e+01 9.772274053935674839e-05
5.075000000000000000e+01 9.794385450408959169e-05
5.080000000000000426e+01 9.815390354355824423e-05
5.085000000000000142e+01 9.835283900483843310e-05
5.090000000000000568e+01 9.854061502038771454e-05
5.095000000000000284e+01 9.871718838700198567e-05
5.100000000000000000e+01 9.888251827994458886e-05
5.105000000000000426e+01 9.903656650629823015e-05
5.110000000000000142e+01 9.917929750496480307e-05
5.115000000000000568e+01 9.931067834666567327e-05
5.120000000000000284e+01 9.943067873394138031e-05
5.125000000000000000e+01 9.953927100115190878e-05
5.130000000000000426e+01 9.963643011447651204e-05
5.135000000000000142e+01 9.972213367191373940e-05
5.140000000000000568e+01 9.979636190328149028e-05
5.145000000000000284e+01 9.985909767021698713e-05
5.150000000000000000e+01 9.991032646617676184e-05
5.155000000000000426e+01 9.995003643862490747e-05
5.160000000000000142e+01 9.997821844630075893e-05
5.165000000000000568e+01 9.999486599167992811e-05
5.170000000000000284e+01 9.999997523613018990e-05
5.175000000000000000e+01 9.999354500145480327e-05
5.180000000000000426e+01 9.997557676989249776e-05
5.185000000000000142e+01 9.994607468411747348e-05
5.190000000000000568e+01 9.990504554723944174e-05
5.195000000000000284e+01 9.985249882280357087e-05
5.200000000000000000e+01 9.978844663479052683e-05
5.205000000000000426e+01 9.971290376761641908e-05
5.210000000000000142e+01 9.962588766613290892e-05
5.215000000000000568e+01 9.952741838651248520e-05
5.220000000000000284e+01 9.941751862819744932e-05
5.225000000000000000e+01 9.929621381261611007e-05
5.230000000000000426e+01 9.916353196295820674e-05
5.235000000000000142e+01 9.901950370215527092e-05
5.240000000000000568e+01 9.886416225288045031e-05
5.245000000000000284e+01 9.869754343754869844e-05
5.250000000000000000e+01 9.851968567831657139e-05
5.255000000000000426e+01 9.833062999708237686e-05
5.260000000000000142e+01 9.813042001548617419e-05
5.265000000000000568e+01 9.791910195490961171e-05
5.270000000000000284e+01 9.769672462320519728e-05
5.275000000000000000e+01 9.746333915145314925e-05
5.280000000000000426e+01 9.721899947607222120e-05
5.285000000000000142e+01 9.696376213489169525e-05
5.290000000000000568e+01 9.669768610772385710e-05
5.295000000000000284e+01 9.642083281636426714e-05
5.300000000000000000e+01 9.613326612459150290e-05
5.305000000000000426e+01 9.583505233816729462e-05
5.310000000000000142e+01 9.552626020483660654e-05
5.315000000000000568e+01 9.520696091432737942e-05
5.320000000000000284e+01 9.487722809835088286e-05
5.325000000000000000e+01 9.453713783060133590e-05
5.330000000000000426e+01 9.418676862675613736e-05
5.335000000000000142e+01 9.382620144447596073e-05
5.340000000000000568e+01 9.345551947422053526e-05
5.345000000000000284e+01 9.307480786657037662e-05
5.350000000000000000e+01 9.268415479518938454e-05
5.355000000000000426e+01 9.228365066113568542e-05
5.360000000000000142e+01 9.187338802053583351e-05
5.365000000000000568e+01 9.145346158458433656e-05
5.370000000000000284e+01 9.102396821954417084e-05
5.375000000000000000e+01 9.058500694674632037e-05
5.380000000000000426e+01 9.013667894258999371e-05
5.385000000000000142e+01 8.967908753854277309e-05
5.390000000000000568e+01 8.921233822114023489e-05
5.395000000000000284e+01 8.873653863198639692e-05
5.400000000000000000e+01 8.825179856775328471e-05
5.405000000000000426e+01 8.775822998018116192e-05
5.410000000000000142e+01 8.725594697607867939e-05
5.415000000000000568e+01 8.674506546767187583e-05
5.420000000000000284e+01 8.622570262902953884e-05
5.425000000000000000e+01 8.569797879703119469e-05
5.430000000000000426e+01 8.516201616780676707e-05
5.435000000000000142e+01 8.461793866534680496e-05
5.440000000000000568e+01 8.406587194150196766e-05
5.445000000000000284e+01 8.350594337598366175e-05
5.450000000000000000e+01 8.293828207636348541e-05
5.455000000000000426e+01 8.236301887807347241e-05
5.460000000000000142e+01 8.178028634440630891e-05
5.465000000000000568e+01 8.119021876651476429e-05
5.470000000000000284e+01 8.059295216341240940e-05
5.475000000000000000e+01 7.998862428197293895e-05
5.480000000000000426e+01 7.937737459693051034e-05
5.485000000000000142e+01 7.875934431087993335e-05
5.490000000000000568e+01 7.813467635427611454e-05
5.495000000000000284e+01 7.750351506953360742e-05
5.500000000000000000e+01 7.686600492220480713e-05
5.505000000000000426e+01 7.622229355135381448e-05
5.510000000000000142e+01 7.557253012747284506e-05
5.515000000000000568e+01 7.491686498760676807e-05
5.520000000000000284e+01 7.425544963535389239e-05
5.525000000000000000e+01 7.358843674086531605e-05
5.530000000000000426e+01 7.291598014084514309e-05
5.535000000000000142e+01 7.223823483855084944e-05
5.540000000000000568e+01 7.155535700379255112e-05
5.545000000000000284e+01 7.086750397293380382e-05
5.550000000000000000e+01 7.017483424889093884e-05
5.555000000000000426e+01 6.947750750113330703e-05
5.560000000000000142e+01 6.877568456568363114e-05
5.565000000000000568e+01 6.806952744511728754e-05
5.570000000000000284e+01 6.735919930856306521e-05
5.575000000000000000e+01 6.664486449170254224e-05
5.580000000000000426e+01 6.592668822621888564e-05
5.585000000000000142e+01 6.520483465845254990e-05
5.590000000000000568e+01 6.447947082688597331e-05
5.595000000000000284e+01 6.375076493894973829e-05
5.600000000000000000e+01 6.301888569772284431e-05
5.605000000000000426e+01 6.228400230193300603e-05
5.610000000000000142e+01 6.154628444595703284e-05
5.615000000000000568e+01 6.080590231982000208e-05
5.620000000000000284e+01 6.006302660919616031e-05
5.625000000000000000e+01 5.931782849540817115e-05
5.630000000000000426e+01 5.857047965542744056e-05
5.635000000000000142e+01 5.782115226187440140e-05
5.640000000000000568e+01 5.707001898301781550e-05
5.645000000000000284e+01 5.631725298277559359e-05
5.650000000000000000e+01 5.556302792071406344e-05
5.655000000000000426e+01 5.480751795204828161e-05
5.660000000000000142e+01 5.405089772764237223e-05
5.665000000000000568e+01 5.329334239400873417e-05
5.670000000000000284e+01 5.253502715327557695e-05
5.675000000000000000e+01 5.177612507506828367e-05
5.680000000000000426e+01 5.101681191401075544e-05
5.685000000000000142e+01 5.025726380916385538e-05
5.690000000000000568e+01 4.949765665796245921e-05
5.695000000000000284e+01 4.873816611621634983e-05
5.700000000000000000e+01 4.797896759810945831e-05
5.705000000000000426e+01 4.722023627620016881e-05
5.710000000000000142e+01 4.646214708142166425e-05
5.715000000000000568e+01 4.570487470308116050e-05
5.720000000000000284e+01 4.494859358886076702e-05
5.725000000000000000e+01 4.419347794481675500e-05
5.730000000000000426e+01 4.343970173537982165e-05
5.735000000000000142e+01 4.268743868335549000e-05
5.740000000000000568e+01 4.193686226992330928e-05
5.745000000000000284e+01 4.118814573463772230e-05
5.750000000000000000e+01 4.044146207542730651e-05
5.755000000000000426e+01 3.969698404859511957e-05
5.760000000000000142e+01 3.895488416881900430e-05
5.765000000000000568e+01 3.821533328435994822e-05
5.770000000000000284e+01 3.747850044444750179e-05
5.775000000000000000e+01 3.674455675371550380e-05
5.780000000000000426e+01 3.601367242081239263e-05
5.785000000000000142e+01 3.528601666957612048e-05
5.790000000000000568e+01 3.456175773903344861e-05
5.795000000000000284e+01 3.384106288340074696e-05
5.800000000000000000e+01 3.312409837208330296e-05
5.805000000000000426e+01 3.241102948967560611e-05
5.810000000000000142e+01 3.170202053596165974e-05
5.815000000000000568e+01 3.099723482591428301e-05
5.820000000000000284e+01 3.029683468969590377e-05
5.825000000000000000e+01 2.960098147265785378e-05
5.830000000000000426e+01 2.890983553534069402e-05
5.835000000000000142e+01 2.822355625347447555e-05
5.840000000000000568e+01 2.754230201797807883e-05
5.845000000000000284e+01 2.686623023495997265e-05
5.850000000000000000e+01 2.619549732571756364e-05
5.855000000000000426e+01 2.553025872673745034e-05
5.860000000000000142e+01 2.487066822014764893e-05
5.865000000000000568e+01 2.421687607422062793e-05
5.870000000000000284e+01 2.356903386799958540e-05
5.875000000000000000e+01 2.292729192632105725e-05
5.880000000000000426e+01 2.229179891232744095e-05
5.885000000000000142e+01 2.166270182746727344e-05
5.890000000000000568e+01 2.104014601149457035e-05
5.895000000000000284e+01 2.042427514246958838e-05
5.900000000000000000e+01 1.981523123675815447e-05
5.905000000000000426e+01 1.921315464903197744e-05
5.910000000000000142e+01 1.861818407226886152e-05
5.915000000000000568e+01 1.803045653775214724e-05
5.920000000000000284e+01 1.745010741507136540e-05
5.925000000000000000e+01 1.687727041212164748e-05
5.930000000000000426e+01 1.631207757510399673e-05
5.935000000000000142e+01 1.575465928852551854e-05
5.940000000000000568e+01 1.520514427519884787e-05
5.945000000000000284e+01 1.466365959624279635e-05
5.950000000000000000e+01 1.413033065108181021e-05
5.955000000000000426e+01 1.360528117744618710e-05
5.960000000000000142e+01 1.308863167021050149e-05
5.965000000000000568e+01 1.258050048976302131e-05
5.970000000000000284e+01 1.208100564356102578e-05
5.975000000000000000e+01 1.159026294153497240e-05
5.980000000000000426e+01 1.110838599371130072e-05
5.985000000000000142e+01 1.063548621021262710e-05
5.990000000000000568e+01 1.017167280125727723e-05
5.995000000000000284e+01 9.717052777159819669e-06
6.000000000000000000e+01 9.271730948330594974e-06
6.005000000000000426e+01 8.835809925275929101e-06
6.010000000000000142e+01 8.409390118598304530e-06
6.015000000000000568e+01 7.992569738995941819e-06
6.020000000000000284e+01 7.585444797263269716e-06
6.025000000000000000e+01 7.188109104290516884e-06
6.030000000000000426e+01 6.800654271063893165e-06
6.035000000000000142e+01 6.423169708665748828e-06
6.040000000000000568e+01 6.055742628274197633e-06
6.045000000000000284e+01 5.698458041163525953e-06
6.050000000000000000e+01 5.351398758703855649e-06
6.055000000000000426e+01 5.014645311546147321e-06
6.060000000000000142e+01 4.688274573516983652e-06
6.065000000000000568e+01 4.372361828670179110e-06
6.070000000000000284e+01 4.066980357712359775e-06
6.075000000000000000e+01 3.772200898451682587e-06
6.080000000000000426e+01 3.488091645797980614e-06
6.085000000000000142e+01 3.214718251762875709e-06
6.090000000000000568e+01 2.952143825459499831e-06
6.095000000000000284e+01 2.700428933102807183e-06
6.100000000000000000e+01 2.459631598009306122e-06
6.105000000000000426e+01 2.229807300597181130e-06
6.110000000000000142e+01 2.011008978386381336e-06
6.115000000000000568e+01 1.803287025998400280e-06
6.120000000000000284e+01 1.606689295156517322e-06
6.125000000000000000e+01 1.421261094685595198e-06
6.130000000000000426e+01 1.247045190512170232e-06
6.135000000000000142e+01 1.084081805664517133e-06
6.140000000000000568e+01 9.324086202724905979e-07
6.145000000000000284e+01 7.920607715676989554e-07
6.150000000000000000e+01 6.630708538833550881e-07
6.155000000000000426e+01 5.454687045103636986e-07
6.160000000000000142e+01 4.392812021173890979e-07
6.165000000000000568e+01 3.445329062442691433e-07
6.170000000000000284e+01 2.612457278995133595e-07
6.175000000000000000e+01 1.894389157709553224e-07
6.180000000000000426e+01 1.291290562257994051e-07
6.185000000000000142e+01 8.033007331063983615e-08
6.190000000000000568e+01 4.305322875140484823e-08
6.195000000000000284e+01 1.730712195341194704e-08
6.200000000000000000e+01 3.097690001326353798e-09
6.205000000000000426e+01 4.282076591853574101e-10
6.210000000000000142e+01 9.299287370390479416e-09
6.215000000000000568e+01 2.970887925771096800e-08
6.220000000000000284e+01 6.165227112327183367e-08
6.225000000000000000e+01 1.051220884485699428e-07
6.230000000000000426e+01 1.601082943944759237e-07
6.235000000000000142e+01 2.265981898011985908e-07
6.240000000000000568e+01 3.045764131883476785e-07
6.245000000000000284e+01 3.940249407548555432e-07
6.250000000000000000e+01 4.949232406916889456e-07
6.255000000000000426e+01 6.072483089748982795e-07
6.260000000000000142e+01 7.309739880244236135e-07
6.265000000000000568e+01 8.660715250641086402e-07
6.270000000000000284e+01 1.012509607512182886e-06
6.275000000000000000e+01 1.170254362981391306e-06
6.280000000000000426e+01 1.339269359278944207e-06
6.285000000000000142e+01 1.519515604406438892e-06
6.290000000000000568e+01 1.710951546560030657e-06
6.295000000000000284e+01 1.913533074130228659e-06
6.300000000000000000e+01 2.127213515702081198e-06
6.305000000000000426e+01 2.351943640055103091e-06
6.310000000000000142e+01 2.587671656163169364e-06
6.315000000000000568e+01 2.834343213194748190e-06
6.320000000000000284e+01 3.091901400512626869e-06
6.325000000000000000e+01 3.360286747674159592e-06
6.330000000000000426e+01 3.639437224431161554e-06
6.335000000000000142e+01 3.929288240729790376e-06
6.340000000000000568e+01 4.229772656279711087e-06
6.345000000000000284e+01 4.540821849454066156e-06
6.350000000000000000e+01 4.862364181573427545e-06
6.355000000000000426e+01 5.194324905631863285e-06
6.360000000000000142e+01 5.536627025011106880e-06
6.365000000000000568e+01 5.889191293480900363e-06
6.370000000000000284e+01 6.251936215198595337e-06
6.375000000000000000e+01 6.624778044709509583e-06
6.380000000000000426e+01 7.007630786946777128e-06
6.385000000000000142e+01 7.400406197231178843e-06
6.390000000000000568e+01 7.803013781271530381e-06
6.395000000000000284e+01 8.215360795164230713e-06
6.400000000000000000e+01 8.637352245393664464e-06
6.404999999999999716e+01 9.068890888831971522e-06
6.410000000000000853e+01 9.509877232739229996e-06
6.415000000000000568e+01 9.960209534762953082e-06
6.420000000000000284e+01 1.041978380293883953e-05
6.425000000000000000e+01 1.088849379569027559e-05
6.429999999999999716e+01 1.136623102182846376e-05
6.435000000000000853e+01 1.185288475991468286e-05
6.440000000000000568e+01 1.234834388256503169e-05
6.445000000000000284e+01 1.285249432134242093e-05
6.450000000000000000e+01 1.336521890035674731e-05
6.454999999999999716e+01 1.388639869906207585e-05
6.460000000000000853e+01 1.441591305225679226e-05
6.465000000000000568e+01 1.495363955008299141e-05
6.470000000000000284e+01 1.549945403802739552e-05
6.475000000000000000e+01 1.605323061692072564e-05
6.479999999999999716e+01 1.661484164293789651e-05
6.485000000000000853e+01 1.718415772759813000e-05
6.490000000000000568e+01 1.776104773776433513e-05
6.495000000000000284e+01 1.834537879564407707e-05
6.500000000000000000e+01 1.893701627878892319e-05
6.504999999999999716e+01 1.953582382009460915e-05
6.510000000000000853e+01 2.014166330780121163e-05
6.515000000000000568e+01 2.075439488549245040e-05
6.520000000000000284e+01 2.137387695209674204e-05
6.525000000000000000e+01 2.199996616188648163e-05
6.529999999999999716e+01 2.263251742447823929e-05
6.535000000000000853e+01 2.327138495317798494e-05
6.540000000000000568e+01 2.391642315891428713e-05
6.545000000000000284e+01 2.456748218979051417e-05
6.550000000000000000e+01 2.522441091344736674e-05
6.554999999999999716e+01 2.588705711919735684e-05
6.560000000000000853e+01 2.655526751802498049e-05
6.565000000000000568e+01 2.722888774258597580e-05
6.570000000000000284e+01 2.790776234720844778e-05
6.575000000000000000e+01 2.859173480789212976e-05
6.579999999999999716e+01 2.928064752230853586e-05
6.585000000000000853e+01 2.997434180980120490e-05
6.590000000000000568e+01 3.067265791138487033e-05
6.595000000000000284e+01 3.137543498974667996e-05
6.600000000000000000e+01 3.208251112924536926e-05
6.604999999999999716e+01 3.279372333591148834e-05
6.610000000000000853e+01 3.350890753744758155e-05
6.615000000000000568e+01 3.422789858322742174e-05
6.620000000000000284e+01 3.495053024429714870e-05
6.625000000000000000e+01 3.567663521337453728e-05
6.629999999999999716e+01 3.640604510484916006e-05
6.635000000000000853e+01 3.713859273825980382e-05
6.640000000000000568e+01 3.787411037135409543e-05
6.645000000000000284e+01 3.861242702816231780e-05
6.650000000000000000e+01 3.935337141895955395e-05
6.654999999999999716e+01 4.009677194618402134e-05
6.660000000000000853e+01 4.084245670443726163e-05
6.665000000000000568e+01 4.159025348048332076e-05
6.670000000000000284e+01 4.233998975324998899e-05
6.675000000000000000e+01 4.309149269382798097e-05
6.679999999999999716e+01 4.384458916547111197e-05
6.685000000000000853e+01 4.459910572359656884e-05
6.690000000000000568e+01 4.535486861578398175e-05
6.695000000000000284e+01 4.611170378177677941e-05
6.700000000000000000e+01 4.686943685348128781e-05
6.704999999999999716e+01 4.762789315496694707e-05
6.710000000000000853e+01 4.838689770246654186e-05
6.715000000000000568e+01 4.914627520437535432e-05
6.720000000000000284e+01 4.990585006125239739e-05
6.725000000000000000e+01 5.066544636581962193e-05
6.729999999999999716e+01 5.142488791203817298e-05
6.735000000000000853e+01 5.218400105743460366e-05
6.740000000000000568e+01 5.294261145970208742e-05
6.745000000000000284e+01 5.370054287312302585e-05
6.750000000000000000e+01 5.445761954157583482e-05
6.754999999999999716e+01 5.521366619853514102e-05
6.760000000000000853e+01 5.596850806707200554e-05
6.765000000000000568e+01 5.672197085985306329e-05
6.770000000000000284e+01 5.747388077914182406e-05
6.775000000000000000e+01 5.822406451679779837e-05
6.779999999999999716e+01 5.897234925427671429e-05
6.785000000000000853e+01 5.971856266263073434e-05
6.790000000000000568e+01 6.046253290250761518e-05
6.795000000000000284e+01 6.120408862415194088e-05
6.800000000000000000e+01 6.194305896740433693e-05
6.804999999999999716e+01 6.267927356170163960e-05
6.810000000000000853e+01 6.341256252607711959e-05
6.815000000000000568e+01 6.414275646915959430e-05
6.820000000000000284e+01 6.486968648917479667e-05
6.825000000000000000e+01 6.559318417394444003e-05
6.829999999999999716e+01 6.631308185489706044e-05
6.835000000000000853e+01 6.702921546901407547e-05
6.840000000000000568e+01 6.774141955882618572e-05
6.845000000000000284e+01 6.844952884817935459e-05
6.850000000000000000e+01 6.915337929109442944e-05
6.854999999999999716e+01 6.985280807176734484e-05
6.860000000000000853e+01 7.054765360456936656e-05
6.865000000000000568e+01 7.123775553404625128e-05
6.870000000000000284e+01 7.192295473491942565e-05
6.875000000000000000e+01 7.260309331208525451e-05
6.879999999999999716e+01 7.327801460061517634e-05
6.885000000000000853e+01 7.394756316575593373e-05
6.890000000000000568e+01 7.461158480292880081e-05
6.895000000000000284e+01 7.526992653773068107e-05
6.900000000000000000e+01 7.592243662593345680e-05
6.904999999999999716e+01 7.656896455348405686e-05
6.910000000000000853e+01 7.720936103650471419e-05
6.915000000000000568e+01 7.784347802129219329e-05
6.920000000000000284e+01 7.847116868431894222e-05
6.925000000000000000e+01 7.909228746604243299e-05
6.929999999999999716e+01 7.970669222291197869e-05
6.935000000000000853e+01 8.031424151162691745e-05
6.940000000000000568e+01 8.091479440755176280e-05
6.945000000000000284e+01 8.150821183004264888e-05
6.950000000000000000e+01 8.209435654244655800e-05
6.954999999999999716e+01 8.267309315210161875e-05
6.960000000000000853e+01 8.324428811033711959e-05
6.965000000000000568e+01 8.380780971247298028e-05
6.970000000000000284e+01 8.436352809782065990e-05
6.975000000000000000e+01 8.491131524968256055e-05
6.979999999999999716e+01 8.545104499535212221e-05
6.985000000000000853e+01 8.598259300611401246e-05
6.990000000000000568e+01 8.650583679724353021e-05
6.995000000000000284e+01 8.702065572800748658e-05
7.000000000000000000e+01 8.752693100166366279e-05
7.004999999999999716e+01 8.802454566546082375e-05
7.010000000000000853e+01 8.851338461063902976e-05
7.015000000000000568e+01 8.899333457242894528e-05
7.020000000000000284e+01 8.946428485039757846e-05
7.025000000000000000e+01 8.992612760497584049e-05
7.029999999999999716e+01 9.037875580111516885e-05
7.035000000000000853e+01 9.082206464264875624e-05
7.040000000000000568e+01 9.125595162314464404e-05
7.045000000000000284e+01 9.168031652590653542e-05
7.050000000000000000e+01 9.209506142397326685e-05
7.054999999999999716e+01 9.250009068011893001e-05
7.060000000000000853e+01 9.289531094685295318e-05
7.065000000000000568e+01 9.328063116641972167e-05
7.070000000000000284e+01 9.365596257079920135e-05
7.075000000000000000e+01 9.402121868170650488e-05
7.079999999999999716e+01 9.437631531059200015e-05
7.085000000000000853e+01 9.472117055864140520e-05
7.090000000000000568e+01 9.505570481677542223e-05
7.095000000000000284e+01 9.537984076565026619e-05
7.100000000000000000e+01 9.569350337565733951e-05
7.104999999999999716e+01 9.599662005464969477e-05
7.110000000000000853e+01 9.628912134267567980e-05
7.115000000000000568e+01 9.657093961369786136e-05
7.120000000000000284e+01 9.684200965293034320e-05
7.125000000000000000e+01 9.710226880212860631e-05
7.129999999999999716e+01 9.735165695958957670e-05
7.135000000000000853e+01 9.759011658015172026e-05
7.140000000000000568e+01 9.781759267519471749e-05
7.145000000000000284e+01 9.803403281263996499e-05
7.150000000000000000e+01 9.823938711695019590e-05
7.154999999999999716e+01 9.843360826912961553e-05
7.160000000000000853e+01 9.861665150672396904e-05
7.165000000000000568e+01 9.878847462382022977e-05
7.170000000000000284e+01 9.894903797104707358e-05
7.175000000000000000e+01 9.909830445557448581e-05
7.179999999999999716e+01 9.923623954111399168e-05
7.185000000000000853e+01 9.936281128371701982e-05
7.190000000000000568e+01 9.947799058571906610e-05
7.195000000000000284e+01 9.958175086604908674e-05
7.200000000000000000e+01 9.967406815619898170e-05
7.204999999999999716e+01 9.975492114375751032e-05
7.210000000000000853e+01 9.982429117241038621e-05
7.215000000000000568e+01 9.988216224194011456e-05
7.220000000000000284e+01 9.992852100822614131e-05
7.225000000000000000e+01 9.996335678324477173e-05
7.229999999999999716e+01 9.998666153506922472e-05
7.235000000000000853e+01 9.999842988786956498e-05
7.240000000000000568e+01 9.999865912191275728e-05
7.245000000000000284e+01 9.998734917229990969e-05
7.250000000000000000e+01 9.996450261784329443e-05
7.254999999999999716e+01 9.993012475314816054e-05
7.260000000000000853e+01 9.988422353863494389e-05
7.265000000000000568e+01 9.982680957906505759e-05
7.270000000000000284e+01 9.975789612354074283e-05
7.275000000000000000e+01 9.967749906550520448e-05
7.279999999999999716e+01 9.958563694274252971e-05
7.285000000000000853e+01 9.948233093737764740e-05
7.290000000000000568e+01 9.936760487587653135e-05
7.295000000000000284e+01 9.924148522904594285e-05
7.300000000000000000e+01 9.910400111203357973e-05
7.304999999999999716e+01 9.895518428431532342e-05
7.310000000000000853e+01 9.879506901048416790e-05
7.315000000000000568e+01 9.862369223070418915e-05
7.320000000000000284e+01 9.844109359693902514e-05
7.325000000000000000e+01 9.824731530002070781e-05
7.329999999999999716e+01 9.804240206964963595e-05
7.335000000000000853e+01 9.782640117439449386e-05
7.340000000000000568e+01 9.759936242169253598e-05
7.345000000000000284e+01 9.736133815784920741e-05
7.350000000000000000e+01 9.711238326803836075e-05
7.354999999999999716e+01 9.685255517630220190e-05
7.360000000000000853e+01 9.658191384555126293e-05
7.365000000000000568e+01 9.630052177756463251e-05
7.370000000000000284e+01 9.600844397020591513e-05
7.375000000000000000e+01 9.570574752566812131e-05
7.379999999999999716e+01 9.539250244522005711e-05
7.385000000000000853e+01 9.506878122416077945e-05
7.390000000000000568e+01 9.473465867945207763e-05
7.395000000000000284e+01 9.439021194971797192e-05
7.400000000000000000e+01 9.403552049524506592e-05
7.404999999999999716e+01 9.367066609798242456e-05
7.410000000000000853e+01 9.329573286154151991e-05
7.415000000000000568e+01 9.291080721119661064e-05
7.420000000000000284e+01 9.251597789388410508e-05
7.425000000000000000e+01 9.211133597820304907e-05
7.429999999999999716e+01 9.169697485441493626e-05
7.435000000000000853e+01 9.127299023444362675e-05
7.440000000000000568e+01 9.083948015153118073e-05
7.445000000000000284e+01 9.039654426152268416e-05
7.450000000000000000e+01 8.994428464376731517e-05
7.454999999999999716e+01 8.948280609196068616e-05
7.460000000000000853e+01 8.901221536764816148e-05
7.465000000000000568e+01 8.853262120022537245e-05
7.470000000000000284e+01 8.804413428693743130e-05
7.475000000000000000e+01 8.754686729287945973e-05
7.479999999999999716e+01 8.704093485099648046e-05
7.485000000000000853e+01 8.652645356208322753e-05
7.490000000000000568e+01 8.600354199478475617e-05
7.495000000000000284e+01 8.547232068559557539e-05
7.500000000000000000e+01 8.493291213886021722e-05
7.504999999999999716e+01 8.438544082677306053e-05
7.510000000000000853e+01 8.383003318937826327e-05
7.515000000000000568e+01 8.326681763457030453e-05
7.520000000000000284e+01 8.269592432209722202e-05
7.525000000000000000e+01 8.211748401789524879e-05
7.529999999999999716e+01 8.153163061926369307e-05
7.535000000000000853e+01 8.093849986024736760e-05
7.540000000000000568e+01 8.033822894938252607e-05
7.545000000000000284e+01 7.973095656969590088e-05
7.550000000000000000e+01 7.911682287870527234e-05
7.554999999999999716e+01 7.849596950841941450e-05
7.560000000000000853e+01 7.786853956533786470e-05
7.565000000000000568e+01 7.723467763045158770e-05
7.570000000000000284e+01 7.659452975924201340e-05
7.575000000000000000e+01 7.594824348168168740e-05
7.579999999999999716e+01 7.529596780223406769e-05
7.585000000000000853e+01 7.463785319985338914e-05
7.590000000000000568e+01 7.397405162798539532e-05
7.595000000000000284e+01 7.330471651456620010e-05
7.600000000000000000e+01 7.263000276202304659e-05
7.604999999999999716e+01 7.195006570615724477e-05
7.610000000000000853e+01 7.126506128730893033e-05
7.615000000000000568e+01 7.057514842921062135e-05
7.620000000000000284e+01 6.988048695781455468e-05
7.625000000000000000e+01 6.918123755551260155e-05
7.629999999999999716e+01 6.847756176113615914e-05
7.635000000000000853e+01 6.776962196995594732e-05
7.640000000000000568e+01 6.705758143368278110e-05
7.645000000000000284e+01 6.634160426046639160e-05
7.650000000000000000e+01 6.562185541489617144e-05
7.654999999999999716e+01 6.489850071800107984e-05
7.660000000000000853e+01 6.417170684724931738e-05
7.665000000000000568e+01 6.344164133654927467e-05
7.670000000000000284e+01 6.270847257624816357e-05
7.675000000000000000e+01 6.197236981313295227e-05
7.680000000000001137e+01 6.123350315042987743e-05
7.685000000000000853e+01 6.049204354780532509e-05
7.690000000000000568e+01 5.974816262512057537e-05
7.695000000000000284e+01 5.900203034556608195e-05
7.700000000000000000e+01 5.825381919674871116e-05
7.705000000000001137e+01 5.750370274732716268e-05
7.710000000000000853e+01 5.675185471316189923e-05
7.715000000000000568e+01 5.599844895731385908e-05
7.720000000000000284e+01 5.524365949004528275e-05
7.725000000000000000e+01 5.448766046881955717e-05
7.730000000000001137e+01 5.373062619830093104e-05
7.735000000000000853e+01 5.297273113035542969e-05
7.740000000000000568e+01 5.221414986404954042e-05
7.745000000000000284e+01 5.145505714565107313e-05
7.750000000000000000e+01 5.069562786862895023e-05
7.755000000000001137e+01 4.993603707365298981e-05
7.760000000000000853e+01 4.917645994859477299e-05
7.765000000000000568e+01 4.841707182852633614e-05
7.770000000000000284e+01 4.765804819572105173e-05
7.775000000000000000e+01 4.689956467965339122e-05
7.780000000000001137e+01 4.614179705581550480e-05
7.785000000000000853e+01 4.538491898944419249e-05
7.790000000000000568e+01 4.462910438978752708e-05
7.795000000000000284e+01 4.387452875831583925e-05
7.800000000000000000e+01 4.312136699513344326e-05
7.805000000000001137e+01 4.236979339897847428e-05
7.810000000000000853e+01 4.161998166722368799e-05
7.815000000000000568e+01 4.087210489587522056e-05
7.820000000000000284e+01 4.012633557957341531e-05
7.825000000000000000e+01 3.938284561159262624e-05
7.830000000000001137e+01 3.864180628384100794e-05
7.835000000000000853e+01 3.790338828686134229e-05
7.840000000000000568e+01 3.716776170982979163e-05
7.845000000000000284e+01 3.643509604055672550e-05
7.850000000000000000e+01 3.570556016548652407e-05
7.855000000000001137e+01 3.497932236969736813e-05
7.860000000000000853e+01 3.425655033690205896e-05
7.865000000000000568e+01 3.353741114944679190e-05
7.870000000000000284e+01 3.282207128831195588e-05
7.875000000000000000e+01 3.211069662382001939e-05
7.880000000000001137e+01 3.140344996547697165e-05
7.885000000000000853e+01 3.070049388116723264e-05
7.890000000000000568e+01 3.000199162614962834e-05
7.895000000000000284e+01 2.930810513354207113e-05
7.900000000000000000e+01 2.861899501432136668e-05
7.905000000000001137e+01 2.793482055732301740e-05
7.910000000000000853e+01 2.725573972924199499e-05
7.915000000000000568e+01 2.658190917463157827e-05
7.920000000000000284e+01 2.591348421590412908e-05
7.925000000000000000e+01 2.525061885333090592e-05
7.930000000000001137e+01 2.459346576504185729e-05
7.935000000000000853e+01 2.394217630702639757e-05
7.940000000000000568e+01 2.329690051313225503e-05
7.945000000000000284e+01 2.265778709506624435e-05
7.950000000000000000e+01 2.202498344239407012e-05
7.955000000000001137e+01 2.139863562254014045e-05
7.960000000000000853e+01 2.077888838078829545e-05
7.965000000000000568e+01 2.016588514028072642e-05
7.970000000000000284e+01 1.955976800201869072e-05
7.975000000000000000e+01 1.896067699481816752e-05
7.980000000000001137e+01 1.836874862297056124e-05
7.985000000000000853e+01 1.778412018478149045e-05
7.990000000000000568e+01 1.720692731965537740e-05
7.995000000000000284e+01 1.663730372599975786e-05
8.000000000000000000e+01 1.607538116122511174e-05
8.005000000000001137e+01 1.552128944174470043e-05
8.010000000000000853e+01 1.497515644297520721e-05
8.015000000000000568e+01 1.443710809933578510e-05
8.020000000000000284e+01 1.390726840424868715e-05
8.025000000000000000e+01 1.338575941013911220e-05
8.030000000000001137e+01 1.287270122843505922e-05
8.035000000000000853e+01 1.236821202956790841e-05
8.040000000000000568e+01 1.187240804297154021e-05
8.045000000000000284e+01 1.138540355708292999e-05
8.050000000000000000e+01 1.090731091934200063e-05
8.055000000000001137e+01 1.043824053619148021e-05
8.060000000000000853e+01 9.978300873077444142e-06
8.065000000000000568e+01 9.527598454448507075e-06
8.070000000000000284e+01 9.086237863756368397e-06
8.075000000000000000e+01 8.654320478218512736e-06
8.080000000000001137e+01 8.231945193010671607e-06
8.085000000000000853e+01 7.819210074869354323e-06
8.090000000000000568e+01 7.416210803972501127e-06
8.095000000000000284e+01 7.023040669355851636e-06
8.100000000000000000e+01 6.639790568912824566e-06
8.105000000000001137e+01 6.266549009394411852e-06
8.110000000000000853e+01 5.903402106409602162e-06
8.115000000000000568e+01 5.550433584424741392e-06
8.120000000000000284e+01 5.207724776763964647e-06
8.125000000000000000e+01 4.875354625609084438e-06
8.130000000000001137e+01 4.553399681999500894e-06
8.135000000000000853e+01 4.241934105832567678e-06
8.140000000000000568e+01 3.941029665863043963e-06
8.145000000000000284e+01 3.650755739703452720e-06
8.150000000000000000e+01 3.371179313824004489e-06
8.155000000000001137e+01 3.102364983552509286e-06
8.160000000000000853e+01 2.844374953074684079e-06
8.165000000000000568e+01 2.597269035433696231e-06
8.170000000000000284e+01 2.361104580747406021e-06
8.175000000000000000e+01 2.135935530090233664e-06
8.180000000000001137e+01 1.921813831542149210e-06
8.185000000000000853e+01 1.718789117115931044e-06
8.190000000000000568e+01 1.526908390239938271e-06
8.195000000000000284e+01 1.346216025758358471e-06
8.200000000000000000e+01 1.176753769931142696e-06
8.205000000000001137e+01 1.018560740433963746e-06
8.210000000000000853e+01 8.716734263583936256e-07
8.215000000000000568e+01 7.361256882116320718e-07
8.220000000000000284e+01 6.119487579166892985e-07
8.225000000000000000e+01 4.991712388123421636e-07
8.230000000000001137e+01 3.978191056531055818e-07
8.235000000000000853e+01 3.079157046093413682e-07
8.240000000000000568e+01 2.294817532670905256e-07
8.245000000000000284e+01 1.625353406281892882e-07
8.250000000000000000e+01 1.070919271102373579e-07
8.255000000000001137e+01 6.316434454659070445e-08
8.260000000000000853e+01 3.076279618640434047e-08
8.265000000000000568e+01 9.894856694559053334e-09
8.270000000000000284e+01 5.654483888839972930e-10
8.275000000000000000e+01 2.776675489269626754e-09
8.280000000000001137e+01 1.652793414864889198e-08
8.285000000000000853e+01 4.181598073469505268e-08
8.290000000000000568e+01 7.863493182985690931e-08
8.295000000000000284e+01 1.269762642313462606e-07
8.300000000000000000e+01 1.868288149511403095e-07
8.305000000000001137e+01 2.581787812160036966e-07
8.310000000000000853e+01 3.410097204674036836e-07
8.315000000000000568e+01 4.353025503616323250e-07
8.320000000000000284e+01 5.410355487697285677e-07
8.325000000000000000e+01 6.581843537774964088e-07
8.330000000000001137e+01 7.867219636855432242e-07
8.335000000000000853e+01 9.266187370091311669e-07
8.340000000000000568e+01 1.077842392478395437e-06
8.345000000000000284e+01 1.240358009038201664e-06
8.350000000000000000e+01 1.414128025848180101e-06
8.355000000000001137e+01 1.599112242282782595e-06
8.360000000000000853e+01 1.795267830171136414e-06
8.365000000000000568e+01 2.002550058263211671e-06
8.370000000000000284e+01 2.220911124001518201e-06
8.375000000000000000e+01 2.450300253191828010e-06
8.380000000000001137e+01 2.690664236680356975e-06
8.385000000000000853e+01 2.941947430353488075e-06
8.390000000000000568e+01 3.204091755138182632e-06
8.395000000000000284e+01 3.477036697001707984e-06
8.400000000000000000e+01 3.760719306951706942e-06
8.405000000000001137e+01 4.055074201036282074e-06
8.410000000000000853e+01 4.360033560343657734e-06
8.415000000000000568e+01 4.675527131002678968e-06
8.420000000000000284e+01 5.001482224182485827e-06
8.425000000000000000e+01 5.337823716092593415e-06
8.430000000000001137e+01 5.684474047982988448e-06
8.435000000000000853e+01 6.041353226143735382e-06
8.440000000000000568e+01 6.408378821905566801e-06
8.445000000000000284e+01 6.785465971639493776e-06
8.450000000000000000e+01 7.172527376756899042e-06
8.455000000000001137e+01 7.569473484018279040e-06
8.460000000000000853e+01 7.976213904293255941e-06
8.465000000000000568e+01 8.392654455690824595e-06
8.470000000000000284e+01 8.818698402806245638e-06
8.475000000000000000e+01 9.254246982454829393e-06
8.480000000000001137e+01 9.699199403672068004e-06
8.485000000000000853e+01 1.015345284771311197e-05
8.490000000000000568e+01 1.061690246805354942e-05
8.495000000000000284e+01 1.108944139038888604e-05
8.500000000000000000e+01 1.157096071263467887e-05
8.505000000000001137e+01 1.206134950492667357e-05
8.510000000000000853e+01 1.256049480962024705e-05
8.515000000000000568e+01 1.306828164129123586e-05
8.520000000000000284e+01 1.358459298673540258e-05
8.525000000000000000e+01 1.410930980496853744e-05
8.530000000000001137e+01 1.464231102722664977e-05
8.535000000000000853e+01 1.518347355696533611e-05
8.540000000000000568e+01 1.573267226986069161e-05
8.545000000000000284e+01 1.628978001380871710e-05
8.550000000000000000e+01 1.685466766854864081e-05
8.555000000000001137e+01 1.742720641139785926e-05
8.560000000000000853e+01 1.800726424388735293e-05
8.565000000000000568e+01 1.859470636865506759e-05
8.570000000000000284e+01 1.918939654935364187e-05
8.575000000000000000e+01 1.979119711065056983e-05
8.580000000000001137e+01 2.039996893822838053e-05
8.585000000000000853e+01 2.101557147878394010e-05
8.590000000000000568e+01 2.163786274002947496e-05
8.595000000000000284e+01 2.226669929069191787e-05
8.600000000000000000e+01 2.290193626051303672e-05
8.605000000000001137e+01 2.354342734024965814e-05
8.610000000000000853e+01 2.419102478167290174e-05
8.615000000000000568e+01 2.484457939756929489e-05
8.620000000000000284e+01 2.550394056174004078e-05
8.625000000000000000e+01 2.616895620900120485e-05
8.630000000000001137e+01 2.683947283518388078e-05
8.635000000000000853e+01 2.751533549713347558e-05
8.640000000000000568e+01 2.819638781271079721e-05
8.645000000000000284e+01 2.888247196079132947e-05
8.650000000000000000e+01 2.957342949863219544e-05
8.655000000000001137e+01 3.026910319279779677e-05
8.660000000000000853e+01 3.096933159513859624e-05
8.665000000000000568e+01 3.167395212701331958e-05
8.670000000000000284e+01 3.238280149615246987e-05
8.675000000000000000e+01 3.309571569665850031e-05
8.680000000000001137e+01 3.381253000900605814e-05
8.685000000000000853e+01 3.453307900004113767e-05
8.690000000000000568e+01 3.525719652298232024e-05
8.695000000000000284e+01 3.598471571741994085e-05
8.700000000000000000e+01 3.671546900931631170e-05
8.705000000000001137e+01 3.744928811100593227e-05
8.710000000000000853e+01 3.818600402119462874e-05
8.715000000000000568e+01 3.892544702496083473e-05
8.720000000000000284e+01 3.966744669375474422e-05
8.725000000000000000e+01 4.041183188539850809e-05
8.730000000000001137e+01 4.115843074408647128e-05
8.735000000000000853e+01 4.190707070038431222e-05
8.740000000000000568e+01 4.265757847123029641e-05
8.745000000000000284e+01 4.340978005993448362e-05
8.750000000000000000e+01 4.416350217451842352e-05
8.755000000000001137e+01 4.491857303174457225e-05
8.760000000000000853e+01 4.567481723331836104e-05
8.765000000000000568e+01 4.643205927935117465e-05
8.770000000000000284e+01 4.719012375036377085e-05
8.775000000000000000e+01 4.794883530728654466e-05
8.780000000000001137e+01 4.870801869145969105e-05
8.785000000000000853e+01 4.946749872463239173e-05
8.790000000000000568e+01 5.022710030896408235e-05
8.795000000000000284e+01 5.098664842702357831e-05
8.800000000000000000e+01 5.174596814178933233e-05
8.805000000000001137e+01 5.250488459664960379e-05
8.810000000000000853e+01 5.326322301540163884e-05
8.815000000000000568e+01 5.402080870225291047e-05
8.820000000000000284e+01 5.477746704182031884e-05
8.825000000000000000e+01 5.553302349913035401e-05
8.830000000000001137e+01 5.628730361961933979e-05
8.835000000000000853e+01 5.704013302913258000e-05
8.840000000000000568e+01 5.779133743392561882e-05
8.845000000000000284e+01 5.854074262066339378e-05
8.850000000000000000e+01 5.928817639216458617e-05
8.855000000000001137e+01 6.003346787860110303e-05
8.860000000000000853e+01 6.077644395215101741e-05
8.865000000000000568e+01 6.151693230935040637e-05
8.870000000000000284e+01 6.225476150712042696e-05
8.875000000000000000e+01 6.298976096276746525e-05
8.880000000000001137e+01 6.372176095398337354e-05
8.885000000000000853e+01 6.445059261884467073e-05
8.890000000000000568e+01 6.517608795581373497e-05
8.895000000000000284e+01 6.589807982373800405e-05
8.900000000000000000e+01 6.661640194185019224e-05
8.905000000000001137e+01 6.733088888976845291e-05
8.910000000000000853e+01 6.804137610749560604e-05
8.915000000000000568e+01 6.874769989542031732e-05
8.920000000000000284e+01 6.944969741431636628e-05
8.925000000000000000e+01 7.014720668534272759e-05
8.930000000000001137e+01 7.084006659004386927e-05
8.935000000000000853e+01 7.152811687034892594e-05
8.940000000000000568e+01 7.221119812857287792e-05
8.945000000000000284e+01 7.288915210608205603e-05
8.950000000000000000e+01 7.356182421313560383e-05
8.955000000000001137e+01 7.422905896494608191e-05
8.960000000000000853e+01 7.489070158684014728e-05
8.965000000000000568e+01 7.554659885084670349e-05
8.970000000000000284e+01 7.619659907569614169e-05
8.975000000000000000e+01 7.684055212682048967e-05
8.980000000000001137e+01 7.747830941635364230e-05
8.985000000000000853e+01 7.810972390313061613e-05
8.990000000000000568e+01 7.873465009268863356e-05
8.995000000000000284e+01 7.935294403726637750e-05
9.000000000000000000e+01 7.996446333580423528e-05
9.005000000000001137e+01 8.056906713394439352e-05
9.010000000000000853e+01 8.116661612403021473e-05
9.015000000000000568e+01 8.175697254510724018e-05
9.020000000000000284e+01 8.234000018292248521e-05
9.025000000000000000e+01 8.291556436992464244e-05
9.030000000000001137e+01 8.348353198526423092e-05
9.035000000000000853e+01 8.404377145479295912e-05
9.040000000000000568e+01 8.459615319570208322e-05
9.045000000000000284e+01 8.514055104544651122e-05
9.050000000000000000e+01 8.567683895561752614e-05
9.055000000000001137e+01 8.620489266470521923e-05
9.060000000000000853e+01 8.672458999347646975e-05
9.065000000000000568e+01 8.723581084497592083e-05
9.070000000000000284e+01 8.773843720452524761e-05
9.075000000000000000e+01 8.823235313972344182e-05
9.080000000000001137e+01 8.871744480044685248e-05
9.085000000000000853e+01 8.919360041884865731e-05
9.090000000000000568e+01 8.966071030935973013e-05
9.095000000000000284e+01 9.011866686868803095e-05
9.100000000000000000e+01 9.056736457581882288e-05
9.105000000000001137e+01 9.100669999201468560e-05
9.110000000000000853e+01 9.143657176081510885e-05
9.115000000000000568e+01 9.185688060803721066e-05
9.120000000000000284e+01 9.226752934177524952e-05
9.125000000000000000e+01 9.266842285240070565e-05
9.130000000000001137e+01 9.305946852882157963e-05
9.135000000000000853e+01 9.344057682278051236e-05
9.140000000000000568e+01 9.381165948260577277e-05
9.145000000000000284e+01 9.417263061615954408e-05
9.150000000000000000e+01 9.452340677228937094e-05
9.155000000000001137e+01 9.486390694082813232e-05
9.160000000000000853e+01 9.519405255259370271e-05
9.165000000000000568e+01 9.551376747938956197e-05
9.170000000000000284e+01 9.582297803400434812e-05
9.175000000000000000e+01 9.612161297021200638e-05
9.180000000000001137e+01 9.640960348277182986e-05
9.185000000000000853e+01 9.668688320742817495e-05
9.190000000000000568e+01 9.695338822091092209e-05
9.195000000000000284e+01 9.720905704093515053e-05
9.200000000000000000e+01 9.745383062620121965e-05
9.205000000000001137e+01 9.768765237639486377e-05
9.210000000000000853e+01 9.791046813218686699e-05
9.215000000000000568e+01 9.812222651736131210e-05
9.220000000000000284e+01 9.832287882456727530e-05
9.225000000000000000e+01 9.851237865274435374e-05
9.230000000000001137e+01 9.869068221924334262e-05
9.235000000000000853e+01 9.885774835996791329e-05
9.240000000000000568e+01 9.901353852937485722e-05
9.245000000000000284e+01 9.915801680047399110e-05
9.250000000000000000e+01 9.929114986482808912e-05
9.255000000000001137e+01 9.941290703255300490e-05
9.260000000000000853e+01 9.952326023231748177e-05
9.265000000000000568e+01 9.962218401134341028e-05
9.270000000000000284e+01 9.970965553540563845e-05
9.275000000000000000e+01 9.978565458883201244e-05
9.280000000000001137e+01 9.985016358491217818e-05
9.285000000000000853e+01 9.990316766286493739e-05
9.290000000000000568e+01 9.994465459723872263e-05
9.295000000000000284e+01 9.997461481104352179e-05
9.300000000000000000e+01 9.999304138969684864e-05
9.305000000000001137e+01 9.999993008102370218e-05
9.310000000000000853e+01 9.999527929525655310e-05
9.315000000000000568e+01 9.997909010503535732e-05
9.320000000000000284e+01 9.995136624540756952e-05
9.325000000000000000e+01 9.991211411382811610e-05
9.330000000000001137e+01 9.986134277015942221e-05
9.335000000000000853e+01 9.979906393667139824e-05
9.340000000000000568e+01 9.972529196476842713e-05
9.345000000000000284e+01 9.964004386827567204e-05
9.350000000000000000e+01 9.954333936172182144e-05
9.355000000000001137e+01 9.943520078019689738e-05
9.360000000000000853e+01 9.931565307845883225e-05
9.365000000000000568e+01 9.918472383093323837e-05
9.370000000000000284e+01 9.904244323171351640e-05
9.375000000000000000e+01 9.888884409456082829e-05
9.380000000000001137e+01 9.872396185290411078e-05
9.385000000000000853e+01 9.854783455984017027e-05
9.390000000000000568e+01 9.836050288813347957e-05
9.395000000000000284e+01 9.816201000330441822e-05
9.400000000000000000e+01 9.795240164315283202e-05
9.405000000000001137e+01 9.773172632568132478e-05
9.410000000000000853e+01 9.750003506063714459e-05
9.415000000000000568e+01 9.725738134505017686e-05
9.420000000000000284e+01 9.700382116323318831e-05
9.425000000000000000e+01 9.673941298678177272e-05
9.430000000000001137e+01 9.646421777457426963e-05
9.435000000000000853e+01 9.617829897277208962e-05
9.440000000000000568e+01 9.588172251481923993e-05
9.445000000000000284e+01 9.557455682144259555e-05
9.450000000000000000e+01 9.525687280065192630e-05
9.455000000000001137e+01 9.492874384773966644e-05
9.460000000000000853e+01 9.459024567148761615e-05
9.465000000000000568e+01 9.424145605073075665e-05
9.470000000000000284e+01 9.388245575438261797e-05
9.475000000000000000e+01 9.351332784836416303e-05
9.480000000000001137e+01 9.313415762908493504e-05
9.485000000000000853e+01 9.274503262344336923e-05
9.490000000000000568e+01 9.234604258882623715e-05
9.495000000000000284e+01 9.193727951310902619e-05
9.500000000000000000e+01 9.151883761465587179e-05
9.505000000000001137e+01 9.109081334231939480e-05
9.510000000000000853e+01 9.065330537544120297e-05
9.515000000000000568e+01 9.020641462385119971e-05
9.520000000000000284e+01 8.975024422786800427e-05
9.525000000000000000e+01 8.928489955829887038e-05
9.530000000000001137e+01 8.881048821643956434e-05
9.535000000000000853e+01 8.832711939685830918e-05
9.540000000000000568e+01 8.783490427802205036e-05
9.545000000000000284e+01 8.733395694986417074e-05
9.550000000000000000e+01 8.682439334534630595e-05
9.555000000000001137e+01 8.630633123183142907e-05
9.560000000000000853e+01 8.577989021108450114e-05
9.565000000000000568e+01 8.524519171927160376e-05
9.570000000000000284e+01 8.470235902696044057e-05
9.575000000000000000e+01 8.415151723912026949e-05
9.580000000000001137e+01 8.359279329512174007e-05
9.585000000000000853e+01 8.302631596873748980e-05
9.590000000000000568e+01 8.245221586814119547e-05
9.595000000000000284e+01 8.187062543590825072e-05
9.600000000000000000e+01 8.128167894901556286e-05
9.605000000000001137e+01 8.068551251884140368e-05
9.610000000000000853e+01 8.008226409116608717e-05
9.615000000000000568e+01 7.947207226042966920e-05
9.620000000000000284e+01 7.885507743840109937e-05
9.625000000000000000e+01 7.823142271149574742e-05
9.630000000000001137e+01 7.760125246751910396e-05
9.635000000000000853e+01 7.696471239557882459e-05
9.640000000000000568e+01 7.632194948608365926e-05
9.645000000000000284e+01 7.567311203074414340e-05
9.650000000000000000e+01 7.501834962257244890e-05
9.655000000000001137e+01 7.435781315588215368e-05
9.660000000000000853e+01 7.369165482628906841e-05
9.665000000000000568e+01 7.302002813071003032e-05
9.670000000000000284e+01 7.234308786736367571e-05
9.675000000000000000e+01 7.166099013577030444e-05
9.680000000000001137e+01 7.097389233675159526e-05
9.685000000000000853e+01 7.028195317243145972e-05
9.690000000000000568e+01 6.958533264623486300e-05
9.695000000000000284e+01 6.888419204720435166e-05
9.700000000000000000e+01 6.817869206701455975e-05
9.705000000000001137e+01 6.746899524758715480e-05
9.710000000000000853e+01 6.675526623314848994e-05
9.715000000000000568e+01 6.603767031949211096e-05
9.720000000000000284e+01 6.531637345397959659e-05
9.725000000000000000e+01 6.459154223554031452e-05
9.730000000000001137e+01 6.386334391467127236e-05
9.735000000000000853e+01 6.313194639343786300e-05
9.740000000000000568e+01 6.239751822547271267e-05
9.745000000000000284e+01 6.166022861597643986e-05
9.750000000000000000e+01 6.092024742171749270e-05
9.755000000000001137e+01 6.017774515103191857e-05
9.760000000000000853e+01 5.943289296382419756e-05
9.765000000000000568e+01 5.868586267156600245e-05
9.770000000000000284e+01 5.793682673729701183e-05
9.775000000000000000e+01 5.718595827562474070e-05
9.780000000000001137e+01 5.643343105272428299e-05
9.785000000000000853e+01 5.567941925324683844e-05
9.790000000000000568e+01 5.492409506940063946e-05
9.795000000000000284e+01 5.416763315841245739e-05
9.800000000000000000e+01 5.341020901996783641e-05
9.805000000000001137e+01 5.265199807807347085e-05
9.810000000000000853e+01 5.189317568105807933e-05
9.815000000000000568e+01 5.113391710157106984e-05
9.820000000000000284e+01 5.037439753658348160e-05
9.825000000000000000e+01 4.961479210738769374e-05
9.830000000000001137e+01 4.885527585959724910e-05
9.835000000000000853e+01 4.809602376314769446e-05
9.840000000000000568e+01 4.733721071229532695e-05
9.845000000000000284e+01 4.657901152561799365e-05
9.850000000000000000e+01 4.582160094601493575e-05
9.855000000000001137e+01 4.506515364070654456e-05
9.860000000000000853e+01 4.430984420123521537e-05
9.865000000000000568e+01 4.355584714346407349e-05
9.870000000000000284e+01 4.280333690757784159e-05
9.875000000000000000e+01 4.205248785808258903e-05
9.880000000000001137e+01 4.130347276440925929e-05
9.885000000000000853e+01 4.055646296128182160e-05
9.890000000000000568e+01 3.981163192216000758e-05
9.895000000000000284e+01 3.906915236144177652e-05
9.900000000000000000e+01 3.832919617002665275e-05
9.905000000000001137e+01 3.759193441531548846e-05
9.910000000000000853e+01 3.685753734121131073e-05
9.915000000000000568e+01 3.612617436811807470e-05
9.920000000000000284e+01 3.539801409294146317e-05
9.925000000000000000e+01 3.467322428908872398e-05
9.930000000000001137e+01 3.395197190646844637e-05
9.935000000000000853e+01 3.323442307149137415e-05
9.940000000000000568e+01 3.252074308706916564e-05
9.945000000000000284e+01 3.181109643261525424e-05
9.950000000000000000e+01 3.110564676404460453e-05
9.955000000000001137e+01 3.040455691377352924e-05
9.960000000000000853e+01 2.970798889072048552e-05
9.965000000000000568e+01 2.901610388030487214e-05
9.970000000000000284e+01 2.832906224444783585e-05
9.975000000000000000e+01 2.764702244971286988e-05
9.980000000000001137e+01 2.697014007921528416e-05
9.985000000000000853e+01 2.629857225401099408e-05
9.990000000000000568e+01 2.563247476426225427e-05
9.995000000000000284e+01 2.497200187861961919e-05
1.000000000000000000e+02 2.431730634422176363e-05
1.000500000000000114e+02 2.366853938669527259e-05
1.001000000000000085e+02 2.302585071015541041e-05
1.001500000000000057e+02 2.238938849720498915e-05
1.002000000000000028e+02 2.175929940893511734e-05
1.002500000000000000e+02 2.113572858492502040e-05
1.003000000000000114e+02 2.051881964324185433e-05
1.003500000000000085e+02 1.990871468044140704e-05
1.004000000000000057e+02 1.930555427156705817e-05
1.004500000000000028e+02 1.870947747015047369e-05
1.005000000000000000e+02 1.812062180821142631e-05
1.005500000000000114e+02 1.753912329625763284e-05
1.006000000000000085e+02 1.696511642328542508e-05
1.006500000000000057e+02 1.639873415677874687e-05
1.007000000000000028e+02 1.584010789549829902e-05
1.007500000000000000e+02 1.528936524087672971e-05
1.008000000000000114e+02 1.474663300719336869e-05
1.008500000000000085e+02 1.421203720588871693e-05
1.009000000000000057e+02 1.368570175233199679e-05
1.009500000000000028e+02 1.316774846582175165e-05
1.010000000000000000e+02 1.265829706958570365e-05
1.010500000000000114e+02 1.215746519078060968e-05
1.011000000000000085e+02 1.166536836049282552e-05
1.011500000000000057e+02 1.118212001373744861e-05
1.012000000000000028e+02 1.070783148945890083e-05
1.012500000000000000e+02 1.024261203053077266e-05
1.013000000000000114e+02 9.786568783755709644e-06
1.013500000000000085e+02 9.339806799865908781e-06
1.014000000000000057e+02 8.902429033522356175e-06
1.014500000000000028e+02 8.474536343315345433e-06
1.015000000000000000e+02 8.056227491764342131e-06
1.015500000000000114e+02 7.647599145317872008e-06
1.016000000000000085e+02 7.248745874353976673e-06
1.016500000000000057e+02 6.859760153179530893e-06
1.017000000000000028e+02 6.480732093287204209e-06
1.017500000000000000e+02 6.111748066785726341e-06
1.018000000000000114e+02 5.752893457903434217e-06
1.018500000000000085e+02 5.404251500839229137e-06
1.019000000000000057e+02 5.065902944007036037e-06
1.019500000000000028e+02 4.737926050036218533e-06
1.020000000000000000e+02 4.420396595771468814e-06
1.020500000000000114e+02 4.113387872272728012e-06
1.021000000000000085e+02 3.816970684815530103e-06
1.021500000000000057e+02 3.531213352890478018e-06
1.022000000000000028e+02 3.256181710203596427e-06
1.022500000000000000e+02 2.991939104676242380e-06
1.023000000000000114e+02 2.738546398445033736e-06
1.023500000000000085e+02 2.496061967862138417e-06
1.024000000000000057e+02 2.264541703494836076e-06
1.024500000000000028e+02 2.044039010125812438e-06
1.025000000000000000e+02 1.834604806753090264e-06
1.025500000000000114e+02 1.636287526589964981e-06
1.026000000000000085e+02 1.449133117065234227e-06
1.026500000000000057e+02 1.273185039822858188e-06
1.027000000000000028e+02 1.108483842794413035e-06
1.027500000000000000e+02 9.550672196218275979e-07
1.028000000000000114e+02 8.129707136301029908e-07
1.028500000000000085e+02 6.822272160076136096e-07
1.029000000000000057e+02 5.628669624391349685e-07
1.029500000000000028e+02 4.549175331060084474e-07
1.030000000000000000e+02 3.584038526860989407e-07
1.030500000000000114e+02 2.733481903537735754e-07
1.031000000000000085e+02 1.997701597799928728e-07
1.031500000000000057e+02 1.376867191321682356e-07
1.032000000000000028e+02 8.711217107426041513e-08
1.032500000000000000e+02 4.805816276675378300e-08
1.033000000000000114e+02 2.053368586665124868e-08
1.033500000000000085e+02 4.545076527499882410e-09
1.034000000000000057e+02 9.601539934686938334e-11
1.034500000000000028e+02 7.187527628771908813e-09
1.035000000000000000e+02 2.581798285887937885e-08
1.035500000000000114e+02 5.598309522930723046e-08
1.036000000000000085e+02 9.767592337619014143e-08
1.036500000000000057e+02 1.508869661949854778e-07
1.037000000000000028e+02 2.156041020508486606e-07
1.037500000000000000e+02 2.918122145407404881e-07
1.038000000000000114e+02 3.794935684386893132e-07
1.038500000000000085e+02 4.786278279108096550e-07
1.039000000000000057e+02 5.891920565154507735e-07
1.039500000000000028e+02 7.111607172031022784e-07
1.040000000000000000e+02 8.445056723164146167e-07
1.040500000000000114e+02 9.891961835902434888e-07
1.041000000000000085e+02 1.145198912151482878e-06
1.041500000000000057e+02 1.312477918519309840e-06
1.042000000000000028e+02 1.490994662605023891e-06
1.042500000000000000e+02 1.680708003712088292e-06
1.043000000000000114e+02 1.881574200536186171e-06
1.043500000000000085e+02 2.093546911164990127e-06
1.044000000000000057e+02 2.316577193078504434e-06
1.044500000000000028e+02 2.550613503148840360e-06
1.045000000000000000e+02 2.795601697640273139e-06
1.045500000000000114e+02 3.051485032315239664e-06
1.046000000000000085e+02 3.318204977064198747e-06
1.046500000000000057e+02 3.595700241987181395e-06
1.047000000000000028e+02 3.883906298348286362e-06
1.047500000000000000e+02 4.182756283163049525e-06
1.048000000000000114e+02 4.492180999198527747e-06
1.048500000000000085e+02 4.812108914972948623e-06
1.049000000000000057e+02 5.142466164756236916e-06
1.049500000000000028e+02 5.483176548569667270e-06
1.050000000000000000e+02 5.834161532185942986e-06
1.050500000000000114e+02 6.195340247129313757e-06
1.051000000000000085e+02 6.566629490675147921e-06
1.051500000000000057e+02 6.947943725850556720e-06
1.052000000000000028e+02 7.339195081433986877e-06
1.052500000000000000e+02 7.740293351955320551e-06
1.053000000000000114e+02 8.151145997695985446e-06
1.053500000000000085e+02 8.571658144688499109e-06
1.054000000000000057e+02 9.001732584717161802e-06
1.054500000000000028e+02 9.441269775317588943e-06
1.055000000000000000e+02 9.890167860377883916e-06
1.055500000000000114e+02 1.034832434691527723e-05
1.056000000000000085e+02 1.081563371881792971e-05
1.056500000000000057e+02 1.129198736389577509e-05
1.057000000000000028e+02 1.177727480036168132e-05
1.057500000000000000e+02 1.227138367683158266e-05
1.058000000000000114e+02 1.277419977232461864e-05
1.058500000000000085e+02 1.328560699626256823e-05
1.059000000000000057e+02 1.380548738847069853e-05
1.059500000000000028e+02 1.433372111917720240e-05
1.060000000000000000e+02 1.487018648901333226e-05
1.060500000000000114e+02 1.541475992901356778e-05
1.061000000000000085e+02 1.596731600061498236e-05
1.061500000000000057e+02 1.652772739565818496e-05
1.062000000000000028e+02 1.709586493638668488e-05
1.062500000000000000e+02 1.767159757544705607e-05
1.063000000000000114e+02 1.825479239588911667e-05
1.063500000000000085e+02 1.884531461116524466e-05
1.064000000000000057e+02 1.944302756513136715e-05
1.064500000000000028e+02 2.004779273204632681e-05
1.065000000000000000e+02 2.065947099764180774e-05
1.065500000000000114e+02 2.127792273025435308e-05
1.066000000000000085e+02 2.190300417888253114e-05
1.066500000000000057e+02 2.253457026905045842e-05
1.067000000000000028e+02 2.317247469200865641e-05
1.067500000000000000e+02 2.381656990473421075e-05
1.068000000000000114e+02 2.446670712993098134e-05
1.068500000000000085e+02 2.512273635602883999e-05
1.069000000000000057e+02 2.578450633718479189e-05
1.069500000000000028e+02 2.645186459328222688e-05
1.070000000000000000e+02 2.712465740993111926e-05
1.070500000000000114e+02 2.780272983846820067e-05
1.071000000000000085e+02 2.848592569595621805e-05
1.071500000000000057e+02 2.917408756518504834e-05
1.072000000000000028e+02 2.986705679467097001e-05
1.072500000000000000e+02 3.056467349865682237e-05
1.073000000000000114e+02 3.126677655711223588e-05
1.073500000000000085e+02 3.197320361573279532e-05
1.074000000000000057e+02 3.268379108594129343e-05
1.074500000000000028e+02 3.339837417440594475e-05
1.075000000000000000e+02 3.411678975440340445e-05
1.075500000000000114e+02 3.483887256802484082e-05
1.076000000000000085e+02 3.556445480437338199e-05
1.076500000000000057e+02 3.629336817214609692e-05
1.077000000000000028e+02 3.702544389963316869e-05
1.077500000000000000e+02 3.776051273471807748e-05
1.078000000000000114e+02 3.849840494487785804e-05
1.078500000000000085e+02 3.923895031718219845e-05
1.079000000000000057e+02 3.998197815829476829e-05
1.079500000000000028e+02 4.072731729447229705e-05
1.080000000000000000e+02 4.147479607156487905e-05
1.080500000000000114e+02 4.222424235501610223e-05
1.081000000000000085e+02 4.297548352986223496e-05
1.081500000000000057e+02 4.372834650073352709e-05
1.082000000000000028e+02 4.448265769185329519e-05
1.082500000000000000e+02 4.523824304703819352e-05
1.083000000000000114e+02 4.599492802969840387e-05
1.083500000000000085e+02 4.675253762283676810e-05
1.084000000000000057e+02 4.751089632905010959e-05
1.084500000000000028e+02 4.826982830310470234e-05
1.085000000000000000e+02 4.902916060271266874e-05
1.085500000000000114e+02 4.978871811123804084e-05
1.086000000000000085e+02 5.054832440328533308e-05
1.086500000000000057e+02 5.130780337183023026e-05
1.087000000000000028e+02 5.206697922821870662e-05
1.087500000000000000e+02 5.282567650216724270e-05
1.088000000000000114e+02 5.358372004176305568e-05
1.088500000000000085e+02 5.434093501346321854e-05
1.089000000000000057e+02 5.509714690209596103e-05
1.089500000000000028e+02 5.585218151085981591e-05
1.090000000000000000e+02 5.660586496132380868e-05
1.090500000000000114e+02 5.735802369342770149e-05
1.091000000000000085e+02 5.810848446548112583e-05
1.091500000000000057e+02 5.885707435416486318e-05
1.092000000000000028e+02 5.960362075452998451e-05
1.092500000000000000e+02 6.034795137999808057e-05
1.093000000000000114e+02 6.108989426236146529e-05
1.093500000000000085e+02 6.182927775178230154e-05
1.094000000000000057e+02 6.256593051679392933e-05
1.094500000000000028e+02 6.329968198817578990e-05
1.095000000000000000e+02 6.403036509115999004e-05
1.095500000000000114e+02 6.475781073117513624e-05
1.096000000000000085e+02 6.548185010024114229e-05
1.096500000000000057e+02 6.620231546841193280e-05
1.097000000000000028e+02 6.691904018377457580e-05
1.097500000000000000e+02 6.763185867244954027e-05
1.098000000000000114e+02 6.834060643859084521e-05
1.098500000000000085e+02 6.904512006438532777e-05
1.099000000000000057e+02 6.974523721005375463e-05
1.099500000000000028e+02 7.044079661385009008e-05
1.100000000000000000e+02 7.113163809206167227e-05
1.100500000000000114e+02 7.181760253900940289e-05
1.101000000000000085e+02 7.249853192704700184e-05
1.101500000000000057e+02 7.317426930656209137e-05
1.102000000000000028e+02 7.384465880597554561e-05
1.102500000000000000e+02 7.450954563174157187e-05
1.103000000000000114e+02 7.516877606834792744e-05
1.103500000000000085e+02 7.582219747831522849e-05
1.104000000000000057e+02 7.646965831800118889e-05
1.104500000000000028e+02 7.711101034154931369e-05
1.105000000000000000e+02 7.774610606119202567e-05
1.105500000000000114e+02 7.837479812306549993e-05
1.106000000000000085e+02 7.899694089730403953e-05
1.106500000000000057e+02 7.961239047804113261e-05
1.107000000000000028e+02 8.022100468340877472e-05
1.107500000000000000e+02 8.082264305553760436e-05
1.108000000000000114e+02 8.141716686055709272e-05
1.108500000000000085e+02 8.200443908859490674e-05
1.109000000000000057e+02 8.258432445377781705e-05
1.109500000000000028e+02 8.315668939423114241e-05
1.110000000000000000e+02 8.372140207207884452e-05
1.110500000000000114e+02 8.427833237344370420e-05
1.111000000000000085e+02 8.482735190844671157e-05
1.111500000000000057e+02 8.536833401120796049e-05
1.112000000000000028e+02 8.590115373984606576e-05
1.112500000000000000e+02 8.642568787647831230e-05
1.113000000000000114e+02 8.694181492722079057e-05
1.113500000000000085e+02 8.744941549196802943e-05
1.114000000000000057e+02 8.794837356526938137e-05
1.114500000000000028e+02 8.843857365523482845e-05
1.115000000000000000e+02 8.891990220560301204e-05
1.115500000000000114e+02 8.939224786827953170e-05
1.116000000000000085e+02 8.985550150333641666e-05
1.116500000000000057e+02 9.030955617901292539e-05
1.117000000000000028e+02 9.075430717171503064e-05
1.117500000000000000e+02 9.118965196601551426e-05
1.118000000000000114e+02 9.161549025465411632e-05
1.118500000000000085e+02 9.203172393853706074e-05
1.119000000000000057e+02 9.243825712673774651e-05
1.119500000000000028e+02 9.283499613649628685e-05
1.120000000000000000e+02 9.322184949321961768e-05
1.120500000000000114e+02 9.359872793048161954e-05
1.121000000000000085e+02 9.396554439002269754e-05
1.121500000000000057e+02 9.432221402175037757e-05
1.122000000000000028e+02 9.466865418373925220e-05
1.122500000000000000e+02 9.500478516822632134e-05
1.123000000000000114e+02 9.533052970369026372e-05
1.123500000000000085e+02 9.564581234652604861e-05
1.124000000000000057e+02 9.595056016653640788e-05
1.124500000000000028e+02 9.624470274693149724e-05
1.125000000000000000e+02 9.652817218432903172e-05
1.125500000000000114e+02 9.680090308875424505e-05
1.126000000000000085e+02 9.706283258363974052e-05
1.126500000000000057e+02 9.731390030582581633e-05
1.127000000000000028e+02 9.755404840556022156e-05
1.127500000000000000e+02 9.778322154649823753e-05
1.128000000000000114e+02 9.800136690570271846e-05
1.128500000000000085e+02 9.820843417364384751e-05
1.129000000000000057e+02 9.840437555419950268e-05
1.129500000000000028e+02 9.858914576465502646e-05
1.130000000000000000e+02 9.876270203570329358e-05
1.130500000000000114e+02 9.892500421998860858e-05
1.131000000000000085e+02 9.907601503422764505e-05
1.131500000000000057e+02 9.921569958584767156e-05
1.132000000000000028e+02 9.934402560361815977e-05
1.132500000000000000e+02 9.946096346100857853e-05
1.133000000000000114e+02 9.956648617618843455e-05
1.133500000000000085e+02 9.966056941202715042e-05
1.134000000000000057e+02 9.974319147609424078e-05
1.134500000000000028e+02 9.981433332065919037e-05
1.135000000000000000e+02 9.987397854269148114e-05
1.135500000000000114e+02 9.992211338386061930e-05
1.136000000000000085e+02 9.995872673053606764e-05
1.136500000000000057e+02 9.998381011378735389e-05
1.137000000000000028e+02 9.999735771629557498e-05
1.137500000000000000e+02 9.999936641994637586e-05
1.138000000000000114e+02 9.998983578290528064e-05
1.138500000000000085e+02 9.996876801735246252e-05
1.139000000000000057e+02 9.993616798937627515e-05
1.139500000000000028e+02 9.989204321897330685e-05
1.140000000000000000e+02 9.983640388004838063e-05
1.140500000000000114e+02 9.976926280041448637e-05
1.141000000000000085e+02 9.969063546179294350e-05
1.141500000000000057e+02 9.960053999981318415e-05
1.142000000000000028e+02 9.949899720401291577e-05
1.142500000000000000e+02 9.938603051783805335e-05
1.143000000000000114e+02 9.926166603864270592e-05
1.143500000000000085e+02 9.912593240609955171e-05
1.144000000000000057e+02 9.897886093125593282e-05
1.144500000000000028e+02 9.882048563762110610e-05
1.145000000000000000e+02 9.865084311451399431e-05
1.145500000000000114e+02 9.846997251705909336e-05
1.146000000000000085e+02 9.827791556618656712e-05
1.146500000000000057e+02 9.807471654863203058e-05
1.147000000000000028e+02 9.786042231693668542e-05
1.147500000000000000e+02 9.763508228944734705e-05
1.148000000000000114e+02 9.739874845031626848e-05
1.148500000000000085e+02 9.715147534950151979e-05
1.149000000000000057e+02 9.689332010276650018e-05
1.149500000000000028e+02 9.662434223923558317e-05
1.150000000000000000e+02 9.634460363917121174e-05
1.150500000000000114e+02 9.605416907437332934e-05
1.151000000000000085e+02 9.575310571574091947e-05
1.151500000000000057e+02 9.544148310674332688e-05
1.152000000000000028e+02 9.511937316342069116e-05
1.152500000000000000e+02 9.478685017438374352e-05
1.153000000000000114e+02 9.444399080081383388e-05
1.153500000000000085e+02 9.409087407646322899e-05
1.154000000000000057e+02 9.372758140765457039e-05
1.154500000000000028e+02 9.335419657328122671e-05
1.155000000000000000e+02 9.297080572480728017e-05
1.155500000000000114e+02 9.257749738626729616e-05
1.156000000000000085e+02 9.217436245426686536e-05
1.156500000000000057e+02 9.176149392627117160e-05
1.157000000000000028e+02 9.133898661775827492e-05
1.157500000000000000e+02 9.090693840424946166e-05
1.158000000000000114e+02 9.046544928003369033e-05
1.158500000000000085e+02 9.001462128459542108e-05
1.159000000000000057e+02 8.955455850261382971e-05
1.159500000000000028e+02 8.908536706396330909e-05
1.160000000000000000e+02 8.860715514371340137e-05
1.160500000000000114e+02 8.812003296212856762e-05
1.161000000000000085e+02 8.762411278466882480e-05
1.161500000000000057e+02 8.711950892198885128e-05
1.162000000000000028e+02 8.660633772993861024e-05
1.162500000000000000e+02 8.608471760956311932e-05
1.163000000000000114e+02 8.555476900710240994e-05
1.163500000000000085e+02 8.501661441399202871e-05
1.164000000000000057e+02 8.447037827248989267e-05
1.164500000000000028e+02 8.391618576589999156e-05
1.165000000000000000e+02 8.335416501213813785e-05
1.165500000000000114e+02 8.278444624024573588e-05
1.166000000000000085e+02 8.220716125676468997e-05
1.166500000000000057e+02 8.162244344573642871e-05
1.167000000000000028e+02 8.103042776870255542e-05
1.167500000000000000e+02 8.043125076470469912e-05
1.168000000000000114e+02 7.982505055028432477e-05
1.168500000000000085e+02 7.921196681948345156e-05
1.169000000000000057e+02 7.859214084384355515e-05
1.169500000000000028e+02 7.796571547240635372e-05
1.170000000000000000e+02 7.733283513171353694e-05
1.170500000000000114e+02 7.669364582580664395e-05
1.171000000000000085e+02 7.604829513622778168e-05
1.171500000000000057e+02 7.539693222201852710e-05
1.172000000000000028e+02 7.473970781972065903e-05
1.172500000000000000e+02 7.407677315511236105e-05
1.173000000000000114e+02 7.340828039702893188e-05
1.173500000000000085e+02 7.273438463001309997e-05
1.174000000000000057e+02 7.205524194396860360e-05
1.174500000000000028e+02 7.137100940971164873e-05
1.175000000000000000e+02 7.068184507897061085e-05
1.175500000000000114e+02 6.998790798438592653e-05
1.176000000000000085e+02 6.928935813951082531e-05
1.176500000000000057e+02 6.858635653881020480e-05
1.177000000000000028e+02 6.787906515766134897e-05
1.177500000000000000e+02 6.716764695235380618e-05
1.178000000000000114e+02 6.645226586008910459e-05
1.178500000000000085e+02 6.573308679898164661e-05
1.179000000000000057e+02 6.501027566805743496e-05
1.179500000000000028e+02 6.428399934725488585e-05
1.180000000000000000e+02 6.355442569742467986e-05
1.180500000000000114e+02 6.282172356032947737e-05
1.181000000000000085e+02 6.208606225584915904e-05
1.181500000000000057e+02 6.134760986282347087e-05
1.182000000000000028e+02 6.060653749014353409e-05
1.182500000000000000e+02 5.986301697324575874e-05
1.183000000000000114e+02 5.911722043296601905e-05
1.183500000000000085e+02 5.836932027554052761e-05
1.184000000000000057e+02 5.761948919260456817e-05
1.184500000000000028e+02 5.686790016119334273e-05
1.185000000000000000e+02 5.611472644374174785e-05
1.185500000000000114e+02 5.536014158808416467e-05
1.186000000000000085e+02 5.460431942745533974e-05
1.186500000000000057e+02 5.384743408048904339e-05
1.187000000000000028e+02 5.308965995121899125e-05
1.187500000000000000e+02 5.233117172907858679e-05
1.188000000000000114e+02 5.157214438890072477e-05
1.188500000000000085e+02 5.081275319091865187e-05
1.189000000000000057e+02 5.005317368076465207e-05
1.189500000000000028e+02 4.929358168947095466e-05
1.190000000000000000e+02 4.853415304798342546e-05
1.190500000000000114e+02 4.777506105465718211e-05
1.191000000000000085e+02 4.701648129116246046e-05
1.191500000000000057e+02 4.625858977697422316e-05
1.192000000000000028e+02 4.550156207105879427e-05
1.192500000000000000e+02 4.474557327187368309e-05
1.193000000000000114e+02 4.399079801736734016e-05
1.193500000000000085e+02 4.323741048498003144e-05
1.194000000000000057e+02 4.248558439164254404e-05
1.194500000000000028e+02 4.173549299377704678e-05
1.195000000000000000e+02 4.098730908729685983e-05
1.195500000000000114e+02 4.024120500760628528e-05
1.196000000000000085e+02 3.949735262960141354e-05
1.196500000000000057e+02 3.875592336766886292e-05
1.197000000000000028e+02 3.801708817568661992e-05
1.197500000000000000e+02 3.728101754702386979e-05
1.198000000000000114e+02 3.654788151454071873e-05
1.198500000000000085e+02 3.581784965058908837e-05
1.199000000000000057e+02 3.509109106701144179e-05
1.199500000000000028e+02 3.436777381616445710e-05
1.200000000000000000e+02 3.364806274653717383e-05
1.200500000000000114e+02 3.293212465169962966e-05
1.201000000000000085e+02 3.222012565808941593e-05
1.201500000000000057e+02 3.151223070002090096e-05
1.202000000000000028e+02 3.080860351968599573e-05
1.202500000000000000e+02 3.010940666715400819e-05
1.203000000000000114e+02 2.941480150037138237e-05
1.203500000000000085e+02 2.872494818516254883e-05
1.204000000000000057e+02 2.804000569522869133e-05
1.204500000000000028e+02 2.736013181214856681e-05
1.205000000000000000e+02 2.668548312537828853e-05
1.205500000000000114e+02 2.601621503225116342e-05
1.206000000000000085e+02 2.535248173797841715e-05
1.206500000000000057e+02 2.469443625564807948e-05
1.207000000000000028e+02 2.404223040622572617e-05
1.207500000000000000e+02 2.339601481855431306e-05
1.208000000000000114e+02 2.275593892935396593e-05
1.208500000000000085e+02 2.212215098322273271e-05
1.209000000000000057e+02 2.149479798719305238e-05
1.209500000000000028e+02 2.087402325763498115e-05
1.210000000000000000e+02 2.025996972323059579e-05
1.210500000000000114e+02 1.965277997169376613e-05
1.211000000000000085e+02 1.905259475504020701e-05
1.211500000000000057e+02 1.845955298958642450e-05
1.212000000000000028e+02 1.787379175595043082e-05
1.212500000000000000e+02 1.729544629905155462e-05
1.213000000000000114e+02 1.672465002811028171e-05
1.213500000000000085e+02 1.616153451664891240e-05
1.214000000000000057e+02 1.560622950249057549e-05
1.214500000000000028e+02 1.505886288775988563e-05
1.215000000000000000e+02 1.451956073888277388e-05
1.215500000000000114e+02 1.398844728658635558e-05
1.216000000000000085e+02 1.346564492589950124e-05
1.216500000000000057e+02 1.295127421615196412e-05
1.217000000000000028e+02 1.244545388097496974e-05
1.217500000000000000e+02 1.194830080830105328e-05
1.218000000000000114e+02 1.145993005036394265e-05
1.218500000000000085e+02 1.098045482369910401e-05
1.219000000000000057e+02 1.050998613670354965e-05
1.219500000000000028e+02 1.004863115258876768e-05
1.220000000000000000e+02 9.596496699597812489e-06
1.220500000000000114e+02 9.153687674720261858e-06
1.221000000000000085e+02 8.720306653150508927e-06
1.221500000000000057e+02 8.296453888287003259e-06
1.222000000000000028e+02 7.882227311732764146e-06
1.222500000000000000e+02 7.477722533295245083e-06
1.223000000000000114e+02 7.083032840986233815e-06
1.223500000000000085e+02 6.698249201022282633e-06
1.224000000000000057e+02 6.323460257824052770e-06
1.224500000000000028e+02 5.958752334016752314e-06
1.225000000000000000e+02 5.604209430430029486e-06
1.225500000000000114e+02 5.259913226097877771e-06
1.226000000000000085e+02 4.925943078259012846e-06
1.226500000000000057e+02 4.602376022356304222e-06
1.227000000000000028e+02 4.289286772037152175e-06
1.227500000000000000e+02 3.986747719153397957e-06
1.228000000000000114e+02 3.694828933761239097e-06
1.228500000000000085e+02 3.413598164121558894e-06
1.229000000000000057e+02 3.143120230554538849e-06
1.229500000000000028e+02 2.883456948741678255e-06
1.230000000000000000e+02 2.634668544885967431e-06
1.230500000000000114e+02 2.396812665308083842e-06
1.231000000000000085e+02 2.169944355118930449e-06
1.231500000000000057e+02 1.954116058219230839e-06
1.232000000000000028e+02 1.749377617299801326e-06
1.232500000000000000e+02 1.555776273841482557e-06
1.233000000000000114e+02 1.373356668115088266e-06
1.233500000000000085e+02 1.202160839181613643e-06
1.234000000000000057e+02 1.042228224891915369e-06
1.234500000000000028e+02 8.935956618869320549e-07
1.235000000000000000e+02 7.562973855976253726e-07
1.235500000000000114e+02 6.303650302449465989e-07
1.236000000000000085e+02 5.158276288399776448e-07
1.236500000000000057e+02 4.127116131837137923e-07
1.237000000000000028e+02 3.210408138672136189e-07
1.237500000000000000e+02 2.408364602715613051e-07
1.238000000000000114e+02 1.721171805678429169e-07
1.238500000000000085e+02 1.148989765354339255e-07
1.239000000000000057e+02 6.919498522280986319e-08
1.239500000000000028e+02 3.501569271875986105e-08
1.240000000000000000e+02 1.236895565976814247e-08
1.240500000000000114e+02 1.259976056104621880e-09
1.241000000000000085e+02 1.691301291834261737e-09
1.241500000000000057e+02 1.366282412479813344e-08
1.242000000000000028e+02 3.717178268662915362e-08
1.242500000000000000e+02 7.221276048274766363e-08
1.243000000000000114e+02 1.187776863923759351e-07
1.243500000000000085e+02 1.768558346684819081e-07
1.244000000000000057e+02 2.464338249378594085e-07
1.244500000000000028e+02 3.274956222010770869e-07
1.245000000000000000e+02 4.200225368324914159e-07
1.245500000000000114e+02 5.239932245802770375e-07
1.246000000000000085e+02 6.393836865663054520e-07
1.246500000000000057e+02 7.661672692863219423e-07
1.247000000000000028e+02 9.043146646098318593e-07
1.247500000000000000e+02 1.053793909780127516e-06
1.248000000000000114e+02 1.214570512129906856e-06
1.248500000000000085e+02 1.386607883959253269e-06
1.249000000000000057e+02 1.569866081015596086e-06
1.249500000000000028e+02 1.764302521139954330e-06
1.250000000000000000e+02 1.969872132634318094e-06
1.250500000000000114e+02 2.186527354261712073e-06
1.251000000000000085e+02 2.414218135245943573e-06
1.251500000000000057e+02 2.652891935271976891e-06
1.252000000000000028e+02 2.902493724485685147e-06
1.252500000000000000e+02 3.162965983493912104e-06
1.253000000000000114e+02 3.434248703364553495e-06
1.253500000000000085e+02 3.716279385626240225e-06
1.254000000000000057e+02 4.008993042268805937e-06
1.254500000000000028e+02 4.312322195742977841e-06
1.255000000000000000e+02 4.626196878960457188e-06
1.255500000000000114e+02 4.950544635294005662e-06
1.256000000000000085e+02 5.285290518577081582e-06
1.256500000000000057e+02 5.630357093104387086e-06
1.257000000000000028e+02 5.985664433631503904e-06
1.257500000000000000e+02 6.351130873765405790e-06
1.258000000000000114e+02 6.726672861437168133e-06
1.258500000000000085e+02 7.112203085190567518e-06
1.259000000000000057e+02 7.507632073242364611e-06
1.259500000000000028e+02 7.912868233848911181e-06
1.260000000000000000e+02 8.327817855306251740e-06
1.260500000000000114e+02 8.752385105950250598e-06
1.261000000000000085e+02 9.186472034156101433e-06
1.261500000000000057e+02 9.629978568339055738e-06
1.262000000000000028e+02 1.008280251695394171e-05
1.262500000000000000e+02 1.054483956849527773e-05
1.263000000000000114e+02 1.101598329149741472e-05
1.263500000000000085e+02 1.149612513453400074e-05
1.264000000000000057e+02 1.198515442621877558e-05
1.264500000000000028e+02 1.248295837520504216e-05
1.265000000000000000e+02 1.298942207018579192e-05
1.265500000000000114e+02 1.350442847989387081e-05
1.266000000000000085e+02 1.402785845310136945e-05
1.266500000000000057e+02 1.455959071862052099e-05
1.267000000000000028e+02 1.509950274093426316e-05
1.267500000000000000e+02 1.564747142396829069e-05
1.268000000000000114e+02 1.620336945745407510e-05
1.268500000000000085e+02 1.676706780011639591e-05
1.269000000000000057e+02 1.733843584779529617e-05
1.269500000000000028e+02 1.791734143344545909e-05
1.270000000000000000e+02 1.850365082713636045e-05
1.270500000000000114e+02 1.909722873605243127e-05
1.271000000000000085e+02 1.969793830449239374e-05
1.271500000000000057e+02 2.030564111387026747e-05
1.272000000000000028e+02 2.092019718271468509e-05
1.272500000000000000e+02 2.154146496666909218e-05
1.273000000000000114e+02 2.216930135849188953e-05
1.273500000000000085e+02 2.280356168805574199e-05
1.274000000000000057e+02 2.344409972234862540e-05
1.274500000000000028e+02 2.409076766547315232e-05
1.275000000000000000e+02 2.474341615864671779e-05
1.275500000000000114e+02 2.540189428020168559e-05
1.276000000000000085e+02 2.606604954558467340e-05
1.276500000000000057e+02 2.673572797830482529e-05
1.277000000000000028e+02 2.741077688901413583e-05
1.277500000000000000e+02 2.809104070651624808e-05
1.278000000000000114e+02 2.877636135091612551e-05
1.278500000000000085e+02 2.946657988345141609e-05
1.279000000000000057e+02 3.016153650649361782e-05
1.279500000000000028e+02 3.086107056354732311e-05
1.280000000000000000e+02 3.156502053925038827e-05
1.280500000000000114e+02 3.227322405937414350e-05
1.280999999999999943e+02 3.298551789082239345e-05
1.281500000000000057e+02 3.370173794163361608e-05
1.282000000000000171e+02 3.442171926097835382e-05
1.282500000000000000e+02 3.514529603916043327e-05
1.283000000000000114e+02 3.587230160761815787e-05
1.283499999999999943e+02 3.660256843892148215e-05
1.284000000000000057e+02 3.733592814677527113e-05
1.284500000000000171e+02 3.807221148601642720e-05
1.285000000000000000e+02 3.881124835261512337e-05
1.285500000000000114e+02 3.955286778367605690e-05
1.285999999999999943e+02 4.029689795743551518e-05
1.286500000000000057e+02 4.104316652933887537e-05
1.287000000000000171e+02 4.179150371786453206e-05
1.287500000000000000e+02 4.254173645056615716e-05
1.288000000000000114e+02 4.329369048468882837e-05
1.288499999999999943e+02 4.404719150571934343e-05
1.289000000000000057e+02 4.480206512738968286e-05
1.289500000000000171e+02 4.555813689167396735e-05
1.290000000000000000e+02 4.631523226878978596e-05
1.290500000000000114e+02 4.707317665719943614e-05
1.290999999999999943e+02 4.783179538360695575e-05
1.291500000000000057e+02 4.859091370296155860e-05
1.292000000000000171e+02 4.935035679845459872e-05
1.292500000000000000e+02 5.010994978152087816e-05
1.293000000000000114e+02 5.086951769183993446e-05
1.293499999999999943e+02 5.162888549733305236e-05
1.294000000000000057e+02 5.238787809416665866e-05
1.294500000000000171e+02 5.314632030674934070e-05
1.295000000000000000e+02 5.390403688773314064e-05
1.295500000000000114e+02 5.466085251801483611e-05
1.295999999999999943e+02 5.541659180673291806e-05
1.296500000000000057e+02 5.617107987419817225e-05
1.297000000000000171e+02 5.692414503445385367e-05
1.297500000000000000e+02 5.767561285911293136e-05
1.298000000000000114e+02 5.842530893042777905e-05
1.298499999999999943e+02 5.917305954805092232e-05
1.299000000000000057e+02 5.991869172903848095e-05
1.299500000000000171e+02 6.066203320784719418e-05
1.300000000000000000e+02 6.140291243633565395e-05
1.300500000000000114e+02 6.214115858376565338e-05
1.300999999999999943e+02 6.287660153679913071e-05
1.301500000000000057e+02 6.360907189950160481e-05
1.302000000000000171e+02 6.433840099333923434e-05
1.302500000000000000e+02 6.506442085718005099e-05
1.303000000000000114e+02 6.578696424729520631e-05
1.303499999999999943e+02 6.650586463735611215e-05
1.304000000000000057e+02 6.722095621843765263e-05
1.304500000000000171e+02 6.793207389901540578e-05
1.305000000000000000e+02 6.863905330496683629e-05
1.305500000000000114e+02 6.934173077957250157e-05
1.305999999999999943e+02 7.003994338351320580e-05
1.306500000000000057e+02 7.073353054456828150e-05
1.307000000000000171e+02 7.142233362829337594e-05
1.307500000000000000e+02 7.210619272636148501e-05
1.308000000000000114e+02 7.278494932110218319e-05
1.308499999999999943e+02 7.345844632160676211e-05
1.309000000000000057e+02 7.412652806373129337e-05
1.309500000000000171e+02 7.478904031009398585e-05
1.310000000000000000e+02 7.544583025007631054e-05
1.310500000000000114e+02 7.609674649982411184e-05
1.310999999999999943e+02 7.674163910224504614e-05
1.311500000000000057e+02 7.738035952701144144e-05
1.312000000000000171e+02 7.801276067055785783e-05
1.312500000000000000e+02 7.863869685608207687e-05
1.313000000000000114e+02 7.925802383354625354e-05
1.313499999999999943e+02 7.987059877967434126e-05
1.314000000000000057e+02 8.047628029795497859e-05
1.314500000000000171e+02 8.107492841863903619e-05
1.315000000000000000e+02 8.166640459874063330e-05
1.315500000000000114e+02 8.225057172203819483e-05
1.315999999999999943e+02 8.282729539087137520e-05
1.316500000000000057e+02 8.339644347465193831e-05
1.317000000000000171e+02 8.395788395455677810e-05
1.317500000000000000e+02 8.451148678953212298e-05
1.318000000000000114e+02 8.505712393242077210e-05
1.318499999999999943e+02 8.559466932995996762e-05
1.319000000000000057e+02 8.612399892278379350e-05
1.319500000000000171e+02 8.664499064542110194e-05
1.320000000000000000e+02 8.715752442629638079e-05
1.320500000000000114e+02 8.766148218773070217e-05
1.320999999999999943e+02 8.815674784593956767e-05
1.321500000000000057e+02 8.864320731103529356e-05
1.322000000000000171e+02 8.912074848702503213e-05
1.322500000000000000e+02 8.958926127181157130e-05
1.323000000000000114e+02 9.004863755719416131e-05
1.323499999999999943e+02 9.049877122886663093e-05
1.324000000000000057e+02 9.093955816641954230e-05
1.324500000000000171e+02 9.137089624333829358e-05
1.325000000000000000e+02 9.179268602616529624e-05
1.325500000000000114e+02 9.220483082712445150e-05
1.325999999999999943e+02 9.260723514477407076e-05
1.326500000000000057e+02 9.299980584038479968e-05
1.327000000000000171e+02 9.338245216200007017e-05
1.327500000000000000e+02 9.375508574443676445e-05
1.328000000000000114e+02 9.411762060928582495e-05
1.328499999999999943e+02 9.446997316491081769e-05
1.329000000000000057e+02 9.481206220644951797e-05
1.329500000000000171e+02 9.514380891581259575e-05
1.330000000000000000e+02 9.546513686168411710e-05
1.330500000000000114e+02 9.577597199952216762e-05
1.330999999999999943e+02 9.607624267155755139e-05
1.331500000000000057e+02 9.636587960679518690e-05
1.332000000000000171e+02 9.664481592101292794e-05
1.332500000000000000e+02 9.691298711676207865e-05
1.333000000000000114e+02 9.717033108336785427e-05
1.333499999999999943e+02 9.741678844128748163e-05
1.334000000000000057e+02 9.765230255304536749e-05
1.334500000000000171e+02 9.787681894190664825e-05
1.335000000000000000e+02 9.809028572219189585e-05
1.335500000000000114e+02 9.829265360333389056e-05
1.335999999999999943e+02 9.848387588987684855e-05
1.336500000000000057e+02 9.866390848147731628e-05
1.337000000000000171e+02 9.883270987290338448e-05
1.337500000000000000e+02 9.899024115403506766e-05
1.338000000000000114e+02 9.913646600986450734e-05
1.338499999999999943e+02 9.927135072049538933e-05
1.339000000000000057e+02 9.939486416114363487e-05
1.339500000000000171e+02 9.950697780213675018e-05
1.340000000000000000e+02 9.960766570891421939e-05
1.340500000000000114e+02 9.969690463164348202e-05
1.340999999999999943e+02 9.977467402038037256e-05
1.341500000000000057e+02 9.984095591121894774e-05
1.342000000000000171e+02 9.989573500123205563e-05
1.342500000000000000e+02 9.993899864864350699e-05
1.343000000000000114e+02 9.997073687282814303e-05
1.343499999999999943e+02 9.999094235431165920e-05
1.344000000000000057e+02 9.999961043477079495e-05
1.344500000000000171e+02 9.999673911703314399e-05
1.345000000000000000e+02 9.998232906507734401e-05
1.345500000000000114e+02 9.995638360403288696e-05
1.345999999999999943e+02 9.991890871600743148e-05
1.346500000000000057e+02 9.986991301467928388e-05
1.347000000000000171e+02 9.980940783580522673e-05
1.347500000000000000e+02 9.973740717035274291e-05
1.348000000000000114e+02 9.965392764402641608e-05
1.348499999999999943e+02 9.955898851726825596e-05
1.349000000000000057e+02 9.945261168525727823e-05
1.349500000000000171e+02 9.933482167790987040e-05
1.350000000000000000e+02 9.920564565987968341e-05
1.350500000000000114e+02 9.906511343055736060e-05
1.350999999999999943e+02 9.891325742407106622e-05
1.351500000000000057e+02 9.875011270928587561e-05
1.352000000000000171e+02 9.857571690601579101e-05
1.352500000000000000e+02 9.839011017007443676e-05
1.353000000000000114e+02 9.819333545751864241e-05
1.353499999999999943e+02 9.798543825454947666e-05
1.354000000000000057e+02 9.776646656498075413e-05
1.354500000000000171e+02 9.753647091023980779e-05
1.355000000000000000e+02 9.729550432936720440e-05
1.355500000000000114e+02 9.704362237901627015e-05
1.355999999999999943e+02 9.678088313345409354e-05
1.356500000000000057e+02 9.650734718456035989e-05
1.357000000000000171e+02 9.622307764182838131e-05
1.357500000000000000e+02 9.592814013236469013e-05
1.358000000000000114e+02 9.562260280088851036e-05
1.358499999999999943e+02 9.530653605363054648e-05
1.359000000000000057e+02 9.498001262642860479e-05
1.359500000000000171e+02 9.464310814582819792e-05
1.360000000000000000e+02 9.429590053560171390e-05
1.360500000000000114e+02 9.393847000277970446e-05
1.360999999999999943e+02 9.357089903765225384e-05
1.361500000000000057e+02 9.319327241376737958e-05
1.362000000000000171e+02 9.280567718793250977e-05
1.362500000000000000e+02 9.240820270021380539e-05
1.363000000000000114e+02 9.200094057393553692e-05
1.363499999999999943e+02 9.158398471568160221e-05
1.364000000000000057e+02 9.115743131529376465e-05
1.364500000000000171e+02 9.072137884587322528e-05
1.365000000000000000e+02 9.027592806377994516e-05
1.365500000000000114e+02 8.982118193587236609e-05
1.365999999999999943e+02 8.935724477363406540e-05
1.366500000000000057e+02 8.888422384291353611e-05
1.367000000000000171e+02 8.840222870360795707e-05
1.367500000000000000e+02 8.791137082654632842e-05
1.368000000000000114e+02 8.741176359348861780e-05
1.368499999999999943e+02 8.690352229712768484e-05
1.369000000000000057e+02 8.638676414108707204e-05
1.369500000000000171e+02 8.586160823992298346e-05
1.370000000000000000e+02 8.532817561912344449e-05
1.370500000000000114e+02 8.478658921510736669e-05
1.370999999999999943e+02 8.423697387522664846e-05
1.371500000000000057e+02 8.367945635776380332e-05
1.372000000000000171e+02 8.311416533193404703e-05
1.372500000000000000e+02 8.254123137788441664e-05
1.373000000000000114e+02 8.196078698669278118e-05
1.373499999999999943e+02 8.137296616395449790e-05
1.374000000000000057e+02 8.077790357898599594e-05
1.374500000000000171e+02 8.017573711567219487e-05
1.375000000000000000e+02 7.956660626439693794e-05
1.375500000000000114e+02 7.895065191551332026e-05
1.375999999999999943e+02 7.832801635934601983e-05
1.376500000000000057e+02 7.769884328618855990e-05
1.377000000000000171e+02 7.706327778630576205e-05
1.377500000000000000e+02 7.642146634993270257e-05
1.378000000000000114e+02 7.577355686727361473e-05
1.378499999999999943e+02 7.511969862850439604e-05
1.379000000000000057e+02 7.446004232376973503e-05
1.379500000000000171e+02 7.379474004318567276e-05
1.380000000000000000e+02 7.312394527683847790e-05
1.380500000000000114e+02 7.244781291478353548e-05
1.380999999999999943e+02 7.176649924704800313e-05
1.381500000000000057e+02 7.108016196362770757e-05
1.382000000000000171e+02 7.038895902402370530e-05
1.382500000000000000e+02 6.969304897303603332e-05
1.383000000000000114e+02 6.899259327960193867e-05
1.383499999999999943e+02 6.828775421733479121e-05
1.384000000000000057e+02 6.757869482748532508e-05
1.384500000000000171e+02 6.686557891894437627e-05
1.385000000000000000e+02 6.614857106824171716e-05
1.385500000000000114e+02 6.542783661954489093e-05
1.385999999999999943e+02 6.470354168466193570e-05
1.386500000000000057e+02 6.397585314303819962e-05
1.387000000000000171e+02 6.324493864175924113e-05
1.387500000000000000e+02 6.251096659554948728e-05
1.388000000000000114e+02 6.177410618677109529e-05
1.388499999999999943e+02 6.103452736542680539e-05
1.389000000000000057e+02 6.029240084915662718e-05
1.389500000000000171e+02 5.954789812324075347e-05
1.390000000000000000e+02 5.880119144059831342e-05
1.390500000000000114e+02 5.805245371763621489e-05
1.390999999999999943e+02 5.730185612239730510e-05
1.391500000000000057e+02 5.654957192998182546e-05
1.392000000000000171e+02 5.579577569296128312e-05
1.392500000000000000e+02 5.504064201381571493e-05
1.393000000000000114e+02 5.428434554493242033e-05
1.393499999999999943e+02 5.352706098860896997e-05
1.394000000000000057e+02 5.276896309704973630e-05
1.394500000000000171e+02 5.201022667236892931e-05
1.395000000000000000e+02 5.125102656658930904e-05
1.395500000000000114e+02 5.049153768164087099e-05
1.395999999999999943e+02 4.973193496936388868e-05
1.396500000000000057e+02 4.897239343150543741e-05
1.397000000000000171e+02 4.821308811972243680e-05
1.397500000000000000e+02 4.745419413558034296e-05
1.398000000000000114e+02 4.669588663055187458e-05
1.398499999999999943e+02 4.593834080601998771e-05
1.399000000000000057e+02 4.518173191327447404e-05
1.399500000000000171e+02 4.442623525351496283e-05
1.400000000000000000e+02 4.367202464170566608e-05
1.400500000000000114e+02 4.291927265580797928e-05
1.400999999999999943e+02 4.216815409795786422e-05
1.401500000000000057e+02 4.141884312905945730e-05
1.402000000000000171e+02 4.067151321091962748e-05
1.402500000000000000e+02 3.992633710624664815e-05
1.403000000000000114e+02 3.918348687864899092e-05
1.403499999999999943e+02 3.844313389263824624e-05
1.404000000000000057e+02 3.770544881362574200e-05
1.404500000000000171e+02 3.697060160792553865e-05
1.405000000000000000e+02 3.623876154275308751e-05
1.405500000000000114e+02 3.551009718622407204e-05
1.405999999999999943e+02 3.478477640735724028e-05
1.406500000000000057e+02 3.406296637607115227e-05
1.407000000000000171e+02 3.334483356318702609e-05
1.407500000000000000e+02 3.263054374042751132e-05
1.408000000000000114e+02 3.192026198041548969e-05
1.408499999999999943e+02 3.121415265667688718e-05
1.409000000000000057e+02 3.051237944363746212e-05
1.409500000000000171e+02 2.981510390024033497e-05
1.410000000000000000e+02 2.912248533577202914e-05
1.410500000000000114e+02 2.843468460229168140e-05
1.410999999999999943e+02 2.775186122528357864e-05
1.411500000000000057e+02 2.707417331949669271e-05
1.412000000000000171e+02 2.640177758894740107e-05
1.412500000000000000e+02 2.573482932691832130e-05
1.413000000000000114e+02 2.507348241595716925e-05
1.413499999999999943e+02 2.441788932787941201e-05
1.414000000000000057e+02 2.376820112376527613e-05
1.414500000000000171e+02 2.312456745396233282e-05
1.415000000000000000e+02 2.248713655808439675e-05
1.415500000000000114e+02 2.185605526501043511e-05
1.415999999999999943e+02 2.123146899288709855e-05
1.416500000000000057e+02 2.061352174912585818e-05
1.417000000000000171e+02 2.000235613040548909e-05
1.417500000000000000e+02 1.939811332267098951e-05
1.418000000000000114e+02 1.880093310113259493e-05
1.418499999999999943e+02 1.821095383026812258e-05
1.419000000000000057e+02 1.762831227673126590e-05
1.419500000000000171e+02 1.705314124312500856e-05
1.420000000000000000e+02 1.648557358801775602e-05
1.420500000000000114e+02 1.592574105929777593e-05
1.420999999999999943e+02 1.537377339394596176e-05
1.421500000000000057e+02 1.482979831803324935e-05
1.422000000000000171e+02 1.429394154672284796e-05
1.422500000000000000e+02 1.376632678426926964e-05
1.423000000000000114e+02 1.324707572401744656e-05
1.423499999999999943e+02 1.273630804840483337e-05
1.424000000000000057e+02 1.223414142895902027e-05
1.424500000000000171e+02 1.174069152629981161e-05
1.425000000000000000e+02 1.125607199013829924e-05
1.425500000000000114e+02 1.078039445927607648e-05
1.425999999999999943e+02 1.031376856160716087e-05
1.426500000000000057e+02 9.856301914115805427e-06
1.427000000000000171e+02 9.408100122878392639e-06
1.427500000000000000e+02 8.969266783062606040e-06
1.428000000000000114e+02 8.539903478926703473e-06
1.428499999999999943e+02 8.120109783821251803e-06
1.429000000000000057e+02 7.709982737941193615e-06
1.429500000000000171e+02 7.309615813285991300e-06
1.430000000000000000e+02 6.919101828829838838e-06
1.430500000000000114e+02 6.538531350638213662e-06
1.430999999999999943e+02 6.167992509753177355e-06
1.431500000000000057e+02 5.807571002191648555e-06
1.432000000000000171e+02 5.457350088946890339e-06
1.432500000000000000e+02 5.117410595987852933e-06
1.433000000000000114e+02 4.787830914258618898e-06
1.433499999999999943e+02 4.468686999679743140e-06
1.434000000000000057e+02 4.160052373146752816e-06
1.434500000000000171e+02 3.861998120531428890e-06
1.435000000000000000e+02 3.574592892681242015e-06
1.435500000000000114e+02 3.297902905418885811e-06
1.435999999999999943e+02 3.031991939543401732e-06
1.436500000000000057e+02 2.776921340828929686e-06
1.437000000000000171e+02 2.532750020025769374e-06
1.437500000000000000e+02 2.299534452859909332e-06
1.438000000000000114e+02 2.077328680032655936e-06
1.438499999999999943e+02 1.866184306623146312e-06
1.439000000000000057e+02 1.666149825409017626e-06
1.439500000000000171e+02 1.477271126661994048e-06
1.440000000000000000e+02 1.299591993132135746e-06
1.440500000000000114e+02 1.133153564675415513e-06
1.440999999999999943e+02 9.779943382544095197e-07
1.441500000000000057e+02 8.341501679375413412e-07
1.442000000000000171e+02 7.016542648997151100e-07
1.442500000000000000e+02 5.805371974220218101e-07
1.443000000000000114e+02 4.708268908915618226e-07
1.443499999999999943e+02 3.725486278019097352e-07
1.444000000000000057e+02 2.857250477526184042e-07
1.444500000000000171e+02 2.103761474496223545e-07
1.445000000000000000e+02 1.465192807050433848e-07
1.445500000000000114e+02 9.416915843711094722e-08
1.445999999999999943e+02 5.333784867039783364e-08
1.446500000000000057e+02 2.403477653558470086e-08
1.447000000000000171e+02 6.266724269637100400e-09
1.447500000000000000e+02 3.783121570785794518e-11
1.448000000000000114e+02 5.349593823155919845e-09
1.448499999999999943e+02 2.220090900223389606e-08
1.449000000000000057e+02 5.058794660860825914e-08
1.449500000000000171e+02 9.050401958108972536e-08
1.450000000000000000e+02 1.419398092114971996e-07
1.450500000000000114e+02 2.048833718519668792e-07
1.450999999999999943e+02 2.793201389147311689e-07
1.451500000000000057e+02 3.652329168724048516e-07
1.452000000000000171e+02 4.626018872577052636e-07
1.452500000000000000e+02 5.714046066635502854e-07
1.453000000000000114e+02 6.916160067432720589e-07
1.453499999999999943e+02 8.232083942101697011e-07
1.454000000000000057e+02 9.661514508380537873e-07
1.454500000000000171e+02 1.120412233460741572e-06
1.455000000000000000e+02 1.285955173972248314e-06
1.455500000000000114e+02 1.462742079327102795e-06
1.455999999999999943e+02 1.650732131539671068e-06
1.456500000000000057e+02 1.849881887684959024e-06
1.457000000000000171e+02 2.060145279897882461e-06
1.457500000000000000e+02 2.281473615373557403e-06
1.458000000000000114e+02 2.513816229835444133e-06
1.458499999999999943e+02 2.757119793796138918e-06
1.459000000000000057e+02 3.011327716525650468e-06
1.459500000000000171e+02 3.276381013688145801e-06
1.460000000000000000e+02 3.552218308076422255e-06
1.460500000000000114e+02 3.838775829612398764e-06
1.460999999999999943e+02 4.135987415346009213e-06
1.461500000000000057e+02 4.443784509456501786e-06
1.462000000000000171e+02 4.762096163251271752e-06
1.462500000000000000e+02 5.090849035166344276e-06
1.463000000000000114e+02 5.429967390766958025e-06
1.463499999999999943e+02 5.779373102746245488e-06
1.464000000000000057e+02 6.138985650926770345e-06
1.464500000000000171e+02 6.508722122259159504e-06
1.465000000000000000e+02 6.888497210822667230e-06
1.465500000000000114e+02 7.278223217825845990e-06
1.465999999999999943e+02 7.677810051605033655e-06
1.466500000000000057e+02 8.087165227626106861e-06
1.467000000000000171e+02 8.506193899312362007e-06
1.467500000000000000e+02 8.934800444607134487e-06
1.468000000000000114e+02 9.372886066861111203e-06
1.468499999999999943e+02 9.820348952171101010e-06
1.469000000000000057e+02 1.027708532650680582e-05
1.469500000000000171e+02 1.074298945570904013e-05
1.470000000000000000e+02 1.121795364549047812e-05
1.470500000000000114e+02 1.170186824143649220e-05
1.470999999999999943e+02 1.219462162900323365e-05
1.471500000000000057e+02 1.269610023351985014e-05
1.472000000000000171e+02 1.320618852018652740e-05
1.472500000000000000e+02 1.372476899407531250e-05
1.473000000000000114e+02 1.425172220013102024e-05
1.473499999999999943e+02 1.478692672316915448e-05
1.474000000000000057e+02 1.533025918787830018e-05
1.474500000000000171e+02 1.588159425881801936e-05
1.475000000000000000e+02 1.644080464041973542e-05
1.475500000000000114e+02 1.700776107698769534e-05
1.475999999999999943e+02 1.758233235269676065e-05
1.476500000000000057e+02 1.816438529159495531e-05
1.477000000000000171e+02 1.875378630824037674e-05
1.477500000000000000e+02 1.935040054619262834e-05
1.478000000000000114e+02 1.995408929681398449e-05
1.478499999999999943e+02 2.056471247906375180e-05
1.479000000000000057e+02 2.118212866157531549e-05
1.479500000000000171e+02 2.180619506265371355e-05
1.480000000000000000e+02 2.243676755027666328e-05
1.480500000000000114e+02 2.307370064209564553e-05
1.480999999999999943e+02 2.371684750543340424e-05
1.481500000000000057e+02 2.436605995728682300e-05
1.482000000000000171e+02 2.502118846432439404e-05
1.482500000000000000e+02 2.568208214288727882e-05
1.483000000000000114e+02 2.634858875899047005e-05
1.483499999999999943e+02 2.702055472832013208e-05
1.484000000000000057e+02 2.769782511623667054e-05
1.484500000000000171e+02 2.838024363777200826e-05
1.485000000000000000e+02 2.906765265763076433e-05
1.485500000000000114e+02 2.975989319019143659e-05
1.485999999999999943e+02 3.045680489950363014e-05
1.486500000000000057e+02 3.115822626620151029e-05
1.487000000000000171e+02 3.186399757090765727e-05
1.487500000000000000e+02 3.257395586243739378e-05
1.488000000000000114e+02 3.328793619606572026e-05
1.488499999999999943e+02 3.400577301542467162e-05
1.489000000000000057e+02 3.472730015250654950e-05
1.489500000000000171e+02 3.545235082766107622e-05
1.490000000000000000e+02 3.618075764959659420e-05
1.490500000000000114e+02 3.691235261538134668e-05
1.490999999999999943e+02 3.764696711044054358e-05
1.491500000000000057e+02 3.838443190855971574e-05
1.492000000000000171e+02 3.912457717188177407e-05
1.492500000000000000e+02 3.986723245090827665e-05
1.493000000000000114e+02 4.061222668450066207e-05
1.493499999999999943e+02 4.135938819987735590e-05
1.494000000000000057e+02 4.210854471261709113e-05
1.494500000000000171e+02 4.285952332665598076e-05
1.495000000000000000e+02 4.361215053428877146e-05
1.495500000000000114e+02 4.436625221617013779e-05
1.495999999999999943e+02 4.512165364131169392e-05
1.496500000000000057e+02 4.587817987440483711e-05
1.497000000000000171e+02 4.663565881493457596e-05
1.497500000000000000e+02 4.739391518996420924e-05
1.498000000000000114e+02 4.815277292359729304e-05
1.498499999999999943e+02 4.891205612535183848e-05
1.499000000000000057e+02 4.967158909016376766e-05
1.499500000000000171e+02 5.043119629838384397e-05
1.500000000000000000e+02 5.119070241577903412e-05
1.500500000000000114e+02 5.194993229353374146e-05
1.500999999999999943e+02 5.270871096824682439e-05
1.501500000000000057e+02 5.346686366193503868e-05
1.502000000000000171e+02 5.422421578203001532e-05
1.502500000000000000e+02 5.498059292137953441e-05
1.503000000000000114e+02 5.573582085824886688e-05
1.503499999999999943e+02 5.648972555631771159e-05
1.504000000000000057e+02 5.724213316468366482e-05
1.504500000000000171e+02 5.799287001785919125e-05
1.505000000000000000e+02 5.874176263577293857e-05
1.505500000000000114e+02 5.948863772377101141e-05
1.505999999999999943e+02 6.023332217261394912e-05
1.506500000000000057e+02 6.097564382953430745e-05
1.507000000000000171e+02 6.171543368933192519e-05
1.507500000000000000e+02 6.245252025410054668e-05
1.508000000000000114e+02 6.318673250109818997e-05
1.508499999999999943e+02 6.391790036490066886e-05
1.509000000000000057e+02 6.464585473740506907e-05
1.509500000000000171e+02 6.537042746782675319e-05
1.510000000000000000e+02 6.609145136270063456e-05
1.510500000000000114e+02 6.680876018588243772e-05
1.510999999999999943e+02 6.752218865854574389e-05
1.511500000000000057e+02 6.823157245918535206e-05
1.512000000000000171e+02 6.893674822361437870e-05
1.512500000000000000e+02 6.963755354496550462e-05
1.513000000000000114e+02 7.033382697369214048e-05
1.513499999999999943e+02 7.102540801756566209e-05
1.514000000000000057e+02 7.171213714167856809e-05
1.514500000000000171e+02 7.239385576844174243e-05
1.515000000000000000e+02 7.307040627758559271e-05
1.515500000000000114e+02 7.374163200616126995e-05
1.515999999999999943e+02 7.440737727722556804e-05
1.516500000000000057e+02 7.506748978189874523e-05
1.517000000000000171e+02 7.572181763316981711e-05
1.517500000000000000e+02 7.637020900102167828e-05
1.518000000000000114e+02 7.701251368190212309e-05
1.518499999999999943e+02 7.764858309872127060e-05
1.519000000000000057e+02 7.827827030085450553e-05
1.519500000000000171e+02 7.890142996413991680e-05
1.520000000000000000e+02 7.951791839087936819e-05
1.520500000000000114e+02 8.012759350983963676e-05
1.520999999999999943e+02 8.073031487624985139e-05
1.521500000000000057e+02 8.132594367180433887e-05
1.522000000000000171e+02 8.191434270466018438e-05
1.522500000000000000e+02 8.249537640943827509e-05
1.523000000000000114e+02 8.306891084722431656e-05
1.523499999999999943e+02 8.363481370556647462e-05
1.524000000000000057e+02 8.419295429847800454e-05
1.524500000000000171e+02 8.474320356643500135e-05
1.525000000000000000e+02 8.528543407637738914e-05
1.525500000000000114e+02 8.581952026090690540e-05
1.525999999999999943e+02 8.634534008603737593e-05
1.526500000000000057e+02 8.686277197908164852e-05
1.527000000000000171e+02 8.737169603654761302e-05
1.527500000000000000e+02 8.787199449459462527e-05
1.528000000000000114e+02 8.836355172903426604e-05
1.528499999999999943e+02 8.884625425532840300e-05
1.529000000000000057e+02 8.931999072859139982e-05
1.529500000000000171e+02 8.978465194358820523e-05
1.530000000000000000e+02 9.024013083473519329e-05
1.530500000000000114e+02 9.068632247610092234e-05
1.530999999999999943e+02 9.112312408140430539e-05
1.531500000000000057e+02 9.155043500401668368e-05
1.532000000000000171e+02 9.196815673696002416e-05
1.532500000000000000e+02 9.237619291290775979e-05
1.533000000000000114e+02 9.277444930418538580e-05
1.533499999999999943e+02 9.316283382276890120e-05
1.534000000000000057e+02 9.354125652028657059e-05
1.534500000000000171e+02 9.390962997667584491e-05
1.535000000000000000e+02 9.426786981119744408e-05
1.535500000000000114e+02 9.461589307591484414e-05
1.536000000000000227e+02 9.495361922602707299e-05
1.536500000000000057e+02 9.528097019149734011e-05
1.537000000000000171e+02 9.559787037705356507e-05
1.537500000000000000e+02 9.590424666218709006e-05
1.538000000000000114e+02 9.620002840115407581e-05
1.538500000000000227e+02 9.648514742297433606e-05
1.539000000000000057e+02 9.675953803143186609e-05
1.539500000000000171e+02 9.702313700507522222e-05
1.540000000000000000e+02 9.727588359721655957e-05
1.540500000000000114e+02 9.751771953593271628e-05
1.541000000000000227e+02 9.774858902406426478e-05
1.541500000000000057e+02 9.796843873921595909e-05
1.542000000000000171e+02 9.817721783375704648e-05
1.542500000000000000e+02 9.837487794111622662e-05
1.543000000000000114e+02 9.856137356293378105e-05
1.543500000000000227e+02 9.873666173091034037e-05
1.544000000000000057e+02 9.890070192274470534e-05
1.544500000000000171e+02 9.905345624775836614e-05
1.545000000000000000e+02 9.919488944689475694e-05
1.545500000000000114e+02 9.932496889272002846e-05
1.546000000000000227e+02 9.944366458942243802e-05
1.546500000000000057e+02 9.955094917281259357e-05
1.547000000000000171e+02 9.964679791032368401e-05
1.547500000000000000e+02 9.973118870101099136e-05
1.548000000000000114e+02 9.980410207555236504e-05
1.548500000000000227e+02 9.986552119624785603e-05
1.549000000000000057e+02 9.991543185701990651e-05
1.549500000000000171e+02 9.995382251687128688e-05
1.550000000000000000e+02 9.998068433981485226e-05
1.550500000000000114e+02 9.999601113144139996e-05
1.551000000000000227e+02 9.999979935754225123e-05
1.551500000000000057e+02 9.999204814439427446e-05
1.552000000000000171e+02 9.997275927875980388e-05
1.552500000000000000e+02 9.994193720788669376e-05
1.553000000000000114e+02 9.989958903950823708e-05
1.553500000000000227e+02 9.984572454184326043e-05
1.554000000000000057e+02 9.978035614359611043e-05
1.554500000000000171e+02 9.970349893395649113e-05
1.555000000000000000e+02 9.961517066259980278e-05
1.555500000000000114e+02 9.951539167327046176e-05
1.556000000000000227e+02 9.940418498991360457e-05
1.556500000000000057e+02 9.928157633208917654e-05
1.557000000000000171e+02 9.914759401944641564e-05
1.557500000000000000e+02 9.900226897171813330e-05
1.558000000000000114e+02 9.884563470872007745e-05
1.558500000000000227e+02 9.867772735035154239e-05
1.559000000000000057e+02 9.849858561659507062e-05
1.559500000000000171e+02 9.830825082751623600e-05
1.560000000000000000e+02 9.810676690326425363e-05
1.560500000000000114e+02 9.789418036407118023e-05
1.561000000000000227e+02 9.767054029414075833e-05
1.561500000000000057e+02 9.743589810909325727e-05
1.562000000000000171e+02 9.719030808208505359e-05
1.562500000000000000e+02 9.693382702670277874e-05
1.563000000000000114e+02 9.666651419925766206e-05
1.563500000000000227e+02 9.638843129878660147e-05
1.564000000000000057e+02 9.609964246705164843e-05
1.564500000000000171e+02 9.580021428853961491e-05
1.565000000000000000e+02 9.549021579046315764e-05
1.565500000000000114e+02 9.516971844275939570e-05
1.566000000000000227e+02 9.483879615809122517e-05
1.566500000000000057e+02 9.449752529184669565e-05
1.567000000000000171e+02 9.414598464213853597e-05
1.567500000000000000e+02 9.378425544980540100e-05
1.568000000000000114e+02 9.341242107277094957e-05
1.568500000000000227e+02 9.303056702738338906e-05
1.569000000000000057e+02 9.263878177722134502e-05
1.569500000000000171e+02 9.223715596339957564e-05
1.570000000000000000e+02 9.182578238331111462e-05
1.570500000000000114e+02 9.140475599062545511e-05
1.571000000000000227e+02 9.097417389529018962e-05
1.571500000000000057e+02 9.053413536353037297e-05
1.572000000000000171e+02 9.008474181784762792e-05
1.572500000000000000e+02 8.962609683702206953e-05
1.573000000000000114e+02 8.915830615611010975e-05
1.573500000000000227e+02 8.868147766644639534e-05
1.574000000000000057e+02 8.819572141564294056e-05
1.574500000000000171e+02 8.770114960758834113e-05
1.575000000000000000e+02 8.719787660244975285e-05
1.575500000000000114e+02 8.668601836030809585e-05
1.576000000000000227e+02 8.616569244077355578e-05
1.576500000000000057e+02 8.563701945866089940e-05
1.577000000000000171e+02 8.510012179756561265e-05
1.577500000000000000e+02 8.455512357063018844e-05
1.578000000000000114e+02 8.400215062054172774e-05
1.578500000000000227e+02 8.344133051953401322e-05
1.579000000000000057e+02 8.287279256938668247e-05
1.579500000000000171e+02 8.229666780142417095e-05
1.580000000000000000e+02 8.171308897651805654e-05
1.580500000000000114e+02 8.112219058508436263e-05
1.581000000000000227e+02 8.052410884708594333e-05
1.581500000000000057e+02 7.991898171203143993e-05
1.582000000000000171e+02 7.930694885897427804e-05
1.582500000000000000e+02 7.868815169651507989e-05
1.583000000000000114e+02 7.806273336279883192e-05
1.583500000000000227e+02 7.743083815416625223e-05
1.584000000000000057e+02 7.679261082131638456e-05
1.584500000000000171e+02 7.614819932571464218e-05
1.585000000000000000e+02 7.549775295705763746e-05
1.585500000000000114e+02 7.484142217370373489e-05
1.586000000000000227e+02 7.417935860267557181e-05
1.586500000000000057e+02 7.351171503965902849e-05
1.587000000000000171e+02 7.283864544900198125e-05
1.587500000000000000e+02 7.216030496371708073e-05
1.588000000000000114e+02 7.147684988547856706e-05
1.588500000000000227e+02 7.078843768462510233e-05
1.589000000000000057e+02 7.009522700015846956e-05
1.589500000000000171e+02 6.939737763974252913e-05
1.590000000000000000e+02 6.869505057970586156e-05
1.590500000000000114e+02 6.798840796503869105e-05
1.591000000000000227e+02 6.727761310939558244e-05
1.591500000000000057e+02 6.656283049509434347e-05
1.592000000000000171e+02 6.584422521387485417e-05
1.592500000000000000e+02 6.512196154628424746e-05
1.593000000000000114e+02 6.439620690209341082e-05
1.593500000000000227e+02 6.366712952768045026e-05
1.594000000000000057e+02 6.293489816749216691e-05
1.594500000000000171e+02 6.219968206404275597e-05
1.595000000000000000e+02 6.146165095791681536e-05
1.595500000000000114e+02 6.072097508776588311e-05
1.596000000000000227e+02 5.997782519031147981e-05
1.596500000000000057e+02 5.923237250034378733e-05
1.597000000000000171e+02 5.848478875072038837e-05
1.597500000000000000e+02 5.773524617236925482e-05
1.598000000000000114e+02 5.698391749428531898e-05
1.598500000000000227e+02 5.623097594353347541e-05
1.599000000000000057e+02 5.547659524524730702e-05
1.599500000000000171e+02 5.472094962262777048e-05
1.600000000000000000e+02 5.396421379694622518e-05
1.600500000000000114e+02 5.320656298754098415e-05
1.601000000000000227e+02 5.244817207291023166e-05
1.601500000000000057e+02 5.168921426456649033e-05
1.602000000000000171e+02 5.092986561277772472e-05
1.602500000000000000e+02 5.017030220931223118e-05
1.603000000000000114e+02 4.941069990686318896e-05
1.603500000000000227e+02 4.865123431905170949e-05
1.604000000000000057e+02 4.789208082042549470e-05
1.604500000000000171e+02 4.713341454645756984e-05
1.605000000000000000e+02 4.637541039354932604e-05
1.605500000000000114e+02 4.561824301902702377e-05
1.606000000000000227e+02 4.486208684114483534e-05
1.606500000000000057e+02 4.410711603908354389e-05
1.607000000000000171e+02 4.335350455294927622e-05
1.607500000000000000e+02 4.260142608377647758e-05
1.608000000000000114e+02 4.185105409352449642e-05
1.608500000000000227e+02 4.110256180508058626e-05
1.609000000000000057e+02 4.035612220225861147e-05
1.609500000000000171e+02 3.961190802979777328e-05
1.610000000000000000e+02 3.887009179336559816e-05
1.610500000000000114e+02 3.813084362915435718e-05
1.611000000000000227e+02 3.739433314848152041e-05
1.611500000000000057e+02 3.666073140989616790e-05
1.612000000000000171e+02 3.593020849043065907e-05
1.612500000000000000e+02 3.520293348476271380e-05
1.613000000000000114e+02 3.447907450521210562e-05
1.613500000000000227e+02 3.375879868174356196e-05
1.614000000000000057e+02 3.304227216196549020e-05
1.614500000000000171e+02 3.232966011112880540e-05
1.615000000000000000e+02 3.162112671212973566e-05
1.615500000000000114e+02 3.091683516550662369e-05
1.616000000000000227e+02 3.021694768944269838e-05
1.616500000000000057e+02 2.952162551976490241e-05
1.617000000000000171e+02 2.883102890994270650e-05
1.617500000000000000e+02 2.814531713109085032e-05
1.618000000000000114e+02 2.746464847196622211e-05
1.618500000000000227e+02 2.678918023897058602e-05
1.619000000000000057e+02 2.611906875614940655e-05
1.619500000000000171e+02 2.545446936519069986e-05
1.620000000000000000e+02 2.479553525782035513e-05
1.620500000000000114e+02 2.414241680138786797e-05
1.621000000000000227e+02 2.349526563352707082e-05
1.621500000000000057e+02 2.285423187166406596e-05
1.622000000000000171e+02 2.221946397363265834e-05
1.622500000000000000e+02 2.159110873767689672e-05
1.623000000000000114e+02 2.096931130244818699e-05
1.623500000000000227e+02 2.035421514700780273e-05
1.624000000000000057e+02 1.974596209082580444e-05
1.624500000000000171e+02 1.914469229377999934e-05
1.625000000000000000e+02 1.855054425615836733e-05
1.625500000000000114e+02 1.796365481865632333e-05
1.626000000000000227e+02 1.738415916237909915e-05
1.626500000000000057e+02 1.681219080884069656e-05
1.627000000000000171e+02 1.624788161996293525e-05
1.627500000000000000e+02 1.569136179807772283e-05
1.628000000000000114e+02 1.514275988592449512e-05
1.628500000000000227e+02 1.460220276665242523e-05
1.629000000000000057e+02 1.406981566381945961e-05
1.629500000000000171e+02 1.354572210631851160e-05
1.630000000000000000e+02 1.303004185882263901e-05
1.630500000000000114e+02 1.252289360512040105e-05
1.631000000000000227e+02 1.202439508964981731e-05
1.631500000000000057e+02 1.153466185846804435e-05
1.632000000000000171e+02 1.105380725925054400e-05
1.632500000000000000e+02 1.058194244129303821e-05
1.633000000000000114e+02 1.011917635550930516e-05
1.633500000000000227e+02 9.665615754433085001e-06
1.634000000000000057e+02 9.221365192217237979e-06
1.634500000000000171e+02 8.786527024633021023e-06
1.635000000000000000e+02 8.361201409071834339e-06
1.635500000000000114e+02 7.945486304543252911e-06
1.636000000000000227e+02 7.539477471676723099e-06
1.636500000000000057e+02 7.143268472720815564e-06
1.637000000000000171e+02 6.756950671542579822e-06
1.637500000000000000e+02 6.380613233629099403e-06
1.638000000000000114e+02 6.014343126085739334e-06
1.638500000000000227e+02 5.658225117637651319e-06
1.639000000000000057e+02 5.312341778629126607e-06
1.639500000000000171e+02 4.976773258713381863e-06
1.640000000000000000e+02 4.651596049760560231e-06
1.640500000000000114e+02 4.336885372866701707e-06
1.641000000000000227e+02 4.032714210740328008e-06
1.641500000000000057e+02 3.739153003986289831e-06
1.642000000000000171e+02 3.456269651105291671e-06
1.642500000000000000e+02 3.184129508495046745e-06
1.643000000000000114e+02 2.922795390448986966e-06
1.643500000000000227e+02 2.672327569157367469e-06
1.644000000000000057e+02 2.432783774706768138e-06
1.644500000000000171e+02 2.204219195079715401e-06
1.645000000000000000e+02 1.986686476155623285e-06
1.645500000000000114e+02 1.780235721709746060e-06
1.646000000000000227e+02 1.584914493414068895e-06
1.646500000000000057e+02 1.400767810836901281e-06
1.647000000000000171e+02 1.227838151442594545e-06
1.647500000000000000e+02 1.066165450592259713e-06
1.648000000000000114e+02 9.157871015429763781e-07
1.648500000000000227e+02 7.767379554484584695e-07
1.649000000000000057e+02 6.490503213587463572e-07
1.649500000000000171e+02 5.327536324057263952e-07
1.650000000000000000e+02 4.278745229547078530e-07
1.650500000000000114e+02 3.344372607604219051e-07
1.651000000000000227e+02 2.524634516232134877e-07
1.651500000000000057e+02 1.819720390454281429e-07
1.652000000000000171e+02 1.229793042313218622e-07
1.652500000000000000e+02 7.549886608732377337e-08
1.653000000000000114e+02 3.954168122176953614e-08
1.653500000000000227e+02 1.511604394510595392e-08
1.654000000000000057e+02 2.227586269779747743e-09
1.654500000000000171e+02 8.792779102465559499e-10
1.655000000000000000e+02 1.107142628300481553e-08
1.655500000000000114e+02 3.280167650658983290e-08
1.656000000000000227e+02 6.606501140154900817e-08
1.656500000000000057e+02 1.108537514904320943e-07
1.657000000000000171e+02 1.671575549978936879e-07
1.657500000000000000e+02 2.349634178505009532e-07
1.658000000000000114e+02 3.142556736769884726e-07
1.658500000000000227e+02 4.050159938080067839e-07
1.659000000000000057e+02 5.072236240386460127e-07
1.659500000000000171e+02 6.208551580247334949e-07
1.660000000000000000e+02 7.458841215449827182e-07
1.660500000000000114e+02 8.822814737820535884e-07
1.661000000000000227e+02 1.030015613413424793e-06
1.661500000000000057e+02 1.189052378611577713e-06
1.662000000000000171e+02 1.359355047044296167e-06
1.662500000000000000e+02 1.540884335874019596e-06
1.663000000000000114e+02 1.733598401758614813e-06
1.663500000000000227e+02 1.937452840850670643e-06
1.664000000000000057e+02 2.152400688797780825e-06
1.664500000000000171e+02 2.378392420742935134e-06
1.665000000000000000e+02 2.615375951323652229e-06
1.665500000000000114e+02 2.863296634673004988e-06
1.666000000000000227e+02 3.122097264418695122e-06
1.666500000000000057e+02 3.391718073683425871e-06
1.667000000000000171e+02 3.672096735085394554e-06
1.667500000000000000e+02 3.963168360737199897e-06
1.668000000000000114e+02 4.264865575539717306e-06
1.668500000000000227e+02 4.577119641264940227e-06
1.669000000000000057e+02 4.899858360850075513e-06
1.669500000000000171e+02 5.233006740749378530e-06
1.670000000000000000e+02 5.576487536443054549e-06
1.670500000000000114e+02 5.930221252438773233e-06
1.671000000000000227e+02 6.294126142270315082e-06
1.671500000000000057e+02 6.668118208498133863e-06
1.672000000000000171e+02 7.052111202710018143e-06
1.672500000000000000e+02 7.446016625519590345e-06
1.673000000000000114e+02 7.849743726568051636e-06
1.673500000000000227e+02 8.263199504522628471e-06
1.674000000000000057e+02 8.686288707077221416e-06
1.674500000000000171e+02 9.118913830953152236e-06
1.675000000000000000e+02 9.560975121897458815e-06
1.675500000000000114e+02 1.001237057468487552e-05
1.676000000000000227e+02 1.047299593311607136e-05
1.676500000000000057e+02 1.094274469001840219e-05
1.677000000000000171e+02 1.142150808724671195e-05
1.677500000000000000e+02 1.190917524822576418e-05
1.678000000000000114e+02 1.240563508986284280e-05
1.678500000000000227e+02 1.291077286002412046e-05
1.679000000000000057e+02 1.342447119950550269e-05
1.679500000000000171e+02 1.394661100248271085e-05
1.680000000000000000e+02 1.447707141650923062e-05
1.680500000000000114e+02 1.501572984251868202e-05
1.681000000000000227e+02 1.556246193482272041e-05
1.681500000000000057e+02 1.611714160111192763e-05
1.682000000000000171e+02 1.667964100245676910e-05
1.682500000000000000e+02 1.724983055330537801e-05
1.683000000000000114e+02 1.782757892148612182e-05
1.683500000000000227e+02 1.841275302820532883e-05
1.684000000000000057e+02 1.900521804804826393e-05
1.684500000000000171e+02 1.960483740898012137e-05
1.685000000000000000e+02 2.021147279234370049e-05
1.685500000000000114e+02 2.082498413286210603e-05
1.686000000000000227e+02 2.144522961863634257e-05
1.686500000000000057e+02 2.207206569114634456e-05
1.687000000000000171e+02 2.270534704525205370e-05
1.687500000000000000e+02 2.334492827794527677e-05
1.688000000000000114e+02 2.399066314635523762e-05
1.688500000000000227e+02 2.464240152752824944e-05
1.689000000000000057e+02 2.529999218497025723e-05
1.689500000000000171e+02 2.596328280144117188e-05
1.690000000000000000e+02 2.663211997895224777e-05
1.690500000000000114e+02 2.730634923876909816e-05
1.691000000000000227e+02 2.798581502140904911e-05
1.691500000000000057e+02 2.867036068664224736e-05
1.692000000000000171e+02 2.935982851349286653e-05
1.692500000000000000e+02 3.005405970023635256e-05
1.693000000000000114e+02 3.075289436440258484e-05
1.693500000000000227e+02 3.145617154277308099e-05
1.694000000000000057e+02 3.216372919138221997e-05
1.694500000000000171e+02 3.287540418551841443e-05
1.695000000000000000e+02 3.359103231972132558e-05
1.695500000000000114e+02 3.431044830778506844e-05
1.696000000000000227e+02 3.503348578275538607e-05
1.696500000000000057e+02 3.575997729693086935e-05
1.697000000000000171e+02 3.648975436663296471e-05
1.697500000000000000e+02 3.722265047477400340e-05
1.698000000000000114e+02 3.795849694016218854e-05
1.698500000000000227e+02 3.869712276908736208e-05
1.699000000000000057e+02 3.943835665735684380e-05
1.699500000000000171e+02 4.018202699029663758e-05
1.700000000000000000e+02 4.092796184274855817e-05
1.700500000000000114e+02 4.167598897907355164e-05
1.701000000000000227e+02 4.242593585314874763e-05
1.701500000000000057e+02 4.317762960836873335e-05
1.702000000000000171e+02 4.393089707764684783e-05
1.702500000000000000e+02 4.468556478341216646e-05
1.703000000000000114e+02 4.544145893761294334e-05
1.703500000000000227e+02 4.619840544171358910e-05
1.704000000000000057e+02 4.695622988669600578e-05
1.704500000000000171e+02 4.771475755306079980e-05
1.705000000000000000e+02 4.847381341082435461e-05
1.705500000000000114e+02 4.923322211952221205e-05
1.706000000000000227e+02 4.999280802820609080e-05
1.706500000000000057e+02 5.075239517544514675e-05
1.707000000000000171e+02 5.151180743854176356e-05
1.707500000000000000e+02 5.227087177553876060e-05
1.708000000000000114e+02 5.302941308429772832e-05
1.708500000000000227e+02 5.378725519774899227e-05
1.709000000000000057e+02 5.454422243582404412e-05
1.709500000000000171e+02 5.530013960545682915e-05
1.710000000000000000e+02 5.605483200058073757e-05
1.710500000000000114e+02 5.680812540213205368e-05
1.711000000000000227e+02 5.755984607804693362e-05
1.711500000000000057e+02 5.830982078326269965e-05
1.712000000000000171e+02 5.905787675971911410e-05
1.712500000000000000e+02 5.980384173635542488e-05
1.713000000000000114e+02 6.054754392911371977e-05
1.713500000000000227e+02 6.128881204093599908e-05
1.714000000000000057e+02 6.202747526176541565e-05
1.714500000000000171e+02 6.276336326854757596e-05
1.715000000000000000e+02 6.349630622522753820e-05
1.715500000000000114e+02 6.422613478275324107e-05
1.716000000000000227e+02 6.495268007907249513e-05
1.716500000000000057e+02 6.567577373913431095e-05
1.717000000000000171e+02 6.639524847767756496e-05
1.717500000000000000e+02 6.711094043102379869e-05
1.718000000000000114e+02 6.782268381398464611e-05
1.718500000000000227e+02 6.853031350993930523e-05
1.719000000000000057e+02 6.923366563016381372e-05
1.719500000000000171e+02 6.993257751383229572e-05
1.720000000000000000e+02 7.062688772801412941e-05
1.720500000000000114e+02 7.131643606767714533e-05
1.721000000000000227e+02 7.200106355568483465e-05
1.721500000000000057e+02 7.268061244279758236e-05
1.722000000000000171e+02 7.335492620767377866e-05
1.722500000000000000e+02 7.402384955686713548e-05
1.723000000000000114e+02 7.468722842482976298e-05
1.723500000000000227e+02 7.534490997390947255e-05
1.724000000000000057e+02 7.599674259435098298e-05
1.724500000000000171e+02 7.664257590429693692e-05
1.725000000000000000e+02 7.728226074978542079e-05
1.725500000000000114e+02 7.791564920475278365e-05
1.726000000000000227e+02 7.854259457103118422e-05
1.726500000000000057e+02 7.916295155397513981e-05
1.727000000000000171e+02 7.977657850380524710e-05
1.727500000000000000e+02 8.038333371330971821e-05
1.728000000000000114e+02 8.098307648316041541e-05
1.728500000000000227e+02 8.157566795624684997e-05
1.729000000000000057e+02 8.216097111767736130e-05
1.729500000000000171e+02 8.273885079477999785e-05
1.730000000000000000e+02 8.330917365710022670e-05
1.730500000000000114e+02 8.387180821640357632e-05
1.731000000000000227e+02 8.442662482667337334e-05
1.731500000000000057e+02 8.497349568411167759e-05
1.732000000000000171e+02 8.551229482714023085e-05
1.732500000000000000e+02 8.604289813639828843e-05
1.733000000000000114e+02 8.656518333474509923e-05
1.733500000000000227e+02 8.707902998725769678e-05
1.734000000000000057e+02 8.758431950123194267e-05
1.734500000000000171e+02 8.808093512618325846e-05
1.735000000000000000e+02 8.856876195384470122e-05
1.735500000000000114e+02 8.904768691816917256e-05
1.736000000000000227e+02 8.951759987699798682e-05
1.736500000000000057e+02 8.997839295831032566e-05
1.737000000000000171e+02 9.042995934927787222e-05
1.737500000000000000e+02 9.087219452398788032e-05
1.738000000000000114e+02 9.130499624508221703e-05
1.738500000000000227e+02 9.172826456375556025e-05
1.739000000000000057e+02 9.214190181975617116e-05
1.739500000000000171e+02 9.254581264138659897e-05
1.740000000000000000e+02 9.293990394550205461e-05
1.740500000000000114e+02 9.332408493751219968e-05
1.741000000000000227e+02 9.369826711137961496e-05
1.741500000000000057e+02 9.406236424962047813e-05
1.742000000000000171e+02 9.441629242330514644e-05
1.742500000000000000e+02 9.475996999205676084e-05
1.743000000000000114e+02 9.509331760405279098e-05
1.743500000000000227e+02 9.541625819602374769e-05
1.744000000000000057e+02 9.572871699325367087e-05
1.744500000000000171e+02 9.603062177859586913e-05
1.745000000000000000e+02 9.632190335523332426e-05
1.745500000000000114e+02 9.660249431312045959e-05
1.746000000000000227e+02 9.687232973412425853e-05
1.746500000000000057e+02 9.713134725605335532e-05
1.747000000000000171e+02 9.737948707265841448e-05
1.747500000000000000e+02 9.761669193363116859e-05
1.748000000000000114e+02 9.784290714460547539e-05
1.748500000000000227e+02 9.805808056715646398e-05
1.749000000000000057e+02 9.826216261880083296e-05
1.749500000000000171e+02 9.845510627299731120e-05
1.750000000000000000e+02 9.863686705914574986e-05
1.750500000000000114e+02 9.880740306258804393e-05
1.751000000000000227e+02 9.896667492460740044e-05
1.751500000000000057e+02 9.911464584242869074e-05
1.752000000000000171e+02 9.925128156921859967e-05
1.752500000000000000e+02 9.937655048269870947e-05
1.753000000000000114e+02 9.949042379768537861e-05
1.753500000000000227e+02 9.959287521611655822e-05
1.754000000000000057e+02 9.968388107421682779e-05
1.754500000000000171e+02 9.976342036417796915e-05
1.755000000000000000e+02 9.983147473415862768e-05
1.755500000000000114e+02 9.988802848828465112e-05
1.756000000000000227e+02 9.993306858664883206e-05
1.756500000000000057e+02 9.996658464531101636e-05
1.757000000000000171e+02 9.998856893629815739e-05
1.757500000000000000e+02 9.999901638760420755e-05
1.758000000000000114e+02 9.999792458319017256e-05
1.758500000000000227e+02 9.998529375980283180e-05
1.759000000000000057e+02 9.996112680485344266e-05
1.759500000000000171e+02 9.992542932347152481e-05
1.760000000000000000e+02 9.987820957807465674e-05
1.760500000000000114e+02 9.981947847558471560e-05
1.761000000000000227e+02 9.974924956742810766e-05
1.761500000000000057e+02 9.966753904953564629e-05
1.762000000000000171e+02 9.957436576234248425e-05
1.762500000000000000e+02 9.946975119078837113e-05
1.763000000000000114e+02 9.935371946431724682e-05
1.763500000000000227e+02 9.922629735687768873e-05
1.764000000000000057e+02 9.908751428692268138e-05
1.764500000000000171e+02 9.893740231387289472e-05
1.765000000000000000e+02 9.877599597604325870e-05
1.765500000000000114e+02 9.860333255198083032e-05
1.766000000000000227e+02 9.841945198234593997e-05
1.766500000000000057e+02 9.822439674707030997e-05
1.767000000000000171e+02 9.801821186535668860e-05
1.767500000000000000e+02 9.780094489567969036e-05
1.768000000000000114e+02 9.757264593578482024e-05
1.768500000000000227e+02 9.733336762268934102e-05
1.769000000000000057e+02 9.708316513268189381e-05
1.769500000000000171e+02 9.682209618132209153e-05
1.770000000000000000e+02 9.655022102344152171e-05
1.770500000000000114e+02 9.626760245314254039e-05
1.771000000000000227e+02 9.597430571706228801e-05
1.771500000000000057e+02 9.567039820600664515e-05
1.772000000000000171e+02 9.535595025433955515e-05
1.772500000000000000e+02 9.503103461910735025e-05
1.773000000000000114e+02 9.469572637976085203e-05
1.773500000000000227e+02 9.435010293815659108e-05
1.774000000000000057e+02 9.399424401855631915e-05
1.774500000000000171e+02 9.362823166762639928e-05
1.775000000000000000e+02 9.325215025443917461e-05
1.775500000000000114e+02 9.286608647047135559e-05
1.776000000000000227e+02 9.247012932960545662e-05
1.776500000000000057e+02 9.206437016812924032e-05
1.777000000000000171e+02 9.164890264473494509e-05
1.777500000000000000e+02 9.122382274052093850e-05
1.778000000000000114e+02 9.078922873729039435e-05
1.778500000000000227e+02 9.034522040517729380e-05
1.779000000000000057e+02 8.989190026619210347e-05
1.779500000000000171e+02 8.942937333213171606e-05
1.780000000000000000e+02 8.895774658375671265e-05
1.780500000000000114e+02 8.847712897078923496e-05
1.781000000000000227e+02 8.798763141191486914e-05
1.781500000000000057e+02 8.748936679478187329e-05
1.782000000000000171e+02 8.698244997600026941e-05
1.782500000000000000e+02 8.646699778114388989e-05
1.783000000000000114e+02 8.594312900474801930e-05
1.783500000000000227e+02 8.541096441031145443e-05
1.784000000000000057e+02 8.487062673029567756e-05
1.784500000000000171e+02 8.432224066612386713e-05
1.785000000000000000e+02 8.376593288818306613e-05
1.785500000000000114e+02 8.320183203582174269e-05
1.786000000000000227e+02 8.263006832470971375e-05
1.786500000000000057e+02 8.205077278008684506e-05
1.787000000000000171e+02 8.146407963466688036e-05
1.787500000000000000e+02 8.087012478161385084e-05
1.788000000000000114e+02 8.026904559004920548e-05
1.788500000000000227e+02 7.966098090505410148e-05
1.789000000000000057e+02 7.904607104766844198e-05
1.789500000000000171e+02 7.842445781488979186e-05
1.790000000000000000e+02 7.779628447967581724e-05
1.790500000000000114e+02 7.716169579094150715e-05
1.791000000000000227e+02 7.652083797356162658e-05
1.791500000000000057e+02 7.587385872836968647e-05
1.792000000000000171e+02 7.522090723215676467e-05
1.792500000000000000e+02 7.456213413767418929e-05
1.793000000000000114e+02 7.389769157363047585e-05
1.793500000000000227e+02 7.322773314469398361e-05
1.794000000000000057e+02 7.255241393149183132e-05
1.794500000000000171e+02 7.187188901704944714e-05
1.795000000000000000e+02 7.118631489662732067e-05
1.795500000000000114e+02 7.049585062403420407e-05
1.796000000000000227e+02 6.980065611147658012e-05
1.796500000000000057e+02 6.910089212936010414e-05
1.797000000000000171e+02 6.839672030628843845e-05
1.797500000000000000e+02 6.768830312906604421e-05
1.798000000000000114e+02 6.697580394269492883e-05
1.798500000000000227e+02 6.625938695037753262e-05
1.799000000000000057e+02 6.553921721351546842e-05
1.799500000000000171e+02 6.481546065170832899e-05
1.800000000000000000e+02 6.408828404275651949e-05
1.800500000000000114e+02 6.335785502265800485e-05
1.801000000000000227e+02 6.262434208561114225e-05
1.801500000000000057e+02 6.188791458401352919e-05
1.802000000000000171e+02 6.114874272846066176e-05
1.802500000000000000e+02 6.040699758774890942e-05
1.803000000000000114e+02 5.966285064611134928e-05
1.803500000000000227e+02 5.891647186262515494e-05
1.804000000000000057e+02 5.816803412074664296e-05
1.804500000000000171e+02 5.741771099115938932e-05
1.805000000000000000e+02 5.666567619368890606e-05
1.805500000000000114e+02 5.591210359729923280e-05
1.806000000000000227e+02 5.515716722009594543e-05
1.806500000000000057e+02 5.440104122932484148e-05
1.807000000000000171e+02 5.364389994137067975e-05
1.807500000000000000e+02 5.288591782176017543e-05
1.808000000000000114e+02 5.212726948515856453e-05
1.808500000000000227e+02 5.136812969537261930e-05
1.809000000000000057e+02 5.060867336534933365e-05
1.809500000000000171e+02 4.984907555717465598e-05
1.810000000000000000e+02 4.908951148207651142e-05
1.810500000000000114e+02 4.833015650042132556e-05
1.811000000000000227e+02 4.757118612171705349e-05
1.811500000000000057e+02 4.681277600461189903e-05
1.812000000000000171e+02 4.605510188069657934e-05
1.812500000000000000e+02 4.529833689397588396e-05
1.813000000000000114e+02 4.454265555309240245e-05
1.813500000000000227e+02 4.378823327436683863e-05
1.814000000000000057e+02 4.303524487471415127e-05
1.814500000000000171e+02 4.228386457164228017e-05
1.815000000000000000e+02 4.153426598325516837e-05
1.815500000000000114e+02 4.078662212824929950e-05
1.816000000000000227e+02 4.004110542591672671e-05
1.816500000000000057e+02 3.929788769614375813e-05
1.817000000000000171e+02 3.855714015940970327e-05
1.817500000000000000e+02 3.781903343678984095e-05
1.818000000000000114e+02 3.708373754995203804e-05
1.818500000000000227e+02 3.635142192115967672e-05
1.819000000000000057e+02 3.562225537327042804e-05
1.819500000000000171e+02 3.489640612973495763e-05
1.820000000000000000e+02 3.417404181459989367e-05
1.820500000000000114e+02 3.345532945250447271e-05
1.821000000000000227e+02 3.274043546868341952e-05
1.821500000000000057e+02 3.202952557224119235e-05
1.822000000000000171e+02 3.132276200481992959e-05
1.822500000000000000e+02 3.062030782195010757e-05
1.823000000000000114e+02 2.992232611217735818e-05
1.823500000000000227e+02 2.922897864369843006e-05
1.824000000000000057e+02 2.854042586435998578e-05
1.824500000000000171e+02 2.785682690165743977e-05
1.825000000000000000e+02 2.717833956273768231e-05
1.825500000000000114e+02 2.650512033439598620e-05
1.826000000000000227e+02 2.583732438307870035e-05
1.826500000000000057e+02 2.517510555488208421e-05
1.827000000000000171e+02 2.451861637555118972e-05
1.827500000000000000e+02 2.386800805048249388e-05
1.828000000000000114e+02 2.322343046472091381e-05
1.828500000000000227e+02 2.258503218296239188e-05
1.829000000000000057e+02 2.195296044955279119e-05
1.829500000000000171e+02 2.132736118848680462e-05
1.830000000000000000e+02 2.070837900341049247e-05
1.830500000000000114e+02 2.009615717761841278e-05
1.831000000000000227e+02 1.949083767405610141e-05
1.831500000000000057e+02 1.889255992879554401e-05
1.832000000000000171e+02 1.830146052387668934e-05
1.832500000000000000e+02 1.771767671538363660e-05
1.833000000000000114e+02 1.714134390878903759e-05
1.833500000000000227e+02 1.657259556999902524e-05
1.834000000000000057e+02 1.601156322535220397e-05
1.834500000000000171e+02 1.545837646161870096e-05
1.835000000000000000e+02 1.491316292600239560e-05
1.835500000000000114e+02 1.437604832613840037e-05
1.836000000000000227e+02 1.384715643009524619e-05
1.836500000000000057e+02 1.332660906637392871e-05
1.837000000000000171e+02 1.281452612390703748e-05
1.837500000000000000e+02 1.231102555206082109e-05
1.838000000000000114e+02 1.181622336063285948e-05
1.838500000000000227e+02 1.133023361985407480e-05
1.839000000000000057e+02 1.085316846038785221e-05
1.839500000000000171e+02 1.038513807332925212e-05
1.840000000000000000e+02 9.926250710206885544e-06
1.840500000000000114e+02 9.476612682980803254e-06
1.841000000000000227e+02 9.036328347386326444e-06
1.841500000000000057e+02 8.605498424404596535e-06
1.842000000000000171e+02 8.184221973057910276e-06
1.842500000000000000e+02 7.772596782711160707e-06
1.843000000000000114e+02 7.370718252502733681e-06
1.843500000000000227e+02 6.978679391346162970e-06
1.844000000000000057e+02 6.596570817929398424e-06
1.844500000000000171e+02 6.224480760714187641e-06
1.845000000000000000e+02 5.862495057937571825e-06
1.845500000000000114e+02 5.510697157610204424e-06
1.846000000000000227e+02 5.169168117517796173e-06
1.846500000000000057e+02 4.837986605220479816e-06
1.847000000000000171e+02 4.517228898052264617e-06
1.847500000000000000e+02 4.206968883122343330e-06
1.848000000000000114e+02 3.907278057313636155e-06
1.848500000000000227e+02 3.618225527284033329e-06
1.849000000000000057e+02 3.339878009465841172e-06
1.849500000000000171e+02 3.072299830065341625e-06
1.850000000000000000e+02 2.815552925063875607e-06
1.850500000000000114e+02 2.569696840216625831e-06
1.851000000000000227e+02 2.334788563632573297e-06
1.851500000000000057e+02 2.110881684035487750e-06
1.852000000000000171e+02 1.898027977685526664e-06
1.852500000000000000e+02 1.696276772779620966e-06
1.853000000000000114e+02 1.505674769257502566e-06
1.853500000000000227e+02 1.326266038802522588e-06
1.854000000000000057e+02 1.158092024841279105e-06
1.854500000000000171e+02 1.001191542543356458e-06
1.855000000000000000e+02 8.556007788219836170e-07
1.855500000000000114e+02 7.213532923333144143e-07
1.856000000000000227e+02 5.984800134770297823e-07
1.856500000000000057e+02 4.870092443960525175e-07
1.857000000000000171e+02 3.869666589763933313e-07
1.857500000000000000e+02 2.983753028475750023e-07
1.858000000000000114e+02 2.212555933821770955e-07
1.858500000000000227e+02 1.556253196962067515e-07
1.859000000000000057e+02 1.014996426489148797e-07
1.859500000000000171e+02 5.889109484273601983e-08
1.860000000000000000e+02 2.780958062348866454e-08
1.860500000000000114e+02 8.262376438339158665e-09
1.861000000000000227e+02 2.540839315696611843e-10
1.861500000000000057e+02 3.786480266436395597e-09
1.862000000000000171e+02 1.885866135750030543e-08
1.862500000000000000e+02 4.546708307573849926e-08
1.863000000000000114e+02 8.360556124861282236e-08
1.863500000000000227e+02 1.332652716599803847e-07
1.864000000000000057e+02 1.944347500501093045e-07
1.864500000000000171e+02 2.670998921158126260e-07
1.865000000000000000e+02 3.512439535101888619e-07
1.865500000000000114e+02 4.468475498429514766e-07
1.866000000000000227e+02 5.538886566801122279e-07
1.866500000000000057e+02 6.723426095440923400e-07
1.867000000000000171e+02 8.021821039139577674e-07
1.867500000000000000e+02 9.433771952249279152e-07
1.868000000000000114e+02 1.095895298868967768e-06
1.868500000000000227e+02 1.259701190194243355e-06
1.869000000000000057e+02 1.434757004505331282e-06
1.869500000000000171e+02 1.621022237063546643e-06
1.870000000000000000e+02 1.818453801113460968e-06
1.870500000000000114e+02 2.027006752265624623e-06
1.871000000000000227e+02 2.246632825979803428e-06
1.871500000000000057e+02 2.477280975667617077e-06
1.872000000000000171e+02 2.718897718973973442e-06
1.872500000000000000e+02 2.971427137776139377e-06
1.873000000000000114e+02 3.234810878184833390e-06
1.873500000000000227e+02 3.508988150543240970e-06
1.874000000000000057e+02 3.793895729427415654e-06
1.874500000000000171e+02 4.089467953646794024e-06
1.875000000000000000e+02 4.395636726243042896e-06
1.875500000000000114e+02 4.712331514491409914e-06
1.876000000000000227e+02 5.039479349899513560e-06
1.876500000000000057e+02 5.377004828207842063e-06
1.877000000000000171e+02 5.724830109390357327e-06
1.877500000000000000e+02 6.082874917653132060e-06
1.878000000000000114e+02 6.451056541435937956e-06
1.878500000000000227e+02 6.829289833410826073e-06
1.879000000000000057e+02 7.217487210482724833e-06
1.879500000000000171e+02 7.615559022571585656e-06
1.880000000000000000e+02 8.023414601904388981e-06
1.880500000000000114e+02 8.440959301844478944e-06
1.881000000000000227e+02 8.868096165392898157e-06
1.881500000000000057e+02 9.304726206446014113e-06
1.882000000000000171e+02 9.750748409796273900e-06
1.882500000000000000e+02 1.020605973113046608e-05
1.883000000000000114e+02 1.067055509703174512e-05
1.883500000000000227e+02 1.114412740497782716e-05
1.884000000000000057e+02 1.162666752334175411e-05
1.884500000000000171e+02 1.211806429139272368e-05
1.885000000000000000e+02 1.261820451929417680e-05
1.885500000000000114e+02 1.312697298810601688e-05
1.886000000000000227e+02 1.364425244978263615e-05
1.886500000000000057e+02 1.416992362717374923e-05
1.887000000000000171e+02 1.470386521402531122e-05
1.887500000000000000e+02 1.524595387497741205e-05
1.888000000000000114e+02 1.579606424556670067e-05
1.888500000000000227e+02 1.635406893222424372e-05
1.889000000000000057e+02 1.691983873412087784e-05
1.889500000000000171e+02 1.749324485978762445e-05
1.890000000000000000e+02 1.807415466088780568e-05
1.890500000000000114e+02 1.866243319009136070e-05
1.891000000000000227e+02 1.925794405932745249e-05
1.891500000000000057e+02 1.986054943978540974e-05
1.892000000000000171e+02 2.047011006191580426e-05
1.892500000000000000e+02 2.108648521542802172e-05
1.893000000000000114e+02 2.170953274929303989e-05
1.893500000000000227e+02 2.233910907174098580e-05
1.894000000000000057e+02 2.297506915026216914e-05
1.894500000000000171e+02 2.361726651160819357e-05
1.895000000000000000e+02 2.426555324178939185e-05
1.895500000000000114e+02 2.491977998607778036e-05
1.896000000000000227e+02 2.557979594900446036e-05
1.896500000000000057e+02 2.624544889436071239e-05
1.897000000000000171e+02 2.691658514519916850e-05
1.897500000000000000e+02 2.759304958383112556e-05
1.898000000000000114e+02 2.827468565182962497e-05
1.898500000000000227e+02 2.896133535002674223e-05
1.899000000000000057e+02 2.965284057999661304e-05
1.899500000000000171e+02 3.034904366527624601e-05
1.900000000000000000e+02 3.104978282500036620e-05
1.900500000000000114e+02 3.175489541548500496e-05
1.901000000000000227e+02 3.246421807738226957e-05
1.901500000000000057e+02 3.317758673568151556e-05
1.902000000000000171e+02 3.389483659971057993e-05
1.902500000000000000e+02 3.461580216313293521e-05
1.903000000000000114e+02 3.534031720395096229e-05
1.903500000000000227e+02 3.606821478450306383e-05
1.904000000000000057e+02 3.679932725146489747e-05
1.904500000000000171e+02 3.753348623585064302e-05
1.905000000000000000e+02 3.827052265301006834e-05
1.905500000000000114e+02 3.901026670263188360e-05
1.906000000000000227e+02 3.975254786874079355e-05
1.906500000000000057e+02 4.049719491969877832e-05
1.907000000000000171e+02 4.124403590820633340e-05
1.907500000000000000e+02 4.199289817129952878e-05
1.908000000000000114e+02 4.274360833035341064e-05
1.908500000000000227e+02 4.349599229107899265e-05
1.909000000000000057e+02 4.424987737322087192e-05
1.909500000000000171e+02 4.500509117591498987e-05
1.910000000000000000e+02 4.576145817099788380e-05
1.910500000000000114e+02 4.651880288485214641e-05
1.911000000000000227e+02 4.727694992215814452e-05
1.911500000000000057e+02 4.803572396589523197e-05
1.912000000000000171e+02 4.879494977734309810e-05
1.912500000000000000e+02 4.955445219607873878e-05
1.913000000000000114e+02 5.031405613997987840e-05
1.913500000000000227e+02 5.107358660522198833e-05
1.914000000000000057e+02 5.183286866627955408e-05
1.914500000000000171e+02 5.259172747592739667e-05
1.915000000000000000e+02 5.334998826523759620e-05
1.915500000000000114e+02 5.410747634358303583e-05
1.916000000000000227e+02 5.486401709863428472e-05
1.916500000000000057e+02 5.561943599636096005e-05
1.917000000000000171e+02 5.637355858103298739e-05
1.917500000000000000e+02 5.712621047521759885e-05
1.918000000000000114e+02 5.787721737978276183e-05
1.918500000000000227e+02 5.862640507940926967e-05
1.919000000000000057e+02 5.937360215623261386e-05
1.919500000000000171e+02 6.011863705194533757e-05
1.920000000000000000e+02 6.086133671849993743e-05
1.920500000000000114e+02 6.160152896627268861e-05
1.921000000000000227e+02 6.233904246406072431e-05
1.921500000000000057e+02 6.307370673908325542e-05
1.922000000000000171e+02 6.380535217698282420e-05
1.922500000000000000e+02 6.453381002182243106e-05
1.923000000000000114e+02 6.525891237608881436e-05
1.923500000000000227e+02 6.598049220068956367e-05
1.924000000000000057e+02 6.669838331495436660e-05
1.924500000000000171e+02 6.741242039663621500e-05
1.925000000000000000e+02 6.812243898190862667e-05
1.925500000000000114e+02 6.882827546536874892e-05
1.926000000000000227e+02 6.952976710003464802e-05
1.926500000000000057e+02 7.022675199734652895e-05
1.927000000000000171e+02 7.091906912716781962e-05
1.927500000000000000e+02 7.160655831778250100e-05
1.928000000000000114e+02 7.228906025589818354e-05
1.928500000000000227e+02 7.296641707295892514e-05
1.929000000000000057e+02 7.363847437033027739e-05
1.929500000000000171e+02 7.430507647393074519e-05
1.930000000000000000e+02 7.496606879921144525e-05
1.930500000000000114e+02 7.562129830669782479e-05
1.931000000000000227e+02 7.627061350198711368e-05
1.931500000000000057e+02 7.691386443574938154e-05
1.932000000000000171e+02 7.755090270372864904e-05
1.932500000000000000e+02 7.818158144674036713e-05
1.933000000000000114e+02 7.880575535067427663e-05
1.933500000000000227e+02 7.942328064649190099e-05
1.934000000000000057e+02 8.003401511022765764e-05
1.934500000000000171e+02 8.063781806298983372e-05
1.935000000000000000e+02 8.123455037095821444e-05
1.935500000000000114e+02 8.182407444538683419e-05
1.936000000000000227e+02 8.240625424260152358e-05
1.936500000000000057e+02 8.298095526400100716e-05
1.937000000000000171e+02 8.354804455605787923e-05
1.937500000000000000e+02 8.410739071031625924e-05
1.938000000000000114e+02 8.465886461370199256e-05
1.938500000000000227e+02 8.520234019860626663e-05
1.939000000000000057e+02 8.573769148967402885e-05
1.939500000000000171e+02 8.626479447252529656e-05
1.940000000000000000e+02 8.678352721387209967e-05
1.940500000000000114e+02 8.729376986152079818e-05
1.941000000000000227e+02 8.779540464437011701e-05
1.941500000000000057e+02 8.828831587241197276e-05
1.942000000000000171e+02 8.877238993673232750e-05
1.942500000000000000e+02 8.924751530950925072e-05
1.943000000000000114e+02 8.971358254401504714e-05
1.943500000000000227e+02 9.017048427461445419e-05
1.944000000000000057e+02 9.061811521676542804e-05
1.944500000000000171e+02 9.105637216701986192e-05
1.945000000000000000e+02 9.148515400302183783e-05
1.945500000000000114e+02 9.190436168350965941e-05
1.946000000000000227e+02 9.231389824831406302e-05
1.946500000000000057e+02 9.271366881835899022e-05
1.947000000000000171e+02 9.310358123302998749e-05
1.947500000000000000e+02 9.348354607726883862e-05
1.948000000000000114e+02 9.385347532193809739e-05
1.948500000000000227e+02 9.421328335912303154e-05
1.949000000000000057e+02 9.456288702118415847e-05
1.949500000000000171e+02 9.490220558075786867e-05
1.950000000000000000e+02 9.523116075075497558e-05
1.950500000000000114e+02 9.554967668436230126e-05
1.951000000000000227e+02 9.585767997504137533e-05
1.951500000000000057e+02 9.615509965652896352e-05
1.952000000000000171e+02 9.644186720283758269e-05
1.952500000000000000e+02 9.671791652825436237e-05
1.953000000000000114e+02 9.698318398734226452e-05
1.953500000000000227e+02 9.723760837493908066e-05
1.954000000000000057e+02 9.748113092615781129e-05
1.954500000000000171e+02 9.771369531638716738e-05
1.955000000000000000e+02 9.793524766731584485e-05
1.955500000000000114e+02 9.814573698758410881e-05
1.956000000000000227e+02 9.834511478577407403e-05
1.956500000000000057e+02 9.853333496217244684e-05
1.957000000000000171e+02 9.871035403532988338e-05
1.957500000000000000e+02 9.887613114206020358e-05
1.958000000000000114e+02 9.903062803744128563e-05
1.958500000000000227e+02 9.917380909481429349e-05
1.959000000000000057e+02 9.930564130578406988e-05
1.959500000000000171e+02 9.942609428021925830e-05
1.960000000000000000e+02 9.953514024625188285e-05
1.960500000000000114e+02 9.963275405027782262e-05
1.961000000000000227e+02 9.971891315695635086e-05
1.961500000000000057e+02 9.979359764921044674e-05
1.962000000000000171e+02 9.985679024813711108e-05
1.962500000000000000e+02 9.990847640389832491e-05
1.963000000000000114e+02 9.994864418978537633e-05
1.963500000000000227e+02 9.997728433360838368e-05
1.964000000000000057e+02 9.999439022559790673e-05
1.964500000000000171e+02 9.999995791840494671e-05
1.965000000000000000e+02 9.999398612710093273e-05
1.965500000000000114e+02 9.997647622917768117e-05
1.966000000000000227e+02 9.994743226454744982e-05
1.966500000000000057e+02 9.990686093554293793e-05
1.967000000000000171e+02 9.985477160691720491e-05
1.967500000000000000e+02 9.979117630580023441e-05
1.968000000000000114e+02 9.971608967714786094e-05
1.968500000000000227e+02 9.962952905495668155e-05
1.969000000000000057e+02 9.953151445307209489e-05
1.969500000000000171e+02 9.942206850537580831e-05
1.970000000000000000e+02 9.930121646578633928e-05
1.970500000000000114e+02 9.916898620825841907e-05
1.971000000000000227e+02 9.902540822678353486e-05
1.971500000000000057e+02 9.887051563538967226e-05
1.972000000000000171e+02 9.870434416814112555e-05
1.972500000000000000e+02 9.852693217913902621e-05
1.973000000000000114e+02 9.833832064242301941e-05
1.973500000000000227e+02 9.813855297326583836e-05
1.974000000000000057e+02 9.792767526883937974e-05
1.974500000000000171e+02 9.770573633166298804e-05
1.975000000000000000e+02 9.747278745242789416e-05
1.975500000000000114e+02 9.722888240999617187e-05
1.976000000000000227e+02 9.697407747140165935e-05
1.976500000000000057e+02 9.670843139184963399e-05
1.977000000000000171e+02 9.643200541471620246e-05
1.977500000000000000e+02 9.614486327154954761e-05
1.978000000000000114e+02 9.584707118206853250e-05
1.978500000000000227e+02 9.553869785416387950e-05
1.979000000000000057e+02 9.521981448389773661e-05
1.979500000000000171e+02 9.489049475550304048e-05
1.980000000000000000e+02 9.455081455811237495e-05
1.980500000000000114e+02 9.420085203945668863e-05
1.981000000000000227e+02 9.384068826342816623e-05
1.981500000000000057e+02 9.347040654319182260e-05
1.982000000000000171e+02 9.309009242391840411e-05
1.982500000000000000e+02 9.269983368278581165e-05
1.983000000000000114e+02 9.229972032897746075e-05
1.983500000000000227e+02 9.188984460368375884e-05
1.984000000000000057e+02 9.147030098010145468e-05
1.984500000000000171e+02 9.104118616343297437e-05
1.985000000000000000e+02 9.060259909088802044e-05
1.985500000000000114e+02 9.015464093168166105e-05
1.986000000000000227e+02 8.969741508703606462e-05
1.986500000000000057e+02 8.923102719017976807e-05
1.987000000000000171e+02 8.875558510044744855e-05
1.987500000000000000e+02 8.827119801215811169e-05
1.988000000000000114e+02 8.777797763136440919e-05
1.988500000000000227e+02 8.727603825200678253e-05
1.989000000000000057e+02 8.676549600460430544e-05
1.989500000000000171e+02 8.624646885625383006e-05
1.990000000000000000e+02 8.571907661063203339e-05
1.990500000000000114e+02 8.518344090799301847e-05
1.991000000000000227e+02 8.463968522517045573e-05
1.991500000000000057e+02 8.408793487557666133e-05
1.992000000000000171e+02 8.352831700920163504e-05
1.992500000000000000e+02 8.296096061261530987e-05
1.993000000000000114e+02 8.238599650896495001e-05
1.993500000000000227e+02 8.180355735797746836e-05
1.994000000000000057e+02 8.121377765595839645e-05
1.994500000000000171e+02 8.061679373579089519e-05
1.995000000000000000e+02 8.001274374751849350e-05
1.995500000000000114e+02 7.940176684521989996e-05
1.996000000000000227e+02 7.878400394989584039e-05
1.996500000000000057e+02 7.815959777338455196e-05
1.997000000000000171e+02 7.752869245391794302e-05
1.997500000000000000e+02 7.689143355612397827e-05
1.998000000000000114e+02 7.624796807102391413e-05
1.998500000000000227e+02 7.559844441603475167e-05
1.999000000000000057e+02 7.494301243496822023e-05
1.999500000000000171e+02 7.428182339802961184e-05
2.000000000000000000e+02 7.361503000182039694e-05
