0.000000000000000000e+00 1.000000000000000000e+00
1.000000000000000056e-01 9.997692003964742113e-01
2.000000000000000111e-01 9.990770146591000378e-01
3.000000000000000444e-01 9.979240818137271596e-01
4.000000000000000222e-01 9.963114662437464464e-01
5.000000000000000000e-01 9.942406567151447216e-01
6.000000000000000888e-01 9.917135649976820400e-01
7.000000000000000666e-01 9.887325240922725245e-01
8.000000000000000444e-01 9.853002860967886578e-01
9.000000000000000222e-01 9.814200196508211516e-01
1.000000000000000000e+00 9.770953069959551485e-01
1.100000000000000089e+00 9.723301407143037922e-01
1.200000000000000178e+00 9.671289200057296975e-01
1.300000000000000044e+00 9.614964466009924271e-01
1.400000000000000133e+00 9.554379204076453025e-01
1.500000000000000000e+00 9.489589346754147003e-01
1.600000000000000089e+00 9.420654707452135179e-01
1.700000000000000178e+00 9.347638926464980624e-01
1.800000000000000044e+00 9.270609412646594327e-01
1.900000000000000133e+00 9.189637278862848868e-01
2.000000000000000000e+00 9.104797278057336074e-01
2.100000000000000089e+00 9.016167735346770629e-01
2.200000000000000178e+00 8.923830473311489264e-01
2.300000000000000266e+00 8.827870736679499508e-01
2.400000000000000355e+00 8.728377115394796437e-01
2.500000000000000000e+00 8.625441463299371447e-01
2.600000000000000089e+00 8.519158809280185096e-01
2.700000000000000178e+00 8.409627272488421346e-01
2.800000000000000266e+00 8.296947973462471815e-01
2.900000000000000355e+00 8.181224938377144040e-01
3.000000000000000000e+00 8.062565000976039675e-01
3.100000000000000089e+00 7.941077707108693540e-01
3.200000000000000178e+00 7.816875215995844339e-01
3.300000000000000266e+00 7.690072191122342415e-01
3.400000000000000355e+00 7.560785695075722401e-01
3.500000000000000000e+00 7.429135084157837410e-01
3.600000000000000089e+00 7.295241901198453727e-01
3.700000000000000178e+00 7.159229755480813751e-01
3.800000000000000266e+00 7.021224211241409163e-01
3.900000000000000355e+00 6.881352674231112632e-01
4.000000000000000000e+00 6.739744277379066117e-01
4.100000000000000533e+00 6.596529752419947323e-01
4.200000000000000178e+00 6.451841312565297359e-01
4.299999999999999822e+00 6.305812533004780951e-01
4.400000000000000355e+00 6.158578231471615316e-01
4.500000000000000000e+00 6.010274333741941755e-01
4.600000000000000533e+00 5.861037751201206847e-01
4.700000000000000178e+00 5.711006257510266027e-01
4.800000000000000711e+00 5.560318365826992792e-01
4.900000000000000355e+00 5.409113191023644518e-01
5.000000000000000000e+00 5.257530322542511847e-01
5.100000000000000533e+00 5.105709699928311363e-01
5.200000000000000178e+00 4.953791487382527281e-01
5.300000000000000711e+00 4.801915936932211193e-01
5.400000000000000355e+00 4.650223256718217235e-01
5.500000000000000000e+00 4.498853487404900209e-01
5.600000000000000533e+00 4.347946375732545943e-01
5.700000000000000178e+00 4.197641241799865419e-01
5.800000000000000711e+00 4.048076844159047005e-01
5.900000000000000355e+00 3.899391258317226883e-01
6.000000000000000000e+00 3.751721751548358630e-01
6.100000000000000533e+00 3.605204656187963597e-01
6.200000000000000178e+00 3.459975234323261484e-01
6.300000000000000711e+00 3.316167559134149401e-01
6.400000000000000355e+00 3.173914393414216661e-01
6.500000000000000000e+00 3.033347069585758948e-01
6.600000000000000533e+00 2.894595357816411862e-01
6.700000000000000178e+00 2.757787350929977177e-01
6.800000000000000711e+00 2.623049348978986894e-01
6.900000000000000355e+00 2.490505746076663307e-01
7.000000000000000000e+00 2.360278905750834710e-01
7.100000000000000533e+00 2.232489050720881940e-01
7.200000000000000178e+00 2.107254155342439816e-01
7.300000000000000711e+00 1.984689839798170208e-01
7.400000000000000355e+00 1.864909255247794162e-01
7.500000000000000000e+00 1.748022980669506343e-01
7.600000000000000533e+00 1.634138924358111145e-01
7.700000000000000178e+00 1.523362226851986689e-01
7.800000000000000711e+00 1.415795157000076521e-01
7.900000000000000355e+00 1.311537018627856044e-01
8.000000000000000000e+00 1.210684062034195901e-01
8.099999999999999645e+00 1.113329397069134641e-01
8.200000000000001066e+00 1.019562900988472964e-01
8.300000000000000711e+00 9.294711373545087862e-02
8.400000000000000355e+00 8.431372786562481292e-02
8.500000000000000000e+00 7.606410301378882521e-02
8.599999999999999645e+00 6.820585513300317371e-02
8.700000000000001066e+00 6.074623884370278226e-02
8.800000000000000711e+00 5.369214091766112001e-02
8.900000000000000355e+00 4.705007377712567412e-02
9.000000000000000000e+00 4.082616927077518942e-02
9.099999999999999645e+00 3.502617325836199225e-02
9.200000000000001066e+00 2.965544038802224100e-02
9.300000000000000711e+00 2.471892889050832445e-02
9.400000000000000355e+00 2.022119608740440694e-02
9.500000000000000000e+00 1.616639431347312306e-02
9.600000000000001421e+00 1.255826698573720562e-02
9.700000000000001066e+00 9.400145077509594604e-03
9.800000000000000711e+00 6.694944165771017988e-03
9.900000000000000355e+00 4.445161716688330635e-03
1.000000000000000000e+01 2.652874702703092273e-03
1.010000000000000142e+01 1.319737762063009565e-03
1.020000000000000107e+01 4.469816517794065374e-04
1.030000000000000071e+01 3.541209408786933743e-05
1.040000000000000036e+01 8.540905126658106315e-05
1.050000000000000000e+01 5.969263661390962657e-04
1.060000000000000142e+01 1.569491806115945378e-03
1.070000000000000107e+01 3.002207502536626254e-03
1.080000000000000071e+01 4.893750771282109890e-03
1.090000000000000036e+01 7.242375342901657270e-03
1.100000000000000000e+01 1.004591298053967262e-02
1.110000000000000142e+01 1.330177544128697403e-02
1.120000000000000107e+01 1.700695694039133093e-02
1.130000000000000071e+01 2.115803685787296523e-02
1.140000000000000036e+01 2.575118289275650507e-02
1.150000000000000000e+01 3.078215470402220766e-02
1.160000000000000142e+01 3.624630769680575043e-02
1.170000000000000107e+01 4.213859732283538329e-02
1.180000000000000071e+01 4.845358389263770132e-02
1.190000000000000036e+01 5.518543743435809501e-02
1.200000000000000000e+01 6.232794301121909880e-02
1.210000000000000142e+01 6.987450674199802148e-02
1.220000000000000107e+01 7.781816172412681087e-02
1.230000000000000071e+01 8.615157424686381571e-02
1.240000000000000036e+01 9.486705093708748537e-02
1.250000000000000000e+01 1.039565458043911206e-01
1.260000000000000142e+01 1.134116673848948043e-01
1.270000000000000107e+01 1.232236865858924585e-01
1.280000000000000071e+01 1.333835451012111983e-01
1.290000000000000036e+01 1.438818634834086729e-01
1.300000000000000000e+01 1.547089494767547035e-01
1.310000000000000142e+01 1.658548075195421800e-01
1.320000000000000107e+01 1.773091479605972409e-01
1.330000000000000071e+01 1.890613962214406363e-01
1.340000000000000036e+01 2.011007023357491985e-01
1.350000000000000000e+01 2.134159517400565920e-01
1.360000000000000142e+01 2.259957752328954628e-01
1.370000000000000107e+01 2.388285590905216138e-01
1.380000000000000071e+01 2.519024557875053638e-01
1.390000000000000036e+01 2.652053957024547715e-01
1.400000000000000000e+01 2.787250978218204223e-01
1.410000000000000142e+01 2.924490806541303334e-01
1.420000000000000107e+01 3.063646739090499227e-01
1.430000000000000071e+01 3.204590309555785943e-01
1.440000000000000036e+01 3.347191401703451530e-01
1.450000000000000000e+01 3.491318364979545952e-01
1.460000000000000142e+01 3.636838137842164920e-01
1.470000000000000107e+01 3.783616379045807165e-01
1.480000000000000071e+01 3.931517586101906936e-01
1.490000000000000036e+01 4.080405215831281462e-01
1.500000000000000000e+01 4.230141810839927463e-01
1.510000000000000142e+01 4.380589136715170029e-01
1.520000000000000107e+01 4.531608303989528297e-01
1.530000000000000071e+01 4.683059892044659223e-01
1.540000000000000036e+01 4.834804075524164468e-01
1.550000000000000000e+01 4.986700765934905522e-01
1.560000000000000142e+01 5.138609736014294604e-01
1.570000000000000107e+01 5.290390745040987053e-01
1.580000000000000071e+01 5.441903663068150543e-01
1.590000000000000036e+01 5.593008613893888370e-01
1.600000000000000000e+01 5.743566101350123798e-01
1.610000000000000142e+01 5.893437133392466221e-01
1.619999999999999929e+01 6.042483344026944314e-01
1.630000000000000071e+01 6.190567132662491145e-01
1.640000000000000213e+01 6.337551792183078181e-01
1.650000000000000000e+01 6.483301629389885967e-01
1.660000000000000142e+01 6.627682084604787915e-01
1.669999999999999929e+01 6.770559863034846249e-01
1.680000000000000071e+01 6.911803063252279777e-01
1.690000000000000213e+01 7.051281292829807423e-01
1.700000000000000000e+01 7.188865783609563742e-01
1.710000000000000142e+01 7.324429513840626793e-01
1.719999999999999929e+01 7.457847333718506944e-01
1.730000000000000071e+01 7.588996075231365657e-01
1.740000000000000213e+01 7.717754661113487291e-01
1.750000000000000000e+01 7.844004217439529691e-01
1.760000000000000142e+01 7.967628192616675875e-01
1.769999999999999929e+01 8.088512460129516635e-01
1.780000000000000071e+01 8.206545419343760361e-01
1.790000000000000213e+01 8.321618098551091247e-01
1.800000000000000000e+01 8.433624264294556916e-01
1.810000000000000142e+01 8.542460515295771106e-01
1.819999999999999929e+01 8.648026373516006782e-01
1.830000000000000071e+01 8.750224377561969247e-01
1.840000000000000213e+01 8.848960179826635963e-01
1.850000000000000000e+01 8.944142629781103304e-01
1.860000000000000142e+01 9.035683853996396842e-01
1.869999999999999929e+01 9.123499339634010274e-01
1.880000000000000071e+01 9.207508017121439625e-01
1.890000000000000213e+01 9.287632331356340254e-01
1.900000000000000000e+01 9.363798309907743755e-01
1.910000000000000142e+01 9.435935635663845744e-01
1.920000000000000284e+01 9.503977713101813274e-01
1.930000000000000071e+01 9.567861726439647052e-01
1.940000000000000213e+01 9.627528696241407502e-01
1.950000000000000000e+01 9.682923538486728487e-01
1.960000000000000142e+01 9.733995113923569198e-01
1.970000000000000284e+01 9.780696272566241634e-01
1.980000000000000071e+01 9.822983899385079321e-01
1.990000000000000213e+01 9.860818955397742114e-01
2.000000000000000000e+01 9.894166511396279562e-01
2.010000000000000142e+01 9.922995780199810323e-01
2.020000000000000284e+01 9.947280147129725636e-01
2.030000000000000071e+01 9.966997193161705182e-01
2.040000000000000213e+01 9.982128715028083521e-01
2.050000000000000000e+01 9.992660743553242186e-01
2.060000000000000142e+01 9.998583555702528214e-01
2.070000000000000284e+01 9.999891683388941743e-01
2.080000000000000071e+01 9.996583919033135146e-01
2.090000000000000213e+01 9.988663316294061900e-01
2.100000000000000000e+01 9.976137187496139092e-01
2.110000000000000142e+01 9.959017096736806351e-01
2.120000000000000284e+01 9.937318849227111395e-01
2.130000000000000071e+01 9.911062476800851506e-01
2.140000000000000213e+01 9.880272219269045086e-01
2.150000000000000000e+01 9.844976502102297244e-01
2.160000000000000142e+01 9.805207910388111792e-01
2.170000000000000284e+01 9.761003158320855633e-01
2.180000000000000071e+01 9.712403055553733289e-01
2.190000000000000213e+01 9.659452469916307571e-01
2.200000000000000000e+01 9.602200285146669234e-01
2.210000000000000142e+01 9.540699356126801645e-01
2.220000000000000284e+01 9.475006460823468535e-01
2.230000000000000071e+01 9.405182246828314163e-01
2.240000000000000213e+01 9.331291175241765989e-01
2.250000000000000000e+01 9.253401462390316023e-01
2.260000000000000142e+01 9.171585016602691320e-01
2.270000000000000284e+01 9.085917369904569219e-01
2.280000000000000071e+01 8.996477610150329651e-01
2.290000000000000213e+01 8.903348309279062178e-01
2.300000000000000000e+01 8.806615443661843790e-01
2.310000000000000142e+01 8.706368316041284139e-01
2.320000000000000284e+01 8.602699474782746769e-01
2.330000000000000071e+01 8.495704628163348593e-01
2.340000000000000213e+01 8.385482552327890859e-01
2.350000000000000000e+01 8.272135003311389401e-01
2.360000000000000142e+01 8.155766624927799358e-01
2.370000000000000284e+01 8.036484848855893759e-01
2.380000000000000071e+01 7.914399794200878135e-01
2.390000000000000213e+01 7.789624168850508568e-01
2.400000000000000000e+01 7.662273168111719546e-01
2.410000000000000142e+01 7.532464361957442733e-01
2.420000000000000284e+01 7.400317587846341194e-01
2.430000000000000071e+01 7.265954842697089910e-01
2.440000000000000213e+01 7.129500173356595472e-01
2.450000000000000000e+01 6.991079553784864675e-01
2.460000000000000142e+01 6.850820771642149865e-01
2.470000000000000284e+01 6.708853312812300684e-01
2.480000000000000071e+01 6.565308245323957514e-01
2.490000000000000213e+01 6.420318088888680164e-01
2.500000000000000000e+01 6.274016695880232364e-01
2.510000000000000142e+01 6.126539130439724312e-01
2.520000000000000284e+01 5.978021547900179700e-01
2.530000000000000071e+01 5.828601058962981085e-01
2.540000000000000213e+01 5.678415605720592563e-01
2.550000000000000000e+01 5.527603837735396430e-01
2.560000000000000142e+01 5.376304988374417393e-01
2.570000000000000284e+01 5.224658736937984882e-01
2.580000000000000071e+01 5.072805079972635411e-01
2.590000000000000213e+01 4.920884206943038630e-01
2.600000000000000000e+01 4.769036374228456943e-01
2.610000000000000142e+01 4.617401769392726063e-01
2.620000000000000284e+01 4.466120378159499915e-01
2.630000000000000071e+01 4.315331861384602008e-01
2.640000000000000213e+01 4.165175428721346607e-01
2.650000000000000000e+01 4.015789707701925559e-01
2.660000000000000142e+01 3.867312608248985040e-01
2.670000000000000284e+01 3.719881201971407814e-01
2.680000000000000071e+01 3.573631597837838014e-01
2.690000000000000213e+01 3.428698817580829172e-01
2.700000000000000000e+01 3.285216660934602850e-01
2.710000000000000142e+01 3.143317587935774982e-01
2.720000000000000284e+01 3.003132599066498654e-01
2.730000000000000071e+01 2.864791117387418540e-01
2.740000000000000213e+01 2.728420858481973021e-01
2.750000000000000000e+01 2.594147716605098575e-01
2.760000000000000142e+01 2.462095651518975414e-01
2.770000000000000284e+01 2.332386577478684220e-01
2.780000000000000071e+01 2.205140241411731039e-01
2.790000000000000213e+01 2.080474114485772741e-01
2.800000000000000000e+01 1.958503287241219193e-01
2.810000000000000142e+01 1.839340366261073001e-01
2.820000000000000284e+01 1.723095362627787286e-01
2.830000000000000071e+01 1.609875591368590264e-01
2.840000000000000213e+01 1.499785575922418512e-01
2.850000000000000000e+01 1.392926954032853992e-01
2.860000000000000142e+01 1.289398377324567913e-01
2.870000000000000284e+01 1.189295421406750125e-01
2.880000000000000071e+01 1.092710500644535898e-01
2.890000000000000213e+01 9.997327845013043168e-02
2.900000000000000000e+01 9.104481093064419051e-02
2.910000000000000142e+01 8.249389011467855859e-02
2.920000000000000284e+01 7.432841021145210336e-02
2.930000000000000071e+01 6.655590974850775221e-02
2.940000000000000213e+01 5.918356419061659296e-02
2.950000000000000000e+01 5.221817959179344409e-02
2.960000000000000142e+01 4.566618646679401761e-02
2.970000000000000284e+01 3.953363365950198632e-02
2.980000000000000071e+01 3.382618264393755930e-02
2.990000000000000213e+01 2.854910251080033240e-02
3.000000000000000000e+01 2.370726514511126148e-02
3.010000000000000142e+01 1.930514048238057487e-02
3.020000000000000284e+01 1.534679251762665828e-02
3.030000000000000071e+01 1.183587563738091111e-02
3.040000000000000213e+01 8.775631117385865668e-03
3.050000000000000000e+01 6.168884137961542710e-03
3.060000000000000142e+01 4.018041261732369258e-03
3.070000000000000284e+01 2.325088151755325214e-03
3.080000000000000071e+01 1.091587724056088072e-03
3.090000000000000213e+01 3.186787513851290572e-04
3.100000000000000000e+01 7.074781585022638668e-06
3.110000000000000142e+01 1.570634869863864484e-04
3.120000000000000284e+01 7.685063973206687337e-04
3.130000000000000071e+01 1.840839031902166386e-03
3.140000000000000213e+01 3.373071411392390695e-03
3.150000000000000000e+01 5.363788986142321857e-03
3.160000000000000142e+01 7.811153925537123871e-03
3.170000000000000284e+01 1.071290682094129185e-02
3.180000000000000071e+01 1.406636879862908397e-02
3.190000000000000213e+01 1.786844391957845626e-02
3.200000000000000000e+01 2.211562212496279850e-02
3.210000000000000142e+01 2.680398245719465070e-02
3.220000000000000284e+01 3.192919657251562515e-02
3.230000000000000426e+01 3.748653290662874032e-02
3.239999999999999858e+01 4.347086098439743168e-02
3.250000000000000000e+01 4.987665600078947797e-02
3.260000000000000142e+01 5.669800415388875220e-02
3.270000000000000284e+01 6.392860806605049628e-02
3.280000000000000426e+01 7.156179237871532206e-02
3.289999999999999858e+01 7.959051010376103075e-02
3.300000000000000000e+01 8.800734925069225723e-02
3.310000000000000142e+01 9.680453942024166980e-02
3.320000000000000284e+01 1.059739588951675859e-01
3.330000000000000426e+01 1.155071425791430462e-01
3.339999999999999858e+01 1.253952895753988050e-01
3.350000000000000000e+01 1.356292710047372618e-01
3.360000000000000142e+01 1.461996388029145888e-01
3.370000000000000284e+01 1.570966345909642348e-01
3.380000000000000426e+01 1.683101983657072087e-01
3.389999999999999858e+01 1.798299774949682073e-01
3.400000000000000000e+01 1.916453370015008539e-01
3.410000000000000142e+01 2.037453691694829927e-01
3.420000000000000284e+01 2.161189032531631582e-01
3.430000000000000426e+01 2.287545157120863260e-01
3.439999999999999858e+01 2.416405415244360366e-01
3.450000000000000000e+01 2.547650845598823377e-01
3.460000000000000142e+01 2.681160281541601353e-01
3.470000000000000284e+01 2.816810464219212662e-01
3.480000000000000426e+01 2.954476163711337033e-01
3.489999999999999858e+01 3.094030289771803610e-01
3.500000000000000000e+01 3.235344004702429554e-01
3.510000000000000142e+01 3.378286844489869489e-01
3.520000000000000284e+01 3.522726846929684630e-01
3.530000000000000426e+01 3.668530668031964592e-01
3.539999999999999858e+01 3.815563700510167244e-01
3.550000000000000000e+01 3.963690199625676813e-01
3.560000000000000142e+01 4.112773417610600668e-01
3.570000000000000284e+01 4.262675724186480442e-01
3.580000000000000426e+01 4.413258729138002656e-01
3.589999999999999858e+01 4.564383409455174956e-01
3.600000000000000000e+01 4.715910249022806644e-01
3.610000000000000142e+01 4.867699361910344247e-01
3.620000000000000284e+01 5.019610617305402256e-01
3.630000000000000426e+01 5.171503765155610610e-01
3.639999999999999858e+01 5.323238578949308630e-01
3.650000000000000000e+01 5.474674980962389581e-01
3.660000000000000142e+01 5.625673167306577405e-01
3.670000000000000284e+01 5.776093730869065190e-01
3.680000000000000426e+01 5.925797803173191713e-01
3.689999999999999858e+01 6.074647181358200365e-01
3.700000000000000000e+01 6.222504450504798834e-01
3.710000000000000142e+01 6.369233104472973306e-01
3.720000000000000284e+01 6.514697681426692144e-01
3.730000000000000426e+01 6.658763892103682913e-01
3.739999999999999858e+01 6.801298737751513279e-01
3.750000000000000000e+01 6.942170627538084560e-01
3.760000000000000142e+01 7.081249505255932108e-01
3.770000000000000284e+01 7.218406976293664234e-01
3.780000000000000426e+01 7.353516420186596569e-01
3.789999999999999858e+01 7.486453102592433018e-01
3.800000000000000000e+01 7.617094292482844420e-01
3.810000000000000142e+01 7.745319384232480786e-01
3.820000000000000284e+01 7.871010003660705578e-01
3.830000000000000426e+01 7.994050112658671603e-01
3.840000000000000568e+01 8.114326116784276177e-01
3.850000000000000000e+01 8.231726979055823401e-01
3.860000000000000142e+01 8.346144317958246184e-01
3.870000000000000284e+01 8.457472503013965248e-01
3.880000000000000426e+01 8.565608752757414290e-01
3.890000000000000568e+01 8.670453237440373107e-01
3.900000000000000000e+01 8.771909167203096880e-01
3.910000000000000142e+01 8.869882877149929401e-01
3.920000000000000284e+01 8.964283915534291269e-01
3.930000000000000426e+01 9.055025132997668313e-01
3.940000000000000568e+01 9.142022759261497766e-01
3.950000000000000000e+01 9.225196476666619461e-01
3.960000000000000142e+01 9.304469498011864736e-01
3.970000000000000284e+01 9.379768640154658721e-01
3.980000000000000426e+01 9.451024388106111784e-01
3.990000000000000568e+01 9.518170956688370987e-01
4.000000000000000000e+01 9.581146356285645815e-01
4.010000000000000142e+01 9.639892449528049134e-01
4.020000000000000284e+01 9.694355001823986573e-01
4.030000000000000426e+01 9.744483732227411377e-01
4.040000000000000568e+01 9.790232362782920195e-01
4.050000000000000000e+01 9.831558659069216111e-01
4.060000000000000142e+01 9.868424467658842847e-01
4.070000000000000284e+01 9.900795754240274693e-01
4.080000000000000426e+01 9.928642634381453780e-01
4.090000000000000568e+01 9.951939399348611603e-01
4.100000000000000000e+01 9.970664541475784404e-01
4.110000000000000142e+01 9.984800774184828809e-01
4.120000000000000284e+01 9.994335046685082213e-01
4.130000000000000426e+01 9.999258556956388544e-01
4.140000000000000568e+01 9.999566759687625872e-01
4.150000000000000000e+01 9.995259370275312305e-01
4.160000000000000142e+01 9.986340365344378300e-01
4.170000000000000284e+01 9.972817978869525923e-01
4.180000000000000426e+01 9.954704694717025903e-01
4.190000000000000568e+01 9.932017235038075320e-01
4.200000000000000000e+01 9.904776544823040707e-01
4.210000000000000142e+01 9.873007772706077212e-01
4.220000000000000284e+01 9.836740247521191804e-01
4.230000000000000426e+01 9.796007451317157999e-01
4.240000000000000568e+01 9.750846988735304421e-01
4.250000000000000000e+01 9.701300551728962995e-01
4.260000000000000142e+01 9.647413881325755947e-01
4.270000000000000284e+01 9.589236725948127038e-01
4.280000000000000426e+01 9.526822794572407105e-01
4.290000000000000568e+01 9.460229707282530320e-01
4.300000000000000000e+01 9.389518943040938703e-01
4.310000000000000142e+01 9.314755782214918511e-01
4.320000000000000284e+01 9.236009245398614231e-01
4.330000000000000426e+01 9.153352031165292724e-01
4.340000000000000568e+01 9.066860449606575223e-01
4.350000000000000000e+01 8.976614348835539881e-01
4.360000000000000142e+01 8.882697043332143938e-01
4.370000000000000284e+01 8.785195238381987570e-01
4.380000000000000426e+01 8.684198947839850691e-01
4.390000000000000568e+01 8.579801410180272203e-01
4.400000000000000000e+01 8.472099004628577124e-01
4.410000000000000142e+01 8.361191163908383572e-01
4.420000000000000284e+01 8.247180277122316827e-01
4.430000000000000426e+01 8.130171597726946198e-01
4.440000000000000568e+01 8.010273148295163903e-01
4.450000000000000000e+01 7.887595621004911406e-01
4.460000000000000142e+01 7.762252269942498950e-01
4.470000000000000284e+01 7.634358810647086102e-01
4.480000000000000426e+01 7.504033315330242981e-01
4.490000000000000568e+01 7.371396102195518774e-01
4.500000000000000000e+01 7.236569619624894090e-01
4.510000000000000142e+01 7.099678337881197843e-01
4.520000000000000284e+01 6.960848636533586431e-01
4.530000000000000426e+01 6.820208684845450176e-01
4.540000000000000568e+01 6.677888318985650828e-01
4.550000000000000000e+01 6.534018927393585585e-01
4.560000000000000142e+01 6.388733331989736586e-01
4.570000000000000284e+01 6.242165662508328827e-01
4.580000000000000426e+01 6.094451227367801982e-01
4.590000000000000568e+01 5.945726394564362360e-01
4.600000000000000000e+01 5.796128468201270367e-01
4.610000000000000142e+01 5.645795559975113065e-01
4.620000000000000284e+01 5.494866454378017906e-01
4.630000000000000426e+01 5.343480486873156687e-01
4.640000000000000568e+01 5.191777417449653376e-01
4.650000000000000000e+01 5.039897302296093562e-01
4.660000000000000142e+01 4.887980354676651484e-01
4.670000000000000284e+01 4.736166821668674753e-01
4.680000000000000426e+01 4.584596856853363489e-01
4.690000000000000568e+01 4.433410394273780142e-01
4.700000000000000000e+01 4.282747007699517217e-01
4.710000000000000142e+01 4.132745786553813638e-01
4.720000000000000284e+01 3.983545210425882277e-01
4.730000000000000426e+01 3.835283025774063881e-01
4.740000000000000568e+01 3.688096108006017060e-01
4.750000000000000000e+01 3.542120336789849611e-01
4.760000000000000142e+01 3.397490475223594042e-01
4.770000000000000284e+01 3.254340048845980604e-01
4.780000000000000426e+01 3.112801215358976248e-01
4.790000000000000568e+01 2.973004640230739737e-01
4.800000000000000000e+01 2.835079381765775453e-01
4.810000000000000142e+01 2.699152774600959148e-01
4.820000000000000284e+01 2.565350308378555044e-01
4.830000000000000426e+01 2.433795506744994286e-01
4.840000000000000568e+01 2.304609819119951830e-01
4.850000000000000000e+01 2.177912510950635594e-01
4.860000000000000142e+01 2.053820551699966912e-01
4.870000000000000284e+01 1.932448500717577067e-01
4.880000000000000426e+01 1.813908406793486583e-01
4.890000000000000568e+01 1.698309707021827819e-01
4.900000000000000000e+01 1.585759124389875263e-01
4.910000000000000142e+01 1.476360563577008289e-01
4.920000000000000284e+01 1.370215019706539639e-01
4.930000000000000426e+01 1.267420487292402476e-01
4.940000000000000568e+01 1.168071867877476244e-01
4.950000000000000000e+01 1.072260878301698056e-01
4.960000000000000142e+01 9.800759700591733792e-02
4.970000000000000284e+01 8.916022494971682921e-02
4.980000000000000426e+01 8.069213962573527910e-02
4.990000000000000568e+01 7.261115861684933059e-02
5.000000000000000000e+01 6.492474221635938236e-02
5.010000000000000142e+01 5.763998666711954433e-02
5.020000000000000284e+01 5.076361722505537410e-02
5.030000000000000426e+01 4.430198204545863355e-02
5.040000000000000568e+01 3.826104652001291462e-02
5.050000000000000000e+01 3.264638772667043803e-02
5.060000000000000142e+01 2.746318903863101402e-02
5.070000000000000284e+01 2.271623554049666260e-02
5.080000000000000426e+01 1.840990968286955812e-02
5.090000000000000568e+01 1.454818704748963090e-02
5.100000000000000000e+01 1.113463272929416173e-02
5.110000000000000142e+01 8.172398144394939570e-03
5.120000000000000284e+01 5.664218035654397347e-03
5.130000000000000426e+01 3.612407924839116519e-03
5.140000000000000568e+01 2.018862050453372990e-03
5.150000000000000000e+01 8.850515746966614418e-04
5.160000000000000142e+01 2.120232242454585865e-04
5.170000000000000284e+01 3.983410668019754079e-07
5.180000000000000426e+01 2.503722961845363231e-04
5.190000000000000568e+01 9.617143136210603432e-04
5.200000000000000000e+01 2.133767684756398674e-03
5.210000000000000142e+01 3.765450370986999848e-03
5.220000000000000284e+01 5.855256003452752496e-03
5.230000000000000426e+01 8.401255286555742510e-03
5.240000000000000568e+01 1.140109773925869485e-02
5.250000000000000000e+01 1.485201393002368205e-02
5.260000000000000142e+01 1.875081797791316313e-02
5.270000000000000284e+01 2.309391048534755256e-02
5.280000000000000426e+01 2.787728195664663719e-02
5.290000000000000568e+01 3.309651637926488976e-02
5.300000000000000000e+01 3.874679532085838901e-02
5.310000000000000142e+01 4.482290251333085479e-02
5.320000000000000284e+01 5.131922850730873120e-02
5.330000000000000426e+01 5.822977581788542356e-02
5.340000000000000568e+01 6.554816470915247884e-02
5.350000000000000000e+01 7.326763891623018499e-02
5.360000000000000142e+01 8.138107169127255236e-02
5.370000000000000284e+01 8.988097276757019138e-02
5.380000000000000426e+01 9.875949516444641751e-02
5.390000000000000568e+01 1.080084421549069307e-01
5.400000000000000000e+01 1.176192750272256893e-01
5.410000000000000142e+01 1.275831212136135928e-01
5.420000000000000284e+01 1.378907821980997206e-01
5.430000000000000426e+01 1.485327417222358781e-01
5.440000000000000568e+01 1.594991751899438592e-01
5.450000000000000000e+01 1.707799585885454441e-01
5.460000000000000142e+01 1.823646774930429149e-01
5.470000000000000284e+01 1.942426366446858843e-01
5.480000000000000426e+01 2.064028704823748506e-01
5.490000000000000568e+01 2.188341528964267702e-01
5.500000000000000000e+01 2.315250071953001698e-01
5.510000000000000142e+01 2.444637169715729030e-01
5.520000000000000284e+01 2.576383374477881349e-01
5.530000000000000426e+01 2.710367060471398082e-01
5.540000000000000568e+01 2.846464531695744316e-01
5.550000000000000000e+01 2.984550141085969277e-01
5.560000000000000142e+01 3.124496410851662076e-01
5.570000000000000284e+01 3.266174145138110996e-01
5.580000000000000426e+01 3.409452544326866397e-01
5.590000000000000568e+01 3.554199331712135645e-01
5.600000000000000000e+01 3.700280880187896138e-01
5.610000000000000142e+01 3.847562330115198437e-01
5.620000000000000284e+01 3.995907708659521829e-01
5.630000000000000426e+01 4.145180060537869693e-01
5.640000000000000568e+01 4.295241580701128492e-01
5.650000000000000000e+01 4.445953735568377030e-01
5.660000000000000142e+01 4.597177385911476177e-01
5.670000000000000284e+01 4.748772918070978122e-01
5.680000000000000426e+01 4.900600381929357541e-01
5.690000000000000568e+01 5.052519613939948639e-01
5.700000000000000000e+01 5.204390361941607646e-01
5.710000000000000142e+01 5.356072413698104162e-01
5.720000000000000284e+01 5.507425738422169204e-01
5.730000000000000426e+01 5.658310610536957386e-01
5.740000000000000568e+01 5.808587734427005378e-01
5.750000000000000000e+01 5.958118368507907547e-01
5.760000000000000142e+01 6.106764466911260847e-01
5.770000000000000284e+01 6.254388803461975455e-01
5.780000000000000426e+01 6.400855093802951812e-01
5.790000000000000568e+01 6.546028115058495356e-01
5.800000000000000000e+01 6.689773842767501311e-01
5.810000000000000142e+01 6.831959574653240219e-01
5.820000000000000284e+01 6.972454047659961685e-01
5.830000000000000426e+01 7.111127553540639301e-01
5.840000000000000568e+01 7.247852066812418004e-01
5.850000000000000000e+01 7.382501366735976234e-01
5.860000000000000142e+01 7.514951148053461427e-01
5.870000000000000284e+01 7.645079130628327224e-01
5.880000000000000426e+01 7.772765177505546186e-01
5.890000000000000568e+01 7.897891411713808818e-01
5.900000000000000000e+01 8.020342319622584260e-01
5.910000000000000142e+01 8.140004852789147760e-01
5.920000000000000284e+01 8.256768535950917975e-01
5.930000000000000426e+01 8.370525575237863780e-01
5.940000000000000568e+01 8.481170952785223038e-01
5.950000000000000000e+01 8.588602519177505057e-01
5.960000000000000142e+01 8.692721091313022619e-01
5.970000000000000284e+01 8.793430549058961487e-01
5.980000000000000426e+01 8.890637919609298834e-01
5.990000000000000568e+01 8.984253459261286601e-01
6.000000000000000000e+01 9.074190740810761380e-01
6.010000000000000142e+01 9.160366736157733447e-01
6.020000000000000284e+01 9.242701889081028632e-01
6.030000000000000426e+01 9.321120185614016895e-01
6.040000000000000568e+01 9.395549229830681970e-01
6.050000000000000000e+01 9.465920310635168589e-01
6.060000000000000142e+01 9.532168461715768704e-01
6.070000000000000284e+01 9.594232521071904829e-01
6.080000000000000426e+01 9.652055191970001502e-01
6.090000000000000568e+01 9.705583093755743018e-01
6.100000000000000000e+01 9.754766808512871368e-01
6.110000000000000142e+01 9.799560929482628024e-01
6.120000000000000284e+01 9.839924103781170217e-01
6.130000000000000426e+01 9.875819068108031562e-01
6.140000000000000568e+01 9.907212683516877227e-01
6.150000000000000000e+01 9.934075968011389923e-01
6.160000000000000142e+01 9.956384121692065658e-01
6.170000000000000284e+01 9.974116549133466014e-01
6.180000000000000426e+01 9.987256880045757290e-01
6.190000000000000568e+01 9.995792983431857071e-01
6.200000000000000000e+01 9.999716978577565252e-01
6.210000000000000142e+01 9.999025242970663863e-01
6.220000000000000284e+01 9.993718415144666745e-01
6.230000000000000426e+01 9.983801394378982730e-01
6.240000000000000568e+01 9.969283336070284829e-01
6.250000000000000000e+01 9.950177643228386160e-01
6.260000000000000142e+01 9.926501954230068092e-01
6.270000000000000284e+01 9.898278126427619839e-01
6.280000000000000426e+01 9.865532215959901263e-01
6.290000000000000568e+01 9.828294453907014949e-01
6.300000000000000000e+01 9.786599218051764693e-01
6.310000000000000142e+01 9.740485001257667141e-01
6.320000000000000284e+01 9.689994376335641091e-01
6.330000000000000426e+01 9.635173956056920508e-01
6.340000000000000568e+01 9.576074350300594062e-01
6.350000000000000000e+01 9.512750120064920045e-01
6.360000000000000142e+01 9.445259726254582322e-01
6.370000000000000284e+01 9.373665475409443948e-01
6.380000000000000426e+01 9.298033463378947427e-01
6.390000000000000568e+01 9.218433514187448496e-01
6.400000000000000000e+01 9.134939113636276753e-01
6.410000000000000853e+01 9.047627343258902721e-01
6.420000000000000284e+01 8.956578810358586384e-01
6.429999999999999716e+01 8.861877570376540669e-01
6.440000000000000568e+01 8.763611050499178212e-01
6.450000000000000000e+01 8.661869970605433622e-01
6.460000000000000853e+01 8.556748259181322647e-01
6.470000000000000284e+01 8.448342963133107508e-01
6.479999999999999716e+01 8.336754161294340770e-01
6.490000000000000568e+01 8.222084873831512208e-01
6.500000000000000000e+01 8.104440963680218379e-01
6.510000000000000853e+01 7.983931037941373043e-01
6.520000000000000284e+01 7.860666350419237558e-01
6.529999999999999716e+01 7.734760701546828932e-01
6.540000000000000568e+01 7.606330326737134051e-01
6.550000000000000000e+01 7.475493790971211583e-01
6.560000000000000853e+01 7.342371881749206741e-01
6.570000000000000284e+01 7.207087500313233974e-01
6.579999999999999716e+01 7.069765539949488531e-01
6.590000000000000568e+01 6.930532774147574182e-01
6.600000000000000000e+01 6.789517741861067490e-01
6.610000000000000853e+01 6.646850631745303550e-01
6.620000000000000284e+01 6.502663152626926291e-01
6.629999999999999716e+01 6.357088415982892204e-01
6.640000000000000568e+01 6.210260815422226077e-01
6.650000000000000000e+01 6.062315906238017194e-01
6.660000000000000853e+01 5.913390269941939392e-01
6.670000000000000284e+01 5.763621391946197603e-01
6.679999999999999716e+01 5.613147537420442035e-01
6.690000000000000568e+01 5.462107628099823753e-01
6.700000000000000000e+01 5.310641103541215990e-01
6.710000000000000853e+01 5.158887794491604506e-01
6.720000000000000284e+01 5.006987797866190304e-01
6.729999999999999716e+01 4.855081351412955382e-01
6.740000000000000568e+01 4.703308696007926781e-01
6.750000000000000000e+01 4.551809944781049500e-01
6.760000000000000853e+01 4.400724959407587011e-01
6.770000000000000284e+01 4.250193223961573064e-01
6.779999999999999716e+01 4.100353711748247476e-01
6.790000000000000568e+01 3.951344751398353505e-01
6.800000000000000000e+01 3.803303905698635634e-01
6.810000000000000853e+01 3.656367846938554100e-01
6.820000000000000284e+01 3.510672230130958416e-01
6.829999999999999716e+01 3.366351558865439131e-01
6.840000000000000568e+01 3.223539067434120775e-01
6.850000000000000000e+01 3.082366600106105636e-01
6.860000000000000853e+01 2.942964491464769572e-01
6.870000000000000284e+01 2.805461435776651635e-01
6.879999999999999716e+01 2.669984373192396676e-01
6.890000000000000568e+01 2.536658375233221130e-01
6.900000000000000000e+01 2.405606532411578014e-01
6.910000000000000853e+01 2.276949830810617303e-01
6.920000000000000284e+01 2.150807043698488297e-01
6.929999999999999716e+01 2.027294625014415541e-01
6.940000000000000568e+01 1.906526604808760905e-01
6.950000000000000000e+01 1.788614475583952812e-01
6.960000000000000853e+01 1.673667091466013446e-01
6.970000000000000284e+01 1.561790570927081290e-01
6.979999999999999716e+01 1.453088201221936493e-01
6.990000000000000568e+01 1.347660335841862622e-01
7.000000000000000000e+01 1.245604303803371921e-01
7.010000000000000853e+01 1.147014322654276997e-01
7.020000000000000284e+01 1.051981413021776668e-01
7.029999999999999716e+01 9.605933084329516813e-02
7.040000000000000568e+01 8.729343768392466840e-02
7.050000000000000000e+01 7.890855450389651360e-02
7.060000000000000853e+01 7.091242238651626617e-02
7.070000000000000284e+01 6.331242324576556724e-02
7.079999999999999716e+01 5.611557330284785289e-02
7.090000000000000568e+01 4.932851676631742205e-02
7.100000000000000000e+01 4.295751949273090425e-02
7.110000000000000853e+01 3.700846308290946934e-02
7.120000000000000284e+01 3.148683967404564132e-02
7.129999999999999716e+01 2.639774691997116493e-02
7.140000000000000568e+01 2.174588302197717413e-02
7.150000000000000000e+01 1.753554252857996917e-02
7.160000000000000853e+01 1.377061246630611503e-02
7.170000000000000284e+01 1.045456862141408080e-02
7.179999999999999716e+01 7.590472322663649289e-03
7.190000000000000568e+01 5.180967715113030288e-03
7.200000000000000000e+01 3.228279264324118280e-03
7.210000000000000853e+01 1.734209669480200888e-03
7.220000000000000284e+01 7.001382601375364008e-04
7.229999999999999716e+01 1.270196908068745923e-04
7.240000000000000568e+01 1.538306188701890119e-05
7.250000000000000000e+01 3.653314367478895249e-04
7.260000000000000853e+01 1.176541744560551149e-03
7.270000000000000284e+01 2.448265075174066874e-03
7.279999999999999716e+01 4.179327379916846288e-03
7.290000000000000568e+01 6.368130539111263935e-03
7.300000000000000000e+01 9.012653854400110368e-03
7.310000000000000853e+01 1.211045591824794036e-02
7.320000000000000284e+01 1.565867681834823971e-02
7.329999999999999716e+01 1.965404086658792057e-02
7.340000000000000568e+01 2.409285955416035074e-02
7.350000000000000000e+01 2.897103492868748770e-02
7.360000000000000853e+01 3.428406351127586543e-02
7.370000000000000284e+01 4.002704033090405400e-02
7.379999999999999716e+01 4.619466340858395526e-02
7.390000000000000568e+01 5.278123886292004213e-02
7.400000000000000000e+01 5.978068602291888856e-02
7.410000000000000853e+01 6.718654289083458853e-02
7.420000000000000284e+01 7.499197244024922993e-02
7.429999999999999716e+01 8.318976880461320667e-02
7.440000000000000568e+01 9.177236368228078311e-02
7.450000000000000000e+01 1.007318335913568591e-01
7.460000000000000853e+01 1.100599072934471678e-01
7.470000000000000284e+01 1.197479731519310309e-01
7.479999999999999716e+01 1.297870869541583316e-01
7.490000000000000568e+01 1.401679807065891459e-01
7.500000000000000000e+01 1.508810709363243296e-01
7.510000000000000853e+01 1.619164671998890026e-01
7.520000000000000284e+01 1.732639814958038260e-01
7.529999999999999716e+01 1.849131379987717372e-01
7.540000000000000568e+01 1.968531823724697649e-01
7.550000000000000000e+01 2.090730913005799385e-01
7.560000000000000853e+01 2.215615833449616212e-01
7.570000000000000284e+01 2.343071293765277563e-01
7.579999999999999716e+01 2.472979628513774786e-01
7.590000000000000568e+01 2.605220902654767356e-01
7.600000000000000000e+01 2.739673031654670798e-01
7.610000000000000853e+01 2.876211892139318715e-01
7.620000000000000284e+01 3.014711432686256187e-01
7.629999999999999716e+01 3.155043786242815451e-01
7.640000000000000568e+01 3.297079398919876003e-01
7.650000000000000000e+01 3.440687146589241907e-01
7.660000000000000853e+01 3.585734452021065999e-01
7.670000000000000284e+01 3.732087402730459025e-01
7.680000000000001137e+01 3.879610886460823083e-01
7.690000000000000568e+01 4.028168712974019572e-01
7.700000000000000000e+01 4.177623735709317665e-01
7.710000000000000853e+01 4.327837972647403664e-01
7.720000000000000284e+01 4.478672746084479406e-01
7.730000000000001137e+01 4.629988809068344979e-01
7.740000000000000568e+01 4.781646469248134745e-01
7.750000000000000000e+01 4.933505711534297289e-01
7.760000000000000853e+01 5.085426338228308252e-01
7.770000000000000284e+01 5.237268100009567773e-01
7.780000000000001137e+01 5.388890819645494323e-01
7.790000000000000568e+01 5.540154515638138211e-01
7.800000000000000000e+01 5.690919538397926081e-01
7.810000000000000853e+01 5.841046705119254945e-01
7.820000000000000284e+01 5.990397421879330997e-01
7.830000000000001137e+01 6.138833806478261046e-01
7.840000000000000568e+01 6.286218818022648591e-01
7.850000000000000000e+01 6.432416393349127404e-01
7.860000000000000853e+01 6.577291566547927015e-01
7.870000000000000284e+01 6.720710588977986122e-01
7.880000000000001137e+01 6.862541051014561244e-01
7.890000000000000568e+01 7.002652016404111723e-01
7.900000000000000000e+01 7.140914138381628806e-01
7.910000000000000853e+01 7.277199774668176024e-01
7.920000000000000284e+01 7.411383101282036368e-01
7.930000000000001137e+01 7.543340240802907104e-01
7.940000000000000568e+01 7.672949373871361667e-01
7.950000000000000000e+01 7.800090847144623973e-01
7.960000000000000853e+01 7.924647279162054803e-01
7.970000000000000284e+01 8.046503679412138066e-01
7.980000000000001137e+01 8.165547553209036025e-01
7.990000000000000568e+01 8.281669001032658795e-01
8.000000000000000000e+01 8.394760815766025841e-01
8.010000000000000853e+01 8.504718590927307087e-01
8.020000000000000284e+01 8.611440816274409382e-01
8.030000000000001137e+01 8.714828967233755330e-01
8.040000000000000568e+01 8.814787592569681696e-01
8.050000000000000000e+01 8.911224410741044322e-01
8.060000000000000853e+01 9.004050393695715027e-01
8.070000000000000284e+01 9.093179845046317489e-01
8.080000000000001137e+01 9.178530477830429968e-01
8.090000000000000568e+01 9.260023497204844523e-01
8.100000000000000000e+01 9.337583670783913270e-01
8.110000000000000853e+01 9.411139394419255622e-01
8.120000000000000284e+01 9.480622759951133904e-01
8.130000000000001137e+01 9.545969621627387047e-01
8.140000000000000568e+01 9.607119652403623977e-01
8.150000000000000000e+01 9.664016397156517391e-01
8.160000000000000853e+01 9.716607328728915638e-01
8.170000000000000284e+01 9.764843896430334125e-01
8.180000000000001137e+01 9.808681568076785817e-01
8.190000000000000568e+01 9.848079871906313398e-01
8.200000000000000000e+01 9.883002436156709258e-01
8.210000000000000853e+01 9.913417020713438665e-01
8.220000000000000284e+01 9.939295546102812073e-01
8.230000000000001137e+01 9.960614121589289605e-01
8.240000000000000568e+01 9.977353066209978527e-01
8.250000000000000000e+01 9.989496926233994989e-01
8.260000000000000853e+01 9.997034490616075741e-01
8.270000000000000284e+01 9.999958800683690363e-01
8.280000000000001137e+01 9.998267156678853906e-01
8.290000000000000568e+01 9.991961120357962800e-01
8.300000000000000000e+01 9.981046513406452991e-01
8.310000000000000853e+01 9.965533412207936426e-01
8.320000000000000284e+01 9.945436138400205461e-01
8.330000000000001137e+01 9.920773245757401604e-01
8.340000000000000568e+01 9.891567503078084744e-01
8.350000000000000000e+01 9.857845872973559631e-01
8.360000000000000853e+01 9.819639487196289984e-01
8.370000000000000284e+01 9.776983617984464914e-01
8.380000000000001137e+01 9.729917644965813128e-01
8.390000000000000568e+01 9.678485019346677598e-01
8.400000000000000000e+01 9.622733223999090368e-01
8.410000000000000853e+01 9.562713728539680158e-01
8.420000000000000284e+01 9.498481942721168636e-01
8.430000000000001137e+01 9.430097165867430409e-01
8.440000000000000568e+01 9.357622530278255635e-01
8.450000000000000000e+01 9.281124944052034920e-01
8.460000000000000853e+01 9.200675030308617108e-01
8.470000000000000284e+01 9.116347060360094900e-01
8.480000000000001137e+01 9.028218884891705542e-01
8.490000000000000568e+01 8.936371863723368003e-01
8.500000000000000000e+01 8.840890791139441873e-01
8.510000000000000853e+01 8.741863814114865239e-01
8.520000000000000284e+01 8.639382353514848401e-01
8.530000000000001137e+01 8.533541021239698932e-01
8.540000000000000568e+01 8.424437530313232392e-01
8.550000000000000000e+01 8.312172603555106898e-01
8.560000000000000853e+01 8.196849883144730065e-01
8.570000000000000284e+01 8.078575837166259710e-01
8.580000000000001137e+01 7.957459655414840238e-01
8.590000000000000568e+01 7.833613150677014580e-01
8.600000000000000000e+01 7.707150657667396487e-01
8.610000000000000853e+01 7.578188929167734011e-01
8.620000000000000284e+01 7.446847021070980288e-01
8.630000000000001137e+01 7.313246186420330197e-01
8.640000000000000568e+01 7.177509765554279664e-01
8.650000000000000000e+01 7.039763073188800568e-01
8.660000000000000853e+01 6.900133275048420112e-01
8.670000000000000284e+01 6.758749275373553411e-01
8.680000000000001137e+01 6.615741600033924197e-01
8.690000000000000568e+01 6.471242276974404906e-01
8.700000000000000000e+01 6.325384705773211547e-01
8.710000000000000853e+01 6.178303539897461727e-01
8.720000000000000284e+01 6.030134564515692297e-01
8.730000000000001137e+01 5.881014573109039079e-01
8.740000000000000568e+01 5.731081231217007854e-01
8.750000000000000000e+01 5.580472954736985791e-01
8.760000000000000853e+01 5.429328784365279326e-01
8.770000000000000284e+01 5.277788260871870696e-01
8.780000000000001137e+01 5.125991285053238533e-01
8.790000000000000568e+01 4.974077992932302017e-01
8.800000000000000000e+01 4.822188629282588845e-01
8.810000000000000853e+01 4.670463422827731415e-01
8.820000000000000284e+01 4.519042446038308847e-01
8.830000000000001137e+01 4.368065487425675797e-01
8.840000000000000568e+01 4.217671927112525143e-01
8.850000000000000000e+01 4.068000611776599884e-01
8.860000000000000853e+01 3.919189719348979972e-01
8.870000000000000284e+01 3.771376628690037980e-01
8.880000000000001137e+01 3.624697798791431946e-01
8.890000000000000568e+01 3.479288645467472074e-01
8.900000000000000000e+01 3.335283413220224147e-01
8.910000000000000853e+01 3.192815044725583196e-01
8.920000000000000284e+01 3.052015064485641416e-01
8.930000000000001137e+01 2.913013459716302656e-01
8.940000000000000568e+01 2.775938560237034003e-01
8.950000000000000000e+01 2.640916911286334545e-01
8.960000000000000853e+01 2.508073162447260196e-01
8.970000000000000284e+01 2.377529954956317804e-01
8.980000000000001137e+01 2.249407809917863543e-01
8.990000000000000568e+01 2.123825008004508186e-01
9.000000000000000000e+01 2.000897484931297432e-01
9.010000000000000853e+01 1.880738726995727361e-01
9.020000000000000284e+01 1.763459668007662240e-01
9.030000000000001137e+01 1.649168578664638452e-01
9.040000000000000568e+01 1.537970970415668270e-01
9.050000000000000000e+01 1.429969500631715351e-01
9.060000000000000853e+01 1.325263878937719131e-01
9.070000000000000284e+01 1.223950768287209862e-01
9.080000000000001137e+01 1.126123699232468717e-01
9.090000000000000568e+01 1.031872985912411084e-01
9.100000000000000000e+01 9.412856424776366859e-02
9.110000000000000853e+01 8.544452977952878003e-02
9.120000000000000284e+01 7.714321216600411590e-02
9.130000000000001137e+01 6.923227526249163544e-02
9.140000000000000568e+01 6.171902252945737910e-02
9.150000000000000000e+01 5.461039007322533029e-02
9.160000000000000853e+01 4.791294052323899488e-02
9.170000000000000284e+01 4.163285707758208193e-02
9.180000000000001137e+01 3.577593748293349946e-02
9.190000000000000568e+01 3.034758876079003687e-02
9.200000000000000000e+01 2.535282238217340112e-02
9.210000000000000853e+01 2.079624956833726196e-02
9.220000000000000284e+01 1.668207688250740103e-02
9.230000000000001137e+01 1.301410250701335800e-02
9.240000000000000568e+01 9.795712763743377391e-03
9.250000000000000000e+01 7.029878839707474382e-03
9.260000000000000853e+01 4.719154131763416728e-03
9.270000000000000284e+01 2.865671923191595409e-03
9.280000000000001137e+01 1.471143336896558887e-03
9.290000000000000568e+01 5.368557937867597749e-04
9.300000000000000000e+01 6.367183282552789543e-05
9.310000000000000853e+01 5.202829469499386866e-05
9.320000000000000284e+01 5.019359292007799164e-04
9.330000000000001137e+01 1.412979381980362025e-03
9.340000000000000568e+01 2.784317580849759045e-03
9.350000000000000000e+01 4.614684504605273338e-03
9.360000000000000853e+01 6.902390370552264655e-03
9.370000000000000284e+01 9.645323157514221202e-03
9.380000000000001137e+01 1.284095060607878293e-02
9.390000000000000568e+01 1.648632252406849116e-02
9.400000000000000000e+01 2.057807348024864175e-02
9.410000000000000853e+01 2.511242601157855081e-02
9.420000000000000284e+01 3.008519400724369783e-02
9.430000000000001137e+01 3.549178657047411672e-02
9.440000000000000568e+01 4.132721239842330335e-02
9.450000000000000000e+01 4.758608424317191388e-02
9.460000000000000853e+01 5.426262384001269423e-02
9.470000000000000284e+01 6.135066748331317876e-02
9.480000000000001137e+01 6.884367156024688572e-02
9.490000000000000568e+01 7.673471840734584493e-02
9.500000000000000000e+01 8.501652306329386677e-02
9.510000000000000853e+01 9.368143988826699298e-02
9.520000000000000284e+01 1.027214693533783363e-01
9.530000000000001137e+01 1.121282656311364812e-01
9.540000000000000568e+01 1.218931445169387784e-01
9.550000000000000000e+01 1.320070911678484504e-01
9.560000000000000853e+01 1.424607681688106753e-01
9.570000000000000284e+01 1.532445247607352734e-01
9.580000000000001137e+01 1.643484055711299241e-01
9.590000000000000568e+01 1.757621594631212369e-01
9.600000000000000000e+01 1.874752490408128913e-01
9.610000000000000853e+01 1.994768609617872113e-01
9.620000000000000284e+01 2.117559155432159890e-01
9.630000000000001137e+01 2.243010765916808036e-01
9.640000000000000568e+01 2.371007622515732272e-01
9.650000000000000000e+01 2.501431560994770154e-01
9.660000000000000853e+01 2.634162176125319221e-01
9.670000000000000284e+01 2.769076928244677549e-01
9.680000000000001137e+01 2.906051262839330351e-01
9.690000000000000568e+01 3.044958728102989398e-01
9.700000000000000000e+01 3.185671086993710488e-01
9.710000000000000853e+01 3.328058430472787821e-01
9.720000000000000284e+01 3.471989305297760176e-01
9.730000000000001137e+01 3.617330837713755298e-01
9.740000000000000568e+01 3.763948851029124687e-01
9.750000000000000000e+01 3.911707984027715801e-01
9.760000000000000853e+01 4.060471823621863430e-01
9.770000000000000284e+01 4.210103034446927017e-01
9.780000000000001137e+01 4.360463479949443499e-01
9.790000000000000568e+01 4.511414344503071883e-01
9.800000000000000000e+01 4.662816267274211279e-01
9.810000000000000853e+01 4.814529477313769235e-01
9.820000000000000284e+01 4.966413916364325054e-01
9.830000000000001137e+01 5.118329363142612998e-01
9.840000000000000568e+01 5.270135564935557460e-01
9.850000000000000000e+01 5.421692377016724684e-01
9.860000000000000853e+01 5.572859885836601856e-01
9.870000000000000284e+01 5.723498533694988399e-01
9.880000000000001137e+01 5.873469245547341400e-01
9.890000000000000568e+01 6.022633570160748073e-01
9.900000000000000000e+01 6.170853802888141004e-01
9.910000000000000853e+01 6.317993108503604516e-01
9.920000000000000284e+01 6.463915642371441672e-01
9.930000000000001137e+01 6.608486689165731232e-01
9.940000000000000568e+01 6.751572784732919885e-01
9.950000000000000000e+01 6.893041834484031627e-01
9.960000000000000853e+01 7.032763229477525524e-01
9.970000000000000284e+01 7.170607977886129802e-01
9.980000000000001137e+01 7.306448825008754477e-01
9.990000000000000568e+01 7.440160365291771383e-01
1.000000000000000000e+02 7.571619152811398523e-01
1.001000000000000085e+02 7.700703822838217416e-01
1.002000000000000028e+02 7.827295207513166320e-01
1.003000000000000114e+02 7.951276440392165412e-01
1.004000000000000057e+02 8.072533059441995285e-01
1.005000000000000000e+02 8.190953118339856509e-01
1.006000000000000085e+02 8.306427294358400548e-01
1.007000000000000028e+02 8.418848984234921229e-01
1.008000000000000114e+02 8.528114398053444623e-01
1.009000000000000057e+02 8.634122660144196715e-01
1.010000000000000000e+02 8.736775906045541884e-01
1.011000000000000085e+02 8.835979368329698325e-01
1.012000000000000028e+02 8.931641460092119011e-01
1.013000000000000114e+02 9.023673865077571632e-01
1.014000000000000057e+02 9.111991621104362782e-01
1.015000000000000000e+02 9.196513194569632121e-01
1.016000000000000085e+02 9.277160552783459968e-01
1.017000000000000028e+02 9.353859242169517696e-01
1.018000000000000114e+02 9.426538456371027497e-01
1.019000000000000057e+02 9.495131098064967246e-01
1.020000000000000000e+02 9.559573840790542842e-01
1.021000000000000085e+02 9.619807191917120193e-01
1.022000000000000028e+02 9.675775545279036161e-01
1.023000000000000114e+02 9.727427229848703005e-01
1.024000000000000057e+02 9.774714560444911493e-01
1.025000000000000000e+02 9.817593882511946868e-01
1.026000000000000085e+02 9.856025609856309266e-01
1.027000000000000028e+02 9.889974261523800658e-01
1.028000000000000114e+02 9.919408496733382874e-01
1.029000000000000057e+02 9.944301142155719253e-01
1.030000000000000000e+02 9.964629216298348524e-01
1.031000000000000085e+02 9.980373952560872564e-01
1.032000000000000028e+02 9.991520815634712394e-01
1.033000000000000114e+02 9.998059514498905953e-01
1.034000000000000057e+02 9.999984012769352892e-01
1.035000000000000000e+02 9.997292533690959049e-01
1.036000000000000085e+02 9.989987562019857492e-01
1.037000000000000028e+02 9.978075841749454167e-01
1.038000000000000114e+02 9.961568369711908399e-01
1.039000000000000057e+02 9.940480385601353497e-01
1.040000000000000000e+02 9.914831357817901480e-01
1.041000000000000085e+02 9.884644965448060594e-01
1.042000000000000028e+02 9.849949076600249542e-01
1.043000000000000114e+02 9.810775722444526892e-01
1.044000000000000057e+02 9.767161067642162742e-01
1.045000000000000000e+02 9.719145377363794802e-01
1.046000000000000085e+02 9.666772979581153002e-01
1.047000000000000028e+02 9.610092224165278640e-01
1.048000000000000114e+02 9.549155438972486420e-01
1.049000000000000057e+02 9.484018880869754531e-01
1.050000000000000000e+02 9.414742683361566611e-01
1.051000000000000085e+02 9.341390802229690982e-01
1.052000000000000028e+02 9.264030956474759160e-01
1.053000000000000114e+02 9.182734563880282641e-01
1.054000000000000057e+02 9.097576676801432116e-01
1.055000000000000000e+02 9.008635914007171452e-01
1.056000000000000085e+02 8.915994385068041206e-01
1.057000000000000028e+02 8.819737615689183796e-01
1.058000000000000114e+02 8.719954470370093746e-01
1.059000000000000057e+02 8.616737069937758786e-01
1.060000000000000000e+02 8.510180703278447112e-01
1.061000000000000085e+02 8.400383742346542171e-01
1.062000000000000028e+02 8.287447553117663901e-01
1.063000000000000114e+02 8.171476398371340100e-01
1.064000000000000057e+02 8.052577340995835664e-01
1.065000000000000000e+02 7.930860147749051459e-01
1.066000000000000085e+02 7.806437190407498061e-01
1.067000000000000028e+02 7.679423335350050728e-01
1.068000000000000114e+02 7.549935839921984027e-01
1.069000000000000057e+02 7.418094246431540251e-01
1.070000000000000000e+02 7.284020274000149175e-01
1.071000000000000085e+02 7.147837698212884394e-01
1.072000000000000028e+02 7.009672240798405785e-01
1.073000000000000114e+02 6.869651455729338663e-01
1.074000000000000057e+02 6.727904613570939718e-01
1.075000000000000000e+02 6.584562573229318927e-01
1.076000000000000085e+02 6.439757665813704568e-01
1.077000000000000028e+02 6.293623574655873298e-01
1.078000000000000114e+02 6.146295214644983407e-01
1.079000000000000057e+02 5.997908597631048666e-01
1.080000000000000000e+02 5.848600711570529631e-01
1.081000000000000085e+02 5.698509396422067885e-01
1.082000000000000028e+02 5.547773220851858200e-01
1.083000000000000114e+02 5.396531343353735410e-01
1.084000000000000057e+02 5.244923387481595922e-01
1.085000000000000000e+02 5.093089316063180716e-01
1.086000000000000085e+02 4.941169306590986188e-01
1.087000000000000028e+02 4.789303611589222909e-01
1.088000000000000114e+02 4.637632430134814854e-01
1.089000000000000057e+02 4.486295783230732637e-01
1.090000000000000000e+02 4.335433388053030468e-01
1.091000000000000085e+02 4.185184522320660738e-01
1.092000000000000028e+02 4.035687892427598511e-01
1.093000000000000114e+02 3.887081511555848246e-01
1.094000000000000057e+02 3.739502574877798247e-01
1.095000000000000000e+02 3.593087330265919976e-01
1.096000000000000085e+02 3.447970945328692194e-01
1.097000000000000028e+02 3.304287389125487584e-01
1.098000000000000114e+02 3.162169310752827589e-01
1.099000000000000057e+02 3.021747917460206878e-01
1.100000000000000000e+02 2.883152844051752317e-01
1.101000000000000085e+02 2.746512038952028667e-01
1.102000000000000028e+02 2.611951648504280410e-01
1.103000000000000114e+02 2.479595902799852369e-01
1.104000000000000057e+02 2.349566991188143383e-01
1.105000000000000000e+02 2.221984953835484944e-01
1.106000000000000085e+02 2.096967573673070295e-01
1.107000000000000028e+02 1.974630270286041323e-01
1.108000000000000114e+02 1.855085984501211316e-01
1.109000000000000057e+02 1.738445077280550144e-01
1.110000000000000000e+02 1.624815230747061190e-01
1.111000000000000085e+02 1.514301350974483762e-01
1.112000000000000028e+02 1.407005463520265287e-01
1.113000000000000114e+02 1.303026621959940401e-01
1.114000000000000057e+02 1.202460819141918935e-01
1.115000000000000000e+02 1.105400899829339229e-01
1.116000000000000085e+02 1.011936468694305952e-01
1.117000000000000028e+02 9.221538105460957979e-02
1.118000000000000114e+02 8.361358129328305688e-02
1.119000000000000057e+02 7.539618892560147334e-02
1.120000000000000000e+02 6.757079012369208992e-02
1.121000000000000085e+02 6.014460919652633158e-02
1.122000000000000028e+02 5.312450207869271607e-02
1.123000000000000114e+02 4.651694977813165127e-02
1.124000000000000057e+02 4.032805227802991471e-02
1.125000000000000000e+02 3.456352313473087107e-02
1.126000000000000085e+02 2.922868425912980919e-02
1.127000000000000028e+02 2.432846072374915403e-02
1.128000000000000114e+02 1.986737635754881257e-02
1.129000000000000057e+02 1.584954967465820180e-02
1.130000000000000000e+02 1.227868994054081078e-02
1.131000000000000085e+02 9.158093724822144108e-03
1.132000000000000028e+02 6.490641970455963972e-03
1.133000000000000114e+02 4.278797286019744329e-03
1.134000000000000057e+02 2.524601619636358731e-03
1.135000000000000000e+02 1.229674447602565517e-03
1.136000000000000085e+02 3.952112490127479972e-04
1.137000000000000028e+02 2.198239500369714749e-05
1.138000000000000114e+02 1.103324516548168587e-04
1.139000000000000057e+02 6.601798544139588507e-04
1.140000000000000000e+02 1.671016984047175337e-03
1.141000000000000085e+02 3.141910640318635282e-03
1.142000000000000028e+02 5.071502891547578253e-03
1.143000000000000114e+02 7.458012344736838009e-03
1.144000000000000057e+02 1.029923578339017425e-02
1.145000000000000000e+02 1.359255017598530284e-02
1.146000000000000085e+02 1.733491516547097655e-02
1.147000000000000028e+02 2.152287579348693622e-02
1.148000000000000114e+02 2.615256572125331316e-02
1.149000000000000057e+02 3.121971087256060831e-02
1.150000000000000000e+02 3.671963324020213748e-02
1.151000000000000085e+02 4.264725527030199803e-02
1.152000000000000028e+02 4.899710465926989528e-02
1.153000000000000114e+02 5.576331922474705993e-02
1.154000000000000057e+02 6.293965232490821016e-02
1.155000000000000000e+02 7.051947886028837875e-02
1.156000000000000085e+02 7.849580120216326229e-02
1.157000000000000028e+02 8.686125547104232847e-02
1.158000000000000114e+02 9.560811874577201941e-02
1.159000000000000057e+02 1.047283160540060931e-01
1.160000000000000000e+02 1.142134275429680101e-01
1.161000000000000085e+02 1.240546964761775617e-01
1.162000000000000028e+02 1.342430375541513732e-01
1.163000000000000114e+02 1.447690450099853032e-01
1.164000000000000057e+02 1.556230009980263118e-01
1.165000000000000000e+02 1.667948852077761890e-01
1.166000000000000085e+02 1.782743839607131009e-01
1.167000000000000028e+02 1.900508993857910334e-01
1.168000000000000114e+02 2.021135591431079126e-01
1.169000000000000057e+02 2.144512271542460269e-01
1.170000000000000000e+02 2.270525135107941961e-01
1.171000000000000085e+02 2.399057845903612429e-01
1.172000000000000028e+02 2.529991740164541647e-01
1.173000000000000114e+02 2.663205942087337741e-01
1.174000000000000057e+02 2.798577470764575525e-01
1.175000000000000000e+02 2.935981349218380054e-01
1.176000000000000085e+02 3.075290723912953439e-01
1.177000000000000028e+02 3.216376987232392182e-01
1.178000000000000114e+02 3.359109891021969108e-01
1.179000000000000057e+02 3.503357661956787994e-01
1.180000000000000000e+02 3.648987127876109349e-01
1.181000000000000085e+02 3.795863846683025788e-01
1.182000000000000028e+02 3.943852224793565897e-01
1.183000000000000114e+02 4.092815637343279467e-01
1.184000000000000057e+02 4.242616557857561421e-01
1.185000000000000000e+02 4.393116693098327863e-01
1.186000000000000085e+02 4.544177104701770387e-01
1.187000000000000028e+02 4.695658332704596427e-01
1.188000000000000114e+02 4.847420525052346107e-01
1.189000000000000057e+02 4.999323577387809192e-01
1.190000000000000000e+02 5.151227256487928008e-01
1.191000000000000085e+02 5.302991325385277843e-01
1.192000000000000028e+02 5.454475669951035499e-01
1.193000000000000114e+02 5.605540441354304182e-01
1.194000000000000057e+02 5.756046180465936857e-01
1.195000000000000000e+02 5.905853942353193053e-01
1.196000000000000085e+02 6.054825418820797278e-01
1.197000000000000028e+02 6.202823079484020008e-01
1.198000000000000114e+02 6.349710296821745592e-01
1.199000000000000057e+02 6.495351467249699251e-01
1.200000000000000000e+02 6.639612130292616987e-01
1.201000000000000085e+02 6.782359102965178632e-01
1.202000000000000028e+02 6.923460604901938709e-01
1.203000000000000114e+02 7.062786374198563033e-01
1.204000000000000057e+02 7.200207782274780088e-01
1.205000000000000000e+02 7.335597958935430318e-01
1.206000000000000085e+02 7.468831915056368675e-01
1.207000000000000028e+02 7.599786652150086752e-01
1.208000000000000114e+02 7.728341270940585206e-01
1.209000000000000057e+02 7.854377086566644017e-01
1.210000000000000000e+02 7.977777745281486865e-01
1.211000000000000085e+02 8.098429326570715236e-01
1.212000000000000028e+02 8.216220443620586567e-01
1.213000000000000114e+02 8.331042348596496838e-01
1.214000000000000057e+02 8.442789040049412108e-01
1.215000000000000000e+02 8.551357356094453355e-01
1.216000000000000085e+02 8.656647065195599566e-01
1.217000000000000028e+02 8.758560961461714367e-01
1.218000000000000114e+02 8.857004959958604262e-01
1.219000000000000057e+02 8.951888179357614383e-01
1.220000000000000000e+02 9.043123021813392892e-01
1.221000000000000085e+02 9.130625257906518355e-01
1.222000000000000028e+02 9.214314107475037874e-01
1.223000000000000114e+02 9.294112310413412681e-01
1.224000000000000057e+02 9.369946194981813026e-01
1.225000000000000000e+02 9.441745751166151779e-01
1.226000000000000085e+02 9.509444695344799747e-01
1.227000000000000028e+02 9.572980528076745488e-01
1.228000000000000114e+02 9.632294591480421442e-01
1.229000000000000057e+02 9.687332127613208499e-01
1.230000000000000000e+02 9.738042326965467010e-01
1.231000000000000085e+02 9.784378372915117916e-01
1.232000000000000028e+02 9.826297487781981976e-01
1.233000000000000114e+02 9.863760972835846630e-01
1.234000000000000057e+02 9.896734241650968489e-01
1.235000000000000000e+02 9.925186852722015507e-01
1.236000000000000085e+02 9.949092539194579476e-01
1.237000000000000028e+02 9.968429231481864550e-01
1.238000000000000114e+02 9.983179077506482146e-01
1.239000000000000057e+02 9.993328460525082724e-01
1.240000000000000000e+02 9.998868010677102180e-01
1.241000000000000085e+02 9.999792613739830749e-01
1.242000000000000028e+02 9.996101416195879441e-01
1.243000000000000114e+02 9.987797825685569286e-01
1.244000000000000057e+02 9.974889508117902315e-01
1.245000000000000000e+02 9.957388380413138007e-01
1.246000000000000085e+02 9.935310599563759171e-01
1.247000000000000028e+02 9.908676547793520140e-01
1.248000000000000114e+02 9.877510813565344439e-01
1.249000000000000057e+02 9.841842169008603314e-01
1.250000000000000000e+02 9.801703543504690641e-01
1.251000000000000085e+02 9.757131992825589517e-01
1.252000000000000028e+02 9.708168665279561793e-01
1.253000000000000114e+02 9.654858764054679021e-01
1.254000000000000057e+02 9.597251504526288501e-01
1.255000000000000000e+02 9.535400069427072411e-01
1.256000000000000085e+02 9.469361560393477761e-01
1.257000000000000028e+02 9.399196943922594194e-01
1.258000000000000114e+02 9.324970995424045617e-01
1.259000000000000057e+02 9.246752240558083757e-01
1.260000000000000000e+02 9.164612891209368284e-01
1.261000000000000085e+02 9.078628777516138948e-01
1.262000000000000028e+02 8.988879279604200523e-01
1.263000000000000114e+02 8.895447255427696431e-01
1.264000000000000057e+02 8.798418960563316737e-01
1.265000000000000000e+02 8.697883970583933921e-01
1.266000000000000085e+02 8.593935099944127742e-01
1.267000000000000028e+02 8.486668315084306968e-01
1.268000000000000114e+02 8.376182643161426133e-01
1.269000000000000057e+02 8.262580083651469565e-01
1.270000000000000000e+02 8.145965516166182585e-01
1.271000000000000085e+02 8.026446599122627479e-01
1.272000000000000028e+02 7.904133670637245590e-01
1.273000000000000114e+02 7.779139649187585270e-01
1.274000000000000057e+02 7.651579931902258158e-01
1.275000000000000000e+02 7.521572280868368265e-01
1.276000000000000085e+02 7.389236717233895746e-01
1.277000000000000028e+02 7.254695412644480701e-01
1.278000000000000114e+02 7.118072578746555967e-01
1.279000000000000057e+02 6.979494344191174982e-01
1.280000000000000000e+02 6.839088642290580555e-01
1.280999999999999943e+02 6.696985095100905783e-01
1.282000000000000171e+02 6.553314896184301297e-01
1.283000000000000114e+02 6.408210680158247241e-01
1.284000000000000057e+02 6.261806404860402742e-01
1.285000000000000000e+02 6.114237229929282424e-01
1.285999999999999943e+02 5.965639395314431548e-01
1.287000000000000171e+02 5.816150085061382313e-01
1.288000000000000114e+02 5.665907304995839722e-01
1.289000000000000057e+02 5.515049757904343375e-01
1.290000000000000000e+02 5.363716719873253824e-01
1.290999999999999943e+02 5.212047900831342506e-01
1.292000000000000171e+02 5.060183318314523948e-01
1.293000000000000114e+02 4.908263171977405026e-01
1.294000000000000057e+02 4.756427718396251669e-01
1.295000000000000000e+02 4.604817132659961842e-01
1.295999999999999943e+02 4.453571378268631475e-01
1.297000000000000171e+02 4.302830083369367231e-01
1.298000000000000114e+02 4.152732414944789729e-01
1.299000000000000057e+02 4.003416945355043888e-01
1.300000000000000000e+02 3.855021519395053775e-01
1.300999999999999943e+02 3.707683133489207972e-01
1.302000000000000171e+02 3.561537811619773786e-01
1.303000000000000114e+02 3.416720478601095734e-01
1.304000000000000057e+02 3.273364827110565312e-01
1.305000000000000000e+02 3.131603200599492043e-01
1.305999999999999943e+02 2.991566473386687575e-01
1.307000000000000171e+02 2.853383931389685824e-01
1.308000000000000114e+02 2.717183142832205744e-01
1.309000000000000057e+02 2.583089845692879138e-01
1.310000000000000000e+02 2.451227834199046218e-01
1.310999999999999943e+02 2.321718847228432248e-01
1.312000000000000171e+02 2.194682446291041089e-01
1.313000000000000114e+02 2.070235908888651000e-01
1.314000000000000057e+02 1.948494123166440717e-01
1.315000000000000000e+02 1.829569484508798416e-01
1.315999999999999943e+02 1.713571783342214272e-01
1.317000000000000171e+02 1.600608106494554872e-01
1.318000000000000114e+02 1.490782741281940493e-01
1.319000000000000057e+02 1.384197081308291000e-01
1.320000000000000000e+02 1.280949525640188436e-01
1.320999999999999943e+02 1.181135390539408553e-01
1.322000000000000171e+02 1.084846824096966922e-01
1.323000000000000114e+02 9.921727221374983252e-02
1.324000000000000057e+02 9.031986403190214729e-02
1.325000000000000000e+02 8.180067180978722874e-02
1.325999999999999943e+02 7.366756050145981116e-02
1.327000000000000171e+02 6.592803872599002635e-02
1.328000000000000114e+02 5.858925148675984268e-02
1.329000000000000057e+02 5.165797387049397144e-02
1.330000000000000000e+02 4.514060492622202353e-02
1.330999999999999943e+02 3.904316150347147962e-02
1.332000000000000171e+02 3.337127266463439657e-02
1.333000000000000114e+02 2.813017468728981618e-02
1.334000000000000057e+02 2.332470623138449897e-02
1.335000000000000000e+02 1.895930364575681287e-02
1.335999999999999943e+02 1.503799703203118066e-02
1.337000000000000171e+02 1.156440658665132924e-02
1.338000000000000114e+02 8.541739113681851708e-03
1.339000000000000057e+02 5.972785106583726640e-03
1.340000000000000000e+02 3.859916242608424364e-03
1.340999999999999943e+02 2.205083120714882577e-03
1.342000000000000171e+02 1.009813466998817902e-03
1.343000000000000114e+02 2.752107604591358912e-04
1.344000000000000057e+02 1.953183502777890781e-06
1.345000000000000000e+02 1.902930076527192674e-04
1.345999999999999943e+02 8.400563567651892719e-04
1.347000000000000171e+02 1.950643372987774299e-03
1.348000000000000114e+02 3.521028760101608656e-03
1.349000000000000057e+02 5.549762747104986134e-03
1.350000000000000000e+02 8.034972403461546758e-03
1.350999999999999943e+02 1.097436338632530768e-02
1.352000000000000171e+02 1.436522207295287505e-02
1.353000000000000114e+02 1.820441799650638834e-02
1.354000000000000057e+02 2.248840683593273868e-02
1.355000000000000000e+02 2.721323364297232802e-02
1.355999999999999943e+02 3.237453640708947561e-02
1.357000000000000171e+02 3.796755025713804271e-02
1.358000000000000114e+02 4.398711177286823010e-02
1.359000000000000057e+02 5.042766361418540150e-02
1.360000000000000000e+02 5.728325991023970609e-02
1.360999999999999943e+02 6.454757165971250488e-02
1.362000000000000171e+02 7.221389236300601588e-02
1.363000000000000114e+02 8.027514446954575611e-02
1.364000000000000057e+02 8.872388595537025746e-02
1.365000000000000000e+02 9.755231693320848274e-02
1.365999999999999943e+02 1.067522868669823766e-01
1.367000000000000171e+02 1.163153024728976609e-01
1.368000000000000114e+02 1.262325353013661888e-01
1.369000000000000057e+02 1.364948295852422278e-01
1.370000000000000000e+02 1.470927111706963053e-01
1.370999999999999943e+02 1.580163962823798174e-01
1.372000000000000171e+02 1.692558002309877407e-01
1.373000000000000114e+02 1.808005465369030285e-01
1.374000000000000057e+02 1.926399772170610258e-01
1.375000000000000000e+02 2.047631623276975066e-01
1.375999999999999943e+02 2.171589096798726137e-01
1.377000000000000171e+02 2.298157752706793122e-01
1.378000000000000114e+02 2.427220744917646111e-01
1.379000000000000057e+02 2.558658924839738447e-01
1.380000000000000000e+02 2.692350947090502711e-01
1.380999999999999943e+02 2.828173384912326949e-01
1.382000000000000171e+02 2.966000849658864680e-01
1.383000000000000114e+02 3.105706101583323719e-01
1.384000000000000057e+02 3.247160162573786701e-01
1.385000000000000000e+02 3.390232439826734168e-01
1.385999999999999943e+02 3.534790851964896286e-01
1.387000000000000171e+02 3.680701945516853257e-01
1.388000000000000114e+02 3.827831013154635031e-01
1.389000000000000057e+02 3.976042222285477989e-01
1.390000000000000000e+02 4.125198747355580120e-01
1.390999999999999943e+02 4.275162890264579962e-01
1.392000000000000171e+02 4.425796202611939623e-01
1.393000000000000114e+02 4.576959615645779800e-01
1.394000000000000057e+02 4.728513578065990375e-01
1.395000000000000000e+02 4.880318178802505180e-01
1.395999999999999943e+02 5.032233271668674623e-01
1.397000000000000171e+02 5.184118603466335573e-01
1.398000000000000114e+02 5.335833955665286732e-01
1.399000000000000057e+02 5.487239268452690499e-01
1.400000000000000000e+02 5.638194765824916521e-01
1.400999999999999943e+02 5.788561079912771801e-01
1.402000000000000171e+02 5.938199393288082772e-01
1.403000000000000114e+02 6.086971563775531724e-01
1.404000000000000057e+02 6.234740247401534541e-01
1.405000000000000000e+02 6.381369018928182424e-01
1.405999999999999943e+02 6.526722509838791542e-01
1.407000000000000171e+02 6.670666533601087300e-01
1.408000000000000114e+02 6.813068203981930138e-01
1.409000000000000057e+02 6.953796052087896085e-01
1.410000000000000000e+02 7.092720155658922554e-01
1.410999999999999943e+02 7.229712263309655551e-01
1.412000000000000171e+02 7.364645907015842097e-01
1.413000000000000114e+02 7.497396513730902878e-01
1.414000000000000057e+02 7.627841524973862919e-01
1.415000000000000000e+02 7.755860516663264370e-01
1.415999999999999943e+02 7.881335304724480517e-01
1.417000000000000171e+02 8.004150049385372334e-01
1.418000000000000114e+02 8.124191364848581953e-01
1.419000000000000057e+02 8.241348431241715122e-01
1.420000000000000000e+02 8.355513091984299034e-01
1.420999999999999943e+02 8.466579949066490585e-01
1.422000000000000171e+02 8.574446462788554157e-01
1.423000000000000114e+02 8.679013052803319361e-01
1.424000000000000057e+02 8.780183185650785038e-01
1.425000000000000000e+02 8.877863459618853259e-01
1.425999999999999943e+02 8.971963694363945807e-01
1.427000000000000171e+02 9.062397018485445210e-01
1.428000000000000114e+02 9.149079945743019415e-01
1.429000000000000057e+02 9.231932448556879889e-01
1.430000000000000000e+02 9.310878036756791154e-01
1.430999999999999943e+02 9.385843829599719301e-01
1.432000000000000171e+02 9.456760619523593148e-01
1.433000000000000114e+02 9.523562934180572759e-01
1.434000000000000057e+02 9.586189102120576955e-01
1.435000000000000000e+02 9.644581308351998228e-01
1.435999999999999943e+02 9.698685644647030424e-01
1.437000000000000171e+02 9.748452161000717986e-01
1.438000000000000114e+02 9.793834913975882905e-01
1.439000000000000057e+02 9.834792006720491919e-01
1.440000000000000000e+02 9.871285626643465649e-01
1.440999999999999943e+02 9.903282083208102549e-01
1.442000000000000171e+02 9.930751837944442606e-01
1.443000000000000114e+02 9.953669530188279380e-01
1.444000000000000057e+02 9.972014002362954432e-01
1.445000000000000000e+02 9.985768319286055794e-01
1.445999999999999943e+02 9.994919782708990841e-01
1.447000000000000171e+02 9.999459944072204287e-01
1.448000000000000114e+02 9.999384611937713885e-01
1.449000000000000057e+02 9.994693855799279270e-01
1.450000000000000000e+02 9.985392006197165715e-01
1.450999999999999943e+02 9.971487650550011628e-01
1.452000000000000171e+02 9.952993625360508911e-01
1.453000000000000114e+02 9.929927004267659063e-01
1.454000000000000057e+02 9.902309082316279598e-01
1.455000000000000000e+02 9.870165356407887280e-01
1.455999999999999943e+02 9.833525501499904564e-01
1.457000000000000171e+02 9.792423343402892888e-01
1.458000000000000114e+02 9.746896827771268645e-01
1.459000000000000057e+02 9.696987984432957619e-01
1.460000000000000000e+02 9.642742889031312714e-01
1.460999999999999943e+02 9.584211620944979027e-01
1.462000000000000171e+02 9.521448215927521552e-01
1.463000000000000114e+02 9.454510616758186048e-01
1.464000000000000057e+02 9.383460620598588209e-01
1.465000000000000000e+02 9.308363820759747442e-01
1.465999999999999943e+02 9.229289545887677804e-01
1.467000000000000171e+02 9.146310797349432864e-01
1.468000000000000114e+02 9.059504181899633579e-01
1.469000000000000057e+02 8.968949838387618723e-01
1.470000000000000000e+02 8.874731365956366469e-01
1.470999999999999943e+02 8.776935748210085153e-01
1.472000000000000171e+02 8.675653269800465139e-01
1.473000000000000114e+02 8.570977433479405327e-01
1.474000000000000057e+02 8.463004875744861710e-01
1.475000000000000000e+02 8.351835278596122514e-01
1.475999999999999943e+02 8.237571272433749092e-01
1.477000000000000171e+02 8.120318344533650201e-01
1.478000000000000114e+02 8.000184743523026665e-01
1.479000000000000057e+02 7.877281378135375656e-01
1.480000000000000000e+02 7.751721710772830898e-01
1.480999999999999943e+02 7.623621656839812966e-01
1.482000000000000171e+02 7.493099479947508135e-01
1.483000000000000114e+02 7.360275679103790436e-01
1.484000000000000057e+02 7.225272874881514262e-01
1.485000000000000000e+02 7.088215700483061488e-01
1.485999999999999943e+02 6.949230689407276396e-01
1.487000000000000171e+02 6.808446153369346332e-01
1.488000000000000114e+02 6.665992061976230287e-01
1.489000000000000057e+02 6.521999927292938537e-01
1.490000000000000000e+02 6.376602685456159714e-01
1.490999999999999943e+02 6.229934568241827231e-01
1.492000000000000171e+02 6.082130976688778778e-01
1.493000000000000114e+02 5.933328361304810450e-01
1.494000000000000057e+02 5.783664099023591021e-01
1.495000000000000000e+02 5.633276361742481919e-01
1.495999999999999943e+02 5.482303984297360877e-01
1.497000000000000171e+02 5.330886342333670536e-01
1.498000000000000114e+02 5.179163226175543810e-01
1.499000000000000057e+02 5.027274709628599680e-01
1.500000000000000000e+02 4.875361013205239402e-01
1.500999999999999943e+02 4.723562381229147733e-01
1.502000000000000171e+02 4.572018954537375723e-01
1.503000000000000114e+02 4.420870642179473564e-01
1.504000000000000057e+02 4.270256981924022699e-01
1.505000000000000000e+02 4.120317017545397920e-01
1.505999999999999943e+02 3.971189172741438900e-01
1.507000000000000171e+02 3.823011127014848687e-01
1.508000000000000114e+02 3.675919677047094769e-01
1.509000000000000057e+02 3.530050614608233328e-01
1.510000000000000000e+02 3.385538604460043843e-01
1.510999999999999943e+02 3.242517064255773795e-01
1.512000000000000171e+02 3.101118031497806515e-01
1.513000000000000114e+02 2.961472042603235377e-01
1.514000000000000057e+02 2.823708017097129597e-01
1.515000000000000000e+02 2.687953141702320026e-01
1.515999999999999943e+02 2.554332746460946657e-01
1.517000000000000171e+02 2.422970186772602508e-01
1.518000000000000114e+02 2.293986734842491382e-01
1.519000000000000057e+02 2.167501470274789677e-01
1.520000000000000000e+02 2.043631165908295078e-01
1.520999999999999943e+02 1.922490176223984326e-01
1.522000000000000171e+02 1.804190336946290829e-01
1.523000000000000114e+02 1.688840864110906226e-01
1.524000000000000057e+02 1.576548249897022913e-01
1.525000000000000000e+02 1.467416160612819154e-01
1.525999999999999943e+02 1.361545345608644875e-01
1.527000000000000171e+02 1.259033546366899181e-01
1.528000000000000114e+02 1.159975402772282366e-01
1.529000000000000057e+02 1.064462363390836913e-01
1.530000000000000000e+02 9.725826048633154364e-02
1.530999999999999943e+02 8.844209522306706317e-02
1.532000000000000171e+02 8.000587964783074935e-02
1.533000000000000114e+02 7.195740192405174207e-02
1.534000000000000057e+02 6.430409236090116332e-02
1.535000000000000000e+02 5.705301664827644448e-02
1.536000000000000227e+02 5.021086891214375514e-02
1.537000000000000171e+02 4.378396572412589921e-02
1.538000000000000114e+02 3.777824044014187199e-02
1.539000000000000057e+02 3.219923760754679620e-02
1.540000000000000000e+02 2.705210767634877791e-02
1.541000000000000227e+02 2.234160244440512241e-02
1.542000000000000171e+02 1.807207072022370964e-02
1.543000000000000114e+02 1.424745409983201386e-02
1.544000000000000057e+02 1.087128342922393139e-02
1.545000000000000000e+02 7.946675620303581336e-03
1.546000000000000227e+02 5.476330667341476090e-03
1.547000000000000171e+02 3.462529166295545691e-03
1.548000000000000114e+02 1.907130269546751609e-03
1.549000000000000057e+02 8.115699181070847642e-04
1.550000000000000000e+02 1.768595280105366829e-04
1.551000000000000227e+02 3.585065759719567381e-06
1.552000000000000171e+02 2.919064974541840532e-04
1.553000000000000114e+02 1.041557644437173143e-03
1.554000000000000057e+02 2.251846431957084307e-03
1.555000000000000000e+02 3.921655521005752883e-03
1.556000000000000227e+02 6.049443346841729650e-03
1.557000000000000171e+02 8.633245546076586188e-03
1.558000000000000114e+02 1.167067673933634697e-02
1.559000000000000057e+02 1.515893279654317166e-02
1.560000000000000000e+02 1.909479335577466200e-02
1.561000000000000227e+02 2.347462481742757651e-02
1.562000000000000171e+02 2.829438377028206317e-02
1.563000000000000114e+02 3.354962059445639605e-02
1.564000000000000057e+02 3.923548363475604789e-02
1.565000000000000000e+02 4.534672377524221615e-02
1.566000000000000227e+02 5.187769910981618326e-02
1.567000000000000171e+02 5.882238018225025011e-02
1.568000000000000114e+02 6.617435575351503230e-02
1.569000000000000057e+02 7.392683853014130058e-02
1.570000000000000000e+02 8.207267129094658609e-02
1.571000000000000227e+02 9.060433388216379558e-02
1.572000000000000171e+02 9.951394999315313350e-02
1.573000000000000114e+02 1.087932941553765021e-01
1.574000000000000057e+02 1.184337996353184708e-01
1.575000000000000000e+02 1.284265664785525507e-01
1.576000000000000227e+02 1.387623694328109780e-01
1.577000000000000171e+02 1.494316662585038202e-01
1.578000000000000114e+02 1.604246071639781335e-01
1.579000000000000057e+02 1.717310436598852297e-01
1.580000000000000000e+02 1.833405375758663247e-01
1.581000000000000227e+02 1.952423708254287238e-01
1.582000000000000171e+02 2.074255558347143924e-01
1.583000000000000114e+02 2.198788452910858671e-01
1.584000000000000057e+02 2.325907421159974231e-01
1.585000000000000000e+02 2.455495105451249438e-01
1.586000000000000227e+02 2.587431872999747529e-01
1.587000000000000171e+02 2.721595921918731897e-01
1.588000000000000114e+02 2.857863388936175975e-01
1.589000000000000057e+02 2.996108470900721299e-01
1.590000000000000000e+02 3.136203542924714260e-01
1.591000000000000227e+02 3.278019271565941750e-01
1.592000000000000171e+02 3.421424728952978112e-01
1.593000000000000114e+02 3.566287522042577152e-01
1.594000000000000057e+02 3.712473916794020168e-01
1.595000000000000000e+02 3.859848956550094856e-01
1.596000000000000227e+02 4.008276581082028112e-01
1.597000000000000171e+02 4.157619760191399449e-01
1.598000000000000114e+02 4.307740623713434691e-01
1.599000000000000057e+02 4.458500583069293643e-01
1.600000000000000000e+02 4.609760453761627130e-01
1.601000000000000227e+02 4.761380589653557149e-01
1.602000000000000171e+02 4.913221018357376568e-01
1.603000000000000114e+02 5.065141564192483514e-01
1.604000000000000057e+02 5.217001972576962299e-01
1.605000000000000000e+02 5.368662041553305952e-01
1.606000000000000227e+02 5.519981761280400301e-01
1.607000000000000171e+02 5.670821437108326535e-01
1.608000000000000114e+02 5.821041814057681396e-01
1.609000000000000057e+02 5.970504203207998017e-01
1.610000000000000000e+02 6.119070622554815264e-01
1.611000000000000227e+02 6.266603919435485004e-01
1.612000000000000171e+02 6.412967892838742356e-01
1.613000000000000114e+02 6.558027413957208118e-01
1.614000000000000057e+02 6.701648564147034692e-01
1.615000000000000000e+02 6.843698756175796705e-01
1.616000000000000227e+02 6.984046851785935539e-01
1.617000000000000171e+02 7.122563276967325274e-01
1.618000000000000114e+02 7.259120152322233732e-01
1.619000000000000057e+02 7.393591412074018709e-01
1.620000000000000000e+02 7.525852915030656343e-01
1.621000000000000227e+02 7.655782553955077230e-01
1.622000000000000171e+02 7.783260375915838081e-01
1.623000000000000114e+02 7.908168696464265013e-01
1.624000000000000057e+02 8.030392202888747555e-01
1.625000000000000000e+02 8.149818055830104768e-01
1.626000000000000227e+02 8.266335999297217407e-01
1.627000000000000171e+02 8.379838466584026424e-01
1.628000000000000114e+02 8.490220674604814777e-01
1.629000000000000057e+02 8.597380716180110793e-01
1.630000000000000000e+02 8.701219659551885366e-01
1.631000000000000227e+02 8.801641642970494672e-01
1.632000000000000171e+02 8.898553958765624827e-01
1.633000000000000114e+02 8.991867135105348074e-01
1.634000000000000057e+02 9.081495024525072512e-01
1.635000000000000000e+02 9.167354884674077109e-01
1.636000000000000227e+02 9.249367450855968675e-01
1.637000000000000171e+02 9.327457006702574160e-01
1.638000000000000114e+02 9.401551460247078440e-01
1.639000000000000057e+02 9.471582409298935357e-01
1.640000000000000000e+02 9.537485201107985811e-01
1.641000000000000227e+02 9.599198992720232582e-01
1.642000000000000171e+02 9.656666810986634930e-01
1.643000000000000114e+02 9.709835602697576284e-01
1.644000000000000057e+02 9.758656281259293630e-01
1.645000000000000000e+02 9.803083775342803508e-01
1.646000000000000227e+02 9.843077070548394980e-01
1.647000000000000171e+02 9.878599244804175949e-01
1.648000000000000114e+02 9.909617503473810984e-01
1.649000000000000057e+02 9.936103211171298799e-01
1.650000000000000000e+02 9.958031916412016793e-01
1.651000000000000227e+02 9.975383374133004466e-01
1.652000000000000171e+02 9.988141565824499857e-01
1.653000000000000114e+02 9.996294713191262726e-01
1.654000000000000057e+02 9.999835289102091407e-01
1.655000000000000000e+02 9.998760025015938080e-01
1.656000000000000227e+02 9.993069913525103320e-01
1.657000000000000171e+02 9.982770207775495397e-01
1.658000000000000114e+02 9.967870416441984016e-01
1.659000000000000057e+02 9.948384294955840979e-01
1.660000000000000000e+02 9.924329832911985561e-01
1.661000000000000227e+02 9.895729237325816552e-01
1.662000000000000171e+02 9.862608912184248622e-01
1.663000000000000114e+02 9.824999434238086415e-01
1.664000000000000057e+02 9.782935524396768612e-01
1.665000000000000000e+02 9.736456015911831852e-01
1.666000000000000227e+02 9.685603818861969749e-01
1.667000000000000171e+02 9.630425879739076267e-01
1.668000000000000114e+02 9.570973138526502888e-01
1.669000000000000057e+02 9.507300482317803114e-01
1.670000000000000000e+02 9.439466693530431662e-01
1.671000000000000227e+02 9.367534395768307709e-01
1.672000000000000171e+02 9.291569997128662495e-01
1.673000000000000114e+02 9.211643628302714770e-01
1.674000000000000057e+02 9.127829076445750367e-01
1.675000000000000000e+02 9.040203718745599692e-01
1.676000000000000227e+02 8.948848452085255145e-01
1.677000000000000171e+02 8.853847614824794654e-01
1.678000000000000114e+02 8.755288910824562398e-01
1.679000000000000057e+02 8.653263330022018529e-01
1.680000000000000000e+02 8.547865063209906245e-01
1.681000000000000227e+02 8.439191412582874863e-01
1.682000000000000171e+02 8.327342704799099993e-01
1.683000000000000114e+02 8.212422200314927201e-01
1.684000000000000057e+02 8.094535993472515845e-01
1.685000000000000000e+02 7.973792915139222837e-01
1.686000000000000227e+02 7.850304434629592487e-01
1.687000000000000171e+02 7.724184559079743106e-01
1.688000000000000114e+02 7.595549721166712231e-01
1.689000000000000057e+02 7.464518674745864724e-01
1.690000000000000000e+02 7.331212387365841909e-01
1.691000000000000227e+02 7.195753930326992398e-01
1.692000000000000171e+02 7.058268357141781468e-01
1.693000000000000114e+02 6.918882592486893524e-01
1.694000000000000057e+02 6.777725317151984674e-01
1.695000000000000000e+02 6.634926850861559977e-01
1.696000000000000227e+02 6.490619023189764247e-01
1.697000000000000171e+02 6.344935056877577528e-01
1.698000000000000114e+02 6.198009446987413629e-01
1.699000000000000057e+02 6.049977839125010304e-01
1.700000000000000000e+02 5.900976894210064883e-01
1.701000000000000227e+02 5.751144167358942516e-01
1.702000000000000171e+02 5.600617983178253212e-01
1.703000000000000114e+02 5.449537311849936838e-01
1.704000000000000057e+02 5.298041629755355642e-01
1.705000000000000000e+02 5.146270794774124857e-01
1.706000000000000227e+02 4.994364920140647035e-01
1.707000000000000171e+02 4.842464249743074212e-01
1.708000000000000114e+02 4.690709018111522410e-01
1.709000000000000057e+02 4.539239322347748407e-01
1.710000000000000000e+02 4.388194997459888280e-01
1.711000000000000227e+02 4.237715490867234869e-01
1.712000000000000171e+02 4.087939726677881636e-01
1.713000000000000114e+02 3.939005974511091690e-01
1.714000000000000057e+02 3.791051727930423998e-01
1.715000000000000000e+02 3.644213580169391453e-01
1.716000000000000227e+02 3.498627095074936522e-01
1.717000000000000171e+02 3.354426675121350288e-01
1.718000000000000114e+02 3.211745443792805021e-01
1.719000000000000057e+02 3.070715124972290822e-01
1.720000000000000000e+02 2.931465921553018661e-01
1.721000000000000227e+02 2.794126386114605953e-01
1.722000000000000171e+02 2.658823308030087151e-01
1.723000000000000114e+02 2.525681598809516037e-01
1.724000000000000057e+02 2.394824178694429651e-01
1.725000000000000000e+02 2.266371853666414582e-01
1.726000000000000227e+02 2.140443208465732106e-01
1.727000000000000171e+02 2.017154499783733457e-01
1.728000000000000114e+02 1.896619551202055332e-01
1.729000000000000057e+02 1.778949639444218356e-01
1.730000000000000000e+02 1.664253395141541414e-01
1.731000000000000227e+02 1.552636705299825504e-01
1.732000000000000171e+02 1.444202617351012519e-01
1.733000000000000114e+02 1.339051236593752081e-01
1.734000000000000057e+02 1.237279636897304358e-01
1.735000000000000000e+02 1.138981773622878835e-01
1.736000000000000227e+02 1.044248397603220885e-01
1.737000000000000171e+02 9.531669654854162121e-02
1.738000000000000114e+02 8.658215622185913563e-02
1.739000000000000057e+02 7.822928255269931408e-02
1.740000000000000000e+02 7.026578704516130147e-02
1.741000000000000227e+02 6.269902146840644619e-02
1.742000000000000171e+02 5.553597137640671477e-02
1.743000000000000114e+02 4.878324979619415303e-02
1.744000000000000057e+02 4.244709085599932680e-02
1.745000000000000000e+02 3.653334399522534942e-02
1.746000000000000227e+02 3.104746877136546970e-02
1.747000000000000171e+02 2.599452983013897725e-02
1.748000000000000114e+02 2.137919198332035101e-02
1.749000000000000057e+02 1.720571606713142826e-02
1.750000000000000000e+02 1.347795508264285243e-02
1.751000000000000227e+02 1.019935048848219332e-02
1.752000000000000171e+02 7.372929053328428767e-03
1.753000000000000114e+02 5.001300147320521423e-03
1.754000000000000057e+02 3.086653261915334873e-03
1.755000000000000000e+02 1.630755978295298295e-03
1.756000000000000227e+02 6.349523872352857631e-04
1.757000000000000171e+02 1.001618125651928848e-04
1.758000000000000114e+02 2.687797118297535913e-05
1.759000000000000057e+02 4.151685189593271649e-04
1.760000000000000000e+02 1.264674987775109239e-03
1.761000000000000227e+02 2.574613112302716507e-03
1.762000000000000171e+02 4.343773564796541559e-03
1.763000000000000114e+02 6.570523051280686283e-03
1.764000000000000057e+02 9.252805845568205095e-03
1.765000000000000000e+02 1.238814567518765550e-02
1.766000000000000227e+02 1.597364797611383266e-02
1.767000000000000171e+02 2.000600264677103793e-02
1.768000000000000114e+02 2.448148701583718889e-02
1.769000000000000057e+02 2.939596929203558764e-02
1.770000000000000000e+02 3.474491248284421185e-02
1.771000000000000227e+02 4.052337844068248235e-02
1.772000000000000171e+02 4.672603243828990505e-02
1.773000000000000114e+02 5.334714826291461764e-02
1.774000000000000057e+02 6.038061333207010023e-02
1.775000000000000000e+02 6.781993424924166736e-02
1.776000000000000227e+02 7.565824311400425051e-02
1.777000000000000171e+02 8.388830369515717922e-02
1.778000000000000114e+02 9.250251787502963841e-02
1.779000000000000057e+02 1.014929330234508043e-01
1.780000000000000000e+02 1.108512493354738143e-01
1.781000000000000227e+02 1.205688272041659376e-01
1.782000000000000171e+02 1.306366952003518711e-01
1.783000000000000114e+02 1.410455588120952952e-01
1.784000000000000057e+02 1.517858087304284620e-01
1.785000000000000000e+02 1.628475293808773205e-01
1.786000000000000227e+02 1.742205085246899821e-01
1.787000000000000171e+02 1.858942468353952937e-01
1.788000000000000114e+02 1.978579672496303121e-01
1.789000000000000057e+02 2.101006245549507934e-01
1.790000000000000000e+02 2.226109163893701115e-01
1.791000000000000227e+02 2.353772935001548772e-01
1.792000000000000171e+02 2.483879700399876655e-01
1.793000000000000114e+02 2.616309341908788499e-01
1.794000000000000057e+02 2.750939601836467907e-01
1.795000000000000000e+02 2.887646192328838235e-01
1.796000000000000227e+02 3.026302906184500374e-01
1.797000000000000171e+02 3.166781731495040275e-01
1.798000000000000114e+02 3.308952979925682825e-01
1.799000000000000057e+02 3.452685402081724919e-01
1.800000000000000000e+02 3.597846304610717860e-01
1.801000000000000227e+02 3.744301670373579305e-01
1.802000000000000171e+02 3.891916293452497566e-01
1.803000000000000114e+02 4.040553899426547746e-01
1.804000000000000057e+02 4.190077267128564653e-01
1.805000000000000000e+02 4.340348351361583701e-01
1.806000000000000227e+02 4.491228423010358850e-01
1.807000000000000171e+02 4.642578193256939878e-01
1.808000000000000114e+02 4.794257938043874345e-01
1.809000000000000057e+02 4.946127621150683829e-01
1.810000000000000000e+02 5.098047036538578825e-01
1.811000000000000227e+02 5.249875936083044925e-01
1.812000000000000171e+02 5.401474154098626634e-01
1.813000000000000114e+02 5.552701730447121564e-01
1.814000000000000057e+02 5.703419050234193044e-01
1.815000000000000000e+02 5.853486975031231276e-01
1.816000000000000227e+02 6.002766965323381720e-01
1.817000000000000171e+02 6.151121202806772992e-01
1.818000000000000114e+02 6.298412723544922764e-01
1.819000000000000057e+02 6.444505551272620147e-01
1.820000000000000000e+02 6.589264816593655150e-01
1.821000000000000227e+02 6.732556876513330346e-01
1.822000000000000171e+02 6.874249439334401135e-01
1.823000000000000114e+02 7.014211696897005854e-01
1.824000000000000057e+02 7.152314439628998377e-01
1.825000000000000000e+02 7.288430171244891786e-01
1.826000000000000227e+02 7.422433224872980739e-01
1.827000000000000171e+02 7.554199890419029950e-01
1.828000000000000114e+02 7.683608524345902913e-01
1.829000000000000057e+02 7.810539657526336388e-01
1.830000000000000000e+02 7.934876102597855363e-01
1.831000000000000227e+02 8.056503073051043406e-01
1.832000000000000171e+02 8.175308286032080263e-01
1.833000000000000114e+02 8.291182061621110710e-01
1.834000000000000057e+02 8.404017421180858260e-01
1.835000000000000000e+02 8.513710195810215708e-01
1.836000000000000227e+02 8.620159119950905335e-01
1.837000000000000171e+02 8.723265920624041492e-01
1.838000000000000114e+02 8.822935406338057174e-01
1.839000000000000057e+02 8.919075563133641582e-01
1.840000000000000000e+02 9.011597636824217883e-01
1.841000000000000227e+02 9.100416210876347556e-01
1.842000000000000171e+02 9.185449285606411829e-01
1.843000000000000114e+02 9.266618359760475654e-01
1.844000000000000057e+02 9.343848499887239534e-01
1.845000000000000000e+02 9.417068405974848844e-01
1.846000000000000227e+02 9.486210480332412098e-01
1.847000000000000171e+02 9.551210892465218372e-01
1.848000000000000114e+02 9.612009634894936871e-01
1.849000000000000057e+02 9.668550576635335236e-01
1.850000000000000000e+02 9.720781519370669255e-01
1.851000000000000227e+02 9.768654244725060165e-01
1.852000000000000171e+02 9.812124556087825633e-01
1.853000000000000114e+02 9.851152321076633855e-01
1.854000000000000057e+02 9.885701510113709123e-01
1.855000000000000000e+02 9.915740227552152231e-01
1.856000000000000227e+02 9.941240740985565205e-01
1.857000000000000171e+02 9.962179508778629122e-01
1.858000000000000114e+02 9.978537200475309232e-01
1.859000000000000057e+02 9.990298714348724296e-01
1.860000000000000000e+02 9.997453192373284558e-01
1.861000000000000227e+02 9.999994029493771697e-01
1.862000000000000171e+02 9.997918880003959785e-01
1.863000000000000114e+02 9.991229659695606280e-01
1.864000000000000057e+02 9.979932544017654505e-01
1.865000000000000000e+02 9.964037962483981437e-01
1.866000000000000227e+02 9.943560588908723075e-01
1.867000000000000171e+02 9.918519327983216227e-01
1.868000000000000114e+02 9.888937297807660620e-01
1.869000000000000057e+02 9.854841808375790491e-01
1.870000000000000000e+02 9.816264336612208208e-01
1.871000000000000227e+02 9.773240497310748953e-01
1.872000000000000171e+02 9.725810009802570155e-01
1.873000000000000114e+02 9.674016661873641176e-01
1.874000000000000057e+02 9.617908269355081030e-01
1.875000000000000000e+02 9.557536631059467824e-01
1.876000000000000227e+02 9.492957481901649341e-01
1.877000000000000171e+02 9.424230441884123843e-01
1.878000000000000114e+02 9.351418959189548019e-01
1.879000000000000057e+02 9.274590252951391278e-01
1.880000000000000000e+02 9.193815252115269399e-01
1.881000000000000227e+02 9.109168527869679899e-01
1.882000000000000171e+02 9.020728225226060104e-01
1.883000000000000114e+02 8.928575992404080841e-01
1.884000000000000057e+02 8.832796905241740992e-01
1.885000000000000000e+02 8.733479385761395708e-01
1.886000000000000227e+02 8.630715123140992873e-01
1.887000000000000171e+02 8.524598990649490116e-01
1.888000000000000114e+02 8.415228954575937337e-01
1.889000000000000057e+02 8.302705983873958084e-01
1.890000000000000000e+02 8.187133959198211741e-01
1.891000000000000227e+02 8.068619578822693317e-01
1.892000000000000171e+02 7.947272254007110570e-01
1.893000000000000114e+02 7.823204011035849170e-01
1.894000000000000057e+02 7.696529389808648425e-01
1.895000000000000000e+02 7.567365338646141470e-01
1.896000000000000227e+02 7.435831099900362950e-01
1.897000000000000171e+02 7.302048104311229526e-01
1.898000000000000114e+02 7.166139860992274402e-01
1.899000000000000057e+02 7.028231842808214669e-01
1.900000000000000000e+02 6.888451364119213549e-01
1.901000000000000227e+02 6.746927468428309815e-01
1.902000000000000171e+02 6.603790811455043652e-01
1.903000000000000114e+02 6.459173539670449715e-01
1.904000000000000057e+02 6.313209161195659780e-01
1.905000000000000000e+02 6.166032428269554444e-01
1.906000000000000227e+02 6.017779215041024754e-01
1.907000000000000171e+02 5.868586392261471163e-01
1.908000000000000114e+02 5.718591692242710467e-01
1.909000000000000057e+02 5.567933587706267451e-01
1.910000000000000000e+02 5.416751166061793965e-01
1.911000000000000227e+02 5.265184003126700540e-01
1.912000000000000171e+02 5.113372023647853037e-01
1.913000000000000114e+02 4.961455377697155389e-01
1.914000000000000057e+02 4.809574313614220498e-01
1.915000000000000000e+02 4.657869052681347655e-01
1.916000000000000227e+02 4.506479648097392321e-01
1.917000000000000171e+02 4.355545859417477295e-01
1.918000000000000114e+02 4.205207027008708298e-01
1.919000000000000057e+02 4.055601947841191435e-01
1.920000000000000000e+02 3.906868737680013193e-01
1.921000000000000227e+02 3.759144703649433539e-01
1.922000000000000171e+02 3.612566222714354569e-01
1.923000000000000114e+02 3.467268618894896459e-01
1.924000000000000057e+02 3.323386032828457015e-01
1.925000000000000000e+02 3.181051293748161646e-01
1.926000000000000227e+02 3.040395803000914832e-01
1.927000000000000171e+02 2.901549415216466143e-01
1.928000000000000114e+02 2.764640316260245645e-01
1.929000000000000057e+02 2.629794897941745146e-01
1.930000000000000000e+02 2.497137647342466404e-01
1.931000000000000227e+02 2.366791034223855172e-01
1.932000000000000171e+02 2.238875397768164410e-01
1.933000000000000114e+02 2.113508827565262205e-01
1.934000000000000057e+02 1.990807059871998741e-01
1.935000000000000000e+02 1.870883373156302931e-01
1.936000000000000227e+02 1.753848483924141111e-01
1.937000000000000171e+02 1.639810437034827928e-01
1.938000000000000114e+02 1.528874510473903492e-01
1.939000000000000057e+02 1.421143120539011540e-01
1.940000000000000000e+02 1.316715727240017064e-01
1.941000000000000227e+02 1.215688736342618731e-01
1.942000000000000171e+02 1.118155414395927832e-01
1.943000000000000114e+02 1.024205804790476598e-01
1.944000000000000057e+02 9.339266433556926705e-02
1.945000000000000000e+02 8.474012742708519896e-02
1.946000000000000227e+02 7.647095766973537045e-02
1.947000000000000171e+02 6.859278927025388994e-02
1.948000000000000114e+02 6.111289540112563312e-02
1.949000000000000057e+02 5.403818137132151284e-02
1.950000000000000000e+02 4.737517851077342051e-02
1.951000000000000227e+02 4.113003822606128845e-02
1.952000000000000171e+02 3.530852597972982537e-02
1.953000000000000114e+02 2.991601611255162094e-02
1.954000000000000057e+02 2.495748702656171158e-02
1.955000000000000000e+02 2.043751647159356213e-02
1.956000000000000227e+02 1.636027721827377698e-02
1.957000000000000171e+02 1.272953336244263441e-02
1.958000000000000114e+02 9.548636851874844206e-03
1.959000000000000057e+02 6.820524254070516913e-03
1.960000000000000000e+02 4.547714146815180249e-03
1.961000000000000227e+02 2.732304811434164288e-03
1.962000000000000171e+02 1.375972218156036901e-03
1.963000000000000114e+02 4.799685281534265342e-04
1.964000000000000057e+02 4.512093604340934968e-05
1.965000000000000000e+02 7.183089049898928066e-05
1.966000000000000227e+02 5.600737331983812566e-04
1.967000000000000171e+02 1.509398719392917969e-03
1.968000000000000114e+02 2.918929434375792508e-03
1.969000000000000057e+02 4.787364598864710108e-03
1.970000000000000000e+02 7.112979285078265858e-03
1.971000000000000227e+02 9.893626473511525979e-03
1.972000000000000171e+02 1.312673909082683922e-02
1.973000000000000114e+02 1.680933233133536514e-02
1.974000000000000057e+02 2.093800640704986463e-02
1.975000000000000000e+02 2.550894977041896078e-02
1.976000000000000227e+02 3.051794251739719036e-02
1.977000000000000171e+02 3.596036032006620642e-02
1.978000000000000114e+02 4.183117880571138314e-02
1.979000000000000057e+02 4.812497803307017735e-02
1.980000000000000000e+02 5.483594750604107310e-02
1.981000000000000227e+02 6.195789174195902999e-02
1.982000000000000171e+02 6.948423581282317518e-02
1.983000000000000114e+02 7.740803127522254135e-02
1.984000000000000057e+02 8.572196295591626158e-02
1.985000000000000000e+02 9.441835554845583178e-02
1.986000000000000227e+02 1.034891804346920047e-01
1.987000000000000171e+02 1.129260633929046187e-01
1.988000000000000114e+02 1.227202924484309399e-01
1.989000000000000057e+02 1.328628256271501829e-01
1.990000000000000000e+02 1.433442991276192846e-01
1.991000000000000227e+02 1.541550365638818532e-01
1.992000000000000171e+02 1.652850576487653322e-01
1.993000000000000114e+02 1.767240870578789258e-01
1.994000000000000057e+02 1.884615641047462931e-01
1.995000000000000000e+02 2.004866529527270513e-01
1.996000000000000227e+02 2.127882522307653623e-01
1.997000000000000171e+02 2.253550048734026534e-01
1.998000000000000114e+02 2.381753091564305091e-01
1.999000000000000057e+02 2.512373296301474990e-01
2.000000000000000000e+02 2.645290074659564783e-01
