0.000000000000e+00 1.000000000000e+00
5.000000000000e-01 9.905737411696e-01
1.000000000000e+00 9.627383543214e-01
1.500000000000e+00 9.177969602537e-01
2.000000000000e+00 8.578331129811e-01
2.500000000000e+00 7.855846599079e-01
3.000000000000e+00 7.042793446694e-01
3.500000000000e+00 6.174433034882e-01
4.000000000000e+00 5.286953804462e-01
4.500000000000e+00 4.415410457600e-01
5.000000000000e+00 3.591795859656e-01
5.500000000000e+00 2.843371581131e-01
6.000000000000e+00 2.191363430943e-01
6.500000000000e+00 1.650101407057e-01
7.000000000000e+00 1.226651181049e-01
7.500000000000e+00 9.209488917176e-02
8.000000000000e+00 7.264152103718e-02
8.500000000000e+00 6.309909400433e-02
9.000000000000e+00 6.185072403712e-02
9.500000000000e+00 6.702810059475e-02
1.000000000000e+01 7.668115545454e-02
1.050000000000e+01 8.894495844692e-02
1.100000000000e+01 1.021913645297e-01
1.150000000000e+01 1.151542748305e-01
1.200000000000e+01 1.270195174417e-01
1.250000000000e+01 1.374731388317e-01
1.300000000000e+01 1.467051146146e-01
1.350000000000e+01 1.553688993775e-01
1.400000000000e+01 1.645005867109e-01
1.450000000000e+01 1.754044956197e-01
1.500000000000e+01 1.895145150377e-01
1.550000000000e+01 2.082423412104e-01
1.600000000000e+01 2.328247036557e-01
1.650000000000e+01 2.641817272961e-01
1.700000000000e+01 3.027977216242e-01
1.750000000000e+01 3.486339898529e-01
1.800000000000e+01 4.010808411862e-01
1.850000000000e+01 4.589530488940e-01
1.900000000000e+01 5.205297455067e-01
1.950000000000e+01 5.836364259631e-01
2.000000000000e+01 6.457635858789e-01
2.050000000000e+01 7.042137871708e-01
2.100000000000e+01 7.562668178588e-01
2.150000000000e+01 7.993512519614e-01
2.200000000000e+01 8.312102168540e-01
2.250000000000e+01 8.500495730432e-01
2.300000000000e+01 8.546579723952e-01
2.350000000000e+01 8.444902891480e-01
2.400000000000e+01 8.197085609044e-01
2.450000000000e+01 7.811776368483e-01
2.500000000000e+01 7.304159802358e-01
2.550000000000e+01 6.695052714074e-01
2.600000000000e+01 6.009653705948e-01
2.650000000000e+01 5.276036134818e-01
2.700000000000e+01 4.523491517022e-01
2.750000000000e+01 3.780839910415e-01
2.800000000000e+01 3.074824578456e-01
2.850000000000e+01 2.428700393200e-01
2.900000000000e+01 1.861109605358e-01
2.950000000000e+01 1.385316037206e-01
3.000000000000e+01 1.008841171546e-01
3.050000000000e+01 7.335151164033e-02
3.100000000000e+01 5.559243268463e-02
3.150000000000e+01 4.682086024585e-02
3.200000000000e+01 4.591344498219e-02
3.250000000000e+01 5.153522961393e-02
3.300000000000e+01 6.227327076527e-02
3.350000000000e+01 7.676725949486e-02
3.400000000000e+01 9.382666464500e-02
3.450000000000e+01 1.125251552017e-01
3.500000000000e+01 1.322649981130e-01
3.550000000000e+01 1.528066249813e-01
3.600000000000e+01 1.742614212260e-01
3.650000000000e+01 1.970487938220e-01
3.700000000000e+01 2.218214870130e-01
3.750000000000e+01 2.493657147723e-01
3.800000000000e+01 2.804847633490e-01
3.850000000000e+01 3.158761251867e-01
3.900000000000e+01 3.560128463089e-01
3.950000000000e+01 4.010395522138e-01
4.000000000000e+01 4.506925753719e-01
4.050000000000e+01 5.042518164324e-01
4.100000000000e+01 5.605295643792e-01
4.150000000000e+01 6.178986587221e-01
4.200000000000e+01 6.743593138945e-01
4.250000000000e+01 7.276408747882e-01
4.300000000000e+01 7.753319656547e-01
4.350000000000e+01 8.150301482175e-01
4.400000000000e+01 8.445005011563e-01
4.450000000000e+01 8.618316072556e-01
4.500000000000e+01 8.655773639586e-01
4.550000000000e+01 8.548738315833e-01
4.600000000000e+01 8.295219497359e-01
4.650000000000e+01 7.900292735959e-01
4.700000000000e+01 7.376067413848e-01
4.750000000000e+01 6.741196747801e-01
4.800000000000e+01 6.019955015227e-01
4.850000000000e+01 5.240938314490e-01
4.900000000000e+01 4.435472802771e-01
4.950000000000e+01 3.635836129213e-01
5.000000000000e+01 2.873412051845e-01
5.050000000000e+01 2.176903891601e-01
5.100000000000e+01 1.570729062822e-01
5.150000000000e+01 1.073704621199e-01
5.200000000000e+01 6.981134377994e-02
5.250000000000e+01 4.492136883460e-02
5.300000000000e+01 3.252227790304e-02
5.350000000000e+01 3.177729039056e-02
5.400000000000e+01 4.128016178839e-02
5.450000000000e+01 5.918095892892e-02
5.500000000000e+01 8.333913621611e-02
5.550000000000e+01 1.114925456294e-01
5.600000000000e+01 1.414298912904e-01
5.650000000000e+01 1.711539303168e-01
5.700000000000e+01 1.990234435250e-01
5.750000000000e+01 2.238636019127e-01
5.800000000000e+01 2.450367225231e-01
5.850000000000e+01 2.624683684386e-01
5.900000000000e+01 2.766270862702e-01
5.950000000000e+01 2.884595461789e-01
6.000000000000e+01 2.992861991736e-01
6.050000000000e+01 3.106655472944e-01
6.100000000000e+01 3.242375136701e-01
6.150000000000e+01 3.415580232395e-01
6.200000000000e+01 3.639376387443e-01
6.250000000000e+01 3.922968829075e-01
6.300000000000e+01 4.270497282069e-01
6.350000000000e+01 4.680247306519e-01
6.400000000000e+01 5.144305666764e-01
6.450000000000e+01 5.648694984858e-01
6.500000000000e+01 6.173987771652e-01
6.550000000000e+01 6.696364502018e-01
6.600000000000e+01 7.189047292163e-01
6.650000000000e+01 7.624012369771e-01
6.700000000000e+01 7.973862987661e-01
6.750000000000e+01 8.213731313868e-01
6.800000000000e+01 8.323074123095e-01
6.850000000000e+01 8.287233123248e-01
6.900000000000e+01 8.098646079230e-01
6.950000000000e+01 7.757618471111e-01
7.000000000000e+01 7.272595573247e-01
7.050000000000e+01 6.659909414839e-01
7.100000000000e+01 5.943011608521e-01
7.150000000000e+01 5.151238896601e-01
7.200000000000e+01 4.318190895792e-01
7.250000000000e+01 3.479826584917e-01
7.300000000000e+01 2.672405642300e-01
7.350000000000e+01 1.930411408355e-01
7.400000000000e+01 1.284593274545e-01
7.450000000000e+01 7.602576280483e-02
7.500000000000e+01 3.759187564096e-02
7.550000000000e+01 1.423956326022e-02
7.600000000000e+01 6.240910796665e-03
7.650000000000e+01 1.306990075543e-02
7.700000000000e+01 3.346444726418e-02
7.750000000000e+01 6.553362216882e-02
7.800000000000e+01 1.069018678570e-01
7.850000000000e+01 1.548795322628e-01
7.900000000000e+01 2.066473871273e-01
7.950000000000e+01 2.594420156959e-01
8.000000000000e+01 3.107291291661e-01
8.050000000000e+01 3.583529717908e-01
8.100000000000e+01 4.006519147185e-01
8.150000000000e+01 4.365329700044e-01
8.200000000000e+01 4.655010809228e-01
8.250000000000e+01 4.876424302590e-01
8.300000000000e+01 5.035644046652e-01
8.350000000000e+01 5.142980113916e-01
8.400000000000e+01 5.211712338990e-01
8.450000000000e+01 5.256638411778e-01
8.500000000000e+01 5.292553882163e-01
8.550000000000e+01 5.332784785475e-01
8.600000000000e+01 5.387887869100e-01
8.650000000000e+01 5.464619106542e-01
8.700000000000e+01 5.565249455940e-01
8.750000000000e+01 5.687279329157e-01
8.800000000000e+01 5.823572076825e-01
8.850000000000e+01 5.962894316307e-01
8.900000000000e+01 6.090819570842e-01
8.950000000000e+01 6.190923790658e-01
9.000000000000e+01 6.246178962402e-01
9.050000000000e+01 6.240435831777e-01
9.100000000000e+01 6.159879872502e-01
9.150000000000e+01 5.994346516290e-01
9.200000000000e+01 5.738392140411e-01
9.250000000000e+01 5.392035576989e-01
9.300000000000e+01 4.961109568718e-01
9.350000000000e+01 4.457190783519e-01
9.400000000000e+01 3.897108518303e-01
9.450000000000e+01 3.302063704841e-01
9.500000000000e+01 2.696418923927e-01
9.550000000000e+01 2.106244668260e-01
9.600000000000e+01 1.557725247292e-01
9.650000000000e+01 1.075538158225e-01
9.700000000000e+01 6.813226967749e-02
9.750000000000e+01 3.923469256341e-02
9.800000000000e+01 2.204673779459e-02
9.850000000000e+01 1.714541710732e-02
9.900000000000e+01 2.447271838445e-02
9.950000000000e+01 4.335186437257e-02
1.000000000000e+02 7.254461551450e-02
1.005000000000e+02 1.103450222559e-01
1.010000000000e+02 1.547023921846e-01
1.015000000000e+02 2.033641517607e-01
1.020000000000e+02 2.540279057566e-01
1.025000000000e+02 3.044914308141e-01
1.030000000000e+02 3.527896225879e-01
1.035000000000e+02 3.973085246112e-01
1.040000000000e+02 4.368684149617e-01
1.045000000000e+02 4.707703720984e-01
1.050000000000e+02 4.988035970651e-01
1.055000000000e+02 5.212138179593e-01
1.060000000000e+02 5.386361121012e-01
1.065000000000e+02 5.519982226717e-01
1.070000000000e+02 5.624027110330e-01
1.075000000000e+02 5.709979008504e-01
1.080000000000e+02 5.788484119512e-01
1.085000000000e+02 5.868160855487e-01
1.090000000000e+02 5.954612664341e-01
1.095000000000e+02 6.049727941695e-01
1.100000000000e+02 6.151327855069e-01
1.105000000000e+02 6.253195357352e-01
1.110000000000e+02 6.345488362931e-01
1.115000000000e+02 6.415509304558e-01
1.120000000000e+02 6.448774433160e-01
1.125000000000e+02 6.430301485484e-01
1.130000000000e+02 6.346015644809e-01
1.135000000000e+02 6.184162531961e-01
1.140000000000e+02 5.936614203137e-01
1.145000000000e+02 5.599960083693e-01
1.150000000000e+02 5.176289064850e-01
1.155000000000e+02 4.673590634901e-01
1.160000000000e+02 4.105730350798e-01
1.165000000000e+02 3.491986177222e-01
1.170000000000e+02 2.856164927138e-01
1.175000000000e+02 2.225349800520e-01
1.180000000000e+02 1.628358458029e-01
1.185000000000e+02 1.094014034377e-01
1.190000000000e+02 6.493472322294e-02
1.195000000000e+02 3.178549047308e-02
1.200000000000e+02 1.179387134002e-02
1.205000000000e+02 6.163658540383e-03
1.210000000000e+02 1.537405043049e-02
1.215000000000e+02 3.913679835564e-02
1.220000000000e+02 7.640232477110e-02
1.225000000000e+02 1.254149927200e-01
1.230000000000e+02 1.838142429273e-01
1.235000000000e+02 2.487750596470e-01
1.240000000000e+02 3.171784181945e-01
1.245000000000e+02 3.858002120952e-01
1.250000000000e+02 4.515058156089e-01
1.255000000000e+02 5.114370090849e-01
1.260000000000e+02 5.631785150279e-01
1.265000000000e+02 6.048928277727e-01
1.270000000000e+02 6.354142684074e-01
1.275000000000e+02 6.542960986169e-01
1.280000000000e+02 6.618078739685e-01
1.285000000000e+02 6.588837674179e-01
1.290000000000e+02 6.470260906868e-01
1.295000000000e+02 6.281714311624e-01
1.300000000000e+02 6.045294734561e-01
1.305000000000e+02 5.784064948589e-01
1.310000000000e+02 5.520265727303e-01
1.315000000000e+02 5.273636426530e-01
1.320000000000e+02 5.059966912366e-01
1.325000000000e+02 4.889986186040e-01
1.330000000000e+02 4.768667898891e-01
1.335000000000e+02 4.695001955464e-01
1.340000000000e+02 4.662246826632e-01
1.345000000000e+02 4.658641558074e-01
1.350000000000e+02 4.668522361778e-01
1.355000000000e+02 4.673758608784e-01
1.360000000000e+02 4.655399197402e-01
1.365000000000e+02 4.595404397550e-01
1.370000000000e+02 4.478331534031e-01
1.375000000000e+02 4.292845769588e-01
1.380000000000e+02 4.032939581186e-01
1.385000000000e+02 3.698765401732e-01
1.390000000000e+02 3.297013813346e-01
1.395000000000e+02 2.840802604255e-01
1.400000000000e+02 2.349077550998e-01
1.405000000000e+02 1.845561381932e-01
1.410000000000e+02 1.357320434500e-01
1.415000000000e+02 9.130466399523e-02
1.420000000000e+02 5.411736166439e-02
1.425000000000e+02 2.679582952418e-02
1.430000000000e+02 1.156627225243e-02
1.435000000000e+02 1.009642648674e-02
1.440000000000e+02 2.337068270135e-02
1.445000000000e+02 5.160820493285e-02
1.450000000000e+02 9.422994607276e-02
1.455000000000e+02 1.498770412576e-01
1.460000000000e+02 2.164794764786e-01
1.465000000000e+02 2.913704318675e-01
1.470000000000e+02 3.714385399662e-01
1.475000000000e+02 4.533077040355e-01
1.480000000000e+02 5.335322737666e-01
1.485000000000e+02 6.087944043797e-01
1.490000000000e+02 6.760903947043e-01
1.495000000000e+02 7.328937065780e-01
1.500000000000e+02 7.772841399969e-01
1.505000000000e+02 8.080351417066e-01
1.510000000000e+02 8.246542728689e-01
1.515000000000e+02 8.273752291656e-01
1.520000000000e+02 8.171032475481e-01
1.525000000000e+02 7.953189975229e-01
1.530000000000e+02 7.639489058613e-01
1.535000000000e+02 7.252120983416e-01
1.540000000000e+02 6.814556036894e-01
1.545000000000e+02 6.349900543625e-01
1.550000000000e+02 5.879378022013e-01
1.555000000000e+02 5.421041772497e-01
1.560000000000e+02 4.988806524411e-01
1.565000000000e+02 4.591860891657e-01
1.570000000000e+02 4.234492277517e-01
1.575000000000e+02 3.916323812640e-01
1.580000000000e+02 3.632931322564e-01
1.585000000000e+02 3.376779564696e-01
1.590000000000e+02 3.138393184688e-01
1.595000000000e+02 2.907660768680e-01
1.600000000000e+02 2.675161246903e-01
1.605000000000e+02 2.433401368202e-01
1.610000000000e+02 2.177860998542e-01
1.615000000000e+02 1.907758939692e-01
1.620000000000e+02 1.626474565159e-01
1.625000000000e+02 1.341588080876e-01
1.630000000000e+02 1.064532526657e-01
1.635000000000e+02 8.098814254642e-02
1.640000000000e+02 5.943249160296e-02
1.645000000000e+02 4.354120718016e-02
1.650000000000e+02 3.501560281092e-02
1.655000000000e+02 3.536100750043e-02
1.660000000000e+02 4.575261496879e-02
1.665000000000e+02 6.692019284150e-02
1.670000000000e+02 9.906093641577e-02
1.675000000000e+02 1.417877046221e-01
1.680000000000e+02 1.941172710867e-01
1.685000000000e+02 2.545002567541e-01
1.690000000000e+02 3.208913056073e-01
1.695000000000e+02 3.908550553851e-01
1.700000000000e+02 4.617007675595e-01
1.705000000000e+02 5.306363178187e-01
1.710000000000e+02 5.949307732508e-01
1.715000000000e+02 6.520741070788e-01
1.720000000000e+02 6.999227779531e-01
1.725000000000e+02 7.368209163128e-01
1.730000000000e+02 7.616886400359e-01
1.735000000000e+02 7.740714328815e-01
1.740000000000e+02 7.741473819457e-01
1.745000000000e+02 7.626921702738e-01
1.750000000000e+02 7.410048256283e-01
1.755000000000e+02 7.108001033168e-01
1.760000000000e+02 6.740758138829e-01
1.765000000000e+02 6.329652123796e-01
1.770000000000e+02 5.895856087790e-01
1.775000000000e+02 5.458945598634e-01
1.780000000000e+02 5.035643459358e-01
1.785000000000e+02 4.638839696242e-01
1.790000000000e+02 4.276957486668e-01
1.795000000000e+02 3.953708724809e-01
1.800000000000e+02 3.668252570168e-01
1.805000000000e+02 3.415738930079e-01
1.810000000000e+02 3.188188769710e-01
1.815000000000e+02 2.975636706525e-01
1.820000000000e+02 2.767440551110e-01
1.825000000000e+02 2.553648906786e-01
1.830000000000e+02 2.326312702214e-01
1.835000000000e+02 2.080630049166e-01
1.840000000000e+02 1.815825880673e-01
1.845000000000e+02 1.535687577537e-01
1.850000000000e+02 1.248703796101e-01
1.855000000000e+02 9.677840508660e-02
1.860000000000e+02 7.095690284935e-02
1.865000000000e+02 4.933736897700e-02
1.870000000000e+02 3.398345368174e-02
1.875000000000e+02 2.693567561349e-02
1.880000000000e+02 3.004744211467e-02
1.885000000000e+02 4.482461744376e-02
1.890000000000e+02 7.228090347573e-02
1.895000000000e+02 1.128204074569e-01
1.900000000000e+02 1.661570252320e-01
1.905000000000e+02 2.312777858653e-01
1.910000000000e+02 3.064542598535e-01
1.915000000000e+02 3.893027459011e-01
1.920000000000e+02 4.768904650644e-01
1.925000000000e+02 5.658816595246e-01
1.930000000000e+02 6.527145602934e-01
1.935000000000e+02 7.337978702535e-01
1.940000000000e+02 8.057138790289e-01
1.945000000000e+02 8.654147008116e-01
1.950000000000e+02 9.103984568759e-01
1.955000000000e+02 9.388534932786e-01
1.960000000000e+02 9.497608452579e-01
1.965000000000e+02 9.429479849921e-01
1.970000000000e+02 9.190902190091e-01
1.975000000000e+02 8.796596987638e-01
1.980000000000e+02 8.268256158024e-01
1.985000000000e+02 7.633125131114e-01
1.990000000000e+02 6.922265156833e-01
1.995000000000e+02 6.168614598639e-01
2.000000000000e+02 5.404982264610e-01
2.005000000000e+02 4.662109620043e-01
2.010000000000e+02 3.966932793714e-01
2.015000000000e+02 3.341160069418e-01
2.020000000000e+02 2.800257153638e-01
2.025000000000e+02 2.352902629011e-01
2.030000000000e+02 2.000941809392e-01
2.035000000000e+02 1.739831183497e-01
2.040000000000e+02 1.559530378505e-01
2.045000000000e+02 1.445766640758e-01
2.050000000000e+02 1.381570521538e-01
2.055000000000e+02 1.348962662733e-01
2.060000000000e+02 1.330661642107e-01
2.065000000000e+02 1.311682455618e-01
2.070000000000e+02 1.280704383889e-01
2.075000000000e+02 1.231105014521e-01
2.080000000000e+02 1.161582731298e-01
2.085000000000e+02 1.076321149936e-01
2.090000000000e+02 9.846834858319e-02
2.095000000000e+02 9.004601512272e-02
2.100000000000e+02 8.407264124920e-02
2.105000000000e+02 8.243962427936e-02
2.110000000000e+02 8.705814446461e-02
2.115000000000e+02 9.968800227597e-02
2.120000000000e+02 1.217723581871e-01
2.125000000000e+02 1.542909795535e-01
2.130000000000e+02 1.976433024528e-01
2.135000000000e+02 2.515704915382e-01
2.140000000000e+02 3.151228840235e-01
2.145000000000e+02 3.866759395035e-01
2.150000000000e+02 4.639943236274e-01
2.155000000000e+02 5.443402850393e-01
2.160000000000e+02 6.246192932995e-01
2.165000000000e+02 7.015532216591e-01
2.170000000000e+02 7.718693758387e-01
2.175000000000e+02 8.324925299360e-01
2.180000000000e+02 8.807269129915e-01
2.185000000000e+02 9.144158068541e-01
2.190000000000e+02 9.320680119960e-01
2.195000000000e+02 9.329427932764e-01
2.200000000000e+02 9.170878580509e-01
2.205000000000e+02 8.853282284424e-01
2.210000000000e+02 8.392073062657e-01
2.215000000000e+02 7.808847433634e-01
2.220000000000e+02 7.129986827358e-01
2.225000000000e+02 6.385023155570e-01
2.230000000000e+02 5.604863379679e-01
2.235000000000e+02 4.819996768778e-01
2.240000000000e+02 4.058807367233e-01
2.245000000000e+02 3.346104167288e-01
2.250000000000e+02 2.701963431755e-01
2.255000000000e+02 2.140952945475e-01
2.260000000000e+02 1.671778579557e-01
2.265000000000e+02 1.297361652556e-01
2.270000000000e+02 1.015323559119e-01
2.275000000000e+02 8.188243906383e-02
2.280000000000e+02 6.976769887124e-02
2.285000000000e+02 6.396388958753e-02
2.290000000000e+02 6.317733597575e-02
2.295000000000e+02 6.617676830454e-02
2.300000000000e+02 7.191029301852e-02
2.305000000000e+02 7.959827942342e-02
2.310000000000e+02 8.879501801412e-02
2.315000000000e+02 9.941461415261e-02
2.320000000000e+02 1.117195189890e-01
2.325000000000e+02 1.262731410699e-01
2.330000000000e+02 1.438608933345e-01
2.335000000000e+02 1.653865881874e-01
2.340000000000e+02 1.917531025601e-01
2.345000000000e+02 2.237375419506e-01
2.350000000000e+02 2.618716376516e-01
2.355000000000e+02 3.063377760550e-01
2.360000000000e+02 3.568899083483e-01
2.365000000000e+02 4.128067103138e-01
2.370000000000e+02 4.728818979247e-01
2.375000000000e+02 5.354537421867e-01
2.380000000000e+02 5.984727839014e-01
2.385000000000e+02 6.596037574673e-01
2.390000000000e+02 7.163550208849e-01
2.395000000000e+02 7.662265645227e-01
2.400000000000e+02 8.068661054222e-01
2.405000000000e+02 8.362219891285e-01
2.410000000000e+02 8.526816808720e-01
2.415000000000e+02 8.551855325250e-01
2.420000000000e+02 8.433071976337e-01
2.425000000000e+02 8.172944114878e-01
2.430000000000e+02 7.780666841728e-01
2.435000000000e+02 7.271695622494e-01
2.440000000000e+02 6.666882679751e-01
2.445000000000e+02 5.991264884239e-01
2.450000000000e+02 5.272586384184e-01
2.455000000000e+02 4.539658688502e-01
2.460000000000e+02 3.820672881797e-01
2.465000000000e+02 3.141582178140e-01
2.470000000000e+02 2.524667824669e-01
2.475000000000e+02 1.987387804199e-01
2.480000000000e+02 1.541586843144e-01
2.485000000000e+02 1.193119446708e-01
2.490000000000e+02 9.419070380624e-02
2.495000000000e+02 7.824180478368e-02
2.500000000000e+02 7.045283863539e-02
2.505000000000e+02 6.946914825297e-02
2.510000000000e+02 7.373241112484e-02
2.515000000000e+02 8.162982889637e-02
2.520000000000e+02 9.164218114242e-02
2.525000000000e+02 1.024791143408e-01
2.530000000000e+02 1.131910296125e-01
2.535000000000e+02 1.232487334811e-01
2.540000000000e+02 1.325844931973e-01
2.545000000000e+02 1.415911094425e-01
2.550000000000e+02 1.510788641194e-01
2.555000000000e+02 1.621934775540e-01
2.560000000000e+02 1.763012722468e-01
2.565000000000e+02 1.948503583554e-01
2.570000000000e+02 2.192186301925e-01
2.575000000000e+02 2.505605407167e-01
2.580000000000e+02 2.896649080558e-01
2.585000000000e+02 3.368353758158e-01
2.590000000000e+02 3.918036365411e-01
2.595000000000e+02 4.536832398606e-01
2.600000000000e+02 5.209689062431e-01
2.605000000000e+02 5.915829628849e-01
2.610000000000e+02 6.629670501986e-01
2.615000000000e+02 7.322138694174e-01
2.620000000000e+02 7.962307028252e-01
2.625000000000e+02 8.519239635947e-01
2.630000000000e+02 8.963923078747e-01
2.635000000000e+02 9.271149995432e-01
2.640000000000e+02 9.421223263493e-01
2.645000000000e+02 9.401359244887e-01
2.650000000000e+02 9.206688074097e-01
2.655000000000e+02 8.840775799152e-01
2.660000000000e+02 8.315625617114e-01
2.665000000000e+02 7.651151155407e-01
2.670000000000e+02 6.874151193627e-01
2.675000000000e+02 6.016849789562e-01
2.680000000000e+02 5.115095987759e-01
2.685000000000e+02 4.206340976410e-01
2.690000000000e+02 3.327526011679e-01
2.695000000000e+02 2.513020531419e-01
2.700000000000e+02 1.792746188013e-01
2.705000000000e+02 1.190609303349e-01
2.710000000000e+02 7.233424347511e-02
2.715000000000e+02 3.998269041335e-02
2.720000000000e+02 2.209343536858e-02
2.725000000000e+02 1.798890746990e-02
2.730000000000e+02 2.631166151144e-02
2.735000000000e+02 4.515105994922e-02
2.740000000000e+02 7.220211878858e-02
2.745000000000e+02 1.049447181677e-01
2.750000000000e+02 1.408300961357e-01
2.755000000000e+02 1.774612094147e-01
2.760000000000e+02 2.127541770354e-01
2.765000000000e+02 2.450695707519e-01
2.770000000000e+02 2.733046629827e-01
2.775000000000e+02 2.969407140384e-01
2.780000000000e+02 3.160427563089e-01
2.785000000000e+02 3.312128660189e-01
2.790000000000e+02 3.435013448663e-01
2.795000000000e+02 3.542833145070e-01
2.800000000000e+02 3.651107332740e-01
2.805000000000e+02 3.775515964023e-01
2.810000000000e+02 3.930289539459e-01
2.815000000000e+02 4.126723148766e-01
2.820000000000e+02 4.371930108310e-01
2.825000000000e+02 4.667932459323e-01
2.830000000000e+02 5.011159994606e-01
2.835000000000e+02 5.392398669922e-01
2.840000000000e+02 5.797195515722e-01
2.845000000000e+02 6.206692987390e-01
2.850000000000e+02 6.598833592510e-01
2.855000000000e+02 6.949847964518e-01
2.860000000000e+02 7.235918332072e-01
2.865000000000e+02 7.434896100198e-01
2.870000000000e+02 7.527947958101e-01
2.875000000000e+02 7.501009845450e-01
2.880000000000e+02 7.345941851888e-01
2.885000000000e+02 7.061298654872e-01
2.890000000000e+02 6.652657812529e-01
2.895000000000e+02 6.132480067270e-01
2.900000000000e+02 5.519509434599e-01
2.905000000000e+02 4.837753781438e-01
2.910000000000e+02 4.115116432923e-01
2.915000000000e+02 3.381773918545e-01
2.920000000000e+02 2.668412507729e-01
2.925000000000e+02 2.004445448098e-01
2.930000000000e+02 1.416333179091e-01
2.935000000000e+02 9.261202809119e-02
2.940000000000e+02 5.502862196416e-02
2.945000000000e+02 2.989833494157e-02
2.950000000000e+02 1.757069197195e-02
2.955000000000e+02 1.774101651434e-02
2.960000000000e+02 2.950452871871e-02
2.965000000000e+02 5.144806631609e-02
2.970000000000e+02 8.177181779534e-02
2.975000000000e+02 1.184314098167e-01
2.980000000000e+02 1.592893866318e-01
2.985000000000e+02 2.022646493000e-01
2.990000000000e+02 2.454688145708e-01
2.995000000000e+02 2.873196705805e-01
3.000000000000e+02 3.266238504785e-01
3.005000000000e+02 3.626233631819e-01
3.010000000000e+02 3.950035177031e-01
3.015000000000e+02 4.238628313476e-01
3.020000000000e+02 4.496484891900e-01
3.025000000000e+02 4.730635960437e-01
3.030000000000e+02 4.949546299376e-01
3.035000000000e+02 5.161890042125e-01
3.040000000000e+02 5.375333613998e-01
3.045000000000e+02 5.595431033487e-01
3.050000000000e+02 5.824727195704e-01
3.055000000000e+02 6.062147830437e-01
3.060000000000e+02 6.302731705105e-01
3.065000000000e+02 6.537733104598e-01
3.070000000000e+02 6.755092782233e-01
3.075000000000e+02 6.940245732952e-01
3.080000000000e+02 7.077206590025e-01
3.085000000000e+02 7.149850318958e-01
3.090000000000e+02 7.143288975544e-01
3.095000000000e+02 7.045235940265e-01
3.100000000000e+02 6.847248001061e-01
3.105000000000e+02 6.545743065333e-01
3.110000000000e+02 6.142706634603e-01
3.115000000000e+02 5.646022362408e-01
3.120000000000e+02 5.069389406011e-01
3.125000000000e+02 4.431819842349e-01
3.130000000000e+02 3.756740864720e-01
3.135000000000e+02 3.070756446098e-01
3.140000000000e+02 2.402149381517e-01
3.145000000000e+02 1.779225107623e-01
3.150000000000e+02 1.228611862205e-01
3.155000000000e+02 7.736365489910e-02
3.160000000000e+02 4.328916907903e-02
3.165000000000e+02 2.190963177139e-02
3.170000000000e+02 1.383334166155e-02
3.175000000000e+02 1.897201096848e-02
3.180000000000e+02 3.655359532430e-02
3.185000000000e+02 6.518019022748e-02
3.190000000000e+02 1.029269987756e-01
3.195000000000e+02 1.474754004728e-01
3.200000000000e+02 1.962706720027e-01
3.205000000000e+02 2.466931133481e-01
3.210000000000e+02 2.962303523823e-01
3.215000000000e+02 3.426385140106e-01
3.220000000000e+02 3.840807564011e-01
3.225000000000e+02 4.192333402780e-01
3.230000000000e+02 4.473517883266e-01
3.235000000000e+02 4.682926368333e-01
3.240000000000e+02 4.824895654612e-01
3.245000000000e+02 4.908860723457e-01
3.250000000000e+02 4.948300910787e-01
3.255000000000e+02 4.959387844445e-01
3.260000000000e+02 4.959439856522e-01
3.265000000000e+02 4.965302235883e-01
3.270000000000e+02 4.991778526850e-01
3.275000000000e+02 5.050234633968e-01
3.280000000000e+02 5.147484972691e-01
3.285000000000e+02 5.285049194605e-01
3.290000000000e+02 5.458840603484e-01
3.295000000000e+02 5.659315255364e-01
3.300000000000e+02 5.872076247578e-01
3.305000000000e+02 6.078893378623e-01
3.310000000000e+02 6.259066732284e-01
3.315000000000e+02 6.391036148761e-01
3.320000000000e+02 6.454118976765e-01
3.325000000000e+02 6.430247432061e-01
3.330000000000e+02 6.305575182279e-01
3.335000000000e+02 6.071830616647e-01
3.340000000000e+02 5.727311127439e-01
3.345000000000e+02 5.277437451103e-01
3.350000000000e+02 4.734817937661e-01
3.355000000000e+02 4.118807332202e-01
3.360000000000e+02 3.454580765952e-01
3.365000000000e+02 2.771778559506e-01
3.370000000000e+02 2.102808609765e-01
3.375000000000e+02 1.480918300141e-01
3.380000000000e+02 9.381652043523e-02
3.385000000000e+02 5.034240737272e-02
3.390000000000e+02 2.005660880361e-02
3.395000000000e+02 4.693519394311e-03
3.400000000000e+02 5.222633231836e-03
3.405000000000e+02 2.178428853798e-02
3.410000000000e+02 5.367777135809e-02
3.415000000000e+02 9.940260527762e-02
3.420000000000e+02 1.567501882098e-01
3.425000000000e+02 2.229394768156e-01
3.430000000000e+02 2.947874106605e-01
3.435000000000e+02 3.689024253394e-01
3.440000000000e+02 4.418878917149e-01
3.445000000000e+02 5.105417420882e-01
3.450000000000e+02 5.720389408123e-01
3.455000000000e+02 6.240847935770e-01
3.460000000000e+02 6.650292656695e-01
3.465000000000e+02 6.939353341157e-01
3.470000000000e+02 7.105977225827e-01
3.475000000000e+02 7.155119191709e-01
3.480000000000e+02 7.097968984095e-01
3.485000000000e+02 6.950782060772e-01
3.490000000000e+02 6.733407870915e-01
3.495000000000e+02 6.467629496110e-01
3.500000000000e+02 6.175440223387e-01
3.505000000000e+02 5.877384991526e-01
3.510000000000e+02 5.591087660491e-01
3.515000000000e+02 5.330069288626e-01
3.520000000000e+02 5.102939290025e-01
3.525000000000e+02 4.913012257750e-01
3.530000000000e+02 4.758370562071e-01
3.535000000000e+02 4.632359001724e-01
3.540000000000e+02 4.524465305729e-01
3.545000000000e+02 4.421511544198e-01
3.550000000000e+02 4.309058609956e-01
3.555000000000e+02 4.172910536370e-01
3.560000000000e+02 4.000598614970e-01
3.565000000000e+02 3.782727522315e-01
3.570000000000e+02 3.514076740032e-01
3.575000000000e+02 3.194369583367e-01
3.580000000000e+02 2.828647684824e-01
3.585000000000e+02 2.427218878146e-01
3.590000000000e+02 2.005178832054e-01
3.595000000000e+02 1.581539069116e-01
3.600000000000e+02 1.178023769020e-01
3.605000000000e+02 8.176227901428e-02
3.610000000000e+02 5.230068022735e-02
3.615000000000e+02 3.149209556090e-02
3.620000000000e+02 2.106753603747e-02
3.625000000000e+02 2.228437092854e-02
3.630000000000e+02 3.582661873050e-02
3.635000000000e+02 6.174305365838e-02
3.640000000000e+02 9.942774586985e-02
3.645000000000e+02 1.476445517193e-01
3.650000000000e+02 2.045938667105e-01
3.655000000000e+02 2.680168867741e-01
3.660000000000e+02 3.353299203070e-01
3.665000000000e+02 4.037791533545e-01
3.670000000000e+02 4.706048499499e-01
3.675000000000e+02 5.332033712361e-01
3.680000000000e+02 5.892756611142e-01
3.685000000000e+02 6.369519487648e-01
3.690000000000e+02 6.748842728400e-01
3.695000000000e+02 7.023008958836e-01
3.700000000000e+02 7.190195629371e-01
3.705000000000e+02 7.254196467604e-01
3.710000000000e+02 7.223762805884e-01
3.715000000000e+02 7.111623778621e-01
3.720000000000e+02 6.933267672461e-01
3.725000000000e+02 6.705583567944e-01
3.730000000000e+02 6.445471587299e-01
3.735000000000e+02 6.168530896117e-01
3.740000000000e+02 5.887927065912e-01
3.745000000000e+02 5.613525092914e-01
3.750000000000e+02 5.351352476929e-01
3.755000000000e+02 5.103429981644e-01
3.760000000000e+02 4.867978083710e-01
3.765000000000e+02 4.639976946582e-01
3.770000000000e+02 4.412029344199e-01
3.775000000000e+02 4.175451495060e-01
3.780000000000e+02 3.921498138132e-01
3.785000000000e+02 3.642616837068e-01
3.790000000000e+02 3.333623336690e-01
3.795000000000e+02 2.992695094100e-01
3.800000000000e+02 2.622093502345e-01
3.805000000000e+02 2.228545836386e-01
3.810000000000e+02 1.823244053519e-01
3.815000000000e+02 1.421447315440e-01
3.820000000000e+02 1.041706222834e-01
3.825000000000e+02 7.047569030032e-02
3.830000000000e+02 4.321599627470e-02
3.835000000000e+02 2.447808403106e-02
3.840000000000e+02 1.612225787848e-02
3.845000000000e+02 1.963283323384e-02
3.850000000000e+02 3.598684471558e-02
3.855000000000e+02 6.555158239797e-02
3.860000000000e+02 1.080194210836e-01
3.865000000000e+02 1.623858432192e-01
3.870000000000e+02 2.269735174723e-01
3.875000000000e+02 2.995020026965e-01
3.880000000000e+02 3.771993422240e-01
3.885000000000e+02 4.569487399976e-01
3.890000000000e+02 5.354608964805e-01
3.895000000000e+02 6.094606246532e-01
3.900000000000e+02 6.758752137633e-01
3.905000000000e+02 7.320117515045e-01
3.910000000000e+02 7.757112793521e-01
3.915000000000e+02 8.054691986779e-01
3.920000000000e+02 8.205136601030e-01
3.925000000000e+02 8.208365912145e-01
3.930000000000e+02 8.071753387968e-01
3.935000000000e+02 7.809463814849e-01
3.940000000000e+02 7.441359549177e-01
3.945000000000e+02 6.991554775264e-01
3.950000000000e+02 6.486721484402e-01
3.955000000000e+02 5.954268273202e-01
3.960000000000e+02 5.420521708112e-01
3.965000000000e+02 4.909039266788e-01
3.970000000000e+02 4.439172779469e-01
3.975000000000e+02 4.024982571691e-01
3.980000000000e+02 3.674576503411e-01
3.985000000000e+02 3.389916694774e-01
3.990000000000e+02 3.167102209886e-01
3.995000000000e+02 2.997100854855e-01
4.000000000000e+02 2.866870101680e-01
4.005000000000e+02 2.760778403465e-01
4.010000000000e+02 2.662215930563e-01
4.015000000000e+02 2.555269671540e-01
4.020000000000e+02 2.426332954762e-01
4.025000000000e+02 2.265524132824e-01
4.030000000000e+02 2.067803111184e-01
4.035000000000e+02 1.833696594929e-01
4.040000000000e+02 1.569571769857e-01
4.045000000000e+02 1.287431532688e-01
4.050000000000e+02 1.004239910638e-01
4.055000000000e+02 7.408213724874e-02
4.060000000000e+02 5.204097705714e-02
4.065000000000e+02 3.669493198332e-02
4.070000000000e+02 3.032693570695e-02
4.075000000000e+02 3.492652016776e-02
4.080000000000e+02 5.202184637148e-02
4.085000000000e+02 8.253815141451e-02
4.090000000000e+02 1.266933144582e-01
4.095000000000e+02 1.839386956006e-01
4.100000000000e+02 2.529502550575e-01
4.105000000000e+02 3.316714414379e-01
4.110000000000e+02 4.174056998629e-01
4.115000000000e+02 5.069529545310e-01
4.120000000000e+02 5.967813170919e-01
4.125000000000e+02 6.832227842911e-01
4.130000000000e+02 7.626799936600e-01
4.135000000000e+02 8.318303248785e-01
4.140000000000e+02 8.878138211378e-01
4.145000000000e+02 9.283925437227e-01
4.150000000000e+02 9.520709798832e-01
4.155000000000e+02 9.581698523291e-01
4.160000000000e+02 9.468489302668e-01
4.165000000000e+02 9.190779817927e-01
4.170000000000e+02 8.765585808312e-01
4.175000000000e+02 8.216028326570e-01
4.180000000000e+02 7.569779717804e-01
4.185000000000e+02 6.857280107002e-01
4.190000000000e+02 6.109850232344e-01
4.195000000000e+02 5.357831376957e-01
4.200000000000e+02 4.628878659541e-01
4.205000000000e+02 3.946520458394e-01
4.210000000000e+02 3.329075330728e-01
4.215000000000e+02 2.788990086423e-01
4.220000000000e+02 2.332630767227e-01
4.225000000000e+02 1.960524545294e-01
4.230000000000e+02 1.668017481227e-01
4.235000000000e+02 1.446283096080e-01
4.240000000000e+02 1.283591992606e-01
4.245000000000e+02 1.166735081839e-01
4.250000000000e+02 1.082483571961e-01
4.255000000000e+02 1.018968375047e-01
4.260000000000e+02 9.668699373535e-02
4.265000000000e+02 9.203259965103e-02
4.270000000000e+02 8.774881093560e-02
4.275000000000e+02 8.406861703668e-02
4.280000000000e+02 8.161913815505e-02
4.285000000000e+02 8.135998674446e-02
4.290000000000e+02 8.448889569391e-02
4.295000000000e+02 9.232238352231e-02
4.300000000000e+02 1.061611883830e-01
4.305000000000e+02 1.271514117310e-01
4.310000000000e+02 1.561526804786e-01
4.315000000000e+02 1.936241381217e-01
4.320000000000e+02 2.395377505725e-01
4.325000000000e+02 2.933263631095e-01
4.330000000000e+02 3.538713269486e-01
4.335000000000e+02 4.195315257301e-01
4.340000000000e+02 4.882124993856e-01
4.345000000000e+02 5.574713214818e-01
4.350000000000e+02 6.246501650277e-01
4.355000000000e+02 6.870292952951e-01
4.360000000000e+02 7.419887211712e-01
4.365000000000e+02 7.871670317596e-01
4.370000000000e+02 8.206060948802e-01
4.375000000000e+02 8.408712871719e-01
4.380000000000e+02 8.471386868547e-01
4.385000000000e+02 8.392430575577e-01
4.390000000000e+02 8.176833051159e-01
4.395000000000e+02 7.835851850603e-01
4.400000000000e+02 7.386241448934e-01
4.405000000000e+02 6.849140698263e-01
4.410000000000e+02 6.248701480197e-01
4.415000000000e+02 5.610558990625e-01
4.420000000000e+02 4.960254817088e-01
4.425000000000e+02 4.321726348768e-01
4.430000000000e+02 3.715969934625e-01
4.435000000000e+02 3.159971054658e-01
4.440000000000e+02 2.665973674804e-01
4.445000000000e+02 2.241134522066e-01
4.450000000000e+02 1.887578249806e-01
4.455000000000e+02 1.602838621807e-01
4.460000000000e+02 1.380641267431e-01
4.465000000000e+02 1.211957494754e-01
4.470000000000e+02 1.086238075913e-01
4.475000000000e+02 9.927224085664e-02
4.480000000000e+02 9.217130464702e-02
4.485000000000e+02 8.657087071266e-02
4.490000000000e+02 8.203002868290e-02
4.495000000000e+02 7.847532949451e-02
4.500000000000e+02 7.622250437563e-02
4.505000000000e+02 7.595940182599e-02
4.510000000000e+02 7.869098992649e-02
4.515000000000e+02 8.565033611117e-02
4.520000000000e+02 9.818226685459e-02
4.525000000000e+02 1.176087105792e-01
4.530000000000e+02 1.450863591245e-01
4.535000000000e+02 1.814681162391e-01
4.540000000000e+02 2.271797649433e-01
4.545000000000e+02 2.821223733031e-01
4.550000000000e+02 3.456092299160e-01
4.555000000000e+02 4.163436775674e-01
4.560000000000e+02 4.924412703387e-01
4.565000000000e+02 5.714964304201e-01
4.570000000000e+02 6.506904650252e-01
4.575000000000e+02 7.269346670398e-01
4.580000000000e+02 7.970394999778e-01
4.585000000000e+02 8.578987643408e-01
4.590000000000e+02 9.066763202635e-01
4.595000000000e+02 9.409825057024e-01
4.600000000000e+02 9.590278812133e-01
4.605000000000e+02 9.597433245418e-01
4.610000000000e+02 9.428576975343e-01
4.615000000000e+02 9.089271612393e-01
4.620000000000e+02 8.593135206674e-01
4.625000000000e+02 7.961125024004e-01
4.630000000000e+02 7.220363528896e-01
4.635000000000e+02 6.402583409717e-01
4.640000000000e+02 5.542294228019e-01
4.645000000000e+02 4.674792857833e-01
4.650000000000e+02 3.834150861483e-01
4.655000000000e+02 3.051313505193e-01
4.660000000000e+02 2.352437110583e-01
4.665000000000e+02 1.757574420731e-01
4.670000000000e+02 1.279792840245e-01
4.675000000000e+02 9.247795648937e-02
4.680000000000e+02 6.909529649831e-02
4.685000000000e+02 5.700636249252e-02
4.690000000000e+02 5.482337644763e-02
4.695000000000e+02 6.073528797132e-02
4.700000000000e+02 7.267225753879e-02
4.705000000000e+02 8.848265105271e-02
4.710000000000e+02 1.061093374348e-01
4.715000000000e+02 1.237522421015e-01
4.720000000000e+02 1.400052191565e-01
4.725000000000e+02 1.539572821257e-01
4.730000000000e+02 1.652509321699e-01
4.735000000000e+02 1.740935464754e-01
4.740000000000e+02 1.812213023382e-01
4.745000000000e+02 1.878186577052e-01
4.750000000000e+02 1.953997277338e-01
4.755000000000e+02 2.056607469639e-01
4.760000000000e+02 2.203149799181e-01
4.765000000000e+02 2.409227807151e-01
4.770000000000e+02 2.687299069074e-01
4.775000000000e+02 3.045266346165e-01
4.780000000000e+02 3.485387416857e-01
4.785000000000e+02 4.003591307276e-01
4.790000000000e+02 4.589259216296e-01
4.795000000000e+02 5.225494673588e-01
4.800000000000e+02 5.889871832808e-01
4.805000000000e+02 6.555615876599e-01
4.810000000000e+02 7.193137831573e-01
4.815000000000e+02 7.771819957683e-01
4.820000000000e+02 8.261929179524e-01
4.825000000000e+02 8.636526117108e-01
4.830000000000e+02 8.873236860345e-01
4.835000000000e+02 8.955763734719e-01
4.840000000000e+02 8.875029255104e-01
4.845000000000e+02 8.629872950231e-01
4.850000000000e+02 8.227251909398e-01
4.855000000000e+02 7.681930496579e-01
4.860000000000e+02 7.015680195772e-01
4.865000000000e+02 6.256044437897e-01
4.870000000000e+02 5.434753085425e-01
4.875000000000e+02 4.585894892842e-01
4.880000000000e+02 3.743972054391e-01
4.885000000000e+02 2.941967809020e-01
4.890000000000e+02 2.209555564338e-01
4.895000000000e+02 1.571566378569e-01
4.900000000000e+02 1.046811814985e-01
4.905000000000e+02 6.473326619502e-02
4.910000000000e+02 3.781127759015e-02
4.915000000000e+02 2.372636672712e-02
4.920000000000e+02 2.166518819877e-02
4.925000000000e+02 3.029101814266e-02
4.930000000000e+02 4.787472357112e-02
4.935000000000e+02 7.244508956040e-02
4.940000000000e+02 1.019468469725e-01
4.945000000000e+02 1.343944577265e-01
4.950000000000e+02 1.680103187130e-01
4.955000000000e+02 2.013374847845e-01
4.960000000000e+02 2.333191698161e-01
4.965000000000e+02 2.633399939342e-01
4.970000000000e+02 2.912269962373e-01
4.975000000000e+02 3.172115931492e-01
4.980000000000e+02 3.418566938862e-01
4.985000000000e+02 3.659558585159e-01
4.990000000000e+02 3.904135011600e-01
4.995000000000e+02 4.161165444371e-01
5.000000000000e+02 4.438085192347e-01
5.005000000000e+02 4.739768362663e-01
5.010000000000e+02 5.067628572862e-01
5.015000000000e+02 5.419025516331e-01
5.020000000000e+02 5.787030811718e-01
5.025000000000e+02 6.160578019022e-01
5.030000000000e+02 6.524991224173e-01
5.035000000000e+02 6.862856510849e-01
5.040000000000e+02 7.155173249931e-01
5.045000000000e+02 7.382699533572e-01
5.050000000000e+02 7.527389988652e-01
5.055000000000e+02 7.573815856650e-01
5.060000000000e+02 7.510457270843e-01
5.065000000000e+02 7.330766110581e-01
5.070000000000e+02 7.033914044268e-01
5.075000000000e+02 6.625163177567e-01
5.080000000000e+02 6.115824394144e-01
5.085000000000e+02 5.522798936437e-01
5.090000000000e+02 4.867729734325e-01
5.095000000000e+02 4.175818119284e-01
5.100000000000e+02 3.474386664208e-01
5.105000000000e+02 2.791288066728e-01
5.110000000000e+02 2.153271790970e-01
5.115000000000e+02 1.584423695524e-01
5.120000000000e+02 1.104788820315e-01
5.125000000000e+02 7.292742416464e-02
5.130000000000e+02 4.669084086611e-02
5.135000000000e+02 3.205071667848e-02
5.140000000000e+02 2.867667063489e-02
5.145000000000e+02 3.567721860162e-02
5.150000000000e+02 5.168801277991e-02
5.155000000000e+02 7.499051629294e-02
5.160000000000e+02 1.036519394972e-01
5.165000000000e+02 1.356757222086e-01
5.170000000000e+02 1.691511095136e-01
5.175000000000e+02 2.023904951445e-01
5.180000000000e+02 2.340441878259e-01
5.185000000000e+02 2.631840206094e-01
5.190000000000e+02 2.893496400468e-01
5.195000000000e+02 3.125542007207e-01
5.200000000000e+02 3.332493347242e-01
5.205000000000e+02 3.522524286907e-01
5.210000000000e+02 3.706421841000e-01
5.215000000000e+02 3.896309364659e-01
5.220000000000e+02 4.104240745207e-01
5.225000000000e+02 4.340779871812e-01
5.230000000000e+02 4.613681870941e-01
5.235000000000e+02 4.926785924975e-01
5.240000000000e+02 5.279214379383e-01
5.245000000000e+02 5.664950364443e-01
5.250000000000e+02 6.072837941485e-01
5.255000000000e+02 6.487016901325e-01
5.260000000000e+02 6.887771150965e-01
5.265000000000e+02 7.252737594822e-01
5.270000000000e+02 7.558393950574e-01
5.275000000000e+02 7.781721191449e-01
5.280000000000e+02 7.901921022454e-01
5.285000000000e+02 7.902062183559e-01
5.290000000000e+02 7.770532002515e-01
5.295000000000e+02 7.502181389940e-01
5.300000000000e+02 7.099071602172e-01
5.305000000000e+02 6.570758195223e-01
5.310000000000e+02 5.934079737593e-01
5.315000000000e+02 5.212453739481e-01
5.320000000000e+02 4.434717374530e-01
5.325000000000e+02 3.633583368522e-01
5.330000000000e+02 2.843809512561e-01
5.335000000000e+02 2.100201561356e-01
5.340000000000e+02 1.435582217276e-01
5.345000000000e+02 8.788624948193e-02
5.350000000000e+02 4.533456979173e-02
5.355000000000e+02 1.753789129991e-02
5.360000000000e+02 5.344338442541e-03
5.365000000000e+02 8.774505405677e-03
5.370000000000e+02 2.703320490694e-02
5.375000000000e+02 5.857294518842e-02
5.380000000000e+02 1.012045889109e-01
5.385000000000e+02 1.522473895763e-01
5.390000000000e+02 2.087078980676e-01
5.395000000000e+02 2.674752774118e-01
5.400000000000e+02 3.255194975090e-01
5.405000000000e+02 3.800787788315e-01
5.410000000000e+02 4.288235208263e-01
5.415000000000e+02 4.699857228476e-01
5.420000000000e+02 5.024454533659e-01
5.425000000000e+02 5.257690615503e-01
5.430000000000e+02 5.401973262295e-01
5.435000000000e+02 5.465853470324e-01
5.440000000000e+02 5.462994400958e-01
5.445000000000e+02 5.410793566549e-01
5.450000000000e+02 5.328765773274e-01
5.455000000000e+02 5.236810738750e-01
5.460000000000e+02 5.153496578031e-01
5.465000000000e+02 5.094488020584e-01
5.470000000000e+02 5.071236490068e-01
5.475000000000e+02 5.090028939228e-01
5.480000000000e+02 5.151465091845e-01
5.485000000000e+02 5.250400516307e-01
5.490000000000e+02 5.376358112624e-01
5.495000000000e+02 5.514375691761e-01
5.500000000000e+02 5.646224915318e-01
5.505000000000e+02 5.751909307349e-01
5.510000000000e+02 5.811328349567e-01
5.515000000000e+02 5.805982320526e-01
5.520000000000e+02 5.720589418263e-01
5.525000000000e+02 5.544493016838e-01
5.530000000000e+02 5.272752162853e-01
5.535000000000e+02 4.906831478610e-01
5.540000000000e+02 4.454835797788e-01
5.545000000000e+02 3.931267970396e-01
5.550000000000e+02 3.356322908403e-01
5.555000000000e+02 2.754764569978e-01
5.560000000000e+02 2.154462750781e-01
5.565000000000e+02 1.584691077713e-01
5.570000000000e+02 1.074304718767e-01
5.575000000000e+02 6.499248145011e-02
5.580000000000e+02 3.342559213444e-02
5.585000000000e+02 1.446529288242e-02
5.590000000000e+02 9.203573273842e-03
5.595000000000e+02 1.802247824530e-02
5.600000000000e+02 4.057403451931e-02
5.605000000000e+02 7.580751802843e-02
5.610000000000e+02 1.220416726734e-01
5.615000000000e+02 1.770763331445e-01
5.620000000000e+02 2.383351773340e-01
5.625000000000e+02 3.030292330720e-01
5.630000000000e+02 3.683294382052e-01
5.635000000000e+02 4.315360930064e-01
5.640000000000e+02 4.902334757020e-01
5.645000000000e+02 5.424191756462e-01
5.650000000000e+02 5.865997317096e-01
5.655000000000e+02 6.218467883652e-01
5.660000000000e+02 6.478109984766e-01
5.665000000000e+02 6.646940819766e-01
5.670000000000e+02 6.731825548487e-01
5.675000000000e+02 6.743494417702e-01
5.680000000000e+02 6.695325714584e-01
5.685000000000e+02 6.601996590631e-01
5.690000000000e+02 6.478111897485e-01
5.695000000000e+02 6.336920773266e-01
5.700000000000e+02 6.189221910892e-01
5.705000000000e+02 6.042541958847e-01
5.710000000000e+02 5.900648655796e-01
5.715000000000e+02 5.763432865476e-01
5.720000000000e+02 5.627163779676e-01
5.725000000000e+02 5.485091496680e-01
5.730000000000e+02 5.328343267702e-01
5.735000000000e+02 5.147036073544e-01
5.740000000000e+02 4.931510657335e-01
5.745000000000e+02 4.673582040386e-01
5.750000000000e+02 4.367699663414e-01
5.755000000000e+02 4.011916776633e-01
5.760000000000e+02 3.608583063732e-01
5.765000000000e+02 3.164695642103e-01
5.770000000000e+02 2.691869930660e-01
5.775000000000e+02 2.205921416285e-01
5.780000000000e+02 1.726079831463e-01
5.785000000000e+02 1.273886353050e-01
5.790000000000e+02 8.718499162686e-02
5.795000000000e+02 5.419586464487e-02
5.800000000000e+02 3.041551950831e-02
5.805000000000e+02 1.748894105262e-02
5.810000000000e+02 1.658578710627e-02
5.815000000000e+02 2.830275959332e-02
5.820000000000e+02 5.260215918650e-02
5.825000000000e+02 8.879182165765e-02
5.830000000000e+02 1.355486533483e-01
5.835000000000e+02 1.909848099560e-01
5.840000000000e+02 2.527524332154e-01
5.845000000000e+02 3.181800080708e-01
5.850000000000e+02 3.844310429571e-01
5.855000000000e+02 4.486740865226e-01
5.860000000000e+02 5.082522049553e-01
5.865000000000e+02 5.608400254354e-01
5.870000000000e+02 6.045773089245e-01
5.875000000000e+02 6.381696901308e-01
5.880000000000e+02 6.609495935575e-01
5.885000000000e+02 6.728932292213e-01
5.890000000000e+02 6.745927774137e-01
5.895000000000e+02 6.671861522121e-01
5.900000000000e+02 6.522498452726e-01
5.905000000000e+02 6.316630631575e-01
5.910000000000e+02 6.074534802912e-01
5.915000000000e+02 5.816362767029e-01
5.920000000000e+02 5.560586120626e-01
5.925000000000e+02 5.322612659559e-01
5.930000000000e+02 5.113678766304e-01
5.935000000000e+02 4.940101294894e-01
5.940000000000e+02 4.802945338466e-01
5.945000000000e+02 4.698132808803e-01
5.950000000000e+02 4.616983293453e-01
5.955000000000e+02 4.547145663986e-01
5.960000000000e+02 4.473848845486e-01
5.965000000000e+02 4.381375274505e-01
5.970000000000e+02 4.254642750253e-01
5.975000000000e+02 4.080770988996e-01
5.980000000000e+02 3.850508975949e-01
5.985000000000e+02 3.559408249863e-01
5.990000000000e+02 3.208644947932e-01
5.995000000000e+02 2.805418536298e-01
6.000000000000e+02 2.362885856036e-01
6.005000000000e+02 1.899623204955e-01
6.010000000000e+02 1.438644170236e-01
6.015000000000e+02 1.006034263508e-01
6.020000000000e+02 6.292926340409e-02
6.025000000000e+02 3.354940803018e-02
6.030000000000e+02 1.493995256363e-02
6.035000000000e+02 9.164892563523e-03
6.040000000000e+02 1.771667486106e-02
6.045000000000e+02 4.138969306618e-02
6.050000000000e+02 8.019624519922e-02
6.055000000000e+02 1.333315932002e-01
6.060000000000e+02 1.991913930547e-01
6.065000000000e+02 2.754411370969e-01
6.070000000000e+02 3.591336259386e-01
6.075000000000e+02 4.468671261195e-01
6.080000000000e+02 5.349740123508e-01
6.085000000000e+02 6.197275455686e-01
6.090000000000e+02 6.975531546033e-01
6.095000000000e+02 7.652302626363e-01
6.100000000000e+02 8.200713535311e-01
6.105000000000e+02 8.600665608013e-01
6.110000000000e+02 8.839844694141e-01
6.115000000000e+02 8.914228750491e-01
6.120000000000e+02 8.828067276135e-01
6.125000000000e+02 8.593341462229e-01
6.130000000000e+02 8.228749695998e-01
6.135000000000e+02 7.758295437378e-01
6.140000000000e+02 7.209581177259e-01
6.145000000000e+02 6.611931305707e-01
6.150000000000e+02 5.994476938223e-01
6.155000000000e+02 5.384336386969e-01
6.160000000000e+02 4.805016037262e-01
6.165000000000e+02 4.275138604685e-01
6.170000000000e+02 3.807580451313e-01
6.175000000000e+02 3.409068715467e-01
6.180000000000e+02 3.080254741934e-01
6.185000000000e+02 2.816245204476e-01
6.190000000000e+02 2.607538951578e-01
6.195000000000e+02 2.441288402288e-01
6.200000000000e+02 2.302781376791e-01
6.205000000000e+02 2.177024202620e-01
6.210000000000e+02 2.050300841017e-01
6.215000000000e+02 1.911586017145e-01
6.220000000000e+02 1.753702613221e-01
6.225000000000e+02 1.574133934282e-01
6.230000000000e+02 1.375428331996e-01
6.235000000000e+02 1.165165050664e-01
6.240000000000e+02 9.554836969435e-02
6.245000000000e+02 7.622129390511e-02
6.250000000000e+02 6.036644559190e-02
6.255000000000e+02 4.991835427559e-02
6.260000000000e+02 4.675662779982e-02
6.265000000000e+02 5.254634253551e-02
6.270000000000e+02 6.858925543489e-02
6.275000000000e+02 9.569721486916e-02
6.280000000000e+02 1.340975335959e-01
6.285000000000e+02 1.833777535917e-01
6.290000000000e+02 2.424743536981e-01
6.295000000000e+02 3.097067415009e-01
6.300000000000e+02 3.828545685738e-01
6.305000000000e+02 4.592732570808e-01
6.310000000000e+02 5.360398574113e-01
6.315000000000e+02 6.101191735145e-01
6.320000000000e+02 6.785386531373e-01
6.325000000000e+02 7.385599469392e-01
6.330000000000e+02 7.878353329622e-01
6.335000000000e+02 8.245383550263e-01
6.340000000000e+02 8.474599455819e-01
6.345000000000e+02 8.560638490610e-01
6.350000000000e+02 8.504981390218e-01
6.355000000000e+02 8.315628084697e-01
6.360000000000e+02 8.006365704345e-01
6.365000000000e+02 7.595689012935e-01
6.370000000000e+02 7.105457793652e-01
6.375000000000e+02 6.559393394217e-01
6.380000000000e+02 5.981526530922e-01
6.385000000000e+02 5.394709876655e-01
6.390000000000e+02 4.819301873192e-01
6.395000000000e+02 4.272113209791e-01
6.400000000000e+02 3.765685686501e-01
6.405000000000e+02 3.307946420467e-01
6.410000000000e+02 2.902250618277e-01
6.415000000000e+02 2.547795704153e-01
6.420000000000e+02 2.240360784798e-01
6.425000000000e+02 1.973300437718e-01
6.430000000000e+02 1.738702526879e-01
6.435000000000e+02 1.528607634757e-01
6.440000000000e+02 1.336183663326e-01
6.445000000000e+02 1.156753492053e-01
6.450000000000e+02 9.885859447418e-02
6.455000000000e+02 8.333797533262e-02
6.460000000000e+02 6.963952201279e-02
6.465000000000e+02 5.862169481244e-02
6.470000000000e+02 5.141611271176e-02
6.475000000000e+02 4.933701120539e-02
6.480000000000e+02 5.376631475148e-02
6.485000000000e+02 6.602330494878e-02
6.490000000000e+02 8.722928065033e-02
6.495000000000e+02 1.181782271718e-01
6.500000000000e+02 1.592242847736e-01
6.505000000000e+02 2.101957419308e-01
6.510000000000e+02 2.703434503180e-01
6.515000000000e+02 3.383290979131e-01
6.520000000000e+02 4.122558647173e-01
6.525000000000e+02 4.897408380701e-01
6.530000000000e+02 5.680254163893e-01
6.535000000000e+02 6.441170180313e-01
6.540000000000e+02 7.149529564853e-01
6.545000000000e+02 7.775755322777e-01
6.550000000000e+02 8.293063669693e-01
6.555000000000e+02 8.679078490306e-01
6.560000000000e+02 8.917202946155e-01
6.565000000000e+02 8.997650018164e-01
6.570000000000e+02 8.918056855715e-01
6.575000000000e+02 8.683636576678e-01
6.580000000000e+02 8.306853548332e-01
6.585000000000e+02 7.806641823546e-01
6.590000000000e+02 7.207218850006e-01
6.595000000000e+02 6.536575427705e-01
6.600000000000e+02 5.824746028250e-01
6.605000000000e+02 5.101979286224e-01
6.610000000000e+02 4.396935545108e-01
6.615000000000e+02 3.735036234235e-01
6.620000000000e+02 3.137078687928e-01
6.625000000000e+02 2.618210579009e-01
6.630000000000e+02 2.187331822698e-01
6.635000000000e+02 1.846960521582e-01
6.640000000000e+02 1.593565546951e-01
6.645000000000e+02 1.418334172067e-01
6.650000000000e+02 1.308311297365e-01
6.655000000000e+02 1.247819584085e-01
6.660000000000e+02 1.220049254811e-01
6.665000000000e+02 1.208693957027e-01
6.670000000000e+02 1.199505851634e-01
6.675000000000e+02 1.181649247311e-01
6.680000000000e+02 1.148747228735e-01
6.685000000000e+02 1.099538736997e-01
6.690000000000e+02 1.038092785959e-01
6.695000000000e+02 9.735598087842e-02
6.700000000000e+02 9.194750869137e-02
6.705000000000e+02 8.926632524432e-02
6.710000000000e+02 9.118234656146e-02
6.715000000000e+02 9.958997855130e-02
6.720000000000e+02 1.162358616551e-01
6.725000000000e+02 1.425503614426e-01
6.730000000000e+02 1.794957404614e-01
6.735000000000e+02 2.274428930149e-01
6.740000000000e+02 2.860865922527e-01
6.745000000000e+02 3.544065243240e-01
6.750000000000e+02 4.306781580756e-01
6.755000000000e+02 5.125339524383e-01
6.760000000000e+02 5.970717926241e-01
6.765000000000e+02 6.810041314759e-01
6.770000000000e+02 7.608383410029e-01
6.775000000000e+02 8.330764670923e-01
6.780000000000e+02 8.944210960740e-01
6.785000000000e+02 9.419734941645e-01
6.790000000000e+02 9.734106113101e-01
6.795000000000e+02 9.871289205123e-01
6.800000000000e+02 9.823452948708e-01
6.805000000000e+02 9.591480484834e-01
6.810000000000e+02 9.184946753529e-01
6.815000000000e+02 8.621564692382e-01
6.820000000000e+02 7.926138366342e-01
6.825000000000e+02 7.129094662912e-01
6.830000000000e+02 6.264693540135e-01
6.835000000000e+02 5.369038007748e-01
6.840000000000e+02 4.478017574881e-01
6.845000000000e+02 3.625321958752e-01
6.850000000000e+02 2.840655253196e-01
6.855000000000e+02 2.148265035840e-01
6.860000000000e+02 1.565877236949e-01
6.865000000000e+02 1.104097756551e-01
6.870000000000e+02 7.663079926824e-02
6.875000000000e+02 5.490461007264e-02
6.880000000000e+02 4.428315060832e-02
6.885000000000e+02 4.333594107888e-02
6.890000000000e+02 5.029669688994e-02
6.895000000000e+02 6.322552233506e-02
6.900000000000e+02 8.017420084277e-02
6.905000000000e+02 9.934213927367e-02
6.910000000000e+02 1.192114751524e-01
6.915000000000e+02 1.386516428395e-01
6.920000000000e+02 1.569861780501e-01
6.925000000000e+02 1.740175300799e-01
6.930000000000e+02 1.900089218474e-01
6.935000000000e+02 2.056256043981e-01
6.940000000000e+02 2.218409488022e-01
6.945000000000e+02 2.398154754673e-01
6.950000000000e+02 2.607589437909e-01
6.955000000000e+02 2.857868669889e-01
6.960000000000e+02 3.157831898954e-01
6.965000000000e+02 3.512803486354e-01
6.970000000000e+02 3.923665639110e-01
6.975000000000e+02 4.386281107304e-01
6.980000000000e+02 4.891316180654e-01
6.985000000000e+02 5.424483859864e-01
6.990000000000e+02 5.967194964232e-01
6.995000000000e+02 6.497573778735e-01
7.000000000000e+02 6.991766971880e-01
7.005000000000e+02 7.425452007055e-01
7.010000000000e+02 7.775435794946e-01
7.015000000000e+02 8.021227032874e-01
7.020000000000e+02 8.146467075161e-01
7.025000000000e+02 8.140114152899e-01
7.030000000000e+02 7.997293548373e-01
7.035000000000e+02 7.719750584671e-01
7.040000000000e+02 7.315872192017e-01
7.045000000000e+02 6.800274194690e-01
7.050000000000e+02 6.192982983000e-01
7.055000000000e+02 5.518269546592e-01
7.060000000000e+02 4.803218773511e-01
7.065000000000e+02 4.076135622303e-01
7.070000000000e+02 3.364900881279e-01
7.075000000000e+02 2.695391940902e-01
7.080000000000e+02 2.090078153577e-01
7.085000000000e+02 1.566886412966e-01
7.090000000000e+02 1.138411630150e-01
7.095000000000e+02 8.115204173184e-02
7.100000000000e+02 5.873665134212e-02
7.105000000000e+02 4.618055541660e-02
7.110000000000e+02 4.261670350603e-02
7.115000000000e+02 4.683149817545e-02
7.120000000000e+02 5.739079043833e-02
7.125000000000e+02 7.277546389649e-02
7.130000000000e+02 9.151567073498e-02
7.135000000000e+02 1.123130289405e-01
7.140000000000e+02 1.341411589716e-01
7.145000000000e+02 1.563167465545e-01
7.150000000000e+02 1.785357271377e-01
7.155000000000e+02 2.008720120525e-01
7.160000000000e+02 2.237392000444e-01
7.165000000000e+02 2.478187086636e-01
7.170000000000e+02 2.739604880967e-01
7.175000000000e+02 3.030647349530e-01
7.180000000000e+02 3.359546301159e-01
7.185000000000e+02 3.732509566005e-01
7.190000000000e+02 4.152594422550e-01
7.195000000000e+02 4.618808137090e-01
7.200000000000e+02 5.125519019849e-01
7.205000000000e+02 5.662238265055e-01
7.210000000000e+02 6.213804739255e-01
7.215000000000e+02 6.760973909847e-01
7.220000000000e+02 7.281380592119e-01
7.225000000000e+02 7.750815522480e-01
7.230000000000e+02 8.144730201443e-01
7.235000000000e+02 8.439864963810e-01
7.240000000000e+02 8.615883356433e-01
7.245000000000e+02 8.656892609090e-01
7.250000000000e+02 8.552735611338e-01
7.255000000000e+02 8.299954034967e-01
7.260000000000e+02 7.902344102775e-01
7.265000000000e+02 7.371054460214e-01
7.270000000000e+02 6.724207653847e-01
7.275000000000e+02 5.986060538543e-01
7.280000000000e+02 5.185752055065e-01
7.285000000000e+02 4.355716806286e-01
7.290000000000e+02 3.529867492927e-01
7.295000000000e+02 2.741666706126e-01
7.300000000000e+02 2.022217489190e-01
7.305000000000e+02 1.398501765860e-01
7.310000000000e+02 8.918861508648e-02
7.315000000000e+02 5.169964514818e-02
7.320000000000e+02 2.810366114201e-02
7.325000000000e+02 1.835967583018e-02
7.330000000000e+02 2.169606232060e-02
7.335000000000e+02 3.668873848518e-02
7.340000000000e+02 6.138095012480e-02
7.345000000000e+02 9.343587601695e-02
7.350000000000e+02 1.303109743416e-01
7.355000000000e+02 1.694414842770e-01
7.360000000000e+02 2.084198995139e-01
7.365000000000e+02 2.451585868213e-01
7.370000000000e+02 2.780240080067e-01
7.375000000000e+02 3.059331252592e-01
7.380000000000e+02 3.284053744359e-01
7.385000000000e+02 3.455668747306e-01
7.390000000000e+02 3.581070674929e-01
7.395000000000e+02 3.671914849116e-01
7.400000000000e+02 3.743375849055e-01
7.405000000000e+02 3.812633153550e-01
7.410000000000e+02 3.897200891541e-01
7.415000000000e+02 4.013230131807e-01
7.420000000000e+02 4.173914333163e-01
7.425000000000e+02 4.388121168143e-01
7.430000000000e+02 4.659357454125e-01
7.435000000000e+02 4.985149565853e-01
7.440000000000e+02 5.356891228281e-01
7.445000000000e+02 5.760176212545e-01
7.450000000000e+02 6.175597680809e-01
7.455000000000e+02 6.579961353154e-01
7.460000000000e+02 6.947828821135e-01
7.465000000000e+02 7.253282459629e-01
7.470000000000e+02 7.471786309153e-01
7.475000000000e+02 7.582009268326e-01
7.480000000000e+02 7.567478547048e-01
7.485000000000e+02 7.417942482217e-01
7.490000000000e+02 7.130341714276e-01
7.495000000000e+02 6.709314935327e-01
7.500000000000e+02 6.167197989625e-01
7.505000000000e+02 5.523510689178e-01
7.510000000000e+02 4.803961740058e-01
7.515000000000e+02 4.039036067492e-01
7.520000000000e+02 3.262258148044e-01
7.525000000000e+02 2.508247607737e-01
7.530000000000e+02 1.810697715245e-01
7.535000000000e+02 1.200412481289e-01
7.540000000000e+02 7.035335348805e-02
7.545000000000e+02 3.400741468419e-02
7.550000000000e+02 1.228557410634e-02
7.555000000000e+02 5.691359585361e-03
7.560000000000e+02 1.394052830274e-02
7.565000000000e+02 3.600201299548e-02
7.570000000000e+02 7.018531681063e-02
7.575000000000e+02 1.142675153259e-01
7.580000000000e+02 1.656503581478e-01
7.585000000000e+02 2.215360062025e-01
7.590000000000e+02 2.791088295822e-01
7.595000000000e+02 3.357104973641e-01
7.600000000000e+02 3.889963204727e-01
7.605000000000e+02 4.370623992818e-01
7.610000000000e+02 4.785354545212e-01
7.615000000000e+02 5.126201054791e-01
7.620000000000e+02 5.391015860811e-01
7.625000000000e+02 5.583052164029e-01
7.630000000000e+02 5.710171281675e-01
7.635000000000e+02 5.783735441129e-01
7.640000000000e+02 5.817281289257e-01
7.645000000000e+02 5.825084046365e-01
7.650000000000e+02 5.820728531152e-01
7.655000000000e+02 5.815800733758e-01
7.660000000000e+02 5.818802486771e-01
7.665000000000e+02 5.834372986372e-01
7.670000000000e+02 5.862875921755e-01
7.675000000000e+02 5.900381709821e-01
7.680000000000e+02 5.939043041422e-01
7.685000000000e+02 5.967831003263e-01
7.690000000000e+02 5.973570785913e-01
7.695000000000e+02 5.942192550601e-01
7.700000000000e+02 5.860096161872e-01
7.705000000000e+02 5.715519454953e-01
7.710000000000e+02 5.499799157207e-01
7.715000000000e+02 5.208421542922e-01
7.720000000000e+02 4.841775748764e-01
7.725000000000e+02 4.405545200216e-01
7.730000000000e+02 3.910700082896e-01
7.735000000000e+02 3.373084152195e-01
7.740000000000e+02 2.812620111491e-01
7.745000000000e+02 2.252186964126e-01
7.750000000000e+02 1.716247953153e-01
7.755000000000e+02 1.229327041100e-01
7.760000000000e+02 8.144438888506e-02
7.765000000000e+02 4.916210587470e-02
7.770000000000e+02 2.765724035338e-02
7.775000000000e+02 1.796686619549e-02
7.780000000000e+02 2.052561311657e-02
7.785000000000e+02 3.513784346552e-02
7.790000000000e+02 6.099217900996e-02
7.795000000000e+02 9.671730254837e-02
7.800000000000e+02 1.404749231636e-01
7.805000000000e+02 1.900830653719e-01
7.810000000000e+02 2.431606261869e-01
7.815000000000e+02 2.972826067029e-01
7.820000000000e+02 3.501346817634e-01
7.825000000000e+02 3.996558785473e-01
7.830000000000e+02 4.441590845360e-01
7.835000000000e+02 4.824208259822e-01
7.840000000000e+02 5.137341202936e-01
7.845000000000e+02 5.379210318149e-01
7.850000000000e+02 5.553046373227e-01
7.855000000000e+02 5.666432028961e-01
7.860000000000e+02 5.730322536218e-01
7.865000000000e+02 5.757826635364e-01
7.870000000000e+02 5.762847191820e-01
7.875000000000e+02 5.758691763006e-01
7.880000000000e+02 5.756765525513e-01
7.885000000000e+02 5.765452600077e-01
7.890000000000e+02 5.789277248903e-01
7.895000000000e+02 5.828414755749e-01
7.900000000000e+02 5.878594644746e-01
7.905000000000e+02 5.931408281162e-01
7.910000000000e+02 5.975001128745e-01
7.915000000000e+02 5.995099415734e-01
7.920000000000e+02 5.976294007010e-01
7.925000000000e+02 5.903482960658e-01
7.930000000000e+02 5.763360221081e-01
7.935000000000e+02 5.545832289342e-01
7.940000000000e+02 5.245248013780e-01
7.945000000000e+02 4.861338696113e-01
7.950000000000e+02 4.399785691747e-01
7.955000000000e+02 3.872359181823e-01
7.960000000000e+02 3.296602897173e-01
7.965000000000e+02 2.695073012767e-01
7.970000000000e+02 2.094172746706e-01
7.975000000000e+02 1.522654922210e-01
7.980000000000e+02 1.009890589104e-01
7.985000000000e+02 5.840208010428e-02
7.990000000000e+02 2.701193434880e-02
7.995000000000e+02 8.849574274538e-03
8.000000000000e+02 5.326006145392e-03
8.005000000000e+02 1.712542895509e-02
8.010000000000e+02 4.414307119114e-02
8.015000000000e+02 8.547271870585e-02
8.020000000000e+02 1.394454966721e-01
8.025000000000e+02 2.037178977839e-01
8.030000000000e+02 2.754035946105e-01
8.035000000000e+02 3.512404859887e-01
8.040000000000e+02 4.277819297415e-01
8.045000000000e+02 5.015993891181e-01
8.050000000000e+02 5.694828950791e-01
8.055000000000e+02 6.286258630997e-01
8.060000000000e+02 6.767818942354e-01
8.065000000000e+02 7.123831594516e-01
8.070000000000e+02 7.346126735798e-01
8.075000000000e+02 7.434260170708e-01
8.080000000000e+02 7.395216266314e-01
8.085000000000e+02 7.242623938452e-01
8.090000000000e+02 6.995547237660e-01
8.095000000000e+02 6.676941678370e-01
8.100000000000e+02 6.311890444817e-01
8.105000000000e+02 5.925749316166e-01
8.110000000000e+02 5.542334534765e-01
8.115000000000e+02 5.182283525453e-01
8.120000000000e+02 4.861704694325e-01
8.125000000000e+02 4.591210504990e-01
8.130000000000e+02 4.375399267306e-01
8.135000000000e+02 4.212817682439e-01
8.140000000000e+02 4.096400607156e-01
8.145000000000e+02 4.014349323159e-01
8.150000000000e+02 3.951377384099e-01
8.155000000000e+02 3.890226203917e-01
8.160000000000e+02 3.813332895141e-01
8.165000000000e+02 3.704521883093e-01
8.170000000000e+02 3.550590295053e-01
8.175000000000e+02 3.342665145879e-01
8.180000000000e+02 3.077227309806e-01
8.185000000000e+02 2.756721928228e-01
8.190000000000e+02 2.389705442344e-01
8.195000000000e+02 1.990513619537e-01
8.200000000000e+02 1.578470264355e-01
8.205000000000e+02 1.176690191254e-01
8.210000000000e+02 8.105600197442e-02
8.215000000000e+02 5.060042550867e-02
8.220000000000e+02 2.876602099007e-02
8.225000000000e+02 1.770924468872e-02
8.230000000000e+02 1.911750800124e-02
8.235000000000e+02 3.407586507952e-02
8.240000000000e+02 6.297182629316e-02
8.245000000000e+02 1.054452686999e-01
8.250000000000e+02 1.603872212135e-01
8.255000000000e+02 2.259878452343e-01
8.260000000000e+02 2.998304623181e-01
8.265000000000e+02 3.790252500325e-01
8.270000000000e+02 4.603734680438e-01
8.275000000000e+02 5.405509858280e-01
8.280000000000e+02 6.162986086653e-01
8.285000000000e+02 6.846063269573e-01
8.290000000000e+02 7.428791662721e-01
8.295000000000e+02 7.890737451397e-01
8.300000000000e+02 8.217968439895e-01
8.305000000000e+02 8.403600858651e-01
8.310000000000e+02 8.447880189109e-01
8.315000000000e+02 8.357802360394e-01
8.320000000000e+02 8.146314228226e-01
8.325000000000e+02 7.831161530724e-01
8.330000000000e+02 7.433476411867e-01
8.335000000000e+02 6.976213409270e-01
8.340000000000e+02 6.482551352906e-01
8.345000000000e+02 5.974378370339e-01
8.350000000000e+02 5.470968253419e-01
8.355000000000e+02 4.987939568073e-01
8.360000000000e+02 4.536565424597e-01
8.365000000000e+02 4.123473594435e-01
8.370000000000e+02 3.750745828585e-01
8.375000000000e+02 3.416394149532e-01
8.380000000000e+02 3.115162904436e-01
8.385000000000e+02 2.839580660702e-01
8.390000000000e+02 2.581167440391e-01
8.395000000000e+02 2.331691699418e-01
8.400000000000e+02 2.084368660796e-01
8.405000000000e+02 1.834897277137e-01
8.410000000000e+02 1.582246752946e-01
8.415000000000e+02 1.329124125535e-01
8.420000000000e+02 1.082080285646e-01
8.425000000000e+02 8.512410172612e-02
8.430000000000e+02 6.496799035574e-02
8.435000000000e+02 4.924789574006e-02
8.440000000000e+02 3.955483615205e-02
8.445000000000e+02 3.742967821903e-02
8.450000000000e+02 4.422568003593e-02
8.455000000000e+02 6.097750653703e-02
8.460000000000e+02 8.828734053305e-02
8.465000000000e+02 1.262375550306e-01
8.470000000000e+02 1.743375187503e-01
8.475000000000e+02 2.315096178069e-01
8.480000000000e+02 2.961166783766e-01
8.485000000000e+02 3.660298853514e-01
8.490000000000e+02 4.387332431139e-01
8.495000000000e+02 5.114578469498e-01
8.500000000000e+02 5.813369379094e-01
8.505000000000e+02 6.455710752524e-01
8.510000000000e+02 7.015919053113e-01
8.515000000000e+02 7.472130016846e-01
8.520000000000e+02 7.807571034426e-01
8.525000000000e+02 8.011507257743e-01
8.530000000000e+02 8.079794415401e-01
8.535000000000e+02 8.014999619359e-01
8.540000000000e+02 7.826082707775e-01
8.545000000000e+02 7.527662578342e-01
8.550000000000e+02 7.138923145587e-01
8.555000000000e+02 6.682239750092e-01
8.560000000000e+02 6.181627092800e-01
8.565000000000e+02 5.661122536729e-01
8.570000000000e+02 5.143222938018e-01
8.575000000000e+02 4.647488692724e-01
8.580000000000e+02 4.189415725004e-01
8.585000000000e+02 3.779655641250e-01
8.590000000000e+02 3.423637744643e-01
8.595000000000e+02 3.121616012808e-01
8.600000000000e+02 2.869131765655e-01
8.605000000000e+02 2.657851011535e-01
8.610000000000e+02 2.476706739922e-01
8.615000000000e+02 2.313252895540e-01
8.620000000000e+02 2.155120211648e-01
8.625000000000e+02 1.991455776727e-01
8.630000000000e+02 1.814228826638e-01
8.635000000000e+02 1.619294799134e-01
8.640000000000e+02 1.407127499603e-01
8.645000000000e+02 1.183154026620e-01
8.650000000000e+02 9.576570863658e-02
8.655000000000e+02 7.452422828253e-02
8.660000000000e+02 5.639014680847e-02
8.665000000000e+02 4.337347803044e-02
8.670000000000e+02 3.754212212416e-02
8.675000000000e+02 4.085484697444e-02
8.680000000000e+02 5.499254895710e-02
8.685000000000e+02 8.120053446360e-02
8.690000000000e+02 1.201540114729e-01
8.695000000000e+02 1.718575229481e-01
8.700000000000e+02 2.355867894726e-01
8.705000000000e+02 3.098785158153e-01
8.710000000000e+02 3.925703620047e-01
8.715000000000e+02 4.808897244614e-01
8.720000000000e+02 5.715864734052e-01
8.725000000000e+02 6.611016030652e-01
8.730000000000e+02 7.457611040686e-01
8.735000000000e+02 8.219824573522e-01
8.740000000000e+02 8.864801181661e-01
8.745000000000e+02 9.364562862199e-01
8.750000000000e+02 9.697641538362e-01
8.755000000000e+02 9.850326282004e-01
8.760000000000e+02 9.817441108034e-01
8.765000000000e+02 9.602601045355e-01
8.770000000000e+02 9.217929805194e-01
8.775000000000e+02 8.683259192623e-01
8.780000000000e+02 8.024865816405e-01
8.785000000000e+02 7.273832122055e-01
8.790000000000e+02 6.464144061985e-01
8.795000000000e+02 5.630655029116e-01
8.800000000000e+02 4.807053796106e-01
8.805000000000e+02 4.023972564547e-01
8.810000000000e+02 3.307359984020e-01
8.815000000000e+02 2.677223988724e-01
8.820000000000e+02 2.146821989088e-01
8.825000000000e+02 1.722343339887e-01
8.830000000000e+02 1.403093455131e-01
8.835000000000e+02 1.182153028464e-01
8.840000000000e+02 1.047452138367e-01
8.845000000000e+02 9.831699915482e-02
8.850000000000e+02 9.713487603993e-02
8.855000000000e+02 9.935959794137e-02
8.860000000000e+02 1.032745249079e-01
8.865000000000e+02 1.074349843207e-01
8.870000000000e+02 1.107897818209e-01
8.875000000000e+02 1.127659305959e-01
8.880000000000e+02 1.133105175645e-01
8.885000000000e+02 1.128869052269e-01
8.890000000000e+02 1.124259352471e-01
8.895000000000e+02 1.132361987242e-01
8.900000000000e+02 1.168805191256e-01
8.905000000000e+02 1.250283318009e-01
8.910000000000e+02 1.392954543420e-01
8.915000000000e+02 1.610836943275e-01
8.920000000000e+02 1.914327681423e-01
8.925000000000e+02 2.308961076805e-01
8.930000000000e+02 2.794503797098e-01
8.935000000000e+02 3.364460669238e-01
8.940000000000e+02 4.006034442990e-01
8.945000000000e+02 4.700549523659e-01
8.950000000000e+02 5.424315658399e-01
8.955000000000e+02 6.149875316054e-01
8.960000000000e+02 6.847550400206e-01
8.965000000000e+02 7.487182024538e-01
8.970000000000e+02 8.039942940523e-01
8.975000000000e+02 8.480096846229e-01
8.980000000000e+02 8.786582578598e-01
8.985000000000e+02 8.944313785508e-01
8.990000000000e+02 8.945105127151e-01
8.995000000000e+02 8.788162835596e-01
9.000000000000e+02 8.480108576091e-01
9.005000000000e+02 8.034538704913e-01
9.010000000000e+02 7.471153769990e-01
9.015000000000e+02 6.814523058968e-01
9.020000000000e+02 6.092573991202e-01
9.025000000000e+02 5.334914380974e-01
9.030000000000e+02 4.571105784836e-01
9.035000000000e+02 3.829007604992e-01
9.040000000000e+02 3.133304321513e-01
9.045000000000e+02 2.504312787329e-01
9.050000000000e+02 1.957144159245e-01
9.055000000000e+02 1.501267480809e-01
9.060000000000e+02 1.140491278821e-01
9.065000000000e+02 8.733481026700e-02
9.070000000000e+02 6.938370854201e-02
9.075000000000e+02 5.924535650274e-02
9.080000000000e+02 5.574145017232e-02
9.085000000000e+02 5.759753484419e-02
9.090000000000e+02 6.357291085900e-02
9.095000000000e+02 7.257818619114e-02
9.100000000000e+02 8.377107258070e-02
9.105000000000e+02 9.662291022094e-02
9.110000000000e+02 1.109508652905e-01
9.115000000000e+02 1.269135834297e-01
9.120000000000e+02 1.449710807874e-01
9.125000000000e+02 1.658125810129e-01
9.130000000000e+02 1.902586358636e-01
9.135000000000e+02 2.191459961378e-01
9.140000000000e+02 2.532051638344e-01
9.145000000000e+02 2.929412418156e-01
9.150000000000e+02 3.385285491555e-01
9.155000000000e+02 3.897284975670e-01
9.160000000000e+02 4.458384984883e-01
9.165000000000e+02 5.056773207589e-01
9.170000000000e+02 5.676095224332e-01
9.175000000000e+02 6.296085488462e-01
9.180000000000e+02 6.893550529859e-01
9.185000000000e+02 7.443641853172e-01
9.190000000000e+02 7.921332341735e-01
9.195000000000e+02 8.302992579412e-01
9.200000000000e+02 8.567953735474e-01
9.205000000000e+02 8.699942323663e-01
9.210000000000e+02 8.688279417835e-01
9.215000000000e+02 8.528752308256e-01
9.220000000000e+02 8.224089027539e-01
9.225000000000e+02 7.783994041573e-01
9.230000000000e+02 7.224734651818e-01
9.235000000000e+02 6.568299989260e-01
9.240000000000e+02 5.841185501714e-01
9.245000000000e+02 5.072883233523e-01
9.250000000000e+02 4.294179916129e-01
9.255000000000e+02 3.535379286282e-01
9.260000000000e+02 2.824571018705e-01
9.265000000000e+02 2.186065714039e-01
9.270000000000e+02 1.639103692828e-01
9.275000000000e+02 1.196925732788e-01
9.280000000000e+02 8.662677613812e-02
9.285000000000e+02 6.473107788379e-02
9.290000000000e+02 5.340841884488e-02
9.295000000000e+02 5.152876852767e-02
9.300000000000e+02 5.754663402773e-02
9.305000000000e+02 6.964477772795e-02
9.310000000000e+02 8.589312939600e-02
9.315000000000e+02 1.044107856067e-01
9.320000000000e+02 1.235187932500e-01
9.325000000000e+02 1.418721313697e-01
9.330000000000e+02 1.585608868333e-01
9.335000000000e+02 1.731729503907e-01
9.340000000000e+02 1.858134706639e-01
9.345000000000e+02 1.970795810502e-01
9.350000000000e+02 2.079923169643e-01
9.355000000000e+02 2.198909165295e-01
9.360000000000e+02 2.342976032623e-01
9.365000000000e+02 2.527632671672e-01
9.370000000000e+02 2.767060160395e-01
9.375000000000e+02 3.072552420952e-01
9.380000000000e+02 3.451135851366e-01
9.385000000000e+02 3.904479859131e-01
9.390000000000e+02 4.428189936587e-01
9.395000000000e+02 5.011547638523e-01
9.400000000000e+02 5.637729517865e-01
9.405000000000e+02 6.284502081899e-01
9.410000000000e+02 6.925354692834e-01
9.415000000000e+02 7.530999620463e-01
9.420000000000e+02 8.071140563079e-01
9.425000000000e+02 8.516389947754e-01
9.430000000000e+02 8.840202771475e-01
9.435000000000e+02 9.020691611776e-01
9.440000000000e+02 9.042193999774e-01
9.445000000000e+02 8.896479188765e-01
9.450000000000e+02 8.583505372247e-01
9.455000000000e+02 8.111668916367e-01
9.460000000000e+02 7.497522008753e-01
9.465000000000e+02 6.764971807135e-01
9.470000000000e+02 5.944010077197e-01
9.475000000000e+02 5.069054872378e-01
9.480000000000e+02 4.177012698694e-01
9.485000000000e+02 3.305188902953e-01
9.490000000000e+02 2.489184345701e-01
9.495000000000e+02 1.760917040948e-01
9.500000000000e+02 1.146898330015e-01
9.505000000000e+02 6.668749757234e-02
9.510000000000e+02 3.329226336087e-02
9.515000000000e+02 1.490443536628e-02
9.520000000000e+02 1.112923803623e-02
9.525000000000e+02 2.083950940314e-02
9.530000000000e+02 4.228360820789e-02
9.535000000000e+02 7.323015308929e-02
9.540000000000e+02 1.111387571765e-01
9.545000000000e+02 1.533442620173e-01
9.550000000000e+02 1.972412256125e-01
9.555000000000e+02 2.404556278449e-01
9.560000000000e+02 2.809919005407e-01
9.565000000000e+02 3.173453787750e-01
9.570000000000e+02 3.485729538609e-01
9.575000000000e+02 3.743178861196e-01
9.580000000000e+02 3.947881715517e-01
9.585000000000e+02 4.106912980086e-01
9.590000000000e+02 4.231314215663e-01
9.595000000000e+02 4.334777102683e-01
9.600000000000e+02 4.432146443792e-01
9.605000000000e+02 4.537862845781e-01
9.610000000000e+02 4.664468379902e-01
9.615000000000e+02 4.821292494076e-01
9.620000000000e+02 5.013420722058e-01
9.625000000000e+02 5.241026448796e-01
9.630000000000e+02 5.499117845229e-01
9.635000000000e+02 5.777720200320e-01
9.640000000000e+02 6.062480639610e-01
9.645000000000e+02 6.335650102832e-01
9.650000000000e+02 6.577368837883e-01
9.655000000000e+02 6.767158664796e-01
9.660000000000e+02 6.885509555949e-01
9.665000000000e+02 6.915440804951e-01
9.670000000000e+02 6.843918723760e-01
9.675000000000e+02 6.663023258728e-01
9.680000000000e+02 6.370774343597e-01
9.685000000000e+02 5.971553815637e-01
9.690000000000e+02 5.476088432042e-01
9.695000000000e+02 4.900991718167e-01
9.700000000000e+02 4.267894662682e-01
9.705000000000e+02 3.602225255287e-01
9.710000000000e+02 2.931722329164e-01
9.715000000000e+02 2.284788255262e-01
9.720000000000e+02 1.688796353086e-01
9.725000000000e+02 1.168471629178e-01
9.730000000000e+02 7.444574672414e-02
9.735000000000e+02 4.321666594943e-02
9.740000000000e+02 2.409937859868e-02
9.745000000000e+02 1.739390429884e-02
9.750000000000e+02 2.276632235680e-02
9.755000000000e+02 3.929619448755e-02
9.760000000000e+02 6.556167595805e-02
9.765000000000e+02 9.975537492593e-02
9.770000000000e+02 1.398218575543e-01
9.775000000000e+02 1.836062346515e-01
9.780000000000e+02 2.290026095385e-01
9.785000000000e+02 2.740913610649e-01
9.790000000000e+02 3.172552605532e-01
9.795000000000e+02 3.572661948484e-01
9.800000000000e+02 3.933366513355e-01
9.805000000000e+02 4.251329308537e-01
9.810000000000e+02 4.527500752472e-01
9.815000000000e+02 4.766514968044e-01
9.820000000000e+02 4.975790479721e-01
9.825000000000e+02 5.164415617233e-01
9.830000000000e+02 5.341915510927e-01
9.835000000000e+02 5.517006542737e-01
9.840000000000e+02 5.696444806838e-01
9.845000000000e+02 5.884067479951e-01
9.850000000000e+02 6.080110582240e-01
9.855000000000e+02 6.280864597233e-01
9.860000000000e+02 6.478702488871e-01
9.865000000000e+02 6.662484860145e-01
9.870000000000e+02 6.818316619570e-01
9.875000000000e+02 6.930600890697e-01
9.880000000000e+02 6.983311224565e-01
9.885000000000e+02 6.961384373898e-01
9.890000000000e+02 6.852124443873e-01
9.895000000000e+02 6.646506080625e-01
9.900000000000e+02 6.340269807189e-01
9.905000000000e+02 5.934716330652e-01
9.910000000000e+02 5.437127661692e-01
9.915000000000e+02 4.860769689683e-01
9.920000000000e+02 4.224461478338e-01
9.925000000000e+02 3.551728723653e-01
9.930000000000e+02 2.869590149544e-01
9.935000000000e+02 2.207053754623e-01
9.940000000000e+02 1.593422635332e-01
9.945000000000e+02 1.056525846787e-01
9.950000000000e+02 6.209971878167e-02
9.955000000000e+02 3.067232841808e-02
9.960000000000e+02 1.275719256351e-02
9.965000000000e+02 9.049298005104e-03
9.970000000000e+02 1.950586648853e-02
9.975000000000e+02 4.334793252592e-02
9.980000000000e+02 7.910973578835e-02
9.985000000000e+02 1.247327965324e-01
9.990000000000e+02 1.776983506608e-01
9.995000000000e+02 2.351890673017e-01
1.000000000000e+03 2.942688597128e-01
1.000500000000e+03 3.520682873503e-01
1.001000000000e+03 4.059626326037e-01
1.001500000000e+03 4.537302541723e-01
1.002000000000e+03 4.936802361475e-01
1.002500000000e+03 5.247405676151e-01
1.003000000000e+03 5.465009429229e-01
1.003500000000e+03 5.592075614443e-01
1.004000000000e+03 5.637107887993e-01
1.004500000000e+03 5.613699653643e-01
1.005000000000e+03 5.539227621742e-01
1.005500000000e+03 5.433290606962e-01
1.006000000000e+03 5.316011817607e-01
1.006500000000e+03 5.206332732801e-01
1.007000000000e+03 5.120427122090e-01
1.007500000000e+03 5.070354780131e-01
1.008000000000e+03 5.063056761869e-01
1.008500000000e+03 5.099768592648e-01
1.009000000000e+03 5.175896927569e-01
1.009500000000e+03 5.281370700869e-01
1.010000000000e+03 5.401442451445e-01
1.010500000000e+03 5.517881820662e-01
1.011000000000e+03 5.610473664135e-01
1.011500000000e+03 5.658709974382e-01
1.012000000000e+03 5.643549595826e-01
1.012500000000e+03 5.549113664289e-01
1.013000000000e+03 5.364188292041e-01
1.013500000000e+03 5.083419016283e-01
1.014000000000e+03 4.708103018887e-01
1.014500000000e+03 4.246513572465e-01
1.015000000000e+03 3.713724528903e-01
1.015500000000e+03 3.130938536128e-01
1.016000000000e+03 2.524358457264e-01
1.016500000000e+03 1.923674584267e-01
1.017000000000e+03 1.360268289022e-01
1.017500000000e+03 8.652537046525e-02
1.018000000000e+03 4.674913592520e-02
1.018500000000e+03 1.917104948588e-02
1.019000000000e+03 5.686988761641e-03
1.019500000000e+03 7.487083319630e-03
1.020000000000e+03 2.497117345524e-02
1.020500000000e+03 5.771431678309e-02
1.021000000000e+03 1.044847602415e-01
1.021500000000e+03 1.633131602746e-01
1.022000000000e+03 2.316082946189e-01
1.022500000000e+03 3.063113180905e-01
1.023000000000e+03 3.840779989223e-01
1.023500000000e+03 4.614765162029e-01
1.024000000000e+03 5.351874318828e-01
1.024500000000e+03 6.021924370363e-01
1.025000000000e+03 6.599394067367e-01
1.025500000000e+03 7.064731076955e-01
1.026000000000e+03 7.405234514083e-01
1.026500000000e+03 7.615462838572e-01
1.027000000000e+03 7.697151231094e-01
1.027500000000e+03 7.658657486196e-01
1.028000000000e+03 7.513988573981e-01
1.028500000000e+03 7.281488939471e-01
1.029000000000e+03 6.982294268438e-01
1.029500000000e+03 6.638669260376e-01
1.030000000000e+03 6.272353908925e-01
1.030500000000e+03 5.903039549120e-01
1.031000000000e+03 5.547083819218e-01
1.031500000000e+03 5.216553682006e-01
1.032000000000e+03 4.918659310370e-01
1.032500000000e+03 4.655610974597e-01
1.033000000000e+03 4.424898389989e-01
1.033500000000e+03 4.219959741410e-01
1.034000000000e+03 4.031178195239e-01
1.034500000000e+03 3.847119312051e-01
1.035000000000e+03 3.655905170892e-01
1.035500000000e+03 3.446611478340e-01
1.036000000000e+03 3.210573122265e-01
1.036500000000e+03 2.942491548067e-01
1.037000000000e+03 2.641253336291e-01
1.037500000000e+03 2.310392197884e-01
1.038000000000e+03 1.958154521961e-01
1.038500000000e+03 1.597159484915e-01
1.039000000000e+03 1.243676218105e-01
1.039500000000e+03 9.165702579457e-02
1.040000000000e+03 6.359972289870e-02
1.040500000000e+03 4.219415083194e-02
1.041000000000e+03 2.927100079552e-02
1.041500000000e+03 2.634952711230e-02
1.042000000000e+03 3.451175155284e-02
1.042500000000e+03 5.430424260675e-02
1.043000000000e+03 8.567513750940e-02
1.043500000000e+03 1.279514849182e-01
1.044000000000e+03 1.798590136789e-01
1.044500000000e+03 2.395833014256e-01
1.045000000000e+03 3.048682607177e-01
1.045500000000e+03 3.731451088830e-01
1.046000000000e+03 4.416827464291e-01
1.046500000000e+03 5.077489049626e-01
1.047000000000e+03 5.687706551705e-01
1.047500000000e+03 6.224829450773e-01
1.048000000000e+03 6.670547611131e-01
1.048500000000e+03 7.011841989757e-01
1.049000000000e+03 7.241560693982e-01
1.049500000000e+03 7.358584690546e-01
1.050000000000e+03 7.367578074634e-01
1.050500000000e+03 7.278348662304e-01
1.051000000000e+03 7.104873451296e-01
1.051500000000e+03 6.864068037768e-01
1.052000000000e+03 6.574397535998e-01
1.052500000000e+03 6.254437538534e-01
1.053000000000e+03 5.921496353838e-01
1.053500000000e+03 5.590403970715e-01
1.054000000000e+03 5.272559368460e-01
1.054500000000e+03 4.975306971778e-01
1.055000000000e+03 4.701686822829e-01
1.055500000000e+03 4.450573403755e-01
1.056000000000e+03 4.217187248148e-01
1.056500000000e+03 3.993933878367e-01
1.057000000000e+03 3.771498462804e-01
1.057500000000e+03 3.540103913655e-01
1.058000000000e+03 3.290826545141e-01
1.058500000000e+03 3.016857959494e-01
1.059000000000e+03 2.714604985854e-01
1.059500000000e+03 2.384531080263e-01
1.060000000000e+03 2.031661778789e-01
1.060500000000e+03 1.665702178666e-01
1.061000000000e+03 1.300744124798e-01
1.061500000000e+03 9.545725852309e-02
1.062000000000e+03 6.476122186667e-02
1.062500000000e+03 4.015839846200e-02
1.063000000000e+03 2.379656193178e-02
1.063500000000e+03 1.763670436608e-02
1.064000000000e+03 2.329409173030e-02
1.064500000000e+03 4.189488327992e-02
1.065000000000e+03 7.395949371909e-02
1.065500000000e+03 1.193221624056e-01
1.066000000000e+03 1.770937535774e-01
1.066500000000e+03 2.456718179116e-01
1.067000000000e+03 3.227986135318e-01
1.067500000000e+03 4.056643552078e-01
1.068000000000e+03 4.910496843413e-01
1.068500000000e+03 5.754984701976e-01
1.069000000000e+03 6.555097784528e-01
1.069500000000e+03 7.277363469114e-01
1.070000000000e+03 7.891763050119e-01
1.070500000000e+03 8.373452135436e-01
1.071000000000e+03 8.704167655495e-01
1.071500000000e+03 8.873225928353e-01
1.072000000000e+03 8.878044175438e-01
1.072500000000e+03 8.724150765879e-01
1.073000000000e+03 8.424684934827e-01
1.073500000000e+03 7.999422226586e-01
1.074000000000e+03 7.473394900354e-01
1.074500000000e+03 6.875204622885e-01
1.075000000000e+03 6.235145926648e-01
1.075500000000e+03 5.583271599913e-01
1.076000000000e+03 4.947534474406e-01
1.076500000000e+03 4.352133743799e-01
1.077000000000e+03 3.816178438249e-01
1.077500000000e+03 3.352757118898e-01
1.078000000000e+03 2.968472949573e-01
1.078500000000e+03 2.663469221210e-01
1.079000000000e+03 2.431934621689e-01
1.079500000000e+03 2.263042658935e-01
1.080000000000e+03 2.142248191731e-01
1.080500000000e+03 2.052838285102e-01
1.081000000000e+03 1.977616453144e-01
1.081500000000e+03 1.900590097760e-01
1.082000000000e+03 1.808531263413e-01
1.082500000000e+03 1.692290676494e-01
1.083000000000e+03 1.547763697316e-01
1.083500000000e+03 1.376432916816e-01
1.084000000000e+03 1.185443768636e-01
1.084500000000e+03 9.872043885052e-02
1.085000000000e+03 7.985364897142e-02
1.085500000000e+03 6.394376409714e-02
1.086000000000e+03 5.315445765179e-02
1.086500000000e+03 4.964099030180e-02
1.087000000000e+03 5.537191334319e-02
1.087500000000e+03 7.195803101753e-02
1.088000000000e+03 1.005014186379e-01
1.088500000000e+03 1.414759323299e-01
1.089000000000e+03 1.946484519489e-01
1.089500000000e+03 2.590472303167e-01
1.090000000000e+03 3.329803871324e-01
1.090500000000e+03 4.141040261085e-01
1.091000000000e+03 4.995359264134e-01
1.091500000000e+03 5.860075188420e-01
1.092000000000e+03 6.700441365410e-01
1.092500000000e+03 7.481615244711e-01
1.093000000000e+03 8.170654437701e-01
1.093500000000e+03 8.738409968301e-01
1.094000000000e+03 9.161190381010e-01
1.094500000000e+03 9.422086674150e-01
1.095000000000e+03 9.511872056274e-01
1.095500000000e+03 9.429420498232e-01
1.096000000000e+03 9.181621783088e-01
1.096500000000e+03 8.782805790024e-01
1.097000000000e+03 8.253722555362e-01
1.097500000000e+03 7.620154806485e-01
1.098000000000e+03 6.911264016914e-01
1.098500000000e+03 6.157787873673e-01
1.099000000000e+03 5.390215231443e-01
1.099500000000e+03 4.637063642682e-01
1.100000000000e+03 3.923374563592e-01
1.100500000000e+03 3.269523166405e-01
1.101000000000e+03 2.690414755435e-01
1.101500000000e+03 2.195109991619e-01
1.102000000000e+03 1.786888723113e-01
1.102500000000e+03 1.463729619372e-01
1.103000000000e+03 1.219152428154e-01
1.103500000000e+03 1.043343751381e-01
1.104000000000e+03 9.244676497453e-02
1.104500000000e+03 8.500505354376e-02
1.105000000000e+03 8.083265069338e-02
1.105500000000e+03 7.894346861338e-02
1.106000000000e+03 7.863737484279e-02
1.106500000000e+03 7.956395902835e-02
1.107000000000e+03 8.174983272736e-02
1.107500000000e+03 8.558765253969e-02
1.108000000000e+03 9.178814568574e-02
1.108500000000e+03 1.012993877279e-01
1.109000000000e+03 1.152002083174e-01
1.109500000000e+03 1.345766833621e-01
1.110000000000e+03 1.603920533796e-01
1.110500000000e+03 1.933609840017e-01
1.111000000000e+03 2.338388128279e-01
1.111500000000e+03 2.817353285174e-01
1.112000000000e+03 3.364607871368e-01
1.112500000000e+03 3.969094274561e-01
1.113000000000e+03 4.614828867002e-01
1.113500000000e+03 5.281528583087e-01
1.114000000000e+03 5.945593057873e-01
1.114500000000e+03 6.581377815918e-01
1.115000000000e+03 7.162671074592e-01
1.115500000000e+03 7.664270274069e-01
1.116000000000e+03 8.063545729898e-01
1.116500000000e+03 8.341878503346e-01
1.117000000000e+03 8.485867747811e-01
1.117500000000e+03 8.488218827267e-01
1.118000000000e+03 8.348246233385e-01
1.118500000000e+03 8.071953064247e-01
1.119000000000e+03 7.671679504133e-01
1.119500000000e+03 7.165344070314e-01
1.120000000000e+03 6.575331026433e-01
1.120500000000e+03 5.927103082735e-01
1.121000000000e+03 5.247638380853e-01
1.121500000000e+03 4.563803299183e-01
1.122000000000e+03 3.900776866079e-01
1.122500000000e+03 3.280638203919e-01
1.123000000000e+03 2.721215764413e-01
1.123500000000e+03 2.235277094579e-01
1.124000000000e+03 1.830111987435e-01
1.124500000000e+03 1.507532058652e-01
1.125000000000e+03 1.264278286277e-01
1.125500000000e+03 1.092797222996e-01
1.126000000000e+03 9.823187628915e-02
1.126500000000e+03 9.201456208445e-02
1.127000000000e+03 8.930487895742e-02
1.127500000000e+03 8.886553952792e-02
1.128000000000e+03 8.967161957312e-02
1.128500000000e+03 9.101494230967e-02
1.129000000000e+03 9.257750868078e-02
1.129500000000e+03 9.446779380056e-02
1.130000000000e+03 9.721662673759e-02
1.130500000000e+03 1.017325397761e-01
1.131000000000e+03 1.092196761410e-01
1.131500000000e+03 1.210643399532e-01
1.132000000000e+03 1.386988311480e-01
1.132500000000e+03 1.634531346178e-01
1.133000000000e+03 1.964061764533e-01
1.133500000000e+03 2.382486276972e-01
1.134000000000e+03 2.891685992236e-01
1.134500000000e+03 3.487700689382e-01
1.135000000000e+03 4.160316180285e-01
1.135500000000e+03 4.893101872727e-01
1.136000000000e+03 5.663913041340e-01
1.136500000000e+03 6.445838138581e-01
1.137000000000e+03 7.208538239519e-01
1.137500000000e+03 7.919895869297e-01
1.138000000000e+03 8.547866237504e-01
1.138500000000e+03 9.062407128632e-01
1.139000000000e+03 9.437355668253e-01
1.139500000000e+03 9.652121565737e-01
1.140000000000e+03 9.693077207613e-01
1.140500000000e+03 9.554544438066e-01
1.141000000000e+03 9.239304673798e-01
1.141500000000e+03 8.758591277716e-01
1.142000000000e+03 8.131558570641e-01
1.142500000000e+03 7.384257962520e-01
1.143000000000e+03 6.548185846020e-01
1.143500000000e+03 5.658497658500e-01
1.144000000000e+03 4.752005734791e-01
1.144500000000e+03 3.865093561341e-01
1.145000000000e+03 3.031684710079e-01
1.145500000000e+03 2.281400657322e-01
1.146000000000e+03 1.638028158944e-01
1.146500000000e+03 1.118394823087e-01
1.147000000000e+03 7.317225725305e-02
1.147500000000e+03 4.794948992595e-02
1.148000000000e+03 3.558376099059e-02
1.148500000000e+03 3.483767441343e-02
1.149000000000e+03 4.395041036780e-02
1.149500000000e+03 6.079527404180e-02
1.150000000000e+03 8.305638243337e-02
1.150500000000e+03 1.084114032026e-01
1.151000000000e+03 1.347069820505e-01
1.151500000000e+03 1.601141845343e-01
1.152000000000e+03 1.832528812016e-01
1.152500000000e+03 2.032764016771e-01
1.153000000000e+03 2.199107968045e-01
1.153500000000e+03 2.334464566157e-01
1.154000000000e+03 2.446833861065e-01
1.154500000000e+03 2.548348808900e-01
1.155000000000e+03 2.653974201395e-01
1.155500000000e+03 2.779970814024e-01
1.156000000000e+03 2.942245009488e-01
1.156500000000e+03 3.154712308685e-01
1.157000000000e+03 3.427802221444e-01
1.157500000000e+03 3.767221028426e-01
1.158000000000e+03 4.173070023036e-01
1.158500000000e+03 4.639390382179e-01
1.159000000000e+03 5.154174280430e-01
1.159500000000e+03 5.699847413096e-01
1.160000000000e+03 6.254193274506e-01
1.160500000000e+03 6.791656893773e-01
1.161000000000e+03 7.284937640872e-01
1.161500000000e+03 7.706759221422e-01
1.162000000000e+03 8.031691632002e-01
1.162500000000e+03 8.237895602699e-01
1.163000000000e+03 8.308665196054e-01
1.163500000000e+03 8.233658361829e-01
1.164000000000e+03 8.009727310478e-01
1.164500000000e+03 7.641288935934e-01
1.165000000000e+03 7.140208106605e-01
1.165500000000e+03 6.525201070700e-01
1.166000000000e+03 5.820799980972e-01
1.166500000000e+03 5.055950189957e-01
1.167000000000e+03 4.262337292423e-01
1.167500000000e+03 3.472559091378e-01
1.168000000000e+03 2.718267461931e-01
1.168500000000e+03 2.028405830206e-01
1.169000000000e+03 1.427659685551e-01
1.169500000000e+03 9.352208799161e-02
1.170000000000e+03 5.639427233435e-02
1.170500000000e+03 3.199338563932e-02
1.171000000000e+03 2.026067416767e-02
1.171500000000e+03 2.051637547620e-02
1.172000000000e+03 3.154726923352e-02
1.172500000000e+03 5.172563326795e-02
1.173000000000e+03 7.914994486613e-02
1.173500000000e+03 1.117962899409e-01
1.174000000000e+03 1.476689061144e-01
1.174500000000e+03 1.849386214662e-01
1.175000000000e+03 2.220591248558e-01
1.175500000000e+03 2.578529200593e-01
1.176000000000e+03 2.915613232876e-01
1.176500000000e+03 3.228557674067e-01
1.177000000000e+03 3.518107532282e-01
1.177500000000e+03 3.788418036332e-01
1.178000000000e+03 4.046145011136e-01
1.178500000000e+03 4.299329175864e-01
1.179000000000e+03 4.556173097416e-01
1.179500000000e+03 4.823817371909e-01
1.180000000000e+03 5.107222075317e-01
1.180500000000e+03 5.408250689124e-01
1.181000000000e+03 5.725037267787e-01
1.181500000000e+03 6.051694847727e-01
1.182000000000e+03 6.378395758664e-01
1.182500000000e+03 6.691824689445e-01
1.183000000000e+03 6.975975372547e-01
1.183500000000e+03 7.213233888456e-01
1.184000000000e+03 7.385667998495e-01
1.184500000000e+03 7.476424415820e-01
1.185000000000e+03 7.471125883290e-01
1.185500000000e+03 7.359158144713e-01
1.186000000000e+03 7.134743549297e-01
1.186500000000e+03 6.797712656175e-01
1.187000000000e+03 6.353906739346e-01
1.187500000000e+03 5.815170940636e-01
1.188000000000e+03 5.198927978363e-01
1.188500000000e+03 4.527353534567e-01
1.189000000000e+03 3.826204366164e-01
1.189500000000e+03 3.123376555821e-01
1.190000000000e+03 2.447292133681e-01
1.190500000000e+03 1.825225967460e-01
1.191000000000e+03 1.281690270227e-01
1.191500000000e+03 8.369908589033e-02
1.192000000000e+03 5.060576041364e-02
1.192500000000e+03 2.976321721153e-02
1.193000000000e+03 2.138705730861e-02
1.193500000000e+03 2.503880757835e-02
1.194000000000e+03 3.967419304148e-02
1.194500000000e+03 6.373154453465e-02
1.195000000000e+03 9.525376571334e-02
1.195500000000e+03 1.320348309673e-01
1.196000000000e+03 1.717799958126e-01
1.196500000000e+03 2.122679092844e-01
1.197000000000e+03 2.515027004951e-01
1.197500000000e+03 2.878448807624e-01
1.198000000000e+03 3.201115044265e-01
1.198500000000e+03 3.476383494843e-01
1.199000000000e+03 3.702997433364e-01
1.199500000000e+03 3.884848579476e-01
1.200000000000e+03 4.030325952757e-01
1.200500000000e+03 4.151303324655e-01
1.201000000000e+03 4.261845613862e-01
1.201500000000e+03 4.376736304722e-01
1.202000000000e+03 4.509942132718e-01
1.202500000000e+03 4.673136779397e-01
1.203000000000e+03 4.874401690967e-01
1.203500000000e+03 5.117209596651e-01
1.204000000000e+03 5.399775731393e-01
1.204500000000e+03 5.714834641217e-01
1.205000000000e+03 6.049868739135e-01
1.205500000000e+03 6.387780807123e-01
1.206000000000e+03 6.707968907451e-01
1.206500000000e+03 6.987731173776e-01
1.207000000000e+03 7.203902010968e-01
1.207500000000e+03 7.334602295930e-01
1.208000000000e+03 7.360975690144e-01
1.208500000000e+03 7.268781985186e-01
1.209000000000e+03 7.049726666320e-01
1.209500000000e+03 6.702423065309e-01
1.210000000000e+03 6.232908395914e-01
1.210500000000e+03 5.654665865995e-01
1.211000000000e+03 4.988139736373e-01
1.211500000000e+03 4.259766158960e-01
1.212000000000e+03 3.500577281491e-01
1.212500000000e+03 2.744466941640e-01
1.213000000000e+03 2.026231045796e-01
1.213500000000e+03 1.379512622379e-01
1.214000000000e+03 8.347893072166e-02
1.214500000000e+03 4.175390642174e-02
1.215000000000e+03 1.467083753794e-02
1.215500000000e+03 3.358675009114e-03
1.216000000000e+03 8.116364286279e-03
1.216500000000e+03 2.840107021494e-02
1.217000000000e+03 6.286960638485e-02
1.217500000000e+03 1.094700734426e-01
1.218000000000e+03 1.655772597270e-01
1.218500000000e+03 2.281623681990e-01
1.219000000000e+03 2.939853186573e-01
1.219500000000e+03 3.597963974346e-01
1.220000000000e+03 4.225334913707e-01
1.220500000000e+03 4.795015839973e-01
1.221000000000e+03 5.285225742325e-01
1.221500000000e+03 5.680456983535e-01
1.222000000000e+03 5.972117312750e-01
1.222500000000e+03 6.158675017356e-01
1.223000000000e+03 6.245308336457e-01
1.223500000000e+03 6.243095634279e-01
1.224000000000e+03 6.167815255509e-01
1.224500000000e+03 6.038451129449e-01
1.225000000000e+03 5.875520123027e-01
1.225500000000e+03 5.699348464560e-01
1.226000000000e+03 5.528426503760e-01
1.226500000000e+03 5.377963559266e-01
1.227000000000e+03 5.258748242988e-01
1.227500000000e+03 5.176395693892e-01
1.228000000000e+03 5.131033404387e-01
1.228500000000e+03 5.117443996793e-01
1.229000000000e+03 5.125648873232e-01
1.229500000000e+03 5.141883656404e-01
1.230000000000e+03 5.149887181102e-01
1.230500000000e+03 5.132402612827e-01
1.231000000000e+03 5.072773737687e-01
1.231500000000e+03 4.956512693891e-01
1.232000000000e+03 4.772717857634e-01
1.232500000000e+03 4.515232032591e-01
1.233000000000e+03 4.183450639437e-01
1.233500000000e+03 3.782715782865e-01
1.234000000000e+03 3.324262929641e-01
1.234500000000e+03 2.824720166489e-01
1.235000000000e+03 2.305193160865e-01
1.235500000000e+03 1.789999575496e-01
1.236000000000e+03 1.305142541575e-01
1.236500000000e+03 8.766319884358e-02
1.237000000000e+03 5.287737729281e-02
1.237500000000e+03 2.825488613592e-02
1.238000000000e+03 1.541981591360e-02
1.238500000000e+03 1.541134880950e-02
1.239000000000e+03 2.861128302316e-02
1.239500000000e+03 5.471499724756e-02
1.240000000000e+03 9.274771902233e-02
1.240500000000e+03 1.411246936814e-01
1.241000000000e+03 1.977507076315e-01
1.241500000000e+03 2.601516318390e-01
1.242000000000e+03 3.256284221849e-01
1.242500000000e+03 3.914225038151e-01
1.243000000000e+03 4.548807834826e-01
1.243500000000e+03 5.136087219866e-01
1.244000000000e+03 5.656009377974e-01
1.244500000000e+03 6.093406193509e-01
1.245000000000e+03 6.438614568867e-01
1.245500000000e+03 6.687686788124e-01
1.246000000000e+03 6.842188739336e-01
1.246500000000e+03 6.908613657380e-01
1.247000000000e+03 6.897467463667e-01
1.247500000000e+03 6.822105636478e-01
1.248000000000e+03 6.697419074344e-01
1.248500000000e+03 6.538476329139e-01
1.249000000000e+03 6.359231178709e-01
1.249500000000e+03 6.171397706858e-01
1.250000000000e+03 5.983580421978e-01
1.250500000000e+03 5.800725628437e-01
1.251000000000e+03 5.623933924309e-01
1.251500000000e+03 5.450644371251e-01
1.252000000000e+03 5.275170827641e-01
1.252500000000e+03 5.089542468067e-01
1.253000000000e+03 4.884575823295e-01
1.253500000000e+03 4.651086669579e-01
1.254000000000e+03 4.381138248460e-01
1.254500000000e+03 4.069218537977e-01
1.255000000000e+03 3.713243939589e-01
1.255500000000e+03 3.315299468477e-01
1.256000000000e+03 2.882045399282e-01
1.256500000000e+03 2.424745837927e-01
1.257000000000e+03 1.958903941938e-01
1.257500000000e+03 1.503519281400e-01
1.258000000000e+03 1.080012781196e-01
1.258500000000e+03 7.108915208901e-02
1.259000000000e+03 4.182473244160e-02
1.259500000000e+03 2.221978577914e-02
1.260000000000e+03 1.393856886515e-02
1.260500000000e+03 1.816488631052e-02
1.261000000000e+03 3.549660861568e-02
1.261500000000e+03 6.587612574597e-02
1.262000000000e+03 1.085627214649e-01
1.262500000000e+03 1.621498871713e-01
1.263000000000e+03 2.246273677421e-01
1.263500000000e+03 2.934844834545e-01
1.264000000000e+03 3.658482422183e-01
1.264500000000e+03 4.386471711790e-01
1.265000000000e+03 5.087898507292e-01
1.265500000000e+03 5.733459754136e-01
1.266000000000e+03 6.297174859484e-01
1.266500000000e+03 6.757879410883e-01
1.267000000000e+03 7.100397869814e-01
1.267500000000e+03 7.316314307144e-01
1.268000000000e+03 7.404288729312e-01
1.268500000000e+03 7.369898958595e-01
1.269000000000e+03 7.225022018861e-01
1.269500000000e+03 6.986802054770e-01
1.270000000000e+03 6.676281548323e-01
1.270500000000e+03 6.316796798632e-01
1.271000000000e+03 5.932255503805e-01
1.271500000000e+03 5.545422565040e-01
1.272000000000e+03 5.176339286770e-01
1.272500000000e+03 4.840991013583e-01
1.273000000000e+03 4.550319641296e-01
1.273500000000e+03 4.309651707606e-01
1.274000000000e+03 4.118581778215e-01
1.274500000000e+03 3.971316860852e-01
1.275000000000e+03 3.857453094387e-01
1.275500000000e+03 3.763123510305e-01
1.276000000000e+03 3.672427646447e-01
1.276500000000e+03 3.569032287269e-01
1.277000000000e+03 3.437819220166e-01
1.277500000000e+03 3.266451651551e-01
1.278000000000e+03 3.046736170983e-01
1.278500000000e+03 2.775671543417e-01
1.279000000000e+03 2.456098133086e-01
1.279500000000e+03 2.096890803411e-01
1.280000000000e+03 1.712671598116e-01
1.280500000000e+03 1.323053960663e-01
1.281000000000e+03 9.514651099857e-02
1.281500000000e+03 6.236249108586e-02
1.282000000000e+03 3.657858290804e-02
1.282500000000e+03 2.028574062938e-02
1.283000000000e+03 1.565487217580e-02
1.283500000000e+03 2.436627594338e-02
1.284000000000e+03 4.746673929230e-02
1.284500000000e+03 8.526494628293e-02
1.285000000000e+03 1.372732431636e-01
1.285500000000e+03 2.022006204894e-01
1.286000000000e+03 2.779982179044e-01
1.286500000000e+03 3.619549956757e-01
1.287000000000e+03 4.508377082057e-01
1.287500000000e+03 5.410662104037e-01
1.288000000000e+03 6.289126502250e-01
1.288500000000e+03 7.107114270754e-01
1.289000000000e+03 7.830660452277e-01
1.289500000000e+03 8.430392165484e-01
1.290000000000e+03 8.883137499390e-01
1.290500000000e+03 9.173138194009e-01
1.291000000000e+03 9.292789793605e-01
1.291500000000e+03 9.242865942060e-01
1.292000000000e+03 9.032219312208e-01
1.292500000000e+03 8.676987751158e-01
1.293000000000e+03 8.199368000133e-01
1.293500000000e+03 7.626048408507e-01
1.294000000000e+03 6.986414356538e-01
1.294500000000e+03 6.310654080012e-01
1.295000000000e+03 5.627897311784e-01
1.295500000000e+03 4.964514356751e-01
1.296000000000e+03 4.342689326003e-01
1.296500000000e+03 3.779359359484e-01
1.297000000000e+03 3.285583425952e-01
1.297500000000e+03 2.866371817588e-01
1.298000000000e+03 2.520973161703e-01
1.298500000000e+03 2.243582177859e-01
1.299000000000e+03 2.024400971050e-01
1.299500000000e+03 1.850961577035e-01
1.300000000000e+03 1.709599562660e-01
1.300500000000e+03 1.586958989697e-01
1.301000000000e+03 1.471408605952e-01
1.301500000000e+03 1.354257688087e-01
1.302000000000e+03 1.230676819958e-01
1.302500000000e+03 1.100252729232e-01
1.303000000000e+03 9.671352970209e-02
1.303500000000e+03 8.397668006999e-02
1.304000000000e+03 7.302159429008e-02
1.304500000000e+03 6.531698255076e-02
1.305000000000e+03 6.246634647072e-02
1.305500000000e+03 6.606467513007e-02
1.306000000000e+03 7.755014444768e-02
1.306500000000e+03 9.806249265811e-02
1.307000000000e+03 1.283192761135e-01
1.307500000000e+03 1.685198965716e-01
1.308000000000e+03 2.182852342737e-01
1.308500000000e+03 2.766380763650e-01
1.309000000000e+03 3.420264967308e-01
1.309500000000e+03 4.123891487354e-01
1.310000000000e+03 4.852583154430e-01
1.310500000000e+03 5.578937551232e-01
1.311000000000e+03 6.274380916200e-01
1.311500000000e+03 6.910828988587e-01
1.312000000000e+03 7.462338337170e-01
1.312500000000e+03 7.906632388158e-01
1.313000000000e+03 8.226395589833e-01
1.313500000000e+03 8.410246209951e-01
1.314000000000e+03 8.453321861783e-01
1.314500000000e+03 8.357440216003e-01
1.315000000000e+03 8.130828348497e-01
1.315500000000e+03 7.787445477977e-01
1.316000000000e+03 7.345953125617e-01
1.316500000000e+03 6.828411803654e-01
1.317000000000e+03 6.258802354842e-01
1.317500000000e+03 5.661481622877e-01
1.318000000000e+03 5.059685403142e-01
1.318500000000e+03 4.474186394988e-01
1.319000000000e+03 3.922201584456e-01
1.319500000000e+03 3.416623167100e-01
1.320000000000e+03 2.965621341867e-01
1.320500000000e+03 2.572638042445e-01
1.321000000000e+03 2.236760158964e-01
1.321500000000e+03 1.953431365761e-01
1.322000000000e+03 1.715435554564e-01
1.322500000000e+03 1.514064065923e-01
1.323000000000e+03 1.340365002683e-01
1.323500000000e+03 1.186366961278e-01
1.324000000000e+03 1.046171989232e-01
1.324500000000e+03 9.168232910561e-02
1.325000000000e+03 7.988713525132e-02
1.325500000000e+03 6.965863610085e-02
1.326000000000e+03 6.177932280981e-02
1.326500000000e+03 5.733360021969e-02
1.327000000000e+03 5.762086634896e-02
1.327500000000e+03 6.404168973621e-02
1.328000000000e+03 7.796583110320e-02
1.328500000000e+03 1.005924901352e-01
1.329000000000e+03 1.328140093806e-01
1.329500000000e+03 1.750942631486e-01
1.330000000000e+03 2.273720916538e-01
1.330500000000e+03 2.889984664752e-01
1.331000000000e+03 3.587137105923e-01
1.331500000000e+03 4.346682155457e-01
1.332000000000e+03 5.144869103791e-01
1.332500000000e+03 5.953744774199e-01
1.333000000000e+03 6.742552212965e-01
1.333500000000e+03 7.479388117651e-01
1.334000000000e+03 8.133010416564e-01
1.334500000000e+03 8.674674288844e-01
1.335000000000e+03 9.079870507388e-01
1.335500000000e+03 9.329844707218e-01
1.336000000000e+03 9.412789769788e-01
1.336500000000e+03 9.324625054585e-01
1.337000000000e+03 9.069304196325e-01
1.337500000000e+03 8.658625630134e-01
1.338000000000e+03 8.111554578486e-01
1.338500000000e+03 7.453099434444e-01
1.339000000000e+03 6.712816819967e-01
1.339500000000e+03 5.923045796585e-01
1.340000000000e+03 5.116990833664e-01
1.340500000000e+03 4.326783779958e-01
1.341000000000e+03 3.581656432953e-01
1.341500000000e+03 2.906347229028e-01
1.342000000000e+03 2.319848642459e-01
1.342500000000e+03 1.834577288608e-01
1.343000000000e+03 1.456018242535e-01
1.343500000000e+03 1.182860910651e-01
1.344000000000e+03 1.007608404973e-01
1.344500000000e+03 9.176083369837e-02
1.345000000000e+03 8.964227470794e-02
1.345500000000e+03 9.254307172722e-02
1.346000000000e+03 9.855408449976e-02
1.346500000000e+03 1.058883382533e-01
1.347000000000e+03 1.130354014996e-01
1.347500000000e+03 1.188892807640e-01
1.348000000000e+03 1.228401963524e-01
1.348500000000e+03 1.248233232003e-01
1.349000000000e+03 1.253208114111e-01
1.349500000000e+03 1.253169064113e-01
1.350000000000e+03 1.262095124560e-01
1.350500000000e+03 1.296848275510e-01
1.351000000000e+03 1.375644818718e-01
1.351500000000e+03 1.516367293232e-01
1.352000000000e+03 1.734845166982e-01
1.352500000000e+03 2.043235918801e-01
1.353000000000e+03 2.448631848934e-01
1.353500000000e+03 2.952002467586e-01
1.354000000000e+03 3.547558716411e-01
1.354500000000e+03 4.222595273943e-01
1.355000000000e+03 4.957832947468e-01
1.355500000000e+03 5.728247136366e-01
1.356000000000e+03 6.504333170705e-01
1.356500000000e+03 7.253727530879e-01
1.357000000000e+03 7.943077840972e-01
1.357500000000e+03 8.540035991332e-01
1.358000000000e+03 9.015239126378e-01
1.358500000000e+03 9.344143228254e-01
1.359000000000e+03 9.508583636251e-01
1.359500000000e+03 9.497955371992e-01
1.360000000000e+03 9.309932254011e-01
1.360500000000e+03 8.950675600123e-01
1.361000000000e+03 8.434518542593e-01
1.361500000000e+03 7.783148089743e-01
1.362000000000e+03 7.024341472973e-01
1.362500000000e+03 6.190343566673e-01
1.363000000000e+03 5.315996116826e-01
1.363500000000e+03 4.436745482438e-01
1.364000000000e+03 3.586662488952e-01
1.364500000000e+03 2.796605380413e-01
1.365000000000e+03 2.092644997371e-01
1.365500000000e+03 1.494851124855e-01
1.366000000000e+03 1.016511975858e-01
1.366500000000e+03 6.638270069491e-02
1.367000000000e+03 4.360790480629e-02
1.367500000000e+03 3.262575712082e-02
1.368000000000e+03 3.220733049348e-02
1.368500000000e+03 4.072775997057e-02
1.369000000000e+03 5.631798707817e-02
1.369500000000e+03 7.702444888278e-02
1.370000000000e+03 1.009645445014e-01
1.370500000000e+03 1.264663115346e-01
1.371000000000e+03 1.521821948698e-01
1.371500000000e+03 1.771689740259e-01
1.372000000000e+03 2.009286628620e-01
1.372500000000e+03 2.234082965400e-01
1.373000000000e+03 2.449597399865e-01
1.373500000000e+03 2.662637472883e-01
1.374000000000e+03 2.882252410354e-01
1.374500000000e+03 3.118489611038e-01
1.375000000000e+03 3.381060933290e-01
1.375500000000e+03 3.678031243504e-01
1.376000000000e+03 4.014639363818e-01
1.376500000000e+03 4.392350769941e-01
1.377000000000e+03 4.808222998025e-01
1.377500000000e+03 5.254640146942e-01
1.378000000000e+03 5.719443993181e-01
1.378500000000e+03 6.186458270823e-01
1.379000000000e+03 6.636371960968e-01
1.379500000000e+03 7.047919309963e-01
1.380000000000e+03 7.399270881138e-01
1.380500000000e+03 7.669533007999e-01
1.381000000000e+03 7.840243836098e-01
1.381500000000e+03 7.896753407636e-01
1.382000000000e+03 7.829383013424e-01
1.382500000000e+03 7.634274727113e-01
1.383000000000e+03 7.313864468096e-01
1.383500000000e+03 6.876939427672e-01
1.384000000000e+03 6.338271174753e-01
1.384500000000e+03 5.717846945341e-01
1.385000000000e+03 5.039751175145e-01
1.385500000000e+03 4.330775041291e-01
1.386000000000e+03 3.618851710777e-01
1.386500000000e+03 2.931427658036e-01
1.387000000000e+03 2.293884864944e-01
1.387500000000e+03 1.728124624402e-01
1.388000000000e+03 1.251411343930e-01
1.388500000000e+03 8.755551193047e-02
1.389000000000e+03 6.064863965466e-02
1.389500000000e+03 4.442466806054e-02
1.390000000000e+03 3.833881888749e-02
1.390500000000e+03 4.137449262411e-02
1.391000000000e+03 5.215101651601e-02
1.391500000000e+03 6.905328211128e-02
1.392000000000e+03 9.037294162390e-02
1.392500000000e+03 1.144500415097e-01
1.393000000000e+03 1.398040295567e-01
1.393500000000e+03 1.652439744961e-01
1.394000000000e+03 1.899495168556e-01
1.394500000000e+03 2.135163999293e-01
1.395000000000e+03 2.359632343235e-01
1.395500000000e+03 2.576992162358e-01
1.396000000000e+03 2.794556156565e-01
1.396500000000e+03 3.021867402299e-01
1.397000000000e+03 3.269485424848e-01
1.397500000000e+03 3.547648827034e-01
1.398000000000e+03 3.864925428775e-01
1.398500000000e+03 4.226963215454e-01
1.399000000000e+03 4.635449011275e-01
1.399500000000e+03 5.087367103204e-01
1.400000000000e+03 5.574628088619e-01
1.400500000000e+03 6.084110602797e-01
1.401000000000e+03 6.598127336061e-01
1.401500000000e+03 7.095294195599e-01
1.402000000000e+03 7.551750039703e-01
1.402500000000e+03 7.942646482571e-01
1.403000000000e+03 8.243804962935e-01
1.403500000000e+03 8.433423314709e-01
1.404000000000e+03 8.493707664048e-01
1.404500000000e+03 8.412308172805e-01
1.405000000000e+03 8.183448849877e-01
1.405500000000e+03 7.808661590893e-01
1.406000000000e+03 7.297061399457e-01
1.406500000000e+03 6.665131492702e-01
1.407000000000e+03 5.936021423014e-01
1.407500000000e+03 5.138395968997e-01
1.408000000000e+03 4.304904841030e-01
1.408500000000e+03 3.470370845670e-01
1.409000000000e+03 2.669815020156e-01
1.409500000000e+03 1.936449825701e-01
1.410000000000e+03 1.299774812789e-01
1.410500000000e+03 7.839029484925e-02
1.411000000000e+03 4.062304229846e-02
1.411500000000e+03 1.765392938559e-02
1.412000000000e+03 9.659243739397e-03
1.412500000000e+03 1.602460830056e-02
1.413000000000e+03 3.540691559724e-02
1.413500000000e+03 6.584233319688e-02
1.414000000000e+03 1.048925654613e-01
1.414500000000e+03 1.498189093486e-01
1.415000000000e+03 1.977717433453e-01
1.415500000000e+03 2.459820755264e-01
1.416000000000e+03 2.919417222099e-01
1.416500000000e+03 3.335595961076e-01
1.417000000000e+03 3.692833862049e-01
1.417500000000e+03 3.981784795514e-01
1.418000000000e+03 4.199591212520e-01
1.418500000000e+03 4.349703046159e-01
1.419000000000e+03 4.441224749280e-01
1.419500000000e+03 4.487845570685e-01
1.420000000000e+03 4.506438307308e-01
1.420500000000e+03 4.515435591289e-01
1.421000000000e+03 4.533108556657e-01
1.421500000000e+03 4.575879346552e-01
1.422000000000e+03 4.656795901246e-01
1.422500000000e+03 4.784285046278e-01
1.423000000000e+03 4.961278997792e-01
1.423500000000e+03 5.184782556008e-01
1.424000000000e+03 5.445915507541e-01
1.424500000000e+03 5.730429498737e-01
1.425000000000e+03 6.019663450081e-01
1.425500000000e+03 6.291869022981e-01
1.426000000000e+03 6.523810096246e-01
1.426500000000e+03 6.692519663998e-01
1.427000000000e+03 6.777085519595e-01
1.427500000000e+03 6.760333410518e-01
1.428000000000e+03 6.630283222411e-01
1.428500000000e+03 6.381269666514e-01
1.429000000000e+03 6.014642736380e-01
1.429500000000e+03 5.538993129206e-01
1.430000000000e+03 4.969881714114e-01
1.430500000000e+03 4.329087511664e-01
1.431000000000e+03 3.643422960662e-01
1.431500000000e+03 2.943196010460e-01
1.432000000000e+03 2.260423575259e-01
1.432500000000e+03 1.626918333889e-01
1.433000000000e+03 1.072379521811e-01
1.433500000000e+03 6.226176528099e-02
1.434000000000e+03 2.980331206384e-02
1.434500000000e+03 1.124501353205e-02
1.435000000000e+03 7.238182860096e-03
1.435500000000e+03 1.767715146689e-02
1.436000000000e+03 4.172212811900e-02
1.436500000000e+03 7.786847813699e-02
1.437000000000e+03 1.240568789909e-01
1.437500000000e+03 1.778160102842e-01
1.438000000000e+03 2.364272700114e-01
1.438500000000e+03 2.970996270881e-01
1.439000000000e+03 3.571422159814e-01
1.439500000000e+03 4.141226811995e-01
1.440000000000e+03 4.660005489979e-01
1.440500000000e+03 5.112269388784e-01
1.441000000000e+03 5.488045705493e-01
1.441500000000e+03 5.783050714865e-01
1.442000000000e+03 5.998438160884e-01
1.442500000000e+03 6.140156882324e-01
1.443000000000e+03 6.217980201412e-01
1.443500000000e+03 6.244293110560e-01
1.444000000000e+03 6.232739983228e-01
1.444500000000e+03 6.196844219774e-01
1.445000000000e+03 6.148711337004e-01
1.445500000000e+03 6.097918584628e-01
1.446000000000e+03 6.050677930139e-01
1.446500000000e+03 6.009336483770e-01
1.447000000000e+03 5.972250913167e-01
1.447500000000e+03 5.934042247319e-01
1.448000000000e+03 5.886207005899e-01
1.448500000000e+03 5.818032142076e-01
1.449000000000e+03 5.717737022884e-01
1.449500000000e+03 5.573747436655e-01
1.450000000000e+03 5.375995795820e-01
1.450500000000e+03 5.117139114898e-01
1.451000000000e+03 4.793592181306e-01
1.451500000000e+03 4.406287155438e-01
1.452000000000e+03 3.961091584867e-01
1.452500000000e+03 3.468842920380e-01
1.453000000000e+03 2.944987094640e-01
1.453500000000e+03 2.408839329433e-01
1.454000000000e+03 1.882514744945e-01
1.454500000000e+03 1.389602315126e-01
1.455000000000e+03 9.536762604145e-02
1.455500000000e+03 5.967525150337e-02
1.456000000000e+03 3.378033958170e-02
1.456500000000e+03 1.914405848328e-02
1.457000000000e+03 1.668652096712e-02
1.457500000000e+03 2.671649812739e-02
1.458000000000e+03 4.890134138321e-02
1.458500000000e+03 8.227969525996e-02
1.459000000000e+03 1.253164547526e-01
1.459500000000e+03 1.759963170907e-01
1.460000000000e+03 2.319494312208e-01
1.460500000000e+03 2.906002732858e-01
1.461000000000e+03 3.493291522650e-01
1.461500000000e+03 4.056348078034e-01
1.462000000000e+03 4.572864752597e-01
1.462500000000e+03 5.024545702125e-01
1.463000000000e+03 5.398107308046e-01
1.463500000000e+03 5.685902350722e-01
1.464000000000e+03 5.886126135619e-01
1.464500000000e+03 6.002593968554e-01
1.465000000000e+03 6.044111406141e-01
1.465500000000e+03 6.023489178692e-01
1.466000000000e+03 5.956281307038e-01
1.466500000000e+03 5.859345704297e-01
1.467000000000e+03 5.749339889856e-01
1.467500000000e+03 5.641269317933e-01
1.468000000000e+03 5.547201836618e-01
1.468500000000e+03 5.475249206785e-01
1.469000000000e+03 5.428896328172e-01
1.469500000000e+03 5.406732327061e-01
1.470000000000e+03 5.402606911576e-01
1.470500000000e+03 5.406202680283e-01
1.471000000000e+03 5.403981819843e-01
1.471500000000e+03 5.380436269532e-01
1.472000000000e+03 5.319546183308e-01
1.472500000000e+03 5.206334236687e-01
1.473000000000e+03 5.028394350609e-01
1.473500000000e+03 4.777273474996e-01
1.474000000000e+03 4.449594260042e-01
1.474500000000e+03 4.047824138541e-01
1.475000000000e+03 3.580621308178e-01
1.475500000000e+03 3.062718553770e-01
1.476000000000e+03 2.514339583906e-01
1.476500000000e+03 1.960177115823e-01
1.477000000000e+03 1.427994790798e-01
1.477500000000e+03 9.469437135778e-02
1.478000000000e+03 5.457068440332e-02
1.478500000000e+03 2.505989353462e-02
1.479000000000e+03 8.375508992196e-03
1.479500000000e+03 6.153682851860e-03
1.480000000000e+03 1.932710703607e-02
1.480500000000e+03 4.804155122499e-02
1.481000000000e+03 9.162150991359e-02
1.481500000000e+03 1.485880630460e-01
1.482000000000e+03 2.167284440064e-01
1.482500000000e+03 2.932132103829e-01
1.483000000000e+03 3.747535850762e-01
1.483500000000e+03 4.577887174818e-01
1.484000000000e+03 5.386905099118e-01
1.484500000000e+03 6.139724155281e-01
1.485000000000e+03 6.804883309106e-01
1.485500000000e+03 7.356084005254e-01
1.486000000000e+03 7.773601726692e-01
1.486500000000e+03 8.045259811312e-01
1.487000000000e+03 8.166904993772e-01
1.487500000000e+03 8.142359041452e-01
1.488000000000e+03 7.982857426843e-01
1.488500000000e+03 7.706021603504e-01
1.489000000000e+03 7.334443580910e-01
1.489500000000e+03 6.893987832253e-01
1.490000000000e+03 6.411934250944e-01
1.490500000000e+03 5.915095583559e-01
1.491000000000e+03 5.428042851546e-01
1.491500000000e+03 4.971562769502e-01
1.492000000000e+03 4.561452809160e-01
1.492500000000e+03 4.207733718188e-01
1.493000000000e+03 3.914327893449e-01
1.493500000000e+03 3.679217338198e-01
1.494000000000e+03 3.495059539966e-01
1.494500000000e+03 3.350206070428e-01
1.495000000000e+03 3.230039466038e-01
1.495500000000e+03 3.118521111082e-01
1.496000000000e+03 2.999828050224e-01
1.496500000000e+03 2.859950948698e-01
1.497000000000e+03 2.688129170428e-01
1.497500000000e+03 2.478011839348e-01
1.498000000000e+03 2.228454801027e-01
1.498500000000e+03 1.943891031430e-01
1.499000000000e+03 1.634244191233e-01
1.499500000000e+03 1.314389319725e-01
1.500000000000e+03 1.003198573413e-01
1.500500000000e+03 7.222409521756e-02
1.501000000000e+03 4.942308490064e-02
1.501500000000e+03 3.413391242476e-02
1.502000000000e+03 2.834908787738e-02
1.502500000000e+03 3.367754414843e-02
1.503000000000e+03 5.120862253689e-02
1.503500000000e+03 8.140916495962e-02
1.504000000000e+03 1.240614506857e-01
1.504500000000e+03 1.782467745054e-01
1.505000000000e+03 2.423761803114e-01
1.505500000000e+03 3.142664805958e-01
1.506000000000e+03 3.912564561536e-01
1.506500000000e+03 4.703552770574e-01
1.507000000000e+03 5.484129223995e-01
1.507500000000e+03 6.223008644822e-01
1.508000000000e+03 6.890906294318e-01
1.508500000000e+03 7.462180929338e-01
1.509000000000e+03 7.916224931584e-01
1.509500000000e+03 8.238510544276e-01
1.510000000000e+03 8.421226689778e-01
1.510500000000e+03 8.463470877610e-01
1.511000000000e+03 8.370993002120e-01
1.511500000000e+03 8.155519975942e-01
1.512000000000e+03 7.833719778317e-01
1.512500000000e+03 7.425888447979e-01
1.513000000000e+03 6.954462011596e-01
1.513500000000e+03 6.442465999321e-01
1.514000000000e+03 5.912017336475e-01
1.514500000000e+03 5.382986934502e-01
1.515000000000e+03 4.871916797953e-01
1.515500000000e+03 4.391264080134e-01
1.516000000000e+03 3.949017929467e-01
1.516500000000e+03 3.548705226221e-01
1.517000000000e+03 3.189770694334e-01
1.517500000000e+03 2.868287721510e-01
1.518000000000e+03 2.577930744557e-01
1.518500000000e+03 2.311120183330e-01
1.519000000000e+03 2.060238127897e-01
1.519500000000e+03 1.818808251362e-01
1.520000000000e+03 1.582537070582e-01
1.520500000000e+03 1.350125406852e-01
1.521000000000e+03 1.123777791332e-01
1.521500000000e+03 9.093621534612e-02
1.522000000000e+03 7.162005283369e-02
1.522500000000e+03 5.565015340688e-02
1.523000000000e+03 4.444746895825e-02
1.523500000000e+03 3.951930040963e-02
1.524000000000e+03 4.232916286904e-02
1.524500000000e+03 5.416050505821e-02
1.525000000000e+03 7.598521664931e-02
1.525500000000e+03 1.083477018650e-01
1.526000000000e+03 1.512743077296e-01
1.526500000000e+03 2.042161401969e-01
1.527000000000e+03 2.660309088397e-01
1.527500000000e+03 3.350065874156e-01
1.528000000000e+03 4.089265758783e-01
1.528500000000e+03 4.851729314144e-01
1.529000000000e+03 5.608613367372e-01
1.529500000000e+03 6.329990127811e-01
1.530000000000e+03 6.986549482007e-01
1.530500000000e+03 7.551307519618e-01
1.531000000000e+03 8.001202232996e-01
1.531500000000e+03 8.318463976931e-01
1.532000000000e+03 8.491663251738e-01
1.532500000000e+03 8.516360628859e-01
1.533000000000e+03 8.395311571799e-01
1.533500000000e+03 8.138210484251e-01
1.534000000000e+03 7.760991228424e-01
1.534500000000e+03 7.284733175510e-01
1.535000000000e+03 6.734250222890e-01
1.535500000000e+03 6.136463028388e-01
1.536000000000e+03 5.518670263345e-01
1.536500000000e+03 4.906841795949e-01
1.537000000000e+03 4.324054826995e-01
1.537500000000e+03 3.789183219232e-01
1.538000000000e+03 3.315931353425e-01
1.538500000000e+03 2.912278179802e-01
1.539000000000e+03 2.580366587682e-01
1.539500000000e+03 2.316840032737e-01
1.540000000000e+03 2.113594988772e-01
1.540500000000e+03 1.958886700051e-01
1.541000000000e+03 1.838699214549e-01
1.541500000000e+03 1.738270758660e-01
1.542000000000e+03 1.643653674941e-01
1.542500000000e+03 1.543185297027e-01
1.543000000000e+03 1.428752532712e-01
1.543500000000e+03 1.296748135088e-01
1.544000000000e+03 1.148639579598e-01
1.544500000000e+03 9.911004715060e-02
1.545000000000e+03 8.356873684533e-02
1.545500000000e+03 6.980793989158e-02
1.546000000000e+03 5.969315472770e-02
1.546500000000e+03 5.524224786936e-02
1.547000000000e+03 5.846020549702e-02
1.547500000000e+03 7.116604183610e-02
1.548000000000e+03 9.482484106861e-02
1.548500000000e+03 1.303977508577e-01
1.549000000000e+03 1.782216440751e-01
1.549500000000e+03 2.379281948523e-01
1.550000000000e+03 3.084094132189e-01
1.550500000000e+03 3.878334410361e-01
1.551000000000e+03 4.737108623678e-01
1.551500000000e+03 5.630081791258e-01
1.552000000000e+03 6.523017077526e-01
1.552500000000e+03 7.379622109104e-01
1.553000000000e+03 8.163583036788e-01
1.553500000000e+03 8.840652330183e-01
1.554000000000e+03 9.380651289695e-01
1.554500000000e+03 9.759253052100e-01
1.555000000000e+03 9.959426137359e-01
1.555500000000e+03 9.972441336914e-01
1.556000000000e+03 9.798374367470e-01
1.556500000000e+03 9.446071103785e-01
1.557000000000e+03 8.932578910741e-01
1.557500000000e+03 8.282084004894e-01
1.558000000000e+03 7.524428298110e-01
1.558500000000e+03 6.693307431244e-01
1.559000000000e+03 5.824272697587e-01
1.559500000000e+03 4.952671813963e-01
1.560000000000e+03 4.111666185205e-01
1.560500000000e+03 3.330455278716e-01
1.561000000000e+03 2.632822535776e-01
1.561500000000e+03 2.036093107533e-01
1.562000000000e+03 1.550563398680e-01
1.562500000000e+03 1.179428149330e-01
1.563000000000e+03 9.191950792655e-02
1.563500000000e+03 7.605425449812e-02
1.564000000000e+03 6.895447082874e-02
1.564500000000e+03 6.891635991633e-02
1.565000000000e+03 7.408899507742e-02
1.565500000000e+03 8.264060023624e-02
1.566000000000e+03 9.291441667235e-02
1.566500000000e+03 1.035625414955e-01
1.567000000000e+03 1.136479637877e-01
1.567500000000e+03 1.227075682396e-01
1.568000000000e+03 1.307719306192e-01
1.568500000000e+03 1.383410655883e-01
1.569000000000e+03 1.463186568219e-01
1.569500000000e+03 1.559104527111e-01
1.570000000000e+03 1.684952159191e-01
1.570500000000e+03 1.854786739363e-01
1.571000000000e+03 2.081421813342e-01
1.571500000000e+03 2.374981830331e-01
1.572000000000e+03 2.741640377507e-01
1.572500000000e+03 3.182643653961e-01
1.573000000000e+03 3.693699288421e-01
1.573500000000e+03 4.264783122426e-01
1.574000000000e+03 4.880385211571e-01
1.574500000000e+03 5.520183385136e-01
1.575000000000e+03 6.160100696103e-01
1.575500000000e+03 6.773674361010e-01
1.576000000000e+03 7.333640451159e-01
1.576500000000e+03 7.813622365574e-01
1.577000000000e+03 8.189803170418e-01
1.577500000000e+03 8.442462789824e-01
1.578000000000e+03 8.557270682238e-01
1.578500000000e+03 8.526242289493e-01
1.579000000000e+03 8.348291867893e-01
1.579500000000e+03 8.029343477240e-01
1.580000000000e+03 7.581993739593e-01
1.580500000000e+03 7.024752119668e-01
1.581000000000e+03 6.380914546594e-01
1.581500000000e+03 5.677151979621e-01
1.582000000000e+03 4.941915134344e-01
1.582500000000e+03 4.203768614712e-01
1.583000000000e+03 3.489771294288e-01
1.583500000000e+03 2.824014744831e-01
1.584000000000e+03 2.226418254926e-01
1.584500000000e+03 1.711858559456e-01
1.585000000000e+03 1.289686388334e-01
1.585500000000e+03 9.636523264308e-02
1.586000000000e+03 7.322335046063e-02
1.586500000000e+03 5.893226536998e-02
1.587000000000e+03 5.252143064847e-02
1.587500000000e+03 5.278014291187e-02
1.588000000000e+03 5.838811046073e-02
1.588500000000e+03 6.804611529570e-02
1.589000000000e+03 8.059612314282e-02
1.589500000000e+03 9.512118504157e-02
1.590000000000e+03 1.110172079010e-01
1.590500000000e+03 1.280310147418e-01
1.591000000000e+03 1.462618867589e-01
1.591500000000e+03 1.661267649931e-01
1.592000000000e+03 1.882922591235e-01
1.592500000000e+03 2.135793355545e-01
1.593000000000e+03 2.428488258751e-01
1.593500000000e+03 2.768775335129e-01
1.594000000000e+03 3.162355924217e-01
1.594500000000e+03 3.611757758506e-01
1.595000000000e+03 4.115446577161e-01
1.595500000000e+03 4.667239497631e-01
1.596000000000e+03 5.256080902833e-01
1.596500000000e+03 5.866214118609e-01
1.597000000000e+03 6.477751723109e-01
1.597500000000e+03 7.067616244370e-01
1.598000000000e+03 7.610793622746e-01
1.598500000000e+03 8.081816388847e-01
1.599000000000e+03 8.456373998212e-01
1.599500000000e+03 8.712935704194e-01
1.600000000000e+03 8.834267724319e-01
1.600500000000e+03 8.808731621565e-01
1.601000000000e+03 8.631264484575e-01
1.601500000000e+03 8.303962716523e-01
1.602000000000e+03 7.836218527694e-01
1.602500000000e+03 7.244389606162e-01
1.603000000000e+03 6.551015631052e-01
1.603500000000e+03 5.783627859596e-01
1.604000000000e+03 4.973227559147e-01
1.604500000000e+03 4.152533372052e-01
1.605000000000e+03 3.354114971517e-01
1.605500000000e+03 2.608539274223e-01
1.606000000000e+03 1.942655314532e-01
1.606500000000e+03 1.378134611737e-01
1.607000000000e+03 9.303661033010e-02
1.607500000000e+03 6.077797264589e-02
1.608000000000e+03 4.116422988981e-02
1.608500000000e+03 3.363356744915e-02
1.609000000000e+03 3.700926777422e-02
1.609500000000e+03 4.961335647981e-02
1.610000000000e+03 6.941171172449e-02
1.610500000000e+03 9.417980523289e-02
1.611000000000e+03 1.216767885943e-01
1.611500000000e+03 1.498150797129e-01
1.612000000000e+03 1.768129845910e-01
1.612500000000e+03 2.013191833943e-01
1.613000000000e+03 2.225000243102e-01
1.613500000000e+03 2.400833509728e-01
1.614000000000e+03 2.543558366405e-01
1.614500000000e+03 2.661142737522e-01
1.615000000000e+03 2.765747162641e-01
1.615500000000e+03 2.872465410338e-01
1.616000000000e+03 2.997811497777e-01
1.616500000000e+03 3.158069782740e-01
1.617000000000e+03 3.367635692774e-01
1.617500000000e+03 3.637476171459e-01
1.618000000000e+03 3.973830909169e-01
1.618500000000e+03 4.377258436631e-01
1.619000000000e+03 4.842106403421e-01
1.619500000000e+03 5.356454620646e-01
1.620000000000e+03 5.902544940086e-01
1.620500000000e+03 6.457676274531e-01
1.621000000000e+03 6.995508638187e-01
1.621500000000e+03 7.487689513250e-01
1.622000000000e+03 7.905691366619e-01
1.622500000000e+03 8.222732549055e-01
1.623000000000e+03 8.415646339043e-01
1.623500000000e+03 8.466565116414e-01
1.624000000000e+03 8.364298436789e-01
1.624500000000e+03 8.105304303783e-01
1.625000000000e+03 7.694180745965e-01
1.625500000000e+03 7.143637914972e-01
1.626000000000e+03 6.473946962154e-01
1.626500000000e+03 5.711898342890e-01
1.627000000000e+03 4.889336334940e-01
1.627500000000e+03 4.041365998270e-01
1.628000000000e+03 3.204351448116e-01
1.628500000000e+03 2.413838552048e-01
1.629000000000e+03 1.702539996366e-01
1.629500000000e+03 1.098515776341e-01
1.630000000000e+03 6.236679308995e-02
1.630500000000e+03 2.926458183713e-02
1.631000000000e+03 1.122290634829e-02
1.631500000000e+03 8.122161714652e-03
1.632000000000e+03 1.908545968119e-02
1.632500000000e+03 4.256602928225e-02
1.633000000000e+03 7.647474630997e-02
1.633500000000e+03 1.183381090210e-01
1.634000000000e+03 1.654750038872e-01
1.634500000000e+03 2.151794891372e-01
1.635000000000e+03 2.648966384344e-01
1.635500000000e+03 3.123792373427e-01
1.636000000000e+03 3.558147480281e-01
1.636500000000e+03 3.939143265368e-01
1.637000000000e+03 4.259586120142e-01
1.637500000000e+03 4.517982881765e-01
1.638000000000e+03 4.718108003124e-01
1.638500000000e+03 4.868178464195e-01
1.639000000000e+03 4.979711117141e-01
1.639500000000e+03 5.066159747484e-01
1.640000000000e+03 5.141444188077e-01
1.640500000000e+03 5.218490290908e-01
1.641000000000e+03 5.307897035692e-01
1.641500000000e+03 5.416835795369e-01
1.642000000000e+03 5.548267694098e-01
1.642500000000e+03 5.700539567953e-01
1.643000000000e+03 5.867389218226e-01
1.643500000000e+03 6.038358696377e-01
1.644000000000e+03 6.199582687728e-01
1.644500000000e+03 6.334890045847e-01
1.645000000000e+03 6.427132338444e-01
1.645500000000e+03 6.459635695998e-01
1.646000000000e+03 6.417662601216e-01
1.646500000000e+03 6.289769218223e-01
1.647000000000e+03 6.068951485956e-01
1.647500000000e+03 5.753488892372e-01
1.648000000000e+03 5.347417405385e-01
1.648500000000e+03 4.860590752352e-01
1.649000000000e+03 4.308320021613e-01
1.649500000000e+03 3.710613091649e-01
1.650000000000e+03 3.091065310827e-01
1.650500000000e+03 2.475478914378e-01
1.651000000000e+03 1.890308931028e-01
1.651500000000e+03 1.361046292218e-01
1.652000000000e+03 9.106535569838e-02
1.652500000000e+03 5.581647685531e-02
1.653000000000e+03 3.175487747345e-02
1.653500000000e+03 1.969158009661e-02
1.654000000000e+03 1.981216420346e-02
1.654500000000e+03 3.167944516388e-02
1.655000000000e+03 5.427779683475e-02
1.655500000000e+03 8.609544593595e-02
1.656000000000e+03 1.252382979276e-01
1.656500000000e+03 1.695665799588e-01
1.657000000000e+03 2.168439760923e-01
1.657500000000e+03 2.648881027679e-01
1.658000000000e+03 3.117111886113e-01
1.658500000000e+03 3.556406789169e-01
1.659000000000e+03 3.954111147632e-01
1.659500000000e+03 4.302209149420e-01
1.660000000000e+03 4.597504417805e-01
1.660500000000e+03 4.841407500585e-01
1.661000000000e+03 5.039354717659e-01
1.661500000000e+03 5.199911461349e-01
1.662000000000e+03 5.333637463889e-01
1.662500000000e+03 5.451809955869e-01
1.663000000000e+03 5.565111624128e-01
1.663500000000e+03 5.682392985864e-01
1.664000000000e+03 5.809612999546e-01
1.664500000000e+03 5.949047849335e-01
1.665000000000e+03 6.098836899392e-01
1.665500000000e+03 6.252908386875e-01
1.666000000000e+03 6.401297499894e-01
1.666500000000e+03 6.530838334621e-01
1.667000000000e+03 6.626181214488e-01
1.667500000000e+03 6.671060280875e-01
1.668000000000e+03 6.649715179602e-01
1.668500000000e+03 6.548356720393e-01
1.669000000000e+03 6.356560700020e-01
1.669500000000e+03 6.068477162311e-01
1.670000000000e+03 5.683754073897e-01
1.670500000000e+03 5.208093928338e-01
1.671000000000e+03 4.653387767824e-01
1.671500000000e+03 4.037401651170e-01
1.672000000000e+03 3.383023467190e-01
1.672500000000e+03 2.717110767988e-01
1.673000000000e+03 2.069010541976e-01
1.673500000000e+03 1.468847293327e-01
1.674000000000e+03 9.456945143436e-02
1.674500000000e+03 5.257551825730e-02
1.675000000000e+03 2.306784319002e-02
1.675500000000e+03 7.613184076445e-03
1.676000000000e+03 7.073233331111e-03
1.676500000000e+03 2.154146273707e-02
1.677000000000e+03 5.032861798558e-02
1.677500000000e+03 9.199838118679e-02
1.678000000000e+03 1.444512068763e-01
1.678500000000e+03 2.050509423493e-01
1.679000000000e+03 2.707858130323e-01
1.679500000000e+03 3.384529092803e-01
1.680000000000e+03 4.048536319444e-01
1.680500000000e+03 4.669867649063e-01
1.681000000000e+03 5.222260037335e-01
1.681500000000e+03 5.684698721192e-01
1.682000000000e+03 6.042539247521e-01
1.682500000000e+03 6.288178265620e-01
1.683000000000e+03 6.421231208292e-01
1.683500000000e+03 6.448210202497e-01
1.684000000000e+03 6.381731214238e-01
1.684500000000e+03 6.239312963241e-01
1.685000000000e+03 6.041859112187e-01
1.685500000000e+03 5.811937542329e-01
1.686000000000e+03 5.571984553646e-01
1.686500000000e+03 5.342566555967e-01
1.687000000000e+03 5.140826905219e-01
1.687500000000e+03 4.979231345938e-01
1.688000000000e+03 4.864703081562e-01
1.688500000000e+03 4.798209444106e-01
1.689000000000e+03 4.774828591706e-01
1.689500000000e+03 4.784289071558e-01
1.690000000000e+03 4.811940042319e-01
1.690500000000e+03 4.840078009087e-01
1.691000000000e+03 4.849529416075e-01
1.691500000000e+03 4.821369300918e-01
1.692000000000e+03 4.738645838062e-01
1.692500000000e+03 4.587979746164e-01
1.693000000000e+03 4.360916271842e-01
1.693500000000e+03 4.054925156536e-01
1.694000000000e+03 3.673969360843e-01
1.694500000000e+03 3.228594518986e-01
1.695000000000e+03 2.735525859293e-01
1.695500000000e+03 2.216795131147e-01
1.696000000000e+03 1.698454326512e-01
1.696500000000e+03 1.208963192273e-01
1.697000000000e+03 7.773615108130e-02
1.697500000000e+03 4.313531474329e-02
1.698000000000e+03 1.954357717745e-02
1.698500000000e+03 8.920746532055e-03
1.699000000000e+03 1.259693354546e-02
1.699500000000e+03 3.117226551990e-02
1.700000000000e+03 6.446314385090e-02
1.700500000000e+03 1.114988748740e-01
1.701000000000e+03 1.705689784108e-01
1.701500000000e+03 2.393179433426e-01
1.702000000000e+03 3.148809090081e-01
1.702500000000e+03 3.940509407293e-01
1.703000000000e+03 4.734664368820e-01
1.703500000000e+03 5.498059031289e-01
1.704000000000e+03 6.199769450860e-01
1.704500000000e+03 6.812868852971e-01
1.705000000000e+03 7.315838568596e-01
1.705500000000e+03 7.693594529219e-01
1.706000000000e+03 7.938068507824e-01
1.706500000000e+03 8.048315704142e-01
1.707000000000e+03 8.030154307086e-01
1.707500000000e+03 7.895375835709e-01
1.708000000000e+03 7.660594950450e-01
1.708500000000e+03 7.345831889130e-01
1.709000000000e+03 6.972937979957e-01
1.709500000000e+03 6.563983622187e-01
1.710000000000e+03 6.139728134363e-01
1.710500000000e+03 5.718282044930e-01
1.711000000000e+03 5.314055488373e-01
1.711500000000e+03 4.937062713681e-01
1.712000000000e+03 4.592624143717e-01
1.712500000000e+03 4.281476129371e-01
1.713000000000e+03 4.000266893484e-01
1.713500000000e+03 3.742387540486e-01
1.714000000000e+03 3.499061632724e-01
1.714500000000e+03 3.260597588475e-01
1.715000000000e+03 3.017696450895e-01
1.715500000000e+03 2.762704250148e-01
1.716000000000e+03 2.490703435116e-01
1.716500000000e+03 2.200351241797e-01
1.717000000000e+03 1.894393336096e-01
1.717500000000e+03 1.579807031811e-01
1.718000000000e+03 1.267557843422e-01
1.718500000000e+03 9.719838320980e-02
1.719000000000e+03 7.098517980232e-02
1.719500000000e+03 4.991556067842e-02
1.720000000000e+03 3.577478131371e-02
1.720500000000e+03 3.019096711612e-02
1.721000000000e+03 3.449705303481e-02
1.721500000000e+03 4.960850543549e-02
1.722000000000e+03 7.592658442280e-02
1.722500000000e+03 1.132750708625e-01
1.723000000000e+03 1.608759372903e-01
1.723500000000e+03 2.173665691533e-01
1.724000000000e+03 2.808580583316e-01
1.724500000000e+03 3.490310266633e-01
1.725000000000e+03 4.192626241232e-01
1.725500000000e+03 4.887759965665e-01
1.726000000000e+03 5.548018092781e-01
1.726500000000e+03 6.147404746967e-01
1.727000000000e+03 6.663136377024e-01
1.727500000000e+03 7.076942285935e-01
1.728000000000e+03 7.376059473175e-01
1.728500000000e+03 7.553852776546e-01
1.729000000000e+03 7.610018806368e-01
1.729500000000e+03 7.550362772051e-01
1.730000000000e+03 7.386168721268e-01
1.730500000000e+03 7.133213590574e-01
1.731000000000e+03 6.810501561533e-01
1.731500000000e+03 6.438815564487e-01
1.732000000000e+03 6.039195838300e-01
1.732500000000e+03 5.631460246300e-01
1.733000000000e+03 5.232877193723e-01
1.733500000000e+03 4.857089766261e-01
1.734000000000e+03 4.513370018124e-01
1.734500000000e+03 4.206256651257e-01
1.735000000000e+03 3.935599568965e-01
1.735500000000e+03 3.697003194684e-01
1.736000000000e+03 3.482629402771e-01
1.736500000000e+03 3.282292763951e-01
1.737000000000e+03 3.084757706450e-01
1.737500000000e+03 2.879130908203e-01
1.738000000000e+03 2.656234035862e-01
1.738500000000e+03 2.409842502010e-01
1.739000000000e+03 2.137685238238e-01
1.739500000000e+03 1.842117937724e-01
1.740000000000e+03 1.530406550009e-01
1.740500000000e+03 1.214587237206e-01
1.741000000000e+03 9.109013526297e-02
1.741500000000e+03 6.388368777241e-02
1.742000000000e+03 4.198386902178e-02
1.742500000000e+03 2.757767035716e-02
1.743000000000e+03 2.272812816349e-02
1.743500000000e+03 2.920678133906e-02
1.744000000000e+03 4.833759228950e-02
1.744500000000e+03 8.086431315382e-02
1.745000000000e+03 1.268518206140e-01
1.745500000000e+03 1.856296900014e-01
1.746000000000e+03 2.557833899340e-01
1.746500000000e+03 3.351951577373e-01
1.747000000000e+03 4.211331017819e-01
1.747500000000e+03 5.103836237720e-01
1.748000000000e+03 5.994191132428e-01
1.748500000000e+03 6.845902681306e-01
1.749000000000e+03 7.623305312784e-01
1.749500000000e+03 8.293591426342e-01
1.750000000000e+03 8.828692676403e-01
1.750500000000e+03 9.206885820701e-01
1.751000000000e+03 9.414015112326e-01
1.751500000000e+03 9.444249106028e-01
1.752000000000e+03 9.300321529427e-01
1.752500000000e+03 8.993241281633e-01
1.753000000000e+03 8.541493140305e-01
1.753500000000e+03 7.969785773424e-01
1.754000000000e+03 7.307434658237e-01
1.754500000000e+03 6.586492287414e-01
1.755000000000e+03 5.839754819894e-01
1.755500000000e+03 5.098781915957e-01
1.756000000000e+03 4.392064351918e-01
1.756500000000e+03 3.743462310500e-01
1.757000000000e+03 3.171016850314e-01
1.757500000000e+03 2.686209461082e-01
1.758000000000e+03 2.293711818246e-01
1.758500000000e+03 1.991632243581e-01
1.759000000000e+03 1.772229537167e-01
1.759500000000e+03 1.623031364941e-01
1.760000000000e+03 1.528265679985e-01
1.760500000000e+03 1.470491789901e-01
1.761000000000e+03 1.432304218813e-01
1.761500000000e+03 1.397978398400e-01
1.762000000000e+03 1.354932722926e-01
1.762500000000e+03 1.294896182126e-01
1.763000000000e+03 1.214693539734e-01
1.763500000000e+03 1.116589164535e-01
1.764000000000e+03 1.008163994053e-01
1.764500000000e+03 9.017352637976e-02
1.765000000000e+03 8.133629888003e-02
1.765500000000e+03 7.615182253821e-02
1.766000000000e+03 7.655136042994e-02
1.766500000000e+03 8.438146589042e-02
1.767000000000e+03 1.012359769044e-01
1.767500000000e+03 1.283016439028e-01
1.768000000000e+03 1.662292151263e-01
1.768500000000e+03 2.150399894821e-01
1.769000000000e+03 2.740753001351e-01
1.769500000000e+03 3.419933000281e-01
1.770000000000e+03 4.168140096434e-01
1.770500000000e+03 4.960101066352e-01
1.771000000000e+03 5.766376399350e-01
1.771500000000e+03 6.554979767138e-01
1.772000000000e+03 7.293200468147e-01
1.772500000000e+03 7.949504966624e-01
1.773000000000e+03 8.495388058022e-01
1.773500000000e+03 8.907047909339e-01
1.774000000000e+03 9.166771934900e-01
1.774500000000e+03 9.263941207806e-01
1.775000000000e+03 9.195588327541e-01
1.775500000000e+03 8.966475352553e-01
1.776000000000e+03 8.588692234754e-01
1.776500000000e+03 8.080809690385e-01
1.777000000000e+03 7.466651176651e-01
1.777500000000e+03 6.773774402830e-01
1.778000000000e+03 6.031771753579e-01
1.778500000000e+03 5.270509820056e-01
1.779000000000e+03 4.518430206893e-01
1.779500000000e+03 3.801026852367e-01
1.780000000000e+03 3.139599865421e-01
1.780500000000e+03 2.550363554662e-01
1.781000000000e+03 2.043958626717e-01
1.781500000000e+03 1.625387573701e-01
1.782000000000e+03 1.294360389227e-01
1.782500000000e+03 1.046007336979e-01
1.783000000000e+03 8.718888063751e-02
1.783500000000e+03 7.612112928568e-02
1.784000000000e+03 7.021447621177e-02
1.784500000000e+03 6.831310723333e-02
1.785000000000e+03 6.940760879839e-02
1.785500000000e+03 7.273293291807e-02
1.786000000000e+03 7.783735456783e-02
1.786500000000e+03 8.461710196428e-02
1.787000000000e+03 9.331417819183e-02
1.787500000000e+03 1.044779076164e-01
1.788000000000e+03 1.188937000050e-01
1.788500000000e+03 1.374852017213e-01
1.789000000000e+03 1.611981913070e-01
1.789500000000e+03 1.908761081392e-01
1.790000000000e+03 2.271378597956e-01
1.790500000000e+03 2.702684773704e-01
1.791000000000e+03 3.201322827622e-01
1.791500000000e+03 3.761165655122e-01
1.792000000000e+03 4.371114646198e-01
1.792500000000e+03 5.015289870501e-01
1.793000000000e+03 5.673610788410e-01
1.793500000000e+03 6.322736260409e-01
1.794000000000e+03 6.937304327274e-01
1.794500000000e+03 7.491388186139e-01
1.795000000000e+03 7.960066843831e-01
1.795500000000e+03 8.320998486036e-01
1.796000000000e+03 8.555882495460e-01
1.796500000000e+03 8.651702496285e-01
1.797000000000e+03 8.601657364768e-01
1.797500000000e+03 8.405708784117e-01
1.798000000000e+03 8.070701057022e-01
1.798500000000e+03 7.610039523687e-01
1.799000000000e+03 7.042945798290e-01
1.799500000000e+03 6.393338762456e-01
1.800000000000e+03 5.688417545228e-01
1.800500000000e+03 4.957044527608e-01
1.801000000000e+03 4.228041089116e-01
1.801500000000e+03 3.528515242921e-01
1.802000000000e+03 2.882337974459e-01
1.802500000000e+03 2.308874147662e-01
1.803000000000e+03 1.822055056274e-01
1.803500000000e+03 1.429854447411e-01
1.804000000000e+03 1.134199986575e-01
1.804500000000e+03 9.313198770404e-02
1.805000000000e+03 8.124920849746e-02
1.805500000000e+03 7.651337595457e-02
1.806000000000e+03 7.741432076160e-02
1.806500000000e+03 8.233880833242e-02
1.807000000000e+03 8.972227014929e-02
1.807500000000e+03 9.819154122866e-02
1.808000000000e+03 1.066873963761e-01
1.808500000000e+03 1.145572243204e-01
1.809000000000e+03 1.216104608472e-01
1.809500000000e+03 1.281322524837e-01
1.810000000000e+03 1.348540308253e-01
1.810500000000e+03 1.428830062220e-01
1.811000000000e+03 1.535957901025e-01
1.811500000000e+03 1.685041876997e-01
1.812000000000e+03 1.891034533790e-01
1.812500000000e+03 2.167147970773e-01
1.813000000000e+03 2.523345554410e-01
1.813500000000e+03 2.965021416628e-01
1.814000000000e+03 3.491976785421e-01
1.814500000000e+03 4.097781818334e-01
1.815000000000e+03 4.769584391539e-01
1.815500000000e+03 5.488395184123e-01
1.816000000000e+03 6.229843710531e-01
1.816500000000e+03 6.965365218000e-01
1.817000000000e+03 7.663746124425e-01
1.817500000000e+03 8.292928301510e-01
1.818000000000e+03 8.821952043178e-01
1.818500000000e+03 9.222905541966e-01
1.819000000000e+03 9.472746062037e-01
1.819500000000e+03 9.554865003923e-01
1.820000000000e+03 9.460285261952e-01
1.820500000000e+03 9.188403569984e-01
1.821000000000e+03 8.747221213447e-01
1.821500000000e+03 8.153041386296e-01
1.822000000000e+03 7.429648108237e-01
1.822500000000e+03 6.607017376610e-01
1.823000000000e+03 5.719643549961e-01
1.823500000000e+03 4.804590532394e-01
1.824000000000e+03 3.899396243489e-01
1.824500000000e+03 3.039968762642e-01
1.825000000000e+03 2.258612721114e-01
1.825500000000e+03 1.582314970608e-01
1.826000000000e+03 1.031399975502e-01
1.826500000000e+03 6.186390975408e-02
1.827000000000e+03 3.488658603646e-02
1.827500000000e+03 2.191137049579e-02
1.828000000000e+03 2.192562310700e-02
1.828500000000e+03 3.330950811396e-02
1.829000000000e+03 5.398099510192e-02
1.829500000000e+03 8.156608864433e-02
1.830000000000e+03 1.135816760442e-01
1.830500000000e+03 1.476176750195e-01
1.831000000000e+03 1.815054198425e-01
1.831500000000e+03 2.134604209328e-01
1.832000000000e+03 2.421896767417e-01
1.832500000000e+03 2.669564541939e-01
1.833000000000e+03 2.875986816274e-01
1.833500000000e+03 3.045005778423e-01
1.834000000000e+03 3.185206171463e-01
1.834500000000e+03 3.308821491392e-01
1.835000000000e+03 3.430357194037e-01
1.835500000000e+03 3.565041762720e-01
1.836000000000e+03 3.727228536899e-01
1.836500000000e+03 3.928874069508e-01
1.837000000000e+03 4.178212304275e-01
1.837500000000e+03 4.478728567065e-01
1.838000000000e+03 4.828514415513e-01
1.838500000000e+03 5.220055514246e-01
1.839000000000e+03 5.640472051983e-01
1.839500000000e+03 6.072197214102e-01
1.840000000000e+03 6.494046380888e-01
1.840500000000e+03 6.882600454115e-01
1.841000000000e+03 7.213803166012e-01
1.841500000000e+03 7.464656109717e-01
1.842000000000e+03 7.614887709063e-01
1.842500000000e+03 7.648473942292e-01
1.843000000000e+03 7.554899198867e-01
1.843500000000e+03 7.330064372822e-01
1.844000000000e+03 6.976774773568e-01
1.844500000000e+03 6.504770768633e-01
1.845000000000e+03 5.930297015958e-01
1.845500000000e+03 5.275239267102e-01
1.846000000000e+03 4.565888596017e-01
1.846500000000e+03 3.831419277147e-01
1.847000000000e+03 3.102186490286e-01
1.847500000000e+03 2.407962139855e-01
1.848000000000e+03 1.776230500664e-01
1.848500000000e+03 1.230659944604e-01
1.849000000000e+03 7.898531240261e-02
1.849500000000e+03 4.664567696005e-02
1.850000000000e+03 2.666853215752e-02
1.850500000000e+03 1.902819873868e-02
1.851000000000e+03 2.309088003209e-02
1.851500000000e+03 3.769262287497e-02
1.852000000000e+03 6.124951499014e-02
1.852500000000e+03 9.189115944402e-02
1.853000000000e+03 1.276069216449e-01
1.853500000000e+03 1.663937046411e-01
1.854000000000e+03 2.063941231446e-01
1.854500000000e+03 2.460149002889e-01
1.855000000000e+03 2.840170251731e-01
1.855500000000e+03 3.195715484766e-01
1.856000000000e+03 3.522776760303e-01
1.856500000000e+03 3.821428317210e-01
1.857000000000e+03 4.095273705161e-01
1.857500000000e+03 4.350593997220e-01
1.858000000000e+03 4.595275001867e-01
1.858500000000e+03 4.837608514977e-01
1.859000000000e+03 5.085072265434e-01
1.859500000000e+03 5.343194584405e-01
1.860000000000e+03 5.614602871494e-01
1.860500000000e+03 5.898340176978e-01
1.861000000000e+03 6.189512800760e-01
1.861500000000e+03 6.479305365044e-01
1.862000000000e+03 6.755370375525e-01
1.862500000000e+03 7.002569102890e-01
1.863000000000e+03 7.204012013478e-01
1.863500000000e+03 7.342322162195e-01
1.864000000000e+03 7.401025859671e-01
1.864500000000e+03 7.365963039849e-01
1.865000000000e+03 7.226606043601e-01
1.865500000000e+03 6.977180343406e-01
1.866000000000e+03 6.617493764798e-01
1.866500000000e+03 6.153401090752e-01
1.867000000000e+03 5.596857086904e-01
1.867500000000e+03 4.965541033289e-01
1.868000000000e+03 4.282067560690e-01
1.868500000000e+03 3.572829598045e-01
1.869000000000e+03 2.866547208873e-01
1.869500000000e+03 2.192618911332e-01
1.870000000000e+03 1.579387990507e-01
1.870500000000e+03 1.052444081045e-01
1.871000000000e+03 6.330792803552e-02
1.871500000000e+03 3.370082544082e-02
1.872000000000e+03 1.734438811769e-02
1.872500000000e+03 1.445952080052e-02
1.873000000000e+03 2.456246623247e-02
1.873500000000e+03 4.650687191948e-02
1.874000000000e+03 7.856929895988e-02
1.874500000000e+03 1.185721395535e-01
1.875000000000e+03 1.640352056107e-01
1.875500000000e+03 2.123451733726e-01
1.876000000000e+03 2.609307739444e-01
1.876500000000e+03 3.074312057781e-01
1.877000000000e+03 3.498457466664e-01
1.877500000000e+03 3.866539263478e-01
1.878000000000e+03 4.168977880988e-01
1.878500000000e+03 4.402205618917e-01
1.879000000000e+03 4.568592895563e-01
1.879500000000e+03 4.675923481996e-01
1.880000000000e+03 4.736461617566e-01
1.880500000000e+03 4.765684252345e-01
1.881000000000e+03 4.780776671040e-01
1.881500000000e+03 4.799007559727e-01
1.882000000000e+03 4.836108840138e-01
1.882500000000e+03 4.904785599115e-01
1.883000000000e+03 5.013472144053e-01
1.883500000000e+03 5.165432264715e-01
1.884000000000e+03 5.358276461308e-01
1.884500000000e+03 5.583938040076e-01
1.885000000000e+03 5.829115825737e-01
1.885500000000e+03 6.076156291820e-01
1.886000000000e+03 6.304314729926e-01
1.886500000000e+03 6.491306113571e-01
1.887000000000e+03 6.615033708363e-01
1.887500000000e+03 6.655368928670e-01
1.888000000000e+03 6.595850549758e-01
1.888500000000e+03 6.425175597790e-01
1.889000000000e+03 6.138367802442e-01
1.889500000000e+03 5.737531470969e-01
1.890000000000e+03 5.232127474634e-01
1.890500000000e+03 4.638741671242e-01
1.891000000000e+03 3.980352108406e-01
1.891500000000e+03 3.285137167471e-01
1.892000000000e+03 2.584899833116e-01
1.892500000000e+03 1.913211117660e-01
1.893000000000e+03 1.303396313605e-01
1.893500000000e+03 7.864996882766e-02
1.894000000000e+03 3.893655951589e-02
1.894500000000e+03 1.329665699632e-02
1.895000000000e+03 3.109232492621e-03
1.895500000000e+03 8.948883559903e-03
1.896000000000e+03 3.055056968746e-02
1.896500000000e+03 6.682748269374e-02
1.897000000000e+03 1.159406929111e-01
1.897500000000e+03 1.754156501681e-01
1.898000000000e+03 2.422974153662e-01
1.898500000000e+03 3.133338815530e-01
1.899000000000e+03 3.851743974311e-01
1.899500000000e+03 4.545702598357e-01
1.900000000000e+03 5.185635580447e-01
1.900500000000e+03 5.746518255237e-01
1.901000000000e+03 6.209178082618e-01
1.901500000000e+03 6.561162546987e-01
1.902000000000e+03 6.797127784111e-01
1.902500000000e+03 6.918733108842e-01
1.903000000000e+03 6.934061951283e-01
1.903500000000e+03 6.856623158954e-01
1.904000000000e+03 6.704015779240e-01
1.904500000000e+03 6.496363221331e-01
1.905000000000e+03 6.254637506833e-01
1.905500000000e+03 5.999000143313e-01
1.906000000000e+03 5.747282648122e-01
1.906500000000e+03 5.513717249158e-01
1.907000000000e+03 5.308007790303e-01
1.907500000000e+03 5.134803947831e-01
1.908000000000e+03 4.993610558327e-01
1.908500000000e+03 4.879130516125e-01
1.909000000000e+03 4.782006802269e-01
1.909500000000e+03 4.689899192158e-01
1.910000000000e+03 4.588806263309e-01
1.910500000000e+03 4.464525305281e-01
1.911000000000e+03 4.304132918384e-01
1.911500000000e+03 4.097368155957e-01
1.912000000000e+03 3.837808037259e-01
1.912500000000e+03 3.523741489884e-01
1.913000000000e+03 3.158671020805e-01
1.913500000000e+03 2.751399894422e-01
1.914000000000e+03 2.315694165159e-01
1.914500000000e+03 1.869541200561e-01
1.915000000000e+03 1.434056924441e-01
1.915500000000e+03 1.032120629882e-01
1.916000000000e+03 6.868368852647e-02
1.916500000000e+03 4.199372591241e-02
1.917000000000e+03 2.502393602471e-02
1.917500000000e+03 1.922766978560e-02
1.918000000000e+03 2.552004370457e-02
1.918500000000e+03 4.420342085888e-02
1.919000000000e+03 7.493372363235e-02
1.919500000000e+03 1.167301116930e-01
1.920000000000e+03 1.680273867390e-01
1.920500000000e+03 2.267673712899e-01
1.921000000000e+03 2.905226838690e-01
1.921500000000e+03 3.566440067212e-01
1.922000000000e+03 4.224202860301e-01
1.922500000000e+03 4.852404392706e-01
1.923000000000e+03 5.427451310240e-01
1.923500000000e+03 5.929580145760e-01
1.924000000000e+03 6.343874555999e-01
1.924500000000e+03 6.660920313735e-01
1.925000000000e+03 6.877058605180e-01
1.925500000000e+03 6.994228545305e-01
1.926000000000e+03 7.019420637113e-01
1.926500000000e+03 6.963791840022e-01
1.927000000000e+03 6.841517799784e-01
1.927500000000e+03 6.668476760825e-01
1.928000000000e+03 6.460871314854e-01
1.928500000000e+03 6.233897577631e-01
1.929000000000e+03 6.000566390469e-01
1.929500000000e+03 5.770768114832e-01
1.930000000000e+03 5.550652536633e-01
1.930500000000e+03 5.342369863167e-01
1.931000000000e+03 5.144189738694e-01
1.931500000000e+03 4.950984851700e-01
1.932000000000e+03 4.755036386825e-01
1.932500000000e+03 4.547092541502e-01
1.933000000000e+03 4.317590590959e-01
1.933500000000e+03 4.057939158110e-01
1.934000000000e+03 3.761751519346e-01
1.934500000000e+03 3.425923442566e-01
1.935000000000e+03 3.051460056114e-01
1.935500000000e+03 2.643974799596e-01
1.936000000000e+03 2.213808246495e-01
1.936500000000e+03 1.775743674076e-01
1.937000000000e+03 1.348327508844e-01
1.937500000000e+03 9.528338378458e-02
1.938000000000e+03 6.119406889268e-02
1.938500000000e+03 3.482095621463e-02
1.939000000000e+03 1.824768968128e-02
1.939500000000e+03 1.322754192876e-02
1.940000000000e+03 2.104038567433e-02
1.940500000000e+03 4.237551873066e-02
1.941000000000e+03 7.724969538065e-02
1.941500000000e+03 1.249673346897e-01
1.942000000000e+03 1.841269456410e-01
1.942500000000e+03 2.526745410178e-01
1.943000000000e+03 3.280014445349e-01
1.943500000000e+03 4.070806757538e-01
1.944000000000e+03 4.866332625764e-01
1.944500000000e+03 5.633135926159e-01
1.945000000000e+03 6.339014410317e-01
1.945500000000e+03 6.954877168907e-01
1.946000000000e+03 7.456413023891e-01
1.946500000000e+03 7.825456013088e-01
1.947000000000e+03 8.050954799488e-01
1.947500000000e+03 8.129480299992e-01
1.948000000000e+03 8.065238122842e-01
1.948500000000e+03 7.869587209670e-01
1.949000000000e+03 7.560100880765e-01
1.949500000000e+03 7.159238757807e-01
1.950000000000e+03 6.692725437105e-01
1.950500000000e+03 6.187752308229e-01
1.951000000000e+03 5.671131052121e-01
1.951500000000e+03 5.167530211483e-01
1.952000000000e+03 4.697919580814e-01
1.952500000000e+03 4.278331483447e-01
1.953000000000e+03 3.919024417312e-01
1.953500000000e+03 3.624104769052e-01
1.954000000000e+03 3.391628480983e-01
1.954500000000e+03 3.214169170032e-01
1.955000000000e+03 3.079804823272e-01
1.955500000000e+03 2.973444342435e-01
1.956000000000e+03 2.878390139167e-01
1.956500000000e+03 2.778015532354e-01
1.957000000000e+03 2.657427156674e-01
1.957500000000e+03 2.504983593174e-01
1.958000000000e+03 2.313551922172e-01
1.958500000000e+03 2.081403123120e-01
1.959000000000e+03 1.812673817294e-01
1.959500000000e+03 1.517353838374e-01
1.960000000000e+03 1.210794198070e-01
1.960500000000e+03 9.127656340087e-02
1.961000000000e+03 6.461314879749e-02
1.961500000000e+03 4.352277134213e-02
1.962000000000e+03 3.040652263905e-02
1.962500000000e+03 2.744839483151e-02
1.963000000000e+03 3.643926972802e-02
1.963500000000e+03 5.862241977741e-02
1.964000000000e+03 9.457202322388e-02
1.964500000000e+03 1.441139364708e-01
1.965000000000e+03 2.062950346122e-01
1.965500000000e+03 2.794040369089e-01
1.966000000000e+03 3.610431216322e-01
1.966500000000e+03 4.482460639132e-01
1.967000000000e+03 5.376353573394e-01
1.967500000000e+03 6.256080397487e-01
1.968000000000e+03 7.085379316166e-01
1.968500000000e+03 7.829808545425e-01
1.969000000000e+03 8.458692071137e-01
1.969500000000e+03 8.946830466886e-01
1.970000000000e+03 9.275864996640e-01
1.970500000000e+03 9.435207760252e-01
1.971000000000e+03 9.422481169526e-01
1.971500000000e+03 9.243444351108e-01
1.972000000000e+03 8.911419677803e-01
1.972500000000e+03 8.446266969837e-01
1.973000000000e+03 7.872983525578e-01
1.973500000000e+03 7.220032865347e-01
1.974000000000e+03 6.517522171991e-01
1.974500000000e+03 5.795356722062e-01
1.975000000000e+03 5.081498604967e-01
1.975500000000e+03 4.400446888212e-01
1.976000000000e+03 3.772037935231e-01
1.976500000000e+03 3.210639250491e-01
1.977000000000e+03 2.724779938807e-01
1.977500000000e+03 2.317227896247e-01
1.978000000000e+03 1.985490650623e-01
1.978500000000e+03 1.722685791746e-01
1.979000000000e+03 1.518700441939e-01
1.979500000000e+03 1.361539135107e-01
1.980000000000e+03 1.238747225659e-01
1.980500000000e+03 1.138793374918e-01
1.981000000000e+03 1.052299947391e-01
1.981500000000e+03 9.730238182839e-02
1.982000000000e+03 8.985110486948e-02
1.982500000000e+03 8.303754920159e-02
1.983000000000e+03 7.741816057252e-02
1.983500000000e+03 7.389432508160e-02
1.984000000000e+03 7.362806747440e-02
1.984500000000e+03 7.793048948859e-02
1.985000000000e+03 8.813202950501e-02
1.985500000000e+03 1.054450800326e-01
1.986000000000e+03 1.308301424138e-01
1.986500000000e+03 1.648764818643e-01
1.987000000000e+03 2.077071886962e-01
1.987500000000e+03 2.589167346318e-01
1.988000000000e+03 3.175466748789e-01
1.988500000000e+03 3.821022718953e-01
1.989000000000e+03 4.506097229753e-01
1.989500000000e+03 5.207105943861e-01
1.990000000000e+03 5.897872321135e-01
1.990500000000e+03 6.551105465976e-01
1.991000000000e+03 7.139998350097e-01
1.991500000000e+03 7.639833400490e-01
1.992000000000e+03 8.029481217847e-01
1.992500000000e+03 8.292685481070e-01
1.993000000000e+03 8.419042355310e-01
1.993500000000e+03 8.404604811359e-01
1.994000000000e+03 8.252069529638e-01
1.994500000000e+03 7.970534460407e-01
1.995000000000e+03 7.574846367504e-01
1.995500000000e+03 7.084587455984e-01
1.996000000000e+03 6.522776246874e-01
1.996500000000e+03 5.914378266510e-01
1.997000000000e+03 5.284735339577e-01
1.997500000000e+03 4.658027331209e-01
1.998000000000e+03 4.055876703583e-01
1.998500000000e+03 3.496194509064e-01
1.999000000000e+03 2.992347327751e-01
1.999500000000e+03 2.552699622173e-01
2.000000000000e+03 2.180556920333e-01
