# time(fs)  P_C1(t)
0.000000000000e+00 4.535935405559e-32
5.000000000000e-01 5.327254299885e-11
1.000000000000e+00 3.390194544932e-09
1.500000000000e+00 3.825369866197e-08
2.000000000000e+00 2.121123753289e-07
2.500000000000e+00 7.955062155292e-07
3.000000000000e+00 2.326504720292e-06
3.500000000000e+00 5.724145666342e-06
4.000000000000e+00 1.239763749072e-05
4.500000000000e+00 2.433764124485e-05
5.000000000000e+00 4.417665906526e-05
5.500000000000e+00 7.520741382621e-05
6.000000000000e+00 1.213509883245e-04
6.500000000000e+00 1.870701999176e-04
7.000000000000e+00 2.772279488094e-04
7.500000000000e+00 3.968947781395e-04
8.000000000000e+00 5.511142798484e-04
8.500000000000e+00 7.446389303065e-04
9.000000000000e+00 9.816521277822e-04
9.500000000000e+00 1.265494363042e-03
1.000000000000e+01 1.598412387436e-03
1.050000000000e+01 1.981349837686e-03
1.100000000000e+01 2.413796016100e-03
1.150000000000e+01 2.893706489829e-03
1.200000000000e+01 3.417505037524e-03
1.250000000000e+01 3.980171493872e-03
1.300000000000e+01 4.575414545614e-03
1.350000000000e+01 5.195922884756e-03
1.400000000000e+01 5.833682712969e-03
1.450000000000e+01 6.480344795027e-03
1.500000000000e+01 7.127620423675e-03
1.550000000000e+01 7.767683069646e-03
1.600000000000e+01 8.393551355064e-03
1.650000000000e+01 8.999429417442e-03
1.700000000000e+01 9.580982731954e-03
1.750000000000e+01 1.013553093253e-02
1.800000000000e+01 1.066214391802e-02
1.850000000000e+01 1.116163325967e-02
1.900000000000e+01 1.163643728321e-02
1.950000000000e+01 1.209040477775e-02
2.000000000000e+01 1.252848866119e-02
2.050000000000e+01 1.295636669277e-02
2.100000000000e+01 1.338001108867e-02
2.150000000000e+01 1.380523235018e-02
2.200000000000e+01 1.423722452375e-02
2.250000000000e+01 1.468013934352e-02
2.300000000000e+01 1.513671523714e-02
2.350000000000e+01 1.560798408940e-02
2.400000000000e+01 1.609307414821e-02
2.450000000000e+01 1.658912180608e-02
2.500000000000e+01 1.709129855676e-02
2.550000000000e+01 1.759295261665e-02
2.600000000000e+01 1.808585794548e-02
2.650000000000e+01 1.856055712472e-02
2.700000000000e+01 1.900677914543e-02
2.750000000000e+01 1.941390895176e-02
2.800000000000e+01 1.977148283241e-02
2.850000000000e+01 2.006968260351e-02
2.900000000000e+01 2.029980203031e-02
2.950000000000e+01 2.045466103170e-02
3.000000000000e+01 2.052894673732e-02
3.050000000000e+01 2.051946516849e-02
3.100000000000e+01 2.042529286496e-02
3.150000000000e+01 2.024782380504e-02
3.200000000000e+01 1.999071306738e-02
3.250000000000e+01 1.965972446489e-02
3.300000000000e+01 1.926249448074e-02
3.350000000000e+01 1.880822894493e-02
3.400000000000e+01 1.830735177305e-02
3.450000000000e+01 1.777112660400e-02
3.500000000000e+01 1.721127227319e-02
3.550000000000e+01 1.663959179627e-02
3.600000000000e+01 1.606763206126e-02
3.650000000000e+01 1.550638796125e-02
3.700000000000e+01 1.496606053635e-02
3.750000000000e+01 1.445587416256e-02
3.800000000000e+01 1.398395327503e-02
3.850000000000e+01 1.355725488142e-02
3.900000000000e+01 1.318154951218e-02
3.950000000000e+01 1.286144051790e-02
4.000000000000e+01 1.260040993504e-02
4.050000000000e+01 1.240087859099e-02
4.100000000000e+01 1.226426870984e-02
4.150000000000e+01 1.219105892073e-02
4.200000000000e+01 1.218082409313e-02
4.250000000000e+01 1.223225558959e-02
4.300000000000e+01 1.234316104932e-02
4.350000000000e+01 1.251044638344e-02
4.400000000000e+01 1.273008595812e-02
4.450000000000e+01 1.299708967212e-02
4.500000000000e+01 1.330547755161e-02
4.550000000000e+01 1.364827340217e-02
4.600000000000e+01 1.401752886975e-02
4.650000000000e+01 1.440438795111e-02
4.700000000000e+01 1.479919962953e-02
4.750000000000e+01 1.519168305231e-02
4.800000000000e+01 1.557114574172e-02
4.850000000000e+01 1.592675103247e-02
4.900000000000e+01 1.624782658090e-02
4.950000000000e+01 1.652420173592e-02
5.000000000000e+01 1.674655812564e-02
5.050000000000e+01 1.690677528944e-02
5.100000000000e+01 1.699825180397e-02
5.150000000000e+01 1.701618227027e-02
5.200000000000e+01 1.695777181116e-02
5.250000000000e+01 1.682237234321e-02
5.300000000000e+01 1.661152870656e-02
5.350000000000e+01 1.632892754134e-02
5.400000000000e+01 1.598024729820e-02
5.450000000000e+01 1.557291361222e-02
5.500000000000e+01 1.511577007141e-02
5.550000000000e+01 1.461867978313e-02
5.600000000000e+01 1.409207771476e-02
5.650000000000e+01 1.354649723488e-02
5.700000000000e+01 1.299209635366e-02
5.750000000000e+01 1.243820968987e-02
5.800000000000e+01 1.189295110989e-02
5.850000000000e+01 1.136288933201e-02
5.900000000000e+01 1.085281471158e-02
5.950000000000e+01 1.036561016085e-02
6.000000000000e+01 9.902233033905e-03
6.050000000000e+01 9.461808204876e-03
6.100000000000e+01 9.041825904331e-03
6.150000000000e+01 8.638431579546e-03
6.200000000000e+01 8.246789513847e-03
6.250000000000e+01 7.861497534229e-03
6.300000000000e+01 7.477027139478e-03
6.350000000000e+01 7.088161986027e-03
6.400000000000e+01 6.690407964589e-03
6.450000000000e+01 6.280350065918e-03
6.500000000000e+01 5.855934738501e-03
6.550000000000e+01 5.416661254295e-03
6.600000000000e+01 4.963671405705e-03
6.650000000000e+01 4.499733279311e-03
6.700000000000e+01 4.029121472883e-03
6.750000000000e+01 3.557402514956e-03
6.800000000000e+01 3.091140002294e-03
6.850000000000e+01 2.637538726627e-03
6.900000000000e+01 2.204050524177e-03
6.950000000000e+01 1.797966544236e-03
7.000000000000e+01 1.426020991998e-03
7.050000000000e+01 1.094030159201e-03
7.100000000000e+01 8.065878228089e-04
7.150000000000e+01 5.668340735015e-04
7.200000000000e+01 3.763096208571e-04
7.250000000000e+01 2.349019613618e-04
7.300000000000e+01 1.408838763146e-04
7.350000000000e+01 9.103894717278e-05
7.400000000000e+01 8.086351658337e-05
7.450000000000e+01 1.048301220534e-04
7.500000000000e+01 1.566941582238e-04
7.550000000000e+01 2.298235721133e-04
7.600000000000e+01 3.175308576101e-04
7.650000000000e+01 4.133874851673e-04
7.700000000000e+01 5.115030765214e-04
7.750000000000e+01 6.067549199350e-04
7.800000000000e+01 6.949575528129e-04
7.850000000000e+01 7.729667958686e-04
7.900000000000e+01 8.387174566853e-04
7.950000000000e+01 8.911985765328e-04
8.000000000000e+01 9.303742399012e-04
8.050000000000e+01 9.570613134022e-04
8.100000000000e+01 9.727778067426e-04
8.150000000000e+01 9.795767109662e-04
8.200000000000e+01 9.798801154223e-04
8.250000000000e+01 9.763271746987e-04
8.300000000000e+01 9.716472180982e-04
8.350000000000e+01 9.685661729879e-04
8.400000000000e+01 9.697507769891e-04
8.450000000000e+01 9.777910909977e-04
8.500000000000e+01 9.952179214738e-04
8.550000000000e+01 1.024548235074e-03
8.600000000000e+01 1.068348789038e-03
8.650000000000e+01 1.129306241194e-03
8.700000000000e+01 1.210291107586e-03
8.750000000000e+01 1.314403183841e-03
8.800000000000e+01 1.444987428987e-03
8.850000000000e+01 1.605611728793e-03
8.900000000000e+01 1.800001228565e-03
8.950000000000e+01 2.031927802284e-03
9.000000000000e+01 2.305057404679e-03
9.050000000000e+01 2.622762205098e-03
9.100000000000e+01 2.987908192837e-03
9.150000000000e+01 3.402632059446e-03
9.200000000000e+01 3.868123335964e-03
9.250000000000e+01 4.384428788797e-03
9.300000000000e+01 4.950295835318e-03
9.350000000000e+01 5.563070199663e-03
9.400000000000e+01 6.218660256580e-03
9.450000000000e+01 6.911576665346e-03
9.500000000000e+01 7.635051218338e-03
9.550000000000e+01 8.381233628266e-03
9.600000000000e+01 9.141459608922e-03
9.650000000000e+01 9.906578442458e-03
9.700000000000e+01 1.066732364266e-02
9.750000000000e+01 1.141470665804e-02
9.800000000000e+01 1.214041109476e-02
9.850000000000e+01 1.283716388398e-02
9.900000000000e+01 1.349906028604e-02
9.950000000000e+01 1.412182162682e-02
1.000000000000e+02 1.470296810724e-02
1.005000000000e+02 1.524189372286e-02
1.010000000000e+02 1.573983599642e-02
1.015000000000e+02 1.619973951058e-02
1.020000000000e+02 1.662601873292e-02
1.025000000000e+02 1.702423193110e-02
1.030000000000e+02 1.740068367037e-02
1.035000000000e+02 1.776197809120e-02
1.040000000000e+02 1.811454856439e-02
1.045000000000e+02 1.846419118064e-02
1.050000000000e+02 1.881562971453e-02
1.055000000000e+02 1.917213818169e-02
1.060000000000e+02 1.953524396572e-02
1.065000000000e+02 1.990452991629e-02
1.070000000000e+02 2.027754809421e-02
1.075000000000e+02 2.064985132006e-02
1.080000000000e+02 2.101514177860e-02
1.085000000000e+02 2.136552907529e-02
1.090000000000e+02 2.169188376243e-02
1.095000000000e+02 2.198426684736e-02
1.100000000000e+02 2.223241150247e-02
1.105000000000e+02 2.242623037462e-02
1.110000000000e+02 2.255632069984e-02
1.115000000000e+02 2.261443992396e-02
1.120000000000e+02 2.259392665434e-02
1.125000000000e+02 2.249004536303e-02
1.130000000000e+02 2.230023807455e-02
1.135000000000e+02 2.202427197383e-02
1.140000000000e+02 2.166427808196e-02
1.145000000000e+02 2.122468246301e-02
1.150000000000e+02 2.071203743941e-02
1.155000000000e+02 2.013476563139e-02
1.160000000000e+02 1.950283397421e-02
1.165000000000e+02 1.882737795956e-02
1.170000000000e+02 1.812029803539e-02
1.175000000000e+02 1.739385032449e-02
1.180000000000e+02 1.666025262797e-02
1.185000000000e+02 1.593132420480e-02
1.190000000000e+02 1.521817428539e-02
1.195000000000e+02 1.453094997646e-02
1.200000000000e+02 1.387864948039e-02
1.205000000000e+02 1.326900174127e-02
1.210000000000e+02 1.270840909108e-02
1.215000000000e+02 1.220194552261e-02
1.220000000000e+02 1.175340012630e-02
1.225000000000e+02 1.136535319171e-02
1.230000000000e+02 1.103927159966e-02
1.235000000000e+02 1.077561043809e-02
1.240000000000e+02 1.057390919072e-02
1.245000000000e+02 1.043287321647e-02
1.250000000000e+02 1.035043433107e-02
1.255000000000e+02 1.032378784012e-02
1.260000000000e+02 1.034940704204e-02
1.265000000000e+02 1.042303970031e-02
1.270000000000e+02 1.053969397540e-02
1.275000000000e+02 1.069362354565e-02
1.280000000000e+02 1.087832293215e-02
1.285000000000e+02 1.108654425054e-02
1.290000000000e+02 1.131034570376e-02
1.295000000000e+02 1.154118015470e-02
1.300000000000e+02 1.177002921386e-02
1.305000000000e+02 1.198758465730e-02
1.310000000000e+02 1.218447492968e-02
1.315000000000e+02 1.235153030157e-02
1.320000000000e+02 1.248007627203e-02
1.325000000000e+02 1.256224136292e-02
1.330000000000e+02 1.259126283478e-02
1.335000000000e+02 1.256177230314e-02
1.340000000000e+02 1.247004291694e-02
1.345000000000e+02 1.231418075404e-02
1.350000000000e+02 1.209424537909e-02
1.355000000000e+02 1.181228798349e-02
1.360000000000e+02 1.147229998763e-02
1.365000000000e+02 1.108007015415e-02
1.370000000000e+02 1.064295380377e-02
1.375000000000e+02 1.016956327166e-02
1.380000000000e+02 9.669393912794e-03
1.385000000000e+02 9.152404395242e-03
1.390000000000e+02 8.628573390969e-03
1.395000000000e+02 8.107456828238e-03
1.400000000000e+02 7.597770438488e-03
1.405000000000e+02 7.107021339961e-03
1.410000000000e+02 6.641209881796e-03
1.415000000000e+02 6.204619060718e-03
1.420000000000e+02 5.799703748188e-03
1.425000000000e+02 5.427086040946e-03
1.430000000000e+02 5.085656645100e-03
1.435000000000e+02 4.772775732561e-03
1.440000000000e+02 4.484560587409e-03
1.445000000000e+02 4.216241987899e-03
1.450000000000e+02 3.962567001131e-03
1.455000000000e+02 3.718222985050e-03
1.460000000000e+02 3.478256290632e-03
1.465000000000e+02 3.238459526606e-03
1.470000000000e+02 2.995703271603e-03
1.475000000000e+02 2.748191667019e-03
1.480000000000e+02 2.495626170787e-03
1.485000000000e+02 2.239267584908e-03
1.490000000000e+02 1.981892910663e-03
1.495000000000e+02 1.727650218331e-03
1.500000000000e+02 1.481821114630e-03
1.505000000000e+02 1.250506139945e-03
1.510000000000e+02 1.040253161666e-03
1.515000000000e+02 8.576522515033e-04
1.520000000000e+02 7.089224334635e-04
1.525000000000e+02 5.995159567983e-04
1.530000000000e+02 5.337643847610e-04
1.535000000000e+02 5.145879027231e-04
1.540000000000e+02 5.432850449352e-04
1.545000000000e+02 6.194148093505e-04
1.550000000000e+02 7.407772300548e-04
1.555000000000e+02 9.034923021051e-04
1.560000000000e+02 1.102171111621e-03
1.565000000000e+02 1.330167507162e-03
1.570000000000e+02 1.579894007523e-03
1.575000000000e+02 1.843182161956e-03
1.580000000000e+02 2.111665463799e-03
1.585000000000e+02 2.377162274051e-03
1.590000000000e+02 2.632037041784e-03
1.595000000000e+02 2.869520317691e-03
1.600000000000e+02 3.083971456860e-03
1.605000000000e+02 3.271072231282e-03
1.610000000000e+02 3.427944497899e-03
1.615000000000e+02 3.553190236233e-03
1.620000000000e+02 3.646857314854e-03
1.625000000000e+02 3.710338919590e-03
1.630000000000e+02 3.746218372338e-03
1.635000000000e+02 3.758073844474e-03
1.640000000000e+02 3.750259060118e-03
1.645000000000e+02 3.727676418314e-03
1.650000000000e+02 3.695558060631e-03
1.655000000000e+02 3.659268382873e-03
1.660000000000e+02 3.624138529840e-03
1.665000000000e+02 3.595339778991e-03
1.670000000000e+02 3.577798717145e-03
1.675000000000e+02 3.576153071509e-03
1.680000000000e+02 3.594743297197e-03
1.685000000000e+02 3.637631846894e-03
1.690000000000e+02 3.708639703797e-03
1.695000000000e+02 3.811388428704e-03
1.700000000000e+02 3.949335757288e-03
1.705000000000e+02 4.125793696362e-03
1.710000000000e+02 4.343920032034e-03
1.715000000000e+02 4.606677016919e-03
1.720000000000e+02 4.916754516457e-03
1.725000000000e+02 5.276458779324e-03
1.730000000000e+02 5.687571934867e-03
1.735000000000e+02 6.151190984181e-03
1.740000000000e+02 6.667558128834e-03
1.745000000000e+02 7.235896501721e-03
1.750000000000e+02 7.854266516982e-03
1.755000000000e+02 8.519458008578e-03
1.760000000000e+02 9.226932035981e-03
1.765000000000e+02 9.970823751080e-03
1.770000000000e+02 1.074401418460e-02
1.775000000000e+02 1.153827444778e-02
1.780000000000e+02 1.234448094854e-02
1.785000000000e+02 1.315289513123e-02
1.790000000000e+02 1.395349632952e-02
1.795000000000e+02 1.473635193625e-02
1.800000000000e+02 1.549200557515e-02
1.805000000000e+02 1.621186159157e-02
1.810000000000e+02 1.688854316818e-02
1.815000000000e+02 1.751620183849e-02
1.820000000000e+02 1.809075813269e-02
1.825000000000e+02 1.861005646345e-02
1.830000000000e+02 1.907392196059e-02
1.835000000000e+02 1.948411252122e-02
1.840000000000e+02 1.984416551418e-02
1.845000000000e+02 2.015914497358e-02
1.850000000000e+02 2.043530132203e-02
1.855000000000e+02 2.067966127285e-02
1.860000000000e+02 2.089957019518e-02
1.865000000000e+02 2.110221257108e-02
1.870000000000e+02 2.129413799273e-02
1.875000000000e+02 2.148082030165e-02
1.880000000000e+02 2.166627592871e-02
1.885000000000e+02 2.185276433283e-02
1.890000000000e+02 2.204058884124e-02
1.895000000000e+02 2.222801044451e-02
1.900000000000e+02 2.241128054950e-02
1.905000000000e+02 2.258479175060e-02
1.910000000000e+02 2.274133877900e-02
1.915000000000e+02 2.287247536125e-02
1.920000000000e+02 2.296894716400e-02
1.925000000000e+02 2.302117666400e-02
1.930000000000e+02 2.301977292577e-02
1.935000000000e+02 2.295603805999e-02
1.940000000000e+02 2.282244263461e-02
1.945000000000e+02 2.261304446617e-02
1.950000000000e+02 2.232382887517e-02
1.955000000000e+02 2.195295339395e-02
1.960000000000e+02 2.150088573975e-02
1.965000000000e+02 2.097043022529e-02
1.970000000000e+02 2.036664426250e-02
1.975000000000e+02 1.969665280836e-02
1.980000000000e+02 1.896937411978e-02
1.985000000000e+02 1.819517469353e-02
1.990000000000e+02 1.738547450724e-02
1.995000000000e+02 1.655232548039e-02
2.000000000000e+02 1.570798637015e-02
2.005000000000e+02 1.486451614020e-02
2.010000000000e+02 1.403340532465e-02
2.015000000000e+02 1.322526127272e-02
2.020000000000e+02 1.244955869609e-02
2.025000000000e+02 1.171446198704e-02
2.030000000000e+02 1.102672069783e-02
2.035000000000e+02 1.039163472960e-02
2.040000000000e+02 9.813081508157e-03
2.045000000000e+02 9.293594005408e-03
2.050000000000e+02 8.834476112353e-03
2.055000000000e+02 8.435940709977e-03
2.060000000000e+02 8.097255853652e-03
2.065000000000e+02 7.816885728253e-03
2.070000000000e+02 7.592615300070e-03
2.075000000000e+02 7.421650668627e-03
2.080000000000e+02 7.300690729440e-03
2.085000000000e+02 7.225969584587e-03
2.090000000000e+02 7.193272856498e-03
2.095000000000e+02 7.197934359567e-03
2.100000000000e+02 7.234822188096e-03
2.105000000000e+02 7.298324969456e-03
2.110000000000e+02 7.382349663413e-03
2.115000000000e+02 7.480341802751e-03
2.120000000000e+02 7.585337496007e-03
2.125000000000e+02 7.690053967542e-03
2.130000000000e+02 7.787022088789e-03
2.135000000000e+02 7.868760517625e-03
2.140000000000e+02 7.927987015065e-03
2.145000000000e+02 7.957858577088e-03
2.150000000000e+02 7.952228528659e-03
2.155000000000e+02 7.905905974475e-03
2.160000000000e+02 7.814901233781e-03
2.165000000000e+02 7.676640282998e-03
2.170000000000e+02 7.490131884291e-03
2.175000000000e+02 7.256072992431e-03
2.180000000000e+02 6.976881115023e-03
2.185000000000e+02 6.656646371116e-03
2.190000000000e+02 6.301000792686e-03
2.195000000000e+02 5.916907624093e-03
2.200000000000e+02 5.512378640116e-03
2.205000000000e+02 5.096132454202e-03
2.210000000000e+02 4.677211068297e-03
2.215000000000e+02 4.264575206518e-03
2.220000000000e+02 3.866701020555e-03
2.225000000000e+02 3.491201380146e-03
2.230000000000e+02 3.144494086695e-03
2.235000000000e+02 2.831536993429e-03
2.240000000000e+02 2.555646304837e-03
2.245000000000e+02 2.318409479513e-03
2.250000000000e+02 2.119698473919e-03
2.255000000000e+02 1.957782900800e-03
2.260000000000e+02 1.829536434756e-03
2.265000000000e+02 1.730723888485e-03
2.270000000000e+02 1.656351200263e-03
2.275000000000e+02 1.601056465684e-03
2.280000000000e+02 1.559517396458e-03
2.285000000000e+02 1.526849390555e-03
2.290000000000e+02 1.498968843868e-03
2.295000000000e+02 1.472898408846e-03
2.300000000000e+02 1.446994486522e-03
2.305000000000e+02 1.421082101652e-03
2.310000000000e+02 1.396488146754e-03
2.315000000000e+02 1.375970414956e-03
2.320000000000e+02 1.363546458509e-03
2.325000000000e+02 1.364232681469e-03
2.330000000000e+02 1.383709789109e-03
2.335000000000e+02 1.427935404008e-03
2.340000000000e+02 1.502728018251e-03
2.345000000000e+02 1.613348269383e-03
2.350000000000e+02 1.764103693102e-03
2.355000000000e+02 1.958001615572e-03
2.360000000000e+02 2.196471808634e-03
2.365000000000e+02 2.479176149221e-03
2.370000000000e+02 2.803917093456e-03
2.375000000000e+02 3.166650656307e-03
2.380000000000e+02 3.561603181091e-03
2.385000000000e+02 3.981484905719e-03
2.390000000000e+02 4.417787587427e-03
2.395000000000e+02 4.861148596858e-03
2.400000000000e+02 5.301760234163e-03
2.405000000000e+02 5.729800768209e-03
2.410000000000e+02 6.135862972739e-03
2.415000000000e+02 6.511356743719e-03
2.420000000000e+02 6.848864640768e-03
2.425000000000e+02 7.142432717593e-03
2.430000000000e+02 7.387783525460e-03
2.435000000000e+02 7.582443362020e-03
2.440000000000e+02 7.725781329484e-03
2.445000000000e+02 7.818963183180e-03
2.450000000000e+02 7.864827930582e-03
2.455000000000e+02 7.867699358147e-03
2.460000000000e+02 7.833147856533e-03
2.465000000000e+02 7.767719900961e-03
2.470000000000e+02 7.678653229691e-03
2.475000000000e+02 7.573595152993e-03
2.480000000000e+02 7.460339613467e-03
2.485000000000e+02 7.346595787493e-03
2.490000000000e+02 7.239797418193e-03
2.495000000000e+02 7.146958004230e-03
2.500000000000e+02 7.074572765856e-03
2.505000000000e+02 7.028564301602e-03
2.510000000000e+02 7.014265346459e-03
2.515000000000e+02 7.036429310283e-03
2.520000000000e+02 7.099257514347e-03
2.525000000000e+02 7.206431376590e-03
2.530000000000e+02 7.361138255980e-03
2.535000000000e+02 7.566081198802e-03
2.540000000000e+02 7.823465293703e-03
2.545000000000e+02 8.134956523832e-03
2.550000000000e+02 8.501612631189e-03
2.555000000000e+02 8.923789271422e-03
2.560000000000e+02 9.401028314673e-03
2.565000000000e+02 9.931938228750e-03
2.570000000000e+02 1.051407878975e-02
2.575000000000e+02 1.114386368315e-02
2.580000000000e+02 1.181649474134e-02
2.585000000000e+02 1.252594055231e-02
2.590000000000e+02 1.326497000312e-02
2.595000000000e+02 1.402524811374e-02
2.600000000000e+02 1.479749747984e-02
2.605000000000e+02 1.557172405307e-02
2.610000000000e+02 1.633750116992e-02
2.615000000000e+02 1.708430104895e-02
2.620000000000e+02 1.780185876456e-02
2.625000000000e+02 1.848055030391e-02
2.630000000000e+02 1.911176400323e-02
2.635000000000e+02 1.968824365066e-02
2.640000000000e+02 2.020438196070e-02
2.645000000000e+02 2.065644499561e-02
2.650000000000e+02 2.104271135884e-02
2.655000000000e+02 2.136351444136e-02
2.660000000000e+02 2.162118140419e-02
2.665000000000e+02 2.181986859734e-02
2.670000000000e+02 2.196529936589e-02
2.675000000000e+02 2.206441627132e-02
2.680000000000e+02 2.212496525931e-02
2.685000000000e+02 2.215503385952e-02
2.690000000000e+02 2.216256879500e-02
2.695000000000e+02 2.215490016849e-02
2.700000000000e+02 2.213829954024e-02
2.705000000000e+02 2.211759767899e-02
2.710000000000e+02 2.209588462860e-02
2.715000000000e+02 2.207431016655e-02
2.720000000000e+02 2.205199700994e-02
2.725000000000e+02 2.202607260085e-02
2.730000000000e+02 2.199181838072e-02
2.735000000000e+02 2.194292857489e-02
2.740000000000e+02 2.187186408556e-02
2.745000000000e+02 2.177028153675e-02
2.750000000000e+02 2.162951317462e-02
2.755000000000e+02 2.144107046897e-02
2.760000000000e+02 2.119714305864e-02
2.765000000000e+02 2.089106519941e-02
2.770000000000e+02 2.051772406159e-02
2.775000000000e+02 2.007388793182e-02
2.780000000000e+02 1.955843734978e-02
2.785000000000e+02 1.897248812526e-02
2.790000000000e+02 1.831940164887e-02
2.795000000000e+02 1.760468451294e-02
2.800000000000e+02 1.683578577839e-02
2.805000000000e+02 1.602180586477e-02
2.810000000000e+02 1.517313566079e-02
2.815000000000e+02 1.430104778240e-02
2.820000000000e+02 1.341726376614e-02
2.825000000000e+02 1.253352129939e-02
2.830000000000e+02 1.166116438338e-02
2.835000000000e+02 1.081077672760e-02
2.840000000000e+02 9.991874904563e-03
2.845000000000e+02 9.212673144344e-03
2.850000000000e+02 8.479926463307e-03
2.855000000000e+02 7.798853474054e-03
2.860000000000e+02 7.173135086382e-03
2.865000000000e+02 6.604980730043e-03
2.870000000000e+02 6.095250007963e-03
2.875000000000e+02 5.643615052343e-03
2.880000000000e+02 5.248747450471e-03
2.885000000000e+02 4.908513483628e-03
2.890000000000e+02 4.620162537378e-03
2.895000000000e+02 4.380495761243e-03
2.900000000000e+02 4.186005167128e-03
2.905000000000e+02 4.032977084750e-03
2.910000000000e+02 3.917557923020e-03
2.915000000000e+02 3.835784187431e-03
2.920000000000e+02 3.783582351233e-03
2.925000000000e+02 3.756747181985e-03
2.930000000000e+02 3.750909248071e-03
2.935000000000e+02 3.761503407279e-03
2.940000000000e+02 3.783750030066e-03
2.945000000000e+02 3.812659542132e-03
2.950000000000e+02 3.843068681239e-03
2.955000000000e+02 3.869713829984e-03
2.960000000000e+02 3.887343155214e-03
2.965000000000e+02 3.890865350761e-03
2.970000000000e+02 3.875528864942e-03
2.975000000000e+02 3.837121921826e-03
2.980000000000e+02 3.772180717729e-03
2.985000000000e+02 3.678191148395e-03
2.990000000000e+02 3.553768489419e-03
2.995000000000e+02 3.398799723829e-03
3.000000000000e+02 3.214534707521e-03
3.005000000000e+02 3.003615014173e-03
3.010000000000e+02 2.770032945858e-03
3.015000000000e+02 2.519017595481e-03
3.020000000000e+02 2.256849701472e-03
3.025000000000e+02 1.990612002396e-03
3.030000000000e+02 1.727886520620e-03
3.035000000000e+02 1.476414330569e-03
3.040000000000e+02 1.243736583222e-03
3.045000000000e+02 1.036837606955e-03
3.050000000000e+02 8.618116054995e-04
3.055000000000e+02 7.235737376027e-04
3.060000000000e+02 6.256342004866e-04
3.065000000000e+02 5.699504607297e-04
3.070000000000e+02 5.568681864239e-04
3.075000000000e+02 5.851560191173e-04
3.080000000000e+02 6.521334314303e-04
3.085000000000e+02 7.538849340167e-04
3.090000000000e+02 8.855482242579e-04
3.095000000000e+02 1.041658894964e-03
3.100000000000e+02 1.216530389343e-03
3.105000000000e+02 1.404645278241e-03
3.110000000000e+02 1.601032841591e-03
3.115000000000e+02 1.801608453099e-03
3.120000000000e+02 2.003452383710e-03
3.125000000000e+02 2.205009236293e-03
3.130000000000e+02 2.406194082547e-03
3.135000000000e+02 2.608397188430e-03
3.140000000000e+02 2.814385615675e-03
3.145000000000e+02 3.028106561739e-03
3.150000000000e+02 3.254403622453e-03
3.155000000000e+02 3.498662818692e-03
3.160000000000e+02 3.766409850433e-03
3.165000000000e+02 4.062883325828e-03
3.170000000000e+02 4.392610443160e-03
3.175000000000e+02 4.759011665725e-03
3.180000000000e+02 5.164059318918e-03
3.185000000000e+02 5.608011859380e-03
3.190000000000e+02 6.089241025206e-03
3.195000000000e+02 6.604163468693e-03
3.200000000000e+02 7.147282162616e-03
3.205000000000e+02 7.711336264596e-03
3.210000000000e+02 8.287551645279e-03
3.215000000000e+02 8.865978346780e-03
3.220000000000e+02 9.435896210227e-03
3.225000000000e+02 9.986266104246e-03
3.230000000000e+02 1.050620182460e-02
3.235000000000e+02 1.098543694616e-02
3.240000000000e+02 1.141476171340e-02
3.245000000000e+02 1.178640737133e-02
3.250000000000e+02 1.209435898305e-02
3.255000000000e+02 1.233458248603e-02
3.260000000000e+02 1.250515717543e-02
3.265000000000e+02 1.260631059547e-02
3.270000000000e+02 1.264035857958e-02
3.275000000000e+02 1.261155853022e-02
3.280000000000e+02 1.252588862917e-02
3.285000000000e+02 1.239076923820e-02
3.290000000000e+02 1.221474508778e-02
3.295000000000e+02 1.200714784628e-02
3.300000000000e+02 1.177775830076e-02
3.305000000000e+02 1.153648574514e-02
3.310000000000e+02 1.129307943303e-02
3.315000000000e+02 1.105688335543e-02
3.320000000000e+02 1.083664144811e-02
3.325000000000e+02 1.064035595187e-02
3.330000000000e+02 1.047519738111e-02
3.335000000000e+02 1.034746072424e-02
3.340000000000e+02 1.026255938409e-02
3.345000000000e+02 1.022504618811e-02
3.350000000000e+02 1.023864969713e-02
3.355000000000e+02 1.030631407637e-02
3.360000000000e+02 1.043023192507e-02
3.365000000000e+02 1.061186157423e-02
3.370000000000e+02 1.085192325426e-02
3.375000000000e+02 1.115037194918e-02
3.380000000000e+02 1.150634839014e-02
3.385000000000e+02 1.191811318041e-02
3.390000000000e+02 1.238297217547e-02
3.395000000000e+02 1.289720368456e-02
3.400000000000e+02 1.345599958480e-02
3.405000000000e+02 1.405343288928e-02
3.410000000000e+02 1.468246360995e-02
3.415000000000e+02 1.533499292148e-02
3.420000000000e+02 1.600197276793e-02
3.425000000000e+02 1.667357434954e-02
3.430000000000e+02 1.733941464057e-02
3.435000000000e+02 1.798883553404e-02
3.440000000000e+02 1.861122572450e-02
3.445000000000e+02 1.919637137460e-02
3.450000000000e+02 1.973481828955e-02
3.455000000000e+02 2.021822602717e-02
3.460000000000e+02 2.063969331550e-02
3.465000000000e+02 2.099403446575e-02
3.470000000000e+02 2.127798819280e-02
3.475000000000e+02 2.149034332583e-02
3.480000000000e+02 2.163197014916e-02
3.485000000000e+02 2.170575130998e-02
3.490000000000e+02 2.171641204711e-02
3.495000000000e+02 2.167025556193e-02
3.500000000000e+02 2.157481527335e-02
3.505000000000e+02 2.143844107615e-02
3.510000000000e+02 2.126984118833e-02
3.515000000000e+02 2.107760441289e-02
3.520000000000e+02 2.086972941478e-02
3.525000000000e+02 2.065318777693e-02
3.530000000000e+02 2.043354611073e-02
3.535000000000e+02 2.021466942126e-02
3.540000000000e+02 1.999852343852e-02
3.545000000000e+02 1.978508798940e-02
3.550000000000e+02 1.957238704510e-02
3.555000000000e+02 1.935663423502e-02
3.560000000000e+02 1.913248579972e-02
3.565000000000e+02 1.889338659150e-02
3.570000000000e+02 1.863198922490e-02
3.575000000000e+02 1.834062217745e-02
3.580000000000e+02 1.801177981528e-02
3.585000000000e+02 1.763860614312e-02
3.590000000000e+02 1.721534462298e-02
3.595000000000e+02 1.673772862754e-02
3.600000000000e+02 1.620329084206e-02
3.605000000000e+02 1.561157495510e-02
3.610000000000e+02 1.496423895307e-02
3.615000000000e+02 1.426504587013e-02
3.620000000000e+02 1.351974452242e-02
3.625000000000e+02 1.273584915011e-02
3.630000000000e+02 1.192233260079e-02
3.635000000000e+02 1.108925236480e-02
3.640000000000e+02 1.024733213743e-02
3.645000000000e+02 9.407523450793e-03
3.650000000000e+02 8.580572202663e-03
3.655000000000e+02 7.776613634220e-03
3.660000000000e+02 7.004816597331e-03
3.665000000000e+02 6.273094023475e-03
3.670000000000e+02 5.587891655304e-03
3.675000000000e+02 4.954061678818e-03
3.680000000000e+02 4.374822279550e-03
3.685000000000e+02 3.851798724694e-03
3.690000000000e+02 3.385136705950e-03
3.695000000000e+02 2.973674678735e-03
3.700000000000e+02 2.615159046959e-03
3.705000000000e+02 2.306484429219e-03
3.710000000000e+02 2.043940967646e-03
3.715000000000e+02 1.823451673299e-03
3.720000000000e+02 1.640785017238e-03
3.725000000000e+02 1.491731166891e-03
3.730000000000e+02 1.372234159591e-03
3.735000000000e+02 1.278476580705e-03
3.740000000000e+02 1.206917632838e-03
3.745000000000e+02 1.154289509672e-03
3.750000000000e+02 1.117560416509e-03
3.755000000000e+02 1.093875154033e-03
3.760000000000e+02 1.080485716635e-03
3.765000000000e+02 1.074684748826e-03
3.770000000000e+02 1.073753939947e-03
3.775000000000e+02 1.074937595475e-03
3.780000000000e+02 1.075448863707e-03
3.785000000000e+02 1.072512651428e-03
3.790000000000e+02 1.063445416891e-03
3.795000000000e+02 1.045768100164e-03
3.800000000000e+02 1.017344764400e-03
3.805000000000e+02 9.765363845535e-04
3.810000000000e+02 9.223568996835e-04
3.815000000000e+02 8.546173472658e-04
3.820000000000e+02 7.740437520597e-04
3.825000000000e+02 6.823554894256e-04
3.830000000000e+02 5.822930335061e-04
3.835000000000e+02 4.775871956782e-04
3.840000000000e+02 3.728659395884e-04
3.845000000000e+02 2.734993435756e-04
3.850000000000e+02 1.853879424434e-04
3.855000000000e+02 1.147041713095e-04
3.860000000000e+02 6.760061184602e-05
3.865000000000e+02 4.990189331901e-05
3.870000000000e+02 6.679916801412e-05
3.875000000000e+02 1.225668768899e-04
3.880000000000e+02 2.203209483567e-04
3.885000000000e+02 3.618356291371e-04
3.890000000000e+02 5.474329277176e-04
3.895000000000e+02 7.759543474737e-04
3.900000000000e+02 1.044819468852e-03
3.905000000000e+02 1.350170342043e-03
3.910000000000e+02 1.687094948330e-03
3.915000000000e+02 2.049917569754e-03
3.920000000000e+02 2.432539151231e-03
3.925000000000e+02 2.828806986401e-03
3.930000000000e+02 3.232890585792e-03
3.935000000000e+02 3.639639587882e-03
3.940000000000e+02 4.044900147769e-03
3.945000000000e+02 4.445768377077e-03
3.950000000000e+02 4.840762998654e-03
3.955000000000e+02 5.229904207831e-03
3.960000000000e+02 5.614691499749e-03
3.965000000000e+02 5.997979563735e-03
3.970000000000e+02 6.383757853209e-03
3.975000000000e+02 6.776845689676e-03
3.980000000000e+02 7.182520341477e-03
3.985000000000e+02 7.606100062819e-03
3.990000000000e+02 8.052507281519e-03
3.995000000000e+02 8.525838767632e-03
4.000000000000e+02 9.028969582823e-03
4.005000000000e+02 9.563215894625e-03
4.010000000000e+02 1.012807844347e-02
4.015000000000e+02 1.072108377932e-02
4.020000000000e+02 1.133773463456e-02
4.025000000000e+02 1.197157433599e-02
4.030000000000e+02 1.261436339230e-02
4.035000000000e+02 1.325635975388e-02
4.040000000000e+02 1.388668814713e-02
4.045000000000e+02 1.449377871807e-02
4.050000000000e+02 1.506585129585e-02
4.055000000000e+02 1.559141914136e-02
4.060000000000e+02 1.605978521404e-02
4.065000000000e+02 1.646150480069e-02
4.070000000000e+02 1.678879072498e-02
4.075000000000e+02 1.703584111584e-02
4.080000000000e+02 1.719907459007e-02
4.085000000000e+02 1.727726336459e-02
4.090000000000e+02 1.727156087442e-02
4.095000000000e+02 1.718542653724e-02
4.100000000000e+02 1.702445598125e-02
4.105000000000e+02 1.679612998737e-02
4.110000000000e+02 1.650949929116e-02
4.115000000000e+02 1.617482502698e-02
4.120000000000e+02 1.580319584966e-02
4.125000000000e+02 1.540614260828e-02
4.130000000000e+02 1.499526994374e-02
4.135000000000e+02 1.458192149664e-02
4.140000000000e+02 1.417689178541e-02
4.145000000000e+02 1.379019354548e-02
4.150000000000e+02 1.343088474389e-02
4.155000000000e+02 1.310695494903e-02
4.160000000000e+02 1.282526657586e-02
4.165000000000e+02 1.259154303978e-02
4.170000000000e+02 1.241039327453e-02
4.175000000000e+02 1.228536056491e-02
4.180000000000e+02 1.221898328742e-02
4.185000000000e+02 1.221285592885e-02
4.190000000000e+02 1.226768055961e-02
4.195000000000e+02 1.238330159361e-02
4.200000000000e+02 1.255871992181e-02
4.205000000000e+02 1.279208606979e-02
4.210000000000e+02 1.308067558485e-02
4.215000000000e+02 1.342085309218e-02
4.220000000000e+02 1.380803408396e-02
4.225000000000e+02 1.423665528123e-02
4.230000000000e+02 1.470016516213e-02
4.235000000000e+02 1.519104589138e-02
4.240000000000e+02 1.570087640884e-02
4.245000000000e+02 1.622044392795e-02
4.250000000000e+02 1.673990772553e-02
4.255000000000e+02 1.724901511708e-02
4.260000000000e+02 1.773736520161e-02
4.265000000000e+02 1.819471165877e-02
4.270000000000e+02 1.861129192746e-02
4.275000000000e+02 1.897816681237e-02
4.280000000000e+02 1.928755223561e-02
4.285000000000e+02 1.953312369507e-02
4.290000000000e+02 1.971027414942e-02
4.295000000000e+02 1.981630757040e-02
4.300000000000e+02 1.985055323785e-02
4.305000000000e+02 1.981438985642e-02
4.310000000000e+02 1.971117351389e-02
4.315000000000e+02 1.954606907355e-02
4.320000000000e+02 1.932579044029e-02
4.325000000000e+02 1.905826087498e-02
4.330000000000e+02 1.875220976597e-02
4.335000000000e+02 1.841672663614e-02
4.340000000000e+02 1.806079635577e-02
4.345000000000e+02 1.769284130503e-02
4.350000000000e+02 1.732029643451e-02
4.355000000000e+02 1.694924176105e-02
4.360000000000e+02 1.658411386687e-02
4.365000000000e+02 1.622751360726e-02
4.370000000000e+02 1.588012173188e-02
4.375000000000e+02 1.554072782481e-02
4.380000000000e+02 1.520637125924e-02
4.385000000000e+02 1.487258616878e-02
4.390000000000e+02 1.453373618382e-02
4.395000000000e+02 1.418341926786e-02
4.400000000000e+02 1.381491876359e-02
4.405000000000e+02 1.342167399371e-02
4.410000000000e+02 1.299774263398e-02
4.415000000000e+02 1.253822765877e-02
4.420000000000e+02 1.203964391288e-02
4.425000000000e+02 1.150020314054e-02
4.430000000000e+02 1.092000135713e-02
4.435000000000e+02 1.030109845470e-02
4.440000000000e+02 9.647486499753e-03
4.445000000000e+02 8.964949890753e-03
4.450000000000e+02 8.260826964836e-03
4.455000000000e+02 7.543688374015e-03
4.460000000000e+02 6.822952234363e-03
4.465000000000e+02 6.108459404541e-03
4.470000000000e+02 5.410034079761e-03
4.475000000000e+02 4.737055104268e-03
4.480000000000e+02 4.098062027117e-03
4.485000000000e+02 3.500417075494e-03
4.490000000000e+02 2.950040115005e-03
4.495000000000e+02 2.451228605118e-03
4.500000000000e+02 2.006568896014e-03
4.505000000000e+02 1.616939339454e-03
4.510000000000e+02 1.281599995929e-03
4.515000000000e+02 9.983585872561e-04
4.520000000000e+02 7.637980956757e-04
4.525000000000e+02 5.735483065340e-04
4.530000000000e+02 4.225818064472e-04
4.535000000000e+02 3.055145609740e-04
4.540000000000e+02 2.168921847422e-04
4.545000000000e+02 1.514452656678e-04
4.550000000000e+02 1.043004103366e-04
4.555000000000e+02 7.113776642367e-05
4.560000000000e+02 4.829032729502e-05
4.565000000000e+02 3.278498544253e-05
4.570000000000e+02 2.232972689077e-05
4.575000000000e+02 1.525522534884e-05
4.580000000000e+02 1.042212831226e-05
4.585000000000e+02 7.107321095125e-06
4.590000000000e+02 4.883284559785e-06
4.595000000000e+02 3.504294065834e-06
4.600000000000e+02 2.811698586680e-06
4.605000000000e+02 2.668014202356e-06
4.610000000000e+02 2.926284338257e-06
4.615000000000e+02 3.437377071354e-06
4.620000000000e+02 4.093921091870e-06
4.625000000000e+02 4.905752758621e-06
4.630000000000e+02 6.098371431129e-06
4.635000000000e+02 8.223257425363e-06
4.640000000000e+02 1.226721813697e-05
4.645000000000e+02 1.974734089416e-05
4.650000000000e+02 3.277870842763e-05
4.655000000000e+02 5.410374651638e-05
4.660000000000e+02 8.707480651491e-05
4.665000000000e+02 1.355851404291e-04
4.670000000000e+02 2.039475387379e-04
4.675000000000e+02 2.967242595956e-04
4.680000000000e+02 4.185161461783e-04
4.685000000000e+02 5.737226708208e-04
4.690000000000e+02 7.662877496390e-04
4.695000000000e+02 9.994482777705e-04
4.700000000000e+02 1.275503250299e-03
4.705000000000e+02 1.595620948742e-03
4.710000000000e+02 1.959699972614e-03
4.715000000000e+02 2.366296961418e-03
4.720000000000e+02 2.812629857624e-03
4.725000000000e+02 3.294660760523e-03
4.730000000000e+02 3.807257132877e-03
4.735000000000e+02 4.344424708453e-03
4.740000000000e+02 4.899600287728e-03
4.745000000000e+02 5.465988071061e-03
4.750000000000e+02 6.036919598158e-03
4.755000000000e+02 6.606215014399e-03
4.760000000000e+02 7.168522464408e-03
4.765000000000e+02 7.719613021380e-03
4.770000000000e+02 8.256610695118e-03
4.775000000000e+02 8.778140615327e-03
4.780000000000e+02 9.284383254312e-03
4.785000000000e+02 9.777028242938e-03
4.790000000000e+02 1.025912758742e-02
4.795000000000e+02 1.073485450972e-02
4.800000000000e+02 1.120918029251e-02
4.805000000000e+02 1.168748700287e-02
4.810000000000e+02 1.217513842934e-02
4.815000000000e+02 1.267703468950e-02
4.820000000000e+02 1.319717753098e-02
4.825000000000e+02 1.373827323928e-02
4.830000000000e+02 1.430139826955e-02
4.835000000000e+02 1.488574933831e-02
4.840000000000e+02 1.548849494759e-02
4.845000000000e+02 1.610473946341e-02
4.850000000000e+02 1.672760429905e-02
4.855000000000e+02 1.734842387370e-02
4.860000000000e+02 1.795704726283e-02
4.865000000000e+02 1.854223025068e-02
4.870000000000e+02 1.909209722691e-02
4.875000000000e+02 1.959464836191e-02
4.880000000000e+02 2.003828499163e-02
4.885000000000e+02 2.041232528530e-02
4.890000000000e+02 2.070748309313e-02
4.895000000000e+02 2.091628530294e-02
4.900000000000e+02 2.103340689717e-02
4.905000000000e+02 2.105590792755e-02
4.910000000000e+02 2.098336247684e-02
4.915000000000e+02 2.081787596671e-02
4.920000000000e+02 2.056399349260e-02
4.925000000000e+02 2.022850781685e-02
4.930000000000e+02 1.982018086363e-02
4.935000000000e+02 1.934939672076e-02
4.940000000000e+02 1.882776703283e-02
4.945000000000e+02 1.826771112425e-02
4.950000000000e+02 1.768203317947e-02
4.955000000000e+02 1.708351738902e-02
4.960000000000e+02 1.648455929967e-02
4.965000000000e+02 1.589684791777e-02
4.970000000000e+02 1.533110870940e-02
4.975000000000e+02 1.479691285611e-02
4.980000000000e+02 1.430255332029e-02
4.985000000000e+02 1.385498379340e-02
4.990000000000e+02 1.345981275749e-02
4.995000000000e+02 1.312134193980e-02
5.000000000000e+02 1.284263656382e-02
5.005000000000e+02 1.262561409333e-02
5.010000000000e+02 1.247113863286e-02
5.015000000000e+02 1.237910970174e-02
5.020000000000e+02 1.234853657158e-02
5.025000000000e+02 1.237759251055e-02
5.030000000000e+02 1.246364682576e-02
5.035000000000e+02 1.260327622219e-02
5.040000000000e+02 1.279226038643e-02
5.045000000000e+02 1.302556955890e-02
5.050000000000e+02 1.329735392762e-02
5.055000000000e+02 1.360094577161e-02
5.060000000000e+02 1.392888529174e-02
5.065000000000e+02 1.427297996873e-02
5.070000000000e+02 1.462440514670e-02
5.075000000000e+02 1.497385050875e-02
5.080000000000e+02 1.531171341190e-02
5.085000000000e+02 1.562833596606e-02
5.090000000000e+02 1.591427859511e-02
5.095000000000e+02 1.616061894099e-02
5.100000000000e+02 1.635926168411e-02
5.105000000000e+02 1.650324244250e-02
5.110000000000e+02 1.658700760278e-02
5.115000000000e+02 1.660665188086e-02
5.120000000000e+02 1.656009667005e-02
5.125000000000e+02 1.644719477673e-02
5.130000000000e+02 1.626975084030e-02
5.135000000000e+02 1.603145136973e-02
5.140000000000e+02 1.573770361439e-02
5.145000000000e+02 1.539538807865e-02
5.150000000000e+02 1.501253501253e-02
5.155000000000e+02 1.459794028495e-02
5.160000000000e+02 1.416074031317e-02
5.165000000000e+02 1.370996886933e-02
5.170000000000e+02 1.325412037163e-02
5.175000000000e+02 1.280074453751e-02
5.180000000000e+02 1.235609597504e-02
5.185000000000e+02 1.192485946585e-02
5.190000000000e+02 1.150996750152e-02
5.195000000000e+02 1.111252132244e-02
5.200000000000e+02 1.073182059888e-02
5.205000000000e+02 1.036550037237e-02
5.210000000000e+02 1.000976735547e-02
5.215000000000e+02 9.659721590210e-03
5.220000000000e+02 9.309744186195e-03
5.225000000000e+02 8.953927743433e-03
5.230000000000e+02 8.586523385672e-03
5.235000000000e+02 8.202377266153e-03
5.240000000000e+02 7.797330034276e-03
5.245000000000e+02 7.368555033379e-03
5.250000000000e+02 6.914814793102e-03
5.255000000000e+02 6.436620442072e-03
5.260000000000e+02 5.936284673309e-03
5.265000000000e+02 5.417865458987e-03
5.270000000000e+02 4.887004412124e-03
5.275000000000e+02 4.350670100864e-03
5.280000000000e+02 3.816822329212e-03
5.285000000000e+02 3.294018046360e-03
5.290000000000e+02 2.790982848180e-03
5.295000000000e+02 2.316173791601e-03
5.300000000000e+02 1.877359361848e-03
5.305000000000e+02 1.481240928605e-03
5.310000000000e+02 1.133137021193e-03
5.315000000000e+02 8.367474635711e-04
5.320000000000e+02 5.940091380128e-04
5.325000000000e+02 4.050492524338e-04
5.330000000000e+02 2.682358674612e-04
5.335000000000e+02 1.803195000868e-04
5.340000000000e+02 1.366542469397e-04
5.345000000000e+02 1.314824021253e-04
5.350000000000e+02 1.582632549351e-04
5.355000000000e+02 2.100248287806e-04
5.360000000000e+02 2.797168548067e-04
5.365000000000e+02 3.605442507231e-04
5.370000000000e+02 4.462626871094e-04
5.375000000000e+02 5.314212700684e-04
5.380000000000e+02 6.115416763009e-04
5.385000000000e+02 6.832279168778e-04
5.390000000000e+02 7.442059216827e-04
5.395000000000e+02 7.932969667173e-04
5.400000000000e+02 8.303332719383e-04
5.405000000000e+02 8.560275851428e-04
5.410000000000e+02 8.718110104790e-04
5.415000000000e+02 8.796545933875e-04
5.420000000000e+02 8.818901825620e-04
5.425000000000e+02 8.810448930507e-04
5.430000000000e+02 8.797012210503e-04
5.435000000000e+02 8.803917173586e-04
5.440000000000e+02 8.855333818311e-04
5.445000000000e+02 8.974029065776e-04
5.450000000000e+02 9.181498992817e-04
5.455000000000e+02 9.498415821300e-04
5.460000000000e+02 9.945294765455e-04
5.465000000000e+02 1.054326487521e-03
5.470000000000e+02 1.131481760369e-03
5.475000000000e+02 1.228440781657e-03
5.480000000000e+02 1.347879428895e-03
5.485000000000e+02 1.492702945831e-03
5.490000000000e+02 1.666003954697e-03
5.495000000000e+02 1.870977367729e-03
5.500000000000e+02 2.110794130364e-03
5.505000000000e+02 2.388439792486e-03
5.510000000000e+02 2.706527631682e-03
5.515000000000e+02 3.067099134569e-03
5.520000000000e+02 3.471426813231e-03
5.525000000000e+02 3.919835393557e-03
5.530000000000e+02 4.411557240107e-03
5.535000000000e+02 4.944636449333e-03
5.540000000000e+02 5.515893414001e-03
5.545000000000e+02 6.120957993064e-03
5.550000000000e+02 6.754374950274e-03
5.555000000000e+02 7.409780354238e-03
5.560000000000e+02 8.080142509588e-03
5.565000000000e+02 8.758056081218e-03
5.570000000000e+02 9.436073741738e-03
5.575000000000e+02 1.010705624679e-02
5.580000000000e+02 1.076451959634e-02
5.585000000000e+02 1.140295706940e-02
5.590000000000e+02 1.201811453015e-02
5.595000000000e+02 1.260719949880e-02
5.600000000000e+02 1.316900796205e-02
5.605000000000e+02 1.370395756947e-02
5.610000000000e+02 1.421402144021e-02
5.615000000000e+02 1.470256294059e-02
5.620000000000e+02 1.517407809038e-02
5.625000000000e+02 1.563385830368e-02
5.630000000000e+02 1.608759156315e-02
5.635000000000e+02 1.654092449934e-02
5.640000000000e+02 1.699901089512e-02
5.645000000000e+02 1.746607363826e-02
5.650000000000e+02 1.794500698127e-02
5.655000000000e+02 1.843704412418e-02
5.660000000000e+02 1.894151170767e-02
5.665000000000e+02 1.945568799394e-02
5.670000000000e+02 1.997477561069e-02
5.675000000000e+02 2.049199310641e-02
5.680000000000e+02 2.099878262407e-02
5.685000000000e+02 2.148512418198e-02
5.690000000000e+02 2.193994078086e-02
5.695000000000e+02 2.235157322801e-02
5.700000000000e+02 2.270829951336e-02
5.705000000000e+02 2.299887103592e-02
5.710000000000e+02 2.321303711199e-02
5.715000000000e+02 2.334203003888e-02
5.720000000000e+02 2.337898547052e-02
5.725000000000e+02 2.331927681049e-02
5.730000000000e+02 2.316074747519e-02
5.735000000000e+02 2.290383088707e-02
5.740000000000e+02 2.255155453129e-02
5.745000000000e+02 2.210943093554e-02
5.750000000000e+02 2.158524460035e-02
5.755000000000e+02 2.098874933622e-02
5.760000000000e+02 2.033129483133e-02
5.765000000000e+02 1.962540433291e-02
5.770000000000e+02 1.888432692329e-02
5.775000000000e+02 1.812158795478e-02
5.780000000000e+02 1.735055982724e-02
5.785000000000e+02 1.658407259491e-02
5.790000000000e+02 1.583408010842e-02
5.795000000000e+02 1.511139283369e-02
5.800000000000e+02 1.442548348690e-02
5.805000000000e+02 1.378436654861e-02
5.810000000000e+02 1.319454792952e-02
5.815000000000e+02 1.266103688183e-02
5.820000000000e+02 1.218740895609e-02
5.825000000000e+02 1.177590659426e-02
5.830000000000e+02 1.142756293798e-02
5.835000000000e+02 1.114233463914e-02
5.840000000000e+02 1.091923081598e-02
5.845000000000e+02 1.075642764579e-02
5.850000000000e+02 1.065136119617e-02
5.855000000000e+02 1.060079468743e-02
5.860000000000e+02 1.060086013417e-02
5.865000000000e+02 1.064707791199e-02
5.870000000000e+02 1.073436092876e-02
5.875000000000e+02 1.085701248428e-02
5.880000000000e+02 1.100872837095e-02
5.885000000000e+02 1.118261417267e-02
5.890000000000e+02 1.137122801470e-02
5.895000000000e+02 1.156665725018e-02
5.900000000000e+02 1.176063487045e-02
5.905000000000e+02 1.194469800401e-02
5.910000000000e+02 1.211038699255e-02
5.915000000000e+02 1.224947951093e-02
5.920000000000e+02 1.235425035996e-02
5.925000000000e+02 1.241774422570e-02
5.930000000000e+02 1.243404615681e-02
5.935000000000e+02 1.239853299714e-02
5.940000000000e+02 1.230808868737e-02
5.945000000000e+02 1.216126729411e-02
5.950000000000e+02 1.195838982176e-02
5.955000000000e+02 1.170156420241e-02
5.960000000000e+02 1.139462214386e-02
5.965000000000e+02 1.104297147530e-02
5.970000000000e+02 1.065336793485e-02
5.975000000000e+02 1.023361563109e-02
5.980000000000e+02 9.792210311106e-03
5.985000000000e+02 9.337943727660e-03
5.990000000000e+02 8.879490506514e-03
5.995000000000e+02 8.425000729377e-03
6.000000000000e+02 7.981721805939e-03
6.005000000000e+02 7.555672048755e-03
6.010000000000e+02 7.151385724886e-03
6.015000000000e+02 6.771745380815e-03
6.020000000000e+02 6.417912155720e-03
6.025000000000e+02 6.089358927122e-03
6.030000000000e+02 5.784004843112e-03
6.035000000000e+02 5.498443493469e-03
6.040000000000e+02 5.228251068948e-03
6.045000000000e+02 4.968355745680e-03
6.050000000000e+02 4.713445552028e-03
6.055000000000e+02 4.458389400182e-03
6.060000000000e+02 4.198644974407e-03
6.065000000000e+02 3.930627840376e-03
6.070000000000e+02 3.652018442962e-03
6.075000000000e+02 3.361987454783e-03
6.080000000000e+02 3.061324985924e-03
6.085000000000e+02 2.752465145726e-03
6.090000000000e+02 2.439403976626e-03
6.095000000000e+02 2.127515438170e-03
6.100000000000e+02 1.823276477558e-03
6.105000000000e+02 1.533917873111e-03
6.110000000000e+02 1.267022117216e-03
6.115000000000e+02 1.030092825316e-03
6.120000000000e+02 8.301218172160e-04
6.125000000000e+02 6.731800196304e-04
6.130000000000e+02 5.640566967135e-04
6.135000000000e+02 5.059683486961e-04
6.140000000000e+02 5.003541467764e-04
6.145000000000e+02 5.467692982261e-04
6.150000000000e+02 6.428816249557e-04
6.155000000000e+02 7.845702950033e-04
6.160000000000e+02 9.661194833339e-04
6.165000000000e+02 1.180494151910e-03
6.170000000000e+02 1.419680481257e-03
6.175000000000e+02 1.675070041101e-03
6.180000000000e+02 1.937864755084e-03
6.185000000000e+02 2.199479194565e-03
6.190000000000e+02 2.451917726706e-03
6.195000000000e+02 2.688106437436e-03
6.200000000000e+02 2.902163353492e-03
6.205000000000e+02 3.089595023592e-03
6.210000000000e+02 3.247412654538e-03
6.215000000000e+02 3.374166366439e-03
6.220000000000e+02 3.469901359235e-03
6.225000000000e+02 3.536044514528e-03
6.230000000000e+02 3.575233881901e-03
6.235000000000e+02 3.591106369826e-03
6.240000000000e+02 3.588060613677e-03
6.245000000000e+02 3.571012352246e-03
6.250000000000e+02 3.545158731861e-03
6.255000000000e+02 3.515765886405e-03
6.260000000000e+02 3.487991108650e-03
6.265000000000e+02 3.466747195094e-03
6.270000000000e+02 3.456612422542e-03
6.275000000000e+02 3.461785430986e-03
6.280000000000e+02 3.486080374584e-03
6.285000000000e+02 3.532954363143e-03
6.290000000000e+02 3.605556705568e-03
6.295000000000e+02 3.706787970386e-03
6.300000000000e+02 3.839356502292e-03
6.305000000000e+02 4.005820794547e-03
6.310000000000e+02 4.208607942177e-03
6.315000000000e+02 4.450001133155e-03
6.320000000000e+02 4.732092546555e-03
6.325000000000e+02 5.056701834057e-03
6.330000000000e+02 5.425264249492e-03
6.335000000000e+02 5.838696134224e-03
6.340000000000e+02 6.297248556181e-03
6.345000000000e+02 6.800362166327e-03
6.350000000000e+02 7.346537569713e-03
6.355000000000e+02 7.933235575800e-03
6.360000000000e+02 8.556820550181e-03
6.365000000000e+02 9.212557784489e-03
6.370000000000e+02 9.894672471752e-03
6.375000000000e+02 1.059647373994e-02
6.380000000000e+02 1.131054254340e-02
6.385000000000e+02 1.202897737315e-02
6.390000000000e+02 1.274368707784e-02
6.395000000000e+02 1.344671594209e-02
6.400000000000e+02 1.413058287074e-02
6.405000000000e+02 1.478861435102e-02
6.410000000000e+02 1.541525000660e-02
6.415000000000e+02 1.600630013081e-02
6.420000000000e+02 1.655913660066e-02
6.425000000000e+02 1.707280194155e-02
6.430000000000e+02 1.754802584741e-02
6.435000000000e+02 1.798714389082e-02
6.440000000000e+02 1.839391914387e-02
6.445000000000e+02 1.877327358474e-02
6.450000000000e+02 1.913094208447e-02
6.455000000000e+02 1.947306705166e-02
6.460000000000e+02 1.980575609879e-02
6.465000000000e+02 2.013462807738e-02
6.470000000000e+02 2.046437428880e-02
6.475000000000e+02 2.079836148939e-02
6.480000000000e+02 2.113830145302e-02
6.485000000000e+02 2.148400842589e-02
6.490000000000e+02 2.183326100038e-02
6.495000000000e+02 2.218177903645e-02
6.500000000000e+02 2.252331963207e-02
6.505000000000e+02 2.284988919820e-02
6.510000000000e+02 2.315206186491e-02
6.515000000000e+02 2.341938816118e-02
6.520000000000e+02 2.364087256595e-02
6.525000000000e+02 2.380549445810e-02
6.530000000000e+02 2.390274444948e-02
6.535000000000e+02 2.392314722282e-02
6.540000000000e+02 2.385874286087e-02
6.545000000000e+02 2.370350117847e-02
6.550000000000e+02 2.345364758475e-02
6.555000000000e+02 2.310788424168e-02
6.560000000000e+02 2.266749640663e-02
6.565000000000e+02 2.213634045552e-02
6.570000000000e+02 2.152071675892e-02
6.575000000000e+02 2.082913690774e-02
6.580000000000e+02 2.007200036839e-02
6.585000000000e+02 1.926120015676e-02
6.590000000000e+02 1.840968029777e-02
6.595000000000e+02 1.753096952011e-02
6.600000000000e+02 1.663871576099e-02
6.605000000000e+02 1.574624466622e-02
6.610000000000e+02 1.486616251104e-02
6.615000000000e+02 1.401002006483e-02
6.620000000000e+02 1.318804918401e-02
6.625000000000e+02 1.240897868815e-02
6.630000000000e+02 1.167993073227e-02
6.635000000000e+02 1.100639380033e-02
6.640000000000e+02 1.039226395537e-02
6.645000000000e+02 9.839942376782e-03
6.650000000000e+02 9.350474713430e-03
6.655000000000e+02 8.923716512052e-03
6.660000000000e+02 8.558508981658e-03
6.665000000000e+02 8.252850568163e-03
6.670000000000e+02 8.004052094132e-03
6.675000000000e+02 7.808866343679e-03
6.680000000000e+02 7.663586662129e-03
6.685000000000e+02 7.564113076560e-03
6.690000000000e+02 7.505988297955e-03
6.695000000000e+02 7.484409420353e-03
6.700000000000e+02 7.494223907955e-03
6.705000000000e+02 7.529920332720e-03
6.710000000000e+02 7.585625144419e-03
6.715000000000e+02 7.655116456830e-03
6.720000000000e+02 7.731864443184e-03
6.725000000000e+02 7.809105563112e-03
6.730000000000e+02 7.879954683483e-03
6.735000000000e+02 7.937555462186e-03
6.740000000000e+02 7.975265437922e-03
6.745000000000e+02 7.986868433179e-03
6.750000000000e+02 7.966803453277e-03
6.755000000000e+02 7.910396545201e-03
6.760000000000e+02 7.814080311788e-03
6.765000000000e+02 7.675585135812e-03
6.770000000000e+02 7.494086748773e-03
6.775000000000e+02 7.270296583381e-03
6.780000000000e+02 7.006484287961e-03
6.785000000000e+02 6.706425676466e-03
6.790000000000e+02 6.375273988291e-03
6.795000000000e+02 6.019357323447e-03
6.800000000000e+02 5.645910154169e-03
6.805000000000e+02 5.262751530612e-03
6.810000000000e+02 4.877926650081e-03
6.815000000000e+02 4.499331536587e-03
6.820000000000e+02 4.134342434294e-03
6.825000000000e+02 3.789471987780e-03
6.830000000000e+02 3.470073291917e-03
6.835000000000e+02 3.180110471388e-03
6.840000000000e+02 2.922010723383e-03
6.845000000000e+02 2.696607946389e-03
6.850000000000e+02 2.503182484046e-03
6.855000000000e+02 2.339595493664e-03
6.860000000000e+02 2.202510399522e-03
6.865000000000e+02 2.087688213790e-03
6.870000000000e+02 1.990338587632e-03
6.875000000000e+02 1.905504630009e-03
6.880000000000e+02 1.828457072209e-03
6.885000000000e+02 1.755072443291e-03
6.890000000000e+02 1.682170636006e-03
6.895000000000e+02 1.607789556630e-03
6.900000000000e+02 1.531378331433e-03
6.905000000000e+02 1.453895554131e-03
6.910000000000e+02 1.377804986521e-03
6.915000000000e+02 1.306967589272e-03
6.920000000000e+02 1.246435344917e-03
6.925000000000e+02 1.202158613622e-03
6.930000000000e+02 1.180624326471e-03
6.935000000000e+02 1.188446808431e-03
6.940000000000e+02 1.231936142100e-03
6.945000000000e+02 1.316670531425e-03
6.950000000000e+02 1.447099002678e-03
6.955000000000e+02 1.626198998640e-03
6.960000000000e+02 1.855210100263e-03
6.965000000000e+02 2.133460467776e-03
6.970000000000e+02 2.458296934948e-03
6.975000000000e+02 2.825123386158e-03
6.980000000000e+02 3.227545504475e-03
6.985000000000e+02 3.657613622271e-03
6.990000000000e+02 4.106149638274e-03
6.995000000000e+02 4.563139148972e-03
7.000000000000e+02 5.018166372415e-03
7.005000000000e+02 5.460867328336e-03
7.010000000000e+02 5.881376189168e-03
7.015000000000e+02 6.270740737675e-03
7.020000000000e+02 6.621285357713e-03
7.025000000000e+02 6.926903750738e-03
7.030000000000e+02 7.183268333798e-03
7.035000000000e+02 7.387948697998e-03
7.040000000000e+02 7.540437213228e-03
7.045000000000e+02 7.642085470239e-03
7.050000000000e+02 7.695960384296e-03
7.055000000000e+02 7.706633117059e-03
7.060000000000e+02 7.679917240341e-03
7.065000000000e+02 7.622574581554e-03
7.070000000000e+02 7.542007865429e-03
7.075000000000e+02 7.445958602985e-03
7.080000000000e+02 7.342226778745e-03
7.085000000000e+02 7.238425934210e-03
7.090000000000e+02 7.141783498365e-03
7.095000000000e+02 7.058991980853e-03
7.100000000000e+02 6.996112256813e-03
7.105000000000e+02 6.958525972367e-03
7.110000000000e+02 6.950930402906e-03
7.115000000000e+02 6.977366173088e-03
7.120000000000e+02 7.041266304768e-03
7.125000000000e+02 7.145514222986e-03
7.130000000000e+02 7.292498659744e-03
7.135000000000e+02 7.484154798856e-03
7.140000000000e+02 7.721983365661e-03
7.145000000000e+02 8.007042471234e-03
7.150000000000e+02 8.339910602059e-03
7.155000000000e+02 8.720622895706e-03
7.160000000000e+02 9.148586440360e-03
7.165000000000e+02 9.622483470099e-03
7.170000000000e+02 1.014017372447e-02
7.175000000000e+02 1.069860867910e-02
7.180000000000e+02 1.129377068900e-02
7.185000000000e+02 1.192064925581e-02
7.190000000000e+02 1.257326466460e-02
7.195000000000e+02 1.324474625405e-02
7.200000000000e+02 1.392746878777e-02
7.205000000000e+02 1.461324605245e-02
7.210000000000e+02 1.529357624007e-02
7.215000000000e+02 1.595992922022e-02
7.220000000000e+02 1.660406182018e-02
7.225000000000e+02 1.721834402638e-02
7.230000000000e+02 1.779607687310e-02
7.235000000000e+02 1.833178189566e-02
7.240000000000e+02 1.882144251429e-02
7.245000000000e+02 1.926267960160e-02
7.250000000000e+02 1.965484669429e-02
7.255000000000e+02 1.999903466423e-02
7.260000000000e+02 2.029798090645e-02
7.265000000000e+02 2.055588390321e-02
7.270000000000e+02 2.077813000924e-02
7.275000000000e+02 2.097094507581e-02
7.280000000000e+02 2.114098869726e-02
7.285000000000e+02 2.129491306466e-02
7.290000000000e+02 2.143891134219e-02
7.295000000000e+02 2.157828192140e-02
7.300000000000e+02 2.171703472691e-02
7.305000000000e+02 2.185756392224e-02
7.310000000000e+02 2.200040798188e-02
7.315000000000e+02 2.214411334472e-02
7.320000000000e+02 2.228521202598e-02
7.325000000000e+02 2.241831699610e-02
7.330000000000e+02 2.253633224280e-02
7.335000000000e+02 2.263076764748e-02
7.340000000000e+02 2.269214255873e-02
7.345000000000e+02 2.271045662724e-02
7.350000000000e+02 2.267570241673e-02
7.355000000000e+02 2.257839177911e-02
7.360000000000e+02 2.241006713820e-02
7.365000000000e+02 2.216376971415e-02
7.370000000000e+02 2.183443927915e-02
7.375000000000e+02 2.141922409581e-02
7.380000000000e+02 2.091768498743e-02
7.385000000000e+02 2.033188368466e-02
7.390000000000e+02 1.966635228698e-02
7.395000000000e+02 1.892794744733e-02
7.400000000000e+02 1.812559930900e-02
7.405000000000e+02 1.726997089925e-02
7.410000000000e+02 1.637304827300e-02
7.415000000000e+02 1.544768493622e-02
7.420000000000e+02 1.450712578971e-02
7.425000000000e+02 1.356453595137e-02
7.430000000000e+02 1.263255837482e-02
7.435000000000e+02 1.172292132422e-02
7.440000000000e+02 1.084611271951e-02
7.445000000000e+02 1.001113343686e-02
7.450000000000e+02 9.225336192250e-03
7.455000000000e+02 8.494351033013e-03
7.460000000000e+02 7.822093096145e-03
7.465000000000e+02 7.210843516141e-03
7.470000000000e+02 6.661390484707e-03
7.475000000000e+02 6.173214711188e-03
7.480000000000e+02 5.744702052478e-03
7.485000000000e+02 5.373365926176e-03
7.490000000000e+02 5.056063244849e-03
7.495000000000e+02 4.789189876214e-03
7.500000000000e+02 4.568844826523e-03
7.505000000000e+02 4.390956183515e-03
7.510000000000e+02 4.251366019842e-03
7.515000000000e+02 4.145875611225e-03
7.520000000000e+02 4.070256135913e-03
7.525000000000e+02 4.020233197813e-03
7.530000000000e+02 3.991455812348e-03
7.535000000000e+02 3.979461742639e-03
7.540000000000e+02 3.979651187510e-03
7.545000000000e+02 3.987279807092e-03
7.550000000000e+02 3.997480018931e-03
7.555000000000e+02 4.005316583032e-03
7.560000000000e+02 4.005878960445e-03
7.565000000000e+02 3.994409069555e-03
7.570000000000e+02 3.966459196246e-03
7.575000000000e+02 3.918071261552e-03
7.580000000000e+02 3.845965713318e-03
7.585000000000e+02 3.747726243638e-03
7.590000000000e+02 3.621965532309e-03
7.595000000000e+02 3.468457390714e-03
7.600000000000e+02 3.288222053317e-03
7.605000000000e+02 3.083553866514e-03
7.610000000000e+02 2.857984100740e-03
7.615000000000e+02 2.616175827584e-03
7.620000000000e+02 2.363752464282e-03
7.625000000000e+02 2.107066358649e-03
7.630000000000e+02 1.852918316661e-03
7.635000000000e+02 1.608242921226e-03
7.640000000000e+02 1.379777546491e-03
7.645000000000e+02 1.173734887841e-03
7.650000000000e+02 9.954994299899e-04
7.655000000000e+02 8.493674814641e-04
7.660000000000e+02 7.383482277945e-04
7.665000000000e+02 6.640398117811e-04
7.670000000000e+02 6.265899418260e-04
7.675000000000e+02 6.247452437468e-04
7.680000000000e+02 6.559878518088e-04
7.685000000000e+02 7.167519633321e-04
7.690000000000e+02 8.027076506187e-04
7.695000000000e+02 9.090945111234e-04
7.700000000000e+02 1.031084075691e-03
7.705000000000e+02 1.164147553425e-03
7.710000000000e+02 1.304404652671e-03
7.715000000000e+02 1.448929964027e-03
7.720000000000e+02 1.595995700394e-03
7.725000000000e+02 1.745233332605e-03
7.730000000000e+02 1.897701610505e-03
7.735000000000e+02 2.055854308635e-03
7.740000000000e+02 2.223407409266e-03
7.745000000000e+02 2.405111921557e-03
7.750000000000e+02 2.606444710490e-03
7.755000000000e+02 2.833235167184e-03
7.760000000000e+02 3.091249931253e-03
7.765000000000e+02 3.385760883951e-03
7.770000000000e+02 3.721123063679e-03
7.775000000000e+02 4.100388912595e-03
7.780000000000e+02 4.524983352496e-03
7.785000000000e+02 4.994460728566e-03
7.790000000000e+02 5.506359869357e-03
7.795000000000e+02 6.056167697341e-03
7.800000000000e+02 6.637395358184e-03
7.805000000000e+02 7.241764132607e-03
7.810000000000e+02 7.859491879262e-03
7.815000000000e+02 8.479664843358e-03
7.820000000000e+02 9.090674723796e-03
7.825000000000e+02 9.680697226065e-03
7.830000000000e+02 1.023818615587e-02
7.835000000000e+02 1.075235654858e-02
7.840000000000e+02 1.121363139180e-02
7.845000000000e+02 1.161402908917e-02
7.850000000000e+02 1.194747273620e-02
7.855000000000e+02 1.221000725874e-02
7.860000000000e+02 1.239991615405e-02
7.865000000000e+02 1.251773559440e-02
7.870000000000e+02 1.256616960212e-02
7.875000000000e+02 1.254991550279e-02
7.880000000000e+02 1.247541356167e-02
7.885000000000e+02 1.235053832852e-02
7.890000000000e+02 1.218425155248e-02
7.895000000000e+02 1.198623747614e-02
7.900000000000e+02 1.176654086338e-02
7.905000000000e+02 1.153522634838e-02
7.910000000000e+02 1.130207478972e-02
7.915000000000e+02 1.107632852490e-02
7.920000000000e+02 1.086649305587e-02
7.925000000000e+02 1.068019809435e-02
7.930000000000e+02 1.052411640404e-02
7.935000000000e+02 1.040393482630e-02
7.940000000000e+02 1.032436855151e-02
7.945000000000e+02 1.028920732772e-02
7.950000000000e+02 1.030138102764e-02
7.955000000000e+02 1.036303188471e-02
7.960000000000e+02 1.047558172737e-02
7.965000000000e+02 1.063978457004e-02
7.970000000000e+02 1.085575776292e-02
7.975000000000e+02 1.112298830244e-02
7.980000000000e+02 1.144031456141e-02
7.985000000000e+02 1.180588729283e-02
7.990000000000e+02 1.221711698264e-02
7.995000000000e+02 1.267061719172e-02
8.000000000000e+02 1.316215520474e-02
8.005000000000e+02 1.368662193383e-02
8.010000000000e+02 1.423803252745e-02
8.015000000000e+02 1.480956752320e-02
8.020000000000e+02 1.539366175452e-02
8.025000000000e+02 1.598214476041e-02
8.030000000000e+02 1.656643240538e-02
8.035000000000e+02 1.713776509860e-02
8.040000000000e+02 1.768748373996e-02
8.045000000000e+02 1.820733065522e-02
8.050000000000e+02 1.868975963051e-02
8.055000000000e+02 1.912823699204e-02
8.060000000000e+02 1.951751470823e-02
8.065000000000e+02 1.985385684448e-02
8.070000000000e+02 2.013520240833e-02
8.075000000000e+02 2.036125062017e-02
8.080000000000e+02 2.053345877225e-02
8.085000000000e+02 2.065494785190e-02
8.090000000000e+02 2.073031668813e-02
8.095000000000e+02 2.076537117093e-02
8.100000000000e+02 2.076678070159e-02
8.105000000000e+02 2.074167907381e-02
8.110000000000e+02 2.069723110444e-02
8.115000000000e+02 2.064018922554e-02
8.120000000000e+02 2.057646569277e-02
8.125000000000e+02 2.051074592421e-02
8.130000000000e+02 2.044616673129e-02
8.135000000000e+02 2.038407991638e-02
8.140000000000e+02 2.032391707144e-02
8.145000000000e+02 2.026316569215e-02
8.150000000000e+02 2.019746027074e-02
8.155000000000e+02 2.012078524864e-02
8.160000000000e+02 2.002578002429e-02
8.165000000000e+02 1.990413004663e-02
8.170000000000e+02 1.974702277475e-02
8.175000000000e+02 1.954564328725e-02
8.180000000000e+02 1.929168183829e-02
8.185000000000e+02 1.897782484316e-02
8.190000000000e+02 1.859820168787e-02
8.195000000000e+02 1.814876233729e-02
8.200000000000e+02 1.762756479985e-02
8.205000000000e+02 1.703495683226e-02
8.210000000000e+02 1.637364249394e-02
8.215000000000e+02 1.564863089296e-02
8.220000000000e+02 1.486707127408e-02
8.225000000000e+02 1.403798505966e-02
8.230000000000e+02 1.317191116291e-02
8.235000000000e+02 1.228048550325e-02
8.240000000000e+02 1.137597889234e-02
8.245000000000e+02 1.047081914938e-02
8.250000000000e+02 9.577123368345e-03
8.255000000000e+02 8.706264732416e-03
8.260000000000e+02 7.868495287535e-03
8.265000000000e+02 7.072641878687e-03
8.270000000000e+02 6.325887325447e-03
8.275000000000e+02 5.633643228863e-03
8.280000000000e+02 4.999514950653e-03
8.285000000000e+02 4.425353679787e-03
8.290000000000e+02 3.911385468909e-03
8.295000000000e+02 3.456403001135e-03
8.300000000000e+02 3.058002883512e-03
8.305000000000e+02 2.712849617265e-03
8.310000000000e+02 2.416947130794e-03
8.315000000000e+02 2.165899844423e-03
8.320000000000e+02 1.955147536891e-03
8.325000000000e+02 1.780161589339e-03
8.330000000000e+02 1.636594213783e-03
8.335000000000e+02 1.520376704199e-03
8.340000000000e+02 1.427767233480e-03
8.345000000000e+02 1.355352916634e-03
8.350000000000e+02 1.300014457157e-03
8.355000000000e+02 1.258864428945e-03
8.360000000000e+02 1.229171930049e-03
8.365000000000e+02 1.208286870457e-03
8.370000000000e+02 1.193576507437e-03
8.375000000000e+02 1.182385093920e-03
8.380000000000e+02 1.172024816474e-03
8.385000000000e+02 1.159802800835e-03
8.390000000000e+02 1.143085139294e-03
8.395000000000e+02 1.119394962328e-03
8.400000000000e+02 1.086537861805e-03
8.405000000000e+02 1.042744783025e-03
8.410000000000e+02 9.868201058590e-04
8.415000000000e+02 9.182812393755e-04
8.420000000000e+02 8.374757900567e-04
8.425000000000e+02 7.456632758447e-04
8.430000000000e+02 6.450503994516e-04
8.435000000000e+02 5.387719302810e-04
8.440000000000e+02 4.308130608554e-04
8.445000000000e+02 3.258734237808e-04
8.450000000000e+02 2.291774578037e-04
8.455000000000e+02 1.462401555551e-04
8.460000000000e+02 8.260107446180e-05
8.465000000000e+02 4.354253995182e-05
8.470000000000e+02 3.380996262886e-05
8.475000000000e+02 5.735294769343e-05
8.480000000000e+02 1.171053009942e-04
8.485000000000e+02 2.148201326974e-04
8.490000000000e+02 3.509731240264e-04
8.495000000000e+02 5.247428436462e-04
8.500000000000e+02 7.340720460655e-04
8.505000000000e+02 9.758084842481e-04
8.510000000000e+02 1.245918291000e-03
8.515000000000e+02 1.539759810365e-03
8.520000000000e+02 1.852401260096e-03
8.525000000000e+02 2.178962108311e-03
8.530000000000e+02 2.514955818035e-03
8.535000000000e+02 2.856610835915e-03
8.540000000000e+02 3.201147462993e-03
8.545000000000e+02 3.546990528615e-03
8.550000000000e+02 3.893901472451e-03
8.555000000000e+02 4.243018304738e-03
8.560000000000e+02 4.596797659538e-03
8.565000000000e+02 4.958859413132e-03
8.570000000000e+02 5.333740704345e-03
8.575000000000e+02 5.726572246032e-03
8.580000000000e+02 6.142695155446e-03
8.585000000000e+02 6.587240794410e-03
8.590000000000e+02 7.064699006860e-03
8.595000000000e+02 7.578501465642e-03
8.600000000000e+02 8.130646490441e-03
8.605000000000e+02 8.721389680059e-03
8.610000000000e+02 9.349021131771e-03
8.615000000000e+02 1.000974511544e-02
8.620000000000e+02 1.069767213673e-02
8.625000000000e+02 1.140492673567e-02
8.630000000000e+02 1.212186754000e-02
8.635000000000e+02 1.283740945901e-02
8.640000000000e+02 1.353943188170e-02
8.645000000000e+02 1.421525170920e-02
8.650000000000e+02 1.485213631809e-02
8.655000000000e+02 1.543782934338e-02
8.660000000000e+02 1.596106161208e-02
8.665000000000e+02 1.641202066781e-02
8.670000000000e+02 1.678275501195e-02
8.675000000000e+02 1.706749325548e-02
8.680000000000e+02 1.726286354700e-02
8.685000000000e+02 1.736800457094e-02
8.690000000000e+02 1.738456570299e-02
8.695000000000e+02 1.731660016125e-02
8.700000000000e+02 1.717036080448e-02
8.705000000000e+02 1.695401324384e-02
8.710000000000e+02 1.667728485460e-02
8.715000000000e+02 1.635107088068e-02
8.720000000000e+02 1.598701999553e-02
8.725000000000e+02 1.559712139186e-02
8.730000000000e+02 1.519331379983e-02
8.735000000000e+02 1.478713394430e-02
8.740000000000e+02 1.438941809808e-02
8.745000000000e+02 1.401006587557e-02
8.750000000000e+02 1.365787058626e-02
8.755000000000e+02 1.334041568583e-02
8.760000000000e+02 1.306403246730e-02
8.765000000000e+02 1.283381042878e-02
8.770000000000e+02 1.265364898227e-02
8.775000000000e+02 1.252633749700e-02
8.780000000000e+02 1.245365018064e-02
8.785000000000e+02 1.243644298055e-02
8.790000000000e+02 1.247474143427e-02
8.795000000000e+02 1.256781103065e-02
8.800000000000e+02 1.271420491409e-02
8.805000000000e+02 1.291178737963e-02
8.810000000000e+02 1.315773524916e-02
8.815000000000e+02 1.344852257289e-02
8.820000000000e+02 1.377989687471e-02
8.825000000000e+02 1.414685711173e-02
8.830000000000e+02 1.454364447085e-02
8.835000000000e+02 1.496375698218e-02
8.840000000000e+02 1.539999768109e-02
8.845000000000e+02 1.584456377853e-02
8.850000000000e+02 1.628918116685e-02
8.855000000000e+02 1.672528483084e-02
8.860000000000e+02 1.714424164145e-02
8.865000000000e+02 1.753760790663e-02
8.870000000000e+02 1.789741027120e-02
8.875000000000e+02 1.821643541302e-02
8.880000000000e+02 1.848851175211e-02
8.885000000000e+02 1.870876528752e-02
8.890000000000e+02 1.887383184006e-02
8.895000000000e+02 1.898200945346e-02
8.900000000000e+02 1.903333744219e-02
8.905000000000e+02 1.902959242766e-02
8.910000000000e+02 1.897419644618e-02
8.915000000000e+02 1.887203754284e-02
8.920000000000e+02 1.872920883352e-02
8.925000000000e+02 1.855267744594e-02
8.930000000000e+02 1.834989966162e-02
8.935000000000e+02 1.812840262128e-02
8.940000000000e+02 1.789535582631e-02
8.945000000000e+02 1.765715713971e-02
8.950000000000e+02 1.741905792454e-02
8.955000000000e+02 1.718485031905e-02
8.960000000000e+02 1.695663650451e-02
8.965000000000e+02 1.673469534568e-02
8.970000000000e+02 1.651745623745e-02
8.975000000000e+02 1.630158371374e-02
8.980000000000e+02 1.608216975822e-02
8.985000000000e+02 1.585302422045e-02
8.990000000000e+02 1.560704770604e-02
8.995000000000e+02 1.533666616615e-02
9.000000000000e+02 1.503430249700e-02
9.005000000000e+02 1.469285803318e-02
9.010000000000e+02 1.430617604366e-02
9.015000000000e+02 1.386946027266e-02
9.020000000000e+02 1.337962415764e-02
9.025000000000e+02 1.283555043975e-02
9.030000000000e+02 1.223824620345e-02
9.035000000000e+02 1.159088460038e-02
9.040000000000e+02 1.089873123571e-02
9.045000000000e+02 1.016895999380e-02
9.050000000000e+02 9.410369526153e-03
9.055000000000e+02 8.633017313488e-03
9.060000000000e+02 7.847792793392e-03
9.065000000000e+02 7.065954239098e-03
9.070000000000e+02 6.298655699189e-03
9.075000000000e+02 5.556490283265e-03
9.080000000000e+02 4.849074434781e-03
9.085000000000e+02 4.184694703353e-03
9.090000000000e+02 3.570034146755e-03
9.095000000000e+02 3.009990165937e-03
9.100000000000e+02 2.507589671990e-03
9.105000000000e+02 2.064001399412e-03
9.110000000000e+02 1.678639318580e-03
9.115000000000e+02 1.349345839717e-03
9.120000000000e+02 1.072639172841e-03
9.125000000000e+02 8.440060718264e-04
9.130000000000e+02 6.582194196564e-04
9.135000000000e+02 5.096597809233e-04
9.140000000000e+02 3.926211312621e-04
9.145000000000e+02 3.015833482280e-04
9.150000000000e+02 2.314375041514e-04
9.155000000000e+02 1.776542574282e-04
9.160000000000e+02 1.363903642574e-04
9.165000000000e+02 1.045331719780e-04
9.170000000000e+02 7.968755299277e-05
9.175000000000e+02 6.011376564344e-05
9.180000000000e+02 4.462790595346e-05
9.185000000000e+02 3.247873119655e-05
9.190000000000e+02 2.321556548244e-05
9.195000000000e+02 1.656170288800e-05
9.200000000000e+02 1.230626183154e-05
9.205000000000e+02 1.022495934054e-05
9.210000000000e+02 1.003698530371e-05
9.215000000000e+02 1.140134275529e-05
9.220000000000e+02 1.395199594993e-05
9.225000000000e+02 1.736726177969e-05
9.230000000000e+02 2.146540864256e-05
9.235000000000e+02 2.631567137266e-05
9.240000000000e+02 3.235207580309e-05
9.245000000000e+02 4.047674285391e-05
9.250000000000e+02 5.213977563037e-05
9.255000000000e+02 6.938439959073e-05
9.260000000000e+02 9.484861248651e-05
9.265000000000e+02 1.317180141092e-04
9.270000000000e+02 1.836284661188e-04
9.275000000000e+02 2.545214724183e-04
9.280000000000e+02 3.484593391323e-04
9.285000000000e+02 4.694109389989e-04
9.290000000000e+02 6.210219615268e-04
9.295000000000e+02 8.063856197366e-04
9.300000000000e+02 1.027830716628e-03
9.305000000000e+02 1.286743643424e-03
9.310000000000e+02 1.583439272391e-03
9.315000000000e+02 1.917092900767e-03
9.320000000000e+02 2.285741569730e-03
9.325000000000e+02 2.686358474274e-03
9.330000000000e+02 3.114999109473e-03
9.335000000000e+02 3.567012620305e-03
9.340000000000e+02 4.037306906230e-03
9.345000000000e+02 4.520651738869e-03
9.350000000000e+02 5.012000805383e-03
9.355000000000e+02 5.506811456627e-03
9.360000000000e+02 6.001340202782e-03
9.365000000000e+02 6.492892751575e-03
9.370000000000e+02 6.980009614723e-03
9.375000000000e+02 7.462571904062e-03
9.380000000000e+02 7.941816689518e-03
9.385000000000e+02 8.420256904358e-03
9.390000000000e+02 8.901506900340e-03
9.395000000000e+02 9.390020978922e-03
9.400000000000e+02 9.890758140901e-03
9.405000000000e+02 1.040879150798e-02
9.410000000000e+02 1.094888501739e-02
9.415000000000e+02 1.151506278311e-02
9.420000000000e+02 1.211019774917e-02
9.425000000000e+02 1.273564582599e-02
9.430000000000e+02 1.339094960504e-02
9.435000000000e+02 1.407363210200e-02
9.440000000000e+02 1.477909600005e-02
9.445000000000e+02 1.550063785805e-02
9.450000000000e+02 1.622958008384e-02
9.455000000000e+02 1.695551657130e-02
9.460000000000e+02 1.766666119170e-02
9.465000000000e+02 1.835028224051e-02
9.470000000000e+02 1.899320085014e-02
9.475000000000e+02 1.958232760643e-02
9.480000000000e+02 2.010520938148e-02
9.485000000000e+02 2.055055785099e-02
9.490000000000e+02 2.090873231982e-02
9.495000000000e+02 2.117215224971e-02
9.500000000000e+02 2.133561907554e-02
9.505000000000e+02 2.139653223142e-02
9.510000000000e+02 2.135499043463e-02
9.515000000000e+02 2.121377579736e-02
9.520000000000e+02 2.097822483649e-02
9.525000000000e+02 2.065599652496e-02
9.530000000000e+02 2.025675280008e-02
9.535000000000e+02 1.979177110645e-02
9.540000000000e+02 1.927351137004e-02
9.545000000000e+02 1.871516113975e-02
9.550000000000e+02 1.813018245805e-02
9.555000000000e+02 1.753188240046e-02
9.560000000000e+02 1.693302631757e-02
9.565000000000e+02 1.634550886826e-02
9.570000000000e+02 1.578009325905e-02
9.575000000000e+02 1.524622405139e-02
9.580000000000e+02 1.475191383249e-02
9.585000000000e+02 1.430369932114e-02
9.590000000000e+02 1.390665841696e-02
9.595000000000e+02 1.356447656170e-02
9.600000000000e+02 1.327954875013e-02
9.605000000000e+02 1.305310270545e-02
9.610000000000e+02 1.288532912494e-02
9.615000000000e+02 1.277550642075e-02
9.620000000000e+02 1.272210985874e-02
9.625000000000e+02 1.272289819656e-02
9.630000000000e+02 1.277497455065e-02
9.635000000000e+02 1.287482196401e-02
9.640000000000e+02 1.301831768003e-02
9.645000000000e+02 1.320073315334e-02
9.650000000000e+02 1.341672908904e-02
9.655000000000e+02 1.366035610374e-02
9.660000000000e+02 1.392507183043e-02
9.665000000000e+02 1.420378441471e-02
9.670000000000e+02 1.448893043394e-02
9.675000000000e+02 1.477259245686e-02
9.680000000000e+02 1.504665796948e-02
9.685000000000e+02 1.530301750033e-02
9.690000000000e+02 1.553379579723e-02
9.695000000000e+02 1.573160616747e-02
9.700000000000e+02 1.588981490846e-02
9.705000000000e+02 1.600280040794e-02
9.710000000000e+02 1.606619020397e-02
9.715000000000e+02 1.607705921461e-02
9.720000000000e+02 1.603407353452e-02
9.725000000000e+02 1.593756661940e-02
9.730000000000e+02 1.578953821158e-02
9.735000000000e+02 1.559357079063e-02
9.740000000000e+02 1.535466337719e-02
9.745000000000e+02 1.507898783995e-02
9.750000000000e+02 1.477357808903e-02
9.755000000000e+02 1.444596731354e-02
9.760000000000e+02 1.410379238887e-02
9.765000000000e+02 1.375438744018e-02
9.770000000000e+02 1.340439007247e-02
9.775000000000e+02 1.305938381888e-02
9.780000000000e+02 1.272359887433e-02
9.785000000000e+02 1.239969022801e-02
9.790000000000e+02 1.208860804586e-02
9.795000000000e+02 1.178956983325e-02
9.800000000000e+02 1.150013785654e-02
9.805000000000e+02 1.121639890099e-02
9.810000000000e+02 1.093323710319e-02
9.815000000000e+02 1.064468473153e-02
9.820000000000e+02 1.034433078506e-02
9.825000000000e+02 1.002576347432e-02
9.830000000000e+02 9.683020296496e-03
9.835000000000e+02 9.311018686964e-03
9.840000000000e+02 8.905941181750e-03
9.845000000000e+02 8.465551610122e-03
9.850000000000e+02 7.989422898912e-03
9.855000000000e+02 7.479062355078e-03
9.860000000000e+02 6.937926468040e-03
9.865000000000e+02 6.371323944685e-03
9.870000000000e+02 5.786212433678e-03
9.875000000000e+02 5.190900781099e-03
9.880000000000e+02 4.594674282751e-03
9.885000000000e+02 4.007364904109e-03
9.890000000000e+02 3.438891548440e-03
9.895000000000e+02 2.898796978765e-03
9.900000000000e+02 2.395807858602e-03
9.905000000000e+02 1.937442596412e-03
9.910000000000e+02 1.529688393609e-03
9.915000000000e+02 1.176764336849e-03
9.920000000000e+02 8.809818543911e-04
9.925000000000e+02 6.427077449009e-04
9.930000000000e+02 4.604286897748e-04
9.935000000000e+02 3.309100884888e-04
9.940000000000e+02 2.494365996676e-04
9.945000000000e+02 2.101172705387e-04
9.950000000000e+02 2.062348657198e-04
9.955000000000e+02 2.306171469254e-04
9.960000000000e+02 2.760074934044e-04
9.965000000000e+02 3.354133707476e-04
9.970000000000e+02 4.024136350259e-04
9.975000000000e+02 4.714092913790e-04
9.980000000000e+02 5.378068281815e-04
9.985000000000e+02 5.981282831901e-04
9.990000000000e+02 6.500474009906e-04
9.995000000000e+02 6.923562433085e-04
1.000000000000e+03 7.248710698561e-04
1.000500000000e+03 7.482899195613e-04
1.001000000000e+03 7.640168595774e-04
1.001500000000e+03 7.739691855296e-04
1.002000000000e+03 7.803838952380e-04
1.002500000000e+03 7.856385599264e-04
1.003000000000e+03 7.920994108020e-04
1.003500000000e+03 8.020062549968e-04
1.004000000000e+03 8.174000048658e-04
1.004500000000e+03 8.400944634311e-04
1.005000000000e+03 8.716898884357e-04
1.005500000000e+03 9.136220844881e-04
1.006000000000e+03 9.672376410740e-04
1.006500000000e+03 1.033883686752e-03
1.007000000000e+03 1.114999336656e-03
1.007500000000e+03 1.212195960383e-03
1.008000000000e+03 1.327314488145e-03
1.008500000000e+03 1.462450114028e-03
1.009000000000e+03 1.619937772869e-03
1.009500000000e+03 1.802295419496e-03
1.010000000000e+03 2.012126132010e-03
1.010500000000e+03 2.251984072271e-03
1.011000000000e+03 2.524213039726e-03
1.011500000000e+03 2.830769442187e-03
1.012000000000e+03 3.173043715957e-03
1.012500000000e+03 3.551695358206e-03
1.013000000000e+03 3.966516666567e-03
1.013500000000e+03 4.416338984854e-03
1.014000000000e+03 4.898992791862e-03
1.014500000000e+03 5.411329495291e-03
1.015000000000e+03 5.949308537510e-03
1.015500000000e+03 6.508148680617e-03
1.016000000000e+03 7.082537454855e-03
1.016500000000e+03 7.666888086135e-03
1.017000000000e+03 8.255629116866e-03
1.017500000000e+03 8.843508720413e-03
1.018000000000e+03 9.425893646174e-03
1.018500000000e+03 9.999042008304e-03
1.019000000000e+03 1.056032984232e-02
1.019500000000e+03 1.110841349935e-02
1.020000000000e+03 1.164331342227e-02
1.020500000000e+03 1.216640945359e-02
1.021000000000e+03 1.268034327850e-02
1.021500000000e+03 1.318882956027e-02
1.022000000000e+03 1.369638338984e-02
1.022500000000e+03 1.420797744114e-02
1.023000000000e+03 1.472864730441e-02
1.023500000000e+03 1.526306750794e-02
1.024000000000e+03 1.581512344117e-02
1.024500000000e+03 1.638750555443e-02
1.025000000000e+03 1.698135172345e-02
1.025500000000e+03 1.759596153139e-02
1.026000000000e+03 1.822860254642e-02
1.026500000000e+03 1.887442366956e-02
1.027000000000e+03 1.952648459797e-02
1.027500000000e+03 2.017590376147e-02
1.028000000000e+03 2.081212016347e-02
1.028500000000e+03 2.142325782410e-02
1.029000000000e+03 2.199657540841e-02
1.029500000000e+03 2.251897851165e-02
1.030000000000e+03 2.297756828787e-02
1.030500000000e+03 2.336019788460e-02
1.031000000000e+03 2.365600762057e-02
1.031500000000e+03 2.385591104240e-02
1.032000000000e+03 2.395300683533e-02
1.032500000000e+03 2.394289585340e-02
1.033000000000e+03 2.382388799671e-02
1.033500000000e+03 2.359708994353e-02
1.034000000000e+03 2.326637144271e-02
1.034500000000e+03 2.283821456358e-02
1.035000000000e+03 2.232145657117e-02
1.035500000000e+03 2.172694256097e-02
1.036000000000e+03 2.106710832793e-02
1.036500000000e+03 2.035551691532e-02
1.037000000000e+03 1.960637374254e-02
1.037500000000e+03 1.883404510218e-02
1.038000000000e+03 1.805260320477e-02
1.038500000000e+03 1.727541799293e-02
1.039000000000e+03 1.651481188874e-02
1.039500000000e+03 1.578178879065e-02
1.040000000000e+03 1.508584335389e-02
1.040500000000e+03 1.443485124780e-02
1.041000000000e+03 1.383503605028e-02
1.041500000000e+03 1.329100404919e-02
1.042000000000e+03 1.280583475084e-02
1.042500000000e+03 1.238121255046e-02
1.043000000000e+03 1.201758391532e-02
1.043500000000e+03 1.171432458911e-02
1.044000000000e+03 1.146990267633e-02
1.044500000000e+03 1.128202584741e-02
1.045000000000e+03 1.114776408920e-02
1.045500000000e+03 1.106364312322e-02
1.046000000000e+03 1.102570750706e-02
1.046500000000e+03 1.102955619452e-02
1.047000000000e+03 1.107035664672e-02
1.047500000000e+03 1.114284618804e-02
1.048000000000e+03 1.124133097673e-02
1.048500000000e+03 1.135969357560e-02
1.049000000000e+03 1.149141961368e-02
1.049500000000e+03 1.162965246608e-02
1.050000000000e+03 1.176728237231e-02
1.050500000000e+03 1.189707316635e-02
1.051000000000e+03 1.201182606869e-02
1.051500000000e+03 1.210457609702e-02
1.052000000000e+03 1.216881291115e-02
1.052500000000e+03 1.219871463625e-02
1.053000000000e+03 1.218938069270e-02
1.053500000000e+03 1.213704813343e-02
1.054000000000e+03 1.203927561257e-02
1.054500000000e+03 1.189507995974e-02
1.055000000000e+03 1.170501239746e-02
1.055500000000e+03 1.147116460780e-02
1.056000000000e+03 1.119709893625e-02
1.056500000000e+03 1.088770174910e-02
1.057000000000e+03 1.054896401391e-02
1.057500000000e+03 1.018769819780e-02
1.058000000000e+03 9.811205212164e-03
1.058500000000e+03 9.426909033259e-03
1.059000000000e+03 9.041979494770e-03
1.059500000000e+03 8.662965347319e-03
1.060000000000e+03 8.295459859467e-03
1.060500000000e+03 7.943819940940e-03
1.061000000000e+03 7.610957046272e-03
1.061500000000e+03 7.298214113141e-03
1.062000000000e+03 7.005337740630e-03
1.062500000000e+03 6.730549032484e-03
1.063000000000e+03 6.470710388372e-03
1.063500000000e+03 6.221579422628e-03
1.064000000000e+03 5.978135529673e-03
1.064500000000e+03 5.734959779851e-03
1.065000000000e+03 5.486645149459e-03
1.065500000000e+03 5.228211823817e-03
1.066000000000e+03 4.955501629399e-03
1.066500000000e+03 4.665526614716e-03
1.067000000000e+03 4.356749365446e-03
1.067500000000e+03 4.029276656837e-03
1.068000000000e+03 3.684953267503e-03
1.068500000000e+03 3.327348875362e-03
1.069000000000e+03 2.961637539779e-03
1.069500000000e+03 2.594375922899e-03
1.070000000000e+03 2.233192689730e-03
1.070500000000e+03 1.886407046566e-03
1.071000000000e+03 1.562598775558e-03
1.071500000000e+03 1.270155118936e-03
1.072000000000e+03 1.016821269685e-03
1.072500000000e+03 8.092809524591e-04
1.073000000000e+03 6.527916538315e-04
1.073500000000e+03 5.508956183349e-04
1.074000000000e+03 5.052229974478e-04
1.074500000000e+03 5.153978372056e-04
1.075000000000e+03 5.790512915271e-04
1.075500000000e+03 6.919399636676e-04
1.076000000000e+03 8.481610261107e-04
1.076500000000e+03 1.040450148007e-03
1.077000000000e+03 1.260543620855e-03
1.077500000000e+03 1.499582699110e-03
1.078000000000e+03 1.748536256774e-03
1.078500000000e+03 1.998617497286e-03
1.079000000000e+03 2.241671631255e-03
1.079500000000e+03 2.470514040477e-03
1.080000000000e+03 2.679202269635e-03
1.080500000000e+03 2.863229943744e-03
1.081000000000e+03 3.019636056837e-03
1.081500000000e+03 3.147028640423e-03
1.082000000000e+03 3.245527217599e-03
1.082500000000e+03 3.316633318606e-03
1.083000000000e+03 3.363042361412e-03
1.083500000000e+03 3.388413136143e-03
1.084000000000e+03 3.397112809270e-03
1.084500000000e+03 3.393955708752e-03
1.085000000000e+03 3.383953188575e-03
1.085500000000e+03 3.372089716729e-03
1.086000000000e+03 3.363137185353e-03
1.086500000000e+03 3.361515572033e-03
1.087000000000e+03 3.371203802619e-03
1.087500000000e+03 3.395700314762e-03
1.088000000000e+03 3.438028734145e-03
1.088500000000e+03 3.500780559939e-03
1.089000000000e+03 3.586184072996e-03
1.089500000000e+03 3.696187019974e-03
1.090000000000e+03 3.832540099707e-03
1.090500000000e+03 3.996868904838e-03
1.091000000000e+03 4.190723682888e-03
1.091500000000e+03 4.415598922788e-03
1.092000000000e+03 4.672918119445e-03
1.092500000000e+03 4.963982839958e-03
1.093000000000e+03 5.289889095839e-03
1.093500000000e+03 5.651417693009e-03
1.094000000000e+03 6.048908376359e-03
1.094500000000e+03 6.482129939381e-03
1.095000000000e+03 6.950159820602e-03
1.095500000000e+03 7.451286924390e-03
1.096000000000e+03 7.982950435661e-03
1.096500000000e+03 8.541725291606e-03
1.097000000000e+03 9.123361861488e-03
1.097500000000e+03 9.722883482330e-03
1.098000000000e+03 1.033474108292e-02
1.098500000000e+03 1.095301952754e-02
1.099000000000e+03 1.157168586984e-02
1.099500000000e+03 1.218486577333e-02
1.100000000000e+03 1.278713124226e-02
1.100500000000e+03 1.337378077990e-02
1.101000000000e+03 1.394109234297e-02
1.101500000000e+03 1.448653009295e-02
1.102000000000e+03 1.500888796650e-02
1.102500000000e+03 1.550835640415e-02
1.103000000000e+03 1.598650300247e-02
1.103500000000e+03 1.644616311960e-02
1.104000000000e+03 1.689124223090e-02
1.104500000000e+03 1.732643772099e-02
1.105000000000e+03 1.775689341344e-02
1.105500000000e+03 1.818780509108e-02
1.106000000000e+03 1.862399919821e-02
1.106500000000e+03 1.906950954891e-02
1.107000000000e+03 1.952717798662e-02
1.107500000000e+03 1.999830443760e-02
1.108000000000e+03 2.048236966998e-02
1.108500000000e+03 2.097685041563e-02
1.109000000000e+03 2.147714153823e-02
1.109500000000e+03 2.197659393490e-02
1.110000000000e+03 2.246667020455e-02
1.110500000000e+03 2.293721321905e-02
1.111000000000e+03 2.337681602429e-02
1.111500000000e+03 2.377327540223e-02
1.112000000000e+03 2.411410632932e-02
1.112500000000e+03 2.438709079485e-02
1.113000000000e+03 2.458083223648e-02
1.113500000000e+03 2.468528634811e-02
1.114000000000e+03 2.469224024984e-02
1.114500000000e+03 2.459571489871e-02
1.115000000000e+03 2.439226997808e-02
1.115500000000e+03 2.408119605144e-02
1.116000000000e+03 2.366458515169e-02
1.116500000000e+03 2.314727779360e-02
1.117000000000e+03 2.253669121872e-02
1.117500000000e+03 2.184254008542e-02
1.118000000000e+03 2.107646641112e-02
1.118500000000e+03 2.025160002843e-02
1.119000000000e+03 1.938207387822e-02
1.119500000000e+03 1.848251997398e-02
1.120000000000e+03 1.756757178002e-02
1.120500000000e+03 1.665139710383e-02
1.121000000000e+03 1.574728256582e-02
1.121500000000e+03 1.486728651840e-02
1.122000000000e+03 1.402197225668e-02
1.122500000000e+03 1.322022785458e-02
1.123000000000e+03 1.246917335795e-02
1.123500000000e+03 1.177415074786e-02
1.124000000000e+03 1.113878740302e-02
1.124500000000e+03 1.056512003136e-02
1.125000000000e+03 1.005376342947e-02
1.125500000000e+03 9.604107095474e-03
1.126000000000e+03 9.214522703558e-03
1.126500000000e+03 8.882566686236e-03
1.127000000000e+03 8.605164516299e-03
1.127500000000e+03 8.378766505678e-03
1.128000000000e+03 8.199468759628e-03
1.128500000000e+03 8.063097017465e-03
1.129000000000e+03 7.965255141351e-03
1.129500000000e+03 7.901343658334e-03
1.130000000000e+03 7.866556732854e-03
1.130500000000e+03 7.855868016710e-03
1.131000000000e+03 7.864016837811e-03
1.131500000000e+03 7.885506076997e-03
1.132000000000e+03 7.914621865118e-03
1.132500000000e+03 7.945483017823e-03
1.133000000000e+03 7.972125100894e-03
1.133500000000e+03 7.988620436372e-03
1.134000000000e+03 7.989231517436e-03
1.134500000000e+03 7.968591517460e-03
1.135000000000e+03 7.921902176098e-03
1.135500000000e+03 7.845136614342e-03
1.136000000000e+03 7.735232816596e-03
1.136500000000e+03 7.590262796789e-03
1.137000000000e+03 7.409562933125e-03
1.137500000000e+03 7.193812616381e-03
1.138000000000e+03 6.945051124523e-03
1.138500000000e+03 6.666626336941e-03
1.139000000000e+03 6.363073289173e-03
1.139500000000e+03 6.039925336140e-03
1.140000000000e+03 5.703465499162e-03
1.140500000000e+03 5.360430064305e-03
1.141000000000e+03 5.017680340030e-03
1.141500000000e+03 4.681861368740e-03
1.142000000000e+03 4.359068083115e-03
1.142500000000e+03 4.054539743379e-03
1.143000000000e+03 3.772402421175e-03
1.143500000000e+03 3.515476841030e-03
1.144000000000e+03 3.285165183585e-03
1.144500000000e+03 3.081425716093e-03
1.145000000000e+03 2.902838645426e-03
1.145500000000e+03 2.746760740485e-03
1.146000000000e+03 2.609560434765e-03
1.146500000000e+03 2.486919689505e-03
1.147000000000e+03 2.374184248973e-03
1.147500000000e+03 2.266740378849e-03
1.148000000000e+03 2.160394004674e-03
1.148500000000e+03 2.051727528543e-03
1.149000000000e+03 1.938410567163e-03
1.149500000000e+03 1.819443383998e-03
1.150000000000e+03 1.695315738284e-03
1.150500000000e+03 1.568069003462e-03
1.151000000000e+03 1.441255395098e-03
1.151500000000e+03 1.319794611330e-03
1.152000000000e+03 1.209734710898e-03
1.152500000000e+03 1.117930210353e-03
1.153000000000e+03 1.051655771192e-03
1.153500000000e+03 1.018178115053e-03
1.154000000000e+03 1.024311669047e-03
1.154500000000e+03 1.075984713423e-03
1.155000000000e+03 1.177842393682e-03
1.155500000000e+03 1.332910892890e-03
1.156000000000e+03 1.542343469279e-03
1.156500000000e+03 1.805264181174e-03
1.157000000000e+03 2.118719261379e-03
1.157500000000e+03 2.477739644452e-03
1.158000000000e+03 2.875511508795e-03
1.158500000000e+03 3.303645295453e-03
1.159000000000e+03 3.752527913486e-03
1.159500000000e+03 4.211738097372e-03
1.160000000000e+03 4.670501435914e-03
1.160500000000e+03 5.118159646745e-03
1.161000000000e+03 5.544628326882e-03
1.161500000000e+03 5.940818662155e-03
1.162000000000e+03 6.299001316700e-03
1.162500000000e+03 6.613094740196e-03
1.163000000000e+03 6.878865137923e-03
1.163500000000e+03 7.094030997228e-03
1.164000000000e+03 7.258270970596e-03
1.164500000000e+03 7.373139684436e-03
1.165000000000e+03 7.441901300525e-03
1.165500000000e+03 7.469295068190e-03
1.166000000000e+03 7.461250406100e-03
1.166500000000e+03 7.424571055910e-03
1.167000000000e+03 7.366608467985e-03
1.167500000000e+03 7.294943819119e-03
1.168000000000e+03 7.217096030034e-03
1.168500000000e+03 7.140270036505e-03
1.169000000000e+03 7.071155637487e-03
1.169500000000e+03 7.015782810123e-03
1.170000000000e+03 6.979434789203e-03
1.170500000000e+03 6.966615802076e-03
1.171000000000e+03 6.981066452708e-03
1.171500000000e+03 7.025816637118e-03
1.172000000000e+03 7.103263758815e-03
1.172500000000e+03 7.215263028011e-03
1.173000000000e+03 7.363216814621e-03
1.173500000000e+03 7.548151334292e-03
1.174000000000e+03 7.770771243416e-03
1.174500000000e+03 8.031485793616e-03
1.175000000000e+03 8.330403779297e-03
1.175500000000e+03 8.667298296387e-03
1.176000000000e+03 9.041545995642e-03
1.176500000000e+03 9.452048748081e-03
1.177000000000e+03 9.897148166421e-03
1.177500000000e+03 1.037454502296e-02
1.178000000000e+03 1.088123612241e-02
1.178500000000e+03 1.141348056180e-02
1.179000000000e+03 1.196680556549e-02
1.179500000000e+03 1.253605933385e-02
1.180000000000e+03 1.311551478611e-02
1.180500000000e+03 1.369902397261e-02
1.181000000000e+03 1.428021859125e-02
1.181500000000e+03 1.485274780322e-02
1.182000000000e+03 1.541054074259e-02
1.182500000000e+03 1.594807806587e-02
1.183000000000e+03 1.646065485683e-02
1.183500000000e+03 1.694461638475e-02
1.184000000000e+03 1.739754872423e-02
1.184500000000e+03 1.781840809864e-02
1.185000000000e+03 1.820757592800e-02
1.185500000000e+03 1.856683077257e-02
1.186000000000e+03 1.889923340794e-02
1.186500000000e+03 1.920892682440e-02
1.187000000000e+03 1.950085864167e-02
1.187500000000e+03 1.978043888442e-02
1.188000000000e+03 2.005315088994e-02
1.188500000000e+03 2.032413697114e-02
1.189000000000e+03 2.059778304451e-02
1.189500000000e+03 2.087732754501e-02
1.190000000000e+03 2.116451947190e-02
1.190500000000e+03 2.145934833218e-02
1.191000000000e+03 2.175986516628e-02
1.191500000000e+03 2.206210895430e-02
1.192000000000e+03 2.236014679656e-02
1.192500000000e+03 2.264622969997e-02
1.193000000000e+03 2.291105898929e-02
1.193500000000e+03 2.314415172863e-02
1.194000000000e+03 2.333428750494e-02
1.194500000000e+03 2.347001388027e-02
1.195000000000e+03 2.354018408681e-02
1.195500000000e+03 2.353449836359e-02
1.196000000000e+03 2.344401985814e-02
1.196500000000e+03 2.326163727621e-02
1.197000000000e+03 2.298244938151e-02
1.197500000000e+03 2.260405084110e-02
1.198000000000e+03 2.212670450531e-02
1.198500000000e+03 2.155339164876e-02
1.199000000000e+03 2.088973857856e-02
1.199500000000e+03 2.014382490361e-02
1.200000000000e+03 1.932588523073e-02
1.200500000000e+03 1.844792171036e-02
1.201000000000e+03 1.752324936002e-02
1.201500000000e+03 1.656599918588e-02
1.202000000000e+03 1.559060563885e-02
1.202500000000e+03 1.461130482076e-02
1.203000000000e+03 1.364166814769e-02
1.203500000000e+03 1.269419303217e-02
1.204000000000e+03 1.177996780710e-02
1.204500000000e+03 1.090842289661e-02
1.205000000000e+03 1.008717451118e-02
1.205500000000e+03 9.321961297107e-03
1.206000000000e+03 8.616668793969e-03
1.206500000000e+03 7.973431609539e-03
1.207000000000e+03 7.392799217194e-03
1.207500000000e+03 6.873948451161e-03
1.208000000000e+03 6.414924265790e-03
1.208500000000e+03 6.012890186556e-03
1.209000000000e+03 5.664371063338e-03
1.209500000000e+03 5.365473099727e-03
1.210000000000e+03 5.112069452439e-03
1.210500000000e+03 4.899943687542e-03
1.211000000000e+03 4.724887716775e-03
1.211500000000e+03 4.582755174661e-03
1.212000000000e+03 4.469475198939e-03
1.212500000000e+03 4.381034941079e-03
1.213000000000e+03 4.313441612726e-03
1.213500000000e+03 4.262676293200e-03
1.214000000000e+03 4.224651992135e-03
1.214500000000e+03 4.195187581501e-03
1.215000000000e+03 4.170007271796e-03
1.215500000000e+03 4.144772481772e-03
1.216000000000e+03 4.115149479723e-03
1.216500000000e+03 4.076912348873e-03
1.217000000000e+03 4.026076968093e-03
1.217500000000e+03 3.959058124620e-03
1.218000000000e+03 3.872838888154e-03
1.218500000000e+03 3.765139232895e-03
1.219000000000e+03 3.634569789049e-03
1.219500000000e+03 3.480756651067e-03
1.220000000000e+03 3.304424393839e-03
1.220500000000e+03 3.107426783305e-03
1.221000000000e+03 2.892717964370e-03
1.221500000000e+03 2.664260935892e-03
1.222000000000e+03 2.426874592826e-03
1.222500000000e+03 2.186025199060e-03
1.223000000000e+03 1.947572508120e-03
1.223500000000e+03 1.717484536759e-03
1.224000000000e+03 1.501537918895e-03
1.224500000000e+03 1.305022580681e-03
1.225000000000e+03 1.132470013869e-03
1.225500000000e+03 9.874236058943e-04
1.226000000000e+03 8.722673289712e-04
1.226500000000e+03 7.881257116189e-04
1.227000000000e+03 7.348436197165e-04
1.227500000000e+03 7.110492416408e-04
1.228000000000e+03 7.142981442417e-04
1.228500000000e+03 7.412907182997e-04
1.229000000000e+03 7.881501484407e-04
1.229500000000e+03 8.507435903366e-04
1.230000000000e+03 9.250258406835e-04
1.230500000000e+03 1.007382699600e-03
1.231000000000e+03 1.094950621721e-03
1.231500000000e+03 1.185890203647e-03
1.232000000000e+03 1.279593529037e-03
1.232500000000e+03 1.376809251771e-03
1.233000000000e+03 1.479674309508e-03
1.233500000000e+03 1.591647010877e-03
1.234000000000e+03 1.717342554696e-03
1.234500000000e+03 1.862278408766e-03
1.235000000000e+03 2.032542979692e-03
1.235500000000e+03 2.234406245157e-03
1.236000000000e+03 2.473895143500e-03
1.236500000000e+03 2.756359241398e-03
1.237000000000e+03 3.086053337172e-03
1.237500000000e+03 3.465763117844e-03
1.238000000000e+03 3.896497793686e-03
1.238500000000e+03 4.377269916396e-03
1.239000000000e+03 4.904977576032e-03
1.239500000000e+03 5.474398184472e-03
1.240000000000e+03 6.078296468439e-03
1.240500000000e+03 6.707642532494e-03
1.241000000000e+03 7.351929340508e-03
1.241500000000e+03 7.999573115850e-03
1.242000000000e+03 8.638375341807e-03
1.242500000000e+03 9.256021553078e-03
1.243000000000e+03 9.840590155557e-03
1.243500000000e+03 1.038104420271e-02
1.244000000000e+03 1.086768039216e-02
1.244500000000e+03 1.129251241827e-02
1.245000000000e+03 1.164957001788e-02
1.245500000000e+03 1.193510028834e-02
1.246000000000e+03 1.214766378346e-02
1.246500000000e+03 1.228812411270e-02
1.247000000000e+03 1.235953587526e-02
1.247500000000e+03 1.236694136583e-02
1.248000000000e+03 1.231709124336e-02
1.248500000000e+03 1.221810797635e-02
1.249000000000e+03 1.207911316616e-02
1.249500000000e+03 1.190984069974e-02
1.250000000000e+03 1.172025708898e-02
1.250500000000e+03 1.152020841072e-02
1.251000000000e+03 1.131911015333e-02
1.251500000000e+03 1.112569226328e-02
1.252000000000e+03 1.094780708522e-02
1.252500000000e+03 1.079230304935e-02
1.253000000000e+03 1.066496223706e-02
1.253500000000e+03 1.057049568610e-02
1.254000000000e+03 1.051258677466e-02
1.254500000000e+03 1.049397048020e-02
1.255000000000e+03 1.051653489567e-02
1.255500000000e+03 1.058143116672e-02
1.256000000000e+03 1.068917895861e-02
1.256500000000e+03 1.083975655497e-02
1.257000000000e+03 1.103266753449e-02
1.257500000000e+03 1.126697941013e-02
1.258000000000e+03 1.154133334514e-02
1.258500000000e+03 1.185392776156e-02
1.259000000000e+03 1.220248201605e-02
1.259500000000e+03 1.258418904715e-02
1.260000000000e+03 1.299566776501e-02
1.260500000000e+03 1.343292679282e-02
1.261000000000e+03 1.389135089629e-02
1.261500000000e+03 1.436572005834e-02
1.262000000000e+03 1.485026876590e-02
1.262500000000e+03 1.533878984984e-02
1.263000000000e+03 1.582478340424e-02
1.263500000000e+03 1.630164720420e-02
1.264000000000e+03 1.676290096925e-02
1.264500000000e+03 1.720243311330e-02
1.265000000000e+03 1.761475559431e-02
1.265500000000e+03 1.799525039466e-02
1.266000000000e+03 1.834039023039e-02
1.266500000000e+03 1.864791642588e-02
1.267000000000e+03 1.891695853127e-02
1.267500000000e+03 1.914808313729e-02
1.268000000000e+03 1.934326329871e-02
1.268500000000e+03 1.950576477108e-02
1.269000000000e+03 1.963995058762e-02
1.269500000000e+03 1.975101099673e-02
1.270000000000e+03 1.984463106782e-02
1.270500000000e+03 1.992661297901e-02
1.271000000000e+03 2.000247378027e-02
1.271500000000e+03 2.007704199081e-02
1.272000000000e+03 2.015407752740e-02
1.272500000000e+03 2.023593904970e-02
1.273000000000e+03 2.032332083352e-02
1.273500000000e+03 2.041507782918e-02
1.274000000000e+03 2.050815281951e-02
1.274500000000e+03 2.059761383891e-02
1.275000000000e+03 2.067680360222e-02
1.275500000000e+03 2.073759601875e-02
1.276000000000e+03 2.077074835799e-02
1.276500000000e+03 2.076633170478e-02
1.277000000000e+03 2.071421738043e-02
1.277500000000e+03 2.060459333623e-02
1.278000000000e+03 2.042848239381e-02
1.278500000000e+03 2.017823375777e-02
1.279000000000e+03 1.984796050109e-02
1.279500000000e+03 1.943389864787e-02
1.280000000000e+03 1.893466787511e-02
1.280500000000e+03 1.835141944919e-02
1.281000000000e+03 1.768786345426e-02
1.281500000000e+03 1.695017425360e-02
1.282000000000e+03 1.614678002068e-02
1.282500000000e+03 1.528804865292e-02
1.283000000000e+03 1.438588804026e-02
1.283500000000e+03 1.345328315642e-02
1.284000000000e+03 1.250379551028e-02
1.284500000000e+03 1.155105196619e-02
1.285000000000e+03 1.060824975285e-02
1.285500000000e+03 9.687702673408e-03
1.286000000000e+03 8.800450256078e-03
1.286500000000e+03 7.955947086053e-03
1.287000000000e+03 7.161844155121e-03
1.287500000000e+03 6.423868127909e-03
1.288000000000e+03 5.745798351256e-03
1.288500000000e+03 5.129535627812e-03
1.289000000000e+03 4.575251607066e-03
1.289500000000e+03 4.081603439386e-03
1.290000000000e+03 3.645995337252e-03
1.290500000000e+03 3.264867053081e-03
1.291000000000e+03 2.933989074207e-03
1.291500000000e+03 2.648745514144e-03
1.292000000000e+03 2.404388108677e-03
1.292500000000e+03 2.196248186503e-03
1.293000000000e+03 2.019897688835e-03
1.293500000000e+03 1.871254928724e-03
1.294000000000e+03 1.746635454161e-03
1.294500000000e+03 1.642752761365e-03
1.295000000000e+03 1.556677376325e-03
1.295500000000e+03 1.485765718303e-03
1.296000000000e+03 1.427571983726e-03
1.296500000000e+03 1.379756932221e-03
1.297000000000e+03 1.340006900581e-03
1.297500000000e+03 1.305974687665e-03
1.298000000000e+03 1.275251302352e-03
1.298500000000e+03 1.245374178681e-03
1.299000000000e+03 1.213873622036e-03
1.299500000000e+03 1.178355276450e-03
1.300000000000e+03 1.136612621585e-03
1.300500000000e+03 1.086760229624e-03
1.301000000000e+03 1.027376006894e-03
1.301500000000e+03 9.576391235441e-04
1.302000000000e+03 8.774499305036e-04
1.302500000000e+03 7.875189243601e-04
1.303000000000e+03 6.894137040727e-04
1.303500000000e+03 5.855557386092e-04
1.304000000000e+03 4.791624219826e-04
1.304500000000e+03 3.741340598632e-04
1.305000000000e+03 2.748897935952e-04
1.305500000000e+03 1.861606879247e-04
1.306000000000e+03 1.127519562008e-04
1.306500000000e+03 5.928927043807e-05
1.307000000000e+03 2.996605382304e-05
1.307500000000e+03 2.830940280480e-05
1.308000000000e+03 5.698174301180e-05
1.308500000000e+03 1.176334899836e-04
1.309000000000e+03 2.108189593127e-04
1.309500000000e+03 3.359837382114e-04
1.310000000000e+03 4.915269560738e-04
1.310500000000e+03 6.749366993677e-04
1.311000000000e+03 8.829915677459e-04
1.311500000000e+03 1.112016436937e-03
1.312000000000e+03 1.358176239274e-03
1.312500000000e+03 1.617788313352e-03
1.313000000000e+03 1.887631866309e-03
1.313500000000e+03 2.165232508641e-03
1.314000000000e+03 2.449100739652e-03
1.314500000000e+03 2.738905656536e-03
1.315000000000e+03 3.035568903071e-03
1.315500000000e+03 3.341268742375e-03
1.316000000000e+03 3.659349827178e-03
1.316500000000e+03 3.994140385404e-03
1.317000000000e+03 4.350684735310e-03
1.317500000000e+03 4.734404880720e-03
1.318000000000e+03 5.150710018213e-03
1.318500000000e+03 5.604576764824e-03
1.319000000000e+03 6.100125506665e-03
1.319500000000e+03 6.640219283998e-03
1.320000000000e+03 7.226110977708e-03
1.320500000000e+03 7.857162265124e-03
1.321000000000e+03 8.530653999162e-03
1.321500000000e+03 9.241702561833e-03
1.322000000000e+03 9.983290667065e-03
1.322500000000e+03 1.074641441767e-02
1.323000000000e+03 1.152034157838e-02
1.323500000000e+03 1.229296944249e-02
1.324000000000e+03 1.305126476055e-02
1.324500000000e+03 1.378176333778e-02
1.325000000000e+03 1.447110339524e-02
1.325500000000e+03 1.510656484579e-02
1.326000000000e+03 1.567658636929e-02
1.326500000000e+03 1.617123358970e-02
1.327000000000e+03 1.658259465228e-02
1.327500000000e+03 1.690508386753e-02
1.328000000000e+03 1.713563953715e-02
1.328500000000e+03 1.727380824691e-02
1.329000000000e+03 1.732171440321e-02
1.329500000000e+03 1.728392018726e-02
1.330000000000e+03 1.716718700409e-02
1.330500000000e+03 1.698015454967e-02
1.331000000000e+03 1.673295751217e-02
1.331500000000e+03 1.643680244679e-02
1.332000000000e+03 1.610352839988e-02
1.332500000000e+03 1.574517438881e-02
1.333000000000e+03 1.537357495672e-02
1.333500000000e+03 1.500000189140e-02
1.334000000000e+03 1.463486608625e-02
1.334500000000e+03 1.428748874411e-02
1.335000000000e+03 1.396594603885e-02
1.335500000000e+03 1.367698631871e-02
1.336000000000e+03 1.342601431151e-02
1.336500000000e+03 1.321713288450e-02
1.337000000000e+03 1.305322997125e-02
1.337500000000e+03 1.293609647610e-02
1.338000000000e+03 1.286656038483e-02
1.338500000000e+03 1.284462293990e-02
1.339000000000e+03 1.286958447669e-02
1.339500000000e+03 1.294015018200e-02
1.340000000000e+03 1.305450937803e-02
1.340500000000e+03 1.321038565630e-02
1.341000000000e+03 1.340505896808e-02
1.341500000000e+03 1.363536429850e-02
1.342000000000e+03 1.389767451680e-02
1.342500000000e+03 1.418787715729e-02
1.343000000000e+03 1.450135606158e-02
1.343500000000e+03 1.483298890198e-02
1.344000000000e+03 1.517717059319e-02
1.344500000000e+03 1.552787055948e-02
1.345000000000e+03 1.587872891535e-02
1.345500000000e+03 1.622319306835e-02
1.346000000000e+03 1.655469234791e-02
1.346500000000e+03 1.686684432101e-02
1.347000000000e+03 1.715368280057e-02
1.347500000000e+03 1.740989449752e-02
1.348000000000e+03 1.763104908441e-02
1.348500000000e+03 1.781380633811e-02
1.349000000000e+03 1.795608414628e-02
1.349500000000e+03 1.805717254115e-02
1.350000000000e+03 1.811778151646e-02
1.350500000000e+03 1.814001404717e-02
1.351000000000e+03 1.812726024247e-02
1.351500000000e+03 1.808401362683e-02
1.352000000000e+03 1.801561581799e-02
1.352500000000e+03 1.792794098711e-02
1.353000000000e+03 1.782703607716e-02
1.353500000000e+03 1.771873648012e-02
1.354000000000e+03 1.760827944288e-02
1.354500000000e+03 1.749993866944e-02
1.355000000000e+03 1.739670328650e-02
1.355500000000e+03 1.730002251472e-02
1.356000000000e+03 1.720963411563e-02
1.356500000000e+03 1.712349014194e-02
1.357000000000e+03 1.703778797355e-02
1.357500000000e+03 1.694710841330e-02
1.358000000000e+03 1.684465613516e-02
1.358500000000e+03 1.672259143872e-02
1.359000000000e+03 1.657243647982e-02
1.359500000000e+03 1.638553429930e-02
1.360000000000e+03 1.615353538535e-02
1.360500000000e+03 1.586888442516e-02
1.361000000000e+03 1.552527947860e-02
1.361500000000e+03 1.511807708239e-02
1.362000000000e+03 1.464461970192e-02
1.362500000000e+03 1.410446631320e-02
1.363000000000e+03 1.349951245248e-02
1.363500000000e+03 1.283399246686e-02
1.364000000000e+03 1.211436353584e-02
1.364500000000e+03 1.134907787923e-02
1.365000000000e+03 1.054825599249e-02
1.365500000000e+03 9.723279353772e-03
1.366000000000e+03 8.886325482669e-03
1.366500000000e+03 8.049871228000e-03
1.367000000000e+03 7.226191549658e-03
1.367500000000e+03 6.426880767530e-03
1.368000000000e+03 5.662421322996e-03
1.368500000000e+03 4.941821681566e-03
1.369000000000e+03 4.272340343842e-03
1.369500000000e+03 3.659307345919e-03
1.370000000000e+03 3.106048497932e-03
1.370500000000e+03 2.613911335666e-03
1.371000000000e+03 2.182385755430e-03
1.371500000000e+03 1.809306948127e-03
1.372000000000e+03 1.491123878086e-03
1.372500000000e+03 1.223213423800e-03
1.373000000000e+03 1.000218581997e-03
1.373500000000e+03 8.163889031277e-04
1.374000000000e+03 6.659025436669e-04
1.374500000000e+03 5.431518572565e-04
1.375000000000e+03 4.429780843193e-04
1.375500000000e+03 3.608451484405e-04
1.376000000000e+03 2.929474883863e-04
1.376500000000e+03 2.362518833728e-04
1.377000000000e+03 1.884780036470e-04
1.377500000000e+03 1.480266034124e-04
1.378000000000e+03 1.138675843616e-04
1.378500000000e+03 8.540238101893e-05
1.379000000000e+03 6.231612439786e-05
1.379500000000e+03 4.443479086423e-05
1.380000000000e+03 3.160109534814e-05
1.380500000000e+03 2.358038740134e-05
1.381000000000e+03 2.000447647863e-05
1.381500000000e+03 2.035742999147e-05
1.382000000000e+03 2.400327238419e-05
1.382500000000e+03 3.025149738897e-05
1.383000000000e+03 3.845270907756e-05
1.383500000000e+03 4.811381514684e-05
1.384000000000e+03 5.902023637147e-05
1.384500000000e+03 7.135172397855e-05
1.385000000000e+03 8.577866155757e-05
1.385500000000e+03 1.035271495529e-04
1.386000000000e+03 1.264036192924e-04
1.386500000000e+03 1.567730104024e-04
1.387000000000e+03 1.974884143957e-04
1.387500000000e+03 2.517742351059e-04
1.388000000000e+03 3.230690155072e-04
1.388500000000e+03 4.148378026321e-04
1.389000000000e+03 5.303669642343e-04
1.389500000000e+03 6.725564773265e-04
1.390000000000e+03 8.437256911338e-04
1.390500000000e+03 1.045448319834e-03
1.391000000000e+03 1.278430928666e-03
1.391500000000e+03 1.542446519599e-03
1.392000000000e+03 1.836331167633e-03
1.392500000000e+03 2.158047252242e-03
1.393000000000e+03 2.504811977258e-03
1.393500000000e+03 2.873284924534e-03
1.394000000000e+03 3.259803703121e-03
1.394500000000e+03 3.660652689008e-03
1.395000000000e+03 4.072346714767e-03
1.395500000000e+03 4.491909619480e-03
1.396000000000e+03 4.917126983160e-03
1.396500000000e+03 5.346753229984e-03
1.397000000000e+03 5.780655574075e-03
1.397500000000e+03 6.219880881554e-03
1.398000000000e+03 6.666636222025e-03
1.398500000000e+03 7.124179386262e-03
1.399000000000e+03 7.596621600950e-03
1.399500000000e+03 8.088650680814e-03
1.400000000000e+03 8.605188518618e-03
1.400500000000e+03 9.151001734927e-03
1.401000000000e+03 9.730288145593e-03
1.401500000000e+03 1.034626417669e-02
1.402000000000e+03 1.100077927130e-02
1.402500000000e+03 1.169398259963e-02
1.403000000000e+03 1.242406501930e-02
1.403500000000e+03 1.318709536258e-02
1.404000000000e+03 1.397696497616e-02
1.404500000000e+03 1.478544832078e-02
1.405000000000e+03 1.560238072904e-02
1.405500000000e+03 1.641594754198e-02
1.406000000000e+03 1.721307222917e-02
1.406500000000e+03 1.797988516524e-02
1.407000000000e+03 1.870224985927e-02
1.407500000000e+03 1.936631992522e-02
1.408000000000e+03 1.995909815690e-02
1.408500000000e+03 2.046896885242e-02
1.409000000000e+03 2.088617602476e-02
1.409500000000e+03 2.120322323725e-02
1.410000000000e+03 2.141517531019e-02
1.410500000000e+03 2.151984776363e-02
1.411000000000e+03 2.151787623026e-02
1.411500000000e+03 2.141266478454e-02
1.412000000000e+03 2.121021876803e-02
1.412500000000e+03 2.091887383308e-02
1.413000000000e+03 2.054893820661e-02
1.413500000000e+03 2.011226928072e-02
1.414000000000e+03 1.962180834164e-02
1.414500000000e+03 1.909109842099e-02
1.415000000000e+03 1.853380986755e-02
1.415500000000e+03 1.796329636943e-02
1.416000000000e+03 1.739220098098e-02
1.416500000000e+03 1.683212748091e-02
1.417000000000e+03 1.629338742958e-02
1.417500000000e+03 1.578482796450e-02
1.418000000000e+03 1.531374004951e-02
1.418500000000e+03 1.488584193825e-02
1.419000000000e+03 1.450532835332e-02
1.419500000000e+03 1.417497258470e-02
1.420000000000e+03 1.389626656612e-02
1.420500000000e+03 1.366958309544e-02
1.421000000000e+03 1.349434473200e-02
1.421500000000e+03 1.336918544289e-02
1.422000000000e+03 1.329209361046e-02
1.422500000000e+03 1.326052831178e-02
1.423000000000e+03 1.327150454524e-02
1.423500000000e+03 1.332164698519e-02
1.424000000000e+03 1.340721556917e-02
1.424500000000e+03 1.352410945494e-02
1.425000000000e+03 1.366785836641e-02
1.425500000000e+03 1.383361187782e-02
1.426000000000e+03 1.401613764404e-02
1.426500000000e+03 1.420983893673e-02
1.427000000000e+03 1.440880014583e-02
1.427500000000e+03 1.460686629378e-02
1.428000000000e+03 1.479775929903e-02
1.428500000000e+03 1.497522998816e-02
1.429000000000e+03 1.513324100091e-02
1.429500000000e+03 1.526617208366e-02
1.430000000000e+03 1.536903613546e-02
1.430500000000e+03 1.543769203500e-02
1.431000000000e+03 1.546903895806e-02
1.431500000000e+03 1.546117673981e-02
1.432000000000e+03 1.541351790606e-02
1.432500000000e+03 1.532683926074e-02
1.433000000000e+03 1.520326425104e-02
1.433500000000e+03 1.504617152925e-02
1.434000000000e+03 1.486002991456e-02
1.434500000000e+03 1.465016499918e-02
1.435000000000e+03 1.442246758561e-02
1.435500000000e+03 1.418305862324e-02
1.436000000000e+03 1.393792899782e-02
1.436500000000e+03 1.369257512502e-02
1.437000000000e+03 1.345165259027e-02
1.437500000000e+03 1.321866992699e-02
1.438000000000e+03 1.299574299678e-02
1.438500000000e+03 1.278342739413e-02
1.439000000000e+03 1.258064200839e-02
1.439500000000e+03 1.238469159065e-02
1.440000000000e+03 1.219139021969e-02
1.440500000000e+03 1.199528131849e-02
1.441000000000e+03 1.178994374549e-02
1.441500000000e+03 1.156836787961e-02
1.442000000000e+03 1.132338090969e-02
1.442500000000e+03 1.104809705200e-02
1.443000000000e+03 1.073636639856e-02
1.443500000000e+03 1.038319569810e-02
1.444000000000e+03 9.985115634448e-03
1.444500000000e+03 9.540472036432e-03
1.445000000000e+03 9.049622755729e-03
1.445500000000e+03 8.515027425970e-03
1.446000000000e+03 7.941223622589e-03
1.446500000000e+03 7.334689683253e-03
1.447000000000e+03 6.703601194840e-03
1.447500000000e+03 6.057494477427e-03
1.448000000000e+03 5.406855896362e-03
1.448500000000e+03 4.762660163822e-03
1.449000000000e+03 4.135883679736e-03
1.449500000000e+03 3.537020233173e-03
1.450000000000e+03 2.975625968400e-03
1.450500000000e+03 2.459918455573e-03
1.451000000000e+03 1.996451140920e-03
1.451500000000e+03 1.589879629549e-03
1.452000000000e+03 1.242830498341e-03
1.452500000000e+03 9.558770283904e-04
1.453000000000e+03 7.276197980192e-04
1.453500000000e+03 5.548639051806e-04
1.454000000000e+03 4.328790838717e-04
1.454500000000e+03 3.557244847781e-04
1.455000000000e+03 3.166166750623e-04
1.455500000000e+03 3.083176552087e-04
1.456000000000e+03 3.235194706691e-04
1.456500000000e+03 3.552032867414e-04
1.457000000000e+03 3.969534693086e-04
1.457500000000e+03 4.432110534314e-04
1.458000000000e+03 4.894556935853e-04
1.458500000000e+03 5.323104276644e-04
1.459000000000e+03 5.695689777101e-04
1.459500000000e+03 6.001504777354e-04
1.460000000000e+03 6.239911120654e-04
1.460500000000e+03 6.418858636617e-04
1.461000000000e+03 6.552961781670e-04
1.461500000000e+03 6.661406970697e-04
1.462000000000e+03 6.765862483347e-04
1.462500000000e+03 6.888550458255e-04
1.463000000000e+03 7.050616729885e-04
1.463500000000e+03 7.270901249877e-04
1.464000000000e+03 7.565172330956e-04
1.464500000000e+03 7.945845155371e-04
1.465000000000e+03 8.422162274969e-04
1.465500000000e+03 9.000774505658e-04
1.466000000000e+03 9.686627686538e-04
1.466500000000e+03 1.048403669478e-03
1.467000000000e+03 1.139781464091e-03
1.467500000000e+03 1.243432323170e-03
1.468000000000e+03 1.360231990237e-03
1.468500000000e+03 1.491349760715e-03
1.469000000000e+03 1.638264241731e-03
1.469500000000e+03 1.802736990722e-03
1.470000000000e+03 1.986744080489e-03
1.470500000000e+03 2.192369633511e-03
1.471000000000e+03 2.421669083994e-03
1.471500000000e+03 2.676513056075e-03
1.472000000000e+03 2.958425028533e-03
1.472500000000e+03 3.268427189610e-03
1.473000000000e+03 3.606908950310e-03
1.473500000000e+03 3.973531447084e-03
1.474000000000e+03 4.367179086188e-03
1.474500000000e+03 4.785965909836e-03
1.475000000000e+03 5.227300525770e-03
1.475500000000e+03 5.688008827991e-03
1.476000000000e+03 6.164509078633e-03
1.476500000000e+03 6.653029471363e-03
1.477000000000e+03 7.149854398060e-03
1.477500000000e+03 7.651582605469e-03
1.478000000000e+03 8.155378511551e-03
1.478500000000e+03 8.659197333487e-03
1.479000000000e+03 9.161965450608e-03
1.479500000000e+03 9.663699579032e-03
1.480000000000e+03 1.016555176307e-02
1.480500000000e+03 1.066977169198e-02
1.481000000000e+03 1.117958314734e-02
1.481500000000e+03 1.169897713336e-02
1.482000000000e+03 1.223243005432e-02
1.482500000000e+03 1.278456078557e-02
1.483000000000e+03 1.335974525061e-02
1.483500000000e+03 1.396171082623e-02
1.484000000000e+03 1.459313527137e-02
1.484500000000e+03 1.525527571973e-02
1.485000000000e+03 1.594765249760e-02
1.485500000000e+03 1.666781013991e-02
1.486000000000e+03 1.741117409852e-02
1.486500000000e+03 1.817101648911e-02
1.487000000000e+03 1.893853811402e-02
1.487500000000e+03 1.970306730238e-02
1.488000000000e+03 2.045236924422e-02
1.488500000000e+03 2.117305289331e-02
1.489000000000e+03 2.185105659404e-02
1.489500000000e+03 2.247218872820e-02
1.490000000000e+03 2.302269618968e-02
1.490500000000e+03 2.348983160168e-02
1.491000000000e+03 2.386239001626e-02
1.491500000000e+03 2.413118738950e-02
1.492000000000e+03 2.428945630984e-02
1.492500000000e+03 2.433313906881e-02
1.493000000000e+03 2.426106390889e-02
1.493500000000e+03 2.407499679901e-02
1.494000000000e+03 2.377956796428e-02
1.494500000000e+03 2.338207920312e-02
1.495000000000e+03 2.289220434364e-02
1.495500000000e+03 2.232160063855e-02
1.496000000000e+03 2.168345315457e-02
1.496500000000e+03 2.099197703969e-02
1.497000000000e+03 2.026190380978e-02
1.497500000000e+03 1.950797744875e-02
1.498000000000e+03 1.874448423434e-02
1.498500000000e+03 1.798483695455e-02
1.499000000000e+03 1.724122982269e-02
1.499500000000e+03 1.652437525630e-02
1.500000000000e+03 1.584332812225e-02
1.500500000000e+03 1.520539745294e-02
1.501000000000e+03 1.461614038237e-02
1.501500000000e+03 1.407942847650e-02
1.502000000000e+03 1.359757302308e-02
1.502500000000e+03 1.317149340916e-02
1.503000000000e+03 1.280091156591e-02
1.503500000000e+03 1.248455562302e-02
1.504000000000e+03 1.222035731291e-02
1.504500000000e+03 1.200563013889e-02
1.505000000000e+03 1.183721863149e-02
1.505500000000e+03 1.171161287486e-02
1.506000000000e+03 1.162502656163e-02
1.506500000000e+03 1.157344079835e-02
1.507000000000e+03 1.155261941612e-02
1.507500000000e+03 1.155810436481e-02
1.508000000000e+03 1.158520166807e-02
1.508500000000e+03 1.162896924883e-02
1.509000000000e+03 1.168421764709e-02
1.509500000000e+03 1.174553327850e-02
1.510000000000e+03 1.180733154566e-02
1.510500000000e+03 1.186394401277e-02
1.511000000000e+03 1.190974024868e-02
1.511500000000e+03 1.193928113591e-02
1.512000000000e+03 1.194749675378e-02
1.512500000000e+03 1.192987868808e-02
1.513000000000e+03 1.188267408155e-02
1.513500000000e+03 1.180306715149e-02
1.514000000000e+03 1.168933342556e-02
1.514500000000e+03 1.154095266155e-02
1.515000000000e+03 1.135866831167e-02
1.515500000000e+03 1.114448436027e-02
1.516000000000e+03 1.090159422117e-02
1.516500000000e+03 1.063424086476e-02
1.517000000000e+03 1.034751214252e-02
1.517500000000e+03 1.004708004150e-02
1.518000000000e+03 9.738896981054e-03
1.518500000000e+03 9.428865924607e-03
1.519000000000e+03 9.122503729206e-03
1.519500000000e+03 8.824618571056e-03
1.520000000000e+03 8.539022321374e-03
1.520500000000e+03 8.268297357182e-03
1.521000000000e+03 8.013634526788e-03
1.521500000000e+03 7.774754998035e-03
1.522000000000e+03 7.549923738964e-03
1.522500000000e+03 7.336056725574e-03
1.523000000000e+03 7.128918007168e-03
1.523500000000e+03 6.923396879123e-03
1.524000000000e+03 6.713850013359e-03
1.524500000000e+03 6.494488848761e-03
1.525000000000e+03 6.259789167206e-03
1.525500000000e+03 6.004897821705e-03
1.526000000000e+03 5.726011196429e-03
1.526500000000e+03 5.420701215029e-03
1.527000000000e+03 5.088167518522e-03
1.527500000000e+03 4.729398644674e-03
1.528000000000e+03 4.347230402958e-03
1.528500000000e+03 3.946295816211e-03
1.529000000000e+03 3.532867602560e-03
1.529500000000e+03 3.114600775452e-03
1.530000000000e+03 2.700189121571e-03
1.530500000000e+03 2.298954676763e-03
1.531000000000e+03 1.920393511806e-03
1.531500000000e+03 1.573703891610e-03
1.532000000000e+03 1.267324006121e-03
1.532500000000e+03 1.008505916479e-03
1.533000000000e+03 8.029501548350e-04
1.533500000000e+03 6.545217062840e-04
1.534000000000e+03 5.650631308097e-04
1.534500000000e+03 5.343146764479e-04
1.535000000000e+03 5.599447762543e-04
1.535500000000e+03 6.376877280867e-04
1.536000000000e+03 7.615790503316e-04
1.536500000000e+03 9.242733877096e-04
1.537000000000e+03 1.117425259566e-03
1.537500000000e+03 1.332109675647e-03
1.538000000000e+03 1.559257879413e-03
1.538500000000e+03 1.790083300886e-03
1.539000000000e+03 2.016474190133e-03
1.539500000000e+03 2.231332232970e-03
1.540000000000e+03 2.428840504890e-03
1.540500000000e+03 2.604649100531e-03
1.541000000000e+03 2.755972332433e-03
1.541500000000e+03 2.881597139538e-03
1.542000000000e+03 2.981807894862e-03
1.542500000000e+03 3.058237785749e-03
1.543000000000e+03 3.113661040529e-03
1.543500000000e+03 3.151743240501e-03
1.544000000000e+03 3.176768620641e-03
1.544500000000e+03 3.193363554160e-03
1.545000000000e+03 3.206234363091e-03
1.545500000000e+03 3.219935320250e-03
1.546000000000e+03 3.238679413199e-03
1.546500000000e+03 3.266200402466e-03
1.547000000000e+03 3.305670245055e-03
1.547500000000e+03 3.359671413893e-03
1.548000000000e+03 3.430219367816e-03
1.548500000000e+03 3.518826727750e-03
1.549000000000e+03 3.626597860121e-03
1.549500000000e+03 3.754340752617e-03
1.550000000000e+03 3.902682405651e-03
1.550500000000e+03 4.072174477990e-03
1.551000000000e+03 4.263377551442e-03
1.551500000000e+03 4.476914964581e-03
1.552000000000e+03 4.713490485688e-03
1.552500000000e+03 4.973867869464e-03
1.553000000000e+03 5.258814257927e-03
1.553500000000e+03 5.569013118205e-03
1.554000000000e+03 5.904955650436e-03
1.554500000000e+03 6.266822075518e-03
1.555000000000e+03 6.654365713965e-03
1.555500000000e+03 7.066813156031e-03
1.556000000000e+03 7.502793048922e-03
1.556500000000e+03 7.960304130287e-03
1.557000000000e+03 8.436730245388e-03
1.557500000000e+03 8.928906407968e-03
1.558000000000e+03 9.433235774142e-03
1.558500000000e+03 9.945853012831e-03
1.559000000000e+03 1.046282531626e-02
1.559500000000e+03 1.098037853576e-02
1.560000000000e+03 1.149513296169e-02
1.560500000000e+03 1.200433134687e-02
1.561000000000e+03 1.250604108811e-02
1.561500000000e+03 1.299931312725e-02
1.562000000000e+03 1.348428211668e-02
1.562500000000e+03 1.396219561912e-02
1.563000000000e+03 1.443536439241e-02
1.563500000000e+03 1.490703087827e-02
1.564000000000e+03 1.538115853901e-02
1.564500000000e+03 1.586215029442e-02
1.565000000000e+03 1.635450961591e-02
1.565500000000e+03 1.686246245728e-02
1.566000000000e+03 1.738956180373e-02
1.566500000000e+03 1.793829892444e-02
1.567000000000e+03 1.850974622483e-02
1.567500000000e+03 1.910325581416e-02
1.568000000000e+03 1.971623554095e-02
1.568500000000e+03 2.034402041463e-02
1.569000000000e+03 2.097985224359e-02
1.569500000000e+03 2.161497427642e-02
1.570000000000e+03 2.223884100465e-02
1.570500000000e+03 2.283943648465e-02
1.571000000000e+03 2.340368799276e-02
1.571500000000e+03 2.391795595878e-02
1.572000000000e+03 2.436857630804e-02
1.572500000000e+03 2.474242789233e-02
1.573000000000e+03 2.502749583458e-02
1.573500000000e+03 2.521340147507e-02
1.574000000000e+03 2.529187120505e-02
1.574500000000e+03 2.525711971096e-02
1.575000000000e+03 2.510612782885e-02
1.575500000000e+03 2.483880103236e-02
1.576000000000e+03 2.445800118368e-02
1.576500000000e+03 2.396945115415e-02
1.577000000000e+03 2.338151883544e-02
1.577500000000e+03 2.270489348916e-02
1.578000000000e+03 2.195217293192e-02
1.578500000000e+03 2.113738439749e-02
1.579000000000e+03 2.027546480948e-02
1.579500000000e+03 1.938172749009e-02
1.580000000000e+03 1.847134197962e-02
1.580500000000e+03 1.755885171191e-02
1.581000000000e+03 1.665775095117e-02
1.581500000000e+03 1.578013789864e-02
1.582000000000e+03 1.493645555172e-02
1.582500000000e+03 1.413532611362e-02
1.583000000000e+03 1.338347890361e-02
1.583500000000e+03 1.268576619281e-02
1.584000000000e+03 1.204525654274e-02
1.584500000000e+03 1.146339135116e-02
1.585000000000e+03 1.094018763405e-02
1.585500000000e+03 1.047446872606e-02
1.586000000000e+03 1.006410459794e-02
1.586500000000e+03 9.706244806872e-03
1.587000000000e+03 9.397529558906e-03
1.587500000000e+03 9.134267739931e-03
1.588000000000e+03 8.912574770511e-03
1.588500000000e+03 8.728467430850e-03
1.589000000000e+03 8.577917042348e-03
1.589500000000e+03 8.456866251714e-03
1.590000000000e+03 8.361217849938e-03
1.590500000000e+03 8.286806335817e-03
1.591000000000e+03 8.229364142643e-03
1.591500000000e+03 8.184494511912e-03
1.592000000000e+03 8.147661936825e-03
1.592500000000e+03 8.114209014440e-03
1.593000000000e+03 8.079405623887e-03
1.593500000000e+03 8.038532839322e-03
1.594000000000e+03 7.987000185150e-03
1.594500000000e+03 7.920491068785e-03
1.595000000000e+03 7.835127799497e-03
1.595500000000e+03 7.727644815093e-03
1.596000000000e+03 7.595556835502e-03
1.596500000000e+03 7.437307823071e-03
1.597000000000e+03 7.252386949488e-03
1.597500000000e+03 7.041399258161e-03
1.598000000000e+03 6.806081285224e-03
1.598500000000e+03 6.549255394684e-03
1.599000000000e+03 6.274720751105e-03
1.599500000000e+03 5.987083398190e-03
1.600000000000e+03 5.691532498949e-03
1.600500000000e+03 5.393574078165e-03
1.601000000000e+03 5.098737258327e-03
1.601500000000e+03 4.812270704500e-03
1.602000000000e+03 4.538848560528e-03
1.602500000000e+03 4.282305414615e-03
1.603000000000e+03 4.045418717608e-03
1.603500000000e+03 3.829754625812e-03
1.604000000000e+03 3.635589587377e-03
1.604500000000e+03 3.461915355813e-03
1.605000000000e+03 3.306529794368e-03
1.605500000000e+03 3.166210179895e-03
1.606000000000e+03 3.036960107574e-03
1.606500000000e+03 2.914315923880e-03
1.607000000000e+03 2.793694240100e-03
1.607500000000e+03 2.670758817635e-03
1.608000000000e+03 2.541783216724e-03
1.608500000000e+03 2.403985217676e-03
1.609000000000e+03 2.255810216371e-03
1.609500000000e+03 2.097143513391e-03
1.610000000000e+03 1.929435506526e-03
1.610500000000e+03 1.755729011463e-03
1.611000000000e+03 1.580583949350e-03
1.611500000000e+03 1.409901069099e-03
1.612000000000e+03 1.250652800687e-03
1.612500000000e+03 1.110535344194e-03
1.613000000000e+03 9.975612915319e-04
1.613500000000e+03 9.196161091647e-04
1.614000000000e+03 8.840044096237e-04
1.614500000000e+03 8.970129291769e-04
1.615000000000e+03 9.635164354630e-04
1.615500000000e+03 1.086650449215e-03
1.616000000000e+03 1.267570823116e-03
1.616500000000e+03 1.505315121674e-03
1.617000000000e+03 1.796774713979e-03
1.617500000000e+03 2.136779912316e-03
1.618000000000e+03 2.518293784018e-03
1.618500000000e+03 2.932703859289e-03
1.619000000000e+03 3.370195258674e-03
1.619500000000e+03 3.820184127935e-03
1.620000000000e+03 4.271786978823e-03
1.620500000000e+03 4.714299787089e-03
1.621000000000e+03 5.137660583715e-03
1.621500000000e+03 5.532870776885e-03
1.622000000000e+03 5.892353436479e-03
1.622500000000e+03 6.210231042569e-03
1.623000000000e+03 6.482510443808e-03
1.623500000000e+03 6.707168632682e-03
1.624000000000e+03 6.884139027997e-03
1.624500000000e+03 7.015203861032e-03
1.625000000000e+03 7.103803608518e-03
1.625500000000e+03 7.154778868816e-03
1.626000000000e+03 7.174063368867e-03
1.626500000000e+03 7.168348737292e-03
1.627000000000e+03 7.144742196011e-03
1.627500000000e+03 7.110437423497e-03
1.628000000000e+03 7.072416638385e-03
1.628500000000e+03 7.037198642248e-03
1.629000000000e+03 7.010643416603e-03
1.629500000000e+03 6.997819214306e-03
1.630000000000e+03 7.002933271913e-03
1.630500000000e+03 7.029322648838e-03
1.631000000000e+03 7.079497602427e-03
1.631500000000e+03 7.155226618067e-03
1.632000000000e+03 7.257649946118e-03
1.632500000000e+03 7.387407389369e-03
1.633000000000e+03 7.544766179710e-03
1.633500000000e+03 7.729736035230e-03
1.634000000000e+03 7.942160763982e-03
1.634500000000e+03 8.181778869136e-03
1.635000000000e+03 8.448249241357e-03
1.635500000000e+03 8.741141890484e-03
1.636000000000e+03 9.059897445844e-03
1.636500000000e+03 9.403762529824e-03
1.637000000000e+03 9.771710801958e-03
1.637500000000e+03 1.016236125567e-02
1.638000000000e+03 1.057390607324e-02
1.638500000000e+03 1.100405993808e-02
1.639000000000e+03 1.145004118594e-02
1.639500000000e+03 1.190859265753e-02
1.640000000000e+03 1.237604678297e-02
1.640500000000e+03 1.284843554018e-02
1.641000000000e+03 1.332164178874e-02
1.641500000000e+03 1.379158441823e-02
1.642000000000e+03 1.425442609630e-02
1.642500000000e+03 1.470678946485e-02
1.643000000000e+03 1.514596567034e-02
1.643500000000e+03 1.557009832132e-02
1.644000000000e+03 1.597832644819e-02
1.644500000000e+03 1.637087181667e-02
1.645000000000e+03 1.674905893453e-02
1.645500000000e+03 1.711526012126e-02
1.646000000000e+03 1.747276282929e-02
1.646500000000e+03 1.782556169463e-02
1.647000000000e+03 1.817808319553e-02
1.647500000000e+03 1.853485592915e-02
1.648000000000e+03 1.890014400988e-02
1.648500000000e+03 1.927756461095e-02
1.649000000000e+03 1.966971293786e-02
1.649500000000e+03 2.007781874017e-02
1.650000000000e+03 2.050145773379e-02
1.650500000000e+03 2.093833902076e-02
1.651000000000e+03 2.138418586238e-02
1.651500000000e+03 2.183272219056e-02
1.652000000000e+03 2.227577132346e-02
1.652500000000e+03 2.270346684638e-02
1.653000000000e+03 2.310456893366e-02
1.653500000000e+03 2.346687294651e-02
1.654000000000e+03 2.377769136037e-02
1.654500000000e+03 2.402438533039e-02
1.655000000000e+03 2.419491880847e-02
1.655500000000e+03 2.427840631028e-02
1.656000000000e+03 2.426562532354e-02
1.656500000000e+03 2.414946597084e-02
1.657000000000e+03 2.392529379872e-02
1.657500000000e+03 2.359120626377e-02
1.658000000000e+03 2.314816933676e-02
1.658500000000e+03 2.260002728409e-02
1.659000000000e+03 2.195338570015e-02
1.659500000000e+03 2.121737481910e-02
1.660000000000e+03 2.040330660233e-02
1.660500000000e+03 1.952424468270e-02
1.661000000000e+03 1.859451061633e-02
1.661500000000e+03 1.762915279302e-02
1.662000000000e+03 1.664340563319e-02
1.662500000000e+03 1.565216630514e-02
1.663000000000e+03 1.466951419058e-02
1.663500000000e+03 1.370829487494e-02
1.664000000000e+03 1.277978579656e-02
1.664500000000e+03 1.189345518331e-02
1.665000000000e+03 1.105681991598e-02
1.665500000000e+03 1.027540188452e-02
1.666000000000e+03 9.552776644984e-03
1.666500000000e+03 8.890703106364e-03
1.667000000000e+03 8.289318890133e-03
1.667500000000e+03 7.747383144782e-03
1.668000000000e+03 7.262547108974e-03
1.668500000000e+03 6.831632645295e-03
1.669000000000e+03 6.450900258693e-03
1.669500000000e+03 6.116290621620e-03
1.670000000000e+03 5.823627121119e-03
1.670500000000e+03 5.568771129298e-03
1.671000000000e+03 5.347726241079e-03
1.671500000000e+03 5.156692271331e-03
1.672000000000e+03 4.992074013296e-03
1.672500000000e+03 4.850453323512e-03
1.673000000000e+03 4.728535761178e-03
1.673500000000e+03 4.623084593278e-03
1.674000000000e+03 4.530855385988e-03
1.674500000000e+03 4.448543636457e-03
1.675000000000e+03 4.372756044731e-03
1.675500000000e+03 4.300013254977e-03
1.676000000000e+03 4.226788448537e-03
1.676500000000e+03 4.149582340576e-03
1.677000000000e+03 4.065031235811e-03
1.677500000000e+03 3.970041161123e-03
1.678000000000e+03 3.861938016457e-03
1.678500000000e+03 3.738621428717e-03
1.679000000000e+03 3.598708752749e-03
1.679500000000e+03 3.441655555967e-03
1.680000000000e+03 3.267839977553e-03
1.680500000000e+03 3.078600509511e-03
1.681000000000e+03 2.876219856784e-03
1.681500000000e+03 2.663851374529e-03
1.682000000000e+03 2.445388868218e-03
1.682500000000e+03 2.225284954535e-03
1.683000000000e+03 2.008327379273e-03
1.683500000000e+03 1.799386344049e-03
1.684000000000e+03 1.603148712021e-03
1.684500000000e+03 1.423856705104e-03
1.685000000000e+03 1.265069208821e-03
1.685500000000e+03 1.129462990175e-03
1.686000000000e+03 1.018689028089e-03
1.686500000000e+03 9.332958709124e-04
1.687000000000e+03 8.727276732259e-04
1.687500000000e+03 8.353996043867e-04
1.688000000000e+03 8.188479977872e-04
1.688500000000e+03 8.199472919364e-04
1.689000000000e+03 8.351808776270e-04
1.689500000000e+03 8.609487675454e-04
1.690000000000e+03 8.938918579922e-04
1.690500000000e+03 9.312107032961e-04
1.691000000000e+03 9.709563318492e-04
1.691500000000e+03 1.012271761354e-03
1.692000000000e+03 1.055565478100e-03
1.692500000000e+03 1.102602087574e-03
1.693000000000e+03 1.156500383644e-03
1.693500000000e+03 1.221634904807e-03
1.694000000000e+03 1.303443274010e-03
1.694500000000e+03 1.408147845888e-03
1.695000000000e+03 1.542405998546e-03
1.695500000000e+03 1.712908415066e-03
1.696000000000e+03 1.925948560604e-03
1.696500000000e+03 2.186989004639e-03
1.697000000000e+03 2.500251086299e-03
1.697500000000e+03 2.868353598756e-03
1.698000000000e+03 3.292023712476e-03
1.698500000000e+03 3.769899408446e-03
1.699000000000e+03 4.298437493993e-03
1.699500000000e+03 4.871935149338e-03
1.700000000000e+03 5.482666289600e-03
1.700500000000e+03 6.121127246104e-03
1.701000000000e+03 6.776379803409e-03
1.701500000000e+03 7.436473883328e-03
1.702000000000e+03 8.088927507117e-03
1.702500000000e+03 8.721238381233e-03
1.703000000000e+03 9.321399741118e-03
1.703500000000e+03 9.878393046657e-03
1.704000000000e+03 1.038263174069e-02
1.704500000000e+03 1.082633343591e-02
1.705000000000e+03 1.120380236834e-02
1.705500000000e+03 1.151160944370e-02
1.706000000000e+03 1.174866334206e-02
1.706500000000e+03 1.191617253465e-02
1.707000000000e+03 1.201750429310e-02
1.707500000000e+03 1.205795244094e-02
1.708000000000e+03 1.204443036220e-02
1.708500000000e+03 1.198510935790e-02
1.709000000000e+03 1.188902463259e-02
1.709500000000e+03 1.176567189827e-02
1.710000000000e+03 1.162461680517e-02
1.710500000000e+03 1.147513725004e-02
1.711000000000e+03 1.132591526645e-02
1.711500000000e+03 1.118479093883e-02
1.712000000000e+03 1.105858592803e-02
1.712500000000e+03 1.095299910968e-02
1.713000000000e+03 1.087257187117e-02
1.713500000000e+03 1.082071613429e-02
1.714000000000e+03 1.079979446737e-02
1.714500000000e+03 1.081123896113e-02
1.715000000000e+03 1.085569402024e-02
1.715500000000e+03 1.093316793447e-02
1.716000000000e+03 1.104317901040e-02
1.716500000000e+03 1.118488405038e-02
1.717000000000e+03 1.135717986151e-02
1.717500000000e+03 1.155877200369e-02
1.718000000000e+03 1.178820883868e-02
1.718500000000e+03 1.204388279580e-02
1.719000000000e+03 1.232400430790e-02
1.719500000000e+03 1.262655680078e-02
1.720000000000e+03 1.294924320283e-02
1.720500000000e+03 1.328943550866e-02
1.721000000000e+03 1.364413889151e-02
1.721500000000e+03 1.400998071548e-02
1.722000000000e+03 1.438323263767e-02
1.722500000000e+03 1.475987098306e-02
1.723000000000e+03 1.513567696146e-02
1.723500000000e+03 1.550637436702e-02
1.724000000000e+03 1.586779847780e-02
1.724500000000e+03 1.621608628180e-02
1.725000000000e+03 1.654787520360e-02
1.725500000000e+03 1.686049545563e-02
1.726000000000e+03 1.715214019063e-02
1.726500000000e+03 1.742199790727e-02
1.727000000000e+03 1.767033308882e-02
1.727500000000e+03 1.789850377240e-02
1.728000000000e+03 1.810890849673e-02
1.728500000000e+03 1.830485962478e-02
1.729000000000e+03 1.849038507958e-02
1.729500000000e+03 1.866996572061e-02
1.730000000000e+03 1.884822055389e-02
1.730500000000e+03 1.902955634947e-02
1.731000000000e+03 1.921780170026e-02
1.731500000000e+03 1.941584782155e-02
1.732000000000e+03 1.962531925813e-02
1.732500000000e+03 1.984629702770e-02
1.733000000000e+03 2.007711457704e-02
1.733500000000e+03 2.031424335660e-02
1.734000000000e+03 2.055228002528e-02
1.734500000000e+03 2.078404156089e-02
1.735000000000e+03 2.100076822534e-02
1.735500000000e+03 2.119242781406e-02
1.736000000000e+03 2.134810832441e-02
1.736500000000e+03 2.145648051792e-02
1.737000000000e+03 2.150630720103e-02
1.737500000000e+03 2.148697272136e-02
1.738000000000e+03 2.138900440312e-02
1.738500000000e+03 2.120455755778e-02
1.739000000000e+03 2.092783732943e-02
1.739500000000e+03 2.055543388035e-02
1.740000000000e+03 2.008655210104e-02
1.740500000000e+03 1.952312285392e-02
1.741000000000e+03 1.886978937230e-02
1.741500000000e+03 1.813376942473e-02
1.742000000000e+03 1.732460078593e-02
1.742500000000e+03 1.645378399843e-02
1.743000000000e+03 1.553434196731e-02
1.743500000000e+03 1.458032026678e-02
1.744000000000e+03 1.360625489351e-02
1.744500000000e+03 1.262663542020e-02
1.745000000000e+03 1.165539102979e-02
1.745500000000e+03 1.070542480485e-02
1.746000000000e+03 9.788218070572e-03
1.746500000000e+03 8.913521798588e-03
1.747000000000e+03 8.089146404059e-03
1.747500000000e+03 7.320855092196e-03
1.748000000000e+03 6.612359641579e-03
1.748500000000e+03 5.965411555985e-03
1.749000000000e+03 5.379976251475e-03
1.749500000000e+03 4.854473692863e-03
1.750000000000e+03 4.386065900593e-03
1.750500000000e+03 3.970970171962e-03
1.751000000000e+03 3.604776753667e-03
1.751500000000e+03 3.282751021639e-03
1.752000000000e+03 3.000102824025e-03
1.752500000000e+03 2.752209296534e-03
1.753000000000e+03 2.534781869568e-03
1.753500000000e+03 2.343973012455e-03
1.754000000000e+03 2.176423139390e-03
1.754500000000e+03 2.029252678169e-03
1.755000000000e+03 1.900008251509e-03
1.755500000000e+03 1.786574969779e-03
1.756000000000e+03 1.687068785317e-03
1.756500000000e+03 1.599723598714e-03
1.757000000000e+03 1.522787316949e-03
1.757500000000e+03 1.454439414269e-03
1.758000000000e+03 1.392739898622e-03
1.758500000000e+03 1.335616171165e-03
1.759000000000e+03 1.280890371734e-03
1.759500000000e+03 1.226345749149e-03
1.760000000000e+03 1.169826712168e-03
1.760500000000e+03 1.109363817188e-03
1.761000000000e+03 1.043312307427e-03
1.761500000000e+03 9.704911482075e-04
1.762000000000e+03 8.903089426443e-04
1.762500000000e+03 8.028637124419e-04
1.763000000000e+03 7.090052510875e-04
1.763500000000e+03 6.103514745661e-04
1.764000000000e+03 5.092537034294e-04
1.764500000000e+03 4.087098412581e-04
1.765000000000e+03 3.122286573390e-04
1.765500000000e+03 2.236525037107e-04
1.766000000000e+03 1.469494721699e-04
1.766500000000e+03 8.598892720505e-05
1.767000000000e+03 4.431629050860e-05
1.767500000000e+03 2.494372619141e-05
1.768000000000e+03 3.017289291715e-05
1.768500000000e+03 6.146419191504e-05
1.769000000000e+03 1.193640441298e-04
1.769500000000e+03 2.034978597666e-04
1.770000000000e+03 3.126317792055e-04
1.770500000000e+03 4.448012839563e-04
1.771000000000e+03 5.974997543226e-04
1.771500000000e+03 7.679153519846e-04
1.772000000000e+03 9.532005808333e-04
1.772500000000e+03 1.150755837581e-03
1.773000000000e+03 1.358506450807e-03
1.773500000000e+03 1.575152287587e-03
1.774000000000e+03 1.800370049218e-03
1.774500000000e+03 2.034950849977e-03
1.775000000000e+03 2.280859441576e-03
1.775500000000e+03 2.541206285298e-03
1.776000000000e+03 2.820129278113e-03
1.776500000000e+03 3.122587945130e-03
1.777000000000e+03 3.454078919564e-03
1.777500000000e+03 3.820287137947e-03
1.778000000000e+03 4.226691996637e-03
1.778500000000e+03 4.678151406673e-03
1.779000000000e+03 5.178488980622e-03
1.779500000000e+03 5.730110307121e-03
1.780000000000e+03 6.333673341567e-03
1.780500000000e+03 6.987835396544e-03
1.781000000000e+03 7.689095193158e-03
1.781500000000e+03 8.431743174123e-03
1.782000000000e+03 9.207927102437e-03
1.782500000000e+03 1.000783326260e-02
1.783000000000e+03 1.081997676464e-02
1.783500000000e+03 1.163158795857e-02
1.784000000000e+03 1.242907620871e-02
1.784500000000e+03 1.319854762028e-02
1.785000000000e+03 1.392635004827e-02
1.785500000000e+03 1.459961705628e-02
1.786000000000e+03 1.520678253005e-02
1.786500000000e+03 1.573803937834e-02
1.787000000000e+03 1.618571905273e-02
1.787500000000e+03 1.654457327069e-02
1.788000000000e+03 1.681194502579e-02
1.788500000000e+03 1.698782234906e-02
1.789000000000e+03 1.707477493414e-02
1.789500000000e+03 1.707778023844e-02
1.790000000000e+03 1.700395161556e-02
1.790500000000e+03 1.686218606007e-02
1.791000000000e+03 1.666275295808e-02
1.791500000000e+03 1.641684762649e-02
1.792000000000e+03 1.613613427599e-02
1.792500000000e+03 1.583230234244e-02
1.793000000000e+03 1.551665798960e-02
1.793500000000e+03 1.519976918585e-02
1.794000000000e+03 1.489117836502e-02
1.794500000000e+03 1.459919162702e-02
1.795000000000e+03 1.433074808278e-02
1.795500000000e+03 1.409136767441e-02
1.796000000000e+03 1.388517096464e-02
1.796500000000e+03 1.371496030549e-02
1.797000000000e+03 1.358234872140e-02
1.797500000000e+03 1.348792094814e-02
1.798000000000e+03 1.343141044362e-02
1.798500000000e+03 1.341187681561e-02
1.799000000000e+03 1.342786989564e-02
1.799500000000e+03 1.347756943893e-02
1.800000000000e+03 1.355889289632e-02
1.800500000000e+03 1.366956758274e-02
1.801000000000e+03 1.380716753358e-02
1.801500000000e+03 1.396911906895e-02
1.802000000000e+03 1.415268227513e-02
1.802500000000e+03 1.435491800930e-02
1.803000000000e+03 1.457265145001e-02
1.803500000000e+03 1.480244354357e-02
1.804000000000e+03 1.504058091603e-02
1.804500000000e+03 1.528309299980e-02
1.805000000000e+03 1.552580241635e-02
1.805500000000e+03 1.576441128564e-02
1.806000000000e+03 1.599462237792e-02
1.806500000000e+03 1.621229019768e-02
1.807000000000e+03 1.641359351485e-02
1.807500000000e+03 1.659521784305e-02
1.808000000000e+03 1.675453417768e-02
1.808500000000e+03 1.688975915807e-02
1.809000000000e+03 1.700008184033e-02
1.809500000000e+03 1.708574350806e-02
1.810000000000e+03 1.714805935782e-02
1.810500000000e+03 1.718937434041e-02
1.811000000000e+03 1.721294969532e-02
1.811500000000e+03 1.722278149938e-02
1.812000000000e+03 1.722335752558e-02
1.812500000000e+03 1.721936351631e-02
1.813000000000e+03 1.721535425967e-02
1.813500000000e+03 1.721540828750e-02
1.814000000000e+03 1.722278731231e-02
1.814500000000e+03 1.723962248110e-02
1.815000000000e+03 1.726664903111e-02
1.815500000000e+03 1.730300896644e-02
1.816000000000e+03 1.734613802153e-02
1.816500000000e+03 1.739174861660e-02
1.817000000000e+03 1.743391501342e-02
1.817500000000e+03 1.746526078369e-02
1.818000000000e+03 1.747724239549e-02
1.818500000000e+03 1.746051661495e-02
1.819000000000e+03 1.740537391247e-02
1.819500000000e+03 1.730221552885e-02
1.820000000000e+03 1.714204860657e-02
1.820500000000e+03 1.691697205931e-02
1.821000000000e+03 1.662062577180e-02
1.821500000000e+03 1.624857732363e-02
1.822000000000e+03 1.579862363119e-02
1.822500000000e+03 1.527098951745e-02
1.823000000000e+03 1.466841096938e-02
1.823500000000e+03 1.399609737352e-02
1.824000000000e+03 1.326157392449e-02
1.824500000000e+03 1.247441224778e-02
1.825000000000e+03 1.164586363663e-02
1.825500000000e+03 1.078841477818e-02
1.826000000000e+03 9.915290094885e-03
1.826500000000e+03 9.039927595010e-03
1.827000000000e+03 8.175456248182e-03
1.827500000000e+03 7.334202323643e-03
1.828000000000e+03 6.527249904432e-03
1.828500000000e+03 5.764077083254e-03
1.829000000000e+03 5.052284409188e-03
1.829500000000e+03 4.397426323121e-03
1.830000000000e+03 3.802949979561e-03
1.830500000000e+03 3.270239418077e-03
1.831000000000e+03 2.798756932557e-03
1.831500000000e+03 2.386268077035e-03
1.832000000000e+03 2.029132374603e-03
1.832500000000e+03 1.722638718592e-03
1.833000000000e+03 1.461362836845e-03
1.833500000000e+03 1.239524095583e-03
1.834000000000e+03 1.051320308201e-03
1.834500000000e+03 8.912219462518e-04
1.835000000000e+03 7.542109973816e-04
1.835500000000e+03 6.359543776844e-04
1.836000000000e+03 5.329069362905e-04
1.836500000000e+03 4.423443152773e-04
1.837000000000e+03 3.623308783316e-04
1.837500000000e+03 2.916322561932e-04
1.838000000000e+03 2.295854864347e-04
1.838500000000e+03 1.759420326783e-04
1.839000000000e+03 1.307000226358e-04
1.839500000000e+03 9.394180849953e-05
1.840000000000e+03 6.569148521942e-05
1.840500000000e+03 4.580444975566e-05
1.841000000000e+03 3.389767223274e-05
1.841500000000e+03 2.932536285056e-05
1.842000000000e+03 3.120047887568e-05
1.842500000000e+03 3.845836060592e-05
1.843000000000e+03 4.995503852532e-05
1.843500000000e+03 6.458970571791e-05
1.844000000000e+03 8.143873236594e-05
1.844500000000e+03 9.988757197072e-05
1.845000000000e+03 1.197470452786e-04
1.845500000000e+03 1.413417711142e-04
1.846000000000e+03 1.655608378320e-04
1.846500000000e+03 1.938639885764e-04
1.847000000000e+03 2.282403752693e-04
1.847500000000e+03 2.711210196992e-04
1.848000000000e+03 3.252501801550e-04
1.848500000000e+03 3.935245327669e-04
1.849000000000e+03 4.788121367479e-04
1.849500000000e+03 5.837653074531e-04
1.850000000000e+03 7.106425827466e-04
1.850500000000e+03 8.611548302123e-04
1.851000000000e+03 1.036349188910e-03
1.851500000000e+03 1.236542046023e-03
1.852000000000e+03 1.461308779695e-03
1.852500000000e+03 1.709533796215e-03
1.853000000000e+03 1.979519752917e-03
1.853500000000e+03 2.269150128324e-03
1.854000000000e+03 2.576094832209e-03
1.854500000000e+03 2.898044683136e-03
1.855000000000e+03 3.232957626610e-03
1.855500000000e+03 3.579297769587e-03
1.856000000000e+03 3.936247835661e-03
1.856500000000e+03 4.303876576461e-03
1.857000000000e+03 4.683244985933e-03
1.857500000000e+03 5.076438734726e-03
1.858000000000e+03 5.486518856980e-03
1.858500000000e+03 5.917388089945e-03
1.859000000000e+03 6.373576035346e-03
1.859500000000e+03 6.859952092949e-03
1.860000000000e+03 7.381380512996e-03
1.860500000000e+03 7.942336547262e-03
1.861000000000e+03 8.546506211524e-03
1.861500000000e+03 9.196394340599e-03
1.862000000000e+03 9.892966239589e-03
1.862500000000e+03 1.063534723475e-02
1.863000000000e+03 1.142060183225e-02
1.863500000000e+03 1.224361013970e-02
1.864000000000e+03 1.309705392786e-02
1.864500000000e+03 1.397151852725e-02
1.865000000000e+03 1.485571004835e-02
1.865500000000e+03 1.573678060547e-02
1.866000000000e+03 1.660074774402e-02
1.866500000000e+03 1.743298853183e-02
1.867000000000e+03 1.821878414595e-02
1.867500000000e+03 1.894388756300e-02
1.868000000000e+03 1.959508535358e-02
1.868500000000e+03 2.016072469191e-02
1.869000000000e+03 2.063117851574e-02
1.869500000000e+03 2.099922519158e-02
1.870000000000e+03 2.126032383844e-02
1.870500000000e+03 2.141277233427e-02
1.871000000000e+03 2.145774159981e-02
1.871500000000e+03 2.139918661178e-02
1.872000000000e+03 2.124364131205e-02
1.872500000000e+03 2.099991073772e-02
1.873000000000e+03 2.067867892699e-02
1.873500000000e+03 2.029205514957e-02
1.874000000000e+03 1.985308354708e-02
1.874500000000e+03 1.937524222564e-02
1.875000000000e+03 1.887195720228e-02
1.875500000000e+03 1.835615445721e-02
1.876000000000e+03 1.783986987033e-02
1.876500000000e+03 1.733393229209e-02
1.877000000000e+03 1.684772974710e-02
1.877500000000e+03 1.638906316637e-02
1.878000000000e+03 1.596408647491e-02
1.878500000000e+03 1.557732669846e-02
1.879000000000e+03 1.523177332734e-02
1.879500000000e+03 1.492902276000e-02
1.880000000000e+03 1.466946143414e-02
1.880500000000e+03 1.445247034239e-02
1.881000000000e+03 1.427663402586e-02
1.881500000000e+03 1.413993875392e-02
1.882000000000e+03 1.403994725640e-02
1.882500000000e+03 1.397394082733e-02
1.883000000000e+03 1.393902356826e-02
1.883500000000e+03 1.393218765494e-02
1.884000000000e+03 1.395034246088e-02
1.884500000000e+03 1.399031384243e-02
1.885000000000e+03 1.404882261359e-02
1.885500000000e+03 1.412245300926e-02
1.886000000000e+03 1.420762262602e-02
1.886500000000e+03 1.430056489984e-02
1.887000000000e+03 1.439733367903e-02
1.887500000000e+03 1.449383701461e-02
1.888000000000e+03 1.458590412709e-02
1.888500000000e+03 1.466938588724e-02
1.889000000000e+03 1.474028537486e-02
1.889500000000e+03 1.479491147331e-02
1.890000000000e+03 1.483004533006e-02
1.890500000000e+03 1.484310714029e-02
1.891000000000e+03 1.483230931249e-02
1.891500000000e+03 1.479678180084e-02
1.892000000000e+03 1.473665630019e-02
1.892500000000e+03 1.465309806918e-02
1.893000000000e+03 1.454827725514e-02
1.893500000000e+03 1.442527554127e-02
1.894000000000e+03 1.428792845012e-02
1.894500000000e+03 1.414060839795e-02
1.895000000000e+03 1.398795825255e-02
1.895500000000e+03 1.383458935355e-02
1.896000000000e+03 1.368476137976e-02
1.896500000000e+03 1.354206381424e-02
1.897000000000e+03 1.340911985302e-02
1.897500000000e+03 1.328733330151e-02
1.898000000000e+03 1.317669727503e-02
1.898500000000e+03 1.307568043483e-02
1.899000000000e+03 1.298120221860e-02
1.899500000000e+03 1.288870331635e-02
1.900000000000e+03 1.279231182501e-02
1.900500000000e+03 1.268509946382e-02
1.901000000000e+03 1.255941634383e-02
1.901500000000e+03 1.240728745743e-02
1.902000000000e+03 1.222084965220e-02
1.902500000000e+03 1.199280468805e-02
1.903000000000e+03 1.171686228166e-02
1.903500000000e+03 1.138814695466e-02
1.904000000000e+03 1.100354405742e-02
1.904500000000e+03 1.056196346296e-02
1.905000000000e+03 1.006450393706e-02
1.905500000000e+03 9.514506820063e-03
1.906000000000e+03 8.917494053756e-03
1.906500000000e+03 8.280992353723e-03
1.907000000000e+03 7.614252035649e-03
1.907500000000e+03 6.927875227252e-03
1.908000000000e+03 6.233373540970e-03
1.908500000000e+03 5.542679405240e-03
1.909000000000e+03 4.867637895935e-03
1.909500000000e+03 4.219506907435e-03
1.910000000000e+03 3.608492800148e-03
1.910500000000e+03 3.043346309603e-03
1.911000000000e+03 2.531039662768e-03
1.911500000000e+03 2.076540775499e-03
1.912000000000e+03 1.682694435133e-03
1.912500000000e+03 1.350213893783e-03
1.913000000000e+03 1.077779730515e-03
1.913500000000e+03 8.622366031123e-04
1.914000000000e+03 6.988729972680e-04
1.914500000000e+03 5.817646319257e-04
1.915000000000e+03 5.041590599035e-04
1.915500000000e+03 4.588773858042e-04
1.916000000000e+03 4.387089790269e-04
1.916500000000e+03 4.367765530812e-04
1.917000000000e+03 4.468518757775e-04
1.917500000000e+03 4.636064392768e-04
1.918000000000e+03 4.827863514816e-04
1.918500000000e+03 5.013061550310e-04
1.919000000000e+03 5.172618548903e-04
1.919500000000e+03 5.298687570844e-04
1.920000000000e+03 5.393344329302e-04
1.920500000000e+03 5.466809194752e-04
1.921000000000e+03 5.535329124047e-04
1.921500000000e+03 5.618900548008e-04
1.922000000000e+03 5.739014202121e-04
1.922500000000e+03 5.916589764124e-04
1.923000000000e+03 6.170243341428e-04
1.923500000000e+03 6.514996513213e-04
1.924000000000e+03 6.961494607922e-04
1.924500000000e+03 7.515757433951e-04
1.925000000000e+03 8.179441227298e-04
1.925500000000e+03 8.950549495581e-04
1.926000000000e+03 9.824495782470e-04
1.926500000000e+03 1.079539566461e-03
1.927000000000e+03 1.185745032530e-03
1.927500000000e+03 1.300628078404e-03
1.928000000000e+03 1.424008035189e-03
1.928500000000e+03 1.556047227681e-03
1.929000000000e+03 1.697298816164e-03
1.929500000000e+03 1.848711819794e-03
1.930000000000e+03 2.011592365996e-03
1.930500000000e+03 2.187524224580e-03
1.931000000000e+03 2.378255448978e-03
1.931500000000e+03 2.585561153140e-03
1.932000000000e+03 2.811094838493e-03
1.932500000000e+03 3.056242048343e-03
1.933000000000e+03 3.321990345583e-03
1.933500000000e+03 3.608828646791e-03
1.934000000000e+03 3.916686858651e-03
1.934500000000e+03 4.244923694425e-03
1.935000000000e+03 4.592366721080e-03
1.935500000000e+03 4.957404384888e-03
1.936000000000e+03 5.338125311882e-03
1.936500000000e+03 5.732495920986e-03
1.937000000000e+03 6.138563661320e-03
1.937500000000e+03 6.554670291736e-03
1.938000000000e+03 6.979657811802e-03
1.938500000000e+03 7.413049101309e-03
1.939000000000e+03 7.855186116374e-03
1.939500000000e+03 8.307310613316e-03
1.940000000000e+03 8.771575718058e-03
1.940500000000e+03 9.250981029065e-03
1.941000000000e+03 9.749229057610e-03
1.941500000000e+03 1.027050633007e-02
1.942000000000e+03 1.081919802794e-02
1.942500000000e+03 1.139955023237e-02
1.943000000000e+03 1.201529829981e-02
1.943500000000e+03 1.266928329178e-02
1.944000000000e+03 1.336308044978e-02
1.944500000000e+03 1.409666426506e-02
1.945000000000e+03 1.486813366152e-02
1.945500000000e+03 1.567351821093e-02
1.946000000000e+03 1.650668226541e-02
1.946500000000e+03 1.735933864888e-02
1.947000000000e+03 1.822117741171e-02
1.947500000000e+03 1.908010849757e-02
1.948000000000e+03 1.992261041444e-02
1.948500000000e+03 2.073417057322e-02
1.949000000000e+03 2.149979726860e-02
1.949500000000e+03 2.220457869686e-02
1.950000000000e+03 2.283426123310e-02
1.950500000000e+03 2.337581763866e-02
1.951000000000e+03 2.381797604298e-02
1.951500000000e+03 2.415168244318e-02
1.952000000000e+03 2.437047297320e-02
1.952500000000e+03 2.447073709704e-02
1.953000000000e+03 2.445185887223e-02
1.953500000000e+03 2.431623013542e-02
1.954000000000e+03 2.406913646554e-02
1.954500000000e+03 2.371852364654e-02
1.955000000000e+03 2.327465866117e-02
1.955500000000e+03 2.274970461847e-02
1.956000000000e+03 2.215723313426e-02
1.956500000000e+03 2.151170031602e-02
1.957000000000e+03 2.082791351834e-02
1.957500000000e+03 2.012051540967e-02
1.958000000000e+03 1.940350970602e-02
1.958500000000e+03 1.868984936680e-02
1.959000000000e+03 1.799110337871e-02
1.959500000000e+03 1.731721281278e-02
1.960000000000e+03 1.667634100329e-02
1.960500000000e+03 1.607481686146e-02
1.961000000000e+03 1.551716488397e-02
1.961500000000e+03 1.500621069396e-02
1.962000000000e+03 1.454324724640e-02
1.962500000000e+03 1.412824434951e-02
1.963000000000e+03 1.376008301419e-02
1.963500000000e+03 1.343679636544e-02
1.964000000000e+03 1.315580035273e-02
1.964500000000e+03 1.291410011525e-02
1.965000000000e+03 1.270846134770e-02
1.965500000000e+03 1.253554007554e-02
1.966000000000e+03 1.239196855036e-02
1.966500000000e+03 1.227439917684e-02
1.967000000000e+03 1.217951215596e-02
1.967500000000e+03 1.210399559176e-02
1.968000000000e+03 1.204450893653e-02
1.968500000000e+03 1.199764169671e-02
1.969000000000e+03 1.195987922747e-02
1.969500000000e+03 1.192758624088e-02
1.970000000000e+03 1.189701645717e-02
1.970500000000e+03 1.186435383738e-02
1.971000000000e+03 1.182578730716e-02
1.971500000000e+03 1.177761711401e-02
1.972000000000e+03 1.171638727664e-02
1.972500000000e+03 1.163903529566e-02
1.973000000000e+03 1.154304768837e-02
1.973500000000e+03 1.142660821658e-02
1.974000000000e+03 1.128872506282e-02
1.974500000000e+03 1.112932375480e-02
1.975000000000e+03 1.094929433440e-02
1.975500000000e+03 1.075048401610e-02
1.976000000000e+03 1.053563019819e-02
1.976500000000e+03 1.030823292612e-02
1.977000000000e+03 1.007237045157e-02
1.977500000000e+03 9.832466048506e-03
1.978000000000e+03 9.593018391629e-03
1.978500000000e+03 9.358311248690e-03
1.979000000000e+03 9.132120704010e-03
1.979500000000e+03 8.917439397036e-03
1.980000000000e+03 8.716237192376e-03
1.980500000000e+03 8.529276252135e-03
1.981000000000e+03 8.355995713607e-03
1.981500000000e+03 8.194477234968e-03
1.982000000000e+03 8.041497798494e-03
1.982500000000e+03 7.892670662095e-03
1.983000000000e+03 7.742669587973e-03
1.983500000000e+03 7.585525838909e-03
1.984000000000e+03 7.414982303924e-03
1.984500000000e+03 7.224884859302e-03
1.985000000000e+03 7.009587992667e-03
1.985500000000e+03 6.764350053651e-03
1.986000000000e+03 6.485693385155e-03
1.986500000000e+03 6.171706074912e-03
1.987000000000e+03 5.822265079960e-03
1.987500000000e+03 5.439164848369e-03
1.988000000000e+03 5.026141027793e-03
1.988500000000e+03 4.588785072301e-03
1.989000000000e+03 4.134352141797e-03
1.989500000000e+03 3.671471214397e-03
1.990000000000e+03 3.209772376628e-03
1.990500000000e+03 2.759451430682e-03
1.991000000000e+03 2.330795920741e-03
1.991500000000e+03 1.933699174198e-03
1.992000000000e+03 1.577189810973e-03
1.992500000000e+03 1.269003338264e-03
1.993000000000e+03 1.015219968618e-03
1.993500000000e+03 8.199888373924e-04
1.994000000000e+03 6.853536039776e-04
1.994500000000e+03 6.111883368998e-04
1.995000000000e+03 5.952459954829e-04
1.995500000000e+03 6.333151539221e-04
1.996000000000e+03 7.194742912709e-04
1.996500000000e+03 8.464273924767e-04
1.997000000000e+03 1.005900117798e-03
1.997500000000e+03 1.189072672906e-03
1.998000000000e+03 1.387023928804e-03
1.998500000000e+03 1.591161376042e-03
1.999000000000e+03 1.793613118851e-03
1.999500000000e+03 1.987561187347e-03
2.000000000000e+03 2.167499737850e-03
