0.000000000000e+00 5.445349786555e-33
5.000000000000e-01 5.646007418230e-03
1.000000000000e+00 2.114814846661e-02
1.500000000000e+00 4.260838245850e-02
2.000000000000e+00 6.477898247377e-02
2.500000000000e+00 8.256161549081e-02
3.000000000000e+00 9.246589359247e-02
3.500000000000e+00 9.360979898895e-02
4.000000000000e+00 8.797193098125e-02
4.500000000000e+00 7.981555247083e-02
5.000000000000e+00 7.443819477062e-02
5.500000000000e+00 7.659258073666e-02
6.000000000000e+00 8.902084483077e-02
6.500000000000e+00 1.115171139187e-01
7.000000000000e+00 1.407904560046e-01
7.500000000000e+00 1.711804433963e-01
8.000000000000e+00 1.960420367015e-01
8.500000000000e+00 2.094306214286e-01
9.000000000000e+00 2.076335440495e-01
9.500000000000e+00 1.901349788121e-01
1.000000000000e+01 1.597552648084e-01
1.050000000000e+01 1.219312138750e-01
1.100000000000e+01 8.333782353973e-02
1.150000000000e+01 5.022955228243e-02
1.200000000000e+01 2.695178071070e-02
1.250000000000e+01 1.502062243013e-02
1.300000000000e+01 1.300700570281e-02
1.350000000000e+01 1.723459722816e-02
1.400000000000e+01 2.307409532498e-02
1.450000000000e+01 2.645209831589e-02
1.500000000000e+01 2.513686115196e-02
1.550000000000e+01 1.943103622494e-02
1.600000000000e+01 1.207351773849e-02
1.650000000000e+01 7.380134117081e-03
1.700000000000e+01 9.871961666836e-03
1.750000000000e+01 2.278870096817e-02
1.800000000000e+01 4.692084482130e-02
1.850000000000e+01 8.010778143445e-02
1.900000000000e+01 1.175635203666e-01
1.950000000000e+01 1.529592074922e-01
2.000000000000e+01 1.799771453600e-01
2.050000000000e+01 1.939149073480e-01
2.100000000000e+01 1.928988249651e-01
2.150000000000e+01 1.783695775539e-01
2.200000000000e+01 1.547004893945e-01
2.250000000000e+01 1.280466910825e-01
2.300000000000e+01 1.047346042713e-01
2.350000000000e+01 8.962753254699e-02
2.400000000000e+01 8.490933181219e-02
2.450000000000e+01 8.961242091069e-02
2.500000000000e+01 1.000108945628e-01
2.550000000000e+01 1.107612751760e-01
2.600000000000e+01 1.164685906497e-01
2.650000000000e+01 1.132407239625e-01
2.700000000000e+01 9.980091575527e-02
2.750000000000e+01 7.785455339199e-02
2.800000000000e+01 5.161636567010e-02
2.850000000000e+01 2.663902793346e-02
2.900000000000e+01 8.278336565441e-03
2.950000000000e+01 2.294395314712e-04
3.000000000000e+01 3.545645807027e-03
3.050000000000e+01 1.641288628535e-02
3.100000000000e+01 3.473809258307e-02
3.150000000000e+01 5.337907237211e-02
3.200000000000e+01 6.766176336050e-02
3.250000000000e+01 7.474914425930e-02
3.300000000000e+01 7.446758588138e-02
3.350000000000e+01 6.934951371596e-02
3.400000000000e+01 6.387306780162e-02
3.450000000000e+01 6.310777605829e-02
3.500000000000e+01 7.114594107006e-02
3.550000000000e+01 8.976432428470e-02
3.600000000000e+01 1.177011509329e-01
3.650000000000e+01 1.507655797149e-01
3.700000000000e+01 1.827670297057e-01
3.750000000000e+01 2.070239735292e-01
3.800000000000e+01 2.180494297725e-01
3.850000000000e+01 2.129587580905e-01
3.900000000000e+01 1.922190568646e-01
3.950000000000e+01 1.595382194648e-01
4.000000000000e+01 1.209260405051e-01
4.050000000000e+01 8.318476084878e-02
4.100000000000e+01 5.223982647888e-02
4.150000000000e+01 3.176112093129e-02
4.200000000000e+01 2.243996371781e-02
4.250000000000e+01 2.210183839027e-02
4.300000000000e+01 2.660109026242e-02
4.350000000000e+01 3.122702314926e-02
4.400000000000e+01 3.221133178198e-02
4.450000000000e+01 2.790327710864e-02
4.500000000000e+01 1.927756842877e-02
4.550000000000e+01 9.632494285757e-03
4.600000000000e+01 3.568082701072e-03
4.650000000000e+01 5.540554676051e-03
4.700000000000e+01 1.841191684794e-02
4.750000000000e+01 4.241763015711e-02
4.800000000000e+01 7.485955212286e-02
4.850000000000e+01 1.106280823880e-01
4.900000000000e+01 1.434235632947e-01
4.950000000000e+01 1.673481184576e-01
5.000000000000e+01 1.784312100095e-01
5.050000000000e+01 1.756658805489e-01
5.100000000000e+01 1.612645994970e-01
5.150000000000e+01 1.400574706897e-01
5.200000000000e+01 1.181919432410e-01
5.250000000000e+01 1.014863499059e-01
5.300000000000e+01 9.388574925371e-02
5.350000000000e+01 9.644079144392e-02
5.400000000000e+01 1.070862459698e-01
5.450000000000e+01 1.212753723208e-01
5.500000000000e+01 1.332906711731e-01
5.550000000000e+01 1.378661078047e-01
5.600000000000e+01 1.316720133270e-01
5.650000000000e+01 1.142545861179e-01
5.700000000000e+01 8.817556582531e-02
5.750000000000e+01 5.832114552755e-02
5.800000000000e+01 3.058006936549e-02
5.850000000000e+01 1.026476254695e-02
5.900000000000e+01 7.179394919811e-04
5.950000000000e+01 2.491636857797e-03
6.000000000000e+01 1.332195680884e-02
6.050000000000e+01 2.889715212744e-02
6.100000000000e+01 4.419249648415e-02
6.150000000000e+01 5.498563322985e-02
6.200000000000e+01 5.911564218312e-02
6.250000000000e+01 5.712209056928e-02
6.300000000000e+01 5.207637737671e-02
6.350000000000e+01 4.864734647356e-02
6.400000000000e+01 5.166192646627e-02
6.450000000000e+01 6.456788732851e-02
6.500000000000e+01 8.823829962197e-02
6.550000000000e+01 1.204663489605e-01
6.600000000000e+01 1.563097285601e-01
6.650000000000e+01 1.892084477671e-01
6.700000000000e+01 2.125840680267e-01
6.750000000000e+01 2.214923219447e-01
6.800000000000e+01 2.138828875751e-01
6.850000000000e+01 1.911251201263e-01
6.900000000000e+01 1.576578522034e-01
6.950000000000e+01 1.198597951023e-01
7.000000000000e+01 8.444857052547e-02
7.050000000000e+01 5.684245854610e-02
7.100000000000e+01 3.992485967184e-02
7.150000000000e+01 3.353598874049e-02
7.200000000000e+01 3.481196413603e-02
7.250000000000e+01 3.925540293122e-02
7.300000000000e+01 4.221973486659e-02
7.350000000000e+01 4.037785192080e-02
7.400000000000e+01 3.275519679732e-02
7.450000000000e+01 2.103482036704e-02
7.500000000000e+01 9.051165780717e-03
7.550000000000e+01 1.621378710698e-03
7.600000000000e+01 3.052494669582e-03
7.650000000000e+01 1.575658263302e-02
7.700000000000e+01 3.937740169910e-02
7.750000000000e+01 7.068923609505e-02
7.800000000000e+01 1.043113085059e-01
7.850000000000e+01 1.340504571320e-01
7.900000000000e+01 1.545054069012e-01
7.950000000000e+01 1.624885195297e-01
8.000000000000e+01 1.578674922632e-01
8.050000000000e+01 1.435875532811e-01
8.100000000000e+01 1.248605275233e-01
8.150000000000e+01 1.077379437555e-01
8.200000000000e+01 9.745681892984e-02
8.250000000000e+01 9.701100526467e-02
8.300000000000e+01 1.063399300994e-01
8.350000000000e+01 1.223569748663e-01
8.400000000000e+01 1.398086150292e-01
8.450000000000e+01 1.527268945686e-01
8.500000000000e+01 1.560752231705e-01
8.550000000000e+01 1.471358633730e-01
8.600000000000e+01 1.262609118879e-01
8.650000000000e+01 9.678636008723e-02
8.700000000000e+01 6.414123194838e-02
8.750000000000e+01 3.440602895953e-02
8.800000000000e+01 1.272493816044e-02
8.850000000000e+01 2.012894884227e-03
8.900000000000e+01 2.311862159662e-03
8.950000000000e+01 1.096531484616e-02
9.000000000000e+01 2.354815506250e-02
9.050000000000e+01 3.527627992203e-02
9.100000000000e+01 4.248556141441e-02
9.150000000000e+01 4.375178000226e-02
9.200000000000e+01 4.032613768021e-02
9.250000000000e+01 3.575636882456e-02
9.300000000000e+01 3.479623587308e-02
9.350000000000e+01 4.191084822475e-02
9.400000000000e+01 5.980406222345e-02
9.450000000000e+01 8.839344794977e-02
9.500000000000e+01 1.245376273465e-01
9.550000000000e+01 1.626134659500e-01
9.600000000000e+01 1.958042438186e-01
9.650000000000e+01 2.177604266687e-01
9.700000000000e+01 2.241877837461e-01
9.750000000000e+01 2.139334406330e-01
9.800000000000e+01 1.892749817306e-01
9.850000000000e+01 1.553338682034e-01
9.900000000000e+01 1.187724248820e-01
9.950000000000e+01 8.612760130534e-02
1.000000000000e+02 6.223101088854e-02
1.005000000000e+02 4.913695889972e-02
1.010000000000e+02 4.583636330113e-02
1.015000000000e+02 4.881496258943e-02
1.020000000000e+02 5.328026066253e-02
1.025000000000e+02 5.469840101217e-02
1.030000000000e+02 5.020039798685e-02
1.035000000000e+02 3.945922316279e-02
1.040000000000e+02 2.479283769633e-02
1.045000000000e+02 1.046990758665e-02
1.050000000000e+02 1.422211659834e-03
1.055000000000e+02 1.736757486801e-03
1.060000000000e+02 1.336388394771e-02
1.065000000000e+02 3.541738194729e-02
1.070000000000e+02 6.427581378267e-02
1.075000000000e+02 9.446760508129e-02
1.080000000000e+02 1.200997954896e-01
1.085000000000e+02 1.364342368889e-01
1.090000000000e+02 1.411696310205e-01
1.095000000000e+02 1.350662735246e-01
1.100000000000e+02 1.217312183732e-01
1.105000000000e+02 1.066145835567e-01
1.110000000000e+02 9.548795482260e-02
1.115000000000e+02 9.282178030798e-02
1.120000000000e+02 1.005093467409e-01
1.125000000000e+02 1.172914950645e-01
1.130000000000e+02 1.390443429756e-01
1.135000000000e+02 1.598550492290e-01
1.140000000000e+02 1.735938550162e-01
1.145000000000e+02 1.755543893853e-01
1.150000000000e+02 1.637162470233e-01
1.155000000000e+02 1.392889606345e-01
1.160000000000e+02 1.063953014434e-01
1.165000000000e+02 7.098895474994e-02
1.170000000000e+02 3.931109936311e-02
1.175000000000e+02 1.631418604422e-02
1.180000000000e+02 4.485206887697e-03
1.185000000000e+02 3.384409347732e-03
1.190000000000e+02 1.001175794345e-02
1.195000000000e+02 1.987981342652e-02
1.200000000000e+02 2.847365795105e-02
1.205000000000e+02 3.267151221736e-02
1.210000000000e+02 3.171361318420e-02
1.215000000000e+02 2.743763835374e-02
1.220000000000e+02 2.370957507362e-02
1.225000000000e+02 2.521009554124e-02
1.230000000000e+02 3.592304670393e-02
1.235000000000e+02 5.776187805515e-02
1.240000000000e+02 8.973621877965e-02
1.245000000000e+02 1.279132961312e-01
1.250000000000e+02 1.662083413853e-01
1.255000000000e+02 1.978060182967e-01
1.260000000000e+02 2.168361170140e-01
1.265000000000e+02 2.198514651124e-01
1.270000000000e+02 2.067056528140e-01
1.275000000000e+02 1.805894139242e-01
1.280000000000e+02 1.472129085522e-01
1.285000000000e+02 1.133535310031e-01
1.290000000000e+02 8.516086976899e-02
1.295000000000e+02 6.667448906030e-02
1.300000000000e+02 5.894870310892e-02
1.305000000000e+02 6.000878544083e-02
1.310000000000e+02 6.563244975509e-02
1.315000000000e+02 7.072313752388e-02
1.320000000000e+02 7.088075683949e-02
1.325000000000e+02 6.372548567671e-02
1.330000000000e+02 4.960450785535e-02
1.335000000000e+02 3.148880523969e-02
1.340000000000e+02 1.409738789745e-02
1.345000000000e+02 2.504912255350e-03
1.350000000000e+02 6.342351150245e-04
1.355000000000e+02 1.006734879504e-02
1.360000000000e+02 2.951754024404e-02
1.365000000000e+02 5.511808824513e-02
1.370000000000e+02 8.145112875795e-02
1.375000000000e+02 1.030296619464e-01
1.380000000000e+02 1.158153799195e-01
1.385000000000e+02 1.183419184455e-01
1.390000000000e+02 1.121213112995e-01
1.395000000000e+02 1.012108918401e-01
1.400000000000e+02 9.105302953074e-02
1.405000000000e+02 8.690516612018e-02
1.410000000000e+02 9.229512418906e-02
1.415000000000e+02 1.079334233400e-01
1.420000000000e+02 1.313908122345e-01
1.425000000000e+02 1.576394179477e-01
1.430000000000e+02 1.803179466357e-01
1.435000000000e+02 1.933812890399e-01
1.440000000000e+02 1.926882663429e-01
1.445000000000e+02 1.770977120376e-01
1.450000000000e+02 1.487780281853e-01
1.455000000000e+02 1.126512596508e-01
1.460000000000e+02 7.512961849709e-02
1.465000000000e+02 4.249454660628e-02
1.470000000000e+02 1.936268580889e-02
1.475000000000e+02 7.653753503228e-03
1.480000000000e+02 6.331027360721e-03
1.485000000000e+02 1.196666900728e-02
1.490000000000e+02 1.995279462614e-02
1.495000000000e+02 2.599978424359e-02
1.500000000000e+02 2.748588415303e-02
1.505000000000e+02 2.426810616574e-02
1.510000000000e+02 1.872054610891e-02
1.515000000000e+02 1.498841910660e-02
1.520000000000e+02 1.767170272433e-02
1.525000000000e+02 3.031768145751e-02
1.530000000000e+02 5.416014241106e-02
1.535000000000e+02 8.747769623181e-02
1.540000000000e+02 1.257726053038e-01
1.545000000000e+02 1.627422365984e-01
1.550000000000e+02 1.917918957067e-01
1.555000000000e+02 2.076829467354e-01
1.560000000000e+02 2.078674036158e-01
1.565000000000e+02 1.931420104302e-01
1.570000000000e+02 1.674389064260e-01
1.575000000000e+02 1.368054414760e-01
1.580000000000e+02 1.078473159433e-01
1.585000000000e+02 8.605548797378e-02
1.590000000000e+02 7.446765268947e-02
1.595000000000e+02 7.302119797400e-02
1.600000000000e+02 7.876256633017e-02
1.605000000000e+02 8.684132110825e-02
1.610000000000e+02 9.200168503025e-02
1.615000000000e+02 9.014965455779e-02
1.620000000000e+02 7.955712305487e-02
1.625000000000e+02 6.136994099301e-02
1.630000000000e+02 3.928460499172e-02
1.635000000000e+02 1.849272783004e-02
1.640000000000e+02 4.197909551061e-03
1.645000000000e+02 1.286661712147e-04
1.650000000000e+02 7.470534650968e-03
1.655000000000e+02 2.452075798859e-02
1.660000000000e+02 4.716385958871e-02
1.665000000000e+02 7.003365674209e-02
1.670000000000e+02 8.803230295908e-02
1.675000000000e+02 9.777466413882e-02
1.680000000000e+02 9.854563704575e-02
1.685000000000e+02 9.249374512827e-02
1.690000000000e+02 8.399866963352e-02
1.695000000000e+02 7.838336010482e-02
1.700000000000e+02 8.032772468181e-02
1.705000000000e+02 9.242823392960e-02
1.710000000000e+02 1.143112588651e-01
1.715000000000e+02 1.425573300850e-01
1.720000000000e+02 1.714703590041e-01
1.725000000000e+02 1.944921238141e-01
1.730000000000e+02 2.058829719039e-01
1.735000000000e+02 2.022146520369e-01
1.740000000000e+02 1.832714091296e-01
1.745000000000e+02 1.521170727504e-01
1.750000000000e+02 1.143140084274e-01
1.755000000000e+02 7.651117701186e-02
1.760000000000e+02 4.478903897841e-02
1.765000000000e+02 2.321156535969e-02
1.770000000000e+02 1.297323094655e-02
1.775000000000e+02 1.235944327893e-02
1.780000000000e+02 1.751005822399e-02
1.785000000000e+02 2.375153997398e-02
1.790000000000e+02 2.710654408264e-02
1.795000000000e+02 2.554386496831e-02
1.800000000000e+02 1.960927504431e-02
1.805000000000e+02 1.225666922507e-02
1.810000000000e+02 7.928613627745e-03
1.815000000000e+02 1.115115658745e-02
1.820000000000e+02 2.504878162823e-02
1.825000000000e+02 5.021180502993e-02
1.830000000000e+02 8.425261471416e-02
1.835000000000e+02 1.221955044397e-01
1.840000000000e+02 1.576109819037e-01
1.845000000000e+02 1.841947927773e-01
1.850000000000e+02 1.973636392976e-01
1.855000000000e+02 1.954299294633e-01
1.860000000000e+02 1.800300636399e-01
1.865000000000e+02 1.556839441579e-01
1.870000000000e+02 1.286013289222e-01
1.875000000000e+02 1.050573074920e-01
1.880000000000e+02 8.977714351026e-02
1.885000000000e+02 8.476721563406e-02
1.890000000000e+02 8.890478822234e-02
1.895000000000e+02 9.838934098025e-02
1.900000000000e+02 1.079205572233e-01
1.905000000000e+02 1.122688004735e-01
1.910000000000e+02 1.077982107320e-01
1.915000000000e+02 9.351948907677e-02
1.920000000000e+02 7.138385997372e-02
1.925000000000e+02 4.574372081623e-02
1.930000000000e+02 2.213910979840e-02
1.935000000000e+02 5.757016255391e-03
1.940000000000e+02 3.155002973414e-07
1.945000000000e+02 5.569879183788e-03
1.950000000000e+02 2.031680907479e-02
1.955000000000e+02 3.990313064237e-02
1.960000000000e+02 5.908017346023e-02
1.965000000000e+02 7.321868404891e-02
1.970000000000e+02 7.965275996947e-02
1.975000000000e+02 7.845131759543e-02
1.980000000000e+02 7.239170848529e-02
1.985000000000e+02 6.613530063788e-02
1.990000000000e+02 6.483124725554e-02
1.995000000000e+02 7.253871012160e-02
2.000000000000e+02 9.091323541793e-02
2.005000000000e+02 1.185338229057e-01
2.010000000000e+02 1.510723018612e-01
2.015000000000e+02 1.822743335942e-01
2.020000000000e+02 2.054962215099e-01
2.025000000000e+02 2.153863804899e-01
2.030000000000e+02 2.092581132399e-01
2.035000000000e+02 1.877831501005e-01
2.040000000000e+02 1.548203643222e-01
2.045000000000e+02 1.164299203411e-01
2.050000000000e+02 7.934448059693e-02
2.055000000000e+02 4.931471808712e-02
2.060000000000e+02 2.977614579515e-02
2.065000000000e+02 2.119037464269e-02
2.070000000000e+02 2.122297803504e-02
2.075000000000e+02 2.568575895884e-02
2.080000000000e+02 2.995893272560e-02
2.085000000000e+02 3.047774678282e-02
2.090000000000e+02 2.585467020192e-02
2.095000000000e+02 1.731581490445e-02
2.100000000000e+02 8.328133041483e-03
2.105000000000e+02 3.526313906960e-03
2.110000000000e+02 7.249691646196e-03
2.115000000000e+02 2.211310195175e-02
2.120000000000e+02 4.802934761287e-02
2.125000000000e+02 8.197624807823e-02
2.130000000000e+02 1.185929038772e-01
2.135000000000e+02 1.514560973797e-01
2.140000000000e+02 1.746942233652e-01
2.145000000000e+02 1.844972560149e-01
2.150000000000e+02 1.801051310709e-01
2.155000000000e+02 1.639974223212e-01
2.160000000000e+02 1.412255974922e-01
2.165000000000e+02 1.180648975542e-01
2.170000000000e+02 1.003504811208e-01
2.175000000000e+02 9.194970241129e-02
2.180000000000e+02 9.378490829918e-02
2.185000000000e+02 1.036692780043e-01
2.190000000000e+02 1.169941205786e-01
2.195000000000e+02 1.280718897402e-01
2.200000000000e+02 1.317599103707e-01
2.205000000000e+02 1.249150257796e-01
2.210000000000e+02 1.072795138258e-01
2.215000000000e+02 8.155932087564e-02
2.220000000000e+02 5.268180838640e-02
2.225000000000e+02 2.644855420153e-02
2.230000000000e+02 7.965604130196e-03
2.235000000000e+02 2.925647489549e-04
2.240000000000e+02 3.686957032784e-03
2.245000000000e+02 1.564991877238e-02
2.250000000000e+02 3.175172538369e-02
2.255000000000e+02 4.699475118825e-02
2.260000000000e+02 5.731951114580e-02
2.265000000000e+02 6.081904663233e-02
2.270000000000e+02 5.830956112375e-02
2.275000000000e+02 5.308775181980e-02
2.280000000000e+02 4.993652494059e-02
2.285000000000e+02 5.365577240828e-02
2.290000000000e+02 6.753309393551e-02
2.295000000000e+02 9.219161683592e-02
2.300000000000e+02 1.251516125893e-01
2.305000000000e+02 1.612469750456e-01
2.310000000000e+02 1.938010370944e-01
2.315000000000e+02 2.162544720585e-01
2.320000000000e+02 2.238101967445e-01
2.325000000000e+02 2.146520616686e-01
2.330000000000e+02 1.904082248893e-01
2.335000000000e+02 1.557350155849e-01
2.340000000000e+02 1.171361122859e-01
2.345000000000e+02 8.133883410513e-02
2.350000000000e+02 5.366707084137e-02
2.355000000000e+02 3.684652963122e-02
2.360000000000e+02 3.055406823430e-02
2.365000000000e+02 3.181381322881e-02
2.370000000000e+02 3.610702416146e-02
2.375000000000e+02 3.886601490751e-02
2.380000000000e+02 3.691953188978e-02
2.385000000000e+02 2.947612751055e-02
2.390000000000e+02 1.836736584279e-02
2.395000000000e+02 7.485764289868e-03
2.400000000000e+02 1.583100374153e-03
2.405000000000e+02 4.778120313257e-03
2.410000000000e+02 1.920713326868e-02
2.415000000000e+02 4.421261888250e-02
2.420000000000e+02 7.631445481184e-02
2.425000000000e+02 1.099878386566e-01
2.430000000000e+02 1.390433128719e-01
2.435000000000e+02 1.582317878460e-01
2.440000000000e+02 1.646297880325e-01
2.445000000000e+02 1.584167586519e-01
2.450000000000e+02 1.428218668523e-01
2.455000000000e+02 1.232464920275e-01
2.460000000000e+02 1.057969387435e-01
2.465000000000e+02 9.562619856411e-02
2.470000000000e+02 9.553793003406e-02
2.475000000000e+02 1.052348614148e-01
2.480000000000e+02 1.214170487921e-01
2.485000000000e+02 1.387017918841e-01
2.490000000000e+02 1.511112951838e-01
2.495000000000e+02 1.537189237296e-01
2.500000000000e+02 1.440030686656e-01
2.505000000000e+02 1.225405611777e-01
2.510000000000e+02 9.285589997616e-02
2.515000000000e+02 6.047677137091e-02
2.520000000000e+02 3.146515946318e-02
2.525000000000e+02 1.083593920007e-02
2.530000000000e+02 1.301804262096e-03
2.535000000000e+02 2.687671881927e-03
2.540000000000e+02 1.216658525212e-02
2.545000000000e+02 2.523647849696e-02
2.550000000000e+02 3.714837264905e-02
2.555000000000e+02 4.437023115231e-02
2.560000000000e+02 4.566222144582e-02
2.565000000000e+02 4.245080649796e-02
2.570000000000e+02 3.838948873916e-02
2.575000000000e+02 3.822677484409e-02
2.580000000000e+02 4.630149873571e-02
2.585000000000e+02 6.509571048931e-02
2.590000000000e+02 9.426458213240e-02
2.595000000000e+02 1.304336725715e-01
2.600000000000e+02 1.678420741947e-01
2.605000000000e+02 1.996743286624e-01
2.610000000000e+02 2.197302764020e-01
2.615000000000e+02 2.239844035709e-01
2.620000000000e+02 2.116123136480e-01
2.625000000000e+02 1.852048316819e-01
2.630000000000e+02 1.501105821693e-01
2.635000000000e+02 1.130847245516e-01
2.640000000000e+02 8.060932806245e-02
2.645000000000e+02 5.733770388762e-02
2.650000000000e+02 4.507705911543e-02
2.655000000000e+02 4.257196860788e-02
2.660000000000e+02 4.612789284411e-02
2.665000000000e+02 5.088157495209e-02
2.670000000000e+02 5.234827678197e-02
2.675000000000e+02 4.780345688053e-02
2.680000000000e+02 3.710835220319e-02
2.685000000000e+02 2.274995533332e-02
2.690000000000e+02 9.090550063451e-03
2.695000000000e+02 1.047039016824e-03
2.700000000000e+02 2.582527403144e-03
2.705000000000e+02 1.544647818300e-02
2.710000000000e+02 3.853012792179e-02
2.715000000000e+02 6.803031116982e-02
2.720000000000e+02 9.838612532112e-02
2.725000000000e+02 1.237332511021e-01
2.730000000000e+02 1.394720344841e-01
2.735000000000e+02 1.435096606036e-01
2.740000000000e+02 1.368243614758e-01
2.745000000000e+02 1.231865054324e-01
2.750000000000e+02 1.081056709482e-01
2.755000000000e+02 9.728909244368e-02
2.760000000000e+02 9.503472451428e-02
2.765000000000e+02 1.030029030356e-01
2.770000000000e+02 1.197080741923e-01
2.775000000000e+02 1.408745354083e-01
2.780000000000e+02 1.605623014119e-01
2.785000000000e+02 1.727570543123e-01
2.790000000000e+02 1.729905235904e-01
2.795000000000e+02 1.595499224872e-01
2.800000000000e+02 1.339492399730e-01
2.805000000000e+02 1.005393584637e-01
2.810000000000e+02 6.537126223623e-02
2.815000000000e+02 3.463103733617e-02
2.820000000000e+02 1.308025074499e-02
2.825000000000e+02 2.929030238254e-03
2.830000000000e+02 3.444005292861e-03
2.835000000000e+02 1.138465081691e-02
2.840000000000e+02 2.212816593382e-02
2.845000000000e+02 3.115028544258e-02
2.850000000000e+02 3.543131043650e-02
2.855000000000e+02 3.438050421645e-02
2.860000000000e+02 3.001094013796e-02
2.865000000000e+02 2.631172669842e-02
2.870000000000e+02 2.799477656114e-02
2.875000000000e+02 3.897406705766e-02
2.880000000000e+02 6.101560083083e-02
2.885000000000e+02 9.295307916918e-02
2.890000000000e+02 1.307092896881e-01
2.895000000000e+02 1.681393966189e-01
2.900000000000e+02 1.984821020578e-01
2.905000000000e+02 2.160323828663e-01
2.910000000000e+02 2.175835461735e-01
2.915000000000e+02 2.032454883477e-01
2.920000000000e+02 1.764142566405e-01
2.925000000000e+02 1.428988651209e-01
2.930000000000e+02 1.094408859004e-01
2.935000000000e+02 8.202701543902e-02
2.940000000000e+02 6.444902756842e-02
2.945000000000e+02 5.749441561963e-02
2.950000000000e+02 5.897458691011e-02
2.955000000000e+02 6.456494667735e-02
2.960000000000e+02 6.920734238830e-02
2.965000000000e+02 6.867232248475e-02
2.970000000000e+02 6.083879369409e-02
2.975000000000e+02 4.633257616982e-02
2.980000000000e+02 2.834911481705e-02
2.985000000000e+02 1.171742651714e-02
2.990000000000e+02 1.477133775559e-03
2.995000000000e+02 1.377934387419e-03
3.000000000000e+02 1.273259688138e-02
3.005000000000e+02 3.395455509276e-02
3.010000000000e+02 6.091755793279e-02
3.015000000000e+02 8.804203019979e-02
3.020000000000e+02 1.098062582681e-01
3.025000000000e+02 1.222583689948e-01
3.030000000000e+02 1.241018675019e-01
3.035000000000e+02 1.170444969761e-01
3.040000000000e+02 1.053049585693e-01
3.045000000000e+02 9.440750727865e-02
3.050000000000e+02 8.959482256667e-02
3.055000000000e+02 9.429870075621e-02
3.060000000000e+02 1.090952476904e-01
3.065000000000e+02 1.314395701378e-01
3.070000000000e+02 1.562608129916e-01
3.075000000000e+02 1.772611388361e-01
3.080000000000e+02 1.885677667420e-01
3.085000000000e+02 1.862894913082e-01
3.090000000000e+02 1.695552960665e-01
3.095000000000e+02 1.407554062437e-01
3.100000000000e+02 1.049246480095e-01
3.105000000000e+02 6.844324600754e-02
3.110000000000e+02 3.741587509537e-02
3.115000000000e+02 1.617449668413e-02
3.120000000000e+02 6.311106436959e-03
3.125000000000e+02 6.494504215572e-03
3.130000000000e+02 1.310346360405e-02
3.135000000000e+02 2.147948303236e-02
3.140000000000e+02 2.742983616219e-02
3.145000000000e+02 2.854408410188e-02
3.150000000000e+02 2.494326901981e-02
3.155000000000e+02 1.924469468379e-02
3.160000000000e+02 1.575033955259e-02
3.165000000000e+02 1.909011663666e-02
3.170000000000e+02 3.270948332463e-02
3.175000000000e+02 5.763955069685e-02
3.180000000000e+02 9.191278474536e-02
3.185000000000e+02 1.308092467912e-01
3.190000000000e+02 1.678866546638e-01
3.195000000000e+02 1.965270525933e-01
3.200000000000e+02 2.115853051747e-01
3.205000000000e+02 2.106915199118e-01
3.210000000000e+02 1.948505506990e-01
3.215000000000e+02 1.681720409200e-01
3.220000000000e+02 1.368014346410e-01
3.225000000000e+02 1.073403635365e-01
3.230000000000e+02 8.518337873083e-02
3.235000000000e+02 7.321877531727e-02
3.240000000000e+02 7.123863399475e-02
3.245000000000e+02 7.620586018796e-02
3.250000000000e+02 8.328890764293e-02
3.255000000000e+02 8.736395625847e-02
3.260000000000e+02 8.455807136340e-02
3.265000000000e+02 7.340008055263e-02
3.270000000000e+02 5.525995756002e-02
3.275000000000e+02 3.396007398337e-02
3.280000000000e+02 1.467580168000e-02
3.285000000000e+02 2.442965255891e-03
3.290000000000e+02 6.995759001123e-04
3.295000000000e+02 1.027846834594e-02
3.300000000000e+02 2.913913382100e-02
3.305000000000e+02 5.291736965753e-02
3.310000000000e+02 7.613933837058e-02
3.315000000000e+02 9.375752003504e-02
3.320000000000e+02 1.025731280329e-01
3.325000000000e+02 1.021391851053e-01
3.330000000000e+02 9.488263500689e-02
3.335000000000e+02 8.540246967102e-02
3.340000000000e+02 7.913281122330e-02
3.345000000000e+02 8.074024269320e-02
3.350000000000e+02 9.270274416020e-02
3.355000000000e+02 1.144711388161e-01
3.360000000000e+02 1.424554777096e-01
3.365000000000e+02 1.708520625051e-01
3.370000000000e+02 1.930946984806e-01
3.375000000000e+02 2.035407553731e-01
3.380000000000e+02 1.989367893125e-01
3.385000000000e+02 1.792681635442e-01
3.390000000000e+02 1.477657328932e-01
3.395000000000e+02 1.100733970553e-01
3.400000000000e+02 7.280914347233e-02
3.405000000000e+02 4.191569473057e-02
3.410000000000e+02 2.124994873622e-02
3.415000000000e+02 1.178879088635e-02
3.420000000000e+02 1.165306843032e-02
3.425000000000e+02 1.692103564563e-02
3.430000000000e+02 2.298201281852e-02
3.435000000000e+02 2.603200959787e-02
3.440000000000e+02 2.427712044442e-02
3.445000000000e+02 1.849732857709e-02
3.450000000000e+02 1.180823693968e-02
3.455000000000e+02 8.688971623101e-03
3.460000000000e+02 1.355601447846e-02
3.465000000000e+02 2.929533869387e-02
3.470000000000e+02 5.618137585855e-02
3.475000000000e+02 9.150612348861e-02
3.480000000000e+02 1.300442631021e-01
3.485000000000e+02 1.652456011159e-01
3.490000000000e+02 1.908401262059e-01
3.495000000000e+02 2.024213571702e-01
3.500000000000e+02 1.985743011109e-01
3.505000000000e+02 1.812356186273e-01
3.510000000000e+02 1.551822072616e-01
3.515000000000e+02 1.267826543730e-01
3.520000000000e+02 1.023478089400e-01
3.525000000000e+02 8.652606360978e-02
3.530000000000e+02 8.117547348875e-02
3.535000000000e+02 8.501234239077e-02
3.540000000000e+02 9.412122954371e-02
3.545000000000e+02 1.031741201511e-01
3.550000000000e+02 1.070125875832e-01
3.555000000000e+02 1.021498168866e-01
3.560000000000e+02 8.777592591923e-02
3.565000000000e+02 6.599221809278e-02
3.570000000000e+02 4.121773116302e-02
3.575000000000e+02 1.894364805750e-02
3.580000000000e+02 4.192865038338e-03
3.585000000000e+02 1.225929623862e-04
3.590000000000e+02 7.165033848225e-03
3.595000000000e+02 2.294726490618e-02
3.600000000000e+02 4.300992731489e-02
3.605000000000e+02 6.211753389439e-02
3.610000000000e+02 7.578500027817e-02
3.615000000000e+02 8.158275409138e-02
3.620000000000e+02 7.984415355599e-02
3.625000000000e+02 7.356693189946e-02
3.630000000000e+02 6.752800877557e-02
3.635000000000e+02 6.685447874365e-02
3.640000000000e+02 7.545011649558e-02
3.645000000000e+02 9.472213232220e-02
3.650000000000e+02 1.229739538540e-01
3.655000000000e+02 1.556480153457e-01
3.660000000000e+02 1.863681956225e-01
3.665000000000e+02 2.085097354974e-01
3.670000000000e+02 2.168769089911e-01
3.675000000000e+02 2.090365792118e-01
3.680000000000e+02 1.859481462649e-01
3.685000000000e+02 1.517217922606e-01
3.690000000000e+02 1.125743370862e-01
3.695000000000e+02 7.526967983684e-02
3.700000000000e+02 4.546852150300e-02
3.705000000000e+02 2.643196982305e-02
3.710000000000e+02 1.842068027902e-02
3.715000000000e+02 1.893454318729e-02
3.720000000000e+02 2.370274853169e-02
3.725000000000e+02 2.812608551432e-02
3.730000000000e+02 2.875050841971e-02
3.735000000000e+02 2.434730645235e-02
3.740000000000e+02 1.629121184931e-02
3.745000000000e+02 8.130495044469e-03
3.750000000000e+02 4.475290645014e-03
3.755000000000e+02 9.526620544779e-03
3.760000000000e+02 2.567350354018e-02
3.765000000000e+02 5.256946769048e-02
3.770000000000e+02 8.696697803999e-02
3.775000000000e+02 1.233758142586e-01
3.780000000000e+02 1.553787765060e-01
3.785000000000e+02 1.772505625624e-01
3.790000000000e+02 1.854360721050e-01
3.795000000000e+02 1.794783058188e-01
3.800000000000e+02 1.621345194449e-01
3.805000000000e+02 1.386414115899e-01
3.810000000000e+02 1.153242648583e-01
3.815000000000e+02 9.792603219944e-02
3.820000000000e+02 9.010993946682e-02
3.825000000000e+02 9.254157439315e-02
3.830000000000e+02 1.027967663588e-01
3.835000000000e+02 1.161141068062e-01
3.840000000000e+02 1.267788252127e-01
3.845000000000e+02 1.297522812636e-01
3.850000000000e+02 1.220962504036e-01
3.855000000000e+02 1.038012188616e-01
3.860000000000e+02 7.779596740163e-02
3.865000000000e+02 4.914467458685e-02
3.870000000000e+02 2.366362391414e-02
3.875000000000e+02 6.349394688911e-03
3.880000000000e+02 5.979247684294e-05
3.885000000000e+02 4.814329649758e-03
3.890000000000e+02 1.790405829216e-02
3.895000000000e+02 3.477091559797e-02
3.900000000000e+02 5.039906496790e-02
3.905000000000e+02 6.081617819616e-02
3.910000000000e+02 6.427182412218e-02
3.915000000000e+02 6.175179531918e-02
3.920000000000e+02 5.667563510682e-02
3.925000000000e+02 5.385694918686e-02
3.930000000000e+02 5.801702604357e-02
3.935000000000e+02 7.227244437508e-02
3.940000000000e+02 9.702982238551e-02
3.945000000000e+02 1.296116425256e-01
3.950000000000e+02 1.647361960163e-01
3.955000000000e+02 1.957378761340e-01
3.960000000000e+02 2.162072312722e-01
3.965000000000e+02 2.216110841129e-01
3.970000000000e+02 2.104550262815e-01
3.975000000000e+02 1.846734432047e-01
3.980000000000e+02 1.491420329216e-01
3.985000000000e+02 1.104464847562e-01
3.990000000000e+02 7.524248525387e-02
3.995000000000e+02 4.865080742791e-02
4.000000000000e+02 3.311709053916e-02
4.005000000000e+02 2.803337561746e-02
4.010000000000e+02 3.020478850626e-02
4.015000000000e+02 3.500970580069e-02
4.020000000000e+02 3.791084030272e-02
4.025000000000e+02 3.588098004344e-02
4.030000000000e+02 2.833635927325e-02
4.035000000000e+02 1.731414421968e-02
4.040000000000e+02 6.847634872378e-03
4.045000000000e+02 1.722320779216e-03
4.050000000000e+02 5.973285652663e-03
4.055000000000e+02 2.155972233220e-02
4.060000000000e+02 4.760424974153e-02
4.065000000000e+02 8.042668753173e-02
4.070000000000e+02 1.143781968412e-01
4.075000000000e+02 1.432549988937e-01
4.080000000000e+02 1.619049441458e-01
4.085000000000e+02 1.675818379688e-01
4.090000000000e+02 1.606684298031e-01
4.095000000000e+02 1.445613739613e-01
4.100000000000e+02 1.247425116805e-01
4.105000000000e+02 1.072862531453e-01
4.110000000000e+02 9.720982984784e-02
4.115000000000e+02 9.711788028239e-02
4.120000000000e+02 1.065125834099e-01
4.125000000000e+02 1.219574929447e-01
4.130000000000e+02 1.380481027479e-01
4.135000000000e+02 1.489202312435e-01
4.140000000000e+02 1.498801079990e-01
4.145000000000e+02 1.387083054278e-01
4.150000000000e+02 1.162819474632e-01
4.155000000000e+02 8.634998878187e-02
4.160000000000e+02 5.453158672413e-02
4.165000000000e+02 2.682209457519e-02
4.170000000000e+02 8.025327157339e-03
4.175000000000e+02 5.473911727996e-04
4.180000000000e+02 3.882325916786e-03
4.185000000000e+02 1.492287456953e-02
4.190000000000e+02 2.899635210547e-02
4.195000000000e+02 4.132134562701e-02
4.200000000000e+02 4.846318000511e-02
4.205000000000e+02 4.936772366072e-02
4.210000000000e+02 4.567368988725e-02
4.215000000000e+02 4.120922077742e-02
4.220000000000e+02 4.081143820108e-02
4.225000000000e+02 4.880229971963e-02
4.230000000000e+02 6.755561566553e-02
4.235000000000e+02 9.656957816206e-02
4.240000000000e+02 1.323218600632e-01
4.245000000000e+02 1.689682104362e-01
4.250000000000e+02 1.997106055247e-01
4.255000000000e+02 2.184729060718e-01
4.260000000000e+02 2.214332309921e-01
4.265000000000e+02 2.079979035885e-01
4.270000000000e+02 1.809522821598e-01
4.275000000000e+02 1.457475160475e-01
4.280000000000e+02 1.091173318446e-01
4.285000000000e+02 7.740025809157e-02
4.290000000000e+02 5.502011840671e-02
4.295000000000e+02 4.352996347053e-02
4.300000000000e+02 4.146547587097e-02
4.305000000000e+02 4.502784875261e-02
4.310000000000e+02 4.938630204841e-02
4.315000000000e+02 5.022074629478e-02
4.320000000000e+02 4.506266530930e-02
4.325000000000e+02 3.405404092812e-02
4.330000000000e+02 1.991231072438e-02
4.335000000000e+02 7.116425914484e-03
4.340000000000e+02 5.511451071450e-04
4.345000000000e+02 4.001336143629e-03
4.350000000000e+02 1.893180593672e-02
4.355000000000e+02 4.390870945900e-02
4.360000000000e+02 7.483815699949e-02
4.365000000000e+02 1.059668520562e-01
4.370000000000e+02 1.313732532311e-01
4.375000000000e+02 1.465367192959e-01
4.380000000000e+02 1.495462325755e-01
4.385000000000e+02 1.416072889466e-01
4.390000000000e+02 1.266987047467e-01
4.395000000000e+02 1.104667697887e-01
4.400000000000e+02 9.865671049582e-02
4.405000000000e+02 9.551147149794e-02
4.410000000000e+02 1.025789221240e-01
4.415000000000e+02 1.182573795271e-01
4.420000000000e+02 1.382065059439e-01
4.425000000000e+02 1.565124050963e-01
4.430000000000e+02 1.672882060440e-01
4.435000000000e+02 1.662721375023e-01
4.440000000000e+02 1.519870492618e-01
4.445000000000e+02 1.261477734950e-01
4.450000000000e+02 9.321137409022e-02
4.455000000000e+02 5.920201718580e-02
4.460000000000e+02 3.014104201464e-02
4.465000000000e+02 1.051864567875e-02
4.470000000000e+02 2.227316400035e-03
4.475000000000e+02 4.243806536405e-03
4.480000000000e+02 1.313376669541e-02
4.485000000000e+02 2.422099725853e-02
4.490000000000e+02 3.307677966719e-02
4.495000000000e+02 3.689618861773e-02
4.500000000000e+02 3.536239556535e-02
4.505000000000e+02 3.074705320797e-02
4.510000000000e+02 2.721348459330e-02
4.515000000000e+02 2.951805776625e-02
4.520000000000e+02 4.147939147723e-02
4.525000000000e+02 6.465565543457e-02
4.530000000000e+02 9.761692328072e-02
4.535000000000e+02 1.360367278269e-01
4.540000000000e+02 1.735997924458e-01
4.545000000000e+02 2.034946499804e-01
4.550000000000e+02 2.200942779206e-01
4.555000000000e+02 2.203714182167e-01
4.560000000000e+02 2.046640392603e-01
4.565000000000e+02 1.765817091619e-01
4.570000000000e+02 1.420770852328e-01
4.575000000000e+02 1.079336778612e-01
4.580000000000e+02 8.007869021816e-02
4.585000000000e+02 6.217451397729e-02
4.590000000000e+02 5.486221341249e-02
4.595000000000e+02 5.584765052896e-02
4.600000000000e+02 6.078681653337e-02
4.605000000000e+02 6.470664404724e-02
4.610000000000e+02 6.355227166292e-02
4.615000000000e+02 5.542154144257e-02
4.620000000000e+02 4.114032799534e-02
4.625000000000e+02 2.402164574879e-02
4.630000000000e+02 8.883957041294e-03
4.635000000000e+02 6.143518387900e-04
4.640000000000e+02 2.691278030179e-03
4.645000000000e+02 1.609311182853e-02
4.650000000000e+02 3.890987746409e-02
4.655000000000e+02 6.677650835231e-02
4.660000000000e+02 9.401310152986e-02
4.665000000000e+02 1.151561670670e-01
4.670000000000e+02 1.264516781345e-01
4.675000000000e+02 1.268878883482e-01
4.680000000000e+02 1.184718219361e-01
4.685000000000e+02 1.056631925855e-01
4.690000000000e+02 9.411481902697e-02
4.695000000000e+02 8.906365501219e-02
4.700000000000e+02 9.381669682699e-02
4.705000000000e+02 1.087529945659e-01
4.710000000000e+02 1.311227914221e-01
4.715000000000e+02 1.557061265791e-01
4.720000000000e+02 1.761566511594e-01
4.725000000000e+02 1.866675546962e-01
4.730000000000e+02 1.835077745551e-01
4.735000000000e+02 1.660126237794e-01
4.740000000000e+02 1.367635203108e-01
4.745000000000e+02 1.009146963661e-01
4.750000000000e+02 6.485854769730e-02
4.755000000000e+02 3.460076759964e-02
4.760000000000e+02 1.429198240125e-02
4.765000000000e+02 5.313716387309e-03
4.770000000000e+02 6.157368411366e-03
4.775000000000e+02 1.311040931485e-02
4.780000000000e+02 2.153726274547e-02
4.785000000000e+02 2.737683888461e-02
4.790000000000e+02 2.842068316090e-02
4.795000000000e+02 2.500120009081e-02
4.800000000000e+02 1.988976431960e-02
4.805000000000e+02 1.743165715519e-02
4.810000000000e+02 2.216463801101e-02
4.815000000000e+02 3.731854005921e-02
4.820000000000e+02 6.363191516512e-02
4.825000000000e+02 9.883714835032e-02
4.830000000000e+02 1.379808822894e-01
4.835000000000e+02 1.745134032175e-01
4.840000000000e+02 2.018639775410e-01
4.845000000000e+02 2.150797056091e-01
4.850000000000e+02 2.120825848058e-01
4.855000000000e+02 1.942000371050e-01
4.860000000000e+02 1.658206496791e-01
4.865000000000e+02 1.332650231637e-01
4.870000000000e+02 1.031754721461e-01
4.875000000000e+02 8.085862167441e-02
4.880000000000e+02 6.902563617157e-02
4.885000000000e+02 6.726308565864e-02
4.890000000000e+02 7.236449283182e-02
4.895000000000e+02 7.941491121585e-02
4.900000000000e+02 8.331450342593e-02
4.905000000000e+02 8.030920163973e-02
4.910000000000e+02 6.909953854006e-02
4.915000000000e+02 5.122125913277e-02
4.920000000000e+02 3.059865073599e-02
4.925000000000e+02 1.240536150457e-02
4.930000000000e+02 1.562255091200e-03
4.935000000000e+02 1.303082175661e-03
4.940000000000e+02 1.221825000430e-02
4.945000000000e+02 3.205071103231e-02
4.950000000000e+02 5.630440649027e-02
4.955000000000e+02 7.949490901232e-02
4.960000000000e+02 9.668886757167e-02
4.965000000000e+02 1.048951635634e-01
4.970000000000e+02 1.039101082528e-01
4.975000000000e+02 9.637080818751e-02
4.980000000000e+02 8.699271491133e-02
4.985000000000e+02 8.119733203856e-02
4.990000000000e+02 8.350963486557e-02
4.995000000000e+02 9.617313046946e-02
5.000000000000e+02 1.183740998165e-01
5.005000000000e+02 1.463006623874e-01
5.010000000000e+02 1.740327241237e-01
5.015000000000e+02 1.950292905922e-01
5.020000000000e+02 2.038138348604e-01
5.025000000000e+02 1.974025176417e-01
5.030000000000e+02 1.760896512853e-01
5.035000000000e+02 1.433805889930e-01
5.040000000000e+02 1.050954165787e-01
5.045000000000e+02 6.789273566226e-02
5.050000000000e+02 3.761888902844e-02
5.055000000000e+02 1.793117301269e-02
5.060000000000e+02 9.562395583658e-03
5.065000000000e+02 1.041172420387e-02
5.070000000000e+02 1.641442508210e-02
5.075000000000e+02 2.292590811941e-02
5.080000000000e+02 2.621412581998e-02
5.085000000000e+02 2.462813172340e-02
5.090000000000e+02 1.910646160525e-02
5.095000000000e+02 1.287969627341e-02
5.100000000000e+02 1.045325903143e-02
5.105000000000e+02 1.616387293037e-02
5.110000000000e+02 3.272765536441e-02
5.115000000000e+02 6.020428228631e-02
5.120000000000e+02 9.568785378683e-02
5.125000000000e+02 1.338326361473e-01
5.130000000000e+02 1.680872886287e-01
5.135000000000e+02 1.923102020841e-01
5.140000000000e+02 2.023276561594e-01
5.145000000000e+02 1.970070858432e-01
5.150000000000e+02 1.785474171740e-01
5.155000000000e+02 1.519015247155e-01
5.160000000000e+02 1.234833814979e-01
5.165000000000e+02 9.950850779246e-02
5.170000000000e+02 8.441642914326e-02
5.175000000000e+02 7.980021670010e-02
5.180000000000e+02 8.412739021768e-02
5.185000000000e+02 9.331766453425e-02
5.190000000000e+02 1.020070123599e-01
5.195000000000e+02 1.051398025745e-01
5.200000000000e+02 9.944331157509e-02
5.205000000000e+02 8.437564700864e-02
5.210000000000e+02 6.228837526847e-02
5.215000000000e+02 3.776660120905e-02
5.220000000000e+02 1.633984545522e-02
5.225000000000e+02 2.932333462176e-03
5.230000000000e+02 4.923921878150e-04
5.235000000000e+02 9.187930027204e-03
5.240000000000e+02 2.639353375473e-02
5.245000000000e+02 4.747007534004e-02
5.250000000000e+02 6.711308290522e-02
5.255000000000e+02 8.088466879016e-02
5.260000000000e+02 8.649097774055e-02
5.265000000000e+02 8.443791584359e-02
5.270000000000e+02 7.787266746160e-02
5.275000000000e+02 7.164833369059e-02
5.280000000000e+02 7.086952605186e-02
5.285000000000e+02 7.932599156490e-02
5.290000000000e+02 9.825720620802e-02
5.295000000000e+02 1.258028484980e-01
5.300000000000e+02 1.573062536571e-01
5.305000000000e+02 1.864023763954e-01
5.310000000000e+02 2.066039213100e-01
5.315000000000e+02 2.129597899878e-01
5.320000000000e+02 2.033377707735e-01
5.325000000000e+02 1.789847944842e-01
5.330000000000e+02 1.442150579578e-01
5.335000000000e+02 1.053142715725e-01
5.340000000000e+02 6.896125795869e-02
5.345000000000e+02 4.059717993040e-02
5.350000000000e+02 2.318229939274e-02
5.355000000000e+02 1.666815379911e-02
5.360000000000e+02 1.831103613203e-02
5.365000000000e+02 2.371731902866e-02
5.370000000000e+02 2.830825811289e-02
5.375000000000e+02 2.877799171572e-02
5.380000000000e+02 2.412505202495e-02
5.385000000000e+02 1.596254625291e-02
5.390000000000e+02 8.019863221812e-03
5.395000000000e+02 4.980732845554e-03
5.400000000000e+02 1.099336692165e-02
5.405000000000e+02 2.828443081057e-02
5.410000000000e+02 5.628254266131e-02
5.415000000000e+02 9.151592076428e-02
5.420000000000e+02 1.283320469140e-01
5.425000000000e+02 1.602554390100e-01
5.430000000000e+02 1.816178358989e-01
5.435000000000e+02 1.890144623905e-01
5.440000000000e+02 1.821835624984e-01
5.445000000000e+02 1.640624195554e-01
5.450000000000e+02 1.399985337212e-01
5.455000000000e+02 1.163269530938e-01
5.460000000000e+02 9.869937749295e-02
5.465000000000e+02 9.061897595240e-02
5.470000000000e+02 9.257782000268e-02
5.475000000000e+02 1.020272379695e-01
5.480000000000e+02 1.141815096994e-01
5.485000000000e+02 1.234259883324e-01
5.490000000000e+02 1.249355802453e-01
5.495000000000e+02 1.160542189932e-01
5.500000000000e+02 9.705556459079e-02
5.505000000000e+02 7.107987105293e-02
5.510000000000e+02 4.327277285642e-02
5.515000000000e+02 1.937409620695e-02
5.520000000000e+02 4.156664933521e-03
5.525000000000e+02 1.542360317890e-04
5.530000000000e+02 7.033556742096e-03
5.535000000000e+02 2.178199922011e-02
5.540000000000e+02 3.965101558866e-02
5.545000000000e+02 5.558178507478e-02
5.550000000000e+02 6.570300945712e-02
5.555000000000e+02 6.847022636698e-02
5.560000000000e+02 6.511713444833e-02
5.565000000000e+02 5.928399070054e-02
5.570000000000e+02 5.592162258982e-02
5.575000000000e+02 5.977645897214e-02
5.580000000000e+02 7.388401359720e-02
5.585000000000e+02 9.850087033649e-02
5.590000000000e+02 1.307871763346e-01
5.595000000000e+02 1.653454432915e-01
5.600000000000e+02 1.954842960450e-01
5.605000000000e+02 2.148736747223e-01
5.610000000000e+02 2.191472491038e-01
5.615000000000e+02 2.070194444263e-01
5.620000000000e+02 1.806154920265e-01
5.625000000000e+02 1.449270952459e-01
5.630000000000e+02 1.065443129015e-01
5.635000000000e+02 7.201018842283e-02
5.640000000000e+02 4.624433754307e-02
5.645000000000e+02 3.145783312035e-02
5.650000000000e+02 2.684138969889e-02
5.655000000000e+02 2.909154078828e-02
5.660000000000e+02 3.360603819563e-02
5.665000000000e+02 3.599523588246e-02
5.670000000000e+02 3.347204030799e-02
5.675000000000e+02 2.572224035289e-02
5.680000000000e+02 1.500821282479e-02
5.685000000000e+02 5.479340074802e-03
5.690000000000e+02 1.889855519809e-03
5.695000000000e+02 8.095215137592e-03
5.700000000000e+02 2.576346371352e-02
5.705000000000e+02 5.367988267401e-02
5.710000000000e+02 8.785760907602e-02
5.715000000000e+02 1.224402195724e-01
5.720000000000e+02 1.511580283901e-01
5.725000000000e+02 1.689410592294e-01
5.730000000000e+02 1.732431380991e-01
5.735000000000e+02 1.647073841224e-01
5.740000000000e+02 1.469828770726e-01
5.745000000000e+02 1.257357653353e-01
5.750000000000e+02 1.071206730277e-01
5.755000000000e+02 9.612799832347e-02
5.760000000000e+02 9.525778695442e-02
5.765000000000e+02 1.038813957519e-01
5.770000000000e+02 1.184628574208e-01
5.775000000000e+02 1.335752163268e-01
5.780000000000e+02 1.434287727419e-01
5.785000000000e+02 1.434886608522e-01
5.790000000000e+02 1.317370203578e-01
5.795000000000e+02 1.092360330029e-01
5.800000000000e+02 7.984383051820e-02
5.805000000000e+02 4.917097772317e-02
5.810000000000e+02 2.307513187420e-02
5.815000000000e+02 6.117176835326e-03
5.820000000000e+02 4.088794868839e-04
5.825000000000e+02 5.168486192910e-03
5.830000000000e+02 1.709890855916e-02
5.835000000000e+02 3.147008876330e-02
5.840000000000e+02 4.358830951214e-02
5.845000000000e+02 5.022647084556e-02
5.850000000000e+02 5.060123197686e-02
5.855000000000e+02 4.661208435022e-02
5.860000000000e+02 4.226761805537e-02
5.865000000000e+02 4.245641107950e-02
5.870000000000e+02 5.140878891247e-02
5.875000000000e+02 7.128787807585e-02
5.880000000000e+02 1.013175880842e-01
5.885000000000e+02 1.377094602697e-01
5.890000000000e+02 1.744299635782e-01
5.895000000000e+02 2.046160345652e-01
5.900000000000e+02 2.222646107840e-01
5.905000000000e+02 2.237424907797e-01
5.910000000000e+02 2.087084858169e-01
5.915000000000e+02 1.801981601622e-01
5.920000000000e+02 1.438487871368e-01
5.925000000000e+02 1.064755788656e-01
5.930000000000e+02 7.438519301361e-02
5.935000000000e+02 5.188068640352e-02
5.940000000000e+02 4.035490507493e-02
5.945000000000e+02 3.820307026923e-02
5.950000000000e+02 4.155661879267e-02
5.955000000000e+02 4.561302051045e-02
5.960000000000e+02 4.617359409265e-02
5.965000000000e+02 4.094832804161e-02
5.970000000000e+02 3.025768221168e-02
5.975000000000e+02 1.693589164184e-02
5.980000000000e+02 5.469075900351e-03
5.985000000000e+02 6.200324078215e-04
5.990000000000e+02 5.938476906813e-03
5.995000000000e+02 2.258937659650e-02
6.000000000000e+02 4.884332796712e-02
6.005000000000e+02 8.038650864937e-02
6.010000000000e+02 1.113758955208e-01
6.015000000000e+02 1.359533308853e-01
6.020000000000e+02 1.497993625224e-01
6.025000000000e+02 1.512921593245e-01
6.030000000000e+02 1.419430855902e-01
6.035000000000e+02 1.259794568180e-01
6.040000000000e+02 1.091813529563e-01
6.045000000000e+02 9.728728578775e-02
6.050000000000e+02 9.440493429897e-02
6.055000000000e+02 1.018640007994e-01
6.060000000000e+02 1.178279603244e-01
6.065000000000e+02 1.377732558084e-01
6.070000000000e+02 1.557060109242e-01
6.075000000000e+02 1.657837137531e-01
6.080000000000e+02 1.638987190372e-01
6.085000000000e+02 1.487923713364e-01
6.090000000000e+02 1.223995156736e-01
6.095000000000e+02 8.933650612332e-02
6.100000000000e+02 5.568207602969e-02
6.105000000000e+02 2.739388658567e-02
6.110000000000e+02 8.800600594061e-03
6.115000000000e+02 1.583334727809e-03
6.120000000000e+02 4.519125083293e-03
6.125000000000e+02 1.404255911093e-02
6.130000000000e+02 2.545088868558e-02
6.135000000000e+02 3.439753415530e-02
6.140000000000e+02 3.823945785993e-02
6.145000000000e+02 3.684758199083e-02
6.150000000000e+02 3.264382951015e-02
6.155000000000e+02 2.984997168684e-02
6.160000000000e+02 3.315986750155e-02
6.165000000000e+02 4.621405760948e-02
6.170000000000e+02 7.031667553456e-02
6.175000000000e+02 1.037716633961e-01
6.180000000000e+02 1.420454582569e-01
6.185000000000e+02 1.787337671987e-01
6.190000000000e+02 2.070847538457e-01
6.195000000000e+02 2.216728992969e-01
6.200000000000e+02 2.197713653092e-01
6.205000000000e+02 2.020492494288e-01
6.210000000000e+02 1.724022610079e-01
6.215000000000e+02 1.369607830097e-01
6.220000000000e+02 1.025428611509e-01
6.225000000000e+02 7.496948776292e-02
6.230000000000e+02 5.769422925122e-02
6.235000000000e+02 5.110940616866e-02
6.240000000000e+02 5.270190393134e-02
6.245000000000e+02 5.799604949516e-02
6.250000000000e+02 6.200442916171e-02
6.255000000000e+02 6.077015821868e-02
6.260000000000e+02 5.256382635941e-02
6.265000000000e+02 3.840025506293e-02
6.270000000000e+02 2.173530133830e-02
6.275000000000e+02 7.436239375915e-03
6.280000000000e+02 3.251953346628e-04
6.285000000000e+02 3.715931263183e-03
6.290000000000e+02 1.836614406198e-02
6.295000000000e+02 4.214993141874e-02
6.300000000000e+02 7.055124801699e-02
6.305000000000e+02 9.784633642381e-02
6.310000000000e+02 1.186467579184e-01
6.315000000000e+02 1.293701004808e-01
6.320000000000e+02 1.292223675618e-01
6.325000000000e+02 1.204101109128e-01
6.330000000000e+02 1.075143883619e-01
6.335000000000e+02 9.619294839007e-02
6.340000000000e+02 9.156618375320e-02
6.345000000000e+02 9.673333855302e-02
6.350000000000e+02 1.118324759902e-01
6.355000000000e+02 1.339096131317e-01
6.360000000000e+02 1.576401060993e-01
6.365000000000e+02 1.767104589076e-01
6.370000000000e+02 1.854864354331e-01
6.375000000000e+02 1.805142827874e-01
6.380000000000e+02 1.614479348014e-01
6.385000000000e+02 1.311533706321e-01
6.390000000000e+02 9.496777954882e-02
6.395000000000e+02 5.932286177766e-02
6.400000000000e+02 3.011417905584e-02
6.405000000000e+02 1.126424708007e-02
6.410000000000e+02 3.868188796227e-03
6.415000000000e+02 6.144190110109e-03
6.420000000000e+02 1.418367337867e-02
6.425000000000e+02 2.327183068162e-02
6.430000000000e+02 2.939073181449e-02
6.435000000000e+02 3.046886885483e-02
6.440000000000e+02 2.701602786411e-02
6.445000000000e+02 2.195947709836e-02
6.450000000000e+02 1.972668513087e-02
6.455000000000e+02 2.483655040401e-02
6.460000000000e+02 4.040431163823e-02
6.465000000000e+02 6.699437873947e-02
6.470000000000e+02 1.021617018819e-01
6.475000000000e+02 1.408318102852e-01
6.480000000000e+02 1.764353491263e-01
6.485000000000e+02 2.025002870925e-01
6.490000000000e+02 2.142735506993e-01
6.495000000000e+02 2.099307196859e-01
6.500000000000e+02 1.910417226457e-01
6.505000000000e+02 1.621622117672e-01
6.510000000000e+02 1.296586785432e-01
6.515000000000e+02 1.000843363533e-01
6.520000000000e+02 7.854441041856e-02
6.525000000000e+02 6.749008202813e-02
6.530000000000e+02 6.625991884006e-02
6.535000000000e+02 7.147981017717e-02
6.540000000000e+02 7.819508927078e-02
6.545000000000e+02 8.140764265954e-02
6.550000000000e+02 7.758207091670e-02
6.555000000000e+02 6.569826596223e-02
6.560000000000e+02 4.755890230623e-02
6.565000000000e+02 2.727222507174e-02
6.570000000000e+02 1.006361022222e-02
6.575000000000e+02 7.583259437652e-04
6.580000000000e+02 2.369868074424e-03
6.585000000000e+02 1.519755672315e-02
6.590000000000e+02 3.669254272570e-02
6.595000000000e+02 6.213367876182e-02
6.600000000000e+02 8.592507337164e-02
6.605000000000e+02 1.031501503044e-01
6.610000000000e+02 1.109425458865e-01
6.615000000000e+02 1.092833641405e-01
6.620000000000e+02 1.009936951973e-01
6.625000000000e+02 9.091649561606e-02
6.630000000000e+02 8.451000921539e-02
6.635000000000e+02 8.624200090936e-02
6.640000000000e+02 9.823321638229e-02
6.645000000000e+02 1.195327555334e-01
6.650000000000e+02 1.462353673292e-01
6.655000000000e+02 1.724188151399e-01
6.660000000000e+02 1.916527736792e-01
6.665000000000e+02 1.986721936871e-01
6.670000000000e+02 1.907617863411e-01
6.675000000000e+02 1.684771119863e-01
6.680000000000e+02 1.355097939391e-01
6.685000000000e+02 9.773902919955e-02
6.690000000000e+02 6.173367743278e-02
6.695000000000e+02 3.311721622699e-02
6.700000000000e+02 1.524093689152e-02
6.705000000000e+02 8.520196212231e-03
6.710000000000e+02 1.060008827112e-02
6.715000000000e+02 1.728354607233e-02
6.720000000000e+02 2.394201316620e-02
6.725000000000e+02 2.699593958049e-02
6.730000000000e+02 2.503643804641e-02
6.735000000000e+02 1.926463507969e-02
6.740000000000e+02 1.312175005791e-02
6.745000000000e+02 1.121532061441e-02
6.750000000000e+02 1.784978361890e-02
6.755000000000e+02 3.558561523340e-02
6.760000000000e+02 6.424753920527e-02
6.765000000000e+02 1.006795838093e-01
6.770000000000e+02 1.393370584083e-01
6.775000000000e+02 1.735707931020e-01
6.780000000000e+02 1.972629247286e-01
6.785000000000e+02 2.063711667817e-01
6.790000000000e+02 1.999588732337e-01
6.795000000000e+02 1.804261130308e-01
6.800000000000e+02 1.528744387863e-01
6.805000000000e+02 1.237748477149e-01
6.810000000000e+02 9.929891128835e-02
6.815000000000e+02 8.376433914147e-02
6.820000000000e+02 7.861304965879e-02
6.825000000000e+02 8.219145922128e-02
6.830000000000e+02 9.038049368286e-02
6.835000000000e+02 9.788856766353e-02
6.840000000000e+02 9.983951626337e-02
6.845000000000e+02 9.320936839832e-02
6.850000000000e+02 7.771224865875e-02
6.855000000000e+02 5.589316690585e-02
6.860000000000e+02 3.240963424182e-02
6.865000000000e+02 1.271204724386e-02
6.870000000000e+02 1.500802659701e-03
6.875000000000e+02 1.399246310854e-03
6.880000000000e+02 1.221893165980e-02
6.885000000000e+02 3.102507528765e-02
6.890000000000e+02 5.298304860368e-02
6.895000000000e+02 7.274511374908e-02
6.900000000000e+02 8.598275549766e-02
6.905000000000e+02 9.062725146341e-02
6.910000000000e+02 8.746178430829e-02
6.915000000000e+02 7.989005978242e-02
6.920000000000e+02 7.293831401422e-02
6.925000000000e+02 7.176483566254e-02
6.930000000000e+02 8.009271170292e-02
6.935000000000e+02 9.900746713173e-02
6.940000000000e+02 1.264638707139e-01
6.945000000000e+02 1.576521203985e-01
6.950000000000e+02 1.861366364262e-01
6.955000000000e+02 2.054665871587e-01
6.960000000000e+02 2.108255995059e-01
6.965000000000e+02 2.002755447970e-01
6.970000000000e+02 1.752594272733e-01
6.975000000000e+02 1.402307192840e-01
6.980000000000e+02 1.015148685135e-01
6.985000000000e+02 6.571707005590e-02
6.990000000000e+02 3.811111781174e-02
6.995000000000e+02 2.144408109882e-02
7.000000000000e+02 1.547123691412e-02
7.005000000000e+02 1.732915189335e-02
7.010000000000e+02 2.262001154956e-02
7.015000000000e+02 2.688291492680e-02
7.020000000000e+02 2.702292742258e-02
7.025000000000e+02 2.228524493258e-02
7.030000000000e+02 1.449481203906e-02
7.035000000000e+02 7.493465181577e-03
7.040000000000e+02 5.937395578321e-03
7.045000000000e+02 1.380239776592e-02
7.050000000000e+02 3.303086337918e-02
7.055000000000e+02 6.271820821230e-02
7.060000000000e+02 9.908724189789e-02
7.065000000000e+02 1.362784800614e-01
7.070000000000e+02 1.677542468520e-01
7.075000000000e+02 1.879391784297e-01
7.080000000000e+02 1.936487790120e-01
7.085000000000e+02 1.849113378592e-01
7.090000000000e+02 1.649523642254e-01
7.095000000000e+02 1.393395231721e-01
7.100000000000e+02 1.145164259762e-01
7.105000000000e+02 9.612156427982e-02
7.110000000000e+02 8.754748411451e-02
7.115000000000e+02 8.912859190115e-02
7.120000000000e+02 9.817227232846e-02
7.125000000000e+02 1.098155148157e-01
7.130000000000e+02 1.184625223528e-01
7.135000000000e+02 1.194006603712e-01
7.140000000000e+02 1.101462550977e-01
7.145000000000e+02 9.115050673774e-02
7.150000000000e+02 6.567676006306e-02
7.155000000000e+02 3.889276620769e-02
7.160000000000e+02 1.644036254219e-02
7.165000000000e+02 2.889145775242e-03
7.170000000000e+02 5.101799886822e-04
7.175000000000e+02 8.712696910571e-03
7.180000000000e+02 2.429756661674e-02
7.185000000000e+02 4.244938393932e-02
7.190000000000e+02 5.817959923414e-02
7.195000000000e+02 6.780513442317e-02
7.200000000000e+02 7.003641764723e-02
7.205000000000e+02 6.635882650597e-02
7.210000000000e+02 6.059138658251e-02
7.215000000000e+02 5.774020850075e-02
7.220000000000e+02 6.246595234081e-02
7.225000000000e+02 7.759774290740e-02
7.230000000000e+02 1.031182789377e-01
7.235000000000e+02 1.359179705920e-01
7.240000000000e+02 1.704047358335e-01
7.245000000000e+02 1.998191648829e-01
7.250000000000e+02 2.179080275092e-01
7.255000000000e+02 2.205074047899e-01
7.260000000000e+02 2.066085701273e-01
7.265000000000e+02 1.786192940277e-01
7.270000000000e+02 1.417519525837e-01
7.275000000000e+02 1.027071358029e-01
7.280000000000e+02 6.801169821127e-02
7.285000000000e+02 4.246084025494e-02
7.290000000000e+02 2.808008730307e-02
7.295000000000e+02 2.387480161167e-02
7.300000000000e+02 2.641380774964e-02
7.305000000000e+02 3.106167608907e-02
7.310000000000e+02 3.349590695505e-02
7.315000000000e+02 3.107021116703e-02
7.320000000000e+02 2.363381493187e-02
7.325000000000e+02 1.357506667795e-02
7.330000000000e+02 5.080754363307e-03
7.335000000000e+02 2.827528180227e-03
7.340000000000e+02 1.048528625061e-02
7.345000000000e+02 2.946824327427e-02
7.350000000000e+02 5.830180037923e-02
7.355000000000e+02 9.280107203520e-02
7.360000000000e+02 1.270282255024e-01
7.365000000000e+02 1.547748072179e-01
7.370000000000e+02 1.711641077874e-01
7.375000000000e+02 1.739300706016e-01
7.380000000000e+02 1.640145880429e-01
7.385000000000e+02 1.453109383160e-01
7.390000000000e+02 1.236161127065e-01
7.395000000000e+02 1.050735528072e-01
7.400000000000e+02 9.452942491704e-02
7.405000000000e+02 9.425045448108e-02
7.410000000000e+02 1.033524125592e-01
7.415000000000e+02 1.180929177553e-01
7.420000000000e+02 1.329444655030e-01
7.425000000000e+02 1.421494577181e-01
7.430000000000e+02 1.413278123527e-01
7.435000000000e+02 1.286956951791e-01
7.440000000000e+02 1.055640582669e-01
7.445000000000e+02 7.598702009449e-02
7.450000000000e+02 4.566639037914e-02
7.455000000000e+02 2.042394777686e-02
7.460000000000e+02 4.670340206614e-03
7.465000000000e+02 2.963312498946e-04
7.470000000000e+02 6.289911424200e-03
7.475000000000e+02 1.917616542099e-02
7.480000000000e+02 3.414392707159e-02
7.485000000000e+02 4.652960324502e-02
7.490000000000e+02 5.322847127940e-02
7.495000000000e+02 5.362532409512e-02
7.500000000000e+02 4.977347482627e-02
7.505000000000e+02 4.576531032158e-02
7.510000000000e+02 4.646860366757e-02
7.515000000000e+02 5.598564571870e-02
7.520000000000e+02 7.627531097080e-02
7.525000000000e+02 1.063376765469e-01
7.530000000000e+02 1.422075662966e-01
7.535000000000e+02 1.777797913054e-01
7.540000000000e+02 2.062570945943e-01
7.545000000000e+02 2.218365242778e-01
7.550000000000e+02 2.211802051463e-01
7.555000000000e+02 2.042720012132e-01
7.560000000000e+02 1.744272663583e-01
7.565000000000e+02 1.374530057358e-01
7.570000000000e+02 1.001866209399e-01
7.575000000000e+02 6.880909070713e-02
7.580000000000e+02 4.738664045416e-02
7.585000000000e+02 3.702784592041e-02
7.590000000000e+02 3.586972140512e-02
7.595000000000e+02 3.987520004435e-02
7.600000000000e+02 4.420000988086e-02
7.605000000000e+02 4.473171852853e-02
7.610000000000e+02 3.936062764288e-02
7.615000000000e+02 2.862278529602e-02
7.620000000000e+02 1.553658904205e-02
7.625000000000e+02 4.685111515875e-03
7.630000000000e+02 8.114734246515e-04
7.635000000000e+02 7.333820266831e-03
7.640000000000e+02 2.521059286155e-02
7.645000000000e+02 5.248899404240e-02
7.650000000000e+02 8.467724366898e-02
7.655000000000e+02 1.158483368881e-01
7.660000000000e+02 1.401749882865e-01
7.665000000000e+02 1.534708130874e-01
7.670000000000e+02 1.543068601656e-01
7.675000000000e+02 1.443874923803e-01
7.680000000000e+02 1.280736152342e-01
7.685000000000e+02 1.111776895664e-01
7.690000000000e+02 9.935793638444e-02
7.695000000000e+02 9.655195578037e-02
7.700000000000e+02 1.038809753020e-01
7.705000000000e+02 1.193273511984e-01
7.710000000000e+02 1.382753087380e-01
7.715000000000e+02 1.547671861899e-01
7.720000000000e+02 1.631306021981e-01
7.725000000000e+02 1.595305843407e-01
7.730000000000e+02 1.430227863494e-01
7.735000000000e+02 1.158231258569e-01
7.740000000000e+02 8.272656901278e-02
7.745000000000e+02 4.984275985864e-02
7.750000000000e+02 2.300336063265e-02
7.755000000000e+02 6.283423800386e-03
7.760000000000e+02 1.042878968352e-03
7.765000000000e+02 5.744891938685e-03
7.770000000000e+02 1.658761249126e-02
7.775000000000e+02 2.875658497839e-02
7.780000000000e+02 3.793116663125e-02
7.785000000000e+02 4.160840279884e-02
7.790000000000e+02 3.986144496362e-02
7.795000000000e+02 3.531159611034e-02
7.800000000000e+02 3.231784289972e-02
7.805000000000e+02 3.561204787423e-02
7.810000000000e+02 4.876864629541e-02
7.815000000000e+02 7.294929532977e-02
7.820000000000e+02 1.062905304151e-01
7.825000000000e+02 1.441258860596e-01
7.830000000000e+02 1.800021614593e-01
7.835000000000e+02 2.072271514360e-01
7.840000000000e+02 2.205353593389e-01
7.845000000000e+02 2.174212836592e-01
7.850000000000e+02 1.987774903775e-01
7.855000000000e+02 1.686628447448e-01
7.860000000000e+02 1.332629649470e-01
7.865000000000e+02 9.932462723138e-02
7.870000000000e+02 7.248766948410e-02
7.875000000000e+02 5.596274026860e-02
7.880000000000e+02 4.990441395336e-02
7.885000000000e+02 5.163450596252e-02
7.890000000000e+02 5.663424717603e-02
7.895000000000e+02 6.001210634851e-02
7.900000000000e+02 5.802534095732e-02
7.905000000000e+02 4.922332481019e-02
7.910000000000e+02 3.489164278685e-02
7.915000000000e+02 1.867634996663e-02
7.920000000000e+02 5.501201806660e-03
7.925000000000e+02 9.147829602898e-05
7.930000000000e+02 5.529880456477e-03
7.935000000000e+02 2.226150305385e-02
7.940000000000e+02 4.783848416636e-02
7.945000000000e+02 7.748609413347e-02
7.950000000000e+02 1.053394024379e-01
7.955000000000e+02 1.260086370274e-01
7.960000000000e+02 1.360357392805e-01
7.965000000000e+02 1.348315775530e-01
7.970000000000e+02 1.248256813232e-01
7.975000000000e+02 1.107787234973e-01
7.980000000000e+02 9.844148942500e-02
7.985000000000e+02 9.292752889835e-02
7.990000000000e+02 9.724872454118e-02
7.995000000000e+02 1.114204527746e-01
8.000000000000e+02 1.323873833209e-01
8.005000000000e+02 1.547952987853e-01
8.010000000000e+02 1.724011995373e-01
8.015000000000e+02 1.797380862777e-01
8.020000000000e+02 1.735809681406e-01
8.025000000000e+02 1.538161148098e-01
8.030000000000e+02 1.234807856962e-01
8.035000000000e+02 8.796955974619e-02
8.040000000000e+02 5.363225430162e-02
8.045000000000e+02 2.615369755207e-02
8.050000000000e+02 9.161601104043e-03
8.055000000000e+02 3.440339418064e-03
8.060000000000e+02 6.955204366151e-03
8.065000000000e+02 1.566250505594e-02
8.070000000000e+02 2.486009016074e-02
8.075000000000e+02 3.068235566723e-02
8.080000000000e+02 3.130564024442e-02
8.085000000000e+02 2.751462020354e-02
8.090000000000e+02 2.246392801887e-02
8.095000000000e+02 2.070000193972e-02
8.100000000000e+02 2.672112798301e-02
8.105000000000e+02 4.348869624093e-02
8.110000000000e+02 7.132156996126e-02
8.115000000000e+02 1.075023913035e-01
8.120000000000e+02 1.467280393734e-01
8.125000000000e+02 1.823010156117e-01
8.130000000000e+02 2.077499869965e-01
8.135000000000e+02 2.184444679659e-01
8.140000000000e+02 2.127654109893e-01
8.145000000000e+02 1.925116550210e-01
8.150000000000e+02 1.624292880601e-01
8.155000000000e+02 1.289897511093e-01
8.160000000000e+02 9.874681871335e-02
8.165000000000e+02 7.671586035235e-02
8.170000000000e+02 6.520974847925e-02
8.175000000000e+02 6.343717000403e-02
8.180000000000e+02 6.795687801936e-02
8.185000000000e+02 7.384472621966e-02
8.190000000000e+02 7.623497259120e-02
8.195000000000e+02 7.179746082878e-02
8.200000000000e+02 5.973527710751e-02
8.205000000000e+02 4.202637960860e-02
8.210000000000e+02 2.284820507780e-02
8.215000000000e+02 7.355751383942e-03
8.220000000000e+02 1.661581649159e-04
8.225000000000e+02 3.985234019582e-03
8.230000000000e+02 1.877071042823e-02
8.235000000000e+02 4.167478737953e-02
8.240000000000e+02 6.778761822578e-02
8.245000000000e+02 9.147589760724e-02
8.250000000000e+02 1.079406887870e-01
8.255000000000e+02 1.145540268503e-01
8.260000000000e+02 1.115931288873e-01
8.265000000000e+02 1.021579880718e-01
8.270000000000e+02 9.128627269139e-02
8.275000000000e+02 8.450508618191e-02
8.280000000000e+02 8.621909981205e-02
8.285000000000e+02 9.838387275383e-02
8.290000000000e+02 1.198376423920e-01
8.295000000000e+02 1.464851150901e-01
8.300000000000e+02 1.722925200097e-01
8.305000000000e+02 1.908293749639e-01
8.310000000000e+02 1.969411909605e-01
8.315000000000e+02 1.881007038543e-01
8.320000000000e+02 1.650733161609e-01
8.325000000000e+02 1.317207427310e-01
8.330000000000e+02 9.400304096956e-02
8.335000000000e+02 5.845770335994e-02
8.340000000000e+02 3.057477923346e-02
8.345000000000e+02 1.351045706926e-02
8.350000000000e+02 7.482190769607e-03
8.355000000000e+02 9.994549206429e-03
8.360000000000e+02 1.681106107995e-02
8.365000000000e+02 2.337898702126e-02
8.370000000000e+02 2.628942325433e-02
8.375000000000e+02 2.434906910088e-02
8.380000000000e+02 1.895374992563e-02
8.385000000000e+02 1.365513207137e-02
8.390000000000e+02 1.304418243584e-02
8.395000000000e+02 2.127235556083e-02
8.400000000000e+02 4.063848122985e-02
8.405000000000e+02 7.065545804937e-02
8.410000000000e+02 1.078796015605e-01
8.415000000000e+02 1.465732741616e-01
8.420000000000e+02 1.800374687440e-01
8.425000000000e+02 2.022608227941e-01
8.430000000000e+02 2.094385528948e-01
8.435000000000e+02 2.009454595775e-01
8.440000000000e+02 1.794934551410e-01
8.445000000000e+02 1.504257439063e-01
8.450000000000e+02 1.203354901923e-01
8.455000000000e+02 9.538119988955e-02
8.460000000000e+02 7.975297751134e-02
8.465000000000e+02 7.470061742111e-02
8.470000000000e+02 7.837823482184e-02
8.475000000000e+02 8.653432706711e-02
8.480000000000e+02 9.384353868998e-02
8.485000000000e+02 9.550152206718e-02
8.490000000000e+02 8.863547762883e-02
8.495000000000e+02 7.313891484276e-02
8.500000000000e+02 5.170377978876e-02
8.505000000000e+02 2.904997332953e-02
8.510000000000e+02 1.057780133965e-02
8.515000000000e+02 8.299614935933e-04
8.520000000000e+02 2.201359295404e-03
8.525000000000e+02 1.426314990094e-02
8.530000000000e+02 3.389236524989e-02
8.535000000000e+02 5.616965236198e-02
8.540000000000e+02 7.578942883250e-02
8.545000000000e+02 8.858058495085e-02
8.550000000000e+02 9.270296393586e-02
8.555000000000e+02 8.917470971098e-02
8.560000000000e+02 8.157322356575e-02
8.565000000000e+02 7.498547143788e-02
8.570000000000e+02 7.449645379300e-02
8.575000000000e+02 8.363793188416e-02
8.580000000000e+02 1.032353151385e-01
8.585000000000e+02 1.309840216943e-01
8.590000000000e+02 1.618868776077e-01
8.595000000000e+02 1.894465391321e-01
8.600000000000e+02 2.072974952892e-01
8.605000000000e+02 2.108392022954e-01
8.610000000000e+02 1.984296157022e-01
8.615000000000e+02 1.718175788488e-01
8.620000000000e+02 1.357001951315e-01
8.625000000000e+02 9.652988502060e-02
8.630000000000e+02 6.089920472719e-02
8.635000000000e+02 3.394346042743e-02
8.640000000000e+02 1.819099434703e-02
8.645000000000e+02 1.316209286579e-02
8.650000000000e+02 1.580617352403e-02
8.655000000000e+02 2.163249638576e-02
8.660000000000e+02 2.619763851908e-02
8.665000000000e+02 2.651685749248e-02
8.670000000000e+02 2.199277883220e-02
8.675000000000e+02 1.459576172666e-02
8.680000000000e+02 8.245903385158e-03
8.685000000000e+02 7.576107173647e-03
8.690000000000e+02 1.643428060302e-02
8.695000000000e+02 3.656013490700e-02
8.700000000000e+02 6.682621848742e-02
8.705000000000e+02 1.032763083505e-01
8.710000000000e+02 1.399707766504e-01
8.715000000000e+02 1.704206102723e-01
8.720000000000e+02 1.892233601963e-01
8.725000000000e+02 1.934529058620e-01
8.730000000000e+02 1.834182048126e-01
8.735000000000e+02 1.625770325485e-01
8.740000000000e+02 1.366219084593e-01
8.745000000000e+02 1.119828206994e-01
8.750000000000e+02 9.415180809490e-02
8.755000000000e+02 8.628328755456e-02
8.760000000000e+02 8.844759853734e-02
8.765000000000e+02 9.773476153517e-02
8.770000000000e+02 1.091710287150e-01
8.775000000000e+02 1.171875164027e-01
8.780000000000e+02 1.172299556537e-01
8.785000000000e+02 1.070628738039e-01
8.790000000000e+02 8.740987357079e-02
8.795000000000e+02 6.175908596739e-02
8.800000000000e+02 3.539677574195e-02
8.805000000000e+02 1.394707268388e-02
8.810000000000e+02 1.831925301744e-03
8.815000000000e+02 1.084837030276e-03
8.820000000000e+02 1.084966534213e-02
8.825000000000e+02 2.770074168119e-02
8.830000000000e+02 4.668774156735e-02
8.835000000000e+02 6.280357503459e-02
8.840000000000e+02 7.245375354715e-02
8.845000000000e+02 7.450494428631e-02
8.850000000000e+02 7.060906748929e-02
8.855000000000e+02 6.470414165050e-02
8.860000000000e+02 6.182671374571e-02
8.865000000000e+02 6.656752864872e-02
8.870000000000e+02 8.160667456824e-02
8.875000000000e+02 1.067470752100e-01
8.880000000000e+02 1.387302263727e-01
8.885000000000e+02 1.719027334267e-01
8.890000000000e+02 1.995662791363e-01
8.895000000000e+02 2.156528059480e-01
8.900000000000e+02 2.162741690771e-01
8.905000000000e+02 2.007272508619e-01
8.910000000000e+02 1.716829216544e-01
8.915000000000e+02 1.345095197947e-01
8.920000000000e+02 9.591711736257e-02
8.925000000000e+02 6.229249013475e-02
8.930000000000e+02 3.817567813527e-02
8.935000000000e+02 2.528519271635e-02
8.940000000000e+02 2.234293736412e-02
8.945000000000e+02 2.572558753811e-02
8.950000000000e+02 3.073926369555e-02
8.955000000000e+02 3.314295965797e-02
8.960000000000e+02 3.048096525163e-02
8.965000000000e+02 2.284326571251e-02
8.970000000000e+02 1.283869984436e-02
8.975000000000e+02 4.791647885301e-03
8.980000000000e+02 3.395521827168e-03
8.985000000000e+02 1.221269898213e-02
8.990000000000e+02 3.245670384181e-02
8.995000000000e+02 6.241525679132e-02
9.000000000000e+02 9.769374168113e-02
9.005000000000e+02 1.322277941201e-01
9.010000000000e+02 1.597957962387e-01
9.015000000000e+02 1.756183158521e-01
9.020000000000e+02 1.776025551910e-01
9.025000000000e+02 1.668842650604e-01
9.030000000000e+02 1.475114538137e-01
9.035000000000e+02 1.253504065485e-01
9.040000000000e+02 1.065093776378e-01
9.045000000000e+02 9.570900442195e-02
9.050000000000e+02 9.504370695987e-02
9.055000000000e+02 1.034707229962e-01
9.060000000000e+02 1.171627877829e-01
9.065000000000e+02 1.306224915153e-01
9.070000000000e+02 1.382470828203e-01
9.075000000000e+02 1.359099463240e-01
9.080000000000e+02 1.221229837111e-01
9.085000000000e+02 9.846289464805e-02
9.090000000000e+02 6.915049087622e-02
9.095000000000e+02 3.990802191675e-02
9.100000000000e+02 1.641923250099e-02
9.105000000000e+02 2.824925205297e-03
9.110000000000e+02 6.733133316638e-04
9.115000000000e+02 8.613600440592e-03
9.120000000000e+02 2.291001808042e-02
9.125000000000e+02 3.862143261863e-02
9.130000000000e+02 5.110381995945e-02
9.135000000000e+02 5.740214882429e-02
9.140000000000e+02 5.713000917340e-02
9.145000000000e+02 5.258078444308e-02
9.150000000000e+02 4.803249818089e-02
9.155000000000e+02 4.843837136678e-02
9.160000000000e+02 5.787196102996e-02
9.165000000000e+02 7.816961805243e-02
9.170000000000e+02 1.081627433386e-01
9.175000000000e+02 1.437314782434e-01
9.180000000000e+02 1.786845478578e-01
9.185000000000e+02 2.062400750821e-01
9.190000000000e+02 2.207133790316e-01
9.195000000000e+02 2.189572493061e-01
9.200000000000e+02 2.011650595566e-01
9.205000000000e+02 1.708195889838e-01
9.210000000000e+02 1.338028536905e-01
9.215000000000e+02 9.691024093725e-02
9.220000000000e+02 6.617267981645e-02
9.225000000000e+02 4.543919686014e-02
9.230000000000e+02 3.559586791489e-02
9.235000000000e+02 3.461753203136e-02
9.240000000000e+02 3.841601656194e-02
9.245000000000e+02 4.222799058536e-02
9.250000000000e+02 4.213834862489e-02
9.255000000000e+02 3.630199828949e-02
9.260000000000e+02 2.551683881846e-02
9.265000000000e+02 1.298791435660e-02
9.270000000000e+02 3.354356288153e-03
9.275000000000e+02 1.261569774324e-03
9.280000000000e+02 9.891844023376e-03
9.285000000000e+02 2.988035707054e-02
9.290000000000e+02 5.893640923851e-02
9.295000000000e+02 9.229160952650e-02
9.300000000000e+02 1.238631863109e-01
9.305000000000e+02 1.478171697940e-01
9.310000000000e+02 1.601001583130e-01
9.315000000000e+02 1.595126392829e-01
9.320000000000e+02 1.480206945947e-01
9.325000000000e+02 1.302122279711e-01
9.330000000000e+02 1.120404907820e-01
9.335000000000e+02 9.919576788811e-02
9.340000000000e+02 9.555034517094e-02
9.345000000000e+02 1.021030928091e-01
9.350000000000e+02 1.167131641656e-01
9.355000000000e+02 1.346952859399e-01
9.360000000000e+02 1.501120801956e-01
9.365000000000e+02 1.574075549368e-01
9.370000000000e+02 1.529333210774e-01
9.375000000000e+02 1.359507335574e-01
9.380000000000e+02 1.088389272289e-01
9.385000000000e+02 7.645952611849e-02
9.390000000000e+02 4.486203105968e-02
9.395000000000e+02 1.969460700999e-02
9.400000000000e+02 4.763072426515e-03
9.405000000000e+02 1.134981747121e-03
9.410000000000e+02 7.029117117466e-03
9.415000000000e+02 1.850770442474e-02
9.420000000000e+02 3.076197592843e-02
9.425000000000e+02 3.961497581967e-02
9.430000000000e+02 4.280550785317e-02
9.435000000000e+02 4.068063516896e-02
9.440000000000e+02 3.609326492129e-02
9.445000000000e+02 3.352852276563e-02
9.450000000000e+02 3.770393282786e-02
9.455000000000e+02 5.204150195991e-02
9.460000000000e+02 7.745131826035e-02
9.465000000000e+02 1.117840555226e-01
9.470000000000e+02 1.501263103979e-01
9.475000000000e+02 1.858788808168e-01
9.480000000000e+02 2.123390474075e-01
9.485000000000e+02 2.243648302459e-01
9.490000000000e+02 2.196722192186e-01
9.495000000000e+02 1.994134130102e-01
9.500000000000e+02 1.678785419251e-01
9.505000000000e+02 1.314014668231e-01
9.510000000000e+02 9.676614408112e-02
9.515000000000e+02 6.954400449826e-02
9.520000000000e+02 5.280789213544e-02
9.525000000000e+02 4.656049094325e-02
9.530000000000e+02 4.801508288798e-02
9.535000000000e+02 5.262982088888e-02
9.540000000000e+02 5.558938305214e-02
9.545000000000e+02 5.330745907020e-02
9.550000000000e+02 4.452316100147e-02
9.555000000000e+02 3.068369193060e-02
9.560000000000e+02 1.551056295839e-02
9.565000000000e+02 3.879534112908e-03
9.570000000000e+02 3.397734871246e-04
9.575000000000e+02 7.700617850297e-03
9.580000000000e+02 2.609589885683e-02
9.585000000000e+02 5.280125610731e-02
9.590000000000e+02 8.286698255640e-02
9.595000000000e+02 1.103975546036e-01
9.600000000000e+02 1.301241797021e-01
9.605000000000e+02 1.388305818090e-01
9.610000000000e+02 1.362293963144e-01
9.615000000000e+02 1.250370266679e-01
9.620000000000e+02 1.102169255211e-01
9.625000000000e+02 9.759315143666e-02
9.630000000000e+02 9.221296965235e-02
9.635000000000e+02 9.690965173625e-02
9.640000000000e+02 1.114639721780e-01
9.645000000000e+02 1.325994988933e-01
9.650000000000e+02 1.548177910554e-01
9.655000000000e+02 1.718485153773e-01
9.660000000000e+02 1.783203657387e-01
9.665000000000e+02 1.711983953952e-01
9.670000000000e+02 1.505985494847e-01
9.675000000000e+02 1.197625411846e-01
9.680000000000e+02 8.420770633576e-02
9.685000000000e+02 5.029270437901e-02
9.690000000000e+02 2.359812204637e-02
9.695000000000e+02 7.567499289031e-03
9.700000000000e+02 2.776607086156e-03
9.705000000000e+02 7.019203783748e-03
9.710000000000e+02 1.616661752795e-02
9.715000000000e+02 2.554118627085e-02
9.720000000000e+02 3.140072459508e-02
9.725000000000e+02 3.210268965347e-02
9.730000000000e+02 2.861036654710e-02
9.735000000000e+02 2.419267673125e-02
9.740000000000e+02 2.340077045708e-02
9.745000000000e+02 3.061313631647e-02
9.750000000000e+02 4.856767579108e-02
9.755000000000e+02 7.730806964556e-02
9.760000000000e+02 1.138598288595e-01
9.765000000000e+02 1.527495813232e-01
9.770000000000e+02 1.872455887238e-01
9.775000000000e+02 2.109940168821e-01
9.780000000000e+02 2.196111265206e-01
9.785000000000e+02 2.117986179154e-01
9.790000000000e+02 1.896763770888e-01
9.795000000000e+02 1.582389370282e-01
9.800000000000e+02 1.240804567564e-01
9.805000000000e+02 9.373188989081e-02
9.810000000000e+02 7.205819435021e-02
9.815000000000e+02 6.114416925800e-02
9.820000000000e+02 5.996034924396e-02
9.825000000000e+02 6.488364185605e-02
9.830000000000e+02 7.091141459996e-02
9.835000000000e+02 7.321809499810e-02
9.840000000000e+02 6.861255059996e-02
9.845000000000e+02 5.648739905665e-02
9.850000000000e+02 3.899823633247e-02
9.855000000000e+02 2.043005408889e-02
9.860000000000e+02 5.938196121893e-03
9.865000000000e+02 2.755003483566e-05
9.870000000000e+02 5.206925522929e-03
9.875000000000e+02 2.120534038393e-02
9.880000000000e+02 4.497747517745e-02
9.885000000000e+02 7.150176306024e-02
9.890000000000e+02 9.514940665971e-02
9.895000000000e+02 1.112394358602e-01
9.900000000000e+02 1.173397820944e-01
9.905000000000e+02 1.139430424328e-01
9.910000000000e+02 1.043192337145e-01
9.915000000000e+02 9.357803318608e-02
9.920000000000e+02 8.719544712923e-02
9.925000000000e+02 8.941223019492e-02
9.930000000000e+02 1.019508157837e-01
9.935000000000e+02 1.234125766034e-01
9.940000000000e+02 1.495311639063e-01
9.945000000000e+02 1.742219661217e-01
9.950000000000e+02 1.911477879462e-01
9.955000000000e+02 1.953777769000e-01
9.960000000000e+02 1.846901780741e-01
9.965000000000e+02 1.601670240600e-01
9.970000000000e+02 1.259232495209e-01
9.975000000000e+02 8.804994545214e-02
9.980000000000e+02 5.306568777068e-02
9.985000000000e+02 2.630175595990e-02
9.990000000000e+02 1.066030667583e-02
9.995000000000e+02 6.076012498116e-03
1.000000000000e+03 9.812098377627e-03
1.000500000000e+03 1.748719601504e-02
1.001000000000e+03 2.452568168294e-02
1.001500000000e+03 2.760809176945e-02
1.002000000000e+03 2.570207790973e-02
1.002500000000e+03 2.037675974125e-02
1.003000000000e+03 1.530960747470e-02
1.003500000000e+03 1.512697120630e-02
1.004000000000e+03 2.391168625158e-02
1.004500000000e+03 4.380954543774e-02
1.005000000000e+03 7.414288256907e-02
1.005500000000e+03 1.113002751977e-01
1.006000000000e+03 1.494551421231e-01
1.006500000000e+03 1.819331584461e-01
1.007000000000e+03 2.028641349140e-01
1.007500000000e+03 2.086700965669e-01
1.008000000000e+03 1.989816290255e-01
1.008500000000e+03 1.767283970398e-01
1.009000000000e+03 1.473746620084e-01
1.009500000000e+03 1.175043342027e-01
1.010000000000e+03 9.313776091415e-02
1.010500000000e+03 7.823477750199e-02
1.011000000000e+03 7.378551196219e-02
1.011500000000e+03 7.772686493235e-02
1.012000000000e+03 8.569402810764e-02
1.012500000000e+03 9.238640730010e-02
1.013000000000e+03 9.315972619460e-02
1.013500000000e+03 8.539725033627e-02
1.014000000000e+03 6.927894219544e-02
1.014500000000e+03 4.773909318922e-02
1.015000000000e+03 2.563224507927e-02
1.015500000000e+03 8.349728480628e-03
1.016000000000e+03 2.826568299907e-04
1.016500000000e+03 3.568893172326e-03
1.017000000000e+03 1.747990876085e-02
1.017500000000e+03 3.862168563835e-02
1.018000000000e+03 6.189305232236e-02
1.018500000000e+03 8.192997897701e-02
1.019000000000e+03 9.462584016161e-02
1.019500000000e+03 9.829453946296e-02
1.020000000000e+03 9.414240486988e-02
1.020500000000e+03 8.590838532073e-02
1.021000000000e+03 7.876621187390e-02
1.021500000000e+03 7.779127130172e-02
1.022000000000e+03 8.642027917306e-02
1.022500000000e+03 1.053380264368e-01
1.023000000000e+03 1.321103217582e-01
1.023500000000e+03 1.616774550998e-01
1.024000000000e+03 1.875848377864e-01
1.024500000000e+03 2.036229693699e-01
1.025000000000e+03 2.054344408063e-01
1.025500000000e+03 1.916531989029e-01
1.026000000000e+03 1.642687571633e-01
1.026500000000e+03 1.281200845886e-01
1.027000000000e+03 8.966168631744e-02
1.027500000000e+03 5.534196877433e-02
1.028000000000e+03 3.003670098677e-02
1.028500000000e+03 1.596008436185e-02
1.029000000000e+03 1.233877681245e-02
1.029500000000e+03 1.591887807844e-02
1.030000000000e+03 2.214276145862e-02
1.030500000000e+03 2.664692474545e-02
1.031000000000e+03 2.664550456658e-02
1.031500000000e+03 2.180065725203e-02
1.032000000000e+03 1.433003635882e-02
1.032500000000e+03 8.320954880661e-03
1.033000000000e+03 8.448673229968e-03
1.033500000000e+03 1.846839503439e-02
1.034000000000e+03 3.991839206667e-02
1.034500000000e+03 7.141586649449e-02
1.035000000000e+03 1.087630246365e-01
1.035500000000e+03 1.458541367114e-01
1.036000000000e+03 1.761484969538e-01
1.036500000000e+03 1.943125123480e-01
1.037000000000e+03 1.975821821103e-01
1.037500000000e+03 1.864699794531e-01
1.038000000000e+03 1.646178191625e-01
1.038500000000e+03 1.378312829779e-01
1.039000000000e+03 1.125548246845e-01
1.039500000000e+03 9.420092650961e-02
1.040000000000e+03 8.578554413510e-02
1.040500000000e+03 8.723672863233e-02
1.041000000000e+03 9.555682195954e-02
1.041500000000e+03 1.057829365686e-01
1.042000000000e+03 1.124710196948e-01
1.042500000000e+03 1.112865151503e-01
1.043000000000e+03 1.002587443765e-01
1.043500000000e+03 8.035341793728e-02
1.044000000000e+03 5.521060544482e-02
1.044500000000e+03 3.012988305079e-02
1.045000000000e+03 1.059464497444e-02
1.045500000000e+03 7.550023406398e-04
1.046000000000e+03 2.297878333417e-03
1.046500000000e+03 1.402158308912e-02
1.047000000000e+03 3.223181207761e-02
1.047500000000e+03 5.184306993082e-02
1.048000000000e+03 6.786949652001e-02
1.048500000000e+03 7.687823693851e-02
1.049000000000e+03 7.798811534670e-02
1.049500000000e+03 7.312392928395e-02
1.050000000000e+03 6.644656315769e-02
1.050500000000e+03 6.311255877925e-02
1.051000000000e+03 6.770828065170e-02
1.051500000000e+03 8.279947281964e-02
1.052000000000e+03 1.080096135703e-01
1.052500000000e+03 1.398971684189e-01
1.053000000000e+03 1.726821596846e-01
1.053500000000e+03 1.996373646234e-01
1.054000000000e+03 2.147743082053e-01
1.054500000000e+03 2.143706177917e-01
1.055000000000e+03 1.979266513474e-01
1.055500000000e+03 1.682942683967e-01
1.056000000000e+03 1.309462738015e-01
1.056500000000e+03 9.258888997466e-02
1.057000000000e+03 5.949685716395e-02
1.057500000000e+03 3.602249996515e-02
1.058000000000e+03 2.367683716945e-02
1.058500000000e+03 2.101787788077e-02
1.059000000000e+03 2.435445999599e-02
1.059500000000e+03 2.904683147091e-02
1.060000000000e+03 3.102105030149e-02
1.060500000000e+03 2.805879685185e-02
1.061000000000e+03 2.049245632076e-02
1.061500000000e+03 1.110775695043e-02
1.062000000000e+03 4.284092159900e-03
1.062500000000e+03 4.621672008753e-03
1.063000000000e+03 1.545311300109e-02
1.063500000000e+03 3.767306528272e-02
1.064000000000e+03 6.923263412424e-02
1.064500000000e+03 1.054598029652e-01
1.065000000000e+03 1.401346884468e-01
1.065500000000e+03 1.670343898870e-01
1.066000000000e+03 1.815266082324e-01
1.066500000000e+03 1.817724612608e-01
1.067000000000e+03 1.692027917535e-01
1.067500000000e+03 1.481302816922e-01
1.068000000000e+03 1.245970221480e-01
1.068500000000e+03 1.047679297438e-01
1.069000000000e+03 9.330591531698e-02
1.069500000000e+03 9.217000728230e-02
1.070000000000e+03 1.001611293890e-01
1.070500000000e+03 1.133342137704e-01
1.071000000000e+03 1.261569577142e-01
1.071500000000e+03 1.330909245053e-01
1.072000000000e+03 1.301565028970e-01
1.072500000000e+03 1.160509034079e-01
1.073000000000e+03 9.251535301328e-02
1.073500000000e+03 6.385821656797e-02
1.074000000000e+03 3.577599264741e-02
1.074500000000e+03 1.380835242503e-02
1.075000000000e+03 1.862574581917e-03
1.075500000000e+03 1.219523359256e-03
1.076000000000e+03 1.029465378345e-02
1.076500000000e+03 2.521264155948e-02
1.077000000000e+03 4.102364483996e-02
1.077500000000e+03 5.320775627981e-02
1.078000000000e+03 5.903290452774e-02
1.078500000000e+03 5.837319923662e-02
1.079000000000e+03 5.374782912362e-02
1.079500000000e+03 4.956217734310e-02
1.080000000000e+03 5.076059280420e-02
1.080500000000e+03 6.127016361325e-02
1.081000000000e+03 8.267887365345e-02
1.081500000000e+03 1.135312252029e-01
1.082000000000e+03 1.494560808027e-01
1.082500000000e+03 1.841116827821e-01
1.083000000000e+03 2.107054216120e-01
1.083500000000e+03 2.236843168481e-01
1.084000000000e+03 2.201415344262e-01
1.084500000000e+03 2.005589702827e-01
1.085000000000e+03 1.686855151650e-01
1.085500000000e+03 1.305854439467e-01
1.086000000000e+03 9.311645495248e-02
1.086500000000e+03 6.224996996115e-02
1.087000000000e+03 4.168520879740e-02
1.087500000000e+03 3.212288098249e-02
1.088000000000e+03 3.137834624190e-02
1.088500000000e+03 3.527988243607e-02
1.089000000000e+03 3.908063605878e-02
1.089500000000e+03 3.897331079178e-02
1.090000000000e+03 3.327324474901e-02
1.090500000000e+03 2.293425262367e-02
1.091000000000e+03 1.125429835559e-02
1.091500000000e+03 2.860295865500e-03
1.092000000000e+03 2.267695300262e-03
1.092500000000e+03 1.243291837834e-02
1.093000000000e+03 3.372067621319e-02
1.093500000000e+03 6.359251144565e-02
1.094000000000e+03 9.711993653031e-02
1.094500000000e+03 1.281922258793e-01
1.095000000000e+03 1.510908147695e-01
1.095500000000e+03 1.619951808901e-01
1.096000000000e+03 1.599994736220e-01
1.096500000000e+03 1.473515105061e-01
1.097000000000e+03 1.288395618235e-01
1.097500000000e+03 1.104882108582e-01
1.098000000000e+03 9.791681585962e-02
1.098500000000e+03 9.480903692406e-02
1.099000000000e+03 1.019128667099e-01
1.099500000000e+03 1.168454356675e-01
1.100000000000e+03 1.347556961996e-01
1.100500000000e+03 1.496622325801e-01
1.101000000000e+03 1.560982909337e-01
1.101500000000e+03 1.506129500502e-01
1.102000000000e+03 1.327190388176e-01
1.102500000000e+03 1.050330841641e-01
1.103000000000e+03 7.257697444743e-02
1.103500000000e+03 4.144256760804e-02
1.104000000000e+03 1.719474282596e-02
1.104500000000e+03 3.457099111533e-03
1.105000000000e+03 1.068930480854e-03
1.105500000000e+03 8.038293655038e-03
1.106000000000e+03 2.029018551637e-02
1.106500000000e+03 3.298456051174e-02
1.107000000000e+03 4.201909743477e-02
1.107500000000e+03 4.528106302431e-02
1.108000000000e+03 4.328541603163e-02
1.108500000000e+03 3.901191687576e-02
1.109000000000e+03 3.698304218440e-02
1.109500000000e+03 4.184249462232e-02
1.110000000000e+03 5.683959893826e-02
1.110500000000e+03 8.265666549875e-02
1.111000000000e+03 1.169250630100e-01
1.111500000000e+03 1.545863388760e-01
1.112000000000e+03 1.890198549863e-01
1.112500000000e+03 2.136435354451e-01
1.113000000000e+03 2.235595163858e-01
1.113500000000e+03 2.167996292444e-01
1.114000000000e+03 1.948318339079e-01
1.114500000000e+03 1.621887953799e-01
1.115000000000e+03 1.253184603286e-01
1.115500000000e+03 9.096766808471e-02
1.116000000000e+03 6.453508790378e-02
1.116500000000e+03 4.883457716962e-02
1.117000000000e+03 4.359337597236e-02
1.117500000000e+03 4.580412818536e-02
1.118000000000e+03 5.081289178229e-02
1.118500000000e+03 5.382301235948e-02
1.119000000000e+03 5.138312602390e-02
1.119500000000e+03 4.243733172843e-02
1.120000000000e+03 2.864346196696e-02
1.120500000000e+03 1.387511771035e-02
1.121000000000e+03 3.055637115612e-03
1.121500000000e+03 6.620939274578e-04
1.122000000000e+03 9.331454858076e-03
1.122500000000e+03 2.897279423195e-02
1.123000000000e+03 5.664691488896e-02
1.123500000000e+03 8.725789003766e-02
1.124000000000e+03 1.148708328481e-01
1.124500000000e+03 1.342913546100e-01
1.125000000000e+03 1.424651170356e-01
1.125500000000e+03 1.393026036634e-01
1.126000000000e+03 1.276920777077e-01
1.126500000000e+03 1.126888632966e-01
1.127000000000e+03 1.000988463824e-01
1.127500000000e+03 9.484426996968e-02
1.128000000000e+03 9.956281702201e-02
1.128500000000e+03 1.138287818458e-01
1.129000000000e+03 1.342148202610e-01
1.129500000000e+03 1.551814746409e-01
1.130000000000e+03 1.705535500896e-01
1.130500000000e+03 1.751807839075e-01
1.131000000000e+03 1.663299280160e-01
1.131500000000e+03 1.444302097499e-01
1.132000000000e+03 1.129731911250e-01
1.132500000000e+03 7.760139814393e-02
1.133000000000e+03 4.464280840177e-02
1.133500000000e+03 1.949852946137e-02
1.134000000000e+03 5.327263674379e-03
1.134500000000e+03 2.382805460817e-03
1.135000000000e+03 8.174737880736e-03
1.135500000000e+03 1.839008348638e-02
1.136000000000e+03 2.830014918614e-02
1.136500000000e+03 3.424199311156e-02
1.137000000000e+03 3.474549208011e-02
1.137500000000e+03 3.097988931360e-02
1.138000000000e+03 2.638889132231e-02
1.138500000000e+03 2.561589489997e-02
1.139000000000e+03 3.302528715252e-02
1.139500000000e+03 5.124433243300e-02
1.140000000000e+03 8.014928612289e-02
1.140500000000e+03 1.165988425996e-01
1.141000000000e+03 1.550111647553e-01
1.141500000000e+03 1.886451544711e-01
1.142000000000e+03 2.112481040829e-01
1.142500000000e+03 2.186260341795e-01
1.143000000000e+03 2.097097574354e-01
1.143500000000e+03 1.868247852224e-01
1.144000000000e+03 1.550894128796e-01
1.144500000000e+03 1.211028453389e-01
1.145000000000e+03 9.127824617720e-02
1.145500000000e+03 7.027065444034e-02
1.146000000000e+03 5.992060241887e-02
1.146500000000e+03 5.898930527131e-02
1.147000000000e+03 6.374099454964e-02
1.147500000000e+03 6.919372399298e-02
1.148000000000e+03 7.067692539090e-02
1.148500000000e+03 6.525285649838e-02
1.149000000000e+03 5.260204283455e-02
1.149500000000e+03 3.512736560868e-02
1.150000000000e+03 1.725394287691e-02
1.150500000000e+03 4.129842990927e-03
1.151000000000e+03 1.020205943448e-04
1.151500000000e+03 7.405233820270e-03
1.152000000000e+03 2.544140398596e-02
1.152500000000e+03 5.085992624744e-02
1.153000000000e+03 7.842276252644e-02
1.153500000000e+03 1.024154549369e-01
1.154000000000e+03 1.182091347954e-01
1.154500000000e+03 1.235332044667e-01
1.155000000000e+03 1.190967122534e-01
1.155500000000e+03 1.083769439489e-01
1.156000000000e+03 9.662617677657e-02
1.156500000000e+03 8.936699312651e-02
1.157000000000e+03 9.079161750526e-02
1.157500000000e+03 1.025106462030e-01
1.158000000000e+03 1.230025686689e-01
1.158500000000e+03 1.479234475294e-01
1.159000000000e+03 1.711992139061e-01
1.159500000000e+03 1.866069926141e-01
1.160000000000e+03 1.894166908052e-01
1.160500000000e+03 1.776472859125e-01
1.161000000000e+03 1.525984337803e-01
1.161500000000e+03 1.185175912527e-01
1.162000000000e+03 8.150028461954e-02
1.162500000000e+03 4.793049144798e-02
1.163000000000e+03 2.289132504073e-02
1.163500000000e+03 8.979415244927e-03
1.164000000000e+03 5.839191915313e-03
1.164500000000e+03 1.052890254722e-02
1.165000000000e+03 1.859609263485e-02
1.165500000000e+03 2.554207000315e-02
1.166000000000e+03 2.824799405908e-02
1.166500000000e+03 2.594942301739e-02
1.167000000000e+03 2.047717516320e-02
1.167500000000e+03 1.569319534652e-02
1.168000000000e+03 1.628134913002e-02
1.168500000000e+03 2.623952803706e-02
1.169000000000e+03 4.750848260172e-02
1.169500000000e+03 7.913902158938e-02
1.170000000000e+03 1.172516568549e-01
1.170500000000e+03 1.558223969566e-01
1.171000000000e+03 1.880966769253e-01
1.171500000000e+03 2.082551845413e-01
1.172000000000e+03 2.128806641404e-01
1.172500000000e+03 2.018249266647e-01
1.173000000000e+03 1.782367828838e-01
1.173500000000e+03 1.477399081051e-01
1.174000000000e+03 1.169815367292e-01
1.174500000000e+03 9.194410100818e-02
1.175000000000e+03 7.647503371662e-02
1.175500000000e+03 7.142756184699e-02
1.176000000000e+03 7.463492504428e-02
1.176500000000e+03 8.170954858139e-02
1.177000000000e+03 8.743151836193e-02
1.177500000000e+03 8.733030734919e-02
1.178000000000e+03 7.901441060333e-02
1.178500000000e+03 6.287861229427e-02
1.179000000000e+03 4.199656942249e-02
1.179500000000e+03 2.123712211220e-02
1.180000000000e+03 5.861476732430e-03
1.180500000000e+03 3.900310958481e-06
1.181000000000e+03 5.470179510260e-03
1.181500000000e+03 2.119717087292e-02
1.182000000000e+03 4.352900621146e-02
1.182500000000e+03 6.723377644159e-02
1.183000000000e+03 8.697399920602e-02
1.183500000000e+03 9.881415719628e-02
1.184000000000e+03 1.013358173436e-01
1.184500000000e+03 9.603920212325e-02
1.185000000000e+03 8.690950706207e-02
1.185500000000e+03 7.926107298667e-02
1.186000000000e+03 7.817700765126e-02
1.186500000000e+03 8.697860896244e-02
1.187000000000e+03 1.061549530875e-01
1.187500000000e+03 1.330589050514e-01
1.188000000000e+03 1.624657406970e-01
1.188500000000e+03 1.878527305229e-01
1.189000000000e+03 2.030584597826e-01
1.189500000000e+03 2.038748168721e-01
1.190000000000e+03 1.891419228766e-01
1.190500000000e+03 1.610520167725e-01
1.191000000000e+03 1.245847726673e-01
1.191500000000e+03 8.623363359125e-02
1.192000000000e+03 5.237477638123e-02
1.192500000000e+03 2.772420819368e-02
1.193000000000e+03 1.429859469684e-02
1.193500000000e+03 1.115061730097e-02
1.194000000000e+03 1.493082621151e-02
1.194500000000e+03 2.109649979776e-02
1.195000000000e+03 2.540868745164e-02
1.195500000000e+03 2.528140005673e-02
1.196000000000e+03 2.059310724612e-02
1.196500000000e+03 1.372696236970e-02
1.197000000000e+03 8.828303012288e-03
1.197500000000e+03 1.049330657845e-02
1.198000000000e+03 2.226766105000e-02
1.198500000000e+03 4.539210296081e-02
1.199000000000e+03 7.816604037249e-02
1.199500000000e+03 1.161292707703e-01
1.200000000000e+03 1.530327491122e-01
1.200500000000e+03 1.823465371020e-01
1.201000000000e+03 1.988989886519e-01
1.201500000000e+03 2.001993632614e-01
1.202000000000e+03 1.870786346952e-01
1.202500000000e+03 1.634677937222e-01
1.203000000000e+03 1.353684586455e-01
1.203500000000e+03 1.092918246867e-01
1.204000000000e+03 9.058749714760e-02
1.204500000000e+03 8.211314826698e-02
1.205000000000e+03 8.360105737070e-02
1.205500000000e+03 9.188481731240e-02
1.206000000000e+03 1.019123804108e-01
1.206500000000e+03 1.082559933670e-01
1.207000000000e+03 1.066951702301e-01
1.207500000000e+03 9.543269919240e-02
1.208000000000e+03 7.560979847068e-02
1.208500000000e+03 5.098488472997e-02
1.209000000000e+03 2.687531608569e-02
1.209500000000e+03 8.667189565920e-03
1.210000000000e+03 3.173982408397e-04
1.210500000000e+03 3.271623379882e-03
1.211000000000e+03 1.610224906967e-02
1.211500000000e+03 3.496521899788e-02
1.212000000000e+03 5.474235345694e-02
1.212500000000e+03 7.054103682237e-02
1.213000000000e+03 7.912125083551e-02
1.213500000000e+03 7.983944782828e-02
1.214000000000e+03 7.483443789541e-02
1.214500000000e+03 6.839439701922e-02
1.215000000000e+03 6.567635293557e-02
1.215500000000e+03 7.113486587556e-02
1.216000000000e+03 8.710286350404e-02
1.216500000000e+03 1.129300979985e-01
1.217000000000e+03 1.449333972332e-01
1.217500000000e+03 1.771895392914e-01
1.218000000000e+03 2.029681669947e-01
1.218500000000e+03 2.164236061378e-01
1.219000000000e+03 2.140905337407e-01
1.219500000000e+03 1.957798933352e-01
1.220000000000e+03 1.646341653124e-01
1.220500000000e+03 1.263300401735e-01
1.221000000000e+03 8.764829431372e-02
1.221500000000e+03 5.480109126831e-02
1.222000000000e+03 3.196901923379e-02
1.222500000000e+03 2.043712543908e-02
1.223000000000e+03 1.854906024719e-02
1.223500000000e+03 2.246900040012e-02
1.224000000000e+03 2.751646422462e-02
1.224500000000e+03 2.968208818125e-02
1.225000000000e+03 2.688649046840e-02
1.225500000000e+03 1.962190361440e-02
1.226000000000e+03 1.079510751222e-02
1.226500000000e+03 4.819781037117e-03
1.227000000000e+03 6.221989750432e-03
1.227500000000e+03 1.816338430676e-02
1.228000000000e+03 4.131303590732e-02
1.228500000000e+03 7.340305664328e-02
1.229000000000e+03 1.096119106816e-01
1.229500000000e+03 1.436861318675e-01
1.230000000000e+03 1.695014258278e-01
1.230500000000e+03 1.826368389746e-01
1.231000000000e+03 1.815268779848e-01
1.231500000000e+03 1.678691582431e-01
1.232000000000e+03 1.461683934968e-01
1.232500000000e+03 1.225349976406e-01
1.233000000000e+03 1.030622644372e-01
1.233500000000e+03 9.222275831053e-02
1.234000000000e+03 9.171962886807e-02
1.234500000000e+03 1.001032927293e-01
1.235000000000e+03 1.132530194606e-01
1.235500000000e+03 1.255849343397e-01
1.236000000000e+03 1.316488379496e-01
1.236500000000e+03 1.276711861457e-01
1.237000000000e+03 1.126194841734e-01
1.237500000000e+03 8.849887412598e-02
1.238000000000e+03 5.980675531260e-02
1.238500000000e+03 3.230572488616e-02
1.239000000000e+03 1.146355544111e-02
1.239500000000e+03 9.989336823611e-04
1.240000000000e+03 1.938480978515e-03
1.240500000000e+03 1.244387407172e-02
1.241000000000e+03 2.844913328173e-02
1.241500000000e+03 4.491890575580e-02
1.242000000000e+03 5.736326473241e-02
1.242500000000e+03 6.317241804612e-02
1.243000000000e+03 6.238605126703e-02
1.243500000000e+03 5.767245701040e-02
1.244000000000e+03 5.351712158929e-02
1.244500000000e+03 5.484600499073e-02
1.245000000000e+03 6.547190743920e-02
1.245500000000e+03 8.680697713216e-02
1.246000000000e+03 1.172147808641e-01
1.246500000000e+03 1.522003914701e-01
1.247000000000e+03 1.854051153012e-01
1.247500000000e+03 2.101482767640e-01
1.248000000000e+03 2.211044144531e-01
1.248500000000e+03 2.156634251961e-01
1.249000000000e+03 1.946052569162e-01
1.249500000000e+03 1.619066024432e-01
1.250000000000e+03 1.237332682503e-01
1.250500000000e+03 8.689306261016e-02
1.251000000000e+03 5.716895861309e-02
1.251500000000e+03 3.798098595221e-02
1.252000000000e+03 2.973020267995e-02
1.252500000000e+03 2.998604822276e-02
1.253000000000e+03 3.444314977370e-02
1.253500000000e+03 3.836089785084e-02
1.254000000000e+03 3.806802760555e-02
1.254500000000e+03 3.210128289656e-02
1.255000000000e+03 2.165519514933e-02
1.255500000000e+03 1.021838182323e-02
1.256000000000e+03 2.504599697605e-03
1.256500000000e+03 2.988537690960e-03
1.257000000000e+03 1.447024105107e-02
1.257500000000e+03 3.708603238237e-02
1.258000000000e+03 6.805940259862e-02
1.258500000000e+03 1.022773827211e-01
1.259000000000e+03 1.335446718829e-01
1.259500000000e+03 1.561747758601e-01
1.260000000000e+03 1.664789528199e-01
1.260500000000e+03 1.637378504628e-01
1.261000000000e+03 1.503810986949e-01
1.261500000000e+03 1.313180041857e-01
1.262000000000e+03 1.125973415970e-01
1.262500000000e+03 9.976064602503e-02
1.263000000000e+03 9.633935961518e-02
1.263500000000e+03 1.029075610634e-01
1.264000000000e+03 1.169493585470e-01
1.264500000000e+03 1.335756451443e-01
1.265000000000e+03 1.468910602862e-01
1.265500000000e+03 1.516335554200e-01
1.266000000000e+03 1.446353610785e-01
1.266500000000e+03 1.257056178866e-01
1.267000000000e+03 9.769686491247e-02
1.267500000000e+03 6.574465602161e-02
1.268000000000e+03 3.589843108664e-02
1.268500000000e+03 1.352868364685e-02
1.269000000000e+03 1.954144773807e-03
1.269500000000e+03 1.667171982701e-03
1.270000000000e+03 1.036455944432e-02
1.270500000000e+03 2.376278690663e-02
1.271000000000e+03 3.695544522905e-02
1.271500000000e+03 4.591832956770e-02
1.272000000000e+03 4.872717303047e-02
1.272500000000e+03 4.613553518704e-02
1.273000000000e+03 4.134275694302e-02
1.273500000000e+03 3.901289934030e-02
1.274000000000e+03 4.382025155511e-02
1.274500000000e+03 5.893485665056e-02
1.275000000000e+03 8.488351690003e-02
1.275500000000e+03 1.191212386412e-01
1.276000000000e+03 1.564526890464e-01
1.276500000000e+03 1.902072156889e-01
1.277000000000e+03 2.138600786664e-01
1.277500000000e+03 2.226656734184e-01
1.278000000000e+03 2.148612914249e-01
1.278500000000e+03 1.921147266621e-01
1.279000000000e+03 1.590941910799e-01
1.279500000000e+03 1.222777895804e-01
1.280000000000e+03 8.832609830065e-02
1.280500000000e+03 6.245811591817e-02
1.281000000000e+03 4.726588377181e-02
1.281500000000e+03 4.227813532794e-02
1.282000000000e+03 4.437352934443e-02
1.282500000000e+03 4.890796693889e-02
1.283000000000e+03 5.122397077164e-02
1.283500000000e+03 4.810769491357e-02
1.284000000000e+03 3.877900393930e-02
1.284500000000e+03 2.513614078935e-02
1.285000000000e+03 1.119023829998e-02
1.285500000000e+03 1.856099043172e-03
1.286000000000e+03 1.449261573651e-03
1.286500000000e+03 1.232378903410e-02
1.287000000000e+03 3.404671331306e-02
1.287500000000e+03 6.335440029642e-02
1.288000000000e+03 9.491551774674e-02
1.288500000000e+03 1.226967067998e-01
1.289000000000e+03 1.415547411688e-01
1.289500000000e+03 1.486115099947e-01
1.290000000000e+03 1.440249023726e-01
1.290500000000e+03 1.309341925872e-01
1.291000000000e+03 1.145869385139e-01
1.291500000000e+03 1.008821302001e-01
1.292000000000e+03 9.472782216743e-02
1.292500000000e+03 9.866499610146e-02
1.293000000000e+03 1.121377499372e-01
1.293500000000e+03 1.316127563153e-01
1.294000000000e+03 1.515173288214e-01
1.294500000000e+03 1.657401659227e-01
1.295000000000e+03 1.692843897331e-01
1.295500000000e+03 1.596216295052e-01
1.296000000000e+03 1.373797742979e-01
1.296500000000e+03 1.061820930998e-01
1.297000000000e+03 7.169004411561e-02
1.297500000000e+03 4.012093656611e-02
1.298000000000e+03 1.665388494929e-02
1.298500000000e+03 4.163916046868e-03
1.299000000000e+03 2.627782530121e-03
1.299500000000e+03 9.353419557504e-03
1.300000000000e+03 1.995204108376e-02
1.300500000000e+03 2.976304121712e-02
1.301000000000e+03 3.531569738132e-02
1.301500000000e+03 3.540346197534e-02
1.302000000000e+03 3.145854585247e-02
1.302500000000e+03 2.711498402829e-02
1.303000000000e+03 2.708099201837e-02
1.303500000000e+03 3.564065409021e-02
1.304000000000e+03 5.521459324035e-02
1.304500000000e+03 8.539806200929e-02
1.305000000000e+03 1.227654845693e-01
1.305500000000e+03 1.615186308153e-01
1.306000000000e+03 1.948202573579e-01
1.306500000000e+03 2.164619004579e-01
1.307000000000e+03 2.224176475061e-01
1.307500000000e+03 2.118625217283e-01
1.308000000000e+03 1.873775662892e-01
1.308500000000e+03 1.542843034929e-01
1.309000000000e+03 1.192879637183e-01
1.309500000000e+03 8.879619648656e-02
1.310000000000e+03 6.736608619838e-02
1.310500000000e+03 5.669353586765e-02
1.311000000000e+03 5.540650834097e-02
1.311500000000e+03 5.969988867896e-02
1.312000000000e+03 6.461720531346e-02
1.312500000000e+03 6.560776264815e-02
1.313000000000e+03 5.991580294074e-02
1.313500000000e+03 4.741069319815e-02
1.314000000000e+03 3.062863130487e-02
1.314500000000e+03 1.402133994289e-02
1.315000000000e+03 2.632374454980e-03
1.315500000000e+03 5.837961304045e-04
1.316000000000e+03 9.809606320042e-03
1.316500000000e+03 2.940252587372e-02
1.317000000000e+03 5.576711882543e-02
1.317500000000e+03 8.354371294989e-02
1.318000000000e+03 1.070483371156e-01
1.318500000000e+03 1.218257078667e-01
1.319000000000e+03 1.258770452999e-01
1.319500000000e+03 1.202124728365e-01
1.320000000000e+03 1.085647262622e-01
1.320500000000e+03 9.633484158106e-02
1.321000000000e+03 8.905610257939e-02
1.321500000000e+03 9.079945513162e-02
1.322000000000e+03 1.029633094824e-01
1.322500000000e+03 1.237872453082e-01
1.323000000000e+03 1.487310114961e-01
1.323500000000e+03 1.716222096154e-01
1.324000000000e+03 1.862641746346e-01
1.324500000000e+03 1.880686133013e-01
1.325000000000e+03 1.752707333603e-01
1.325500000000e+03 1.493997057741e-01
1.326000000000e+03 1.148822727464e-01
1.326500000000e+03 7.789514176601e-02
1.327000000000e+03 4.478645485633e-02
1.327500000000e+03 2.050143336093e-02
1.328000000000e+03 7.440763589410e-03
1.328500000000e+03 5.054793202149e-03
1.329000000000e+03 1.026770690618e-02
1.329500000000e+03 1.859228157303e-02
1.330000000000e+03 2.560305863381e-02
1.330500000000e+03 2.833770853635e-02
1.331000000000e+03 2.622024903329e-02
1.331500000000e+03 2.123862451929e-02
1.332000000000e+03 1.732370645935e-02
1.332500000000e+03 1.910653389772e-02
1.333000000000e+03 3.041078258715e-02
1.333500000000e+03 5.291710205507e-02
1.334000000000e+03 8.539231464116e-02
1.334500000000e+03 1.237213188376e-01
1.335000000000e+03 1.617559842152e-01
1.335500000000e+03 1.927657662243e-01
1.336000000000e+03 2.111034756951e-01
1.336500000000e+03 2.136347812887e-01
1.337000000000e+03 2.005401875080e-01
1.337500000000e+03 1.752671739204e-01
1.338000000000e+03 1.436413142022e-01
1.338500000000e+03 1.123745343593e-01
1.339000000000e+03 8.737265693169e-02
1.339500000000e+03 7.229757787743e-02
1.340000000000e+03 6.776718377335e-02
1.340500000000e+03 7.139864533326e-02
1.341000000000e+03 7.866744010413e-02
1.341500000000e+03 8.433021339447e-02
1.342000000000e+03 8.400658397375e-02
1.342500000000e+03 7.547546656356e-02
1.343000000000e+03 5.932592845524e-02
1.343500000000e+03 3.878694016673e-02
1.344000000000e+03 1.879272175964e-02
1.344500000000e+03 4.555551876566e-03
1.345000000000e+03 5.567547855341e-05
1.345500000000e+03 6.879884612323e-03
1.346000000000e+03 2.374053377826e-02
1.346500000000e+03 4.681340884269e-02
1.347000000000e+03 7.080043620266e-02
1.347500000000e+03 9.041709996895e-02
1.348000000000e+03 1.018826718366e-01
1.348500000000e+03 1.039883675729e-01
1.349000000000e+03 9.843545699382e-02
1.349500000000e+03 8.933966736800e-02
1.350000000000e+03 8.203285607019e-02
1.350500000000e+03 8.149217875922e-02
1.351000000000e+03 9.083487652587e-02
1.351500000000e+03 1.103027882507e-01
1.352000000000e+03 1.370281903618e-01
1.352500000000e+03 1.656580868371e-01
1.353000000000e+03 1.896770691769e-01
1.353500000000e+03 2.030751749352e-01
1.354000000000e+03 2.019106658180e-01
1.354500000000e+03 1.853452094493e-01
1.355000000000e+03 1.558729857692e-01
1.355500000000e+03 1.186857835078e-01
1.356000000000e+03 8.035200785594e-02
1.356500000000e+03 4.717331497466e-02
1.357000000000e+03 2.366698386122e-02
1.357500000000e+03 1.158211085734e-02
1.358000000000e+03 9.704938359871e-03
1.358500000000e+03 1.448616032084e-02
1.359000000000e+03 2.129325253112e-02
1.359500000000e+03 2.591799572279e-02
1.360000000000e+03 2.590155443857e-02
1.360500000000e+03 2.129538384422e-02
1.361000000000e+03 1.463980119934e-02
1.361500000000e+03 1.016704988328e-02
1.362000000000e+03 1.245866917064e-02
1.362500000000e+03 2.494510176039e-02
1.363000000000e+03 4.868404932926e-02
1.363500000000e+03 8.177916421394e-02
1.364000000000e+03 1.196229333492e-01
1.364500000000e+03 1.559166518538e-01
1.365000000000e+03 1.842008274784e-01
1.365500000000e+03 1.994828121895e-01
1.366000000000e+03 1.995162721654e-01
1.366500000000e+03 1.853787778390e-01
1.367000000000e+03 1.611842593603e-01
1.367500000000e+03 1.330036560670e-01
1.368000000000e+03 1.072841663263e-01
1.368500000000e+03 8.919478681629e-02
1.369000000000e+03 8.134517190924e-02
1.369500000000e+03 8.322088041373e-02
1.370000000000e+03 9.147972521575e-02
1.370500000000e+03 1.010163384663e-01
1.371000000000e+03 1.064911988239e-01
1.371500000000e+03 1.038946874714e-01
1.372000000000e+03 9.171088052861e-02
1.372500000000e+03 7.136094298091e-02
1.373000000000e+03 4.680963379940e-02
1.373500000000e+03 2.345343314290e-02
1.374000000000e+03 6.609412502890e-03
1.374500000000e+03 3.419692921757e-05
1.375000000000e+03 4.891615114876e-03
1.375500000000e+03 1.945921380260e-02
1.376000000000e+03 3.965399736055e-02
1.376500000000e+03 6.022558914809e-02
1.377000000000e+03 7.627578110339e-02
1.377500000000e+03 8.467037554943e-02
1.378000000000e+03 8.493860090861e-02
1.378500000000e+03 7.939914109371e-02
1.379000000000e+03 7.246979800254e-02
1.379500000000e+03 6.934896518211e-02
1.380000000000e+03 7.443656691527e-02
1.380500000000e+03 8.993937706644e-02
1.381000000000e+03 1.150586265539e-01
1.381500000000e+03 1.459991797727e-01
1.382000000000e+03 1.768131630887e-01
1.382500000000e+03 2.008596279804e-01
1.383000000000e+03 2.124899846690e-01
1.383500000000e+03 2.085044503139e-01
1.384000000000e+03 1.889856977231e-01
1.384500000000e+03 1.572854693895e-01
1.385000000000e+03 1.191711376260e-01
1.385500000000e+03 8.136793562556e-02
1.386000000000e+03 4.989550002585e-02
1.386500000000e+03 2.864949404185e-02
1.387000000000e+03 1.860636423469e-02
1.387500000000e+03 1.785244463088e-02
1.388000000000e+03 2.240732968033e-02
1.388500000000e+03 2.759041013007e-02
1.389000000000e+03 2.953037895259e-02
1.389500000000e+03 2.638177942993e-02
1.390000000000e+03 1.889988642446e-02
1.390500000000e+03 1.021053218250e-02
1.391000000000e+03 4.842592156290e-03
1.391500000000e+03 7.302619260460e-03
1.392000000000e+03 2.060388703224e-02
1.392500000000e+03 4.517836604690e-02
1.393000000000e+03 7.849508539347e-02
1.393500000000e+03 1.155111475732e-01
1.394000000000e+03 1.498474964774e-01
1.394500000000e+03 1.753760043154e-01
1.395000000000e+03 1.877853060274e-01
1.395500000000e+03 1.856937997497e-01
1.396000000000e+03 1.709995802789e-01
1.396500000000e+03 1.483653934205e-01
1.397000000000e+03 1.239742636945e-01
1.397500000000e+03 1.038922633695e-01
1.398000000000e+03 9.248309850849e-02
1.398500000000e+03 9.130464444216e-02
1.399000000000e+03 9.878425553238e-02
1.399500000000e+03 1.107546166135e-01
1.400000000000e+03 1.216948255626e-01
1.400500000000e+03 1.263280976111e-01
1.401000000000e+03 1.211314996138e-01
1.401500000000e+03 1.053408277197e-01
1.402000000000e+03 8.117702199114e-02
1.402500000000e+03 5.323907697394e-02
1.403000000000e+03 2.724107514480e-02
1.403500000000e+03 8.452768974945e-03
1.404000000000e+03 2.834532640914e-04
1.404500000000e+03 3.405566180635e-03
1.405000000000e+03 1.566002716035e-02
1.405500000000e+03 3.276334995999e-02
1.406000000000e+03 4.960951762142e-02
1.406500000000e+03 6.179130398110e-02
1.407000000000e+03 6.690350165117e-02
1.407500000000e+03 6.525193682701e-02
1.408000000000e+03 5.976009349724e-02
1.408500000000e+03 5.509259480624e-02
1.409000000000e+03 5.623789201445e-02
1.409500000000e+03 6.694856836301e-02
1.410000000000e+03 8.848259506391e-02
1.410500000000e+03 1.190096034044e-01
1.411000000000e+03 1.538643960747e-01
1.411500000000e+03 1.865958694596e-01
1.412000000000e+03 2.105383162232e-01
1.412500000000e+03 2.204853482382e-01
1.413000000000e+03 2.140154194157e-01
1.413500000000e+03 1.921110546766e-01
1.414000000000e+03 1.589057397825e-01
1.414500000000e+03 1.206298848163e-01
1.415000000000e+03 8.404457301341e-02
1.415500000000e+03 5.478883769658e-02
1.416000000000e+03 3.608525675464e-02
1.416500000000e+03 2.814487197247e-02
1.417000000000e+03 2.841516297354e-02
1.417500000000e+03 3.257931584263e-02
1.418000000000e+03 3.600709774708e-02
1.418500000000e+03 3.523517225817e-02
1.419000000000e+03 2.905152317376e-02
1.419500000000e+03 1.887519945620e-02
1.420000000000e+03 8.325732854813e-03
1.420500000000e+03 2.108982603610e-03
1.421000000000e+03 4.542357676656e-03
1.421500000000e+03 1.814708790885e-02
1.422000000000e+03 4.271887763604e-02
1.422500000000e+03 7.515527614896e-02
1.423000000000e+03 1.101056008763e-01
1.423500000000e+03 1.412767954022e-01
1.424000000000e+03 1.630414651243e-01
1.424500000000e+03 1.719052352517e-01
1.425000000000e+03 1.674249250146e-01
1.425500000000e+03 1.523177617462e-01
1.426000000000e+03 1.317239061750e-01
1.426500000000e+03 1.118182867736e-01
1.427000000000e+03 9.814810894461e-02
1.427500000000e+03 9.414912075171e-02
1.428000000000e+03 1.002452727247e-01
1.428500000000e+03 1.137761011267e-01
1.429000000000e+03 1.297684064849e-01
1.429500000000e+03 1.423367606077e-01
1.430000000000e+03 1.463253846094e-01
1.430500000000e+03 1.387395729348e-01
1.431000000000e+03 1.195756793463e-01
1.431500000000e+03 9.182745842281e-02
1.432000000000e+03 6.067599775063e-02
1.432500000000e+03 3.209652875004e-02
1.433000000000e+03 1.127512411953e-02
1.433500000000e+03 1.277404139384e-03
1.434000000000e+03 2.336610879261e-03
1.434500000000e+03 1.195115738628e-02
1.435000000000e+03 2.575203764299e-02
1.435500000000e+03 3.888291468329e-02
1.436000000000e+03 4.749141168484e-02
1.436500000000e+03 4.989962378037e-02
1.437000000000e+03 4.711370197404e-02
1.437500000000e+03 4.252073822151e-02
1.438000000000e+03 4.085317073730e-02
1.438500000000e+03 4.671127867093e-02
1.439000000000e+03 6.306374355527e-02
1.439500000000e+03 9.015798932379e-02
1.440000000000e+03 1.251622309010e-01
1.440500000000e+03 1.626600424462e-01
1.441000000000e+03 1.958816218009e-01
1.441500000000e+03 2.183496871971e-01
1.442000000000e+03 2.254997045561e-01
1.442500000000e+03 2.158371270121e-01
1.443000000000e+03 1.913180643797e-01
1.443500000000e+03 1.568502300994e-01
1.444000000000e+03 1.190499512012e-01
1.444500000000e+03 8.459235531817e-02
1.445000000000e+03 5.859992463364e-02
1.445500000000e+03 4.349974533272e-02
1.446000000000e+03 3.864649891349e-02
1.446500000000e+03 4.079395879062e-02
1.447000000000e+03 4.526232603609e-02
1.447500000000e+03 4.745773281683e-02
1.448000000000e+03 4.430665439846e-02
1.448500000000e+03 3.519745176150e-02
1.449000000000e+03 2.216501215446e-02
1.449500000000e+03 9.271721568987e-03
1.450000000000e+03 1.367551127911e-03
1.450500000000e+03 2.589292743901e-03
1.451000000000e+03 1.503410880423e-02
1.451500000000e+03 3.799443179539e-02
1.452000000000e+03 6.798333849092e-02
1.452500000000e+03 9.955614380042e-02
1.453000000000e+03 1.267078604678e-01
1.453500000000e+03 1.444609676843e-01
1.454000000000e+03 1.502002847737e-01
1.454500000000e+03 1.443782708215e-01
1.455000000000e+03 1.303866408938e-01
1.455500000000e+03 1.136209501437e-01
1.456000000000e+03 9.998949702978e-02
1.456500000000e+03 9.427381341546e-02
1.457000000000e+03 9.879146617839e-02
1.457500000000e+03 1.127304777138e-01
1.458000000000e+03 1.323407285108e-01
1.458500000000e+03 1.519321454254e-01
1.459000000000e+03 1.654076125130e-01
1.459500000000e+03 1.679118850813e-01
1.460000000000e+03 1.571469375395e-01
1.460500000000e+03 1.339975080226e-01
1.461000000000e+03 1.023019636793e-01
1.461500000000e+03 6.783963272784e-02
1.462000000000e+03 3.682075258942e-02
1.462500000000e+03 1.429949602725e-02
1.463000000000e+03 2.947124686505e-03
1.463500000000e+03 2.517078193794e-03
1.464000000000e+03 1.013665440964e-02
1.464500000000e+03 2.132639793533e-02
1.465000000000e+03 3.144396333344e-02
1.465500000000e+03 3.713132403971e-02
1.466000000000e+03 3.734569949082e-02
1.466500000000e+03 3.367488202027e-02
1.467000000000e+03 2.984281962874e-02
1.467500000000e+03 3.054356911570e-02
1.468000000000e+03 3.993564075628e-02
1.468500000000e+03 6.022955473229e-02
1.469000000000e+03 9.078039845829e-02
1.469500000000e+03 1.279597037877e-01
1.470000000000e+03 1.658651011405e-01
1.470500000000e+03 1.976920653845e-01
1.471000000000e+03 2.174050495389e-01
1.471500000000e+03 2.212578339590e-01
1.472000000000e+03 2.087497878326e-01
1.472500000000e+03 1.827561349989e-01
1.473000000000e+03 1.487945191934e-01
1.473500000000e+03 1.136251466250e-01
1.474000000000e+03 8.356247544171e-02
1.474500000000e+03 6.295282946475e-02
1.475000000000e+03 5.322344153084e-02
1.475500000000e+03 5.274811316025e-02
1.476000000000e+03 5.754769551028e-02
1.476500000000e+03 6.261317929529e-02
1.477000000000e+03 6.346936013782e-02
1.477500000000e+03 5.753480698222e-02
1.478000000000e+03 4.489606926566e-02
1.478500000000e+03 2.828280004030e-02
1.479000000000e+03 1.225811472170e-02
1.479500000000e+03 1.861052525904e-03
1.480000000000e+03 1.093016253204e-03
1.480500000000e+03 1.168411279613e-02
1.481000000000e+03 3.249613754075e-02
1.481500000000e+03 5.973885313009e-02
1.482000000000e+03 8.794583857137e-02
1.482500000000e+03 1.114402982271e-01
1.483000000000e+03 1.258805901000e-01
1.483500000000e+03 1.294495994496e-01
1.484000000000e+03 1.233490086350e-01
1.484500000000e+03 1.114522236228e-01
1.485000000000e+03 9.920454934861e-02
1.485500000000e+03 9.207058040148e-02
1.486000000000e+03 9.395751045587e-02
1.486500000000e+03 1.060529296207e-01
1.487000000000e+03 1.264035370693e-01
1.487500000000e+03 1.503579263426e-01
1.488000000000e+03 1.717585215238e-01
1.488500000000e+03 1.845609322444e-01
1.489000000000e+03 1.844408817963e-01
1.489500000000e+03 1.699522202584e-01
1.490000000000e+03 1.429233567349e-01
1.490500000000e+03 1.079892348416e-01
1.491000000000e+03 7.139337639626e-02
1.491500000000e+03 3.939359038214e-02
1.492000000000e+03 1.671054784004e-02
1.492500000000e+03 5.441573221367e-03
1.493000000000e+03 4.727912281158e-03
1.493500000000e+03 1.125030888707e-02
1.494000000000e+03 2.039491646428e-02
1.494500000000e+03 2.774461273896e-02
1.495000000000e+03 3.046193501151e-02
1.495500000000e+03 2.816378817415e-02
1.496000000000e+03 2.303502184346e-02
1.496500000000e+03 1.914644957688e-02
1.497000000000e+03 2.117134260409e-02
1.497500000000e+03 3.286849342545e-02
1.498000000000e+03 5.577043959385e-02
1.498500000000e+03 8.846219024972e-02
1.499000000000e+03 1.266733119427e-01
1.499500000000e+03 1.641796739219e-01
1.500000000000e+03 1.942837621991e-01
1.500500000000e+03 2.114778903867e-01
1.501000000000e+03 2.128391251092e-01
1.501500000000e+03 1.987742322042e-01
1.502000000000e+03 1.729085394341e-01
1.502500000000e+03 1.411458071750e-01
1.503000000000e+03 1.101524001718e-01
1.503500000000e+03 8.567554753245e-02
1.504000000000e+03 7.114891077980e-02
1.504500000000e+03 6.695713337740e-02
1.505000000000e+03 7.054734894213e-02
1.505500000000e+03 7.734097703281e-02
1.506000000000e+03 8.217881522326e-02
1.506500000000e+03 8.088760241899e-02
1.507000000000e+03 7.152687599528e-02
1.507500000000e+03 5.496878335884e-02
1.508000000000e+03 3.465385813399e-02
1.508500000000e+03 1.559906601948e-02
1.509000000000e+03 2.945214339409e-03
1.509500000000e+03 4.600767458985e-04
1.510000000000e+03 9.425210554729e-03
1.510500000000e+03 2.822534506701e-02
1.511000000000e+03 5.276015222770e-02
1.511500000000e+03 7.756516017246e-02
1.512000000000e+03 9.732706549442e-02
1.512500000000e+03 1.083654642570e-01
1.513000000000e+03 1.096600775205e-01
1.513500000000e+03 1.031282280581e-01
1.514000000000e+03 9.306670671506e-02
1.514500000000e+03 8.490680148187e-02
1.515000000000e+03 8.362549870305e-02
1.515500000000e+03 9.225519860383e-02
1.516000000000e+03 1.109106076745e-01
1.516500000000e+03 1.366109560451e-01
1.517000000000e+03 1.639571242006e-01
1.517500000000e+03 1.864872600028e-01
1.518000000000e+03 1.983465769175e-01
1.518500000000e+03 1.958194747374e-01
1.519000000000e+03 1.783092582809e-01
1.519500000000e+03 1.485022229795e-01
1.520000000000e+03 1.116766196061e-01
1.520500000000e+03 7.435085424927e-02
1.521000000000e+03 4.264436207086e-02
1.521500000000e+03 2.079941310599e-02
1.522000000000e+03 1.026230000079e-02
1.522500000000e+03 9.562326229771e-03
1.523000000000e+03 1.500186016044e-02
1.523500000000e+03 2.194360261038e-02
1.524000000000e+03 2.631567606934e-02
1.524500000000e+03 2.589734876543e-02
1.525000000000e+03 2.101405515239e-02
1.525500000000e+03 1.444107878679e-02
1.526000000000e+03 1.054263526460e-02
1.526500000000e+03 1.389305102531e-02
1.527000000000e+03 2.777726020243e-02
1.527500000000e+03 5.300636049956e-02
1.528000000000e+03 8.739929119056e-02
1.528500000000e+03 1.260971865839e-01
1.529000000000e+03 1.626440366020e-01
1.529500000000e+03 1.905510752891e-01
1.530000000000e+03 2.049234458212e-01
1.530500000000e+03 2.037053301215e-01
1.531000000000e+03 1.882006196432e-01
1.531500000000e+03 1.627227107169e-01
1.532000000000e+03 1.334647972217e-01
1.532500000000e+03 1.068951863894e-01
1.533000000000e+03 8.811154181707e-02
1.533500000000e+03 7.959768356409e-02
1.534000000000e+03 8.071402935813e-02
1.534500000000e+03 8.804930759991e-02
1.535000000000e+03 9.652340966986e-02
1.535500000000e+03 1.009252252600e-01
1.536000000000e+03 9.745211254807e-02
1.536500000000e+03 8.482153325992e-02
1.537000000000e+03 6.464876397957e-02
1.537500000000e+03 4.099259679915e-02
1.538000000000e+03 1.920515457340e-02
1.538500000000e+03 4.416779335333e-03
1.539000000000e+03 8.797594085023e-05
1.539500000000e+03 7.039537867001e-03
1.540000000000e+03 2.323536406844e-02
1.540500000000e+03 4.437865387725e-02
1.541000000000e+03 6.515132776414e-02
1.541500000000e+03 8.074361593828e-02
1.542000000000e+03 8.823730297399e-02
1.542500000000e+03 8.744576225288e-02
1.543000000000e+03 8.096579043291e-02
1.543500000000e+03 7.341798562914e-02
1.544000000000e+03 7.008195243826e-02
1.544500000000e+03 7.530557611016e-02
1.545000000000e+03 9.113527715052e-02
1.545500000000e+03 1.165571498044e-01
1.546000000000e+03 1.475726061363e-01
1.546500000000e+03 1.781025375614e-01
1.547000000000e+03 2.014847769862e-01
1.547500000000e+03 2.121645218701e-01
1.548000000000e+03 2.071223369990e-01
1.548500000000e+03 1.866547991411e-01
1.549000000000e+03 1.542993042286e-01
1.549500000000e+03 1.159281092056e-01
1.550000000000e+03 7.826258171684e-02
1.550500000000e+03 4.721435317120e-02
1.551000000000e+03 2.650271053860e-02
1.551500000000e+03 1.691576455531e-02
1.552000000000e+03 1.640000602840e-02
1.552500000000e+03 2.093022264417e-02
1.553000000000e+03 2.589452192547e-02
1.553500000000e+03 2.758802110555e-02
1.554000000000e+03 2.438282261381e-02
1.554500000000e+03 1.723803969913e-02
1.555000000000e+03 9.404487005888e-03
1.555500000000e+03 5.410294729026e-03
1.556000000000e+03 9.620822269581e-03
1.556500000000e+03 2.479041557056e-02
1.557000000000e+03 5.102962157877e-02
1.557500000000e+03 8.549742989904e-02
1.558000000000e+03 1.229256708875e-01
1.558500000000e+03 1.568484580853e-01
1.559000000000e+03 1.812091828897e-01
1.559500000000e+03 1.919074101388e-01
1.560000000000e+03 1.878593572225e-01
1.560500000000e+03 1.712758633331e-01
1.561000000000e+03 1.470750593315e-01
1.561500000000e+03 1.215842596607e-01
1.562000000000e+03 1.008810295198e-01
1.562500000000e+03 8.922259758753e-02
1.563000000000e+03 8.798815598589e-02
1.563500000000e+03 9.541690142794e-02
1.564000000000e+03 1.072052465320e-01
1.564500000000e+03 1.177903725462e-01
1.565000000000e+03 1.219597234319e-01
1.565500000000e+03 1.163390425795e-01
1.566000000000e+03 1.003489438613e-01
1.566500000000e+03 7.637093615239e-02
1.567000000000e+03 4.908584031970e-02
1.567500000000e+03 2.417850029462e-02
1.568000000000e+03 6.778114883414e-03
1.568500000000e+03 7.460055389900e-05
1.569000000000e+03 4.498620303458e-03
1.569500000000e+03 1.769146317296e-02
1.570000000000e+03 3.526642650840e-02
1.570500000000e+03 5.213895123837e-02
1.571000000000e+03 6.404160808971e-02
1.571500000000e+03 6.878747414331e-02
1.572000000000e+03 6.691633966106e-02
1.572500000000e+03 6.153275534228e-02
1.573000000000e+03 5.737424884638e-02
1.573500000000e+03 5.936773221517e-02
1.574000000000e+03 7.108037405181e-02
1.574500000000e+03 9.350607896619e-02
1.575000000000e+03 1.245399013996e-01
1.575500000000e+03 1.593044995265e-01
1.576000000000e+03 1.912572388727e-01
1.576500000000e+03 2.137892555280e-01
1.577000000000e+03 2.218892425654e-01
1.577500000000e+03 2.134236759730e-01
1.578000000000e+03 1.896877573718e-01
1.578500000000e+03 1.550792659025e-01
1.579000000000e+03 1.159860178125e-01
1.579500000000e+03 7.919070330115e-02
1.580000000000e+03 5.022560104776e-02
1.580500000000e+03 3.211867068624e-02
1.581000000000e+03 2.485974480937e-02
1.581500000000e+03 2.571280642682e-02
1.582000000000e+03 3.026441553596e-02
1.582500000000e+03 3.389508789187e-02
1.583000000000e+03 3.324636902880e-02
1.583500000000e+03 2.726294830872e-02
1.584000000000e+03 1.751405758484e-02
1.584500000000e+03 7.706121301500e-03
1.585000000000e+03 2.530550167849e-03
1.585500000000e+03 6.181369291945e-03
1.586000000000e+03 2.097330578723e-02
1.586500000000e+03 4.646493674920e-02
1.587000000000e+03 7.935066178957e-02
1.587500000000e+03 1.141690126820e-01
1.588000000000e+03 1.446437809242e-01
1.588500000000e+03 1.652935395466e-01
1.589000000000e+03 1.728653658510e-01
1.589500000000e+03 1.671927449509e-01
1.590000000000e+03 1.512339313578e-01
1.590500000000e+03 1.302722687708e-01
1.591000000000e+03 1.104915573901e-01
1.591500000000e+03 9.731303304664e-02
1.592000000000e+03 9.394747353759e-02
1.592500000000e+03 1.005575565017e-01
1.593000000000e+03 1.142579054686e-01
1.593500000000e+03 1.299497356125e-01
1.594000000000e+03 1.417575877517e-01
1.594500000000e+03 1.446709294134e-01
1.595000000000e+03 1.359389729909e-01
1.595500000000e+03 1.158377583362e-01
1.596000000000e+03 8.760438680375e-02
1.596500000000e+03 5.656507174826e-02
1.597000000000e+03 2.870671695898e-02
1.597500000000e+03 9.093970801350e-03
1.598000000000e+03 5.729590544691e-04
1.598500000000e+03 3.118651985930e-03
1.599000000000e+03 1.399908981915e-02
1.599500000000e+03 2.869827226932e-02
1.600000000000e+03 4.232546651452e-02
1.600500000000e+03 5.110209785679e-02
1.601000000000e+03 5.349657123814e-02
1.601500000000e+03 5.067813943370e-02
1.602000000000e+03 4.615496603200e-02
1.602500000000e+03 4.469430526648e-02
1.603000000000e+03 5.082877018459e-02
1.603500000000e+03 6.737390646718e-02
1.604000000000e+03 9.438431504383e-02
1.604500000000e+03 1.288572877848e-01
1.605000000000e+03 1.652869399893e-01
1.605500000000e+03 1.969353699281e-01
1.606000000000e+03 2.174863506647e-01
1.606500000000e+03 2.226376448900e-01
1.607000000000e+03 2.112009978451e-01
1.607500000000e+03 1.854109475807e-01
1.608000000000e+03 1.503583851579e-01
1.608500000000e+03 1.127028612167e-01
1.609000000000e+03 7.901305136549e-02
1.609500000000e+03 5.418351971833e-02
1.610000000000e+03 4.035083579550e-02
1.610500000000e+03 3.659053482654e-02
1.611000000000e+03 3.945806910480e-02
1.611500000000e+03 4.420275188980e-02
1.612000000000e+03 4.629896041251e-02
1.612500000000e+03 4.285480177673e-02
1.613000000000e+03 3.349807889879e-02
1.613500000000e+03 2.049112563450e-02
1.614000000000e+03 8.046984711925e-03
1.614500000000e+03 1.047268663824e-03
1.615000000000e+03 3.532804633553e-03
1.615500000000e+03 1.740382893470e-02
1.616000000000e+03 4.170858618884e-02
1.616500000000e+03 7.273390205808e-02
1.617000000000e+03 1.048849888324e-01
1.617500000000e+03 1.321179398621e-01
1.618000000000e+03 1.495300000343e-01
1.618500000000e+03 1.546644673519e-01
1.619000000000e+03 1.481629244452e-01
1.619500000000e+03 1.335766514253e-01
1.620000000000e+03 1.163818162356e-01
1.620500000000e+03 1.024645630956e-01
1.621000000000e+03 9.649059973047e-02
1.621500000000e+03 1.006077496289e-01
1.622000000000e+03 1.138394942436e-01
1.622500000000e+03 1.323377018325e-01
1.623000000000e+03 1.504261349230e-01
1.623500000000e+03 1.621485989192e-01
1.624000000000e+03 1.628971441347e-01
1.624500000000e+03 1.506748928107e-01
1.625000000000e+03 1.266504204045e-01
1.625500000000e+03 9.485749035062e-02
1.626000000000e+03 6.113038764594e-02
1.626500000000e+03 3.157527490569e-02
1.627000000000e+03 1.100352552457e-02
1.627500000000e+03 1.759231083487e-03
1.628000000000e+03 3.258763712931e-03
1.628500000000e+03 1.235780405617e-02
1.629000000000e+03 2.442760050269e-02
1.629500000000e+03 3.482299572502e-02
1.630000000000e+03 4.031578609415e-02
1.630500000000e+03 4.007874347859e-02
1.631000000000e+03 3.593471368589e-02
1.631500000000e+03 3.179527184017e-02
1.632000000000e+03 3.244537274207e-02
1.632500000000e+03 4.201898851312e-02
1.633000000000e+03 6.260266318994e-02
1.633500000000e+03 9.337302044088e-02
1.634000000000e+03 1.305286970434e-01
1.634500000000e+03 1.680572443496e-01
1.635000000000e+03 1.991444667720e-01
1.635500000000e+03 2.178525156268e-01
1.636000000000e+03 2.206145655241e-01
1.636500000000e+03 2.071402930943e-01
1.637000000000e+03 1.804851293274e-01
1.637500000000e+03 1.462635498684e-01
1.638000000000e+03 1.112195809194e-01
1.638500000000e+03 8.154172713260e-02
1.639000000000e+03 6.137654806089e-02
1.639500000000e+03 5.193677381491e-02
1.640000000000e+03 5.143267707932e-02
1.640500000000e+03 5.582615791672e-02
1.641000000000e+03 6.017957010212e-02
1.641500000000e+03 6.020897271070e-02
1.642000000000e+03 5.359916981861e-02
1.642500000000e+03 4.070972698357e-02
1.643000000000e+03 2.447653518271e-02
1.643500000000e+03 9.542932965907e-03
1.644000000000e+03 8.733674142424e-04
1.644500000000e+03 2.249583610466e-03
1.645000000000e+03 1.508313533677e-02
1.645500000000e+03 3.788914314233e-02
1.646000000000e+03 6.657965048710e-02
1.646500000000e+03 9.550303927117e-02
1.647000000000e+03 1.189439238307e-01
1.647500000000e+03 1.326654297330e-01
1.648000000000e+03 1.350602626257e-01
1.648500000000e+03 1.275832438139e-01
1.649000000000e+03 1.143366955947e-01
1.649500000000e+03 1.009159217136e-01
1.650000000000e+03 9.282924277156e-02
1.650500000000e+03 9.392765665582e-02
1.651000000000e+03 1.052792884924e-01
1.651500000000e+03 1.248030033509e-01
1.652000000000e+03 1.477671910233e-01
1.652500000000e+03 1.680215337915e-01
1.653000000000e+03 1.796276222787e-01
1.653500000000e+03 1.784446179431e-01
1.654000000000e+03 1.632391340461e-01
1.654500000000e+03 1.360203664396e-01
1.655000000000e+03 1.015154497387e-01
1.655500000000e+03 6.593647414183e-02
1.656000000000e+03 3.538385901081e-02
1.656500000000e+03 1.432730522300e-02
1.657000000000e+03 4.578890517503e-03
1.657500000000e+03 5.031004088076e-03
1.658000000000e+03 1.221485173998e-02
1.658500000000e+03 2.150419718524e-02
1.659000000000e+03 2.860863657196e-02
1.659500000000e+03 3.092150258643e-02
1.660000000000e+03 2.833149363380e-02
1.660500000000e+03 2.326176789176e-02
1.661000000000e+03 1.992191998097e-02
1.661500000000e+03 2.298452251614e-02
1.662000000000e+03 3.606497739331e-02
1.662500000000e+03 6.044402800667e-02
1.663000000000e+03 9.440897148510e-02
1.663500000000e+03 1.334196404492e-01
1.664000000000e+03 1.710758020036e-01
1.664500000000e+03 2.006377391463e-01
1.665000000000e+03 2.166943491056e-01
1.665500000000e+03 2.165273654236e-01
1.666000000000e+03 2.007994875120e-01
1.666500000000e+03 1.733767046208e-01
1.667000000000e+03 1.403305463023e-01
1.667500000000e+03 1.083892026441e-01
1.668000000000e+03 8.325561442014e-02
1.668500000000e+03 6.824448732659e-02
1.669000000000e+03 6.359954083615e-02
1.669500000000e+03 6.666256432121e-02
1.670000000000e+03 7.282992106969e-02
1.670500000000e+03 7.701564825861e-02
1.671000000000e+03 7.520331227781e-02
1.671500000000e+03 6.564905623811e-02
1.672000000000e+03 4.940078600112e-02
1.672500000000e+03 2.999402275412e-02
1.673000000000e+03 1.241851851387e-02
1.673500000000e+03 1.655708567861e-03
1.674000000000e+03 1.207743629116e-03
1.674500000000e+03 1.204048474982e-02
1.675000000000e+03 3.224515206713e-02
1.675500000000e+03 5.751947162051e-02
1.676000000000e+03 8.233651843940e-02
1.676500000000e+03 1.014734741514e-01
1.677000000000e+03 1.114684377478e-01
1.677500000000e+03 1.115907681474e-01
1.678000000000e+03 1.040447052175e-01
1.678500000000e+03 9.333992420472e-02
1.679000000000e+03 8.499653368299e-02
1.679500000000e+03 8.394039663056e-02
1.680000000000e+03 9.303465464615e-02
1.680500000000e+03 1.121594323008e-01
1.681000000000e+03 1.381028822098e-01
1.681500000000e+03 1.653040571710e-01
1.682000000000e+03 1.872532735208e-01
1.682500000000e+03 1.981738412999e-01
1.683000000000e+03 1.945307751546e-01
1.683500000000e+03 1.759590998730e-01
1.684000000000e+03 1.453635485393e-01
1.684500000000e+03 1.081685812020e-01
1.685000000000e+03 7.092966555254e-02
1.685500000000e+03 3.968935049762e-02
1.686000000000e+03 1.852718804671e-02
1.686500000000e+03 8.693294720637e-03
1.687000000000e+03 8.548374606205e-03
1.687500000000e+03 1.430541638673e-02
1.688000000000e+03 2.134387911770e-02
1.688500000000e+03 2.570877167592e-02
1.689000000000e+03 2.535875978062e-02
1.689500000000e+03 2.080250387728e-02
1.690000000000e+03 1.493943201295e-02
1.690500000000e+03 1.215008742462e-02
1.691000000000e+03 1.689749661026e-02
1.691500000000e+03 3.224364382126e-02
1.692000000000e+03 5.871371399647e-02
1.692500000000e+03 9.384685719993e-02
1.693000000000e+03 1.325817851050e-01
1.693500000000e+03 1.683916356618e-01
1.694000000000e+03 1.948706627471e-01
1.694500000000e+03 2.073448881676e-01
1.695000000000e+03 2.040667563820e-01
1.695500000000e+03 1.866639759279e-01
1.696000000000e+03 1.597149397474e-01
1.696500000000e+03 1.295614880269e-01
1.697000000000e+03 1.026782415614e-01
1.697500000000e+03 8.403845654502e-02
1.698000000000e+03 7.591585135137e-02
1.698500000000e+03 7.744033471755e-02
1.699000000000e+03 8.501685034552e-02
1.699500000000e+03 9.347866545516e-02
1.700000000000e+03 9.764540953719e-02
1.700500000000e+03 9.384767260293e-02
1.701000000000e+03 8.099378415978e-02
1.701500000000e+03 6.088616301757e-02
1.702000000000e+03 3.770713392348e-02
1.702500000000e+03 1.682770215969e-02
1.703000000000e+03 3.282076804021e-03
1.703500000000e+03 3.428918933612e-04
1.704000000000e+03 8.601541609966e-03
1.704500000000e+03 2.581367881991e-02
1.705000000000e+03 4.755248002034e-02
1.705500000000e+03 6.848297171996e-02
1.706000000000e+03 8.389407066474e-02
1.706500000000e+03 9.105077171046e-02
1.707000000000e+03 8.997816610112e-02
1.707500000000e+03 8.344810388013e-02
1.708000000000e+03 7.616388661153e-02
1.708500000000e+03 7.336550544839e-02
1.709000000000e+03 7.924387573420e-02
1.709500000000e+03 9.561048786372e-02
1.710000000000e+03 1.212022045232e-01
1.710500000000e+03 1.518276955724e-01
1.711000000000e+03 1.813301196147e-01
1.711500000000e+03 2.031145099414e-01
1.712000000000e+03 2.118308071046e-01
1.712500000000e+03 2.047584964116e-01
1.713000000000e+03 1.825189948529e-01
1.713500000000e+03 1.489251356595e-01
1.714000000000e+03 1.100125413305e-01
1.714500000000e+03 7.252009920050e-02
1.715000000000e+03 4.223459781086e-02
1.715500000000e+03 2.264712536560e-02
1.716000000000e+03 1.427750590786e-02
1.716500000000e+03 1.483378217962e-02
1.717000000000e+03 2.013968448735e-02
1.717500000000e+03 2.554963016688e-02
1.718000000000e+03 2.743759613324e-02
1.718500000000e+03 2.433013852341e-02
1.719000000000e+03 1.735897030599e-02
1.719500000000e+03 9.904956113642e-03
1.720000000000e+03 6.537686148989e-03
1.720500000000e+03 1.155747518144e-02
1.721000000000e+03 2.756255578126e-02
1.721500000000e+03 5.446059686811e-02
1.722000000000e+03 8.922122333170e-02
1.722500000000e+03 1.264590446562e-01
1.723000000000e+03 1.597027662455e-01
1.723500000000e+03 1.830108469203e-01
1.724000000000e+03 1.924927655410e-01
1.724500000000e+03 1.873160772698e-01
1.725000000000e+03 1.699177088998e-01
1.725500000000e+03 1.453552654170e-01
1.726000000000e+03 1.199702568688e-01
1.726500000000e+03 9.972450457076e-02
1.727000000000e+03 8.866087620388e-02
1.727500000000e+03 8.790488054754e-02
1.728000000000e+03 9.547409219805e-02
1.728500000000e+03 1.069394024394e-01
1.729000000000e+03 1.167476224563e-01
1.729500000000e+03 1.198340539846e-01
1.730000000000e+03 1.130763592289e-01
1.730500000000e+03 9.618855519307e-02
1.731000000000e+03 7.181259637408e-02
1.731500000000e+03 4.479023001607e-02
1.732000000000e+03 2.082658748073e-02
1.732500000000e+03 4.925448473510e-03
1.733000000000e+03 3.740782177630e-05
1.733500000000e+03 6.299476629188e-03
1.734000000000e+03 2.107587478991e-02
1.734500000000e+03 3.978250998072e-02
1.735000000000e+03 5.725581248000e-02
1.735500000000e+03 6.927255677623e-02
1.736000000000e+03 7.378436883552e-02
1.736500000000e+03 7.151094459208e-02
1.737000000000e+03 6.571716217068e-02
1.737500000000e+03 6.123050890057e-02
1.738000000000e+03 6.297168363245e-02
1.738500000000e+03 7.441201338092e-02
1.739000000000e+03 9.639663872745e-02
1.739500000000e+03 1.266746990240e-01
1.740000000000e+03 1.602838052426e-01
1.740500000000e+03 1.906996979792e-01
1.741000000000e+03 2.114488996773e-01
1.741500000000e+03 2.177517746519e-01
1.742000000000e+03 2.077521676806e-01
1.742500000000e+03 1.830010452539e-01
1.743000000000e+03 1.480645888479e-01
1.743500000000e+03 1.093657443817e-01
1.744000000000e+03 7.357622105212e-02
1.744500000000e+03 4.599581792235e-02
1.745000000000e+03 2.935477459435e-02
1.745500000000e+03 2.335336059256e-02
1.746000000000e+03 2.504537794232e-02
1.746500000000e+03 2.993677285909e-02
1.747000000000e+03 3.347288527526e-02
1.747500000000e+03 3.248302560223e-02
1.748000000000e+03 2.616799184073e-02
1.748500000000e+03 1.634963292533e-02
1.749000000000e+03 6.913799732859e-03
1.749500000000e+03 2.609163630806e-03
1.750000000000e+03 7.549339566292e-03
1.750500000000e+03 2.385242802182e-02
1.751000000000e+03 5.081596873732e-02
1.751500000000e+03 8.487631639781e-02
1.752000000000e+03 1.203812348153e-01
1.752500000000e+03 1.509747512861e-01
1.753000000000e+03 1.712185132428e-01
1.753500000000e+03 1.780032972799e-01
1.754000000000e+03 1.713581410308e-01
1.754500000000e+03 1.544282639075e-01
1.755000000000e+03 1.326212432057e-01
1.755500000000e+03 1.121504133358e-01
1.756000000000e+03 9.837129396737e-02
1.756500000000e+03 9.436451980569e-02
1.757000000000e+03 1.001510727759e-01
1.757500000000e+03 1.127513042549e-01
1.758000000000e+03 1.270666457749e-01
1.758500000000e+03 1.373366015194e-01
1.759000000000e+03 1.387663627956e-01
1.759500000000e+03 1.288756759932e-01
1.760000000000e+03 1.081995480271e-01
1.760500000000e+03 8.015338479686e-02
1.761000000000e+03 5.010825162123e-02
1.761500000000e+03 2.394102301400e-02
1.762000000000e+03 6.468219030845e-03
1.762500000000e+03 2.013684764264e-04
1.763000000000e+03 4.768077366876e-03
1.763500000000e+03 1.715322962096e-02
1.764000000000e+03 3.268237129361e-02
1.764500000000e+03 4.645965956409e-02
1.765000000000e+03 5.484469172969e-02
1.765500000000e+03 5.654204454251e-02
1.766000000000e+03 5.298743072493e-02
1.766500000000e+03 4.791415916848e-02
1.767000000000e+03 4.621699829748e-02
1.767500000000e+03 5.243199274404e-02
1.768000000000e+03 6.926351132600e-02
1.768500000000e+03 9.658178729002e-02
1.769000000000e+03 1.311871649893e-01
1.769500000000e+03 1.674262177470e-01
1.770000000000e+03 1.985084530135e-01
1.770500000000e+03 2.181763206898e-01
1.771000000000e+03 2.222804103571e-01
1.771500000000e+03 2.098343791259e-01
1.772000000000e+03 1.832642825759e-01
1.772500000000e+03 1.477858979804e-01
1.773000000000e+03 1.100807291737e-01
1.773500000000e+03 7.663102474166e-02
1.774000000000e+03 5.216392385338e-02
1.774500000000e+03 3.862018584667e-02
1.775000000000e+03 3.491391757431e-02
1.775500000000e+03 3.752813542826e-02
1.776000000000e+03 4.175881729212e-02
1.776500000000e+03 4.324202331601e-02
1.777000000000e+03 3.932412277107e-02
1.777500000000e+03 2.988453122544e-02
1.778000000000e+03 1.737931074518e-02
1.778500000000e+03 6.097543815118e-03
1.779000000000e+03 8.475618193099e-04
1.779500000000e+03 5.453520136637e-03
1.780000000000e+03 2.149846717482e-02
1.780500000000e+03 4.768221271703e-02
1.781000000000e+03 7.998989020241e-02
1.781500000000e+03 1.126384377592e-01
1.782000000000e+03 1.395474717814e-01
1.782500000000e+03 1.559302790476e-01
1.783000000000e+03 1.595625112619e-01
1.783500000000e+03 1.513717958882e-01
1.784000000000e+03 1.351774356483e-01
1.784500000000e+03 1.166441001106e-01
1.785000000000e+03 1.017316086359e-01
1.785500000000e+03 9.506372063404e-02
1.786000000000e+03 9.866289249610e-02
1.786500000000e+03 1.113982986088e-01
1.787000000000e+03 1.292985382321e-01
1.787500000000e+03 1.466426365856e-01
1.788000000000e+03 1.575291461057e-01
1.788500000000e+03 1.574926171675e-01
1.789000000000e+03 1.447254984938e-01
1.789500000000e+03 1.205744879806e-01
1.790000000000e+03 8.918234689019e-02
1.790500000000e+03 5.638281246721e-02
1.791000000000e+03 2.816158518431e-02
1.791500000000e+03 9.113400282307e-03
1.792000000000e+03 1.321671617040e-03
1.792500000000e+03 3.964611961752e-03
1.793000000000e+03 1.374484945932e-02
1.793500000000e+03 2.600663875253e-02
1.794000000000e+03 3.621124616520e-02
1.794500000000e+03 4.134126282211e-02
1.795000000000e+03 4.082641850740e-02
1.795500000000e+03 3.672072354009e-02
1.796000000000e+03 3.307482968854e-02
1.796500000000e+03 3.467814582586e-02
1.797000000000e+03 4.552750461001e-02
1.797500000000e+03 6.746155113569e-02
1.798000000000e+03 9.935892004034e-02
1.798500000000e+03 1.371446489671e-01
1.799000000000e+03 1.746256571912e-01
1.799500000000e+03 2.049447269226e-01
1.800000000000e+03 2.222678474223e-01
1.800500000000e+03 2.232509282815e-01
1.801000000000e+03 2.078883160970e-01
1.801500000000e+03 1.795119703212e-01
1.802000000000e+03 1.439406588428e-01
1.802500000000e+03 1.080093562192e-01
1.803000000000e+03 7.787629654634e-02
1.803500000000e+03 5.756265393639e-02
1.804000000000e+03 4.811192943471e-02
1.804500000000e+03 4.758201239696e-02
1.805000000000e+03 5.185123662458e-02
1.805500000000e+03 5.599512819906e-02
1.806000000000e+03 5.583536912490e-02
1.806500000000e+03 4.921966690811e-02
1.807000000000e+03 3.667214405489e-02
1.807500000000e+03 2.123536029777e-02
1.808000000000e+03 7.555904750480e-03
1.808500000000e+03 4.807008141662e-04
1.809000000000e+03 3.570301704887e-03
1.809500000000e+03 1.795947803323e-02
1.810000000000e+03 4.189760110907e-02
1.810500000000e+03 7.110919803734e-02
1.811000000000e+03 9.988258850485e-02
1.811500000000e+03 1.225870801241e-01
1.812000000000e+03 1.351952414565e-01
1.812500000000e+03 1.363814215674e-01
1.813000000000e+03 1.278828948720e-01
1.813500000000e+03 1.140139577139e-01
1.814000000000e+03 1.004592410313e-01
1.814500000000e+03 9.267458661841e-02
1.815000000000e+03 9.433550711062e-02
1.815500000000e+03 1.062630558827e-01
1.816000000000e+03 1.261273325458e-01
1.816500000000e+03 1.490155751958e-01
1.817000000000e+03 1.687139185614e-01
1.817500000000e+03 1.793554025176e-01
1.818000000000e+03 1.769861957538e-01
1.818500000000e+03 1.606250972651e-01
1.819000000000e+03 1.325316354069e-01
1.819500000000e+03 9.761638771720e-02
1.820000000000e+03 6.216274876584e-02
1.820500000000e+03 3.221684500032e-02
1.821000000000e+03 1.208975417413e-02
1.821500000000e+03 3.379745520678e-03
1.822000000000e+03 4.772637850994e-03
1.822500000000e+03 1.265785533896e-02
1.823000000000e+03 2.236831871497e-02
1.823500000000e+03 2.967825886171e-02
1.824000000000e+03 3.212304703517e-02
1.824500000000e+03 2.975861639484e-02
1.825000000000e+03 2.513975485378e-02
1.825500000000e+03 2.252085572886e-02
1.826000000000e+03 2.650640928860e-02
1.826500000000e+03 4.053851811799e-02
1.827000000000e+03 6.565974101319e-02
1.827500000000e+03 9.991684531968e-02
1.828000000000e+03 1.385944970461e-01
1.828500000000e+03 1.752366265719e-01
1.829000000000e+03 2.031917361159e-01
1.829500000000e+03 2.172687704375e-01
1.830000000000e+03 2.150544726223e-01
1.830500000000e+03 1.975318241733e-01
1.831000000000e+03 1.688280083475e-01
1.831500000000e+03 1.351571847395e-01
1.832000000000e+03 1.032426388026e-01
1.832500000000e+03 7.864382243120e-02
1.833000000000e+03 6.443743482130e-02
1.833500000000e+03 6.060162187763e-02
1.834000000000e+03 6.425658922374e-02
1.834500000000e+03 7.067797758034e-02
1.835000000000e+03 7.478712749591e-02
1.835500000000e+03 7.269371891808e-02
1.836000000000e+03 6.285664023218e-02
1.836500000000e+03 4.654048313826e-02
1.837000000000e+03 2.744611928703e-02
1.837500000000e+03 1.062781372484e-02
1.838000000000e+03 1.010613045102e-03
1.838500000000e+03 1.933946870889e-03
1.839000000000e+03 1.413918023075e-02
1.839500000000e+03 3.549272056968e-02
1.840000000000e+03 6.152776188801e-02
1.840500000000e+03 8.665549579560e-02
1.841000000000e+03 1.057059705124e-01
1.841500000000e+03 1.153634468934e-01
1.842000000000e+03 1.150881209014e-01
1.842500000000e+03 1.072582156983e-01
1.843000000000e+03 9.648416814125e-02
1.843500000000e+03 8.827915262878e-02
1.844000000000e+03 8.745242052580e-02
1.844500000000e+03 9.667271060199e-02
1.845000000000e+03 1.156053581730e-01
1.845500000000e+03 1.408704306528e-01
1.846000000000e+03 1.668434296591e-01
1.846500000000e+03 1.870874506707e-01
1.847000000000e+03 1.960308039349e-01
1.847500000000e+03 1.904355855647e-01
1.848000000000e+03 1.702595937205e-01
1.848500000000e+03 1.386804891349e-01
1.849000000000e+03 1.012809246173e-01
1.849500000000e+03 6.462268755265e-02
1.850000000000e+03 3.460312907527e-02
1.850500000000e+03 1.504266707092e-02
1.851000000000e+03 6.882969791404e-03
1.851500000000e+03 8.201353607550e-03
1.852000000000e+03 1.501696161835e-02
1.852500000000e+03 2.264290087859e-02
1.853000000000e+03 2.718761416654e-02
1.853500000000e+03 2.677039262106e-02
1.854000000000e+03 2.210054343628e-02
1.854500000000e+03 1.625326506402e-02
1.855000000000e+03 1.370596828551e-02
1.855500000000e+03 1.891161079772e-02
1.856000000000e+03 3.482057236933e-02
1.856500000000e+03 6.178148305541e-02
1.857000000000e+03 9.714855388901e-02
1.857500000000e+03 1.357268262135e-01
1.858000000000e+03 1.709520524837e-01
1.858500000000e+03 1.964942974627e-01
1.859000000000e+03 2.078520549127e-01
1.859500000000e+03 2.035012650499e-01
1.860000000000e+03 1.852822572714e-01
1.860500000000e+03 1.579147321968e-01
1.861000000000e+03 1.277691261904e-01
1.861500000000e+03 1.012260035983e-01
1.862000000000e+03 8.306708249875e-02
1.862500000000e+03 7.533107993286e-02
1.863000000000e+03 7.693774860964e-02
1.863500000000e+03 8.417044243474e-02
1.864000000000e+03 9.187056212868e-02
1.864500000000e+03 9.500213211542e-02
1.865000000000e+03 9.014560134927e-02
1.865500000000e+03 7.650396629225e-02
1.866000000000e+03 5.614432001502e-02
1.866500000000e+03 3.341443659895e-02
1.867000000000e+03 1.370624130646e-02
1.867500000000e+03 1.920970344182e-03
1.868000000000e+03 1.073382044040e-03
1.868500000000e+03 1.143162701408e-02
1.869000000000e+03 3.043697543235e-02
1.869500000000e+03 5.342647873066e-02
1.870000000000e+03 7.495400294654e-02
1.870500000000e+03 9.033493332578e-02
1.871000000000e+03 9.697513267415e-02
1.871500000000e+03 9.510382536458e-02
1.872000000000e+03 8.769665726044e-02
1.872500000000e+03 7.960276364390e-02
1.873000000000e+03 7.611458688372e-02
1.873500000000e+03 8.137835284096e-02
1.874000000000e+03 9.709171700645e-02
1.874500000000e+03 1.218591103118e-01
1.875000000000e+03 1.513954997994e-01
1.875500000000e+03 1.795354021023e-01
1.876000000000e+03 1.997809881350e-01
1.876500000000e+03 2.069730081428e-01
1.877000000000e+03 1.986328427601e-01
1.877500000000e+03 1.756131694086e-01
1.878000000000e+03 1.418838015745e-01
1.878500000000e+03 1.035157348080e-01
1.879000000000e+03 6.714471466082e-02
1.879500000000e+03 3.833528016184e-02
1.880000000000e+03 2.028877214093e-02
1.880500000000e+03 1.323844613322e-02
1.881000000000e+03 1.468005264750e-02
1.881500000000e+03 2.035174900513e-02
1.882000000000e+03 2.566862801127e-02
1.882500000000e+03 2.719271519036e-02
1.883000000000e+03 2.371354616774e-02
1.883500000000e+03 1.662862804902e-02
1.884000000000e+03 9.514831992808e-03
1.884500000000e+03 7.014148554978e-03
1.885000000000e+03 1.335477475649e-02
1.885500000000e+03 3.093547483203e-02
1.886000000000e+03 5.938723439186e-02
1.886500000000e+03 9.539498154301e-02
1.887000000000e+03 1.333500842717e-01
1.887500000000e+03 1.666707081611e-01
1.888000000000e+03 1.894373843200e-01
1.888500000000e+03 1.978986373622e-01
1.889000000000e+03 1.914325550249e-01
1.889500000000e+03 1.726966035569e-01
1.890000000000e+03 1.469194467729e-01
1.890500000000e+03 1.205236525061e-01
1.891000000000e+03 9.945169884071e-02
1.891500000000e+03 8.764863632439e-02
1.892000000000e+03 8.611063173416e-02
1.892500000000e+03 9.275169503792e-02
1.893000000000e+03 1.031148035755e-01
1.893500000000e+03 1.117212019784e-01
1.894000000000e+03 1.136773671773e-01
1.894500000000e+03 1.060911907366e-01
1.895000000000e+03 8.890585040258e-02
1.895500000000e+03 6.492530547145e-02
1.896000000000e+03 3.903282622382e-02
1.896500000000e+03 1.682974039009e-02
1.897000000000e+03 3.082564162313e-03
1.897500000000e+03 4.180502214377e-04
1.898000000000e+03 8.633360175445e-03
1.898500000000e+03 2.481314356763e-02
1.899000000000e+03 4.421623582816e-02
1.899500000000e+03 6.167642936970e-02
1.900000000000e+03 7.311572475935e-02
1.900500000000e+03 7.673577496526e-02
1.901000000000e+03 7.354324784051e-02
1.901500000000e+03 6.705247375313e-02
1.902000000000e+03 6.224150460241e-02
1.902500000000e+03 6.405031503687e-02
1.903000000000e+03 7.584255040177e-02
1.903500000000e+03 9.826742513393e-02
1.904000000000e+03 1.288513255886e-01
1.904500000000e+03 1.624487566485e-01
1.905000000000e+03 1.924448819045e-01
1.905500000000e+03 2.123930159960e-01
1.906000000000e+03 2.176482013137e-01
1.906500000000e+03 2.065565743841e-01
1.907000000000e+03 1.808801726668e-01
1.907500000000e+03 1.453449870744e-01
1.908000000000e+03 1.064387621518e-01
1.908500000000e+03 7.078817567157e-02
1.909000000000e+03 4.355645240287e-02
1.909500000000e+03 2.729163360631e-02
1.910000000000e+03 2.152615147517e-02
1.910500000000e+03 2.321659761023e-02
1.911000000000e+03 2.787796608403e-02
1.911500000000e+03 3.107472730026e-02
1.912000000000e+03 2.983526882679e-02
1.912500000000e+03 2.358292814192e-02
1.913000000000e+03 1.431808884683e-02
1.913500000000e+03 6.001580375291e-03
1.914000000000e+03 3.319031672867e-03
1.914500000000e+03 1.018422395115e-02
1.915000000000e+03 2.841654848439e-02
1.915500000000e+03 5.698152707026e-02
1.916000000000e+03 9.202670590735e-02
1.916500000000e+03 1.277218501158e-01
1.917000000000e+03 1.576848314287e-01
1.917500000000e+03 1.766068205639e-01
1.918000000000e+03 1.816297037582e-01
1.918500000000e+03 1.730925328887e-01
1.919000000000e+03 1.544349975808e-01
1.919500000000e+03 1.312770692679e-01
1.920000000000e+03 1.099209528415e-01
1.920500000000e+03 9.568116050727e-02
1.921000000000e+03 9.149639950702e-02
1.921500000000e+03 9.719960122082e-02
1.922000000000e+03 1.096411948809e-01
1.922500000000e+03 1.236259015427e-01
1.923000000000e+03 1.334000298073e-01
1.923500000000e+03 1.342763681478e-01
1.924000000000e+03 1.239486739831e-01
1.924500000000e+03 1.031368459474e-01
1.925000000000e+03 7.539195065729e-02
1.925500000000e+03 4.612467234257e-02
1.926000000000e+03 2.113600667047e-02
1.926500000000e+03 5.065185203811e-03
1.927000000000e+03 1.891874532408e-04
1.927500000000e+03 5.905800636873e-03
1.928000000000e+03 1.903712515765e-02
1.928500000000e+03 3.485768922743e-02
1.929000000000e+03 4.854639483011e-02
1.929500000000e+03 5.664197008033e-02
1.930000000000e+03 5.808105491103e-02
1.930500000000e+03 5.451669386955e-02
1.931000000000e+03 4.981957555009e-02
1.931500000000e+03 4.889740022635e-02
1.932000000000e+03 5.616374038792e-02
1.932500000000e+03 7.409140484989e-02
1.933000000000e+03 1.022670996928e-01
1.933500000000e+03 1.372286310927e-01
1.934000000000e+03 1.731503995779e-01
1.934500000000e+03 2.032073351503e-01
1.935000000000e+03 2.212573424174e-01
1.935500000000e+03 2.233908609663e-01
1.936000000000e+03 2.089290383737e-01
1.936500000000e+03 1.806004373222e-01
1.937000000000e+03 1.438491963764e-01
1.937500000000e+03 1.054634360262e-01
1.938000000000e+03 7.189618193937e-02
1.938500000000e+03 4.773150383120e-02
1.939000000000e+03 3.470397534790e-02
1.939500000000e+03 3.152276534481e-02
1.940000000000e+03 3.452665889388e-02
1.940500000000e+03 3.896592611461e-02
1.941000000000e+03 4.053536754329e-02
1.941500000000e+03 3.671763502589e-02
1.942000000000e+03 2.755478603357e-02
1.942500000000e+03 1.563196446286e-02
1.943000000000e+03 5.283168814001e-03
1.943500000000e+03 1.251566712496e-03
1.944000000000e+03 7.193130705111e-03
1.944500000000e+03 2.445851594739e-02
1.945000000000e+03 5.151102892261e-02
1.945500000000e+03 8.415979861589e-02
1.946000000000e+03 1.165569799531e-01
1.946500000000e+03 1.426906624662e-01
1.947000000000e+03 1.579622366068e-01
1.947500000000e+03 1.604087197559e-01
1.948000000000e+03 1.512253698375e-01
1.948500000000e+03 1.344357916287e-01
1.949000000000e+03 1.157924342686e-01
1.949500000000e+03 1.012042757092e-01
1.950000000000e+03 9.512090686190e-02
1.950500000000e+03 9.931607651066e-02
1.951000000000e+03 1.124049182952e-01
1.951500000000e+03 1.302275835513e-01
1.952000000000e+03 1.469936830737e-01
1.952500000000e+03 1.568728906962e-01
1.953000000000e+03 1.555952268254e-01
1.953500000000e+03 1.416235818359e-01
1.954000000000e+03 1.165809744014e-01
1.954500000000e+03 8.482226546103e-02
1.955000000000e+03 5.227674071881e-02
1.955500000000e+03 2.488823560029e-02
1.956000000000e+03 7.087719860013e-03
1.956500000000e+03 7.196991453152e-04
1.957000000000e+03 4.712715655761e-03
1.957500000000e+03 1.557274931201e-02
1.958000000000e+03 2.854594634018e-02
1.958500000000e+03 3.910907605764e-02
1.959000000000e+03 4.435514970012e-02
1.959500000000e+03 4.387316014715e-02
1.960000000000e+03 3.986596330547e-02
1.960500000000e+03 3.646809130052e-02
1.961000000000e+03 3.845449456800e-02
1.961500000000e+03 4.970730121597e-02
1.962000000000e+03 7.188090503274e-02
1.962500000000e+03 1.036550501069e-01
1.963000000000e+03 1.408047467869e-01
1.963500000000e+03 1.770894093442e-01
1.964000000000e+03 2.057346144471e-01
1.964500000000e+03 2.211122952351e-01
1.965000000000e+03 2.201659896236e-01
1.965500000000e+03 2.031938227562e-01
1.966000000000e+03 1.737752350931e-01
1.966500000000e+03 1.378602046112e-01
1.967000000000e+03 1.022674274977e-01
1.967500000000e+03 7.299756765189e-02
1.968000000000e+03 5.381514719838e-02
1.968500000000e+03 4.547502526700e-02
1.969000000000e+03 4.578858005441e-02
1.969500000000e+03 5.049120295415e-02
1.970000000000e+03 5.465160563048e-02
1.970500000000e+03 5.421618413177e-02
1.971000000000e+03 4.724897975938e-02
1.971500000000e+03 3.451825039779e-02
1.972000000000e+03 1.926851201780e-02
1.972500000000e+03 6.249151908721e-03
1.973000000000e+03 2.820548925449e-04
1.973500000000e+03 4.781782338586e-03
1.974000000000e+03 2.065592453292e-02
1.974500000000e+03 4.590638051788e-02
1.975000000000e+03 7.605451697429e-02
1.975500000000e+03 1.052799667835e-01
1.976000000000e+03 1.279597822536e-01
1.976500000000e+03 1.401789270993e-01
1.977000000000e+03 1.407874613243e-01
1.977500000000e+03 1.317034390269e-01
1.978000000000e+03 1.173692845432e-01
1.978500000000e+03 1.035051327693e-01
1.979000000000e+03 9.549953141404e-02
1.979500000000e+03 9.688091363874e-02
1.980000000000e+03 1.082933570660e-01
1.980500000000e+03 1.272625653271e-01
1.981000000000e+03 1.488207560011e-01
1.981500000000e+03 1.668224555781e-01
1.982000000000e+03 1.755927786023e-01
1.982500000000e+03 1.714584422901e-01
1.983000000000e+03 1.537448059490e-01
1.983500000000e+03 1.249702923124e-01
1.984000000000e+03 9.019133241855e-02
1.984500000000e+03 5.568472289607e-02
1.985000000000e+03 2.733503099376e-02
1.985500000000e+03 9.172369241450e-03
1.986000000000e+03 2.459272813556e-03
1.986500000000e+03 5.568052842796e-03
1.987000000000e+03 1.466626862068e-02
1.987500000000e+03 2.500070763837e-02
1.988000000000e+03 3.240318436778e-02
1.988500000000e+03 3.458130017048e-02
1.989000000000e+03 3.182075146833e-02
1.989500000000e+03 2.689484634868e-02
1.990000000000e+03 2.420396454040e-02
1.990500000000e+03 2.838884497235e-02
1.991000000000e+03 4.281448563186e-02
1.991500000000e+03 6.836283501522e-02
1.992000000000e+03 1.028902887857e-01
1.992500000000e+03 1.415228435488e-01
1.993000000000e+03 1.777285203359e-01
1.993500000000e+03 2.048884275788e-01
1.994000000000e+03 2.179456477761e-01
1.994500000000e+03 2.146849856124e-01
1.995000000000e+03 1.962942171886e-01
1.995500000000e+03 1.670520736488e-01
1.996000000000e+03 1.332259797812e-01
1.996500000000e+03 1.014776825398e-01
1.997000000000e+03 7.720775539220e-02
1.997500000000e+03 6.328383509123e-02
1.998000000000e+03 5.948871379867e-02
1.998500000000e+03 6.282352990782e-02
1.999000000000e+03 6.856430275630e-02
1.999500000000e+03 7.176289716676e-02
2.000000000000e+03 6.876367451532e-02
