# time(fs)  P_C0(t)
0.000000000000e+00 1.000000000000e+00
5.000000000000e-01 9.942407672621e-01
1.000000000000e+00 9.770970543397e-01
1.500000000000e+00 9.489676019673e-01
2.000000000000e+00 9.105063429270e-01
2.500000000000e+00 8.626067341289e-01
3.000000000000e+00 8.063803826773e-01
3.500000000000e+00 7.431305079242e-01
4.000000000000e+00 6.743209097193e-01
4.500000000000e+00 6.015412225114e-01
5.000000000000e+00 5.264693227740e-01
5.500000000000e+00 4.508318212296e-01
6.000000000000e+00 3.763636101418e-01
6.500000000000e+00 3.047674488781e-01
7.000000000000e+00 2.376745582003e-01
7.500000000000e+00 1.766071562178e-01
8.000000000000e+00 1.229438082740e-01
8.500000000000e+00 7.788838148179e-02
9.000000000000e+00 4.244329494896e-02
9.500000000000e+00 1.738764216016e-02
1.000000000000e+01 3.260635979277e-03
1.050000000000e+01 3.506929879935e-04
1.100000000000e+01 8.690336077849e-03
1.150000000000e+01 2.805695600148e-02
1.200000000000e+01 5.797933740853e-02
1.250000000000e+01 9.774972591183e-02
1.300000000000e+01 1.464410927635e-01
1.350000000000e+01 2.029291451684e-01
1.400000000000e+01 2.659185350773e-01
1.450000000000e+01 3.339726389699e-01
1.500000000000e+01 4.055462166779e-01
1.550000000000e+01 4.790202093012e-01
1.600000000000e+01 5.527379048861e-01
1.650000000000e+01 6.250416855931e-01
1.700000000000e+01 6.943095710536e-01
1.750000000000e+01 7.589907887511e-01
1.800000000000e+01 8.176396325954e-01
1.850000000000e+01 8.689469142784e-01
1.900000000000e+01 9.117683672952e-01
1.950000000000e+01 9.451494294208e-01
2.000000000000e+01 9.683459046348e-01
2.050000000000e+01 9.808400886803e-01
2.100000000000e+01 9.823520322896e-01
2.150000000000e+01 9.728457112953e-01
2.200000000000e+01 9.525299720104e-01
2.250000000000e+01 9.218542220451e-01
2.300000000000e+01 8.814989397122e-01
2.350000000000e+01 8.323611778756e-01
2.400000000000e+01 7.755353389886e-01
2.450000000000e+01 7.122895955068e-01
2.500000000000e+01 6.440384221644e-01
2.550000000000e+01 5.723117919948e-01
2.600000000000e+01 4.987216646706e-01
2.650000000000e+01 4.249264619072e-01
2.700000000000e+01 3.525942785687e-01
2.750000000000e+01 2.833656180476e-01
2.800000000000e+01 2.188164649541e-01
2.850000000000e+01 1.604225158510e-01
2.900000000000e+01 1.095253787158e-01
2.950000000000e+01 6.730152336604e-02
3.000000000000e+01 3.473471803152e-02
3.050000000000e+01 1.259262185864e-02
3.100000000000e+01 1.408120158074e-03
3.150000000000e+01 1.465889943117e-03
3.200000000000e+01 1.279456958787e-02
3.250000000000e+01 3.516478059040e-02
3.300000000000e+01 6.809311426251e-02
3.350000000000e+01 1.108520548951e-01
3.400000000000e+01 1.624856671027e-01
3.450000000000e+01 2.218307323934e-01
3.500000000000e+01 2.875428824196e-01
3.550000000000e+01 3.581271477056e-01
3.600000000000e+01 4.319722246456e-01
3.650000000000e+01 5.073876636972e-01
3.700000000000e+01 5.826431010209e-01
3.750000000000e+01 6.560085969244e-01
3.800000000000e+01 7.257951093383e-01
3.850000000000e+01 7.903941204722e-01
3.900000000000e+01 8.483154503620e-01
3.950000000000e+01 8.982223320194e-01
4.000000000000e+01 9.389628883860e-01
4.050000000000e+01 9.695972395885e-01
4.100000000000e+01 9.894195776956e-01
4.150000000000e+01 9.979746723141e-01
4.200000000000e+01 9.950684104048e-01
4.250000000000e+01 9.807721237524e-01
4.300000000000e+01 9.554206133919e-01
4.350000000000e+01 9.196039376708e-01
4.400000000000e+01 8.741531851799e-01
4.450000000000e+01 8.201206013601e-01
4.500000000000e+01 7.587545742605e-01
4.550000000000e+01 6.914701071870e-01
4.600000000000e+01 6.198155107877e-01
4.650000000000e+01 5.454361320258e-01
4.700000000000e+01 4.700360006403e-01
4.750000000000e+01 3.953383139205e-01
4.800000000000e+01 3.230456974184e-01
4.850000000000e+01 2.548011727400e-01
4.900000000000e+01 1.921507345923e-01
4.950000000000e+01 1.365083891578e-01
5.000000000000e+01 8.912443649064e-02
5.050000000000e+01 5.105769327304e-02
5.100000000000e+01 2.315225154016e-02
5.150000000000e+01 6.019256755963e-03
5.200000000000e+01 2.406789452826e-05
5.250000000000e+01 5.279036021879e-03
5.300000000000e+01 2.164200930963e-02
5.350000000000e+01 4.872054437191e-02
5.400000000000e+01 8.588167905585e-02
5.450000000000e+01 1.322670028675e-01
5.500000000000e+01 1.868126503485e-01
5.550000000000e+01 2.482737419196e-01
5.600000000000e+01 3.152527076491e-01
5.650000000000e+01 3.862308534636e-01
5.700000000000e+01 4.596024675566e-01
5.750000000000e+01 5.337107179467e-01
5.800000000000e+01 6.068845607871e-01
5.850000000000e+01 6.774758633695e-01
5.900000000000e+01 7.438959458018e-01
5.950000000000e+01 8.046507608447e-01
6.000000000000e+01 8.583739619336e-01
6.050000000000e+01 9.038571543664e-01
6.100000000000e+01 9.400766831912e-01
6.150000000000e+01 9.662163824798e-01
6.200000000000e+01 9.816857932477e-01
6.250000000000e+01 9.861334499326e-01
6.300000000000e+01 9.794549365239e-01
6.350000000000e+01 9.617955214602e-01
6.400000000000e+01 9.335472933830e-01
6.450000000000e+01 8.953408357490e-01
6.500000000000e+01 8.480315949661e-01
6.550000000000e+01 7.926812118743e-01
6.600000000000e+01 7.305341976539e-01
6.650000000000e+01 6.629904402372e-01
6.700000000000e+01 5.915741236162e-01
6.750000000000e+01 5.178997277733e-01
6.800000000000e+01 4.436358491224e-01
6.850000000000e+01 3.704676383349e-01
6.900000000000e+01 3.000586925214e-01
6.950000000000e+01 2.340132605312e-01
7.000000000000e+01 1.738396226031e-01
7.050000000000e+01 1.209154881816e-01
7.100000000000e+01 7.645621829366e-02
7.150000000000e+01 4.148662188222e-02
7.200000000000e+01 1.681699984196e-02
7.250000000000e+01 3.024017656447e-03
7.300000000000e+01 4.368794437735e-04
7.350000000000e+01 9.129155294696e-03
7.400000000000e+01 2.891648285161e-02
7.450000000000e+01 5.936022628556e-02
7.500000000000e+01 9.977703458792e-02
7.550000000000e+01 1.492540999703e-01
7.600000000000e+01 2.066697797787e-01
7.650000000000e+01 2.707191152478e-01
7.700000000000e+01 3.399436610562e-01
7.750000000000e+01 4.127649341476e-01
7.800000000000e+01 4.875207014476e-01
7.850000000000e+01 5.625032562894e-01
7.900000000000e+01 6.359987843994e-01
7.950000000000e+01 7.063268934726e-01
8.000000000000e+01 7.718793763505e-01
8.050000000000e+01 8.311572966747e-01
8.100000000000e+01 8.828055270497e-01
8.150000000000e+01 9.256439320758e-01
8.200000000000e+01 9.586944703918e-01
8.250000000000e+01 9.812035889046e-01
8.300000000000e+01 9.926593960498e-01
8.350000000000e+01 9.928032262599e-01
8.400000000000e+01 9.816353415882e-01
8.450000000000e+01 9.594146552683e-01
8.500000000000e+01 9.266525024307e-01
8.550000000000e+01 8.841006218370e-01
8.600000000000e+01 8.327336460224e-01
8.650000000000e+01 7.737265225685e-01
8.700000000000e+01 7.084274035197e-01
8.750000000000e+01 6.383266407267e-01
8.800000000000e+01 5.650226100220e-01
8.850000000000e+01 4.901851549140e-01
8.900000000000e+01 4.155174896694e-01
8.950000000000e+01 3.427174314253e-01
9.000000000000e+01 2.734388409861e-01
9.050000000000e+01 2.092541422841e-01
9.100000000000e+01 1.516187616283e-01
9.150000000000e+01 1.018382807237e-01
9.200000000000e+01 6.103903325754e-02
9.250000000000e+01 3.014279520362e-02
9.300000000000e+01 9.846125734784e-03
9.350000000000e+01 6.048108462728e-04
9.400000000000e+01 2.623747770476e-03
9.450000000000e+01 1.585248742866e-02
9.500000000000e+01 3.998652706313e-02
9.550000000000e+01 7.447431842023e-02
9.600000000000e+01 1.185298310294e-01
9.650000000000e+01 1.711503878414e-01
9.700000000000e+01 2.311393742746e-01
9.750000000000e+01 2.971333139964e-01
9.800000000000e+01 3.676327077975e-01
9.850000000000e+01 4.410359477888e-01
9.900000000000e+01 5.156755497019e-01
9.950000000000e+01 5.898558928806e-01
1.000000000000e+02 6.618916218881e-01
1.005000000000e+02 7.301458464451e-01
1.010000000000e+02 7.930672782115e-01
1.015000000000e+02 8.492254639027e-01
1.020000000000e+02 8.973433141301e-01
1.025000000000e+02 9.363261855121e-01
1.030000000000e+02 9.652868489197e-01
1.035000000000e+02 9.835657676963e-01
1.040000000000e+02 9.907462144367e-01
1.045000000000e+02 9.866638711557e-01
1.050000000000e+02 9.714106828729e-01
1.055000000000e+02 9.453328659344e-01
1.060000000000e+02 9.090231067676e-01
1.065000000000e+02 8.633071210574e-01
1.070000000000e+02 8.092248743370e-01
1.075000000000e+02 7.480068895290e-01
1.080000000000e+02 6.810461820101e-01
1.085000000000e+02 6.098664654430e-01
1.090000000000e+02 5.360873593695e-01
1.095000000000e+02 4.613874001692e-01
1.100000000000e+02 3.874657086832e-01
1.105000000000e+02 3.160031992523e-01
1.110000000000e+02 2.486242253471e-01
1.115000000000e+02 1.868595460869e-01
1.120000000000e+02 1.321114660626e-01
1.125000000000e+02 8.562194881068e-02
1.130000000000e+02 4.844443336367e-02
1.135000000000e+02 2.141999536054e-02
1.140000000000e+02 5.158391451785e-03
1.145000000000e+02 2.441078913742e-05
1.150000000000e+02 6.129833112811e-03
1.155000000000e+02 2.333116241782e-02
1.160000000000e+02 5.123317158116e-02
1.165000000000e+02 8.919815987761e-02
1.170000000000e+02 1.363606951584e-01
1.175000000000e+02 1.916474886294e-01
1.180000000000e+02 2.538019354465e-01
1.185000000000e+02 3.214127512697e-01
1.190000000000e+02 3.929460456739e-01
1.195000000000e+02 4.667800997305e-01
1.200000000000e+02 5.412420585501e-01
1.205000000000e+02 6.146457111184e-01
1.210000000000e+02 6.853295099267e-01
1.215000000000e+02 7.516939818338e-01
1.220000000000e+02 8.122376990443e-01
1.225000000000e+02 8.655910144009e-01
1.230000000000e+02 9.105468173704e-01
1.235000000000e+02 9.460876348442e-01
1.240000000000e+02 9.714084825837e-01
1.245000000000e+02 9.859349670053e-01
1.250000000000e+02 9.893362409858e-01
1.255000000000e+02 9.815325293218e-01
1.260000000000e+02 9.626970571053e-01
1.265000000000e+02 9.332523352294e-01
1.270000000000e+02 8.938608791083e-01
1.275000000000e+02 8.454105571011e-01
1.280000000000e+02 7.889948816800e-01
1.285000000000e+02 7.258886667896e-01
1.290000000000e+02 6.575195768798e-01
1.295000000000e+02 5.854361846740e-01
1.300000000000e+02 5.112732339315e-01
1.305000000000e+02 4.367148685266e-01
1.310000000000e+02 3.634566385980e-01
1.315000000000e+02 2.931671270467e-01
1.320000000000e+02 2.274500543315e-01
1.325000000000e+02 1.678077156788e-01
1.330000000000e+02 1.156065822070e-01
1.335000000000e+02 7.204585617129e-02
1.340000000000e+02 3.812971104391e-02
1.345000000000e+02 1.464387039372e-02
1.350000000000e+02 2.137086828975e-03
1.355000000000e+02 9.079753811714e-04
1.360000000000e+02 1.099753676293e-02
1.365000000000e+02 3.218757744038e-02
1.370000000000e+02 6.400509824039e-02
1.375000000000e+02 1.057325843556e-01
1.380000000000e+02 1.564239903958e-01
1.385000000000e+02 2.149260779675e-01
1.390000000000e+02 2.799046335627e-01
1.395000000000e+02 3.498749746789e-01
1.400000000000e+02 4.232360452508e-01
1.405000000000e+02 4.983073106106e-01
1.410000000000e+02 5.733675898633e-01
1.415000000000e+02 6.466949119173e-01
1.420000000000e+02 7.166064520602e-01
1.425000000000e+02 7.814975999450e-01
1.430000000000e+02 8.398792275707e-01
1.435000000000e+02 8.904122670434e-01
1.440000000000e+02 9.319387716996e-01
1.445000000000e+02 9.635087190053e-01
1.450000000000e+02 9.844019173631e-01
1.455000000000e+02 9.941444988797e-01
1.460000000000e+02 9.925196130848e-01
1.465000000000e+02 9.795720790356e-01
1.470000000000e+02 9.556069013685e-01
1.475000000000e+02 9.211817057266e-01
1.480000000000e+02 8.770932966248e-01
1.485000000000e+02 8.243586823119e-01
1.490000000000e+02 7.641910429006e-01
1.495000000000e+02 6.979712365852e-01
1.500000000000e+02 6.272155412523e-01
1.505000000000e+02 5.535404127448e-01
1.510000000000e+02 4.786251046383e-01
1.515000000000e+02 4.041730363311e-01
1.520000000000e+02 3.318728159331e-01
1.525000000000e+02 2.633598218418e-01
1.530000000000e+02 2.001792226091e-01
1.535000000000e+02 1.437512699057e-01
1.540000000000e+02 9.533963572720e-02
1.545000000000e+02 5.602348456571e-02
1.550000000000e+02 2.667387653015e-02
1.555000000000e+02 7.934991046150e-03
1.560000000000e+02 2.105456726598e-04
1.565000000000e+02 3.655663683877e-03
1.570000000000e+02 1.817432032117e-02
1.575000000000e+02 4.342237386569e-02
1.580000000000e+02 7.881606660850e-02
1.585000000000e+02 1.235457648757e-01
1.590000000000e+02 1.765945987177e-01
1.595000000000e+02 2.367615626240e-01
1.600000000000e+02 3.026885502995e-01
1.605000000000e+02 3.728907204612e-01
1.610000000000e+02 4.457895277902e-01
1.615000000000e+02 5.197477043425e-01
1.620000000000e+02 5.931054423456e-01
1.625000000000e+02 6.642170096108e-01
1.630000000000e+02 7.314870237865e-01
1.635000000000e+02 7.934056211881e-01
1.640000000000e+02 8.485817796160e-01
1.645000000000e+02 8.957740919249e-01
1.650000000000e+02 9.339183374848e-01
1.655000000000e+02 9.621512613222e-01
1.660000000000e+02 9.798300447159e-01
1.665000000000e+02 9.865470353219e-01
1.670000000000e+02 9.821393982895e-01
1.675000000000e+02 9.666934509623e-01
1.680000000000e+02 9.405435510936e-01
1.685000000000e+02 9.042655203342e-01
1.690000000000e+02 8.586646991952e-01
1.695000000000e+02 8.047588446845e-01
1.700000000000e+02 7.437561951569e-01
1.705000000000e+02 6.770291362643e-01
1.710000000000e+02 6.060840048289e-01
1.715000000000e+02 5.325276615074e-01
1.720000000000e+02 4.580315458517e-01
1.725000000000e+02 3.842939964331e-01
1.730000000000e+02 3.130016719208e-01
1.735000000000e+02 2.457909444623e-01
1.740000000000e+02 1.842101527985e-01
1.745000000000e+02 1.296835980973e-01
1.750000000000e+02 8.347813977253e-02
1.755000000000e+02 4.667320143711e-02
1.760000000000e+02 2.013492900941e-02
1.765000000000e+02 4.495154897117e-03
1.770000000000e+02 1.357157602844e-04
1.775000000000e+02 7.178548843375e-03
1.780000000000e+02 2.548185607000e-02
1.785000000000e+02 5.464247930393e-02
1.790000000000e+02 9.400447810359e-02
1.795000000000e+02 1.426737469450e-01
1.800000000000e+02 1.995383564616e-01
1.805000000000e+02 2.632941569991e-01
1.810000000000e+02 3.324750468874e-01
1.815000000000e+02 4.054871862355e-01
1.820000000000e+02 4.806463333538e-01
1.825000000000e+02 5.562173982125e-01
1.830000000000e+02 6.304552481645e-01
1.835000000000e+02 7.016457673265e-01
1.840000000000e+02 7.681461636005e-01
1.845000000000e+02 8.284235365949e-01
1.850000000000e+02 8.810907651513e-01
1.855000000000e+02 9.249388434632e-01
1.860000000000e+02 9.589648878177e-01
1.865000000000e+02 9.823951490437e-01
1.870000000000e+02 9.947024954860e-01
1.875000000000e+02 9.956179739322e-01
1.880000000000e+02 9.851362072760e-01
1.885000000000e+02 9.635145434732e-01
1.890000000000e+02 9.312660261589e-01
1.895000000000e+02 8.891464088742e-01
1.900000000000e+02 8.381355781436e-01
1.905000000000e+02 7.794138819633e-01
1.910000000000e+02 7.143339763909e-01
1.915000000000e+02 6.443889011812e-01
1.920000000000e+02 5.711771737443e-01
1.925000000000e+02 4.963657477082e-01
1.930000000000e+02 4.216517172998e-01
1.935000000000e+02 3.487236615411e-01
1.940000000000e+02 2.792235134221e-01
1.945000000000e+02 2.147098098500e-01
1.950000000000e+02 1.566231298843e-01
1.955000000000e+02 1.062544635261e-01
1.960000000000e+02 6.471717346159e-02
1.965000000000e+02 3.292312017140e-02
1.970000000000e+02 1.156341936220e-02
1.975000000000e+02 1.094192426392e-03
1.980000000000e+02 1.727558218801e-03
1.985000000000e+02 1.342800036049e-02
1.990000000000e+02 3.591413087702e-02
1.995000000000e+02 6.866576037155e-02
2.000000000000e+02 1.109360790068e-01
2.005000000000e+02 1.617686529599e-01
2.010000000000e+02 2.200188491143e-01
2.015000000000e+02 2.843792177269e-01
2.020000000000e+02 3.534082896101e-01
2.025000000000e+02 4.255621817785e-01
2.030000000000e+02 4.992283541520e-01
2.035000000000e+02 5.727608202894e-01
2.040000000000e+02 6.445160876521e-01
2.045000000000e+02 7.128890879002e-01
2.050000000000e+02 7.763483554454e-01
2.055000000000e+02 8.334697231201e-01
2.060000000000e+02 8.829678274578e-01
2.065000000000e+02 9.237247527091e-01
2.070000000000e+02 9.548151922098e-01
2.075000000000e+02 9.755275677539e-01
2.080000000000e+02 9.853806217144e-01
2.085000000000e+02 9.841350820412e-01
2.090000000000e+02 9.718000959411e-01
2.095000000000e+02 9.486342326920e-01
2.100000000000e+02 9.151409680447e-01
2.105000000000e+02 8.720586800678e-01
2.110000000000e+02 8.203453068631e-01
2.115000000000e+02 7.611579377916e-01
2.120000000000e+02 6.958277289576e-01
2.125000000000e+02 6.258306477822e-01
2.130000000000e+02 5.527546575587e-01
2.135000000000e+02 4.782640478981e-01
2.140000000000e+02 4.040616980631e-01
2.145000000000e+02 3.318501246276e-01
2.150000000000e+02 2.632922103208e-01
2.155000000000e+02 1.999725353383e-01
2.160000000000e+02 1.433602343700e-01
2.165000000000e+02 9.477428124175e-02
2.170000000000e+02 5.535205817257e-02
2.175000000000e+02 2.602199870379e-02
2.180000000000e+02 7.481003549022e-03
2.185000000000e+02 1.772188492185e-04
2.190000000000e+02 4.298639164265e-03
2.195000000000e+02 1.976785616362e-02
2.200000000000e+02 4.624312208901e-02
2.205000000000e+02 8.312573875191e-02
2.210000000000e+02 1.295736224787e-01
2.215000000000e+02 1.845207375490e-01
2.220000000000e+02 2.467019397959e-01
2.225000000000e+02 3.146826325023e-01
2.230000000000e+02 3.868925125730e-01
2.235000000000e+02 4.616625797802e-01
2.240000000000e+02 5.372644986990e-01
2.245000000000e+02 6.119513441166e-01
2.250000000000e+02 6.839987278255e-01
2.255000000000e+02 7.517452986031e-01
2.260000000000e+02 8.136316278235e-01
2.265000000000e+02 8.682365397245e-01
2.270000000000e+02 9.143100162676e-01
2.275000000000e+02 9.508018994870e-01
2.280000000000e+02 9.768857262943e-01
2.285000000000e+02 9.919771584834e-01
2.290000000000e+02 9.957466103341e-01
2.295000000000e+02 9.881258237068e-01
2.300000000000e+02 9.693082916634e-01
2.305000000000e+02 9.397435823234e-01
2.310000000000e+02 9.001257608714e-01
2.315000000000e+02 8.513762456702e-01
2.320000000000e+02 7.946215609918e-01
2.325000000000e+02 7.311665610781e-01
2.330000000000e+02 6.624637957787e-01
2.335000000000e+02 5.900797651000e-01
2.340000000000e+02 5.156588674889e-01
2.345000000000e+02 4.408858839458e-01
2.350000000000e+02 3.674478571019e-01
2.355000000000e+02 2.969962216629e-01
2.360000000000e+02 2.311100210592e-01
2.365000000000e+02 1.712610060662e-01
2.370000000000e+02 1.187813562107e-01
2.375000000000e+02 7.483469582897e-02
2.380000000000e+02 4.039099574209e-02
2.385000000000e+02 1.620586077938e-02
2.390000000000e+02 2.804604996913e-03
2.395000000000e+02 4.714125282247e-04
2.400000000000e+02 9.243774656427e-03
2.405000000000e+02 2.891228488612e-02
2.410000000000e+02 5.902576538704e-02
2.415000000000e+02 9.890159191950e-02
2.420000000000e+02 1.476409818505e-01
2.425000000000e+02 2.041489126269e-01
2.430000000000e+02 2.671582474783e-01
2.435000000000e+02 3.352575624676e-01
2.440000000000e+02 4.069220955024e-01
2.445000000000e+02 4.805471746977e-01
2.450000000000e+02 5.544834315775e-01
2.455000000000e+02 6.270730650233e-01
2.460000000000e+02 6.966863954606e-01
2.465000000000e+02 7.617579363197e-01
2.470000000000e+02 8.208212119241e-01
2.475000000000e+02 8.725415680817e-01
2.480000000000e+02 9.157462540531e-01
2.485000000000e+02 9.494511021842e-01
2.490000000000e+02 9.728831940445e-01
2.495000000000e+02 9.854989787503e-01
2.500000000000e+02 9.869973992917e-01
2.505000000000e+02 9.773276847646e-01
2.510000000000e+02 9.566915786916e-01
2.515000000000e+02 9.255398940081e-01
2.520000000000e+02 8.845634113282e-01
2.525000000000e+02 8.346782660696e-01
2.530000000000e+02 7.770060988998e-01
2.535000000000e+02 7.128493696242e-01
2.540000000000e+02 6.436623538311e-01
2.545000000000e+02 5.710184510996e-01
2.550000000000e+02 4.965745302684e-01
2.555000000000e+02 4.220331182437e-01
2.560000000000e+02 3.491033015362e-01
2.565000000000e+02 2.794612519967e-01
2.570000000000e+02 2.147113084393e-01
2.575000000000e+02 1.563485429239e-01
2.580000000000e+02 1.057237140042e-01
2.585000000000e+02 6.401145946889e-02
2.590000000000e+02 3.218250895140e-02
2.595000000000e+02 1.098060385192e-02
2.600000000000e+02 9.047005352169e-04
2.605000000000e+02 2.196905558759e-03
2.610000000000e+02 1.483645204086e-02
2.615000000000e+02 3.853987790344e-02
2.620000000000e+02 7.276741359967e-02
2.625000000000e+02 1.167354332008e-01
2.630000000000e+02 1.694346725394e-01
2.635000000000e+02 2.296537755477e-01
2.640000000000e+02 2.960075988332e-01
2.645000000000e+02 3.669695883762e-01
2.650000000000e+02 4.409074440541e-01
2.655000000000e+02 5.161212099916e-01
2.660000000000e+02 5.908828733741e-01
2.665000000000e+02 6.634765225848e-01
2.670000000000e+02 7.322381078616e-01
2.675000000000e+02 7.955938639965e-01
2.680000000000e+02 8.520964941066e-01
2.685000000000e+02 9.004582747933e-01
2.690000000000e+02 9.395803240869e-01
2.695000000000e+02 9.685773720236e-01
2.700000000000e+02 9.867974866577e-01
2.705000000000e+02 9.938363326623e-01
2.710000000000e+02 9.895456720799e-01
2.715000000000e+02 9.740359538442e-01
2.720000000000e+02 9.476729769865e-01
2.725000000000e+02 9.110687486682e-01
2.730000000000e+02 8.650667892005e-01
2.735000000000e+02 8.107222591529e-01
2.740000000000e+02 7.492773959423e-01
2.745000000000e+02 6.821328467049e-01
2.750000000000e+02 6.108155689681e-01
2.755000000000e+02 5.369440391999e-01
2.760000000000e+02 4.621915607074e-01
2.765000000000e+02 3.882484959393e-01
2.770000000000e+02 3.167842637775e-01
2.775000000000e+02 2.494099399897e-01
2.780000000000e+02 1.876422791106e-01
2.785000000000e+02 1.328699393709e-01
2.790000000000e+02 8.632263993154e-02
2.795000000000e+02 4.904391287394e-02
2.800000000000e+02 2.186803261125e-02
2.805000000000e+02 5.401614301106e-03
2.810000000000e+02 1.027224890635e-05
2.815000000000e+02 5.810621153089e-03
2.820000000000e+02 2.266778940316e-02
2.825000000000e+02 5.019849663283e-02
2.830000000000e+02 8.777962955086e-02
2.835000000000e+02 1.345621329509e-01
2.840000000000e+02 1.894899189833e-01
2.845000000000e+02 2.513233894825e-01
2.850000000000e+02 3.186670655542e-01
2.855000000000e+02 3.900007278397e-01
2.860000000000e+02 4.637133918415e-01
2.865000000000e+02 5.381393772381e-01
2.870000000000e+02 6.115956798120e-01
2.875000000000e+02 6.824198208129e-01
2.880000000000e+02 7.490073323253e-01
2.885000000000e+02 8.098480392002e-01
2.890000000000e+02 8.635603186826e-01
2.895000000000e+02 9.089225579479e-01
2.900000000000e+02 9.449010868434e-01
2.905000000000e+02 9.706739372919e-01
2.910000000000e+02 9.856498706718e-01
2.915000000000e+02 9.894822182669e-01
2.920000000000e+02 9.820771953771e-01
2.925000000000e+02 9.635964743901e-01
2.930000000000e+02 9.344539331801e-01
2.935000000000e+02 8.953066295813e-01
2.940000000000e+02 8.470401871579e-01
2.945000000000e+02 7.907489087767e-01
2.950000000000e+02 7.277110593285e-01
2.955000000000e+02 6.593598741720e-01
2.960000000000e+02 5.872509525627e-01
2.965000000000e+02 5.130267827971e-01
2.970000000000e+02 4.383792157764e-01
2.975000000000e+02 3.650107543125e-01
2.980000000000e+02 2.945955554026e-01
2.985000000000e+02 2.287410510751e-01
2.990000000000e+02 1.689510799845e-01
2.995000000000e+02 1.165913870275e-01
3.000000000000e+02 7.285829273449e-02
3.005000000000e+02 3.875125945356e-02
3.010000000000e+02 1.504998930877e-02
3.015000000000e+02 2.296581881309e-03
3.020000000000e+02 7.831602608913e-04
3.025000000000e+02 1.054524551128e-02
3.030000000000e+02 3.136102489106e-02
3.035000000000e+02 6.275652167037e-02
3.040000000000e+02 1.040165374179e-01
3.045000000000e+02 1.542011044691e-01
3.050000000000e+02 2.121670600471e-01
3.055000000000e+02 2.765942370951e-01
3.060000000000e+02 3.460156629077e-01
3.065000000000e+02 4.188510673834e-01
3.070000000000e+02 4.934429300510e-01
3.075000000000e+02 5.680942403968e-01
3.080000000000e+02 6.411071104742e-01
3.085000000000e+02 7.108213628627e-01
3.090000000000e+02 7.756522208994e-01
3.095000000000e+02 8.341262514152e-01
3.100000000000e+02 8.849147522444e-01
3.105000000000e+02 9.268638364407e-01
3.110000000000e+02 9.590205409619e-01
3.115000000000e+02 9.806543778180e-01
3.120000000000e+02 9.912738482742e-01
3.125000000000e+02 9.906375534160e-01
3.130000000000e+02 9.787596547704e-01
3.135000000000e+02 9.559095641874e-01
3.140000000000e+02 9.226058701667e-01
3.145000000000e+02 8.796046355818e-01
3.150000000000e+02 8.278823266427e-01
3.155000000000e+02 7.686137523222e-01
3.160000000000e+02 7.031455048383e-01
3.165000000000e+02 6.329654927540e-01
3.170000000000e+02 5.596692466471e-01
3.175000000000e+02 4.849237511505e-01
3.180000000000e+02 4.104296147766e-01
3.185000000000e+02 3.378824289487e-01
3.190000000000e+02 2.689341890100e-01
3.195000000000e+02 2.051556520220e-01
3.200000000000e+02 1.480004886168e-01
3.205000000000e+02 9.877204919672e-02
3.210000000000e+02 5.859350896539e-02
3.215000000000e+02 2.838208264118e-02
3.220000000000e+02 8.827909697591e-03
3.225000000000e+02 3.781064544386e-04
3.230000000000e+02 3.226364538365e-03
3.235000000000e+02 1.730834872356e-02
3.240000000000e+02 4.230301381139e-02
3.245000000000e+02 7.763982310218e-02
3.250000000000e+02 1.225117133890e-01
3.255000000000e+02 1.758935165830e-01
3.260000000000e+02 2.365654193528e-01
3.265000000000e+02 3.031409227371e-01
3.270000000000e+02 3.740986565765e-01
3.275000000000e+02 4.478173115433e-01
3.280000000000e+02 5.226128769045e-01
3.285000000000e+02 5.967773168982e-01
3.290000000000e+02 6.686177841759e-01
3.295000000000e+02 7.364954561181e-01
3.300000000000e+02 7.988630893051e-01
3.305000000000e+02 8.543004188128e-01
3.310000000000e+02 9.015465814898e-01
3.315000000000e+02 9.395288146172e-01
3.320000000000e+02 9.673867714517e-01
3.325000000000e+02 9.844919008009e-01
3.330000000000e+02 9.904614562001e-01
3.335000000000e+02 9.851668284397e-01
3.340000000000e+02 9.687360298291e-01
3.345000000000e+02 9.415502962861e-01
3.350000000000e+02 9.042349106780e-01
3.355000000000e+02 8.576444844342e-01
3.360000000000e+02 8.028430610990e-01
3.365000000000e+02 7.410795222303e-01
3.370000000000e+02 6.737588802221e-01
3.375000000000e+02 6.024101319792e-01
3.380000000000e+02 5.286514200465e-01
3.385000000000e+02 4.541533024370e-01
3.390000000000e+02 3.806009680910e-01
3.395000000000e+02 3.096562512335e-01
3.400000000000e+02 2.429202949250e-01
3.405000000000e+02 1.818976923172e-01
3.410000000000e+02 1.279628944389e-01
3.415000000000e+02 8.232961702330e-02
3.420000000000e+02 4.602390751949e-02
3.425000000000e+02 1.986144886888e-02
3.430000000000e+02 4.429580899992e-03
3.435000000000e+02 7.441550770024e-05
3.440000000000e+02 6.893310419770e-03
3.445000000000e+02 2.473285064039e-02
3.450000000000e+02 5.319236893519e-02
3.455000000000e+02 9.163291927392e-02
3.460000000000e+02 1.391915022001e-01
3.465000000000e+02 1.948002307766e-01
3.470000000000e+02 2.572100220695e-01
3.475000000000e+02 3.250183039461e-01
3.480000000000e+02 3.967001419981e-01
3.485000000000e+02 4.706421182074e-01
3.490000000000e+02 5.451782329217e-01
3.495000000000e+02 6.186270559856e-01
3.500000000000e+02 6.893293224590e-01
3.505000000000e+02 7.556851539904e-01
3.510000000000e+02 8.161900891289e-01
3.515000000000e+02 8.694691248970e-01
3.520000000000e+02 9.143080077768e-01
3.525000000000e+02 9.496810645708e-01
3.530000000000e+02 9.747749317257e-01
3.535000000000e+02 9.890076246801e-01
3.540000000000e+02 9.920424852950e-01
3.545000000000e+02 9.837966537883e-01
3.550000000000e+02 9.644438298195e-01
3.555000000000e+02 9.344112131489e-01
3.560000000000e+02 8.943706450338e-01
3.565000000000e+02 8.452241043667e-01
3.570000000000e+02 7.880838444987e-01
3.575000000000e+02 7.242475845593e-01
3.580000000000e+02 6.551692897036e-01
3.585000000000e+02 5.824261849259e-01
3.590000000000e+02 5.076827438821e-01
3.595000000000e+02 4.326524747526e-01
3.600000000000e+02 3.590583871141e-01
3.605000000000e+02 2.885930650073e-01
3.610000000000e+02 2.228792903489e-01
3.615000000000e+02 1.634321565326e-01
3.620000000000e+02 1.116235841420e-01
3.625000000000e+02 6.865009941966e-02
3.630000000000e+02 3.550466245314e-02
3.635000000000e+02 1.295323756565e-02
3.640000000000e+02 1.516685353074e-03
3.645000000000e+02 1.458427017308e-03
3.650000000000e+02 1.277819040701e-02
3.655000000000e+02 3.521199721691e-02
3.660000000000e+02 6.823839612293e-02
3.665000000000e+02 1.110907914353e-01
3.670000000000e+02 1.627755653627e-01
3.675000000000e+02 2.220955483370e-01
3.680000000000e+02 2.876782599726e-01
3.685000000000e+02 3.580082266900e-01
3.690000000000e+02 4.314625839334e-01
3.695000000000e+02 5.063490938132e-01
3.700000000000e+02 5.809456548168e-01
3.705000000000e+02 6.535403501948e-01
3.710000000000e+02 7.224710762469e-01
3.715000000000e+02 7.861638108018e-01
3.720000000000e+02 8.431686247852e-01
3.725000000000e+02 8.921926043417e-01
3.730000000000e+02 9.321289353478e-01
3.735000000000e+02 9.620815036729e-01
3.740000000000e+02 9.813844801323e-01
3.745000000000e+02 9.896164853781e-01
3.750000000000e+02 9.866090634376e-01
3.755000000000e+02 9.724493296469e-01
3.760000000000e+02 9.474767957722e-01
3.765000000000e+02 9.122745087876e-01
3.770000000000e+02 8.676547669351e-01
3.775000000000e+02 8.146397945212e-01
3.780000000000e+02 7.544378629899e-01
3.785000000000e+02 6.884154381576e-01
3.790000000000e+02 6.180660105901e-01
3.795000000000e+02 5.449763268565e-01
3.800000000000e+02 4.707907832241e-01
3.805000000000e+02 3.971747700477e-01
3.810000000000e+02 3.257777648717e-01
3.815000000000e+02 2.581969656350e-01
3.820000000000e+02 1.959422331651e-01
3.825000000000e+02 1.404030754322e-01
3.830000000000e+02 9.281835602528e-02
3.835000000000e+02 5.424934737517e-02
3.840000000000e+02 2.555667680718e-02
3.845000000000e+02 7.381632061949e-03
3.850000000000e+02 1.322039616523e-04
3.855000000000e+02 3.974148937117e-03
3.860000000000e+02 1.882725467035e-02
3.865000000000e+02 4.436688963926e-02
3.870000000000e+02 8.003081337946e-02
3.875000000000e+02 1.250311203064e-01
3.880000000000e+02 1.783710875063e-01
3.885000000000e+02 2.388665975603e-01
3.890000000000e+02 3.051717128253e-01
3.895000000000e+02 3.758078892823e-01
3.900000000000e+02 4.491962377500e-01
3.905000000000e+02 5.236921696281e-01
3.910000000000e+02 5.976217050218e-01
3.915000000000e+02 6.693186747186e-01
3.920000000000e+02 7.371620155236e-01
3.925000000000e+02 7.996123422346e-01
3.930000000000e+02 8.552469801636e-01
3.935000000000e+02 9.027926603928e-01
3.940000000000e+02 9.411551163715e-01
3.945000000000e+02 9.694448750464e-01
3.950000000000e+02 9.869986081147e-01
3.955000000000e+02 9.933954982647e-01
3.960000000000e+02 9.884681800590e-01
3.965000000000e+02 9.723079334816e-01
3.970000000000e+02 9.452639377118e-01
3.975000000000e+02 9.079365305377e-01
3.980000000000e+02 8.611645617055e-01
3.985000000000e+02 8.060070728503e-01
3.990000000000e+02 7.437196786514e-01
3.995000000000e+02 6.757261596176e-01
4.000000000000e+02 6.035859025214e-01
4.005000000000e+02 5.289579362599e-01
4.010000000000e+02 4.535624053389e-01
4.015000000000e+02 3.791403972311e-01
4.020000000000e+02 3.074130910080e-01
4.025000000000e+02 2.400412210083e-01
4.030000000000e+02 1.785858496826e-01
4.035000000000e+02 1.244714177370e-01
4.040000000000e+02 7.895198766611e-02
4.045000000000e+02 4.308151990159e-02
4.050000000000e+02 1.768892106442e-02
4.055000000000e+02 3.358483893649e-03
4.060000000000e+02 4.162016291659e-04
4.065000000000e+02 8.922289827229e-03
4.070000000000e+02 2.867009002727e-02
4.075000000000e+02 5.919136689574e-02
4.080000000000e+02 9.976784808047e-02
4.085000000000e+02 1.494486986081e-01
4.090000000000e+02 2.070734736440e-01
4.095000000000e+02 2.712999588709e-01
4.100000000000e+02 3.406361902166e-01
4.105000000000e+02 4.134758471892e-01
4.110000000000e+02 4.881361390109e-01
4.115000000000e+02 5.628972517014e-01
4.120000000000e+02 6.360423981159e-01
4.125000000000e+02 7.058975117979e-01
4.130000000000e+02 7.708696487259e-01
4.135000000000e+02 8.294832072934e-01
4.140000000000e+02 8.804131442190e-01
4.145000000000e+02 9.225144500767e-01
4.150000000000e+02 9.548472498672e-01
4.155000000000e+02 9.766970083355e-01
4.160000000000e+02 9.875894431893e-01
4.165000000000e+02 9.872998785512e-01
4.170000000000e+02 9.758569024591e-01
4.175000000000e+02 9.535403227930e-01
4.180000000000e+02 9.208735425844e-01
4.185000000000e+02 8.786105955872e-01
4.190000000000e+02 8.277181938626e-01
4.195000000000e+02 7.693532390119e-01
4.200000000000e+02 7.048363360231e-01
4.205000000000e+02 6.356219223183e-01
4.210000000000e+02 5.632656837547e-01
4.215000000000e+02 4.893899736189e-01
4.220000000000e+02 4.156479799897e-01
4.225000000000e+02 3.436874013869e-01
4.230000000000e+02 2.751143907998e-01
4.235000000000e+02 2.114585145435e-01
4.240000000000e+02 1.541394456503e-01
4.245000000000e+02 1.044360724457e-01
4.250000000000e+02 6.345865246033e-02
4.255000000000e+02 3.212458078195e-02
4.260000000000e+02 1.113827132348e-02
4.265000000000e+02 9.755702486427e-04
4.270000000000e+02 1.873034010139e-03
4.275000000000e+02 1.382231122264e-02
4.280000000000e+02 3.656976912164e-02
4.285000000000e+02 6.962140295773e-02
4.290000000000e+02 1.122529617912e-01
4.295000000000e+02 1.635251183680e-01
4.300000000000e+02 2.223034058173e-01
4.305000000000e+02 2.872825416872e-01
4.310000000000e+02 3.570146623532e-01
4.315000000000e+02 4.299409001829e-01
4.320000000000e+02 5.044256542176e-01
4.325000000000e+02 5.787928346675e-01
4.330000000000e+02 6.513633043402e-01
4.335000000000e+02 7.204926981835e-01
4.340000000000e+02 7.846087771556e-01
4.345000000000e+02 8.422474660823e-01
4.350000000000e+02 8.920867380834e-01
4.355000000000e+02 9.329775411287e-01
4.360000000000e+02 9.639710154364e-01
4.365000000000e+02 9.843413232470e-01
4.370000000000e+02 9.936035039650e-01
4.375000000000e+02 9.915258760724e-01
4.380000000000e+02 9.781366303681e-01
4.385000000000e+02 9.537243941944e-01
4.390000000000e+02 9.188326901155e-01
4.395000000000e+02 8.742483613896e-01
4.400000000000e+02 8.209841865706e-01
4.405000000000e+02 7.602560526040e-01
4.410000000000e+02 6.934551956957e-01
4.415000000000e+02 6.221161479902e-01
4.420000000000e+02 5.478811418912e-01
4.425000000000e+02 4.724618192609e-01
4.430000000000e+02 3.975991667846e-01
4.435000000000e+02 3.250226491614e-01
4.440000000000e+02 2.564095368005e-01
4.445000000000e+02 1.933454234747e-01
4.450000000000e+02 1.372869017832e-01
4.455000000000e+02 8.952731098653e-02
4.460000000000e+02 5.116639425899e-02
4.465000000000e+02 2.308460283986e-02
4.470000000000e+02 5.922665813718e-03
4.475000000000e+02 6.690970635486e-05
4.480000000000e+02 5.640665606411e-03
4.485000000000e+02 2.250194727951e-02
4.490000000000e+02 5.024742607090e-02
4.495000000000e+02 8.822257167045e-02
4.500000000000e+02 1.355376763067e-01
4.505000000000e+02 1.910893376642e-01
4.510000000000e+02 2.535868464448e-01
4.515000000000e+02 3.215828112080e-01
4.520000000000e+02 3.935072585652e-01
4.525000000000e+02 4.677043730009e-01
4.530000000000e+02 5.424709889124e-01
4.535000000000e+02 6.160959186116e-01
4.540000000000e+02 6.868991940761e-01
4.545000000000e+02 7.532703165795e-01
4.550000000000e+02 8.137046458589e-01
4.555000000000e+02 8.668371175089e-01
4.560000000000e+02 9.114725517873e-01
4.565000000000e+02 9.466119065362e-01
4.570000000000e+02 9.714739288347e-01
4.575000000000e+02 9.855117714918e-01
4.580000000000e+02 9.884242586826e-01
4.585000000000e+02 9.801616070950e-01
4.590000000000e+02 9.609255321085e-01
4.595000000000e+02 9.311637901749e-01
4.600000000000e+02 8.915593262888e-01
4.605000000000e+02 8.430143070488e-01
4.610000000000e+02 7.866294233882e-01
4.615000000000e+02 7.236789409323e-01
4.620000000000e+02 6.555820587220e-01
4.625000000000e+02 5.838712075807e-01
4.630000000000e+02 5.101579768015e-01
4.635000000000e+02 4.360974014113e-01
4.640000000000e+02 3.633513715709e-01
4.645000000000e+02 2.935519404121e-01
4.650000000000e+02 2.282653067202e-01
4.655000000000e+02 1.689572343903e-01
4.660000000000e+02 1.169606417960e-01
4.665000000000e+02 7.344605149492e-02
4.670000000000e+02 3.939553465071e-02
4.675000000000e+02 1.558071594516e-02
4.680000000000e+02 2.545324540171e-03
4.685000000000e+02 5.926859937733e-04
4.690000000000e+02 9.778450320175e-03
4.695000000000e+02 2.990874420359e-02
4.700000000000e+02 6.054382255113e-02
4.705000000000e+02 1.010071781282e-01
4.710000000000e+02 1.503999501798e-01
4.715000000000e+02 2.076203560827e-01
4.720000000000e+02 2.713877567087e-01
4.725000000000e+02 3.402708588732e-01
4.730000000000e+02 4.127194595897e-01
4.735000000000e+02 4.870990493856e-01
4.740000000000e+02 5.617275180331e-01
4.745000000000e+02 6.349131479202e-01
4.750000000000e+02 7.049930398152e-01
4.755000000000e+02 7.703710944890e-01
4.760000000000e+02 8.295546726651e-01
4.765000000000e+02 8.811890756721e-01
4.770000000000e+02 9.240890300374e-01
4.775000000000e+02 9.572664206133e-01
4.780000000000e+02 9.799535975825e-01
4.785000000000e+02 9.916216812250e-01
4.790000000000e+02 9.919934024617e-01
4.795000000000e+02 9.810501442678e-01
4.800000000000e+02 9.590329859737e-01
4.805000000000e+02 9.264376958219e-01
4.810000000000e+02 8.840037632463e-01
4.815000000000e+02 8.326977073864e-01
4.820000000000e+02 7.736910385021e-01
4.825000000000e+02 7.083333804902e-01
4.830000000000e+02 6.381213820892e-01
4.835000000000e+02 5.646641483878e-01
4.840000000000e+02 4.896460101485e-01
4.845000000000e+02 4.147875139093e-01
4.850000000000e+02 3.418055591500e-01
4.855000000000e+02 2.723736288864e-01
4.860000000000e+02 2.080830564507e-01
4.865000000000e+02 1.504062441386e-01
4.870000000000e+02 1.006626997107e-01
4.875000000000e+02 5.998868586997e-02
4.880000000000e+02 2.931118783872e-02
4.885000000000e+02 9.326797501004e-03
4.890000000000e+02 4.859921749774e-04
4.895000000000e+02 2.983155138837e-03
4.900000000000e+02 1.675254697651e-02
4.905000000000e+02 4.147029515958e-02
4.910000000000e+02 7.656232758393e-02
4.915000000000e+02 1.212180374774e-01
4.920000000000e+02 1.744093354631e-01
4.925000000000e+02 2.349146226199e-01
4.930000000000e+02 3.013471088152e-01
4.935000000000e+02 3.721868057123e-01
4.940000000000e+02 4.458154455743e-01
4.945000000000e+02 5.205535167436e-01
4.950000000000e+02 5.946985654681e-01
4.955000000000e+02 6.665638921047e-01
4.960000000000e+02 7.345167677495e-01
4.965000000000e+02 7.970153146697e-01
4.970000000000e+02 8.526432298352e-01
4.975000000000e+02 9.001415842328e-01
4.980000000000e+02 9.384370001066e-01
4.985000000000e+02 9.666655920762e-01
4.990000000000e+02 9.841921543133e-01
4.995000000000e+02 9.906241824716e-01
5.000000000000e+02 9.858204335712e-01
5.005000000000e+02 9.698938471682e-01
5.010000000000e+02 9.432087743979e-01
5.015000000000e+02 9.063725854127e-01
5.020000000000e+02 8.602218478309e-01
5.025000000000e+02 8.058033866529e-01
5.030000000000e+02 7.443506473156e-01
5.035000000000e+02 6.772558859111e-01
5.040000000000e+02 6.060388019898e-01
5.045000000000e+02 5.323123079025e-01
5.050000000000e+02 4.577461926221e-01
5.055000000000e+02 3.840294859817e-01
5.060000000000e+02 3.128323601509e-01
5.065000000000e+02 2.457684180920e-01
5.070000000000e+02 1.843582132424e-01
5.075000000000e+02 1.299948206325e-01
5.080000000000e+02 8.391223736688e-02
5.085000000000e+02 4.715733052950e-02
5.090000000000e+02 2.056597423078e-02
5.095000000000e+02 4.743926142164e-03
5.100000000000e+02 5.288932990796e-05
5.105000000000e+02 6.602089695341e-03
5.110000000000e+02 2.424557535486e-02
5.115000000000e+02 5.258531461226e-02
5.120000000000e+02 9.098003674273e-02
5.125000000000e+02 1.385596277036e-01
5.130000000000e+02 1.942447642429e-01
5.135000000000e+02 2.567713478029e-01
5.140000000000e+02 3.247191870898e-01
5.145000000000e+02 3.965442780130e-01
5.150000000000e+02 4.706139444020e-01
5.155000000000e+02 5.452440346538e-01
5.160000000000e+02 6.187373200316e-01
5.165000000000e+02 6.894222109992e-01
5.170000000000e+02 7.556908995526e-01
5.175000000000e+02 8.160360482337e-01
5.180000000000e+02 8.690851801376e-01
5.185000000000e+02 9.136319778968e-01
5.190000000000e+02 9.486637720568e-01
5.195000000000e+02 9.733845886151e-01
5.200000000000e+02 9.872332295693e-01
5.205000000000e+02 9.898959765171e-01
5.210000000000e+02 9.813136328044e-01
5.215000000000e+02 9.616827513337e-01
5.220000000000e+02 9.314510297446e-01
5.225000000000e+02 8.913069890012e-01
5.230000000000e+02 8.421641823067e-01
5.235000000000e+02 7.851403056392e-01
5.240000000000e+02 7.215316962400e-01
5.245000000000e+02 6.527838084947e-01
5.250000000000e+02 5.804583456026e-01
5.255000000000e+02 5.061977983560e-01
5.260000000000e+02 4.316881977891e-01
5.265000000000e+02 3.586209253762e-01
5.270000000000e+02 2.886544422755e-01
5.275000000000e+02 2.233767976569e-01
5.280000000000e+02 1.642697556984e-01
5.285000000000e+02 1.126753420462e-01
5.290000000000e+02 6.976555445505e-02
5.295000000000e+02 3.651591032159e-02
5.300000000000e+02 1.368341759496e-02
5.305000000000e+02 1.789457004084e-03
5.310000000000e+02 1.107954844285e-03
5.315000000000e+02 1.165910902323e-02
5.320000000000e+02 3.320880911924e-02
5.325000000000e+02 6.527376637245e-02
5.330000000000e+02 1.071322443686e-01
5.335000000000e+02 1.578401582383e-01
5.340000000000e+02 2.162521919971e-01
5.345000000000e+02 2.810474726096e-01
5.350000000000e+02 3.507592377951e-01
5.355000000000e+02 4.238078446360e-01
5.360000000000e+02 4.985363896590e-01
5.365000000000e+02 5.732481499523e-01
5.370000000000e+02 6.462450104978e-01
5.375000000000e+02 7.158660163960e-01
5.380000000000e+02 7.805251808314e-01
5.385000000000e+02 8.387476909297e-01
5.390000000000e+02 8.892036841431e-01
5.395000000000e+02 9.307388171184e-01
5.400000000000e+02 9.624009163761e-01
5.405000000000e+02 9.834620843823e-01
5.410000000000e+02 9.934357341030e-01
5.415000000000e+02 9.920881378955e-01
5.420000000000e+02 9.794442002483e-01
5.425000000000e+02 9.557872957071e-01
5.430000000000e+02 9.216531503668e-01
5.435000000000e+02 8.778178843661e-01
5.440000000000e+02 8.252804705708e-01
5.445000000000e+02 7.652399977073e-01
5.450000000000e+02 6.990682512492e-01
5.455000000000e+02 6.282782391726e-01
5.460000000000e+02 5.544893892633e-01
5.465000000000e+02 4.793902273281e-01
5.470000000000e+02 4.046994091020e-01
5.475000000000e+02 3.321260210930e-01
5.480000000000e+02 2.633300857324e-01
5.485000000000e+02 1.998842033366e-01
5.490000000000e+02 1.432372374528e-01
5.495000000000e+02 9.468090166987e-02
5.500000000000e+02 5.532003614205e-02
5.505000000000e+02 2.604727259850e-02
5.510000000000e+02 7.522679847985e-03
5.515000000000e+02 1.588604723742e-04
5.520000000000e+02 4.111836756472e-03
5.525000000000e+02 1.927792337515e-02
5.530000000000e+02 4.529663966030e-02
5.535000000000e+02 8.155956916103e-02
5.540000000000e+02 1.272249324416e-01
5.545000000000e+02 1.812375042522e-01
5.550000000000e+02 2.423533817218e-01
5.555000000000e+02 3.091689991116e-01
5.560000000000e+02 3.801536895281e-01
5.565000000000e+02 4.536850169977e-01
5.570000000000e+02 5.280860449964e-01
5.575000000000e+02 6.016636709977e-01
5.580000000000e+02 6.727471412580e-01
5.585000000000e+02 7.397258658315e-01
5.590000000000e+02 8.010856800048e-01
5.595000000000e+02 8.554427438511e-01
5.600000000000e+02 9.015743348087e-01
5.605000000000e+02 9.384458671164e-01
5.610000000000e+02 9.652335643426e-01
5.615000000000e+02 9.813423145994e-01
5.620000000000e+02 9.864183497314e-01
5.625000000000e+02 9.803565070899e-01
5.630000000000e+02 9.633019527620e-01
5.635000000000e+02 9.356463656992e-01
5.640000000000e+02 8.980187005827e-01
5.645000000000e+02 8.512707611595e-01
5.650000000000e+02 7.964579230609e-01
5.655000000000e+02 7.348154439133e-01
5.660000000000e+02 6.677308871977e-01
5.665000000000e+02 5.967132634732e-01
5.670000000000e+02 5.233595570560e-01
5.675000000000e+02 4.493193571907e-01
5.680000000000e+02 3.762583494500e-01
5.685000000000e+02 3.058214451379e-01
5.690000000000e+02 2.395963335519e-01
5.695000000000e+02 1.790782340782e-01
5.700000000000e+02 1.256366023241e-01
5.705000000000e+02 8.048450720242e-02
5.710000000000e+02 4.465134453383e-02
5.715000000000e+02 1.895948804805e-02
5.720000000000e+02 4.005401526844e-03
5.725000000000e+02 1.456473443058e-04
5.730000000000e+02 7.488128158333e-03
5.735000000000e+02 2.588879152530e-02
5.740000000000e+02 5.495391353831e-02
5.745000000000e+02 9.404795922068e-02
5.750000000000e+02 1.423068965477e-01
5.755000000000e+02 1.986567200308e-01
5.760000000000e+02 2.618368213057e-01
5.765000000000e+02 3.304277308091e-01
5.770000000000e+02 4.028826490782e-01
5.775000000000e+02 4.775620911946e-01
5.780000000000e+02 5.527708859908e-01
5.785000000000e+02 6.267967052934e-01
5.790000000000e+02 6.979492498543e-01
5.795000000000e+02 7.645991895709e-01
5.800000000000e+02 8.252159474945e-01
5.805000000000e+02 8.784034309535e-01
5.810000000000e+02 9.229328491662e-01
5.815000000000e+02 9.577718148204e-01
5.820000000000e+02 9.821090063547e-01
5.825000000000e+02 9.953737666059e-01
5.830000000000e+02 9.972501299879e-01
5.835000000000e+02 9.876849017434e-01
5.840000000000e+02 9.668895558538e-01
5.845000000000e+02 9.353358692798e-01
5.850000000000e+02 8.937453653429e-01
5.855000000000e+02 8.430727940899e-01
5.860000000000e+02 7.844840281011e-01
5.865000000000e+02 7.193288942311e-01
5.870000000000e+02 6.491095911324e-01
5.875000000000e+02 5.754454554456e-01
5.880000000000e+02 5.000349329463e-01
5.885000000000e+02 4.246156820503e-01
5.890000000000e+02 3.509237838335e-01
5.895000000000e+02 2.806530538202e-01
5.900000000000e+02 2.154154456491e-01
5.905000000000e+02 1.567035056289e-01
5.910000000000e+02 1.058557810993e-01
5.915000000000e+02 6.402600622412e-02
5.920000000000e+02 3.215678874139e-02
5.925000000000e+02 1.095840334112e-02
5.930000000000e+02 8.931651816085e-04
5.935000000000e+02 2.165714482717e-03
5.940000000000e+02 1.471939420159e-02
5.945000000000e+02 3.823875167716e-02
5.950000000000e+02 7.215804594155e-02
5.955000000000e+02 1.156754990746e-01
5.960000000000e+02 1.677728961580e-01
5.965000000000e+02 2.272400173145e-01
5.970000000000e+02 2.927032797219e-01
5.975000000000e+02 3.626578796006e-01
5.980000000000e+02 4.355026555512e-01
5.985000000000e+02 5.095768463078e-01
5.990000000000e+02 5.831978883196e-01
5.995000000000e+02 6.546993914554e-01
6.000000000000e+02 7.224684437713e-01
6.005000000000e+02 7.849814275845e-01
6.010000000000e+02 8.408375774395e-01
6.015000000000e+02 8.887895740943e-01
6.020000000000e+02 9.277705452709e-01
6.025000000000e+02 9.569169313814e-01
6.030000000000e+02 9.755867704255e-01
6.035000000000e+02 9.833730584753e-01
6.040000000000e+02 9.801119483601e-01
6.045000000000e+02 9.658856572294e-01
6.050000000000e+02 9.410200616086e-01
6.055000000000e+02 9.060770645794e-01
6.060000000000e+02 8.618419221453e-01
6.065000000000e+02 8.093058132586e-01
6.070000000000e+02 7.496440290360e-01
6.075000000000e+02 6.841902402502e-01
6.080000000000e+02 6.144073771745e-01
6.085000000000e+02 5.418557213627e-01
6.090000000000e+02 4.681588640541e-01
6.095000000000e+02 3.949682298489e-01
6.100000000000e+02 3.239268963098e-01
6.105000000000e+02 2.566334595668e-01
6.110000000000e+02 1.946067021916e-01
6.115000000000e+02 1.392518120886e-01
6.120000000000e+02 9.182887949707e-02
6.125000000000e+02 5.342436323688e-02
6.130000000000e+02 2.492616700201e-02
6.135000000000e+02 7.002902098303e-03
6.140000000000e+02 8.783501938924e-05
6.145000000000e+02 4.367927568023e-03
6.150000000000e+02 1.977827504682e-02
6.155000000000e+02 4.600213598721e-02
6.160000000000e+02 8.247662692431e-02
6.165000000000e+02 1.284040302086e-01
6.170000000000e+02 1.827685344405e-01
6.175000000000e+02 2.443580987877e-01
6.180000000000e+02 3.117910073408e-01
6.185000000000e+02 3.835465611113e-01
6.190000000000e+02 4.579992465498e-01
6.195000000000e+02 5.334556238528e-01
6.200000000000e+02 6.081930988337e-01
6.205000000000e+02 6.804996815460e-01
6.210000000000e+02 7.487137954129e-01
6.215000000000e+02 8.112631842083e-01
6.220000000000e+02 8.667019719535e-01
6.225000000000e+02 9.137449632052e-01
6.230000000000e+02 9.512983280267e-01
6.235000000000e+02 9.784858962292e-01
6.240000000000e+02 9.946703874726e-01
6.245000000000e+02 9.994690251218e-01
6.250000000000e+02 9.927631192661e-01
6.255000000000e+02 9.747013543838e-01
6.260000000000e+02 9.456966756742e-01
6.265000000000e+02 9.064168306665e-01
6.270000000000e+02 8.577687847520e-01
6.275000000000e+02 8.008773861524e-01
6.280000000000e+02 7.370588030313e-01
6.285000000000e+02 6.677893887785e-01
6.290000000000e+02 5.946707471403e-01
6.295000000000e+02 5.193918636019e-01
6.300000000000e+02 4.436892406544e-01
6.305000000000e+02 3.693060204502e-01
6.310000000000e+02 2.979510977954e-01
6.315000000000e+02 2.312592192157e-01
6.320000000000e+02 1.707530304958e-01
6.325000000000e+02 1.178079770118e-01
6.330000000000e+02 7.362088035241e-02
6.335000000000e+02 3.918291389436e-02
6.340000000000e+02 1.525758231667e-02
6.345000000000e+02 2.364179146692e-03
6.350000000000e+02 7.670561871236e-04
6.355000000000e+02 1.047089309676e-02
6.360000000000e+02 3.122200849565e-02
6.365000000000e+02 6.251560962414e-02
6.370000000000e+02 1.036087394445e-01
6.375000000000e+02 1.535385514200e-01
6.380000000000e+02 2.111454259216e-01
6.385000000000e+02 2.751003406481e-01
6.390000000000e+02 3.439358224731e-01
6.395000000000e+02 4.160797410462e-01
6.400000000000e+02 4.898911560179e-01
6.405000000000e+02 5.636974002137e-01
6.410000000000e+02 6.358315701663e-01
6.415000000000e+02 7.046696025207e-01
6.420000000000e+02 7.686661388785e-01
6.425000000000e+02 8.263884214033e-01
6.430000000000e+02 8.765475153534e-01
6.435000000000e+02 9.180262210294e-01
6.440000000000e+02 9.499031145778e-01
6.445000000000e+02 9.714722429020e-01
6.450000000000e+02 9.822580907498e-01
6.455000000000e+02 9.820255361256e-01
6.460000000000e+02 9.707846117714e-01
6.465000000000e+02 9.487899939570e-01
6.470000000000e+02 9.165352436222e-01
6.475000000000e+02 8.747419275343e-01
6.480000000000e+02 8.243438471033e-01
6.485000000000e+02 7.664666984363e-01
6.490000000000e+02 7.024035777154e-01
6.495000000000e+02 6.335868297107e-01
6.500000000000e+02 5.615568128069e-01
6.505000000000e+02 4.879282200334e-01
6.510000000000e+02 4.143546508713e-01
6.515000000000e+02 3.424921718799e-01
6.520000000000e+02 2.739626341516e-01
6.525000000000e+02 2.103175313045e-01
6.530000000000e+02 1.530031821319e-01
6.535000000000e+02 1.033280065545e-01
6.540000000000e+02 6.243263163827e-02
6.545000000000e+02 3.126351612507e-02
6.550000000000e+02 1.055071734335e-02
6.555000000000e+02 7.903442495881e-04
6.560000000000e+02 2.232145746983e-03
6.565000000000e+02 1.487257588983e-02
6.570000000000e+02 3.845355908641e-02
6.575000000000e+02 7.246705136344e-02
6.580000000000e+02 1.161653609294e-01
6.585000000000e+02 1.685770557826e-01
6.590000000000e+02 2.285281512951e-01
6.595000000000e+02 2.946681400765e-01
6.600000000000e+02 3.655003035250e-01
6.605000000000e+02 4.394156328080e-01
6.610000000000e+02 5.147295898705e-01
6.615000000000e+02 5.897208594869e-01
6.620000000000e+02 6.626711839027e-01
6.625000000000e+02 7.319053344204e-01
6.630000000000e+02 7.958302607816e-01
6.635000000000e+02 8.529724702975e-01
6.640000000000e+02 9.020127244309e-01
6.645000000000e+02 9.418172003975e-01
6.650000000000e+02 9.714643479274e-01
6.655000000000e+02 9.902667746503e-01
6.660000000000e+02 9.977876148957e-01
6.665000000000e+02 9.938509728838e-01
6.670000000000e+02 9.785461785507e-01
6.675000000000e+02 9.522257486452e-01
6.680000000000e+02 9.154971029488e-01
6.685000000000e+02 8.692082412155e-01
6.690000000000e+02 8.144277364232e-01
6.695000000000e+02 7.524195401079e-01
6.700000000000e+02 6.846132221669e-01
6.705000000000e+02 6.125703772658e-01
6.710000000000e+02 5.379480200726e-01
6.715000000000e+02 4.624598598256e-01
6.720000000000e+02 3.878363896902e-01
6.725000000000e+02 3.157847471926e-01
6.730000000000e+02 2.479492985812e-01
6.735000000000e+02 1.858738728873e-01
6.740000000000e+02 1.309665218621e-01
6.745000000000e+02 8.446761172996e-02
6.750000000000e+02 4.742196401958e-02
6.755000000000e+02 2.065565840270e-02
6.760000000000e+02 4.757993409480e-03
6.765000000000e+02 6.897442009042e-05
6.770000000000e+02 6.672565715518e-03
6.775000000000e+02 2.439580800923e-02
6.780000000000e+02 5.281376801704e-02
6.785000000000e+02 9.126015536571e-02
6.790000000000e+02 1.388433173687e-01
6.795000000000e+02 1.944672064697e-01
6.800000000000e+02 2.568568107463e-01
6.805000000000e+02 3.245874466128e-01
6.810000000000e+02 3.961172363303e-01
6.815000000000e+02 4.698220321694e-01
6.820000000000e+02 5.440320049177e-01
6.825000000000e+02 6.170690871875e-01
6.830000000000e+02 6.872844518160e-01
6.835000000000e+02 7.530952122324e-01
6.840000000000e+02 8.130195545693e-01
6.845000000000e+02 8.657095496868e-01
6.850000000000e+02 9.099809462231e-01
6.855000000000e+02 9.448393121231e-01
6.860000000000e+02 9.695019704393e-01
6.865000000000e+02 9.834152641290e-01
6.870000000000e+02 9.862667824026e-01
6.875000000000e+02 9.779922862083e-01
6.880000000000e+02 9.587771807864e-01
6.885000000000e+02 9.290524969627e-01
6.890000000000e+02 8.894854579284e-01
6.895000000000e+02 8.409648225699e-01
6.900000000000e+02 7.845813078433e-01
6.905000000000e+02 7.216034990235e-01
6.910000000000e+02 6.534497557989e-01
6.915000000000e+02 5.816567119464e-01
6.920000000000e+02 5.078450447708e-01
6.925000000000e+02 4.336832556494e-01
6.930000000000e+02 3.608502532929e-01
6.935000000000e+02 2.909975651514e-01
6.940000000000e+02 2.257120187057e-01
6.945000000000e+02 1.664797322600e-01
6.950000000000e+02 1.146522339594e-01
6.955000000000e+02 7.141548798358e-02
6.960000000000e+02 3.776254875106e-02
6.965000000000e+02 1.447048832539e-02
6.970000000000e+02 2.082150487451e-03
6.975000000000e+02 8.931789058324e-04
6.980000000000e+02 1.094464877698e-02
6.985000000000e+02 3.202150383634e-02
6.990000000000e+02 6.365686672019e-02
6.995000000000e+02 1.051421534763e-01
7.000000000000e+02 1.555427859599e-01
7.005000000000e+02 2.137191623189e-01
7.010000000000e+02 2.783524192220e-01
7.015000000000e+02 3.479744031461e-01
7.020000000000e+02 4.210011650450e-01
7.025000000000e+02 4.957692057365e-01
7.030000000000e+02 5.705736308045e-01
7.035000000000e+02 6.437073254865e-01
7.040000000000e+02 7.135002333446e-01
7.045000000000e+02 7.783578181615e-01
7.050000000000e+02 8.367978067123e-01
7.055000000000e+02 8.874843503235e-01
7.060000000000e+02 9.292588044693e-01
7.065000000000e+02 9.611664064328e-01
7.070000000000e+02 9.824782292170e-01
7.075000000000e+02 9.927079028602e-01
7.080000000000e+02 9.916227191975e-01
7.085000000000e+02 9.792488697135e-01
7.090000000000e+02 9.558707050875e-01
7.095000000000e+02 9.220240458601e-01
7.100000000000e+02 8.784837128959e-01
7.105000000000e+02 8.262455806075e-01
7.110000000000e+02 7.665035820617e-01
7.115000000000e+02 7.006222101986e-01
7.120000000000e+02 6.301051608440e-01
7.125000000000e+02 5.565608488119e-01
7.130000000000e+02 4.816655963716e-01
7.135000000000e+02 4.071253423774e-01
7.140000000000e+02 3.346367495890e-01
7.145000000000e+02 2.658485967389e-01
7.150000000000e+02 2.023243308544e-01
7.155000000000e+02 1.455066246986e-01
7.160000000000e+02 9.668473496125e-02
7.165000000000e+02 5.696539025872e-02
7.170000000000e+02 2.724785584312e-02
7.175000000000e+02 8.203726039949e-03
7.180000000000e+02 2.618881157004e-04
7.185000000000e+02 3.598984846741e-03
7.190000000000e+02 1.813558010822e-02
7.195000000000e+02 4.353810492843e-02
7.200000000000e+02 7.922653335524e-02
7.205000000000e+02 1.243876108302e-01
7.210000000000e+02 1.779933351914e-01
7.215000000000e+02 2.388242744799e-01
7.220000000000e+02 3.054971988000e-01
7.225000000000e+02 3.764964078343e-01
7.230000000000e+02 4.502080532460e-01
7.235000000000e+02 5.249566879117e-01
7.240000000000e+02 5.990432231813e-01
7.245000000000e+02 6.707834423687e-01
7.250000000000e+02 7.385462042360e-01
7.255000000000e+02 8.007904748358e-01
7.260000000000e+02 8.561003497754e-01
7.265000000000e+02 9.032172714519e-01
7.270000000000e+02 9.410687063228e-01
7.275000000000e+02 9.687926246945e-01
7.280000000000e+02 9.857572182745e-01
7.285000000000e+02 9.915753969423e-01
7.290000000000e+02 9.861137235585e-01
7.295000000000e+02 9.694955716174e-01
7.300000000000e+02 9.420984223075e-01
7.305000000000e+02 9.045453520793e-01
7.310000000000e+02 8.576908959983e-01
7.315000000000e+02 8.026016027899e-01
7.320000000000e+02 7.405317214251e-01
7.325000000000e+02 6.728945733159e-01
7.330000000000e+02 6.012302658462e-01
7.335000000000e+02 5.271704895167e-01
7.340000000000e+02 4.524012102072e-01
7.345000000000e+02 3.786241181879e-01
7.350000000000e+02 3.075177252193e-01
7.355000000000e+02 2.406990095696e-01
7.360000000000e+02 1.796864957928e-01
7.365000000000e+02 1.258656219428e-01
7.370000000000e+02 8.045719239339e-02
7.375000000000e+02 4.448964096025e-02
7.380000000000e+02 1.877573842428e-02
7.385000000000e+02 3.894273150569e-03
7.390000000000e+02 1.771159187538e-04
7.395000000000e+02 7.701953303757e-03
7.400000000000e+02 2.629084112493e-02
7.405000000000e+02 5.551459390239e-02
7.410000000000e+02 9.470289123780e-02
7.415000000000e+02 1.429598508101e-01
7.420000000000e+02 1.991846933688e-01
7.425000000000e+02 2.620970105543e-01
7.430000000000e+02 3.302660442011e-01
7.435000000000e+02 4.021432981436e-01
7.440000000000e+02 4.760977323229e-01
7.445000000000e+02 5.504527355084e-01
7.450000000000e+02 6.235240381715e-01
7.455000000000e+02 6.936577114126e-01
7.460000000000e+02 7.592674013885e-01
7.465000000000e+02 8.188699709782e-01
7.470000000000e+02 8.711187606546e-01
7.475000000000e+02 9.148337375184e-01
7.480000000000e+02 9.490278736824e-01
7.485000000000e+02 9.729291809052e-01
7.490000000000e+02 9.859979255728e-01
7.495000000000e+02 9.879386546235e-01
7.500000000000e+02 9.787067765409e-01
7.505000000000e+02 9.585095597184e-01
7.510000000000e+02 9.278015309340e-01
7.515000000000e+02 8.872743769746e-01
7.520000000000e+02 8.378415702669e-01
7.525000000000e+02 7.806180524330e-01
7.530000000000e+02 7.168954158313e-01
7.535000000000e+02 6.481131203110e-01
7.540000000000e+02 5.758263687527e-01
7.545000000000e+02 5.016713387253e-01
7.550000000000e+02 4.273285273277e-01
7.555000000000e+02 3.544850106289e-01
7.560000000000e+02 2.847964471288e-01
7.565000000000e+02 2.198496654612e-01
7.570000000000e+02 1.611266697682e-01
7.575000000000e+02 1.099708715253e-01
7.580000000000e+02 6.755631434873e-02
7.585000000000e+02 3.486059888903e-02
7.590000000000e+02 1.264213927542e-02
7.595000000000e+02 1.422291889126e-03
7.600000000000e+02 1.472793178699e-03
7.605000000000e+02 1.280882772394e-02
7.610000000000e+02 3.518792311813e-02
7.615000000000e+02 6.811473707607e-02
7.620000000000e+02 1.108516673460e-01
7.625000000000e+02 1.624350795774e-01
7.630000000000e+02 2.216968154581e-01
7.635000000000e+02 2.872905164611e-01
7.640000000000e+02 3.577221806371e-01
7.645000000000e+02 4.313842641772e-01
7.650000000000e+02 5.065925488682e-01
7.655000000000e+02 5.816249236190e-01
7.660000000000e+02 6.547611752320e-01
7.665000000000e+02 7.243228521799e-01
7.670000000000e+02 7.887122566167e-01
7.675000000000e+02 8.464496346958e-01
7.680000000000e+02 8.962076735798e-01
7.685000000000e+02 9.368424745002e-01
7.690000000000e+02 9.674202536436e-01
7.695000000000e+02 9.872391244678e-01
7.700000000000e+02 9.958454338188e-01
7.705000000000e+02 9.930442568510e-01
7.710000000000e+02 9.789037988126e-01
7.715000000000e+02 9.537536014496e-01
7.720000000000e+02 9.181766041125e-01
7.725000000000e+02 8.729952605451e-01
7.730000000000e+02 8.192520577419e-01
7.735000000000e+02 7.581849193222e-01
7.740000000000e+02 6.911980989600e-01
7.745000000000e+02 6.198292763667e-01
7.750000000000e+02 5.457136564124e-01
7.755000000000e+02 4.705459390583e-01
7.760000000000e+02 3.960410723603e-01
7.765000000000e+02 3.238947220071e-01
7.770000000000e+02 2.557443885468e-01
7.775000000000e+02 1.931320780783e-01
7.780000000000e+02 1.374693848975e-01
7.785000000000e+02 9.000577706655e-02
7.790000000000e+02 5.180079034440e-02
7.795000000000e+02 2.370073498417e-02
7.800000000000e+02 6.320406555921e-03
7.805000000000e+02 3.016931176328e-05
7.810000000000e+02 4.948652022806e-03
7.815000000000e+02 2.094116493582e-02
7.820000000000e+02 4.762381577286e-02
7.825000000000e+02 8.437317556067e-02
7.830000000000e+02 1.303412243259e-01
7.835000000000e+02 1.844751948362e-01
7.840000000000e+02 2.455418317118e-01
7.845000000000e+02 3.121554951847e-01
7.850000000000e+02 3.828094648431e-01
7.855000000000e+02 4.559097399116e-01
7.860000000000e+02 5.298105895081e-01
7.865000000000e+02 6.028510791953e-01
7.870000000000e+02 6.733917888830e-01
7.875000000000e+02 7.398509414326e-01
7.880000000000e+02 8.007391805515e-01
7.885000000000e+02 8.546922699834e-01
7.890000000000e+02 9.005010326552e-01
7.895000000000e+02 9.371379072571e-01
7.900000000000e+02 9.637795695879e-01
7.905000000000e+02 9.798251455925e-01
7.910000000000e+02 9.849096310943e-01
7.915000000000e+02 9.789122283788e-01
7.920000000000e+02 9.619594105717e-01
7.925000000000e+02 9.344226296842e-01
7.930000000000e+02 8.969106916570e-01
7.935000000000e+02 8.502569300681e-01
7.940000000000e+02 7.955014175938e-01
7.945000000000e+02 7.338685590196e-01
7.950000000000e+02 6.667405096079e-01
7.955000000000e+02 5.956269560313e-01
7.960000000000e+02 5.221318817842e-01
7.965000000000e+02 4.479180130777e-01
7.970000000000e+02 3.746697026517e-01
7.975000000000e+02 3.040550559849e-01
7.980000000000e+02 2.376881352732e-01
7.985000000000e+02 1.770920899732e-01
7.990000000000e+02 1.236640574859e-01
7.995000000000e+02 7.864265302666e-02
8.000000000000e+02 4.307882357431e-02
8.005000000000e+02 1.781077726017e-02
8.010000000000e+02 3.443617360336e-03
8.015000000000e+02 3.342105188306e-04
8.020000000000e+02 8.581703776691e-03
8.025000000000e+02 2.802397681063e-02
8.030000000000e+02 5.824017736356e-02
8.035000000000e+02 9.855934248760e-02
8.040000000000e+02 1.480749595696e-01
8.045000000000e+02 2.056651730844e-01
8.050000000000e+02 2.700181996402e-01
8.055000000000e+02 3.396623792126e-01
8.060000000000e+02 4.130001683958e-01
8.065000000000e+02 4.883452757123e-01
8.070000000000e+02 5.639620527615e-01
8.075000000000e+02 6.381061910160e-01
8.080000000000e+02 7.090657345252e-01
8.085000000000e+02 7.752014051024e-01
8.090000000000e+02 8.349852494045e-01
8.095000000000e+02 8.870366565731e-01
8.100000000000e+02 9.301548598172e-01
8.105000000000e+02 9.633471238093e-01
8.110000000000e+02 9.858519295464e-01
8.115000000000e+02 9.971565963345e-01
8.120000000000e+02 9.970089231054e-01
8.125000000000e+02 9.854225843006e-01
8.130000000000e+02 9.626761746707e-01
8.135000000000e+02 9.293059580283e-01
8.140000000000e+02 8.860925327228e-01
8.145000000000e+02 8.340417770314e-01
8.150000000000e+02 7.743605766938e-01
8.155000000000e+02 7.084279608245e-01
8.160000000000e+02 6.377623782935e-01
8.165000000000e+02 5.639859318720e-01
8.170000000000e+02 4.887864501953e-01
8.175000000000e+02 4.138783167712e-01
8.180000000000e+02 3.409629905194e-01
8.185000000000e+02 2.716901439699e-01
8.190000000000e+02 2.076203142779e-01
8.195000000000e+02 1.501899102355e-01
8.200000000000e+02 1.006793475746e-01
8.205000000000e+02 6.018499757430e-02
8.210000000000e+02 2.959553319528e-02
8.215000000000e+02 9.573145634786e-03
8.220000000000e+02 5.399855424475e-04
8.225000000000e+02 2.670060208348e-03
8.230000000000e+02 1.588669391149e-02
8.235000000000e+02 3.986553608896e-02
8.240000000000e+02 7.404298366489e-02
8.245000000000e+02 1.176297720321e-01
8.250000000000e+02 1.696293857696e-01
8.255000000000e+02 2.288608468129e-01
8.260000000000e+02 2.939853557469e-01
8.265000000000e+02 3.635361920937e-01
8.270000000000e+02 4.359512225954e-01
8.275000000000e+02 5.096073228901e-01
8.280000000000e+02 5.828559878523e-01
8.285000000000e+02 6.540593891612e-01
8.290000000000e+02 7.216261352281e-01
8.295000000000e+02 7.840459981680e-01
8.300000000000e+02 8.399228946825e-01
8.305000000000e+02 8.880054420898e-01
8.310000000000e+02 9.272144567973e-01
8.315000000000e+02 9.566668196940e-01
8.320000000000e+02 9.756952005983e-01
8.325000000000e+02 9.838632112692e-01
8.330000000000e+02 9.809756427305e-01
8.335000000000e+02 9.670835367075e-01
8.340000000000e+02 9.424839416579e-01
8.345000000000e+02 9.077143097750e-01
8.350000000000e+02 8.635416008305e-01
8.355000000000e+02 8.109462699811e-01
8.360000000000e+02 7.511014276112e-01
8.365000000000e+02 6.853475677061e-01
8.370000000000e+02 6.151633647209e-01
8.375000000000e+02 5.421331349648e-01
8.380000000000e+02 4.679116445689e-01
8.385000000000e+02 3.941870196985e-01
8.390000000000e+02 3.226425734034e-01
8.395000000000e+02 2.549184052017e-01
8.400000000000e+02 1.925736523526e-01
8.405000000000e+02 1.370502742914e-01
8.410000000000e+02 8.963923294432e-02
8.415000000000e+02 5.144989116358e-02
8.420000000000e+02 2.338338953482e-02
8.425000000000e+02 6.110679117709e-03
8.430000000000e+02 5.578578061289e-05
8.435000000000e+02 5.384762786575e-03
8.440000000000e+02 2.200065491481e-02
8.445000000000e+02 4.954465290024e-02
8.450000000000e+02 8.740346506325e-02
8.455000000000e+02 1.347227777324e-01
8.460000000000e+02 1.904265216974e-01
8.465000000000e+02 2.532415128437e-01
8.470000000000e+02 3.217268955728e-01
8.475000000000e+02 3.943076917360e-01
8.480000000000e+02 4.693116492925e-01
8.485000000000e+02 5.450084970500e-01
8.490000000000e+02 6.196506472830e-01
8.495000000000e+02 6.915143487630e-01
8.500000000000e+02 7.589402799365e-01
8.505000000000e+02 8.203725861302e-01
8.510000000000e+02 8.743954052467e-01
8.515000000000e+02 9.197659923179e-01
8.520000000000e+02 9.554436424338e-01
8.525000000000e+02 9.806137213817e-01
8.530000000000e+02 9.947062404829e-01
8.535000000000e+02 9.974085529148e-01
8.540000000000e+02 9.886718991284e-01
8.545000000000e+02 9.687116845471e-01
8.550000000000e+02 9.380015291801e-01
8.555000000000e+02 8.972612818359e-01
8.560000000000e+02 8.474393371973e-01
8.565000000000e+02 7.896897283969e-01
8.570000000000e+02 7.253445876071e-01
8.575000000000e+02 6.558826697943e-01
8.580000000000e+02 5.828947179792e-01
8.585000000000e+02 5.080465105994e-01
8.590000000000e+02 4.330404719519e-01
8.595000000000e+02 3.595767450000e-01
8.600000000000e+02 2.893146223566e-01
8.605000000000e+02 2.238352069909e-01
8.610000000000e+02 1.646061304689e-01
8.615000000000e+02 1.129490952518e-01
8.620000000000e+02 7.001093077898e-02
8.625000000000e+02 3.673876325996e-02
8.630000000000e+02 1.385979874435e-02
8.635000000000e+02 1.866110818123e-03
8.640000000000e+02 1.004710744916e-03
8.645000000000e+02 1.127306161709e-02
8.650000000000e+02 3.242008147750e-02
8.655000000000e+02 6.395256569093e-02
8.660000000000e+02 1.051468481223e-01
8.665000000000e+02 1.550654157545e-01
8.670000000000e+02 2.125780938846e-01
8.675000000000e+02 2.763873303704e-01
8.680000000000e+02 3.450570287819e-01
8.685000000000e+02 4.170443127719e-01
8.690000000000e+02 4.907335483367e-01
8.695000000000e+02 5.644719076723e-01
8.700000000000e+02 6.366057284960e-01
8.705000000000e+02 7.055169065560e-01
8.710000000000e+02 7.696585567625e-01
8.715000000000e+02 8.275891902319e-01
8.720000000000e+02 8.780046804499e-01
8.725000000000e+02 9.197673316756e-01
8.730000000000e+02 9.519314162162e-01
8.735000000000e+02 9.737646138290e-01
8.740000000000e+02 9.847648654134e-01
8.745000000000e+02 9.846722433623e-01
8.750000000000e+02 9.734755410926e-01
8.755000000000e+02 9.514133928141e-01
8.760000000000e+02 9.189698496297e-01
8.765000000000e+02 8.768644574377e-01
8.770000000000e+02 8.260370034566e-01
8.775000000000e+02 7.676272188901e-01
8.780000000000e+02 7.029498425544e-01
8.785000000000e+02 6.334655613591e-01
8.790000000000e+02 5.607484454951e-01
8.795000000000e+02 4.864505862694e-01
8.800000000000e+02 4.122647200979e-01
8.805000000000e+02 3.398856808555e-01
8.810000000000e+02 2.709715625629e-01
8.815000000000e+02 2.071054936414e-01
8.820000000000e+02 1.497589216111e-01
8.825000000000e+02 1.002572825795e-01
8.830000000000e+02 5.974888323032e-02
8.835000000000e+02 2.917775498826e-02
8.840000000000e+02 9.261151879601e-03
8.845000000000e+02 4.722573073227e-04
8.850000000000e+02 3.028542970357e-03
8.855000000000e+02 1.688608851504e-02
8.860000000000e+02 4.174002661294e-02
8.865000000000e+02 7.703112878040e-02
8.870000000000e+02 1.219583963445e-01
8.875000000000e+02 1.754973725628e-01
8.880000000000e+02 2.364237500499e-01
8.885000000000e+02 3.033417161782e-01
8.890000000000e+02 3.747163615955e-01
8.895000000000e+02 4.489093765998e-01
8.900000000000e+02 5.242171795025e-01
8.905000000000e+02 5.989105624245e-01
8.910000000000e+02 6.712749046616e-01
8.915000000000e+02 7.396499926245e-01
8.920000000000e+02 8.024684985305e-01
8.925000000000e+02 8.582922069190e-01
8.930000000000e+02 9.058451374600e-01
8.935000000000e+02 9.440427926044e-01
8.940000000000e+02 9.720168570370e-01
8.945000000000e+02 9.891347898212e-01
8.950000000000e+02 9.950138764226e-01
8.955000000000e+02 9.895294430462e-01
8.960000000000e+02 9.728170763748e-01
8.965000000000e+02 9.452688342426e-01
8.970000000000e+02 9.075235735004e-01
8.975000000000e+02 8.604516569377e-01
8.980000000000e+02 8.051344284998e-01
8.985000000000e+02 7.428389623215e-01
8.990000000000e+02 6.749886938962e-01
8.995000000000e+02 6.031306288867e-01
9.000000000000e+02 5.288998951611e-01
9.005000000000e+02 4.539824553678e-01
9.010000000000e+02 3.800768301309e-01
9.015000000000e+02 3.088556954677e-01
9.020000000000e+02 2.419282124912e-01
9.025000000000e+02 1.808039234337e-01
9.030000000000e+02 1.268590064387e-01
9.035000000000e+02 8.130562363296e-02
9.040000000000e+02 4.516502425668e-02
9.045000000000e+02 1.924497879782e-02
9.050000000000e+02 4.122023096420e-03
9.055000000000e+02 1.288853251105e-04
9.060000000000e+02 7.347355793430e-03
9.065000000000e+02 2.560674192757e-02
9.070000000000e+02 5.448793084822e-02
9.075000000000e+02 9.333296201676e-02
9.080000000000e+02 1.412598947471e-01
9.085000000000e+02 1.971826422375e-01
9.090000000000e+02 2.598353373517e-01
9.095000000000e+02 3.278006977407e-01
9.100000000000e+02 3.995417710199e-01
9.105000000000e+02 4.734363663616e-01
9.110000000000e+02 5.478134186527e-01
9.115000000000e+02 6.209904866638e-01
9.120000000000e+02 6.913115585691e-01
9.125000000000e+02 7.571843275050e-01
9.130000000000e+02 8.171161071081e-01
9.135000000000e+02 8.697475822919e-01
9.140000000000e+02 9.138836336793e-01
9.145000000000e+02 9.485205344677e-01
9.150000000000e+02 9.728688950581e-01
9.155000000000e+02 9.863718221176e-01
9.160000000000e+02 9.887178630759e-01
9.165000000000e+02 9.798484222337e-01
9.170000000000e+02 9.599594582344e-01
9.175000000000e+02 9.294974018750e-01
9.180000000000e+02 8.891493651842e-01
9.185000000000e+02 8.398278442915e-01
9.190000000000e+02 7.826502466998e-01
9.195000000000e+02 7.189136950537e-01
9.200000000000e+02 6.500656713226e-01
9.205000000000e+02 5.776711646788e-01
9.210000000000e+02 5.033770706841e-01
9.215000000000e+02 4.288746564840e-01
9.220000000000e+02 3.558609547617e-01
9.225000000000e+02 2.859999769054e-01
9.230000000000e+02 2.208846423511e-01
9.235000000000e+02 1.620003061804e-01
9.240000000000e+02 1.106907309781e-01
9.245000000000e+02 6.812729262903e-02
9.250000000000e+02 3.528213442080e-02
9.255000000000e+02 1.290589147516e-02
9.260000000000e+02 1.510500360005e-03
9.265000000000e+02 1.357489477092e-03
9.270000000000e+02 1.245201737999e-02
9.275000000000e+02 3.454279176823e-02
9.280000000000e+02 6.712786480040e-02
9.285000000000e+02 1.094661639154e-01
9.290000000000e+02 1.605944848176e-01
9.295000000000e+02 2.193495478123e-01
9.300000000000e+02 2.843946031842e-01
9.305000000000e+02 3.542499684281e-01
9.310000000000e+02 4.273267921500e-01
9.315000000000e+02 5.019632682471e-01
9.320000000000e+02 5.764624709959e-01
9.325000000000e+02 6.491309479564e-01
9.330000000000e+02 7.183171936452e-01
9.335000000000e+02 7.824491328670e-01
9.340000000000e+02 8.400697680274e-01
9.345000000000e+02 8.898701889141e-01
9.350000000000e+02 9.307192051479e-01
9.355000000000e+02 9.616889392462e-01
9.360000000000e+02 9.820758101524e-01
9.365000000000e+02 9.914164410969e-01
9.370000000000e+02 9.894981394089e-01
9.375000000000e+02 9.763637169551e-01
9.380000000000e+02 9.523105456052e-01
9.385000000000e+02 9.178838698862e-01
9.390000000000e+02 8.738645260873e-01
9.395000000000e+02 8.212513408642e-01
9.400000000000e+02 7.612386003160e-01
9.405000000000e+02 6.951890900530e-01
9.410000000000e+02 6.246033057186e-01
9.415000000000e+02 5.510855195700e-01
9.420000000000e+02 4.763074602909e-01
9.425000000000e+02 4.019704185178e-01
9.430000000000e+02 3.297666283784e-01
9.435000000000e+02 2.613407946708e-01
9.440000000000e+02 1.982526355628e-01
9.445000000000e+02 1.419412916647e-01
9.450000000000e+02 9.369241417682e-02
9.455000000000e+02 5.460868817485e-02
9.460000000000e+02 2.558447294750e-02
9.465000000000e+02 7.285151089233e-03
9.470000000000e+02 1.316735672658e-04
9.475000000000e+02 4.290671433972e-03
9.480000000000e+02 1.967037873071e-02
9.485000000000e+02 4.592247824291e-02
9.490000000000e+02 8.244984513428e-02
9.495000000000e+02 1.284200262894e-01
9.500000000000e+02 1.827841587147e-01
9.505000000000e+02 2.443009018264e-01
9.510000000000e+02 3.115648391242e-01
9.515000000000e+02 3.830386975770e-01
9.520000000000e+02 4.570886408560e-01
9.525000000000e+02 5.320218176927e-01
9.530000000000e+02 6.061252912225e-01
9.535000000000e+02 6.777054406230e-01
9.540000000000e+02 7.451269137890e-01
9.545000000000e+02 8.068502195459e-01
9.550000000000e+02 8.614670799151e-01
9.555000000000e+02 9.077327164051e-01
9.560000000000e+02 9.445943179631e-01
9.565000000000e+02 9.712150301432e-01
9.570000000000e+02 9.869929129658e-01
9.575000000000e+02 9.915744360065e-01
9.580000000000e+02 9.848622103953e-01
9.585000000000e+02 9.670167952247e-01
9.590000000000e+02 9.384525568465e-01
9.595000000000e+02 8.998277000857e-01
9.600000000000e+02 8.520287270114e-01
9.605000000000e+02 7.961497081711e-01
9.610000000000e+02 7.334668700201e-01
9.615000000000e+02 6.654091078306e-01
9.620000000000e+02 5.935251232795e-01
9.625000000000e+02 5.194479582069e-01
9.630000000000e+02 4.448577493302e-01
9.635000000000e+02 3.714435619979e-01
9.640000000000e+02 3.008651740603e-01
9.645000000000e+02 2.347156736794e-01
9.650000000000e+02 1.744857080952e-01
9.655000000000e+02 1.215301749990e-01
9.660000000000e+02 7.703808581462e-02
9.665000000000e+02 4.200625257680e-02
9.670000000000e+02 1.721735942697e-02
9.675000000000e+02 3.222878228352e-03
9.680000000000e+02 3.311779906932e-04
9.685000000000e+02 8.601062132269e-03
9.690000000000e+02 2.784084870050e-02
9.695000000000e+02 5.761298898667e-02
9.700000000000e+02 9.724410193518e-02
9.705000000000e+02 1.458401876433e-01
9.710000000000e+02 2.023066751923e-01
9.715000000000e+02 2.653728599827e-01
9.720000000000e+02 3.336201954174e-01
9.725000000000e+02 4.055138246786e-01
9.730000000000e+02 4.794366718368e-01
9.735000000000e+02 5.537253586528e-01
9.740000000000e+02 6.267071751159e-01
9.745000000000e+02 6.967373085914e-01
9.750000000000e+02 7.622355289527e-01
9.755000000000e+02 8.217215353543e-01
9.760000000000e+02 8.738481944651e-01
9.765000000000e+02 9.174319396622e-01
9.770000000000e+02 9.514796555105e-01
9.775000000000e+02 9.752114409632e-01
9.780000000000e+02 9.880787272235e-01
9.785000000000e+02 9.897773207295e-01
9.790000000000e+02 9.802550468092e-01
9.795000000000e+02 9.597137833120e-01
9.800000000000e+02 9.286057939303e-01
9.805000000000e+02 8.876243956379e-01
9.810000000000e+02 8.376891211580e-01
9.815000000000e+02 7.799256629434e-01
9.820000000000e+02 7.156410069444e-01
9.825000000000e+02 6.462942795892e-01
9.830000000000e+02 5.734639370040e-01
9.835000000000e+02 4.988120187378e-01
9.840000000000e+02 4.240462665499e-01
9.845000000000e+02 3.508809696961e-01
9.850000000000e+02 2.809974396849e-01
9.855000000000e+02 2.160050379365e-01
9.860000000000e+02 1.574036781520e-01
9.865000000000e+02 1.065487008180e-01
9.870000000000e+02 6.461897026337e-02
9.875000000000e+02 3.258897563228e-02
9.880000000000e+02 1.120562742301e-02
9.885000000000e+02 9.703327222585e-04
9.890000000000e+02 2.126807527733e-03
9.895000000000e+02 1.465494659195e-02
9.900000000000e+02 3.827092357984e-02
9.905000000000e+02 7.243354084837e-02
9.910000000000e+02 1.163566929331e-01
9.915000000000e+02 1.690276550859e-01
9.920000000000e+02 2.292307621322e-01
9.925000000000e+02 2.955759075961e-01
9.930000000000e+02 3.665311721811e-01
9.935000000000e+02 4.404587877473e-01
9.940000000000e+02 5.156535606485e-01
9.945000000000e+02 5.903828190201e-01
9.950000000000e+02 6.629269138133e-01
9.955000000000e+02 7.316192939776e-01
9.960000000000e+02 7.948851921783e-01
9.965000000000e+02 8.512779982458e-01
9.970000000000e+02 8.995124616845e-01
9.975000000000e+02 9.384939500570e-01
9.980000000000e+02 9.673430942248e-01
9.985000000000e+02 9.854152711315e-01
9.990000000000e+02 9.923145065830e-01
9.995000000000e+02 9.879015205074e-01
1.000000000000e+03 9.722957815941e-01
1.000500000000e+03 9.458715831043e-01
1.001000000000e+03 9.092482932302e-01
1.001500000000e+03 8.632750681260e-01
1.002000000000e+03 8.090104404021e-01
1.002500000000e+03 7.476973076806e-01
1.003000000000e+03 6.807339424341e-01
1.003500000000e+03 6.096417239523e-01
1.004000000000e+03 5.360303546722e-01
1.004500000000e+03 4.615613655213e-01
1.005000000000e+03 3.879107381959e-01
1.005500000000e+03 3.167314767022e-01
1.006000000000e+03 2.496169467673e-01
1.006500000000e+03 1.880657709993e-01
1.007000000000e+03 1.334490213242e-01
1.007500000000e+03 8.698038996386e-02
1.008000000000e+03 4.968994777960e-02
1.008500000000e+03 2.240201621322e-02
1.009000000000e+03 5.717588160305e-03
1.009500000000e+03 1.635967622454e-06
1.010000000000e+03 5.375543167925e-03
1.010500000000e+03 2.171479244277e-02
1.011000000000e+03 4.865193732424e-02
1.011500000000e+03 8.558478096647e-02
1.012000000000e+03 1.316895834512e-01
1.012500000000e+03 1.859390210014e-01
1.013000000000e+03 2.471245275042e-01
1.013500000000e+03 3.138825622361e-01
1.014000000000e+03 3.847242688555e-01
1.014500000000e+03 4.580679208477e-01
1.015000000000e+03 5.322734888291e-01
1.015500000000e+03 6.056786166221e-01
1.016000000000e+03 6.766352568671e-01
1.016500000000e+03 7.435461941910e-01
1.017000000000e+03 8.049006754937e-01
1.017500000000e+03 8.593083735157e-01
1.018000000000e+03 9.055309320689e-01
1.018500000000e+03 9.425103794708e-01
1.019000000000e+03 9.693937508311e-01
1.019500000000e+03 9.855533295757e-01
1.020000000000e+03 9.906020032509e-01
1.020500000000e+03 9.844033270915e-01
1.021000000000e+03 9.670759995074e-01
1.021500000000e+03 9.389925745534e-01
1.022000000000e+03 9.007723651796e-01
1.022500000000e+03 8.532686248185e-01
1.023000000000e+03 7.975502305621e-01
1.023500000000e+03 7.348782253973e-01
1.024000000000e+03 6.666777062443e-01
1.024500000000e+03 5.945056652198e-01
1.025000000000e+03 5.200155001780e-01
1.025500000000e+03 4.449190037581e-01
1.026000000000e+03 3.709467149018e-01
1.026500000000e+03 2.998075704422e-01
1.027000000000e+03 2.331488248402e-01
1.027500000000e+03 1.725172119779e-01
1.028000000000e+03 1.193223033368e-01
1.028500000000e+03 7.480297189534e-02
1.029000000000e+03 3.999780139350e-02
1.029500000000e+03 1.572018778937e-02
1.030000000000e+03 2.538766024551e-03
1.030500000000e+03 7.636635742632e-04
1.031000000000e+03 1.043893622601e-02
1.031500000000e+03 3.134138514395e-02
1.032000000000e+03 6.298579191241e-02
1.032500000000e+03 1.046364445188e-01
1.033000000000e+03 1.553246667920e-01
1.033500000000e+03 2.138719112232e-01
1.034000000000e+03 2.789178346804e-01
1.034500000000e+03 3.489526522199e-01
1.035000000000e+03 4.223529593926e-01
1.035500000000e+03 4.974201309429e-01
1.036000000000e+03 5.724203456505e-01
1.036500000000e+03 6.456252545854e-01
1.037000000000e+03 7.153523037436e-01
1.037500000000e+03 7.800037415634e-01
1.038000000000e+03 8.381033862269e-01
1.038500000000e+03 8.883302950076e-01
1.039000000000e+03 9.295485660133e-01
1.039500000000e+03 9.608326083736e-01
1.040000000000e+03 9.814873370588e-01
1.040500000000e+03 9.910628793355e-01
1.041000000000e+03 9.893635176486e-01
1.041500000000e+03 9.764507346214e-01
1.042000000000e+03 9.526403661767e-01
1.042500000000e+03 9.184940049796e-01
1.043000000000e+03 8.748049252836e-01
1.043500000000e+03 8.225789189929e-01
1.044000000000e+03 7.630105389452e-01
1.044500000000e+03 6.974553371768e-01
1.045000000000e+03 6.273987618181e-01
1.045500000000e+03 5.544224353889e-01
1.046000000000e+03 4.801685791383e-01
1.046500000000e+03 4.063033727076e-01
1.047000000000e+03 3.344800461392e-01
1.047500000000e+03 2.663024927888e-01
1.048000000000e+03 2.032901680111e-01
1.048500000000e+03 1.468450006920e-01
1.049000000000e+03 9.822099414703e-02
1.049500000000e+03 5.849713093768e-02
1.050000000000e+03 2.855412426973e-02
1.050500000000e+03 9.055478231270e-03
1.051000000000e+03 4.332317069183e-04
1.051500000000e+03 2.878667727962e-03
1.052000000000e+03 1.633817275217e-02
1.052500000000e+03 4.051433023776e-02
1.053000000000e+03 7.487223129886e-02
1.053500000000e+03 1.186508835821e-01
1.054000000000e+03 1.708794992010e-01
1.054500000000e+03 2.303983450777e-01
1.055000000000e+03 2.958837458857e-01
1.055500000000e+03 3.658767425273e-01
1.056000000000e+03 4.388148293505e-01
1.056500000000e+03 5.130661227423e-01
1.057000000000e+03 5.869652540075e-01
1.057500000000e+03 6.588502321309e-01
1.058000000000e+03 7.270994886740e-01
1.058500000000e+03 7.901682990272e-01
1.059000000000e+03 8.466237726843e-01
1.059500000000e+03 8.951776209956e-01
1.060000000000e+03 9.347159445369e-01
1.060500000000e+03 9.643253338867e-01
1.061000000000e+03 9.833146469638e-01
1.061500000000e+03 9.912319122494e-01
1.062000000000e+03 9.878759089347e-01
1.062500000000e+03 9.733020903954e-01
1.063000000000e+03 9.478226440907e-01
1.063500000000e+03 9.120006161961e-01
1.064000000000e+03 8.666381698125e-01
1.064500000000e+03 8.127591879516e-01
1.065000000000e+03 7.515865729185e-01
1.065500000000e+03 6.845147284097e-01
1.066000000000e+03 6.130778357260e-01
1.066500000000e+03 5.389146473926e-01
1.067000000000e+03 4.637306166448e-01
1.067500000000e+03 3.892582568305e-01
1.068000000000e+03 3.172166781265e-01
1.068500000000e+03 2.492712783233e-01
1.069000000000e+03 1.869945684935e-01
1.069500000000e+03 1.318290926872e-01
1.070000000000e+03 8.505335370103e-02
1.070500000000e+03 4.775158549801e-02
1.071000000000e+03 2.078811884118e-02
1.071500000000e+03 4.786972646938e-03
1.072000000000e+03 1.171726020887e-04
1.072500000000e+03 6.884154337140e-03
1.073000000000e+03 2.492745496751e-02
1.073500000000e+03 5.382473838195e-02
1.074000000000e+03 9.290204070007e-02
1.074500000000e+03 1.412499672427e-01
1.075000000000e+03 1.977454253756e-01
1.075500000000e+03 2.610783426652e-01
1.076000000000e+03 3.297827004150e-01
1.076500000000e+03 4.022711118688e-01
1.077000000000e+03 4.768720945324e-01
1.077500000000e+03 5.518691289763e-01
1.078000000000e+03 6.255405631098e-01
1.078500000000e+03 6.961994116895e-01
1.079000000000e+03 7.622321153155e-01
1.079500000000e+03 8.221353604636e-01
1.080000000000e+03 8.745501205377e-01
1.080500000000e+03 9.182921554894e-01
1.081000000000e+03 9.523783016483e-01
1.081500000000e+03 9.760479912366e-01
1.082000000000e+03 9.887795594956e-01
1.082500000000e+03 9.903010232703e-01
1.083000000000e+03 9.805951450009e-01
1.083500000000e+03 9.598987272641e-01
1.084000000000e+03 9.286962122261e-01
1.084500000000e+03 8.877077848477e-01
1.085000000000e+03 8.378722958827e-01
1.085500000000e+03 7.803254284116e-01
1.086000000000e+03 7.163736279680e-01
1.086500000000e+03 6.474643997099e-01
1.087000000000e+03 5.751536453566e-01
1.087500000000e+03 5.010707668990e-01
1.088000000000e+03 4.268823028360e-01
1.088500000000e+03 3.542548856599e-01
1.089000000000e+03 2.848183164864e-01
1.089500000000e+03 2.201295443788e-01
1.090000000000e+03 1.616383144725e-01
1.090500000000e+03 1.106552111462e-01
1.091000000000e+03 6.832277100286e-02
1.091500000000e+03 3.559027629661e-02
1.092000000000e+03 1.319276378074e-02
1.092500000000e+03 1.634698038118e-03
1.093000000000e+03 1.178663561470e-03
1.093500000000e+03 1.183932772761e-02
1.094000000000e+03 3.338281902990e-02
1.094500000000e+03 6.533155330202e-02
1.095000000000e+03 1.069744271234e-01
1.095500000000e+03 1.573821841811e-01
1.096000000000e+03 2.154276492559e-01
1.096500000000e+03 2.798104178541e-01
1.097000000000e+03 3.490854896539e-01
1.097500000000e+03 4.216952430389e-01
1.098000000000e+03 4.960040682749e-01
1.098500000000e+03 5.703349103893e-01
1.099000000000e+03 6.430069214121e-01
1.099500000000e+03 7.123733869692e-01
1.100000000000e+03 7.768590755915e-01
1.100500000000e+03 8.349961614801e-01
1.101000000000e+03 8.854578933614e-01
1.101500000000e+03 9.270892235663e-01
1.102000000000e+03 9.589336720976e-01
1.102500000000e+03 9.802557792977e-01
1.103000000000e+03 9.905585963137e-01
1.103500000000e+03 9.895957729183e-01
1.104000000000e+03 9.773779249604e-01
1.104500000000e+03 9.541730959649e-01
1.105000000000e+03 9.205012659936e-01
1.105500000000e+03 8.771230023933e-01
1.106000000000e+03 8.250224879159e-01
1.106500000000e+03 7.653852982239e-01
1.107000000000e+03 6.995714294282e-01
1.107500000000e+03 6.290841935737e-01
1.108000000000e+03 5.555357027634e-01
1.108500000000e+03 4.806097480374e-01
1.109000000000e+03 4.060229449142e-01
1.109500000000e+03 3.334850617626e-01
1.110000000000e+03 2.646594687719e-01
1.110500000000e+03 2.011246434948e-01
1.111000000000e+03 1.443376439014e-01
1.111500000000e+03 9.560041220620e-02
1.112000000000e+03 5.602970373720e-02
1.112500000000e+03 2.653134665450e-02
1.113000000000e+03 7.779432786386e-03
1.113500000000e+03 2.009200417444e-04
1.114000000000e+03 3.965995937724e-03
1.114500000000e+03 1.898441317070e-02
1.115000000000e+03 4.490786541688e-02
1.115500000000e+03 8.113832829097e-02
1.116000000000e+03 1.268421501667e-01
1.116500000000e+03 1.809695437791e-01
1.117000000000e+03 2.422790053623e-01
1.117500000000e+03 3.093660763463e-01
1.118000000000e+03 3.806957658679e-01
1.118500000000e+03 4.546378725223e-01
1.119000000000e+03 5.295043825414e-01
1.119500000000e+03 6.035880799487e-01
1.120000000000e+03 6.752014828939e-01
1.120500000000e+03 7.427152193561e-01
1.121000000000e+03 8.045949744395e-01
1.121500000000e+03 8.594361797149e-01
1.122000000000e+03 9.059956713951e-01
1.122500000000e+03 9.432196169355e-01
1.123000000000e+03 9.702670971609e-01
1.123500000000e+03 9.865288310781e-01
1.124000000000e+03 9.916406408824e-01
1.124500000000e+03 9.854913728139e-01
1.125000000000e+03 9.682251129355e-01
1.125500000000e+03 9.402376629661e-01
1.126000000000e+03 9.021673673992e-01
1.126500000000e+03 8.548805066838e-01
1.127000000000e+03 7.994515897481e-01
1.127500000000e+03 7.371389902065e-01
1.128000000000e+03 6.693564719872e-01
1.128500000000e+03 5.976412397702e-01
1.129000000000e+03 5.236192257568e-01
1.129500000000e+03 4.489683852318e-01
1.130000000000e+03 3.753808179205e-01
1.130500000000e+03 3.045245591689e-01
1.131000000000e+03 2.380058939355e-01
1.131500000000e+03 1.773330370100e-01
1.132000000000e+03 1.238819949365e-01
1.132500000000e+03 7.886537912349e-02
1.133000000000e+03 4.330487644886e-02
1.133500000000e+03 1.800800442407e-02
1.134000000000e+03 3.549684273132e-03
1.134500000000e+03 2.590589556949e-04
1.135000000000e+03 8.211866485644e-03
1.135500000000e+03 2.722855432751e-02
1.136000000000e+03 5.687819096561e-02
1.136500000000e+03 9.648809883338e-02
1.137000000000e+03 1.451590016914e-01
1.137500000000e+03 2.017853523383e-01
1.138000000000e+03 2.650803862369e-01
1.138500000000e+03 3.336053361982e-01
1.139000000000e+03 4.058021453640e-01
1.139500000000e+03 4.800289328676e-01
1.140000000000e+03 5.545974008498e-01
1.140500000000e+03 6.278113245988e-01
1.141000000000e+03 6.980052408591e-01
1.141500000000e+03 7.635824434274e-01
1.142000000000e+03 8.230514103745e-01
1.142500000000e+03 8.750598231984e-01
1.143000000000e+03 9.184253941762e-01
1.143500000000e+03 9.521627927074e-01
1.144000000000e+03 9.755060527737e-01
1.144500000000e+03 9.879259494629e-01
1.145000000000e+03 9.891419502601e-01
1.145500000000e+03 9.791284735328e-01
1.146000000000e+03 9.581153192526e-01
1.146500000000e+03 9.265822722354e-01
1.147000000000e+03 8.852480127845e-01
1.147500000000e+03 8.350536003589e-01
1.148000000000e+03 7.771409196660e-01
1.148500000000e+03 7.128265925600e-01
1.149000000000e+03 6.435719606825e-01
1.149500000000e+03 5.709498307244e-01
1.150000000000e+03 4.966087446256e-01
1.150500000000e+03 4.222355896059e-01
1.151000000000e+03 3.495173965853e-01
1.151500000000e+03 2.801031898841e-01
1.152000000000e+03 2.155667459665e-01
1.152500000000e+03 1.573710948239e-01
1.153000000000e+03 1.068355551617e-01
1.153500000000e+03 6.510603502892e-02
1.154000000000e+03 3.312925444394e-02
1.154500000000e+03 1.163145766791e-02
1.155000000000e+03 1.102082187570e-03
1.155500000000e+03 1.782741342921e-03
1.156000000000e+03 1.366176033208e-02
1.156500000000e+03 3.647438347065e-02
1.157000000000e+03 6.970864663619e-02
1.157500000000e+03 1.126167853147e-01
1.158000000000e+03 1.642319280696e-01
1.158500000000e+03 2.233897100197e-01
1.159000000000e+03 2.887543333254e-01
1.159500000000e+03 3.588485039336e-01
1.160000000000e+03 4.320865878714e-01
1.160500000000e+03 5.068102580492e-01
1.161000000000e+03 5.813258453102e-01
1.161500000000e+03 6.539425667095e-01
1.162000000000e+03 7.230107806356e-01
1.162500000000e+03 7.869594131770e-01
1.163000000000e+03 8.443317133499e-01
1.163500000000e+03 8.938185264965e-01
1.164000000000e+03 9.342883249276e-01
1.164500000000e+03 9.648133019856e-01
1.165000000000e+03 9.846909189756e-01
1.165500000000e+03 9.934603923633e-01
1.166000000000e+03 9.909137193550e-01
1.166500000000e+03 9.771009612361e-01
1.167000000000e+03 9.523296330948e-01
1.167500000000e+03 9.171581829863e-01
1.168000000000e+03 8.723836801613e-01
1.168500000000e+03 8.190239675344e-01
1.169000000000e+03 7.582946647997e-01
1.169500000000e+03 6.915815323511e-01
1.170000000000e+03 6.204088191698e-01
1.170500000000e+03 5.464043172405e-01
1.171000000000e+03 4.712619280585e-01
1.171500000000e+03 3.967026111274e-01
1.172000000000e+03 3.244346280421e-01
1.172500000000e+03 2.561140174717e-01
1.173000000000e+03 1.933062351845e-01
1.173500000000e+03 1.374498690414e-01
1.174000000000e+03 8.982329189513e-02
1.174500000000e+03 5.151504668321e-02
1.175000000000e+03 2.339866922949e-02
1.175500000000e+03 6.112547602803e-03
1.176000000000e+03 4.529499821525e-05
1.176500000000e+03 5.326979165293e-03
1.177000000000e+03 2.182640888878e-02
1.177500000000e+03 4.915453067110e-02
1.178000000000e+03 8.667384045309e-02
1.178500000000e+03 1.335135698286e-01
1.179000000000e+03 1.885902675535e-01
1.179500000000e+03 2.506332688084e-01
1.180000000000e+03 3.182144299116e-01
1.180500000000e+03 3.897814078314e-01
1.181000000000e+03 4.636936842939e-01
1.181500000000e+03 5.382604752989e-01
1.182000000000e+03 6.117796296533e-01
1.182500000000e+03 6.825766053203e-01
1.183000000000e+03 7.490426198174e-01
1.183500000000e+03 8.096711001059e-01
1.184000000000e+03 8.630916069862e-01
1.184500000000e+03 9.081004774294e-01
1.185000000000e+03 9.436875132155e-01
1.185500000000e+03 9.690581433462e-01
1.186000000000e+03 9.836505980829e-01
1.186500000000e+03 9.871477512374e-01
1.187000000000e+03 9.794834114706e-01
1.187500000000e+03 9.608429698081e-01
1.188000000000e+03 9.316584364371e-01
1.188500000000e+03 8.925980223232e-01
1.189000000000e+03 8.445505377432e-01
1.189500000000e+03 7.886049881659e-01
1.190000000000e+03 7.260258460657e-01
1.190500000000e+03 6.582245635508e-01
1.191000000000e+03 5.867279638107e-01
1.191500000000e+03 5.131442083233e-01
1.192000000000e+03 4.391270808387e-01
1.192500000000e+03 3.663393579729e-01
1.193000000000e+03 2.964160496788e-01
1.193500000000e+03 2.309282910314e-01
1.194000000000e+03 1.713486500200e-01
1.194500000000e+03 1.190185848841e-01
1.195000000000e+03 7.511873967502e-02
1.195500000000e+03 4.064270900540e-02
1.196000000000e+03 1.637483335267e-02
1.196500000000e+03 2.872505935503e-03
1.197000000000e+03 4.533823004313e-04
1.197500000000e+03 9.187785773204e-03
1.198000000000e+03 2.889649730519e-02
1.198500000000e+03 5.915400867276e-02
1.199000000000e+03 9.929720524972e-02
1.199500000000e+03 1.484393305941e-01
1.200000000000e+03 2.054889719516e-01
1.200500000000e+03 2.691736956252e-01
1.201000000000e+03 3.380678562748e-01
1.201500000000e+03 4.106240068795e-01
1.202000000000e+03 4.852072486302e-01
1.202500000000e+03 5.601317846766e-01
1.203000000000e+03 6.336988805690e-01
1.203500000000e+03 7.042353893494e-01
1.204000000000e+03 7.701319722590e-01
1.204500000000e+03 8.298801382901e-01
1.205000000000e+03 8.821072382789e-01
1.205500000000e+03 9.256085823903e-01
1.206000000000e+03 9.593759036583e-01
1.206500000000e+03 9.826214641352e-01
1.207000000000e+03 9.947971929927e-01
1.207500000000e+03 9.956083558620e-01
1.208000000000e+03 9.850213794955e-01
1.208500000000e+03 9.632655926431e-01
1.209000000000e+03 9.308287895775e-01
1.209500000000e+03 8.884466733071e-01
1.210000000000e+03 8.370863872477e-01
1.210500000000e+03 7.779244928777e-01
1.211000000000e+03 7.123198925615e-01
1.211500000000e+03 6.417823272356e-01
1.212000000000e+03 5.679371942577e-01
1.212500000000e+03 4.924875279250e-01
1.213000000000e+03 4.171740611245e-01
1.213500000000e+03 3.437343388229e-01
1.214000000000e+03 2.738618810870e-01
1.214500000000e+03 2.091663940038e-01
1.215000000000e+03 1.511360012062e-01
1.215500000000e+03 1.011024172932e-01
1.216000000000e+03 6.020990872480e-02
1.216500000000e+03 2.938878992386e-02
1.217000000000e+03 9.334085175929e-03
1.217500000000e+03 4.898538521189e-04
1.218000000000e+03 3.039531347300e-03
1.218500000000e+03 1.690248508255e-02
1.219000000000e+03 4.173682831403e-02
1.219500000000e+03 7.694837869098e-02
1.220000000000e+03 1.217054977840e-01
1.220500000000e+03 1.749594061981e-01
1.221000000000e+03 2.354694400170e-01
1.221500000000e+03 3.018326014231e-01
1.222000000000e+03 3.725166619674e-01
1.222500000000e+03 4.458960031684e-01
1.223000000000e+03 5.202893271701e-01
1.223500000000e+03 5.939983408071e-01
1.224000000000e+03 6.653465095202e-01
1.224500000000e+03 7.327169925707e-01
1.225000000000e+03 7.945889066542e-01
1.225500000000e+03 8.495711196066e-01
1.226000000000e+03 8.964328473657e-01
1.226500000000e+03 9.341304131515e-01
1.227000000000e+03 9.618296254181e-01
1.227500000000e+03 9.789233376459e-01
1.228000000000e+03 9.850438657444e-01
1.228500000000e+03 9.800700549275e-01
1.229000000000e+03 9.641289048457e-01
1.229500000000e+03 9.375917770504e-01
1.230000000000e+03 9.010653203547e-01
1.230500000000e+03 8.553773554236e-01
1.231000000000e+03 8.015580582860e-01
1.231500000000e+03 7.408168720810e-01
1.232000000000e+03 6.745156560368e-01
1.232500000000e+03 6.041386496187e-01
1.233000000000e+03 5.312598872089e-01
1.233500000000e+03 4.575087441592e-01
1.234000000000e+03 3.845343281495e-01
1.234500000000e+03 3.139694503262e-01
1.235000000000e+03 2.473949184322e-01
1.235500000000e+03 1.863048891005e-01
1.236000000000e+03 1.320739985840e-01
1.236500000000e+03 8.592696061066e-02
1.237000000000e+03 4.891127687256e-02
1.237500000000e+03 2.187365028107e-02
1.238000000000e+03 5.440623922682e-03
1.238500000000e+03 3.890321519875e-06
1.239000000000e+03 5.710626958724e-03
1.239500000000e+03 2.245911613501e-02
1.240000000000e+03 4.989980153633e-02
1.240500000000e+03 8.744182191605e-02
1.241000000000e+03 1.342649460613e-01
1.241500000000e+03 1.893367148963e-01
1.242000000000e+03 2.514344785854e-01
1.242500000000e+03 3.191719015761e-01
1.243000000000e+03 3.910293993620e-01
1.243500000000e+03 4.653878703591e-01
1.244000000000e+03 5.405649973771e-01
1.244500000000e+03 6.148533186646e-01
1.245000000000e+03 6.865592107959e-01
1.245500000000e+03 7.540418871019e-01
1.246000000000e+03 8.157514976535e-01
1.246500000000e+03 8.702654213848e-01
1.247000000000e+03 9.163218684419e-01
1.247500000000e+03 9.528499614311e-01
1.248000000000e+03 9.789955372502e-01
1.248500000000e+03 9.941420053956e-01
1.249000000000e+03 9.979257120068e-01
1.249500000000e+03 9.902453888475e-01
1.250000000000e+03 9.712654096760e-01
1.250500000000e+03 9.414127293300e-01
1.251000000000e+03 9.013675392019e-01
1.251500000000e+03 8.520478322444e-01
1.252000000000e+03 7.945882267223e-01
1.252500000000e+03 7.303135461183e-01
1.253000000000e+03 6.607077886237e-01
1.253500000000e+03 5.873792395348e-01
1.254000000000e+03 5.120225800571e-01
1.254500000000e+03 4.363789236607e-01
1.255000000000e+03 3.621947638482e-01
1.255500000000e+03 2.911808436643e-01
1.256000000000e+03 2.249719566224e-01
1.256500000000e+03 1.650886613027e-01
1.257000000000e+03 1.129018384501e-01
1.257500000000e+03 6.960094190157e-02
1.258000000000e+03 3.616669537739e-02
1.258500000000e+03 1.334886930178e-02
1.259000000000e+03 1.649638814460e-03
1.259500000000e+03 1.312880049472e-03
1.260000000000e+03 1.231961068772e-02
1.260500000000e+03 3.438962706978e-02
1.261000000000e+03 6.698923798024e-02
1.261500000000e+03 1.093448486373e-01
1.262000000000e+03 1.604620111885e-01
1.262500000000e+03 2.191494334337e-01
1.263000000000e+03 2.840473284382e-01
1.263500000000e+03 3.536593963708e-01
1.264000000000e+03 4.263876580623e-01
1.264500000000e+03 5.005693083938e-01
1.265000000000e+03 5.745147272017e-01
1.265500000000e+03 6.465457757629e-01
1.266000000000e+03 7.150335174529e-01
1.266500000000e+03 7.784345306841e-01
1.267000000000e+03 8.353250292346e-01
1.267500000000e+03 8.844320676920e-01
1.268000000000e+03 9.246611858816e-01
1.268500000000e+03 9.551199336098e-01
1.269000000000e+03 9.751368134678e-01
1.269500000000e+03 9.842752825710e-01
1.270000000000e+03 9.823425615950e-01
1.270500000000e+03 9.693931092303e-01
1.271000000000e+03 9.457267301097e-01
1.271500000000e+03 9.118813925294e-01
1.272000000000e+03 8.686209371426e-01
1.272500000000e+03 8.169179576836e-01
1.273000000000e+03 7.579322283201e-01
1.273500000000e+03 6.929851380887e-01
1.274000000000e+03 6.235306699747e-01
1.274500000000e+03 5.511235294420e-01
1.275000000000e+03 4.773850837220e-01
1.275500000000e+03 4.039678179848e-01
1.276000000000e+03 3.325190469474e-01
1.276500000000e+03 2.646446397561e-01
1.277000000000e+03 2.018735215703e-01
1.277500000000e+03 1.456237066834e-01
1.278000000000e+03 9.717059494958e-02
1.278500000000e+03 5.761822562936e-02
1.279000000000e+03 2.787413061778e-02
1.279500000000e+03 8.628362775532e-03
1.280000000000e+03 3.371954173222e-04
1.280500000000e+03 3.211896928716e-03
1.281000000000e+03 1.721288134834e-02
1.281500000000e+03 4.204942327446e-02
1.282000000000e+03 7.718500570733e-02
1.282500000000e+03 1.218482447986e-01
1.283000000000e+03 1.750492086498e-01
1.283500000000e+03 2.356008211726e-01
1.284000000000e+03 3.021449197262e-01
1.284500000000e+03 3.731824198575e-01
1.285000000000e+03 4.471069352781e-01
1.285500000000e+03 5.222411090922e-01
1.286000000000e+03 5.968748362429e-01
1.286500000000e+03 6.693044994940e-01
1.287000000000e+03 7.378723042639e-01
1.287500000000e+03 8.010047827102e-01
1.288000000000e+03 8.572495457161e-01
1.288500000000e+03 9.053093931558e-01
1.289000000000e+03 9.440729477177e-01
1.289500000000e+03 9.726410546187e-01
1.290000000000e+03 9.903482870853e-01
1.290500000000e+03 9.967790131618e-01
1.291000000000e+03 9.917776103566e-01
1.291500000000e+03 9.754525574371e-01
1.292000000000e+03 9.481742835554e-01
1.292500000000e+03 9.105668097490e-01
1.293000000000e+03 8.634933724984e-01
1.293500000000e+03 8.080363691968e-01
1.294000000000e+03 7.454721069722e-01
1.294500000000e+03 6.772409654483e-01
1.295000000000e+03 6.049136971882e-01
1.295500000000e+03 5.301546838012e-01
1.296000000000e+03 4.546830384635e-01
1.296500000000e+03 3.802324951676e-01
1.297000000000e+03 3.085110502414e-01
1.297500000000e+03 2.411613221281e-01
1.298000000000e+03 1.797225714534e-01
1.298500000000e+03 1.255952759366e-01
1.299000000000e+03 8.000908542811e-02
1.299500000000e+03 4.399489341777e-02
1.300000000000e+03 1.836165544804e-02
1.300500000000e+03 3.678465050544e-03
1.301000000000e+03 2.622674569302e-04
1.301500000000e+03 8.171453930997e-03
1.302000000000e+03 2.720543871744e-02
1.302500000000e+03 5.691017986090e-02
1.303000000000e+03 9.658946792550e-02
1.303500000000e+03 1.453216761208e-01
1.304000000000e+03 2.019815444131e-01
1.304500000000e+03 2.652664614054e-01
1.305000000000e+03 3.337266132251e-01
1.305500000000e+03 4.057982900757e-01
1.306000000000e+03 4.798395797450e-01
1.306500000000e+03 5.541676340442e-01
1.307000000000e+03 6.270966692565e-01
1.307500000000e+03 6.969758551890e-01
1.308000000000e+03 7.622262589793e-01
1.308500000000e+03 8.213760386732e-01
1.309000000000e+03 8.730931267215e-01
1.309500000000e+03 9.162147037209e-01
1.310000000000e+03 9.497728363994e-01
1.310500000000e+03 9.730157393987e-01
1.311000000000e+03 9.854242160006e-01
1.311500000000e+03 9.867229366785e-01
1.312000000000e+03 9.768863242193e-01
1.312500000000e+03 9.561389281015e-01
1.313000000000e+03 9.249502867298e-01
1.313500000000e+03 8.840243919057e-01
1.314000000000e+03 8.342839834401e-01
1.314500000000e+03 7.768500110027e-01
1.315000000000e+03 7.130167030889e-01
1.315500000000e+03 6.442227774143e-01
1.316000000000e+03 5.720194111979e-01
1.316500000000e+03 4.980356619337e-01
1.317000000000e+03 4.239420877513e-01
1.317500000000e+03 3.514133599337e-01
1.318000000000e+03 2.820906874115e-01
1.318500000000e+03 2.175448832007e-01
1.319000000000e+03 1.592408951812e-01
1.319500000000e+03 1.085045981206e-01
1.320000000000e+03 6.649260053328e-02
1.320500000000e+03 3.416575937843e-02
1.321000000000e+03 1.226701868945e-02
1.321500000000e+03 1.304096333157e-03
1.322000000000e+03 1.537438001911e-03
1.322500000000e+03 1.297374137710e-02
1.323000000000e+03 3.536522864725e-02
1.323500000000e+03 6.821471501374e-02
1.324000000000e+03 1.107863874710e-01
1.324500000000e+03 1.621220751730e-01
1.325000000000e+03 2.210626633407e-01
1.325500000000e+03 2.862741801675e-01
1.326000000000e+03 3.562779736468e-01
1.326500000000e+03 4.294842956306e-01
1.327000000000e+03 5.042285263623e-01
1.327500000000e+03 5.788092065161e-01
1.328000000000e+03 6.515269972242e-01
1.328500000000e+03 7.207236630561e-01
1.329000000000e+03 7.848201692132e-01
1.329500000000e+03 8.423530025572e-01
1.330000000000e+03 8.920078661147e-01
1.330500000000e+03 9.326499574724e-01
1.331000000000e+03 9.633501215165e-01
1.331500000000e+03 9.834062652551e-01
1.332000000000e+03 9.923595345445e-01
1.332500000000e+03 9.900048765948e-01
1.333000000000e+03 9.763957450273e-01
1.333500000000e+03 9.518428426360e-01
1.334000000000e+03 9.169069374383e-01
1.334500000000e+03 8.723859266011e-01
1.335000000000e+03 8.192964570174e-01
1.335500000000e+03 7.588505374382e-01
1.336000000000e+03 6.924276922030e-01
1.336500000000e+03 6.215433080501e-01
1.337000000000e+03 5.478139110162e-01
1.337500000000e+03 4.729201781457e-01
1.338000000000e+03 3.985685373383e-01
1.338500000000e+03 3.264522371615e-01
1.339000000000e+03 2.582127765587e-01
1.339500000000e+03 1.954025720814e-01
1.340000000000e+03 1.394497081689e-01
1.340500000000e+03 9.162556503221e-02
1.341000000000e+03 5.301605028356e-02
1.341500000000e+03 2.449707628628e-02
1.342000000000e+03 6.714827342245e-03
1.342500000000e+03 7.125155657701e-05
1.343000000000e+03 4.715094010226e-03
1.343500000000e+03 2.053866335081e-02
1.344000000000e+03 4.718039579050e-02
1.344500000000e+03 8.403315151954e-02
1.345000000000e+03 1.302580514374e-01
1.345500000000e+03 1.848035395113e-01
1.346000000000e+03 2.464292405819e-01
1.346500000000e+03 3.137340774008e-01
1.347000000000e+03 3.851880163505e-01
1.347500000000e+03 4.591667305998e-01
1.348000000000e+03 5.339884041521e-01
1.348500000000e+03 6.079518516964e-01
1.349000000000e+03 6.793750985499e-01
1.349500000000e+03 7.466335529420e-01
1.350000000000e+03 8.081969099178e-01
1.350500000000e+03 8.626639521269e-01
1.351000000000e+03 9.087944574077e-01
1.351500000000e+03 9.455374855017e-01
1.352000000000e+03 9.720553953448e-01
1.352500000000e+03 9.877430385132e-01
1.353000000000e+03 9.922416817070e-01
1.353500000000e+03 9.854473293236e-01
1.354000000000e+03 9.675132436687e-01
1.354500000000e+03 9.388465923819e-01
1.355000000000e+03 9.000992872151e-01
1.355500000000e+03 8.521532123187e-01
1.356000000000e+03 7.961001704850e-01
1.356500000000e+03 7.332169992526e-01
1.357000000000e+03 6.649364223988e-01
1.357500000000e+03 5.928143032792e-01
1.358000000000e+03 5.184940522015e-01
1.358500000000e+03 4.436690082827e-01
1.359000000000e+03 3.700436653128e-01
1.359500000000e+03 2.992946396108e-01
1.360000000000e+03 2.330322849729e-01
1.360500000000e+03 1.727638452292e-01
1.361000000000e+03 1.198589990066e-01
1.361500000000e+03 7.551859478608e-02
1.362000000000e+03 4.074729870103e-02
1.362500000000e+03 1.633078456272e-02
1.363000000000e+03 2.817987702917e-03
1.363500000000e+03 5.088240602892e-04
1.364000000000e+03 9.447646571400e-03
1.364500000000e+03 2.942257558711e-02
1.365000000000e+03 5.997070212035e-02
1.365500000000e+03 1.003890256504e-01
1.366000000000e+03 1.497508553278e-01
1.366500000000e+03 2.069272779526e-01
1.367000000000e+03 2.706131810178e-01
1.367500000000e+03 3.393572170327e-01
1.368000000000e+03 4.115950086431e-01
1.368500000000e+03 4.856848244540e-01
1.369000000000e+03 5.599449044697e-01
1.369500000000e+03 6.326915824579e-01
1.370000000000e+03 7.022773408068e-01
1.370500000000e+03 7.671279414122e-01
1.371000000000e+03 8.257778033354e-01
1.371500000000e+03 8.769028433300e-01
1.372000000000e+03 9.193500575612e-01
1.372500000000e+03 9.521632001598e-01
1.373000000000e+03 9.746040047416e-01
1.373500000000e+03 9.861684964170e-01
1.374000000000e+03 9.865980518107e-01
1.374500000000e+03 9.758849807113e-01
1.375000000000e+03 9.542725226996e-01
1.375500000000e+03 9.222492729574e-01
1.376000000000e+03 8.805381710014e-01
1.376500000000e+03 8.300803019931e-01
1.377000000000e+03 7.720138702933e-01
1.377500000000e+03 7.076488070524e-01
1.378000000000e+03 6.384375659074e-01
1.378500000000e+03 5.659427416852e-01
1.379000000000e+03 4.918022148127e-01
1.379500000000e+03 4.176925777455e-01
1.380000000000e+03 3.452916380684e-01
1.380500000000e+03 2.762408152140e-01
1.381000000000e+03 2.121082534873e-01
1.381500000000e+03 1.543534629654e-01
1.382000000000e+03 1.042942719533e-01
1.382500000000e+03 6.307683018530e-02
1.383000000000e+03 3.164934160863e-02
1.383500000000e+03 1.074013013746e-02
1.384000000000e+03 8.405525274314e-04
1.384500000000e+03 2.193170933834e-03
1.385000000000e+03 1.478548565418e-02
1.385500000000e+03 3.834940809575e-02
1.386000000000e+03 7.236652754462e-02
1.386500000000e+03 1.160790954503e-01
1.387000000000e+03 1.685065204788e-01
1.387500000000e+03 2.284670394961e-01
1.388000000000e+03 2.946041068891e-01
1.388500000000e+03 3.654169303098e-01
1.389000000000e+03 4.392944778972e-01
1.389500000000e+03 5.145521931777e-01
1.390000000000e+03 5.894705815987e-01
1.390500000000e+03 6.623347793260e-01
1.391000000000e+03 7.314741822520e-01
1.391500000000e+03 7.953012024843e-01
1.392000000000e+03 8.523482316457e-01
1.392500000000e+03 9.013019253194e-01
1.393000000000e+03 9.410339804543e-01
1.393500000000e+03 9.706276564297e-01
1.394000000000e+03 9.893993890652e-01
1.394500000000e+03 9.969149628506e-01
1.395000000000e+03 9.929998372351e-01
1.395500000000e+03 9.777433646512e-01
1.396000000000e+03 9.514967873827e-01
1.396500000000e+03 9.148650534862e-01
1.397000000000e+03 8.686926446195e-01
1.397500000000e+03 8.140437567531e-01
1.398000000000e+03 7.521773142512e-01
1.398500000000e+03 6.845174250037e-01
1.399000000000e+03 6.126199956565e-01
1.399500000000e+03 5.381363186181e-01
1.400000000000e+03 4.627745139103e-01
1.400500000000e+03 3.882597573544e-01
1.401000000000e+03 3.162942508686e-01
1.401500000000e+03 2.485178903985e-01
1.402000000000e+03 1.864705624991e-01
1.402500000000e+03 1.315569528328e-01
1.403000000000e+03 8.501468047018e-02
1.403500000000e+03 4.788648308152e-02
1.404000000000e+03 2.099707261893e-02
1.404500000000e+03 4.935162022486e-03
1.405000000000e+03 4.103423111346e-05
1.405500000000e+03 6.399888929795e-03
1.406000000000e+03 2.384106365166e-02
1.406500000000e+03 5.194308766891e-02
1.407000000000e+03 9.004439295905e-02
1.407500000000e+03 1.372593796026e-01
1.408000000000e+03 1.924994160850e-01
1.408500000000e+03 2.544982505735e-01
1.409000000000e+03 3.218412192906e-01
1.409500000000e+03 3.929975641813e-01
1.410000000000e+03 4.663551151278e-01
1.410500000000e+03 5.402565526906e-01
1.411000000000e+03 6.130364457310e-01
1.411500000000e+03 6.830582541940e-01
1.412000000000e+03 7.487504999994e-01
1.412500000000e+03 8.086413375858e-01
1.413000000000e+03 8.613907989240e-01
1.413500000000e+03 9.058200444099e-01
1.414000000000e+03 9.409370194373e-01
1.414500000000e+03 9.659579950462e-01
1.415000000000e+03 9.803245581724e-01
1.415500000000e+03 9.837157110417e-01
1.416000000000e+03 9.760548384796e-01
1.416500000000e+03 9.575114047163e-01
1.417000000000e+03 9.284973460331e-01
1.417500000000e+03 8.896582307361e-01
1.418000000000e+03 8.418593618857e-01
1.418500000000e+03 7.861670993915e-01
1.419000000000e+03 7.238257749519e-01
1.419500000000e+03 6.562306643147e-01
1.420000000000e+03 5.848975649083e-01
1.420500000000e+03 5.114296014713e-01
1.421000000000e+03 4.374819463986e-01
1.421500000000e+03 3.647251935858e-01
1.422000000000e+03 2.948081632491e-01
1.422500000000e+03 2.293209391744e-01
1.423000000000e+03 1.697589480640e-01
1.423500000000e+03 1.174888821646e-01
1.424000000000e+03 7.371724059422e-02
1.424500000000e+03 3.946222149205e-02
1.425000000000e+03 1.552963636425e-02
1.425500000000e+03 2.493440426098e-03
1.426000000000e+03 6.813792808999e-04
1.426500000000e+03 1.016614449701e-02
1.427000000000e+03 3.076231048366e-02
1.427500000000e+03 6.202919498871e-02
1.428000000000e+03 1.032796483982e-01
1.428500000000e+03 1.535946360367e-01
1.429000000000e+03 2.118433363717e-01
1.429500000000e+03 2.767083401010e-01
1.430000000000e+03 3.467154043393e-01
1.430500000000e+03 4.202670962642e-01
1.431000000000e+03 4.956795552187e-01
1.431500000000e+03 5.712215146647e-01
1.432000000000e+03 6.451546584359e-01
1.432500000000e+03 7.157743417939e-01
1.433000000000e+03 7.814496885800e-01
1.433500000000e+03 8.406620822914e-01
1.434000000000e+03 8.920411014684e-01
1.434500000000e+03 9.343970078568e-01
1.435000000000e+03 9.667489780907e-01
1.435500000000e+03 9.883483740518e-01
1.436000000000e+03 9.986964708673e-01
1.436500000000e+03 9.975562012992e-01
1.437000000000e+03 9.849576271718e-01
1.437500000000e+03 9.611970081802e-01
1.438000000000e+03 9.268295014159e-01
1.438500000000e+03 8.826556865778e-01
1.439000000000e+03 8.297022675753e-01
1.439500000000e+03 7.691974466817e-01
1.440000000000e+03 7.025415986060e-01
1.440500000000e+03 6.312739852185e-01
1.441000000000e+03 5.570363443667e-01
1.441500000000e+03 4.815342558555e-01
1.442000000000e+03 4.064972328882e-01
1.442500000000e+03 3.336385071282e-01
1.443000000000e+03 2.646154702460e-01
1.443500000000e+03 2.009917049841e-01
1.444000000000e+03 1.442014859464e-01
1.444500000000e+03 9.551755653973e-02
1.445000000000e+03 5.602289638072e-02
1.445500000000e+03 2.658708605374e-02
1.446000000000e+03 7.847756690942e-03
1.446500000000e+03 1.974839451376e-04
1.447000000000e+03 3.776353104273e-03
1.447500000000e+03 1.847028784448e-02
1.448000000000e+03 4.391510278651e-02
1.448500000000e+03 7.950611267916e-02
1.449000000000e+03 1.244130114304e-01
1.449500000000e+03 1.775996247303e-01
1.450000000000e+03 2.378480425738e-01
1.450500000000e+03 3.037865541458e-01
1.451000000000e+03 3.739207383037e-01
1.451500000000e+03 4.466670090175e-01
1.452000000000e+03 5.203878768120e-01
1.452500000000e+03 5.934281645086e-01
1.453000000000e+03 6.641514080155e-01
1.453500000000e+03 7.309756799855e-01
1.454000000000e+03 7.924080951451e-01
1.454500000000e+03 8.470772900055e-01
1.455000000000e+03 8.937632156622e-01
1.455500000000e+03 9.314236392837e-01
1.456000000000e+03 9.592168167488e-01
1.456500000000e+03 9.765198745030e-01
1.457000000000e+03 9.829425220537e-01
1.457500000000e+03 9.783358063971e-01
1.458000000000e+03 9.627957149268e-01
1.458500000000e+03 9.366615327534e-01
1.459000000000e+03 9.005089625482e-01
1.459500000000e+03 8.551381185996e-01
1.460000000000e+03 8.015566101691e-01
1.460500000000e+03 7.409580308378e-01
1.461000000000e+03 6.746962685108e-01
1.461500000000e+03 6.042561432537e-01
1.462000000000e+03 5.312209651286e-01
1.462500000000e+03 4.572376797501e-01
1.463000000000e+03 3.839803332688e-01
1.463500000000e+03 3.131126390708e-01
1.464000000000e+03 2.462504637482e-01
1.464500000000e+03 1.849250683668e-01
1.465000000000e+03 1.305479413110e-01
1.465500000000e+03 8.437804021273e-02
1.466000000000e+03 4.749222208208e-02
1.466500000000e+03 2.075958284325e-02
1.467000000000e+03 4.820350540874e-03
1.467500000000e+03 6.988166886046e-05
1.468000000000e+03 6.648199100910e-03
1.468500000000e+03 2.443538521795e-02
1.469000000000e+03 5.305300784240e-02
1.469500000000e+03 9.187161275870e-02
1.470000000000e+03 1.400241685416e-01
1.470500000000e+03 1.964252010813e-01
1.471000000000e+03 2.597952105895e-01
1.471500000000e+03 3.286898271859e-01
1.472000000000e+03 4.015330362726e-01
1.472500000000e+03 4.766536956694e-01
1.473000000000e+03 5.523244761642e-01
1.473500000000e+03 6.268022886617e-01
1.474000000000e+03 6.983692166988e-01
1.474500000000e+03 7.653729543296e-01
1.475000000000e+03 8.262657570086e-01
1.475500000000e+03 8.796409471791e-01
1.476000000000e+03 9.242660759206e-01
1.476500000000e+03 9.591119257199e-01
1.477000000000e+03 9.833766447885e-01
1.477500000000e+03 9.965044274428e-01
1.478000000000e+03 9.981982943015e-01
1.478500000000e+03 9.884266764937e-01
1.479000000000e+03 9.674236653915e-01
1.479500000000e+03 9.356829491644e-01
1.480000000000e+03 8.939456152259e-01
1.480500000000e+03 8.431821490802e-01
1.481000000000e+03 7.845691011147e-01
1.481500000000e+03 7.194610198780e-01
1.482000000000e+03 6.493583601110e-01
1.482500000000e+03 5.758721637653e-01
1.483000000000e+03 5.006863803899e-01
1.483500000000e+03 4.255187385073e-01
1.484000000000e+03 3.520811011768e-01
1.484500000000e+03 2.820402371899e-01
1.485000000000e+03 2.169799148389e-01
1.485500000000e+03 1.583651794803e-01
1.486000000000e+03 1.075096108865e-01
1.486500000000e+03 6.554627409189e-02
1.487000000000e+03 3.340298060051e-02
1.487500000000e+03 1.178236840076e-02
1.488000000000e+03 1.147192135832e-03
1.488500000000e+03 1.711092108043e-03
1.489000000000e+03 1.343498548938e-02
1.489500000000e+03 3.602909805812e-02
1.490000000000e+03 6.896053262311e-02
1.490500000000e+03 1.114661534722e-01
1.491000000000e+03 1.625704568489e-01
1.491500000000e+03 2.211079974440e-01
1.492000000000e+03 2.857498517840e-01
1.492500000000e+03 3.550335224085e-01
1.493000000000e+03 4.273956228682e-01
1.493500000000e+03 5.012066334963e-01
1.494000000000e+03 5.748069820999e-01
1.494500000000e+03 6.465436824091e-01
1.495000000000e+03 7.148067563498e-01
1.495500000000e+03 7.780646738620e-01
1.496000000000e+03 8.348980657535e-01
1.496500000000e+03 8.840310005895e-01
1.497000000000e+03 9.243591652032e-01
1.497500000000e+03 9.549743494879e-01
1.498000000000e+03 9.751847086950e-01
1.498500000000e+03 9.845303596212e-01
1.499000000000e+03 9.827939595277e-01
1.499500000000e+03 9.700060170966e-01
1.500000000000e+03 9.464447915826e-01
1.500500000000e+03 9.126307478379e-01
1.501000000000e+03 8.693156491218e-01
1.501500000000e+03 8.174664844280e-01
1.502000000000e+03 7.582445402356e-01
1.502500000000e+03 6.929800356849e-01
1.503000000000e+03 6.231428428109e-01
1.503500000000e+03 5.503099070846e-01
1.504000000000e+03 4.761300657933e-01
1.504500000000e+03 4.022870303707e-01
1.505000000000e+03 3.304613516253e-01
1.505500000000e+03 2.622922220636e-01
1.506000000000e+03 1.993399857294e-01
1.506500000000e+03 1.430502221353e-01
1.507000000000e+03 9.472024637142e-02
1.507500000000e+03 5.546882233068e-02
1.508000000000e+03 2.620982071470e-02
1.508500000000e+03 7.630469174787e-03
1.509000000000e+03 1.747402638885e-04
1.509500000000e+03 4.032306043969e-03
1.510000000000e+03 1.913335891038e-02
1.510500000000e+03 4.514945957700e-02
1.511000000000e+03 8.150042869725e-02
1.511500000000e+03 1.273671519813e-01
1.512000000000e+03 1.817100237863e-01
1.512500000000e+03 2.432926148276e-01
1.513000000000e+03 3.107100197321e-01
1.513500000000e+03 3.824212230828e-01
1.514000000000e+03 4.567847217323e-01
1.514500000000e+03 5.320965591103e-01
1.515000000000e+03 6.066298664746e-01
1.515500000000e+03 6.786749680340e-01
1.516000000000e+03 7.465790927690e-01
1.516500000000e+03 8.087847458256e-01
1.517000000000e+03 8.638658263368e-01
1.517500000000e+03 9.105606352957e-01
1.518000000000e+03 9.478009951683e-01
1.518500000000e+03 9.747367999771e-01
1.519000000000e+03 9.907554279814e-01
1.519500000000e+03 9.954955756854e-01
1.520000000000e+03 9.888552083219e-01
1.520500000000e+03 9.709934645627e-01
1.521000000000e+03 9.423264983105e-01
1.521500000000e+03 9.035173843309e-01
1.522000000000e+03 8.554603536277e-01
1.522500000000e+03 7.992597555072e-01
1.523000000000e+03 7.362042631690e-01
1.523500000000e+03 6.677369457117e-01
1.524000000000e+03 5.954219194344e-01
1.524500000000e+03 5.209083634230e-01
1.525000000000e+03 4.458927373956e-01
1.525500000000e+03 3.720800727713e-01
1.526000000000e+03 3.011452207415e-01
1.526500000000e+03 2.346949337760e-01
1.527000000000e+03 1.742316302822e-01
1.527500000000e+03 1.211196469159e-01
1.528000000000e+03 7.655472083125e-02
1.528500000000e+03 4.153736654171e-02
1.529000000000e+03 1.685072109532e-02
1.529500000000e+03 3.043329008597e-03
1.530000000000e+03 4.172272408803e-04
1.530500000000e+03 9.021572787325e-03
1.531000000000e+03 2.865193373560e-02
1.531500000000e+03 5.885524132551e-02
1.532000000000e+03 9.894027815912e-02
1.532500000000e+03 1.479934586296e-01
1.533000000000e+03 2.048995441848e-01
1.533500000000e+03 2.683668304027e-01
1.534000000000e+03 3.369562470872e-01
1.534500000000e+03 4.091137285510e-01
1.535000000000e+03 4.832051406028e-01
1.535500000000e+03 5.575529949287e-01
1.536000000000e+03 6.304741417525e-01
1.536500000000e+03 7.003176087728e-01
1.537000000000e+03 7.655017490032e-01
1.537500000000e+03 8.245498725823e-01
1.538000000000e+03 8.761235678341e-01
1.538500000000e+03 9.190529644025e-01
1.539000000000e+03 9.523632554179e-01
1.539500000000e+03 9.752968752463e-01
1.540000000000e+03 9.873308229293e-01
1.540500000000e+03 9.881887271062e-01
1.541000000000e+03 9.778473638975e-01
1.541500000000e+03 9.565374624701e-01
1.542000000000e+03 9.247387611437e-01
1.542500000000e+03 8.831694070843e-01
1.543000000000e+03 8.327699218793e-01
1.543500000000e+03 7.746820806167e-01
1.544000000000e+03 7.102231704385e-01
1.544500000000e+03 6.408562030929e-01
1.545000000000e+03 5.681567519738e-01
1.545500000000e+03 4.937771651622e-01
1.546000000000e+03 4.194089698366e-01
1.546500000000e+03 3.467443285034e-01
1.547000000000e+03 2.774374324546e-01
1.547500000000e+03 2.130667219747e-01
1.548000000000e+03 1.550988058275e-01
1.548500000000e+03 1.048549147639e-01
1.549000000000e+03 6.348066603011e-02
1.549500000000e+03 3.191983948325e-02
1.550000000000e+03 1.089277276380e-02
1.550500000000e+03 8.798753178445e-04
1.551000000000e+03 2.110641527007e-03
1.551500000000e+03 1.455841476011e-02
1.552000000000e+03 3.794101994154e-02
1.552500000000e+03 7.172724554198e-02
1.553000000000e+03 1.151490200588e-01
1.553500000000e+03 1.672189963467e-01
1.554000000000e+03 2.267531327223e-01
1.554500000000e+03 2.923977455278e-01
1.555000000000e+03 3.626604064233e-01
1.555500000000e+03 4.359439713827e-01
1.556000000000e+03 5.105829590436e-01
1.556500000000e+03 5.848814452036e-01
1.557000000000e+03 6.571516087540e-01
1.557500000000e+03 7.257520528213e-01
1.558000000000e+03 7.891250332406e-01
1.558500000000e+03 8.458317544289e-01
1.559000000000e+03 8.945849392892e-01
1.559500000000e+03 9.342779437999e-01
1.560000000000e+03 9.640097667322e-01
1.560500000000e+03 9.831053986609e-01
1.561000000000e+03 9.911310598396e-01
1.561500000000e+03 9.879039912763e-01
1.562000000000e+03 9.734965848939e-01
1.562500000000e+03 9.482347643980e-01
1.563000000000e+03 9.126906557063e-01
1.563500000000e+03 8.676697118493e-01
1.564000000000e+03 8.141925795264e-01
1.564500000000e+03 7.534721104491e-01
1.565000000000e+03 6.868860278614e-01
1.565500000000e+03 6.159458549410e-01
1.566000000000e+03 5.422627952139e-01
1.566500000000e+03 4.675113238346e-01
1.567000000000e+03 3.933913011346e-01
1.567500000000e+03 3.215894550461e-01
1.568000000000e+03 2.537410959905e-01
1.568500000000e+03 1.913929260585e-01
1.569000000000e+03 1.359677836632e-01
1.569500000000e+03 8.873212555962e-02
1.570000000000e+03 5.076699078001e-02
1.570500000000e+03 2.294311666841e-02
1.571000000000e+03 5.900787175764e-03
1.571500000000e+03 3.488968941426e-05
1.572000000000e+03 5.485540992789e-03
1.572500000000e+03 2.213451794226e-02
1.573000000000e+03 4.960759678777e-02
1.573500000000e+03 8.728276969131e-02
1.574000000000e+03 1.343041710108e-01
1.574500000000e+03 1.896014124721e-01
1.575000000000e+03 2.519138987061e-01
1.575500000000e+03 3.198195758628e-01
1.576000000000e+03 3.917674591869e-01
1.576500000000e+03 4.661131932675e-01
1.577000000000e+03 5.411568236590e-01
1.577500000000e+03 6.151819027182e-01
1.578000000000e+03 6.864950175141e-01
1.578500000000e+03 7.534648145287e-01
1.579000000000e+03 8.145596052233e-01
1.579500000000e+03 8.683826682547e-01
1.580000000000e+03 9.137044176439e-01
1.580500000000e+03 9.494906801991e-01
1.581000000000e+03 9.749264182520e-01
1.581500000000e+03 9.894343429573e-01
1.582000000000e+03 9.926879862323e-01
1.582500000000e+03 9.846189327846e-01
1.583000000000e+03 9.654180541226e-01
1.583500000000e+03 9.355307303575e-01
1.584000000000e+03 8.956461892933e-01
1.584500000000e+03 8.466812320641e-01
1.585000000000e+03 7.897587469049e-01
1.585500000000e+03 7.261815341783e-01
1.586000000000e+03 6.574020736128e-01
1.586500000000e+03 5.849889561753e-01
1.587000000000e+03 5.105907761534e-01
1.587500000000e+03 4.358983321177e-01
1.588000000000e+03 3.626060176732e-01
1.588500000000e+03 2.923732936749e-01
1.589000000000e+03 2.267871232017e-01
1.589500000000e+03 1.673262195690e-01
1.590000000000e+03 1.153279073716e-01
1.590500000000e+03 7.195832849217e-02
1.591000000000e+03 3.818664134188e-02
1.591500000000e+03 1.476376455950e-02
1.592000000000e+03 2.206108651702e-03
1.592500000000e+03 7.846232755598e-04
1.593000000000e+03 1.051936690948e-02
1.593500000000e+03 3.117968228452e-02
1.594000000000e+03 6.228993792378e-02
1.594500000000e+03 1.031406760476e-01
1.595000000000e+03 1.528048923682e-01
1.595500000000e+03 2.101590661077e-01
1.596000000000e+03 2.739084608968e-01
1.596500000000e+03 3.426161306766e-01
1.597000000000e+03 4.147349907811e-01
1.597500000000e+03 4.886422540839e-01
1.598000000000e+03 5.626754863573e-01
1.598500000000e+03 6.351695042983e-01
1.599000000000e+03 7.044933244701e-01
1.599500000000e+03 7.690863716668e-01
1.600000000000e+03 8.274931709079e-01
1.600500000000e+03 8.783957779664e-01
1.601000000000e+03 9.206432486063e-01
1.601500000000e+03 9.532775056870e-01
1.602000000000e+03 9.755550351941e-01
1.602500000000e+03 9.869639258261e-01
1.603000000000e+03 9.872358608107e-01
1.603500000000e+03 9.763527735435e-01
1.604000000000e+03 9.545479887998e-01
1.604500000000e+03 9.223017867425e-01
1.605000000000e+03 8.803314456753e-01
1.605500000000e+03 8.295759392453e-01
1.606000000000e+03 7.711755821831e-01
1.606500000000e+03 7.064470332367e-01
1.607000000000e+03 6.368541721082e-01
1.607500000000e+03 5.639754664492e-01
1.608000000000e+03 4.894685327371e-01
1.608500000000e+03 4.150326688103e-01
1.609000000000e+03 3.423701937392e-01
1.609500000000e+03 2.731474706582e-01
1.610000000000e+03 2.089565086084e-01
1.610500000000e+03 1.512780391008e-01
1.611000000000e+03 1.014469414317e-01
1.611500000000e+03 6.062084749836e-02
1.612000000000e+03 2.975269248884e-02
1.612500000000e+03 9.567893274577e-03
1.613000000000e+03 5.467333208952e-04
1.613500000000e+03 2.912413560723e-03
1.614000000000e+03 1.662509572459e-02
1.614500000000e+03 4.138212127154e-02
1.615000000000e+03 7.662443892898e-02
1.615500000000e+03 1.215491208411e-01
1.616000000000e+03 1.751276954946e-01
1.616500000000e+03 2.361298791483e-01
1.617000000000e+03 3.031521504520e-01
1.617500000000e+03 3.746504892381e-01
1.618000000000e+03 4.489764935862e-01
1.618500000000e+03 5.244160023838e-01
1.619000000000e+03 5.992292861444e-01
1.619500000000e+03 6.716918288412e-01
1.620000000000e+03 7.401347089684e-01
1.620500000000e+03 8.029835995591e-01
1.621000000000e+03 8.587954439452e-01
1.621500000000e+03 9.062919256451e-01
1.622000000000e+03 9.443889350107e-01
1.622500000000e+03 9.722213396749e-01
1.623000000000e+03 9.891624873617e-01
1.623500000000e+03 9.948380046735e-01
1.624000000000e+03 9.891336002345e-01
1.624500000000e+03 9.721967308905e-01
1.625000000000e+03 9.444321414148e-01
1.625500000000e+03 9.064914372031e-01
1.626000000000e+03 8.592569918508e-01
1.626500000000e+03 8.038206236594e-01
1.627000000000e+03 7.414575938050e-01
1.627500000000e+03 6.735965814232e-01
1.628000000000e+03 6.017863750411e-01
1.628500000000e+03 5.276600840909e-01
1.629000000000e+03 4.528977177196e-01
1.629500000000e+03 3.791880004483e-01
1.630000000000e+03 3.081902957021e-01
1.630500000000e+03 2.414974896179e-01
1.631000000000e+03 1.806006501310e-01
1.631500000000e+03 1.268562218308e-01
1.632000000000e+03 8.145644741732e-02
1.632500000000e+03 4.540362410879e-02
1.633000000000e+03 1.948871029757e-02
1.633500000000e+03 4.274696707487e-03
1.634000000000e+03 8.504958791520e-05
1.634500000000e+03 6.997423543672e-03
1.635000000000e+03 2.484273061379e-02
1.635500000000e+03 5.320954229604e-02
1.636000000000e+03 9.145369423368e-02
1.636500000000e+03 1.387128609382e-01
1.637000000000e+03 1.939257716876e-01
1.637500000000e+03 2.558556499584e-01
1.638000000000e+03 3.231173785008e-01
1.638500000000e+03 3.942078214885e-01
1.639000000000e+03 4.675386748717e-01
1.639500000000e+03 5.414711669425e-01
1.640000000000e+03 6.143518937915e-01
1.640500000000e+03 6.845490494101e-01
1.641000000000e+03 7.504882981668e-01
1.641500000000e+03 8.106875386909e-01
1.642000000000e+03 8.637898231170e-01
1.642500000000e+03 9.085937244043e-01
1.643000000000e+03 9.440804870647e-01
1.643500000000e+03 9.694373529525e-01
1.644000000000e+03 9.840765233836e-01
1.644500000000e+03 9.876493011041e-01
1.645000000000e+03 9.800550495525e-01
1.645500000000e+03 9.614447111351e-01
1.646000000000e+03 9.322187392315e-01
1.646500000000e+03 8.930194183608e-01
1.647000000000e+03 8.447176710566e-01
1.647500000000e+03 7.883945758731e-01
1.648000000000e+03 7.253179457255e-01
1.648500000000e+03 6.569144363510e-01
1.649000000000e+03 5.847377679513e-01
1.649500000000e+03 5.104337457812e-01
1.650000000000e+03 4.357028545798e-01
1.650500000000e+03 3.622612743527e-01
1.651000000000e+03 2.918012185615e-01
1.651500000000e+03 2.259515281188e-01
1.652000000000e+03 1.662394640576e-01
1.652500000000e+03 1.140546273687e-01
1.653000000000e+03 7.061589587373e-02
1.653500000000e+03 3.694220550915e-02
1.654000000000e+03 1.382791812914e-02
1.654500000000e+03 1.823411704284e-03
1.655000000000e+03 1.221404118634e-03
1.655500000000e+03 1.204938178953e-02
1.656000000000e+03 3.406835273949e-02
1.656500000000e+03 6.677798465504e-02
1.657000000000e+03 1.094280262977e-01
1.657500000000e+03 1.610357499617e-01
1.658000000000e+03 2.204089981093e-01
1.658500000000e+03 2.861742732802e-01
1.659000000000e+03 3.568091810365e-01
1.659500000000e+03 4.306784247750e-01
1.660000000000e+03 5.060724618668e-01
1.660500000000e+03 5.812478652426e-01
1.661000000000e+03 6.544683950216e-01
1.661500000000e+03 7.240457719167e-01
1.662000000000e+03 7.883791581885e-01
1.662500000000e+03 8.459923920272e-01
1.663000000000e+03 8.955680860698e-01
1.663500000000e+03 9.359777879454e-01
1.664000000000e+03 9.663075076596e-01
1.664500000000e+03 9.858780397349e-01
1.665000000000e+03 9.942596437323e-01
1.665500000000e+03 9.912807909945e-01
1.666000000000e+03 9.770308341085e-01
1.666500000000e+03 9.518566045587e-01
1.667000000000e+03 9.163530893819e-01
1.667500000000e+03 8.713484756694e-01
1.668000000000e+03 8.178839791669e-01
1.668500000000e+03 7.571889871484e-01
1.669000000000e+03 6.906521438462e-01
1.669500000000e+03 6.197890872418e-01
1.670000000000e+03 5.462076077323e-01
1.670500000000e+03 4.715710414593e-01
1.671000000000e+03 3.975607338419e-01
1.671500000000e+03 3.258384124618e-01
1.672000000000e+03 2.580092937838e-01
1.672500000000e+03 1.955867164361e-01
1.673000000000e+03 1.399590464671e-01
1.673500000000e+03 9.235953885968e-02
1.674000000000e+03 5.383976648417e-02
1.674500000000e+03 2.524714458303e-02
1.675000000000e+03 7.206987811270e-03
1.675500000000e+03 1.094396811753e-04
1.676000000000e+03 4.101512962668e-03
1.676500000000e+03 1.908437587184e-02
1.677000000000e+03 4.471591449471e-02
1.677500000000e+03 8.041849838895e-02
1.678000000000e+03 1.253917751627e-01
1.678500000000e+03 1.786302224721e-01
1.679000000000e+03 2.389450935700e-01
1.679500000000e+03 3.049903066190e-01
1.680000000000e+03 3.752917496097e-01
1.680500000000e+03 4.482794031464e-01
1.681000000000e+03 5.223216237325e-01
1.681500000000e+03 5.957608816394e-01
1.682000000000e+03 6.669502110884e-01
1.682500000000e+03 7.342896073135e-01
1.683000000000e+03 7.962615960348e-01
1.683500000000e+03 8.514652067094e-01
1.684000000000e+03 8.986476022120e-01
1.684500000000e+03 9.367326546421e-01
1.685000000000e+03 9.648458097989e-01
1.685500000000e+03 9.823346511498e-01
1.686000000000e+03 9.887846571778e-01
1.686500000000e+03 9.840297426680e-01
1.687000000000e+03 9.681572832742e-01
1.687500000000e+03 9.415074415844e-01
1.688000000000e+03 9.046667395270e-01
1.688500000000e+03 8.584559535734e-01
1.689000000000e+03 8.039125427232e-01
1.689500000000e+03 7.422679514447e-01
1.690000000000e+03 6.749202570806e-01
1.690500000000e+03 6.034027503286e-01
1.691000000000e+03 5.293491447078e-01
1.691500000000e+03 4.544562033544e-01
1.692000000000e+03 3.804446459299e-01
1.692500000000e+03 3.090192525586e-01
1.693000000000e+03 2.418291132909e-01
1.693500000000e+03 1.804289794299e-01
1.694000000000e+03 1.262426562216e-01
1.694500000000e+03 8.052933502013e-02
1.695000000000e+03 4.435369768424e-02
1.695500000000e+03 1.856053814307e-02
1.696000000000e+03 3.754537911874e-03
1.696500000000e+03 2.857065951642e-04
1.697000000000e+03 8.240858449883e-03
1.697500000000e+03 2.744134566979e-02
1.698000000000e+03 5.744711234228e-02
1.698500000000e+03 9.756697434474e-02
1.699000000000e+03 1.468748741950e-01
1.699500000000e+03 2.042317103916e-01
1.700000000000e+03 2.683122021422e-01
1.700500000000e+03 3.376361263982e-01
1.701000000000e+03 4.106031580256e-01
1.701500000000e+03 4.855304585559e-01
1.702000000000e+03 5.606920962693e-01
1.702500000000e+03 6.343593418776e-01
1.703000000000e+03 7.048408703639e-01
1.703500000000e+03 7.705219106397e-01
1.704000000000e+03 8.299014197629e-01
1.704500000000e+03 8.816264161736e-01
1.705000000000e+03 9.245226846883e-01
1.705500000000e+03 9.576211623921e-01
1.706000000000e+03 9.801794260626e-01
1.706500000000e+03 9.916978252401e-01
1.707000000000e+03 9.919299369562e-01
1.707500000000e+03 9.808871550624e-01
1.708000000000e+03 9.588373654551e-01
1.708500000000e+03 9.262977949823e-01
1.709000000000e+03 8.840222532089e-01
1.709500000000e+03 8.329831096646e-01
1.710000000000e+03 7.743484621091e-01
1.710500000000e+03 7.094550515959e-01
1.711000000000e+03 6.397775658799e-01
1.711500000000e+03 5.668950427209e-01
1.712000000000e+03 4.924551378637e-01
1.712500000000e+03 4.181370584921e-01
1.713000000000e+03 3.456139815224e-01
1.713500000000e+03 2.765157774856e-01
1.714000000000e+03 2.123928453642e-01
1.714500000000e+03 1.546818324555e-01
1.715000000000e+03 1.046739670505e-01
1.715500000000e+03 6.348667169584e-02
1.716000000000e+03 3.203905235118e-02
1.716500000000e+03 1.103177541115e-02
1.717000000000e+03 9.317518745384e-04
1.717500000000e+03 1.961947652841e-03
1.718000000000e+03 1.409653284582e-02
1.718500000000e+03 3.706147264702e-02
1.719000000000e+03 7.034055024471e-02
1.719500000000e+03 1.131866995994e-01
1.720000000000e+03 1.646384153000e-01
1.720500000000e+03 2.235408997960e-01
1.721000000000e+03 2.885715072130e-01
1.721500000000e+03 3.582689496108e-01
1.722000000000e+03 4.310656479331e-01
1.722500000000e+03 5.053225378136e-01
1.723000000000e+03 5.793655815851e-01
1.723500000000e+03 6.515231938404e-01
1.724000000000e+03 7.201637600078e-01
1.724500000000e+03 7.837324167366e-01
1.725000000000e+03 8.407862700839e-01
1.725500000000e+03 8.900272530303e-01
1.726000000000e+03 9.303318675956e-01
1.726500000000e+03 9.607771183950e-01
1.727000000000e+03 9.806620228818e-01
1.727500000000e+03 9.895241774731e-01
1.728000000000e+03 9.871509663774e-01
1.728500000000e+03 9.735851190478e-01
1.729000000000e+03 9.491244501395e-01
1.729500000000e+03 9.143157497444e-01
1.730000000000e+03 8.699429283177e-01
1.730500000000e+03 8.170096567429e-01
1.731000000000e+03 7.567168740060e-01
1.731500000000e+03 6.904356595154e-01
1.732000000000e+03 6.196760809627e-01
1.732500000000e+03 5.460527286879e-01
1.733000000000e+03 4.712477310516e-01
1.733500000000e+03 3.969721099861e-01
1.734000000000e+03 3.249263798547e-01
1.734500000000e+03 2.567613146502e-01
1.735000000000e+03 1.940398077582e-01
1.735500000000e+03 1.382007247998e-01
1.736000000000e+03 9.052560409040e-02
1.736500000000e+03 5.210899203739e-02
1.737000000000e+03 2.383311411749e-02
1.737500000000e+03 6.347478160095e-03
1.738000000000e+03 5.388817908886e-05
1.738500000000e+03 5.097217055036e-03
1.739000000000e+03 2.136214828994e-02
1.739500000000e+03 4.847595441472e-02
1.740000000000e+03 8.581723602633e-02
1.740500000000e+03 1.325304044698e-01
1.741000000000e+03 1.875455563643e-01
1.741500000000e+03 2.496032627257e-01
1.742000000000e+03 3.172836823892e-01
1.742500000000e+03 3.890393113016e-01
1.743000000000e+03 4.632305982962e-01
1.743500000000e+03 5.381635958028e-01
1.744000000000e+03 6.121287718121e-01
1.744500000000e+03 6.834400880007e-01
1.745000000000e+03 7.504734483832e-01
1.745500000000e+03 8.117036428765e-01
1.746000000000e+03 8.657389499380e-01
1.746500000000e+03 9.113526207734e-01
1.747000000000e+03 9.475105428757e-01
1.747500000000e+03 9.733944709049e-01
1.748000000000e+03 9.884203159649e-01
1.748500000000e+03 9.922510977071e-01
1.749000000000e+03 9.848042848238e-01
1.749500000000e+03 9.662533756736e-01
1.750000000000e+03 9.370236992746e-01
1.750500000000e+03 8.977825449717e-01
1.751000000000e+03 8.494238540589e-01
1.751500000000e+03 7.930478259234e-01
1.752000000000e+03 7.299359024823e-01
1.752500000000e+03 6.615216954987e-01
1.753000000000e+03 5.893585098236e-01
1.753500000000e+03 5.150841898534e-01
1.754000000000e+03 4.403840750790e-01
1.754500000000e+03 3.669528922568e-01
1.755000000000e+03 2.964564355954e-01
1.755500000000e+03 2.304938918585e-01
1.756000000000e+03 1.705616542276e-01
1.756500000000e+03 1.180194373232e-01
1.757000000000e+03 7.405945647115e-02
1.757500000000e+03 3.967936803376e-02
1.758000000000e+03 1.565958566666e-02
1.758500000000e+03 2.545491338340e-03
1.759000000000e+03 6.349518025117e-04
1.759500000000e+03 9.971433201479e-03
1.760000000000e+03 3.034288111251e-02
1.760500000000e+03 6.128640336063e-02
1.761000000000e+03 1.020986611978e-01
1.761500000000e+03 1.518517439918e-01
1.762000000000e+03 2.094141763850e-01
1.762500000000e+03 2.734765879699e-01
1.763000000000e+03 3.425814667378e-01
1.763500000000e+03 4.151563215709e-01
1.764000000000e+03 4.895494982446e-01
1.764500000000e+03 5.640678299192e-01
1.765000000000e+03 6.370152584920e-01
1.765500000000e+03 7.067315387859e-01
1.766000000000e+03 7.716301340261e-01
1.766500000000e+03 8.302344286118e-01
1.767000000000e+03 8.812114225315e-01
1.767500000000e+03 9.234021300023e-01
1.768000000000e+03 9.558479816886e-01
1.768500000000e+03 9.778126233002e-01
1.769000000000e+03 9.887986112071e-01
1.769500000000e+03 9.885586252910e-01
1.770000000000e+03 9.771009476181e-01
1.770500000000e+03 9.546890894990e-01
1.771000000000e+03 9.218355858105e-01
1.771500000000e+03 8.792901107646e-01
1.772000000000e+03 8.280222003246e-01
1.772500000000e+03 7.691989900858e-01
1.773000000000e+03 7.041584907194e-01
1.773500000000e+03 6.343790234438e-01
1.774000000000e+03 5.614455231523e-01
1.774500000000e+03 4.870134849903e-01
1.775000000000e+03 4.127713799352e-01
1.775500000000e+03 3.404023953672e-01
1.776000000000e+03 2.715463672885e-01
1.776500000000e+03 2.077627618439e-01
1.777000000000e+03 1.504955355279e-01
1.777500000000e+03 1.010406569510e-01
1.778000000000e+03 6.051700951222e-02
1.778500000000e+03 2.984131553865e-02
1.779000000000e+03 9.707630249121e-03
1.779500000000e+03 5.718505609943e-04
1.780000000000e+03 2.641571588846e-03
1.780500000000e+03 1.587150518609e-02
1.781000000000e+03 3.996455261550e-02
1.781500000000e+03 7.437849995364e-02
1.782000000000e+03 1.183381826848e-01
1.782500000000e+03 1.708528475764e-01
1.783000000000e+03 2.307383276977e-01
1.783500000000e+03 2.966435425485e-01
1.784000000000e+03 3.670807417222e-01
1.784500000000e+03 4.404588291654e-01
1.785000000000e+03 5.151190375066e-01
1.785500000000e+03 5.893721694636e-01
1.786000000000e+03 6.615365870816e-01
1.786500000000e+03 7.299761103447e-01
1.787000000000e+03 7.931369850010e-01
1.787500000000e+03 8.495830955233e-01
1.788000000000e+03 8.980286328035e-01
1.788500000000e+03 9.373674770933e-01
1.789000000000e+03 9.666986239795e-01
1.789500000000e+03 9.853470637889e-01
1.790000000000e+03 9.928796212214e-01
1.790500000000e+03 9.891153704951e-01
1.791000000000e+03 9.741303596919e-01
1.791500000000e+03 9.482565039866e-01
1.792000000000e+03 9.120746383722e-01
1.792500000000e+03 8.664018535197e-01
1.793000000000e+03 8.122733705607e-01
1.793500000000e+03 7.509193387668e-01
1.794000000000e+03 6.837370612287e-01
1.794500000000e+03 6.122592647038e-01
1.795000000000e+03 5.381191278719e-01
1.795500000000e+03 4.630128647099e-01
1.796000000000e+03 3.886607241828e-01
1.796500000000e+03 3.167673120114e-01
1.797000000000e+03 2.489821634004e-01
1.797500000000e+03 1.868614963522e-01
1.798000000000e+03 1.318320531292e-01
1.798500000000e+03 8.515789275011e-02
1.799000000000e+03 4.791093094932e-02
1.799500000000e+03 2.094593722363e-02
1.800000000000e+03 4.880593420944e-03
1.800500000000e+03 8.109738053087e-05
1.801000000000e+03 6.653661408874e-03
1.801500000000e+03 2.444211232523e-02
1.802000000000e+03 5.303165112203e-02
1.802500000000e+03 9.175867988512e-02
1.803000000000e+03 1.397264554858e-01
1.803500000000e+03 1.958261875960e-01
1.804000000000e+03 2.587630665818e-01
1.804500000000e+03 3.270865882369e-01
1.805000000000e+03 3.992244402471e-01
1.805500000000e+03 4.735191322828e-01
1.806000000000e+03 5.482664897908e-01
1.806500000000e+03 6.217550922618e-01
1.807000000000e+03 6.923057208324e-01
1.807500000000e+03 7.583098875480e-01
1.808000000000e+03 8.182665490073e-01
1.808500000000e+03 8.708161592078e-01
1.809000000000e+03 9.147712884521e-01
1.809500000000e+03 9.491431249510e-01
1.810000000000e+03 9.731632805597e-01
1.810500000000e+03 9.863004389321e-01
1.811000000000e+03 9.882715100423e-01
1.811500000000e+03 9.790470861800e-01
1.812000000000e+03 9.588511278076e-01
1.812500000000e+03 9.281549398080e-01
1.813000000000e+03 8.876656265682e-01
1.813500000000e+03 8.383093351533e-01
1.814000000000e+03 7.812097070423e-01
1.814500000000e+03 7.176620582878e-01
1.815000000000e+03 6.491038938254e-01
1.815500000000e+03 5.770824325261e-01
1.816000000000e+03 5.032198746093e-01
1.816500000000e+03 4.291771815488e-01
1.817000000000e+03 3.566171605248e-01
1.817500000000e+03 2.871676508442e-01
1.818000000000e+03 2.223855991568e-01
1.818500000000e+03 1.637227843050e-01
1.819000000000e+03 1.124939123503e-01
1.819500000000e+03 6.984774866488e-02
1.820000000000e+03 3.674188834678e-02
1.820500000000e+03 1.392168986111e-02
1.821000000000e+03 1.903811221964e-03
1.821500000000e+03 9.646946579316e-04
1.822000000000e+03 1.113424612881e-02
1.822500000000e+03 3.219485185971e-02
1.823000000000e+03 6.368576685893e-02
1.823500000000e+03 1.049128018894e-01
1.824000000000e+03 1.549631272949e-01
1.824500000000e+03 2.127249062178e-01
1.825000000000e+03 2.769113679220e-01
1.825500000000e+03 3.460888360030e-01
1.826000000000e+03 4.187081381391e-01
1.826500000000e+03 4.931387455295e-01
1.827000000000e+03 5.677049231959e-01
1.827500000000e+03 6.407231185595e-01
1.828000000000e+03 7.105397768556e-01
1.828500000000e+03 7.755687493393e-01
1.829000000000e+03 8.343274551587e-01
1.829500000000e+03 8.854709709976e-01
1.830000000000e+03 9.278232546857e-01
1.830500000000e+03 9.604047599611e-01
1.831000000000e+03 9.824557690861e-01
1.831500000000e+03 9.934548571444e-01
1.832000000000e+03 9.931320051824e-01
1.832500000000e+03 9.814759969458e-01
1.833000000000e+03 9.587358634075e-01
1.833500000000e+03 9.254162776622e-01
1.834000000000e+03 8.822669468284e-01
1.834500000000e+03 8.302661937308e-01
1.835000000000e+03 7.705990655464e-01
1.835500000000e+03 7.046304453433e-01
1.836000000000e+03 6.338737716609e-01
1.836500000000e+03 5.599560871491e-01
1.837000000000e+03 4.845802364290e-01
1.837500000000e+03 4.094851125246e-01
1.838000000000e+03 3.364049080262e-01
1.838500000000e+03 2.670283594763e-01
1.839000000000e+03 2.029589801612e-01
1.839500000000e+03 1.456772569377e-01
1.840000000000e+03 9.650574127104e-02
1.840500000000e+03 5.657789426705e-02
1.841000000000e+03 2.681145207132e-02
1.841500000000e+03 7.886964013913e-03
1.842000000000e+03 2.320245457385e-04
1.842500000000e+03 4.011574973262e-03
1.843000000000e+03 1.912449642268e-02
1.843500000000e+03 4.520655569574e-02
1.844000000000e+03 8.163960525536e-02
1.844500000000e+03 1.275667819939e-01
1.845000000000e+03 1.819133010195e-01
1.845500000000e+03 2.434123044614e-01
1.846000000000e+03 3.106351048449e-01
1.846500000000e+03 3.820250609660e-01
1.847000000000e+03 4.559342438088e-01
1.847500000000e+03 5.306619926382e-01
1.848000000000e+03 6.044944279619e-01
1.848500000000e+03 6.757439788759e-01
1.849000000000e+03 7.427879968998e-01
1.849500000000e+03 8.041055657218e-01
1.850000000000e+03 8.583116745286e-01
1.850500000000e+03 9.041879996095e-01
1.851000000000e+03 9.407096320235e-01
1.851500000000e+03 9.670671952962e-01
1.852000000000e+03 9.826839133106e-01
1.852500000000e+03 9.872273113966e-01
1.853000000000e+03 9.806153599818e-01
1.853500000000e+03 9.630169968567e-01
1.854000000000e+03 9.348470882740e-01
1.854500000000e+03 8.967560080624e-01
1.855000000000e+03 8.496141253888e-01
1.855500000000e+03 7.944915937916e-01
1.856000000000e+03 7.326339250042e-01
1.856500000000e+03 6.654339097023e-01
1.857000000000e+03 5.944005127146e-01
1.857500000000e+03 5.211254219294e-01
1.858000000000e+03 4.472479677927e-01
1.858500000000e+03 3.744191539332e-01
1.859000000000e+03 3.042655492280e-01
1.859500000000e+03 2.383537878746e-01
1.860000000000e+03 1.781564072236e-01
1.860500000000e+03 1.250197237868e-01
1.861000000000e+03 8.013440659746e-02
1.861500000000e+03 4.450935462663e-02
1.862000000000e+03 1.894942198861e-02
1.862500000000e+03 4.037461996528e-03
1.863000000000e+03 1.210796164126e-04
1.863500000000e+03 7.304392514588e-03
1.864000000000e+03 2.544500477072e-02
1.864500000000e+03 5.415629570814e-02
1.865000000000e+03 9.281502057719e-02
1.865500000000e+03 1.405741116439e-01
1.866000000000e+03 1.963804593388e-01
1.866500000000e+03 2.589973455603e-01
1.867000000000e+03 3.270310970582e-01
1.867500000000e+03 3.989614284334e-01
1.868000000000e+03 4.731748539522e-01
1.868500000000e+03 5.480004675496e-01
1.869000000000e+03 6.217473233905e-01
1.869500000000e+03 6.927425974260e-01
1.870000000000e+03 7.593696754848e-01
1.870500000000e+03 8.201052973076e-01
1.871000000000e+03 8.735548898573e-01
1.871500000000e+03 9.184852480670e-01
1.872000000000e+03 9.538537671895e-01
1.872500000000e+03 9.788334978261e-01
1.873000000000e+03 9.928333815957e-01
1.873500000000e+03 9.955131307242e-01
1.874000000000e+03 9.867923363836e-01
1.874500000000e+03 9.668535256643e-01
1.875000000000e+03 9.361390323266e-01
1.875500000000e+03 8.953416982330e-01
1.876000000000e+03 8.453895765688e-01
1.876500000000e+03 7.874249603843e-01
1.877000000000e+03 7.227782062990e-01
1.877500000000e+03 6.529369591651e-01
1.878000000000e+03 5.795115050761e-01
1.878500000000e+03 5.041970836821e-01
1.879000000000e+03 4.287340731043e-01
1.879500000000e+03 3.548670193613e-01
1.880000000000e+03 2.843035151632e-01
1.880500000000e+03 2.186739392025e-01
1.881000000000e+03 1.594930462821e-01
1.881500000000e+03 1.081243514470e-01
1.882000000000e+03 6.574817894723e-02
1.882500000000e+03 3.333415160389e-02
1.883000000000e+03 1.161878066126e-02
1.883500000000e+03 1.088683991560e-03
1.884000000000e+03 1.969815366666e-03
1.884500000000e+03 1.422293367264e-02
1.885000000000e+03 3.754538280380e-02
1.885500000000e+03 7.137909498544e-02
1.886000000000e+03 1.149245767857e-01
1.886500000000e+03 1.671604921976e-01
1.887000000000e+03 2.268683246500e-01
1.887500000000e+03 2.926614829057e-01
1.888000000000e+03 3.630181172620e-01
1.888500000000e+03 4.363168343436e-01
1.889000000000e+03 5.108744425257e-01
1.889500000000e+03 5.849848263842e-01
1.890000000000e+03 6.569580376391e-01
1.890500000000e+03 7.251587012804e-01
1.891000000000e+03 7.880428678662e-01
1.891500000000e+03 8.441924946715e-01
1.892000000000e+03 8.923468075127e-01
1.892500000000e+03 9.314298791910e-01
1.893000000000e+03 9.605738570870e-01
1.893500000000e+03 9.791373787111e-01
1.894000000000e+03 9.867188271956e-01
1.894500000000e+03 9.831641960763e-01
1.895000000000e+03 9.685694515646e-01
1.895500000000e+03 9.432773984281e-01
1.896000000000e+03 9.078691702535e-01
1.896500000000e+03 8.631505742395e-01
1.897000000000e+03 8.101336229807e-01
1.897500000000e+03 7.500136793775e-01
1.898000000000e+03 6.841427246053e-01
1.898500000000e+03 6.139993318812e-01
1.899000000000e+03 5.411559897676e-01
1.899500000000e+03 4.672444672740e-01
1.900000000000e+03 3.939199485538e-01
1.900500000000e+03 3.228246871807e-01
1.901000000000e+03 2.555519386441e-01
1.901500000000e+03 1.936109246626e-01
1.902000000000e+03 1.383935642555e-01
1.902500000000e+03 9.114367430965e-02
1.903000000000e+03 5.292929700698e-02
1.903500000000e+03 2.461875327626e-02
1.904000000000e+03 6.860951110492e-03
1.904500000000e+03 7.039591370828e-05
1.905000000000e+03 4.417258114852e-03
1.905500000000e+03 1.982275236410e-02
1.906000000000e+03 4.595997430783e-02
1.906500000000e+03 8.226022702361e-02
1.907000000000e+03 1.279247517682e-01
1.907500000000e+03 1.819416590502e-01
1.908000000000e+03 2.431077387082e-01
1.908500000000e+03 3.100547142766e-01
1.909000000000e+03 3.812794002455e-01
1.909500000000e+03 4.551771235570e-01
1.910000000000e+03 5.300776856101e-01
1.910500000000e+03 6.042830706043e-01
1.911000000000e+03 6.761060526226e-01
1.911500000000e+03 7.439088192990e-01
1.912000000000e+03 8.061407158730e-01
1.912500000000e+03 8.613742208348e-01
1.913000000000e+03 9.083382937776e-01
1.913500000000e+03 9.459482873328e-01
1.914000000000e+03 9.733316874485e-01
1.914500000000e+03 9.898490383854e-01
1.915000000000e+03 9.951095186900e-01
1.915500000000e+03 9.889807594621e-01
1.916000000000e+03 9.715926334452e-01
1.916500000000e+03 9.433348892997e-01
1.917000000000e+03 9.048486560911e-01
1.917500000000e+03 8.570119945004e-01
1.918000000000e+03 8.009198194331e-01
1.918500000000e+03 7.378586595394e-01
1.919000000000e+03 6.692768487179e-01
1.919500000000e+03 5.967508594464e-01
1.920000000000e+03 5.219485845334e-01
1.920500000000e+03 4.465904500067e-01
1.921000000000e+03 3.724092952528e-01
1.921500000000e+03 3.011099858469e-01
1.922000000000e+03 2.343297290311e-01
1.922500000000e+03 1.736000415554e-01
1.923000000000e+03 1.203112753240e-01
1.923500000000e+03 7.568053935074e-02
1.924000000000e+03 4.072376901760e-02
1.924500000000e+03 1.623258801930e-02
1.925000000000e+03 2.756487765699e-03
1.925500000000e+03 5.907167097246e-04
1.926000000000e+03 9.770131733549e-03
1.926500000000e+03 3.006911904573e-02
1.927000000000e+03 6.100754681100e-02
1.927500000000e+03 1.018625695859e-01
1.928000000000e+03 1.516859690244e-01
1.928500000000e+03 2.093265894438e-01
1.929000000000e+03 2.734573134862e-01
1.929500000000e+03 3.426059247223e-01
1.930000000000e+03 4.151891224832e-01
1.930500000000e+03 4.895488910153e-01
1.931000000000e+03 5.639903810868e-01
1.931500000000e+03 6.368204380036e-01
1.932000000000e+03 7.063859054817e-01
1.932500000000e+03 7.711108496669e-01
1.933000000000e+03 8.295318808006e-01
1.933500000000e+03 8.803308005495e-01
1.934000000000e+03 9.223638691725e-01
1.934500000000e+03 9.546870669089e-01
1.935000000000e+03 9.765768161338e-01
1.935500000000e+03 9.875457329386e-01
1.936000000000e+03 9.873530865627e-01
1.936500000000e+03 9.760097603208e-01
1.937000000000e+03 9.537776259950e-01
1.937500000000e+03 9.211633628150e-01
1.938000000000e+03 8.789068698768e-01
1.938500000000e+03 8.279645349698e-01
1.939000000000e+03 7.694877311474e-01
1.939500000000e+03 7.047970130390e-01
1.940000000000e+03 6.353525759151e-01
1.940500000000e+03 5.627216202440e-01
1.941000000000e+03 4.885433312296e-01
1.941500000000e+03 4.144922353925e-01
1.942000000000e+03 3.422407333233e-01
1.942500000000e+03 2.734216285532e-01
1.943000000000e+03 2.095914762956e-01
1.943500000000e+03 1.521955623730e-01
1.944000000000e+03 1.025352918381e-01
1.944500000000e+03 6.173871905780e-02
1.945000000000e+03 3.073488693315e-02
1.945500000000e+03 1.023256358874e-02
1.946000000000e+03 7.038716370429e-04
1.946500000000e+03 2.373199803448e-03
1.947000000000e+03 1.521167134440e-02
1.947500000000e+03 3.893732071806e-02
1.948000000000e+03 7.302100200955e-02
1.948500000000e+03 1.166979225375e-01
1.949000000000e+03 1.689845658531e-01
1.949500000000e+03 2.287006430608e-01
1.950000000000e+03 2.944955930868e-01
1.950500000000e+03 3.648790441560e-01
1.951000000000e+03 4.382545530555e-01
1.951500000000e+03 5.129558583628e-01
1.952000000000e+03 5.872848207356e-01
1.952500000000e+03 6.595501795672e-01
1.953000000000e+03 7.281062318489e-01
1.953500000000e+03 7.913905370314e-01
1.954000000000e+03 8.479597710070e-01
1.954500000000e+03 8.965228929378e-01
1.955000000000e+03 9.359708495114e-01
1.955500000000e+03 9.654021209770e-01
1.956000000000e+03 9.841435100586e-01
1.956500000000e+03 9.917656861732e-01
1.957000000000e+03 9.880931205591e-01
1.957500000000e+03 9.732081798735e-01
1.958000000000e+03 9.474492832689e-01
1.958500000000e+03 9.114031674757e-01
1.959000000000e+03 8.658914425649e-01
1.959500000000e+03 8.119517544707e-01
1.960000000000e+03 7.508139957354e-01
1.960500000000e+03 6.838721203699e-01
1.961000000000e+03 6.126522194462e-01
1.961500000000e+03 5.387775988288e-01
1.962000000000e+03 4.639316673378e-01
1.962500000000e+03 3.898194913115e-01
1.963000000000e+03 3.181288990044e-01
1.963500000000e+03 2.504920251365e-01
1.964000000000e+03 1.884481722893e-01
1.964500000000e+03 1.334088322338e-01
1.965000000000e+03 8.662565776594e-02
1.965500000000e+03 4.916210552293e-02
1.966000000000e+03 2.186938446784e-02
1.966500000000e+03 5.367245245835e-03
1.967000000000e+03 3.003485680104e-05
1.967500000000e+03 5.978321581938e-03
1.968000000000e+03 2.307626953268e-02
1.968500000000e+03 5.093481332784e-02
1.969000000000e+03 8.892055404483e-02
1.969500000000e+03 1.361701704947e-01
1.970000000000e+03 1.916100176881e-01
1.970500000000e+03 2.539804696891e-01
1.971000000000e+03 3.218644592198e-01
1.971500000000e+03 3.937195735919e-01
1.972000000000e+03 4.679129876782e-01
1.972500000000e+03 5.427584514000e-01
1.973000000000e+03 6.165545028819e-01
1.973500000000e+03 6.876230500733e-01
1.974000000000e+03 7.543474538609e-01
1.974500000000e+03 8.152092549005e-01
1.975000000000e+03 8.688227143973e-01
1.975500000000e+03 9.139663854877e-01
1.976000000000e+03 9.496109958210e-01
1.976500000000e+03 9.749430022742e-01
1.977000000000e+03 9.893832737769e-01
1.977500000000e+03 9.926004661267e-01
1.978000000000e+03 9.845187711585e-01
1.978500000000e+03 9.653198491835e-01
1.979000000000e+03 9.354388854666e-01
1.979500000000e+03 8.955548457442e-01
1.980000000000e+03 8.465751393077e-01
1.980500000000e+03 7.896150279401e-01
1.981000000000e+03 7.259722418208e-01
1.981500000000e+03 6.570973765437e-01
1.982000000000e+03 5.845607456731e-01
1.982500000000e+03 5.100164484034e-01
1.983000000000e+03 4.351644795215e-01
1.983500000000e+03 3.617117572895e-01
1.984000000000e+03 2.913329726391e-01
1.984500000000e+03 2.256321693935e-01
1.985000000000e+03 1.661059497098e-01
1.985500000000e+03 1.141091619150e-01
1.986000000000e+03 7.082387008412e-02
1.986500000000e+03 3.723232752424e-02
1.987000000000e+03 1.409458156731e-02
1.987500000000e+03 1.931227154150e-03
1.988000000000e+03 1.011704292919e-03
1.988500000000e+03 1.134840272208e-02
1.989000000000e+03 3.269669928897e-02
1.989500000000e+03 6.456091317382e-02
1.990000000000e+03 1.062060246595e-01
1.990500000000e+03 1.566748681349e-01
1.991000000000e+03 2.148103828029e-01
1.991500000000e+03 2.792823881791e-01
1.992000000000e+03 3.486182487283e-01
1.992500000000e+03 4.212367052696e-01
1.993000000000e+03 4.954840819592e-01
1.993500000000e+03 5.696720282583e-01
1.994000000000e+03 6.421159260759e-01
1.994500000000e+03 7.111730837843e-01
1.995000000000e+03 7.752798506698e-01
1.995500000000e+03 8.329868171793e-01
1.996000000000e+03 8.829913166906e-01
1.996500000000e+03 9.241665121233e-01
1.997000000000e+03 9.555864334421e-01
1.997500000000e+03 9.765464279214e-01
1.998000000000e+03 9.865785914059e-01
1.998500000000e+03 9.854618631964e-01
1.999000000000e+03 9.732265869137e-01
1.999500000000e+03 9.501534620918e-01
2.000000000000e+03 9.167669336600e-01
