0.000000000000000000e+00 0.000000000000000000e+00
1.000000000000000056e-01 2.307996037269287033e-04
2.000000000000000111e-01 9.229853408514133647e-04
3.000000000000000444e-01 2.075918187712107090e-03
4.000000000000000222e-01 3.688533755393395754e-03
5.000000000000000000e-01 5.759343287154970042e-03
6.000000000000000888e-01 8.286435002752829196e-03
7.000000000000000666e-01 1.126747590582756996e-02
8.000000000000000444e-01 1.469971390719848787e-02
9.000000000000000222e-01 1.857998034612467694e-02
1.000000000000000000e+00 2.290469300032115310e-02
1.100000000000000089e+00 2.766985928977767559e-02
1.200000000000000178e+00 3.287107998772230422e-02
1.300000000000000044e+00 3.850355339000471888e-02
1.400000000000000133e+00 4.456207959495905868e-02
1.500000000000000000e+00 5.104106531653852113e-02
1.600000000000000089e+00 5.793452923626183498e-02
1.700000000000000178e+00 6.523610735052988441e-02
1.800000000000000044e+00 7.293905872898713560e-02
1.900000000000000133e+00 8.103627208487169942e-02
2.000000000000000000e+00 8.952027217726669928e-02
2.100000000000000089e+00 9.838322645990860149e-02
2.200000000000000178e+00 1.076169526396944937e-01
2.300000000000000266e+00 1.172129262928409132e-01
2.400000000000000355e+00 1.271622884445464674e-01
2.500000000000000000e+00 1.374558536497890726e-01
2.600000000000000089e+00 1.480841190176350186e-01
2.700000000000000178e+00 1.590372727059357061e-01
2.800000000000000266e+00 1.703052026319704926e-01
2.900000000000000355e+00 1.818775061196135634e-01
3.000000000000000000e+00 1.937434998259096874e-01
3.100000000000000089e+00 2.058922292357039940e-01
3.200000000000000178e+00 2.183124783663513702e-01
3.300000000000000266e+00 2.309927808199348787e-01
3.400000000000000355e+00 2.439214303945193840e-01
3.500000000000000000e+00 2.570864915174311260e-01
3.600000000000000089e+00 2.704758098295573787e-01
3.700000000000000178e+00 2.840770243587464883e-01
3.800000000000000266e+00 2.978775787532574326e-01
3.900000000000000355e+00 3.118647324904010865e-01
4.000000000000000000e+00 3.260255721922880046e-01
4.100000000000000533e+00 3.403470246405841948e-01
4.200000000000000178e+00 3.548158685916814048e-01
4.299999999999999822e+00 3.694187465861957786e-01
4.400000000000000355e+00 3.841421767612587801e-01
4.500000000000000000e+00 3.989725664860006571e-01
4.600000000000000533e+00 4.138962246949693946e-01
4.700000000000000178e+00 4.288993741011166705e-01
4.800000000000000711e+00 4.439681632999964989e-01
4.900000000000000355e+00 4.590886807372914213e-01
5.000000000000000000e+00 4.742469675262433459e-01
5.100000000000000533e+00 4.894290298175577592e-01
5.200000000000000178e+00 5.046208511126272223e-01
5.300000000000000711e+00 5.198084061261599720e-01
5.400000000000000355e+00 5.349776740773602990e-01
5.500000000000000000e+00 5.501146510233042575e-01
5.600000000000000533e+00 5.652053622384005660e-01
5.700000000000000178e+00 5.802358756163726872e-01
5.800000000000000711e+00 5.951923153069007544e-01
5.900000000000000355e+00 6.100608738847136392e-01
6.000000000000000000e+00 6.248278246113010415e-01
6.100000000000000533e+00 6.394795341490268070e-01
6.200000000000000178e+00 6.540024762669374159e-01
6.300000000000000711e+00 6.683832437589345421e-01
6.400000000000000355e+00 6.826085603766239851e-01
6.500000000000000000e+00 6.966652927747072344e-01
6.600000000000000533e+00 7.105404638932711903e-01
6.700000000000000178e+00 7.242212645406259641e-01
6.800000000000000711e+00 7.376950647741191691e-01
6.900000000000000355e+00 7.509494250872944532e-01
7.000000000000000000e+00 7.639721090721964813e-01
7.100000000000000533e+00 7.767510945280566848e-01
7.200000000000000178e+00 7.892745840973042215e-01
7.300000000000000711e+00 8.015310156764344773e-01
7.400000000000000355e+00 8.135090740913211160e-01
7.500000000000000000e+00 8.251977015040353747e-01
7.600000000000000533e+00 8.365861071623725831e-01
7.700000000000000178e+00 8.476637769345070073e-01
7.800000000000000711e+00 8.584204838825191253e-01
7.900000000000000355e+00 8.688462976831392570e-01
8.000000000000000000e+00 8.789315933684779258e-01
8.099999999999999645e+00 8.886670598789745412e-01
8.200000000000001066e+00 8.980437094493248784e-01
8.300000000000000711e+00 9.070528857905663100e-01
8.400000000000000355e+00 9.156862716857484541e-01
8.500000000000000000e+00 9.239358965395617629e-01
8.599999999999999645e+00 9.317941443826902592e-01
8.700000000000001066e+00 9.392537606691315766e-01
8.800000000000000711e+00 9.463078586157011030e-01
8.900000000000000355e+00 9.529499257428809544e-01
9.000000000000000000e+00 9.591738302213997924e-01
9.099999999999999645e+00 9.649738262472575823e-01
9.200000000000001066e+00 9.703445591241431911e-01
9.300000000000000711e+00 9.752810705974562788e-01
9.400000000000000355e+00 9.797788033976605471e-01
9.500000000000000000e+00 9.838336051835691043e-01
9.600000000000001421e+00 9.874417324985631517e-01
9.700000000000001066e+00 9.905998543959202429e-01
9.800000000000000711e+00 9.933050553173458086e-01
9.900000000000000355e+00 9.955548377602708721e-01
1.000000000000000000e+01 9.973471247642526905e-01
1.010000000000000142e+01 9.986802617080151601e-01
1.020000000000000107e+01 9.995530178142929545e-01
1.030000000000000071e+01 9.999645873718155942e-01
1.040000000000000036e+01 9.999145904139373764e-01
1.050000000000000000e+01 9.994030730988289202e-01
1.060000000000000142e+01 9.984305076584675254e-01
1.070000000000000107e+01 9.969977919628180141e-01
1.080000000000000071e+01 9.951062486947450658e-01
1.090000000000000036e+01 9.927576241198955431e-01
1.100000000000000000e+01 9.899540864872873325e-01
1.110000000000000142e+01 9.866982240221918721e-01
1.120000000000000107e+01 9.829930425211520495e-01
1.130000000000000071e+01 9.788419626107776050e-01
1.140000000000000036e+01 9.742488165671744360e-01
1.150000000000000000e+01 9.692178447538951636e-01
1.160000000000000142e+01 9.637536917711460038e-01
1.170000000000000107e+01 9.578614021346558705e-01
1.180000000000000071e+01 9.515464155576127681e-01
1.190000000000000036e+01 9.448145620300680836e-01
1.200000000000000000e+01 9.376720564467095897e-01
1.210000000000000142e+01 9.301254926977549076e-01
1.220000000000000107e+01 9.221818377301146397e-01
1.230000000000000071e+01 9.138484252130093521e-01
1.240000000000000036e+01 9.051329484977159723e-01
1.250000000000000000e+01 8.960434536304626718e-01
1.260000000000000142e+01 8.865883320702313553e-01
1.270000000000000107e+01 8.767763128554521002e-01
1.280000000000000071e+01 8.666164543128652697e-01
1.290000000000000036e+01 8.561181359498387655e-01
1.300000000000000000e+01 8.452910499700025948e-01
1.310000000000000142e+01 8.341451918963846968e-01
1.320000000000000107e+01 8.226908514386035431e-01
1.330000000000000071e+01 8.109386032066380201e-01
1.340000000000000036e+01 7.988992970953051609e-01
1.350000000000000000e+01 7.865840476489015520e-01
1.360000000000000142e+01 7.740042241507061327e-01
1.370000000000000107e+01 7.611714403268355911e-01
1.380000000000000071e+01 7.480975436240698828e-01
1.390000000000000036e+01 7.347946036595537356e-01
1.400000000000000000e+01 7.212749015419152032e-01
1.410000000000000142e+01 7.075509187469622985e-01
1.420000000000000107e+01 6.936353254818454772e-01
1.430000000000000071e+01 6.795409683794789713e-01
1.440000000000000036e+01 6.652808591674129746e-01
1.450000000000000000e+01 6.508681628812476028e-01
1.460000000000000142e+01 6.363161855859031935e-01
1.470000000000000107e+01 6.216383614040115191e-01
1.480000000000000071e+01 6.068482406950225228e-01
1.490000000000000036e+01 5.919594777677312791e-01
1.500000000000000000e+01 5.769858182648037737e-01
1.510000000000000142e+01 5.619410856124356091e-01
1.520000000000000107e+01 5.468391688682380236e-01
1.530000000000000071e+01 5.316940101105516181e-01
1.540000000000000036e+01 5.165195917725327046e-01
1.550000000000000000e+01 5.013299226685499210e-01
1.560000000000000142e+01 4.861390256250449626e-01
1.570000000000000107e+01 4.709609247676203592e-01
1.580000000000000071e+01 4.558096329890269360e-01
1.590000000000000036e+01 4.406991378524071634e-01
1.600000000000000000e+01 4.256433890517236640e-01
1.610000000000000142e+01 4.106562858840016594e-01
1.619999999999999929e+01 3.957516648570396645e-01
1.630000000000000071e+01 3.809432859539583771e-01
1.640000000000000213e+01 3.662448199337736132e-01
1.650000000000000000e+01 3.516698362348677498e-01
1.660000000000000142e+01 3.372317907570683837e-01
1.669999999999999929e+01 3.229440128907741792e-01
1.680000000000000071e+01 3.088196927979944828e-01
1.690000000000000213e+01 2.948718698449029896e-01
1.700000000000000000e+01 2.811134208118785671e-01
1.710000000000000142e+01 2.675570477789963042e-01
1.719999999999999929e+01 2.542152657243644809e-01
1.730000000000000071e+01 2.411003915647632057e-01
1.740000000000000213e+01 2.282245330186021270e-01
1.750000000000000000e+01 2.155995773841804797e-01
1.760000000000000142e+01 2.032371798064467328e-01
1.769999999999999929e+01 1.911487530415285074e-01
1.780000000000000071e+01 1.793454571576793555e-01
1.790000000000000213e+01 1.678381892367895312e-01
1.800000000000000000e+01 1.566375726087571585e-01
1.810000000000000142e+01 1.457539474977903315e-01
1.819999999999999929e+01 1.351973617086624224e-01
1.830000000000000071e+01 1.249775612997431895e-01
1.840000000000000213e+01 1.151039810251563572e-01
1.850000000000000000e+01 1.055857360284142704e-01
1.860000000000000142e+01 9.643161363400262753e-02
1.869999999999999929e+01 8.765006505700312367e-02
1.880000000000000071e+01 7.924919726833221101e-02
1.890000000000000213e+01 7.123676585627623792e-02
1.900000000000000000e+01 6.362016801845042646e-02
1.910000000000000142e+01 5.640643541880425993e-02
1.920000000000000284e+01 4.960222765306973591e-02
1.930000000000000071e+01 4.321382633752818975e-02
1.940000000000000213e+01 3.724712935836554245e-02
1.950000000000000000e+01 3.170764510558109900e-02
1.960000000000000142e+01 2.660048756446889082e-02
1.970000000000000284e+01 2.193037171201945787e-02
1.980000000000000071e+01 1.770160901348015112e-02
1.990000000000000213e+01 1.391810340210893927e-02
2.000000000000000000e+01 1.058334781352127454e-02
2.010000000000000142e+01 7.700420925848852800e-03
2.020000000000000284e+01 5.271984220828449669e-03
2.030000000000000071e+01 3.300279625318238742e-03
2.040000000000000213e+01 1.787127434448295598e-03
2.050000000000000000e+01 7.339245738176366921e-04
2.060000000000000142e+01 1.416433603799271523e-04
2.070000000000000284e+01 1.083058927627030491e-05
2.080000000000000071e+01 3.416070264347965827e-04
2.090000000000000213e+01 1.133667298362132187e-03
2.100000000000000000e+01 2.386280179205552045e-03
2.110000000000000142e+01 4.098289254464435385e-03
2.120000000000000284e+01 6.268114004413649978e-03
2.130000000000000071e+01 8.893751250785265905e-03
2.140000000000000213e+01 1.197277699784915841e-02
2.150000000000000000e+01 1.550234871755676140e-02
2.160000000000000142e+01 1.947920789201229574e-02
2.170000000000000284e+01 2.389968308825159496e-02
2.180000000000000071e+01 2.875969337078517624e-02
2.190000000000000213e+01 3.405475193864890282e-02
2.200000000000000000e+01 3.977997040092023234e-02
2.210000000000000142e+01 4.593006330753895278e-02
2.220000000000000284e+01 5.249935284713398709e-02
2.230000000000000071e+01 5.948177423014432835e-02
2.240000000000000213e+01 6.687088138450306141e-02
2.250000000000000000e+01 7.465985268614906689e-02
2.260000000000000142e+01 8.284149725502099049e-02
2.270000000000000284e+01 9.140826190398704254e-02
2.280000000000000071e+01 1.003522378962383860e-01
2.290000000000000213e+01 1.096651679909163707e-01
2.300000000000000000e+01 1.193384545245216866e-01
2.310000000000000142e+01 1.293631672821784762e-01
2.320000000000000284e+01 1.397300514322319942e-01
2.330000000000000071e+01 1.504295360848215413e-01
2.340000000000000213e+01 1.614517436333998968e-01
2.350000000000000000e+01 1.727864985489272198e-01
2.360000000000000142e+01 1.844233364098128714e-01
2.370000000000000284e+01 1.963515139919948527e-01
2.380000000000000071e+01 2.085600194246174099e-01
2.390000000000000213e+01 2.210375819854050461e-01
2.400000000000000000e+01 2.337726820776689918e-01
2.410000000000000142e+01 2.467535626564817397e-01
2.420000000000000284e+01 2.599682400378362512e-01
2.430000000000000071e+01 2.734045145855246162e-01
2.440000000000000213e+01 2.870499815357618334e-01
2.450000000000000000e+01 3.008920434486627715e-01
2.460000000000000142e+01 3.149179216322181563e-01
2.470000000000000284e+01 3.291146675521787190e-01
2.480000000000000071e+01 3.434691743191003455e-01
2.490000000000000213e+01 3.579681899145790158e-01
2.500000000000000000e+01 3.725983291778946493e-01
2.510000000000000142e+01 3.873460857602508689e-01
2.520000000000000284e+01 4.021978440386687059e-01
2.530000000000000071e+01 4.171398928854199717e-01
2.540000000000000213e+01 4.321584381599646862e-01
2.550000000000000000e+01 4.472396149937939436e-01
2.560000000000000142e+01 4.623694999638183756e-01
2.570000000000000284e+01 4.775341250677164195e-01
2.580000000000000071e+01 4.927194907008343727e-01
2.590000000000000213e+01 5.079115780294420901e-01
2.600000000000000000e+01 5.230963613442979332e-01
2.610000000000000142e+01 5.382598218014447156e-01
2.620000000000000284e+01 5.533879608525210658e-01
2.630000000000000071e+01 5.684668125380148984e-01
2.640000000000000213e+01 5.834824558535189887e-01
2.650000000000000000e+01 5.984210279459626358e-01
2.660000000000000142e+01 6.132687378185202043e-01
2.670000000000000284e+01 6.280118784326766956e-01
2.680000000000000071e+01 6.426368388950205457e-01
2.690000000000000213e+01 6.571301169275194365e-01
2.700000000000000000e+01 6.714783325265892833e-01
2.710000000000000142e+01 6.856682397937678974e-01
2.720000000000000284e+01 6.996867387241945124e-01
2.730000000000000071e+01 7.135208869107435570e-01
2.740000000000000213e+01 7.271579127466490933e-01
2.750000000000000000e+01 7.405852268898686086e-01
2.760000000000000142e+01 7.537904334343404900e-01
2.770000000000000284e+01 7.667613408627600435e-01
2.780000000000000071e+01 7.794859744248597844e-01
2.790000000000000213e+01 7.919525870697706749e-01
2.800000000000000000e+01 8.041496698237603491e-01
2.810000000000000142e+01 8.160659619462596881e-01
2.820000000000000284e+01 8.276904622711492854e-01
2.830000000000000071e+01 8.390124393535495217e-01
2.840000000000000213e+01 8.500214409245289149e-01
2.850000000000000000e+01 8.607073031334261382e-01
2.860000000000000142e+01 8.710601607674347546e-01
2.870000000000000284e+01 8.810704563260506328e-01
2.880000000000000071e+01 8.907289484280372927e-01
2.890000000000000213e+01 9.000267200534287637e-01
2.900000000000000000e+01 9.089551875350272425e-01
2.910000000000000142e+01 9.175061083340068091e-01
2.920000000000000284e+01 9.256715882618060665e-01
2.930000000000000071e+01 9.334440887225008421e-01
2.940000000000000213e+01 9.408164342441017736e-01
2.950000000000000000e+01 9.477818188458071447e-01
2.960000000000000142e+01 9.543338119882612824e-01
2.970000000000000284e+01 9.604663647779393409e-01
2.980000000000000071e+01 9.661738157722538078e-01
2.990000000000000213e+01 9.714508959203507210e-01
3.000000000000000000e+01 9.762927332867561425e-01
3.010000000000000142e+01 9.806948579257430687e-01
3.020000000000000284e+01 9.846532058945982602e-01
3.030000000000000071e+01 9.881641227824888851e-01
3.040000000000000213e+01 9.912243672863487731e-01
3.050000000000000000e+01 9.938311142628920569e-01
3.060000000000000142e+01 9.959819571462257271e-01
3.070000000000000284e+01 9.976749102456734519e-01
3.080000000000000071e+01 9.989084106698961074e-01
3.090000000000000213e+01 9.996813196434530813e-01
3.100000000000000000e+01 9.999929236102755858e-01
3.110000000000000142e+01 9.998429349071565886e-01
3.120000000000000284e+01 9.992314919937181905e-01
3.130000000000000071e+01 9.981591593600189771e-01
3.140000000000000213e+01 9.966269269795101637e-01
3.150000000000000000e+01 9.946362094049275848e-01
3.160000000000000142e+01 9.921888444679425323e-01
3.170000000000000284e+01 9.892870915667374421e-01
3.180000000000000071e+01 9.859336295940515082e-01
3.190000000000000213e+01 9.821315544729048996e-01
3.200000000000000000e+01 9.778843762588306232e-01
3.210000000000000142e+01 9.731960159351135120e-01
3.220000000000000284e+01 9.680708018187019759e-01
3.230000000000000426e+01 9.625134654715381544e-01
3.239999999999999858e+01 9.565291374039384120e-01
3.250000000000000000e+01 9.501233423902168962e-01
3.260000000000000142e+01 9.433019942184988071e-01
3.270000000000000284e+01 9.360713903124745494e-01
3.280000000000000426e+01 9.284382060114065860e-01
3.289999999999999858e+01 9.204094882677804623e-01
3.300000000000000000e+01 9.119926491118153233e-01
3.310000000000000142e+01 9.031954589620355689e-01
3.320000000000000284e+01 8.940260394816530454e-01
3.330000000000000426e+01 8.844928557692729454e-01
3.339999999999999858e+01 8.746047087854283975e-01
3.350000000000000000e+01 8.643707273731187080e-01
3.360000000000000142e+01 8.538003595504634058e-01
3.370000000000000284e+01 8.429033637411427193e-01
3.380000000000000426e+01 8.316897999920582762e-01
3.389999999999999858e+01 8.201700208697509931e-01
3.400000000000000000e+01 8.083546613251632040e-01
3.410000000000000142e+01 7.962546291481393812e-01
3.420000000000000284e+01 7.838810950963809310e-01
3.430000000000000426e+01 7.712454826342239889e-01
3.439999999999999858e+01 7.583594567752569571e-01
3.450000000000000000e+01 7.452349137402606294e-01
3.460000000000000142e+01 7.318839701815520460e-01
3.470000000000000284e+01 7.183189519038720716e-01
3.480000000000000426e+01 7.045523819015921951e-01
3.489999999999999858e+01 6.905969692999578413e-01
3.500000000000000000e+01 6.764655978461928676e-01
3.510000000000000142e+01 6.621713138559607303e-01
3.520000000000000284e+01 6.477273135528347492e-01
3.530000000000000426e+01 6.331469314443440854e-01
3.539999999999999858e+01 6.184436282402185903e-01
3.550000000000000000e+01 6.036309783214799385e-01
3.560000000000000142e+01 5.887226564589148614e-01
3.570000000000000284e+01 5.737324257930351834e-01
3.580000000000000426e+01 5.586741253452142120e-01
3.589999999999999858e+01 5.435616573162688203e-01
3.600000000000000000e+01 5.284089732943475504e-01
3.610000000000000142e+01 5.132300619805509889e-01
3.620000000000000284e+01 4.980389364885523529e-01
3.630000000000000426e+01 4.828496217200402563e-01
3.639999999999999858e+01 4.676761402808687351e-01
3.650000000000000000e+01 4.525325000344662119e-01
3.660000000000000142e+01 4.374326814419471354e-01
3.670000000000000284e+01 4.223906251161040903e-01
3.680000000000000426e+01 4.074202178379498496e-01
3.689999999999999858e+01 3.925352799569339357e-01
3.700000000000000000e+01 3.777495530725512585e-01
3.710000000000000142e+01 3.630766877162423523e-01
3.720000000000000284e+01 3.485302299890341016e-01
3.730000000000000426e+01 3.341236088509004221e-01
3.739999999999999858e+01 3.198701242998099326e-01
3.750000000000000000e+01 3.057829353658252924e-01
3.760000000000000142e+01 2.918750475774214426e-01
3.770000000000000284e+01 2.781593004043040884e-01
3.780000000000000426e+01 2.646483560132998347e-01
3.789999999999999858e+01 2.513546878162945530e-01
3.800000000000000000e+01 2.382905688213854956e-01
3.810000000000000142e+01 2.254680595829849088e-01
3.820000000000000284e+01 2.128989976294032860e-01
3.830000000000000426e+01 2.005949867692742861e-01
3.840000000000000568e+01 1.885673863554420127e-01
3.850000000000000000e+01 1.768273000715752941e-01
3.860000000000000142e+01 1.653855661696654600e-01
3.870000000000000284e+01 1.542527476991327473e-01
3.880000000000000426e+01 1.434391227219749265e-01
3.890000000000000568e+01 1.329546742028233919e-01
3.900000000000000000e+01 1.228090812214940458e-01
3.910000000000000142e+01 1.130117102566916554e-01
3.920000000000000284e+01 1.035716064085719784e-01
3.930000000000000426e+01 9.449748461801131538e-02
3.940000000000000568e+01 8.579772199831521562e-02
3.950000000000000000e+01 7.748035027988982304e-02
3.960000000000000142e+01 6.955304812531681868e-02
3.970000000000000284e+01 6.202313388012607037e-02
3.980000000000000426e+01 5.489755910198407945e-02
3.990000000000000568e+01 4.818290225230136004e-02
4.000000000000000000e+01 4.188536226412748614e-02
4.010000000000000142e+01 3.601075293232921387e-02
4.020000000000000284e+01 3.056449771932899170e-02
4.030000000000000426e+01 2.555162466889922615e-02
4.040000000000000568e+01 2.097676159239775240e-02
4.050000000000000000e+01 1.684413197501820683e-02
4.060000000000000142e+01 1.315755111747358118e-02
4.070000000000000284e+01 9.920422440160898969e-03
4.080000000000000426e+01 7.135734430154032533e-03
4.090000000000000568e+01 4.806057937598130943e-03
4.100000000000000000e+01 2.933543711296833761e-03
4.110000000000000142e+01 1.519920440468054300e-03
4.120000000000000284e+01 5.664931902128183139e-04
4.130000000000000426e+01 7.414216001854187000e-05
4.140000000000000568e+01 4.332188797048604824e-05
4.150000000000000000e+01 4.740608272699433018e-04
4.160000000000000142e+01 1.365961321409726913e-03
4.170000000000000284e+01 2.718199967278615847e-03
4.180000000000000426e+01 4.529528385437798545e-03
4.190000000000000568e+01 6.798274350680527135e-03
4.200000000000000000e+01 9.522343372175038137e-03
4.210000000000000142e+01 1.269922058782173811e-02
4.220000000000000284e+01 1.632597309844462455e-02
4.230000000000000426e+01 2.039925272258026265e-02
4.240000000000000568e+01 2.491529898463546930e-02
4.250000000000000000e+01 2.986994267310057183e-02
4.260000000000000142e+01 3.525860971834352681e-02
4.270000000000000284e+01 4.107632526281450314e-02
4.280000000000000426e+01 4.731771838483398579e-02
4.290000000000000568e+01 5.397702711429501476e-02
4.300000000000000000e+01 6.104810355152884976e-02
4.310000000000000142e+01 6.852441962029869049e-02
4.320000000000000284e+01 7.639907328949598064e-02
4.330000000000000426e+01 8.466479473082626217e-02
4.340000000000000568e+01 9.331395288487433215e-02
4.350000000000000000e+01 1.023385629350389014e-01
4.360000000000000142e+01 1.117302934945720860e-01
4.370000000000000284e+01 1.214804740067971511e-01
4.380000000000000426e+01 1.315801030392943771e-01
4.390000000000000568e+01 1.420198567842523296e-01
4.400000000000000000e+01 1.527900973634426507e-01
4.410000000000000142e+01 1.638808814420774362e-01
4.420000000000000284e+01 1.752819700845160145e-01
4.430000000000000426e+01 1.869828380168032100e-01
4.440000000000000568e+01 1.989726829903016025e-01
4.450000000000000000e+01 2.112404357140053590e-01
4.460000000000000142e+01 2.237747707757172522e-01
4.470000000000000284e+01 2.365641167098378184e-01
4.480000000000000426e+01 2.495966662746431364e-01
4.490000000000000568e+01 2.628603875738431683e-01
4.500000000000000000e+01 2.763430357806991311e-01
4.510000000000000142e+01 2.900321639663038797e-01
4.520000000000000284e+01 3.039151341370200932e-01
4.530000000000000426e+01 3.179791292873706543e-01
4.540000000000000568e+01 3.322111658172250404e-01
4.550000000000000000e+01 3.465981049882939091e-01
4.560000000000000142e+01 3.611266645689442667e-01
4.570000000000000284e+01 3.757834315001088443e-01
4.580000000000000426e+01 3.905548749515565521e-01
4.590000000000000568e+01 4.054273582375011453e-01
4.600000000000000000e+01 4.203871509191746680e-01
4.610000000000000142e+01 4.354204417323684351e-01
4.620000000000000284e+01 4.505133522247841693e-01
4.630000000000000426e+01 4.656519489671488987e-01
4.640000000000000568e+01 4.808222559583276157e-01
4.650000000000000000e+01 4.960102674770081044e-01
4.660000000000000142e+01 5.112019621721608509e-01
4.670000000000000284e+01 5.263833154452830509e-01
4.680000000000000426e+01 5.415403119744958138e-01
4.690000000000000568e+01 5.566589582509159362e-01
4.700000000000000000e+01 5.717252968492091414e-01
4.710000000000000142e+01 5.867254189154537114e-01
4.720000000000000284e+01 6.016454765686284345e-01
4.730000000000000426e+01 6.164716950657058714e-01
4.740000000000000568e+01 6.311903867969673732e-01
4.750000000000000000e+01 6.457879638548567058e-01
4.760000000000000142e+01 6.602509500393914932e-01
4.770000000000000284e+01 6.745659927173927040e-01
4.780000000000000426e+01 6.887198760360797589e-01
4.790000000000000568e+01 7.026995334800234527e-01
4.800000000000000000e+01 7.164920593392339887e-01
4.810000000000000142e+01 7.300847200983341390e-01
4.820000000000000284e+01 7.434649667035443388e-01
4.830000000000000426e+01 7.566204468005606198e-01
4.840000000000000568e+01 7.695390155640350338e-01
4.850000000000000000e+01 7.822087464215651265e-01
4.860000000000000142e+01 7.946179423371633188e-01
4.870000000000000284e+01 8.067551473749775548e-01
4.880000000000000426e+01 8.186091567637601152e-01
4.890000000000000568e+01 8.301690267773461640e-01
4.900000000000000000e+01 8.414240850324002929e-01
4.910000000000000142e+01 8.523639410597654287e-01
4.920000000000000284e+01 8.629784954462353941e-01
4.930000000000000426e+01 8.732579487187326350e-01
4.940000000000000568e+01 8.831928106477094920e-01
4.950000000000000000e+01 8.927739095587663432e-01
4.960000000000000142e+01 9.019924003912698218e-01
4.970000000000000284e+01 9.108397724709343946e-01
4.980000000000000426e+01 9.193078577739460799e-01
4.990000000000000568e+01 9.273888387489546137e-01
5.000000000000000000e+01 9.350752551668964907e-01
5.010000000000000142e+01 9.423600107271306037e-01
5.020000000000000284e+01 9.492363801400742762e-01
5.030000000000000426e+01 9.556980153077235807e-01
5.040000000000000568e+01 9.617389508516640539e-01
5.050000000000000000e+01 9.673536096381584182e-01
5.060000000000000142e+01 9.725368083004015674e-01
5.070000000000000284e+01 9.772837618082137467e-01
5.080000000000000426e+01 9.815900876720371482e-01
5.090000000000000568e+01 9.854518102871766549e-01
5.100000000000000000e+01 9.888653646040170830e-01
5.110000000000000142e+01 9.918275991975460393e-01
5.120000000000000284e+01 9.943357792937446149e-01
5.130000000000000426e+01 9.963875893992281130e-01
5.140000000000000568e+01 9.979811352765644017e-01
5.150000000000000000e+01 9.991149457464706396e-01
5.160000000000000142e+01 9.997879740977808627e-01
5.170000000000000284e+01 9.999995989796215401e-01
5.180000000000000426e+01 9.997496250247448479e-01
5.190000000000000568e+01 9.990382830068954556e-01
5.200000000000000000e+01 9.978662296352157624e-01
5.210000000000000142e+01 9.962345469501897588e-01
5.220000000000000284e+01 9.941447413146526912e-01
5.230000000000000426e+01 9.915987420360109494e-01
5.240000000000000568e+01 9.885988995798107304e-01
5.250000000000000000e+01 9.851479833870230296e-01
5.260000000000000142e+01 9.812491793457703837e-01
5.270000000000000284e+01 9.769060868301264744e-01
5.280000000000000426e+01 9.721227153574691915e-01
5.290000000000000568e+01 9.669034809440404388e-01
5.300000000000000000e+01 9.612532019917288117e-01
5.310000000000000142e+01 9.551770947939359768e-01
5.320000000000000284e+01 9.486807688133411798e-01
5.330000000000000426e+01 9.417702214944697614e-01
5.340000000000000568e+01 9.344518325877345655e-01
5.350000000000000000e+01 9.267323583960118683e-01
5.360000000000000142e+01 9.186189256232256684e-01
5.370000000000000284e+01 9.101190245219943353e-01
5.380000000000000426e+01 9.012405021301110875e-01
5.390000000000000568e+01 8.919915551573346368e-01
5.400000000000000000e+01 8.823807222668668127e-01
5.410000000000000142e+01 8.724168760588424387e-01
5.420000000000000284e+01 8.621092150963097778e-01
5.430000000000000426e+01 8.514672555795103071e-01
5.440000000000000568e+01 8.405008220779818240e-01
5.450000000000000000e+01 8.292200386723415084e-01
5.460000000000000142e+01 8.176353197965943176e-01
5.470000000000000284e+01 8.057573606389859533e-01
5.480000000000000426e+01 7.935971267590489209e-01
5.490000000000000568e+01 7.811658443517661699e-01
5.500000000000000000e+01 7.684749900837123393e-01
5.510000000000000142e+01 7.555362802905450925e-01
5.520000000000000284e+01 7.423616597674176365e-01
5.530000000000000426e+01 7.289632911837041762e-01
5.540000000000000568e+01 7.153535440937401901e-01
5.550000000000000000e+01 7.015449831312795537e-01
5.560000000000000142e+01 6.875503561028754040e-01
5.570000000000000284e+01 6.733825826932244851e-01
5.580000000000000426e+01 6.590547428103280536e-01
5.590000000000000568e+01 6.445800640471172072e-01
5.600000000000000000e+01 6.299719091409060612e-01
5.610000000000000142e+01 6.152437641644985522e-01
5.620000000000000284e+01 6.004092263515298233e-01
5.630000000000000426e+01 5.854819911437663116e-01
5.640000000000000568e+01 5.704758390616624375e-01
5.650000000000000000e+01 5.554046235813812071e-01
5.660000000000000142e+01 5.402822585941514655e-01
5.670000000000000284e+01 5.251227053690044055e-01
5.680000000000000426e+01 5.099399589135262811e-01
5.690000000000000568e+01 4.947480357017593477e-01
5.700000000000000000e+01 4.795609609513314386e-01
5.710000000000000142e+01 4.643927557814271356e-01
5.720000000000000284e+01 4.492574232421276959e-01
5.730000000000000426e+01 4.341689359985937968e-01
5.740000000000000568e+01 4.191412236563577531e-01
5.750000000000000000e+01 4.041881602695071574e-01
5.760000000000000142e+01 3.893235503722445867e-01
5.770000000000000284e+01 3.745611166653568525e-01
5.780000000000000426e+01 3.599144876691858230e-01
5.790000000000000568e+01 3.453971855768386279e-01
5.800000000000000000e+01 3.310226127633796867e-01
5.810000000000000142e+01 3.168040395107702412e-01
5.820000000000000284e+01 3.027545922354163976e-01
5.830000000000000426e+01 2.888872416866645199e-01
5.840000000000000568e+01 2.752147903311004673e-01
5.850000000000000000e+01 2.617498602723982160e-01
5.860000000000000142e+01 2.485048821531845309e-01
5.870000000000000284e+01 2.354920839356127726e-01
5.880000000000000426e+01 2.227234792295958998e-01
5.890000000000000568e+01 2.102108557461973559e-01
5.900000000000000000e+01 1.979657649602308001e-01
5.910000000000000142e+01 1.859995116805153170e-01
5.920000000000000284e+01 1.743231433502194505e-01
5.930000000000000426e+01 1.629474393652027564e-01
5.940000000000000568e+01 1.518829016149604583e-01
5.950000000000000000e+01 1.411397450076625759e-01
5.960000000000000142e+01 1.307278877782372672e-01
5.970000000000000284e+01 1.206569419550548722e-01
5.980000000000000426e+01 1.109362049103162218e-01
5.990000000000000568e+01 1.015746509697751515e-01
6.000000000000000000e+01 9.258092279258366142e-02
6.010000000000000142e+01 8.396332322133089054e-02
6.020000000000000284e+01 7.572980794698652707e-02
6.030000000000000426e+01 6.788797830691081781e-02
6.040000000000000568e+01 6.044507385555211026e-02
6.050000000000000000e+01 5.340796575889751596e-02
6.060000000000000142e+01 4.678315067080848072e-02
6.070000000000000284e+01 4.057674473168294133e-02
6.080000000000000426e+01 3.479447761255967386e-02
6.090000000000000568e+01 2.944168744059873222e-02
6.100000000000000000e+01 2.452331597545175101e-02
6.110000000000000142e+01 2.004390385909612243e-02
6.120000000000000284e+01 1.600758642119019109e-02
6.130000000000000426e+01 1.241809000026116924e-02
6.140000000000000568e+01 9.278728450395368546e-03
6.150000000000000000e+01 6.592399989000400327e-03
6.160000000000000142e+01 4.361584629328191937e-03
6.170000000000000284e+01 2.588341880482213694e-03
6.180000000000000426e+01 1.274308780344437326e-03
6.190000000000000568e+01 4.206984438025334087e-04
6.200000000000000000e+01 2.829892610979410013e-05
6.210000000000000142e+01 9.747248840001902694e-05
6.220000000000000284e+01 6.281552695657899700e-04
6.230000000000000426e+01 1.619857345350800846e-03
6.240000000000000568e+01 3.071663176784015029e-03
6.250000000000000000e+01 4.982232458998541065e-03
6.260000000000000142e+01 7.349801362786801892e-03
6.270000000000000284e+01 1.017218413834152825e-02
6.280000000000000426e+01 1.344677518617647984e-02
6.290000000000000568e+01 1.717055139571893249e-02
6.300000000000000000e+01 2.134007497170683013e-02
6.310000000000000142e+01 2.595149665498273223e-02
6.320000000000000284e+01 3.100055915249950653e-02
6.330000000000000426e+01 3.648260116681843052e-02
6.340000000000000568e+01 4.239256174526590676e-02
6.350000000000000000e+01 4.872498477862264449e-02
6.360000000000000142e+01 5.547402414463146331e-02
6.370000000000000284e+01 6.263344922374247670e-02
6.380000000000000426e+01 7.019665044289061240e-02
6.390000000000000568e+01 7.815664535326385942e-02
6.400000000000000000e+01 8.650608538781963397e-02
6.410000000000000853e+01 9.523726244165089949e-02
6.420000000000000284e+01 1.043421157391923593e-01
6.429999999999999716e+01 1.138122397100927580e-01
6.440000000000000568e+01 1.236388916938682275e-01
6.450000000000000000e+01 1.338129997067405708e-01
6.460000000000000853e+01 1.443251708392916943e-01
6.470000000000000284e+01 1.551657004103881576e-01
6.479999999999999716e+01 1.663245806090418999e-01
6.490000000000000568e+01 1.777915093764181609e-01
6.500000000000000000e+01 1.895559003655105657e-01
6.510000000000000853e+01 2.016068929091841544e-01
6.520000000000000284e+01 2.139333616879960653e-01
6.529999999999999716e+01 2.265239265910704847e-01
6.540000000000000568e+01 2.393669640340168048e-01
6.550000000000000000e+01 2.524506175850835255e-01
6.560000000000000853e+01 2.657628085409289853e-01
6.570000000000000284e+01 2.792912466969450502e-01
6.579999999999999716e+01 2.930234426871385911e-01
6.590000000000000568e+01 3.069467192424120139e-01
6.600000000000000000e+01 3.210482225092742836e-01
6.610000000000000853e+01 3.353149335340586124e-01
6.620000000000000284e+01 3.497336813949563084e-01
6.629999999999999716e+01 3.642911550289413269e-01
6.640000000000000568e+01 3.789739151255516747e-01
6.650000000000000000e+01 3.937684060628369176e-01
6.660000000000000853e+01 4.086609696409795878e-01
6.670000000000000284e+01 4.236378573985450924e-01
6.679999999999999716e+01 4.386852428904108869e-01
6.690000000000000568e+01 4.537892338508674461e-01
6.700000000000000000e+01 4.689358862605342293e-01
6.710000000000000853e+01 4.841112171082803672e-01
6.720000000000000284e+01 4.993012168033149623e-01
6.729999999999999716e+01 5.144918614876768936e-01
6.740000000000000568e+01 5.296691269936679713e-01
6.750000000000000000e+01 5.448190020468782757e-01
6.760000000000000853e+01 5.599275006019515111e-01
6.770000000000000284e+01 5.749806741935648002e-01
6.779999999999999716e+01 5.899646253966941423e-01
6.790000000000000568e+01 6.048655213579797740e-01
6.800000000000000000e+01 6.196696059250921262e-01
6.810000000000000853e+01 6.343632118505014850e-01
6.820000000000000284e+01 6.489327735300144395e-01
6.829999999999999716e+01 6.633648405871475084e-01
6.840000000000000568e+01 6.776460897072811296e-01
6.850000000000000000e+01 6.917633364860875655e-01
6.860000000000000853e+01 7.057035473623854971e-01
6.870000000000000284e+01 7.194538528712548509e-01
6.879999999999999716e+01 7.330015590927152491e-01
6.890000000000000568e+01 7.463341589280200195e-01
6.900000000000000000e+01 7.594393432298699453e-01
6.910000000000000853e+01 7.723050133400077844e-01
6.920000000000000284e+01 7.849192920087990633e-01
6.929999999999999716e+01 7.972705339102094113e-01
6.940000000000000568e+01 8.093473359519812727e-01
6.950000000000000000e+01 8.211385488314951742e-01
6.960000000000000853e+01 8.326332872033698207e-01
6.970000000000000284e+01 8.438209392863258440e-01
6.979999999999999716e+01 8.546911762744482388e-01
6.990000000000000568e+01 8.652339627723457660e-01
7.000000000000000000e+01 8.754395659455115331e-01
7.010000000000000853e+01 8.852985640878568985e-01
7.020000000000000284e+01 8.948018550605099097e-01
7.029999999999999716e+01 9.039406654794996943e-01
7.040000000000000568e+01 9.127065586234206496e-01
7.050000000000000000e+01 9.210914418288335126e-01
7.060000000000000853e+01 9.290875739429624858e-01
7.070000000000000284e+01 9.366875730463524174e-01
7.079999999999999716e+01 9.438844229927312313e-01
7.090000000000000568e+01 9.506714795472697155e-01
7.100000000000000000e+01 9.570424768028239493e-01
7.110000000000000853e+01 9.629915331902606512e-01
7.120000000000000284e+01 9.685131566144664639e-01
7.129999999999999716e+01 9.736022493701430580e-01
7.140000000000000568e+01 9.782541132434884323e-01
7.150000000000000000e+01 9.824644537399007671e-01
7.160000000000000853e+01 9.862293838111434452e-01
7.170000000000000284e+01 9.895454276400785787e-01
7.179999999999999716e+01 9.924095239338300845e-01
7.190000000000000568e+01 9.948190285497006125e-01
7.200000000000000000e+01 9.967717169907160946e-01
7.210000000000000853e+01 9.982657865800322883e-01
7.220000000000000284e+01 9.992998579912814039e-01
7.229999999999999716e+01 9.998729765565296246e-01
7.240000000000000568e+01 9.999846131868238563e-01
7.250000000000000000e+01 9.996346648101301913e-01
7.260000000000000853e+01 9.988234545030092448e-01
7.270000000000000284e+01 9.975517311713230084e-01
7.279999999999999716e+01 9.958206688678433727e-01
7.290000000000000568e+01 9.936318657092174655e-01
7.300000000000000000e+01 9.909873423899530076e-01
7.310000000000000853e+01 9.878895403317697888e-01
7.320000000000000284e+01 9.843413194275241196e-01
7.329999999999999716e+01 9.803459553756371792e-01
7.340000000000000568e+01 9.759071366964076066e-01
7.350000000000000000e+01 9.710289613142428777e-01
7.360000000000000853e+01 9.657159327261546355e-01
7.370000000000000284e+01 9.599729559181414684e-01
7.379999999999999716e+01 9.538053328330177161e-01
7.390000000000000568e+01 9.472187573661886573e-01
7.400000000000000000e+01 9.402193102204333686e-01
7.410000000000000853e+01 9.328134533518850358e-01
7.420000000000000284e+01 9.250080237804261252e-01
7.429999999999999716e+01 9.168102274253170370e-01
7.440000000000000568e+01 9.082276325603302336e-01
7.450000000000000000e+01 8.992681626297037711e-01
7.460000000000000853e+01 8.899400889159611028e-01
7.470000000000000284e+01 8.802520230798287493e-01
7.479999999999999716e+01 8.702129092747771244e-01
7.490000000000000568e+01 8.598320154893280831e-01
7.500000000000000000e+01 8.491189252675235277e-01
7.510000000000000853e+01 8.380835290269761373e-01
7.520000000000000284e+01 8.267360147110693891e-01
7.529999999999999716e+01 8.150868581752855890e-01
7.540000000000000568e+01 8.031468138242096044e-01
7.550000000000000000e+01 7.909269049145383201e-01
7.560000000000000853e+01 7.784384128366109712e-01
7.570000000000000284e+01 7.656928667769854480e-01
7.579999999999999716e+01 7.527020333332068436e-01
7.590000000000000568e+01 7.394779059333682625e-01
7.600000000000000000e+01 7.260326929903868631e-01
7.610000000000000853e+01 7.123788069159622260e-01
7.620000000000000284e+01 6.985288528977069422e-01
7.629999999999999716e+01 6.844956175556454747e-01
7.640000000000000568e+01 6.702920562390423109e-01
7.650000000000000000e+01 6.559312814427015192e-01
7.660000000000000853e+01 6.414265509390592035e-01
7.670000000000000284e+01 6.267912558857785532e-01
7.680000000000001137e+01 6.120389074618751701e-01
7.690000000000000568e+01 5.971831247714872726e-01
7.700000000000000000e+01 5.822376225374679137e-01
7.710000000000000853e+01 5.672161988696884372e-01
7.720000000000000284e+01 5.521327214785008985e-01
7.730000000000001137e+01 5.370011151267459759e-01
7.740000000000000568e+01 5.218353491432843327e-01
7.750000000000000000e+01 5.066494249511641623e-01
7.760000000000000853e+01 4.914573622440862044e-01
7.770000000000000284e+01 4.762731859990830263e-01
7.780000000000001137e+01 4.611109140575442855e-01
7.790000000000000568e+01 4.459845445037393663e-01
7.800000000000000000e+01 4.309080422053244153e-01
7.810000000000000853e+01 4.158953254597406723e-01
7.820000000000000284e+01 4.009602537862295701e-01
7.830000000000001137e+01 3.861166153758452957e-01
7.840000000000000568e+01 3.713781142162130844e-01
7.850000000000000000e+01 3.567583566123029293e-01
7.860000000000000853e+01 3.422708392738074701e-01
7.870000000000000284e+01 3.279289370782930702e-01
7.880000000000001137e+01 3.137458908843061001e-01
7.890000000000000568e+01 2.997347942827236489e-01
7.900000000000000000e+01 2.859085820499963626e-01
7.910000000000000853e+01 2.722800184626025244e-01
7.920000000000000284e+01 2.588616858203219850e-01
7.930000000000001137e+01 2.456659718161181005e-01
7.940000000000000568e+01 2.327050584661422838e-01
7.950000000000000000e+01 2.199909111731077893e-01
7.960000000000000853e+01 2.075352679937716160e-01
7.970000000000000284e+01 1.953496279249466172e-01
7.980000000000001137e+01 1.834452405022537758e-01
7.990000000000000568e+01 1.718330957493014455e-01
8.000000000000000000e+01 1.605239142963253707e-01
8.010000000000000853e+01 1.495281367405094652e-01
8.020000000000000284e+01 1.388559141699189647e-01
8.030000000000001137e+01 1.285170991013142860e-01
8.040000000000000568e+01 1.185212365814270613e-01
8.050000000000000000e+01 1.088775547251147474e-01
8.060000000000000853e+01 9.959495640705622044e-02
8.070000000000000284e+01 9.068201129820029072e-02
8.080000000000001137e+01 8.214694802231020665e-02
8.090000000000000568e+01 7.399764604611883123e-02
8.100000000000000000e+01 6.624162868399936788e-02
8.110000000000000853e+01 5.888605634215496321e-02
8.120000000000000284e+01 5.193771977671714918e-02
8.130000000000001137e+01 4.540303357888841873e-02
8.140000000000000568e+01 3.928803051397706386e-02
8.150000000000000000e+01 3.359835604746399390e-02
8.160000000000000853e+01 2.833926286609620565e-02
8.170000000000000284e+01 2.351560608970829774e-02
8.180000000000001137e+01 1.913183893862081472e-02
8.190000000000000568e+01 1.519200854496179955e-02
8.200000000000000000e+01 1.169975210524907064e-02
8.210000000000000853e+01 8.658293659713147891e-03
8.220000000000000284e+01 6.070441117418016487e-03
8.230000000000001137e+01 3.938583555418269377e-03
8.240000000000000568e+01 2.264689096981578869e-03
8.250000000000000000e+01 1.050303091597001078e-03
8.260000000000000853e+01 2.965466511692078184e-04
8.270000000000000284e+01 4.115644738584211655e-06
8.280000000000001137e+01 1.732800439955073997e-04
8.290000000000000568e+01 8.038836769175013554e-04
8.300000000000000000e+01 1.895344370445336711e-03
8.310000000000000853e+01 3.446654492574644218e-03
8.320000000000000284e+01 5.456381870115260824e-03
8.330000000000001137e+01 7.922671137252576545e-03
8.340000000000000568e+01 1.084324540535975059e-02
8.350000000000000000e+01 1.421540840987859343e-02
8.360000000000000853e+01 1.803604699471710385e-02
8.370000000000000284e+01 2.230163391268440501e-02
8.380000000000001137e+01 2.700823120663032456e-02
8.390000000000000568e+01 3.215149377874120667e-02
8.400000000000000000e+01 3.772667330981857581e-02
8.410000000000000853e+01 4.372862284263919624e-02
8.420000000000000284e+01 5.015180143650977557e-02
8.430000000000001137e+01 5.699027912323211681e-02
8.440000000000000568e+01 6.423774266200402150e-02
8.450000000000000000e+01 7.188750129208415496e-02
8.460000000000000853e+01 7.993249267849289463e-02
8.470000000000000284e+01 8.836528965349187137e-02
8.480000000000001137e+01 9.717810719020852916e-02
8.490000000000000568e+01 1.063628093279360143e-01
8.500000000000000000e+01 1.159109165819464382e-01
8.510000000000000853e+01 1.258136142539174884e-01
8.520000000000000284e+01 1.360617603245936058e-01
8.530000000000001137e+01 1.466458935718049639e-01
8.540000000000000568e+01 1.575562426416721451e-01
8.550000000000000000e+01 1.687827352910862000e-01
8.560000000000000853e+01 1.803150073569327327e-01
8.570000000000000284e+01 1.921424119668241060e-01
8.580000000000001137e+01 2.042540301052039042e-01
8.590000000000000568e+01 2.166386805616392908e-01
8.600000000000000000e+01 2.292849298950532522e-01
8.610000000000000853e+01 2.421811027494735480e-01
8.620000000000000284e+01 2.553152935128001899e-01
8.630000000000001137e+01 2.686753769669712466e-01
8.640000000000000568e+01 2.822490190909674457e-01
8.650000000000000000e+01 2.960236883279288023e-01
8.660000000000000853e+01 3.099866680886519954e-01
8.670000000000000284e+01 3.241250680460201483e-01
8.680000000000001137e+01 3.384258356214772667e-01
8.690000000000000568e+01 3.528757679289545313e-01
8.700000000000000000e+01 3.674615249908054215e-01
8.710000000000000853e+01 3.821696415620957632e-01
8.720000000000000284e+01 3.969865391449058922e-01
8.730000000000001137e+01 4.118985382937466189e-01
8.740000000000000568e+01 4.268918724230711392e-01
8.750000000000000000e+01 4.419527000417555751e-01
8.760000000000000853e+01 4.570671171238951946e-01
8.770000000000000284e+01 4.722211694925249614e-01
8.780000000000001137e+01 4.874008670184775682e-01
8.790000000000000568e+01 5.025921961836721241e-01
8.800000000000000000e+01 5.177811325887845539e-01
8.810000000000000853e+01 5.329536532662707549e-01
8.820000000000000284e+01 5.480957508999515504e-01
8.830000000000001137e+01 5.631934466974994891e-01
8.840000000000000568e+01 5.782328027575552865e-01
8.850000000000000000e+01 5.931999343335125907e-01
8.860000000000000853e+01 6.080810235467297709e-01
8.870000000000000284e+01 6.228623325403346289e-01
8.880000000000001137e+01 6.375302155408384408e-01
8.890000000000000568e+01 6.520711309205330375e-01
8.900000000000000000e+01 6.664716541324827714e-01
8.910000000000000853e+01 6.807184909104123660e-01
8.920000000000000284e+01 6.947984889261742403e-01
8.930000000000001137e+01 7.086986494494965649e-01
8.940000000000000568e+01 7.224061393981650037e-01
8.950000000000000000e+01 7.359083042284829679e-01
8.960000000000000853e+01 7.491926790906140443e-01
8.970000000000000284e+01 7.622469998815603054e-01
8.980000000000001137e+01 7.750592143938677125e-01
8.990000000000000568e+01 7.876174945286654738e-01
9.000000000000000000e+01 7.999102468088933326e-01
9.010000000000000853e+01 8.119261226391301101e-01
9.020000000000000284e+01 8.236540285478912704e-01
9.030000000000001137e+01 8.350831374320276668e-01
9.040000000000000568e+01 8.462028982327476356e-01
9.050000000000000000e+01 8.570030452437165103e-01
9.060000000000000853e+01 8.674736074189304258e-01
9.070000000000000284e+01 8.776049184376958356e-01
9.080000000000001137e+01 8.873876253290170490e-01
9.090000000000000568e+01 8.968126966898816166e-01
9.100000000000000000e+01 9.058714310300753914e-01
9.110000000000000853e+01 9.145554654559886476e-01
9.120000000000000284e+01 9.228567830704831332e-01
9.130000000000001137e+01 9.307677199964154990e-01
9.140000000000000568e+01 9.382809727135853484e-01
9.150000000000000000e+01 9.453896051384624855e-01
9.160000000000000853e+01 9.520870547031974329e-01
9.170000000000000284e+01 9.583671381580908255e-01
9.180000000000001137e+01 9.642240577265274171e-01
9.190000000000000568e+01 9.696524064409290933e-01
9.200000000000000000e+01 9.746471728349322960e-01
9.210000000000000853e+01 9.792037456388960059e-01
9.220000000000000284e+01 9.833179183060684059e-01
9.230000000000001137e+01 9.869858926923166242e-01
9.240000000000000568e+01 9.902042824352685901e-01
9.250000000000000000e+01 9.929701163421045251e-01
9.260000000000000853e+01 9.952808410555263885e-01
9.270000000000000284e+01 9.971343232656780797e-01
9.280000000000001137e+01 9.985288518398496294e-01
9.290000000000000568e+01 9.994631393843843581e-01
9.300000000000000000e+01 9.999363233436758813e-01
9.310000000000000853e+01 9.999479668815918210e-01
9.320000000000000284e+01 9.994980592474724812e-01
9.330000000000001137e+01 9.985870157924394697e-01
9.340000000000000568e+01 9.972156775952590868e-01
9.350000000000000000e+01 9.953853106686654240e-01
9.360000000000000853e+01 9.930976048062996053e-01
9.370000000000000284e+01 9.903546720174353224e-01
9.380000000000001137e+01 9.871590445657305590e-01
9.390000000000000568e+01 9.835136726543385333e-01
9.400000000000000000e+01 9.794219216914501480e-01
9.410000000000000853e+01 9.748875691575736857e-01
9.420000000000000284e+01 9.699148011710299055e-01
9.430000000000001137e+01 9.645082085983789355e-01
9.440000000000000568e+01 9.586727827645518119e-01
9.450000000000000000e+01 9.524139109326925645e-01
9.460000000000000853e+01 9.457373713283074856e-01
9.470000000000000284e+01 9.386493276700343946e-01
9.480000000000001137e+01 9.311563236079123396e-01
9.490000000000000568e+01 9.232652767627449464e-01
9.500000000000000000e+01 9.149834720826955925e-01
9.510000000000000853e+01 9.063185552634195341e-01
9.520000000000000284e+01 8.972785258149178489e-01
9.530000000000001137e+01 8.878717295184046510e-01
9.540000000000000568e+01 8.781068506131903817e-01
9.550000000000000000e+01 8.679929039844178629e-01
9.560000000000000853e+01 8.575392269884885010e-01
9.570000000000000284e+01 8.467554703626769541e-01
9.580000000000001137e+01 8.356515895489936563e-01
9.590000000000000568e+01 8.242378356847331888e-01
9.600000000000000000e+01 8.125247460975262292e-01
9.610000000000000853e+01 8.005231341357765817e-01
9.620000000000000284e+01 7.882440795658519628e-01
9.630000000000001137e+01 7.756989185456936164e-01
9.640000000000000568e+01 7.628992328642409948e-01
9.650000000000000000e+01 7.498568389728356154e-01
9.660000000000000853e+01 7.365837774808283722e-01
9.670000000000000284e+01 7.230923022975108694e-01
9.680000000000001137e+01 7.093948688087191590e-01
9.690000000000000568e+01 6.955041222353842700e-01
9.700000000000000000e+01 6.814328863718485119e-01
9.710000000000000853e+01 6.671941520552389093e-01
9.720000000000000284e+01 6.528010645406024937e-01
9.730000000000001137e+01 6.382669112453773774e-01
9.740000000000000568e+01 6.236051099388516539e-01
9.750000000000000000e+01 6.088291966758472284e-01
9.760000000000000853e+01 5.939528126872110070e-01
9.770000000000000284e+01 5.789896915422744206e-01
9.780000000000001137e+01 5.639536470100697807e-01
9.790000000000000568e+01 5.488585605985204507e-01
9.800000000000000000e+01 5.337183683013150270e-01
9.810000000000000853e+01 5.185470472277307064e-01
9.820000000000000284e+01 5.033586033260917247e-01
9.830000000000001137e+01 4.881670586974150572e-01
9.840000000000000568e+01 4.729864385123622728e-01
9.850000000000000000e+01 4.578307572332183661e-01
9.860000000000000853e+01 4.427140063339807252e-01
9.870000000000000284e+01 4.276501415978097298e-01
9.880000000000001137e+01 4.126530704232230229e-01
9.890000000000000568e+01 3.977366378971590177e-01
9.900000000000000000e+01 3.829146145856129335e-01
9.910000000000000853e+01 3.682006840681065762e-01
9.920000000000000284e+01 3.536084307062135057e-01
9.930000000000001137e+01 3.391513259743051956e-01
9.940000000000000568e+01 3.248427163623403002e-01
9.950000000000000000e+01 3.106958114212804434e-01
9.960000000000000853e+01 2.967236719557360125e-01
9.970000000000000284e+01 2.829391970762404340e-01
9.980000000000001137e+01 2.693551123015526239e-01
9.990000000000000568e+01 2.559839582959888560e-01
1.000000000000000000e+02 2.428380795807946468e-01
1.001000000000000085e+02 2.299296125505532751e-01
1.002000000000000028e+02 2.172704740216481190e-01
1.003000000000000114e+02 2.048723507480564865e-01
1.004000000000000057e+02 1.927466888782361776e-01
1.005000000000000000e+02 1.809046829666512701e-01
1.006000000000000085e+02 1.693572653088017965e-01
1.007000000000000028e+02 1.581150963331240111e-01
1.008000000000000114e+02 1.471885549818118810e-01
1.009000000000000057e+02 1.365877287509046634e-01
1.010000000000000000e+02 1.263224041130243669e-01
1.011000000000000085e+02 1.164020578999767352e-01
1.012000000000000028e+02 1.068358487468285822e-01
1.013000000000000114e+02 9.763260822183451870e-02
1.014000000000000057e+02 8.880083258462363738e-02
1.015000000000000000e+02 8.034867525842395719e-02
1.016000000000000085e+02 7.228393944855070197e-02
1.017000000000000028e+02 6.461407047785099056e-02
1.018000000000000114e+02 5.734614904336932106e-02
1.019000000000000057e+02 5.048688489476523683e-02
1.020000000000000000e+02 4.404261061732124560e-02
1.021000000000000085e+02 3.801927547446906641e-02
1.022000000000000028e+02 3.242244014582525841e-02
1.023000000000000114e+02 2.725727169967959163e-02
1.024000000000000057e+02 2.252853861985493547e-02
1.025000000000000000e+02 1.824060640450774970e-02
1.026000000000000085e+02 1.439743368253363492e-02
1.027000000000000028e+02 1.100256850705129061e-02
1.028000000000000114e+02 8.059144972625843437e-03
1.029000000000000057e+02 5.569880439235226459e-03
1.030000000000000000e+02 3.537073021239384770e-03
1.031000000000000085e+02 1.962599384318080599e-03
1.032000000000000028e+02 8.479130795674057761e-04
1.033000000000000114e+02 1.940431899219297713e-04
1.034000000000000057e+02 1.593363665294075945e-06
1.035000000000000000e+02 2.707412714320079077e-04
1.036000000000000085e+02 1.001238435747847525e-03
1.037000000000000028e+02 2.192410464030324687e-03
1.038000000000000114e+02 3.843157665573783410e-03
1.039000000000000057e+02 5.951956080165950701e-03
1.040000000000000000e+02 8.516858855453340524e-03
1.041000000000000085e+02 1.153549809174557982e-02
1.042000000000000028e+02 1.500508698156093577e-02
1.043000000000000114e+02 1.892242238886551742e-02
1.044000000000000057e+02 2.328388787107285585e-02
1.045000000000000000e+02 2.808545690510977702e-02
1.046000000000000085e+02 3.332269667111144307e-02
1.047000000000000028e+02 3.899077221385832681e-02
1.048000000000000114e+02 4.508445074324161223e-02
1.049000000000000057e+02 5.159810653991539486e-02
1.050000000000000000e+02 5.852572628446629094e-02
1.051000000000000085e+02 6.586091441327668328e-02
1.052000000000000028e+02 7.359689898092575122e-02
1.053000000000000114e+02 8.172653822025142956e-02
1.054000000000000057e+02 9.024232694360229123e-02
1.055000000000000000e+02 9.913640323031855384e-02
1.056000000000000085e+02 1.084005560976579463e-01
1.057000000000000028e+02 1.180262330322720543e-01
1.058000000000000114e+02 1.280045475869246441e-01
1.059000000000000057e+02 1.383262876195714142e-01
1.060000000000000000e+02 1.489819242531745525e-01
1.061000000000000085e+02 1.599616203621986588e-01
1.062000000000000028e+02 1.712552393045254640e-01
1.063000000000000114e+02 1.828523547519509962e-01
1.064000000000000057e+02 1.947422604623285092e-01
1.065000000000000000e+02 2.069139798144209175e-01
1.066000000000000085e+02 2.193562755614978377e-01
1.067000000000000028e+02 2.320576610278466123e-01
1.068000000000000114e+02 2.450064105498757083e-01
1.069000000000000057e+02 2.581905699331938919e-01
1.070000000000000000e+02 2.715979671844999666e-01
1.071000000000000085e+02 2.852162247153854358e-01
1.072000000000000028e+02 2.990327704383760055e-01
1.073000000000000114e+02 3.130348489842579851e-01
1.074000000000000057e+02 3.272095332077899488e-01
1.075000000000000000e+02 3.415437371885332585e-01
1.076000000000000085e+02 3.560242279076902272e-01
1.077000000000000028e+02 3.706376370656138119e-01
1.078000000000000114e+02 3.853704730791045474e-01
1.079000000000000057e+02 4.002091347249627784e-01
1.080000000000000000e+02 4.151399232979846032e-01
1.081000000000000085e+02 4.301490548554218751e-01
1.082000000000000028e+02 4.452226724341498687e-01
1.083000000000000114e+02 4.603468601315369724e-01
1.084000000000000057e+02 4.755076556701203216e-01
1.085000000000000000e+02 4.906910628501798821e-01
1.086000000000000085e+02 5.058830638306549554e-01
1.087000000000000028e+02 5.210696332880233594e-01
1.088000000000000114e+02 5.362367513691501664e-01
1.089000000000000057e+02 5.513704160866325088e-01
1.090000000000000000e+02 5.664566556477234061e-01
1.091000000000000085e+02 5.814815421933141604e-01
1.092000000000000028e+02 5.964312051098125123e-01
1.093000000000000114e+02 6.112918432055498563e-01
1.094000000000000057e+02 6.260497369218147590e-01
1.095000000000000000e+02 6.406912613725382899e-01
1.096000000000000085e+02 6.552028997941016231e-01
1.097000000000000028e+02 6.695712554025802232e-01
1.098000000000000114e+02 6.837830632874046799e-01
1.099000000000000057e+02 6.978252026209866843e-01
1.100000000000000000e+02 7.116847098970010554e-01
1.101000000000000085e+02 7.253487903792459335e-01
1.102000000000000028e+02 7.388048294664548710e-01
1.103000000000000114e+02 7.520404040505639376e-01
1.104000000000000057e+02 7.650432951563255202e-01
1.105000000000000000e+02 7.778014988560588705e-01
1.106000000000000085e+02 7.903032369086600006e-01
1.107000000000000028e+02 8.025369672641707863e-01
1.108000000000000114e+02 8.144913957948215488e-01
1.109000000000000057e+02 8.261554864819214972e-01
1.110000000000000000e+02 8.375184711671097570e-01
1.111000000000000085e+02 8.485698591587326201e-01
1.112000000000000028e+02 8.592994478603778186e-01
1.113000000000000114e+02 8.696973319893008814e-01
1.114000000000000057e+02 8.797539123003038641e-01
1.115000000000000000e+02 8.894599042385443743e-01
1.116000000000000085e+02 8.988063473098907297e-01
1.117000000000000028e+02 9.077846131116862338e-01
1.118000000000000114e+02 9.163864128991877633e-01
1.119000000000000057e+02 9.246038052619720560e-01
1.120000000000000000e+02 9.324292040254678060e-01
1.121000000000000085e+02 9.398553849573139107e-01
1.122000000000000028e+02 9.468754920934797648e-01
1.123000000000000114e+02 9.534830443751272089e-01
1.124000000000000057e+02 9.596719418521398870e-01
1.125000000000000000e+02 9.654364710113134684e-01
1.126000000000000085e+02 9.707713098890331516e-01
1.127000000000000028e+02 9.756715333988692507e-01
1.128000000000000114e+02 9.801326177672916584e-01
1.129000000000000057e+02 9.841504444602541257e-01
1.130000000000000000e+02 9.877213041785471992e-01
1.131000000000000085e+02 9.908419003873600861e-01
1.132000000000000028e+02 9.935093521510405257e-01
1.133000000000000114e+02 9.957211968265617941e-01
1.134000000000000057e+02 9.974753924853652087e-01
1.135000000000000000e+02 9.987703196602139011e-01
1.136000000000000085e+02 9.996047828541843039e-01
1.137000000000000028e+02 9.999780117087321285e-01
1.138000000000000114e+02 9.998896616509219681e-01
1.139000000000000057e+02 9.993398142484298807e-01
1.140000000000000000e+02 9.983289771180144934e-01
1.141000000000000085e+02 9.968580834631177723e-01
1.142000000000000028e+02 9.949284912116406199e-01
1.143000000000000114e+02 9.925419817561434987e-01
1.144000000000000057e+02 9.897007583223336180e-01
1.145000000000000000e+02 9.864074439240476666e-01
1.146000000000000085e+02 9.826650789348451154e-01
1.147000000000000028e+02 9.784771183127420890e-01
1.148000000000000114e+02 9.738474283747277083e-01
1.149000000000000057e+02 9.687802832245934193e-01
1.150000000000000000e+02 9.632803608654951777e-01
1.151000000000000085e+02 9.573527388224819523e-01
1.152000000000000028e+02 9.510028894302879898e-01
1.153000000000000114e+02 9.442366748784002395e-01
1.154000000000000057e+02 9.370603417677786373e-01
1.155000000000000000e+02 9.294805152176921492e-01
1.156000000000000085e+02 9.215041928923535242e-01
1.157000000000000028e+02 9.131387386244627091e-01
1.158000000000000114e+02 9.043918753237563113e-01
1.159000000000000057e+02 8.952716780217723214e-01
1.160000000000000000e+02 8.857865665506970965e-01
1.161000000000000085e+02 8.759452975982832124e-01
1.162000000000000028e+02 8.657569564982052768e-01
1.163000000000000114e+02 8.552309490649786516e-01
1.164000000000000057e+02 8.443769930847089267e-01
1.165000000000000000e+02 8.332051088403883421e-01
1.166000000000000085e+02 8.217256100792219575e-01
1.167000000000000028e+02 8.099490946836737093e-01
1.168000000000000114e+02 7.978864349216661100e-01
1.169000000000000057e+02 7.855487668671883306e-01
1.170000000000000000e+02 7.729474805151884675e-01
1.171000000000000085e+02 7.600942094678652117e-01
1.172000000000000028e+02 7.470008200271932575e-01
1.173000000000000114e+02 7.336793997860879823e-01
1.174000000000000057e+02 7.201422469307293683e-01
1.175000000000000000e+02 7.064018591200084130e-01
1.176000000000000085e+02 6.924709216306318416e-01
1.177000000000000028e+02 6.783622952442561749e-01
1.178000000000000114e+02 6.640890048796681544e-01
1.179000000000000057e+02 6.496642278248357938e-01
1.180000000000000000e+02 6.351012812131578977e-01
1.181000000000000085e+02 6.204136092713717909e-01
1.182000000000000028e+02 6.056147714701173301e-01
1.183000000000000114e+02 5.907184302590784419e-01
1.184000000000000057e+02 5.757383381941538758e-01
1.185000000000000000e+02 5.606883246032167145e-01
1.186000000000000085e+02 5.455822834406506283e-01
1.187000000000000028e+02 5.304341606887253979e-01
1.188000000000000114e+02 5.152579414523070778e-01
1.189000000000000057e+02 5.000676361505326240e-01
1.190000000000000000e+02 4.848772682196905159e-01
1.191000000000000085e+02 4.697008613788190012e-01
1.192000000000000028e+02 4.545524269357137381e-01
1.193000000000000114e+02 4.394459497327871111e-01
1.194000000000000057e+02 4.243953757796517512e-01
1.195000000000000000e+02 4.094145996342759553e-01
1.196000000000000085e+02 3.945174520154099418e-01
1.197000000000000028e+02 3.797176858987081904e-01
1.198000000000000114e+02 3.650289641053078848e-01
1.199000000000000057e+02 3.504648470949397465e-01
1.200000000000000000e+02 3.360387808285075772e-01
1.201000000000000085e+02 3.217640835261675880e-01
1.202000000000000028e+02 3.076539332647919567e-01
1.203000000000000114e+02 2.937213563530033933e-01
1.204000000000000057e+02 2.799792155871889121e-01
1.205000000000000000e+02 2.664401978997988363e-01
1.206000000000000085e+02 2.531168022207234691e-01
1.207000000000000028e+02 2.400213285165717358e-01
1.208000000000000114e+02 2.271658666783261948e-01
1.209000000000000057e+02 2.145622851032497336e-01
1.210000000000000000e+02 2.022222191700123461e-01
1.211000000000000085e+02 1.901570610401041583e-01
1.212000000000000028e+02 1.783779493721671383e-01
1.213000000000000114e+02 1.668957588647952961e-01
1.214000000000000057e+02 1.557210896642381159e-01
1.215000000000000000e+02 1.448642580601572361e-01
1.216000000000000085e+02 1.343352871819167016e-01
1.217000000000000028e+02 1.241438975423520968e-01
1.218000000000000114e+02 1.142994976447735817e-01
1.219000000000000057e+02 1.048111757128755150e-01
1.220000000000000000e+02 9.568769149190113621e-02
1.221000000000000085e+02 8.693746786202780075e-02
1.222000000000000028e+02 7.856858286907732192e-02
1.223000000000000114e+02 7.058876259230871530e-02
1.224000000000000057e+02 6.300537414838235095e-02
1.225000000000000000e+02 5.582541850113090925e-02
1.226000000000000085e+02 4.905552406803301985e-02
1.227000000000000028e+02 4.270194081410474268e-02
1.228000000000000114e+02 3.677053446942700476e-02
1.229000000000000057e+02 3.126678082817554993e-02
1.230000000000000000e+02 2.619576090052455272e-02
1.231000000000000085e+02 2.156215631458114484e-02
1.232000000000000028e+02 1.737024480826756395e-02
1.233000000000000114e+02 1.362389629741115465e-02
1.234000000000000057e+02 1.032656942651817046e-02
1.235000000000000000e+02 7.481308308936275749e-03
1.236000000000000085e+02 5.090739652692005852e-03
1.237000000000000028e+02 3.157070431720896981e-03
1.238000000000000114e+02 1.682085822670666229e-03
1.239000000000000057e+02 6.671475145739658901e-04
1.240000000000000000e+02 1.131925005479753792e-04
1.241000000000000085e+02 2.073219189868765559e-05
1.242000000000000028e+02 3.898519479713570437e-04
1.243000000000000114e+02 1.220210996627342937e-03
1.244000000000000057e+02 2.511042754964570682e-03
1.245000000000000000e+02 4.261155524039876574e-03
1.246000000000000085e+02 6.468933608994408349e-03
1.247000000000000028e+02 9.132338788962709661e-03
1.248000000000000114e+02 1.224891220530978896e-02
1.249000000000000057e+02 1.581577666560961964e-02
1.250000000000000000e+02 1.982963921720507991e-02
1.251000000000000085e+02 2.428679427491829690e-02
1.252000000000000028e+02 2.918312703728999716e-02
1.253000000000000114e+02 3.451411716140784930e-02
1.254000000000000057e+02 4.027484309945512930e-02
1.255000000000000000e+02 4.645998661712152228e-02
1.256000000000000085e+02 5.306383752717450802e-02
1.257000000000000028e+02 6.008029915592223713e-02
1.258000000000000114e+02 6.750289400600116563e-02
1.259000000000000057e+02 7.532476950787717063e-02
1.260000000000000000e+02 8.353870442880841074e-02
1.261000000000000085e+02 9.213711578110474198e-02
1.262000000000000028e+02 1.011120655912950417e-01
1.263000000000000114e+02 1.104552680118454505e-01
1.264000000000000057e+02 1.201580974685529934e-01
1.265000000000000000e+02 1.302115964686141047e-01
1.266000000000000085e+02 1.406064835553994252e-01
1.267000000000000028e+02 1.513331620261679777e-01
1.268000000000000114e+02 1.623817291863468570e-01
1.269000000000000057e+02 1.737419851568181572e-01
1.270000000000000000e+02 1.854034419235853215e-01
1.271000000000000085e+02 1.973553335973101674e-01
1.272000000000000028e+02 2.095866264197025486e-01
1.273000000000000114e+02 2.220860285940826351e-01
1.274000000000000057e+02 2.348420003347691243e-01
1.275000000000000000e+02 2.478427653964986321e-01
1.276000000000000085e+02 2.610763217390111857e-01
1.277000000000000028e+02 2.745304522335335062e-01
1.278000000000000114e+02 2.881927356320441724e-01
1.279000000000000057e+02 3.020505590383603112e-01
1.280000000000000000e+02 3.160911292078270041e-01
1.280999999999999943e+02 3.303014839666336688e-01
1.282000000000000171e+02 3.446685038682130720e-01
1.283000000000000114e+02 3.591789254170563717e-01
1.284000000000000057e+02 3.738193529200888876e-01
1.285000000000000000e+02 3.885762704554103220e-01
1.285999999999999943e+02 4.034360539331090512e-01
1.287000000000000171e+02 4.183849849041886282e-01
1.288000000000000114e+02 4.334092628715388584e-01
1.289000000000000057e+02 4.484950176217953888e-01
1.290000000000000000e+02 4.636283214513539086e-01
1.290999999999999943e+02 4.787952033066881219e-01
1.292000000000000171e+02 4.939816615029969382e-01
1.293000000000000114e+02 5.091736761712283288e-01
1.294000000000000057e+02 5.243572215670623260e-01
1.295000000000000000e+02 5.395182801036647602e-01
1.295999999999999943e+02 5.546428554740883143e-01
1.297000000000000171e+02 5.697169849842554923e-01
1.298000000000000114e+02 5.847267518728830327e-01
1.299000000000000057e+02 5.996582988112122425e-01
1.300000000000000000e+02 6.144978413335706602e-01
1.300999999999999943e+02 6.292316799242436698e-01
1.302000000000000171e+02 6.438462121601566945e-01
1.303000000000000114e+02 6.583279454582283696e-01
1.304000000000000057e+02 6.726635105373459655e-01
1.305000000000000000e+02 6.868396731689234702e-01
1.305999999999999943e+02 7.008433459362614082e-01
1.307000000000000171e+02 7.146616001453239830e-01
1.308000000000000114e+02 7.282816789399797486e-01
1.309000000000000057e+02 7.416910086209776987e-01
1.310000000000000000e+02 7.548772098103830874e-01
1.310999999999999943e+02 7.678281085240235004e-01
1.312000000000000171e+02 7.805317485659996057e-01
1.313000000000000114e+02 7.929764022683924996e-01
1.314000000000000057e+02 8.051505808747679849e-01
1.315000000000000000e+02 8.170430447582811562e-01
1.315999999999999943e+02 8.286428148296878238e-01
1.317000000000000171e+02 8.399391824797105555e-01
1.318000000000000114e+02 8.509217190313511647e-01
1.319000000000000057e+02 8.615802850423734949e-01
1.320000000000000000e+02 8.719050405667901904e-01
1.320999999999999943e+02 8.818864540521037521e-01
1.322000000000000171e+02 8.915153107245676889e-01
1.323000000000000114e+02 9.007827209253098655e-01
1.324000000000000057e+02 9.096801290659779493e-01
1.325000000000000000e+02 9.181993212791170755e-01
1.325999999999999943e+02 9.263324326120543351e-01
1.327000000000000171e+02 9.340719543792481705e-01
1.328000000000000114e+02 9.414107415827392966e-01
1.329000000000000057e+02 9.483420192077932631e-01
1.330000000000000000e+02 9.548593881668163696e-01
1.330999999999999943e+02 9.609568315676785266e-01
1.332000000000000171e+02 9.666287203901861025e-01
1.333000000000000114e+02 9.718698183835248194e-01
1.334000000000000057e+02 9.766752868360234485e-01
1.335000000000000000e+02 9.810406893984698895e-01
1.335999999999999943e+02 9.849619960197436574e-01
1.337000000000000171e+02 9.884355864702397687e-01
1.338000000000000114e+02 9.914582539256509008e-01
1.339000000000000057e+02 9.940272079332103106e-01
1.340000000000000000e+02 9.961400768028663144e-01
1.340999999999999943e+02 9.977949099128488042e-01
1.342000000000000171e+02 9.989901795650570904e-01
1.343000000000000114e+02 9.997247822717368892e-01
1.344000000000000057e+02 9.999980398462398057e-01
1.345000000000000000e+02 9.998097000242074373e-01
1.345999999999999943e+02 9.991599366716593655e-01
1.347000000000000171e+02 9.980493496567958145e-01
1.348000000000000114e+02 9.964789642681024517e-01
1.349000000000000057e+02 9.944502302821960349e-01
1.350000000000000000e+02 9.919650206272798698e-01
1.350999999999999943e+02 9.890256296389134949e-01
1.352000000000000171e+02 9.856347709581826377e-01
1.353000000000000114e+02 9.817955750325612074e-01
1.354000000000000057e+02 9.775115861858467703e-01
1.355000000000000000e+02 9.727867593880269448e-01
1.355999999999999943e+02 9.676254566202419083e-01
1.357000000000000171e+02 9.620324427588564653e-01
1.358000000000000114e+02 9.560128812547468158e-01
1.359000000000000057e+02 9.495723294129306824e-01
1.360000000000000000e+02 9.427167330985508631e-01
1.360999999999999943e+02 9.354524213587873671e-01
1.362000000000000171e+02 9.277861006642382780e-01
1.363000000000000114e+02 9.197248485366104065e-01
1.364000000000000057e+02 9.112761070468342606e-01
1.365000000000000000e+02 9.024476760883387572e-01
1.365999999999999943e+02 8.932477061442760657e-01
1.367000000000000171e+02 8.836846905121611417e-01
1.368000000000000114e+02 8.737674577005439813e-01
1.369000000000000057e+02 8.635051634297488121e-01
1.370000000000000000e+02 8.529072818157209523e-01
1.370999999999999943e+02 8.419835966892297296e-01
1.372000000000000171e+02 8.307441927678600457e-01
1.373000000000000114e+02 8.191994464627703199e-01
1.374000000000000057e+02 8.073600157425470103e-01
1.375000000000000000e+02 7.952368306311549118e-01
1.375999999999999943e+02 7.828410833102599220e-01
1.377000000000000171e+02 7.701842177088928931e-01
1.378000000000000114e+02 7.572779184412643527e-01
1.379000000000000057e+02 7.441341004585132479e-01
1.380000000000000000e+02 7.307648982669231463e-01
1.380999999999999943e+02 7.171826544666753955e-01
1.382000000000000171e+02 7.033999079402025734e-01
1.383000000000000114e+02 6.894293827618639403e-01
1.384000000000000057e+02 6.752839766995091253e-01
1.385000000000000000e+02 6.609767489537792251e-01
1.385999999999999943e+02 6.465209076818712042e-01
1.387000000000000171e+02 6.319297983392562212e-01
1.388000000000000114e+02 6.172168916170372999e-01
1.389000000000000057e+02 6.023957706870445294e-01
1.390000000000000000e+02 5.874801181154087892e-01
1.390999999999999943e+02 5.724837038284168456e-01
1.392000000000000171e+02 5.574203726403860193e-01
1.393000000000000114e+02 5.423040313296237924e-01
1.394000000000000057e+02 5.271486350192500225e-01
1.395000000000000000e+02 5.119681749335149856e-01
1.395999999999999943e+02 4.967766656961913885e-01
1.397000000000000171e+02 4.815881325231247678e-01
1.398000000000000114e+02 4.664165972372700253e-01
1.399000000000000057e+02 4.512760659257458173e-01
1.400000000000000000e+02 4.361805162350576581e-01
1.400999999999999943e+02 4.211438848482179642e-01
1.402000000000000171e+02 4.061800534543235086e-01
1.403000000000000114e+02 3.913028363528548992e-01
1.404000000000000057e+02 3.765259680279839927e-01
1.405000000000000000e+02 3.618630909095490455e-01
1.405999999999999943e+02 3.473277417766389430e-01
1.407000000000000171e+02 3.329333393349139247e-01
1.408000000000000114e+02 3.186931723212182987e-01
1.409000000000000057e+02 3.046203875514564841e-01
1.410000000000000000e+02 2.907279771674859403e-01
1.410999999999999943e+02 2.770287663342597684e-01
1.412000000000000171e+02 2.635354019737408682e-01
1.413000000000000114e+02 2.502603413439924429e-01
1.414000000000000057e+02 2.372158402041419090e-01
1.415000000000000000e+02 2.244139409708189870e-01
1.415999999999999943e+02 2.118664621653879865e-01
1.417000000000000171e+02 1.995849877382568638e-01
1.418000000000000114e+02 1.875808561818427256e-01
1.419000000000000057e+02 1.758651494843274654e-01
1.420000000000000000e+02 1.644486834088270399e-01
1.420999999999999943e+02 1.533419977349748664e-01
1.422000000000000171e+02 1.425553463519974584e-01
1.423000000000000114e+02 1.320986872991046779e-01
1.424000000000000057e+02 1.219816740183013171e-01
1.425000000000000000e+02 1.122136466497541535e-01
1.425999999999999943e+02 1.028036231585572335e-01
1.427000000000000171e+02 9.376029070405826615e-02
1.428000000000000114e+02 8.509199799159289368e-02
1.429000000000000057e+02 7.680674772908387127e-02
1.430000000000000000e+02 6.891218888367231510e-02
1.430999999999999943e+02 6.141560957387007247e-02
1.432000000000000171e+02 5.432393060089082265e-02
1.433000000000000114e+02 4.764369913915107030e-02
1.434000000000000057e+02 4.138108231469015547e-02
1.435000000000000000e+02 3.554186168973035020e-02
1.435999999999999943e+02 3.013142807566037557e-02
1.437000000000000171e+02 2.515477642615676288e-02
1.438000000000000114e+02 2.061650111120084602e-02
1.439000000000000057e+02 1.652079184924661395e-02
1.440000000000000000e+02 1.287142985504038072e-02
1.440999999999999943e+02 9.671784179965224257e-03
1.442000000000000171e+02 6.924808712927913064e-03
1.443000000000000114e+02 4.633039490468637313e-03
1.444000000000000057e+02 2.798592259191301588e-03
1.445000000000000000e+02 1.423160568498730650e-03
1.445999999999999943e+02 5.080142249923122076e-04
1.447000000000000171e+02 5.399808632003620906e-05
1.448000000000000114e+02 6.153130048754838148e-05
1.449000000000000057e+02 5.306069126769684874e-04
1.450000000000000000e+02 1.460791873748277635e-03
1.450999999999999943e+02 2.851227437051926349e-03
1.452000000000000171e+02 4.700629958990107382e-03
1.453000000000000114e+02 7.007292064731607262e-03
1.454000000000000057e+02 9.769084261478547943e-03
1.455000000000000000e+02 1.298345685485394196e-02
1.455999999999999943e+02 1.664744233758060424e-02
1.457000000000000171e+02 2.075765815311723592e-02
1.458000000000000114e+02 2.531030971770661248e-02
1.459000000000000057e+02 3.030119403945567488e-02
1.460000000000000000e+02 3.572570358746358227e-02
1.460999999999999943e+02 4.157883039982004231e-02
1.462000000000000171e+02 4.785517088493616150e-02
1.463000000000000114e+02 5.454893080691142898e-02
1.464000000000000057e+02 6.165393043351256874e-02
1.465000000000000000e+02 6.916361040004789795e-02
1.465999999999999943e+02 7.707103788021156532e-02
1.467000000000000171e+02 8.536891275230724940e-02
1.468000000000000114e+02 9.404957428992417878e-02
1.469000000000000057e+02 1.031050086159144563e-01
1.470000000000000000e+02 1.125268558738057728e-01
1.470999999999999943e+02 1.223064176613105347e-01
1.472000000000000171e+02 1.324346654756846930e-01
1.473000000000000114e+02 1.429022490942176149e-01
1.474000000000000057e+02 1.536995048934892971e-01
1.475000000000000000e+02 1.648164646077687756e-01
1.475999999999999943e+02 1.762428651858666817e-01
1.477000000000000171e+02 1.879681579783030465e-01
1.478000000000000114e+02 1.999815181083435534e-01
1.479000000000000057e+02 2.122718546331504030e-01
1.480000000000000000e+02 2.248278213261972747e-01
1.480999999999999943e+02 2.376378267341974493e-01
1.482000000000000171e+02 2.506900444529740479e-01
1.483000000000000114e+02 2.639724245135963154e-01
1.484000000000000057e+02 2.774727048892985382e-01
1.485000000000000000e+02 2.911784223507552505e-01
1.485999999999999943e+02 3.050769234895464588e-01
1.487000000000000171e+02 3.191553770645033095e-01
1.488000000000000114e+02 3.334007861520307259e-01
1.489000000000000057e+02 3.477999996437140529e-01
1.490000000000000000e+02 3.623397238628781047e-01
1.490999999999999943e+02 3.770065355558330222e-01
1.492000000000000171e+02 3.917868946515699058e-01
1.493000000000000114e+02 4.066671562090992675e-01
1.494000000000000057e+02 4.216335824790180542e-01
1.495000000000000000e+02 4.366723561851280633e-01
1.495999999999999943e+02 4.517695938623528251e-01
1.497000000000000171e+02 4.669113580662405671e-01
1.498000000000000114e+02 4.820836697297981033e-01
1.499000000000000057e+02 4.972725213747891670e-01
1.500000000000000000e+02 5.124638909463231640e-01
1.500999999999999943e+02 5.276437541327912983e-01
1.502000000000000171e+02 5.427980968520059735e-01
1.503000000000000114e+02 5.579129280939348901e-01
1.504000000000000057e+02 5.729742940523945283e-01
1.505000000000000000e+02 5.879682904572801627e-01
1.505999999999999943e+02 6.028810749840486372e-01
1.507000000000000171e+02 6.176988795782429875e-01
1.508000000000000114e+02 6.324080245186350924e-01
1.509000000000000057e+02 6.469949307106145353e-01
1.510000000000000000e+02 6.614461317626864068e-01
1.510999999999999943e+02 6.757482858157410899e-01
1.512000000000000171e+02 6.898881890493215874e-01
1.513000000000000114e+02 7.038527878761230427e-01
1.514000000000000057e+02 7.176291904521288068e-01
1.515000000000000000e+02 7.312046780293187664e-01
1.515999999999999943e+02 7.445667175242154379e-01
1.517000000000000171e+02 7.577029734290778862e-01
1.518000000000000114e+02 7.706013186366024170e-01
1.519000000000000057e+02 7.832498451309549692e-01
1.520000000000000000e+02 7.956368755467226883e-01
1.520999999999999943e+02 8.077509744553775795e-01
1.522000000000000171e+02 8.195809583923164832e-01
1.523000000000000114e+02 8.311159057099365421e-01
1.524000000000000057e+02 8.423451671128779905e-01
1.525000000000000000e+02 8.532583759883450858e-01
1.525999999999999943e+02 8.638454574992772139e-01
1.527000000000000171e+02 8.740966374516415671e-01
1.528000000000000114e+02 8.840024517896045708e-01
1.529000000000000057e+02 8.935537556844844742e-01
1.530000000000000000e+02 9.027417315536562237e-01
1.530999999999999943e+02 9.115578968360467105e-01
1.532000000000000171e+02 9.199941123833438317e-01
1.533000000000000114e+02 9.280425900801978489e-01
1.534000000000000057e+02 9.356958996641692172e-01
1.535000000000000000e+02 9.429469753819849087e-01
1.536000000000000227e+02 9.497891230857758993e-01
1.537000000000000171e+02 9.562160262694047175e-01
1.538000000000000114e+02 9.622217515710875801e-01
1.539000000000000057e+02 9.678007543912843236e-01
1.540000000000000000e+02 9.729478843000932686e-01
1.541000000000000227e+02 9.776583895446165906e-01
1.542000000000000171e+02 9.819279212709925986e-01
1.543000000000000114e+02 9.857525378700210394e-01
1.544000000000000057e+02 9.891287085437409088e-01
1.545000000000000000e+02 9.920533163591643833e-01
1.546000000000000227e+02 9.945236612974939217e-01
1.547000000000000171e+02 9.965374627962896303e-01
1.548000000000000114e+02 9.980928616949383825e-01
1.549000000000000057e+02 9.991884220404682049e-01
1.550000000000000000e+02 9.998231324319898361e-01
1.551000000000000227e+02 9.999964068923645755e-01
1.552000000000000171e+02 9.997080854614956991e-01
1.553000000000000114e+02 9.989584343135045064e-01
1.554000000000000057e+02 9.977481455260697185e-01
1.555000000000000000e+02 9.960783364375612736e-01
1.556000000000000227e+02 9.939505486092294895e-01
1.557000000000000171e+02 9.913667464144845232e-01
1.558000000000000114e+02 9.883293152165073536e-01
1.559000000000000057e+02 9.848410591591543195e-01
1.560000000000000000e+02 9.809051986055629113e-01
1.561000000000000227e+02 9.765253671343839814e-01
1.562000000000000171e+02 9.717056081829429370e-01
1.563000000000000114e+02 9.664503713665314466e-01
1.564000000000000057e+02 9.607645083135085695e-01
1.565000000000000000e+02 9.546532681713103541e-01
1.566000000000000227e+02 9.481222928492559765e-01
1.567000000000000171e+02 9.411776117651622364e-01
1.568000000000000114e+02 9.338256361819464724e-01
1.569000000000000057e+02 9.260731534219129868e-01
1.570000000000000000e+02 9.179273206590572443e-01
1.571000000000000227e+02 9.093956580430726522e-01
1.572000000000000171e+02 9.004860419421590878e-01
1.573000000000000114e+02 8.912066977947002977e-01
1.574000000000000057e+02 8.815661922922984894e-01
1.575000000000000000e+02 8.715734254329789987e-01
1.576000000000000227e+02 8.612376225025717424e-01
1.577000000000000171e+02 8.505683256785360191e-01
1.578000000000000114e+02 8.395753847373574885e-01
1.579000000000000057e+02 8.282689482421879967e-01
1.580000000000000000e+02 8.166594543539374973e-01
1.581000000000000227e+02 8.047576210914486605e-01
1.582000000000000171e+02 7.925744360412015910e-01
1.583000000000000114e+02 7.801211465995893102e-01
1.584000000000000057e+02 7.674092498022742070e-01
1.585000000000000000e+02 7.544504813487128425e-01
1.586000000000000227e+02 7.412568045508542980e-01
1.587000000000000171e+02 7.278403996823070710e-01
1.588000000000000114e+02 7.142136530084854940e-01
1.589000000000000057e+02 7.003891447804859727e-01
1.590000000000000000e+02 6.863796375314342724e-01
1.591000000000000227e+02 6.721980646944465398e-01
1.592000000000000171e+02 6.578575189867321704e-01
1.593000000000000114e+02 6.433712396441099157e-01
1.594000000000000057e+02 6.287526001150934851e-01
1.595000000000000000e+02 6.140150961654819994e-01
1.596000000000000227e+02 5.991723337492848023e-01
1.597000000000000171e+02 5.842380158083703146e-01
1.598000000000000114e+02 5.692259293930718167e-01
1.599000000000000057e+02 5.541499334757724604e-01
1.600000000000000000e+02 5.390239464507364797e-01
1.601000000000000227e+02 5.238619328414633181e-01
1.602000000000000171e+02 5.086778899008471688e-01
1.603000000000000114e+02 4.934858353202069559e-01
1.604000000000000057e+02 4.782997945311729948e-01
1.605000000000000000e+02 4.631337876283302957e-01
1.606000000000000227e+02 4.480018155844801009e-01
1.607000000000000171e+02 4.329178479834603910e-01
1.608000000000000114e+02 4.178958103380523426e-01
1.609000000000000057e+02 4.029495714343021007e-01
1.610000000000000000e+02 3.880929294353296366e-01
1.611000000000000227e+02 3.733395997077060824e-01
1.612000000000000171e+02 3.587032024109248485e-01
1.613000000000000114e+02 3.441972503242252124e-01
1.614000000000000057e+02 3.298351352533760439e-01
1.615000000000000000e+02 3.156301159952624724e-01
1.616000000000000227e+02 3.015953064678277840e-01
1.617000000000000171e+02 2.877436639831653098e-01
1.618000000000000114e+02 2.740879764093138160e-01
1.619000000000000057e+02 2.606408503725264891e-01
1.620000000000000000e+02 2.474147000996558821e-01
1.621000000000000227e+02 2.344217362431393892e-01
1.622000000000000171e+02 2.216739540190743873e-01
1.623000000000000114e+02 2.091831219041168921e-01
1.624000000000000057e+02 1.969607712769435304e-01
1.625000000000000000e+02 1.850181860167528780e-01
1.626000000000000227e+02 1.733663916470137289e-01
1.627000000000000171e+02 1.620161448640024815e-01
1.628000000000000114e+02 1.509779240756964624e-01
1.629000000000000057e+02 1.402619199470839517e-01
1.630000000000000000e+02 1.298780255861958777e-01
1.631000000000000227e+02 1.198358271990172946e-01
1.632000000000000171e+02 1.101445956368946044e-01
1.633000000000000114e+02 1.008132780237139953e-01
1.634000000000000057e+02 9.185048905323554835e-02
1.635000000000000000e+02 8.326450300778176494e-02
1.636000000000000227e+02 7.506324641093366223e-02
1.637000000000000171e+02 6.725429083451670009e-02
1.638000000000000114e+02 5.984484544689788049e-02
1.639000000000000057e+02 5.284175053228767210e-02
1.640000000000000000e+02 4.625147137135997982e-02
1.641000000000000227e+02 4.008009220149088420e-02
1.642000000000000171e+02 3.433331034703872298e-02
1.643000000000000114e+02 2.901643118661887885e-02
1.644000000000000057e+02 2.413436333791520866e-02
1.645000000000000000e+02 1.969161390780128570e-02
1.646000000000000227e+02 1.569228438371777709e-02
1.647000000000000171e+02 1.214006696896125642e-02
1.648000000000000114e+02 9.038241090060948960e-03
1.649000000000000057e+02 6.389670311455870715e-03
1.650000000000000000e+02 4.196799795762754491e-03
1.651000000000000227e+02 2.461654016628305255e-03
1.652000000000000171e+02 1.185834840472551775e-03
1.653000000000000114e+02 3.705201055819111033e-04
1.654000000000000057e+02 1.646251121729448187e-05
1.655000000000000000e+02 1.239889218763758072e-04
1.656000000000000227e+02 6.930000688190099921e-04
1.657000000000000171e+02 1.722970643698544220e-03
1.658000000000000114e+02 3.212949777011365939e-03
1.659000000000000057e+02 5.161561924356816190e-03
1.660000000000000000e+02 7.567008132338150922e-03
1.661000000000000227e+02 1.042706768553820253e-02
1.662000000000000171e+02 1.373910020241334712e-02
1.663000000000000114e+02 1.750004799980085096e-02
1.664000000000000057e+02 2.170643897414377757e-02
1.665000000000000000e+02 2.635438982865496646e-02
1.666000000000000227e+02 3.143960953679563602e-02
1.667000000000000171e+02 3.695740343500066027e-02
1.668000000000000114e+02 4.290267756221190915e-02
1.669000000000000057e+02 4.926994319065097772e-02
1.670000000000000000e+02 5.605332205237256726e-02
1.671000000000000227e+02 6.324655182744393089e-02
1.672000000000000171e+02 7.084299170654555222e-02
1.673000000000000114e+02 7.883562857644815791e-02
1.674000000000000057e+02 8.721708374509094808e-02
1.675000000000000000e+02 9.597961953336180130e-02
1.676000000000000227e+02 1.051151462024782629e-01
1.677000000000000171e+02 1.146152298996733904e-01
1.678000000000000114e+02 1.244711003019680351e-01
1.679000000000000057e+02 1.346736584042994289e-01
1.680000000000000000e+02 1.452134850700546320e-01
1.681000000000000227e+02 1.560808501020682082e-01
1.682000000000000171e+02 1.672657209003391432e-01
1.683000000000000114e+02 1.787577713655171818e-01
1.684000000000000057e+02 1.905463920185282989e-01
1.685000000000000000e+02 2.026206998284383609e-01
1.686000000000000227e+02 2.149695479091063011e-01
1.687000000000000171e+02 2.275815354736564766e-01
1.688000000000000114e+02 2.404450192225578153e-01
1.689000000000000057e+02 2.535481238479460053e-01
1.690000000000000000e+02 2.668787526216482853e-01
1.691000000000000227e+02 2.804245983304361478e-01
1.692000000000000171e+02 2.941731555987445179e-01
1.693000000000000114e+02 3.081117320494548562e-01
1.694000000000000057e+02 3.222274596230367827e-01
1.695000000000000000e+02 3.365073062569896578e-01
1.696000000000000227e+02 3.509380889686345983e-01
1.697000000000000171e+02 3.655064855804057156e-01
1.698000000000000114e+02 3.801990466126716761e-01
1.699000000000000057e+02 3.950022074091971702e-01
1.700000000000000000e+02 4.099023018431640630e-01
1.701000000000000227e+02 4.248855744973474291e-01
1.702000000000000171e+02 4.399381929591641982e-01
1.703000000000000114e+02 4.550462601122695072e-01
1.704000000000000057e+02 4.701958282675065548e-01
1.705000000000000000e+02 4.853729117183025465e-01
1.706000000000000227e+02 5.005634992209966327e-01
1.707000000000000171e+02 5.157535662931026499e-01
1.708000000000000114e+02 5.309290894119260695e-01
1.709000000000000057e+02 5.460760589246173025e-01
1.710000000000000000e+02 5.611804914417105605e-01
1.711000000000000227e+02 5.762284421436661974e-01
1.712000000000000171e+02 5.912060185335969997e-01
1.713000000000000114e+02 6.060993936777480107e-01
1.714000000000000057e+02 6.208948183458837811e-01
1.715000000000000000e+02 6.355786331699285752e-01
1.716000000000000227e+02 6.501372816674424460e-01
1.717000000000000171e+02 6.645573235907160647e-01
1.718000000000000114e+02 6.788254467137764259e-01
1.719000000000000057e+02 6.929284786430263132e-01
1.720000000000000000e+02 7.068533989874342671e-01
1.721000000000000227e+02 7.205873524661695617e-01
1.722000000000000171e+02 7.341176602496981562e-01
1.723000000000000114e+02 7.474318312141626786e-01
1.724000000000000057e+02 7.605175732370086372e-01
1.725000000000000000e+02 7.733628056836048259e-01
1.726000000000000227e+02 7.859556701717365090e-01
1.727000000000000171e+02 7.982845410766798988e-01
1.728000000000000114e+02 8.103380359488168150e-01
1.729000000000000057e+02 8.221050270754838296e-01
1.730000000000000000e+02 8.335746514751463110e-01
1.731000000000000227e+02 8.447363204917530677e-01
1.732000000000000171e+02 8.555797292976020652e-01
1.733000000000000114e+02 8.660948673281455568e-01
1.734000000000000057e+02 8.762720272758116602e-01
1.735000000000000000e+02 8.861018136327092343e-01
1.736000000000000227e+02 8.955751512376300960e-01
1.737000000000000171e+02 9.046832944065916760e-01
1.738000000000000114e+02 9.134178347259002129e-01
1.739000000000000057e+02 9.217707084202609868e-01
1.740000000000000000e+02 9.297342039184806062e-01
1.741000000000000227e+02 9.373009694585947571e-01
1.742000000000000171e+02 9.444640195599551813e-01
1.743000000000000114e+02 9.512167411554409702e-01
1.744000000000000057e+02 9.575529000732618812e-01
1.745000000000000000e+02 9.634666469165771296e-01
1.746000000000000227e+02 9.689525221569577074e-01
1.747000000000000171e+02 9.740054610956374592e-01
1.748000000000000114e+02 9.786207989180285560e-01
1.749000000000000057e+02 9.827942748410014584e-01
1.750000000000000000e+02 9.865220358320675453e-01
1.751000000000000227e+02 9.898006404084505050e-01
1.752000000000000171e+02 9.926270618421345615e-01
1.753000000000000114e+02 9.949986907553028948e-01
1.754000000000000057e+02 9.969133376291232640e-01
1.755000000000000000e+02 9.983692349094065444e-01
1.756000000000000227e+02 9.993650385016948912e-01
1.757000000000000171e+02 9.998998290725192861e-01
1.758000000000000114e+02 9.999731129153135445e-01
1.759000000000000057e+02 9.995848223654686393e-01
1.760000000000000000e+02 9.987353158976690626e-01
1.761000000000000227e+02 9.974253777716922675e-01
1.762000000000000171e+02 9.956562173212366584e-01
1.763000000000000114e+02 9.934294678341647478e-01
1.764000000000000057e+02 9.907471850370109800e-01
1.765000000000000000e+02 9.876118452129540870e-01
1.766000000000000227e+02 9.840263429061867351e-01
1.767000000000000171e+02 9.799939882343634556e-01
1.768000000000000114e+02 9.755185038727145486e-01
1.769000000000000057e+02 9.706040215866850174e-01
1.770000000000000000e+02 9.652550783938542711e-01
1.771000000000000227e+02 9.594766124467959401e-01
1.772000000000000171e+02 9.532739584384135600e-01
1.773000000000000114e+02 9.466528426051209477e-01
1.774000000000000057e+02 9.396193775509337209e-01
1.775000000000000000e+02 9.321800566285743939e-01
1.776000000000000227e+02 9.243417477433492069e-01
1.777000000000000171e+02 9.161116871757585267e-01
1.778000000000000114e+02 9.074974730044403914e-01
1.779000000000000057e+02 8.985070578311796785e-01
1.780000000000000000e+02 8.891487415143847217e-01
1.781000000000000227e+02 8.794311636678537880e-01
1.782000000000000171e+02 8.693632956623423835e-01
1.783000000000000114e+02 8.589544320191082605e-01
1.784000000000000057e+02 8.482141821157753725e-01
1.785000000000000000e+02 8.371524614842499323e-01
1.786000000000000227e+02 8.257794823138849827e-01
1.787000000000000171e+02 8.141057439773147220e-01
1.788000000000000114e+02 8.021420235901209894e-01
1.789000000000000057e+02 7.898993662964090001e-01
1.790000000000000000e+02 7.773890744227951455e-01
1.791000000000000227e+02 7.646226972938581223e-01
1.792000000000000171e+02 7.516120207879842807e-01
1.793000000000000114e+02 7.383690566427428825e-01
1.794000000000000057e+02 7.249060306020066458e-01
1.795000000000000000e+02 7.112353715385842934e-01
1.796000000000000227e+02 6.973697001917504856e-01
1.797000000000000171e+02 6.833218176645258213e-01
1.798000000000000114e+02 6.691046927672917866e-01
1.799000000000000057e+02 6.547314505352974656e-01
1.800000000000000000e+02 6.402153603248242897e-01
1.801000000000000227e+02 6.255698237558406927e-01
1.802000000000000171e+02 6.108083613903594333e-01
1.803000000000000114e+02 5.959446007674084056e-01
1.804000000000000057e+02 5.809922640413863748e-01
1.805000000000000000e+02 5.659651556339602152e-01
1.806000000000000227e+02 5.508771484126113727e-01
1.807000000000000171e+02 5.357421713473232705e-01
1.808000000000000114e+02 5.205741969104803468e-01
1.809000000000000057e+02 5.053872286274668779e-01
1.810000000000000000e+02 4.901952870396568684e-01
1.811000000000000227e+02 4.750123970271914464e-01
1.812000000000000171e+02 4.598525752591829940e-01
1.813000000000000114e+02 4.447298176635092193e-01
1.814000000000000057e+02 4.296580856494316980e-01
1.815000000000000000e+02 4.146512930994492030e-01
1.816000000000000227e+02 3.997232940878749363e-01
1.817000000000000171e+02 3.848878703861501327e-01
1.818000000000000114e+02 3.701587182939143350e-01
1.819000000000000057e+02 3.555494354479442620e-01
1.820000000000000000e+02 3.410735089134763753e-01
1.821000000000000227e+02 3.267443029695387691e-01
1.822000000000000171e+02 3.125750466848228881e-01
1.823000000000000114e+02 2.985788208603673000e-01
1.824000000000000057e+02 2.847685465674277827e-01
1.825000000000000000e+02 2.711569734502699003e-01
1.826000000000000227e+02 2.577566680958948142e-01
1.827000000000000171e+02 2.445800014817396673e-01
1.828000000000000114e+02 2.316391380592356386e-01
1.829000000000000057e+02 2.189460247799927262e-01
1.830000000000000000e+02 2.065123802861132118e-01
1.831000000000000227e+02 1.943496831892312926e-01
1.832000000000000171e+02 1.824691618597503451e-01
1.833000000000000114e+02 1.708817843347436305e-01
1.834000000000000057e+02 1.595982483909666461e-01
1.835000000000000000e+02 1.486289708815224653e-01
1.836000000000000227e+02 1.379840784422348976e-01
1.837000000000000171e+02 1.276733984054844451e-01
1.838000000000000114e+02 1.177064498399877784e-01
1.839000000000000057e+02 1.080924341165476338e-01
1.840000000000000000e+02 9.884022673495500289e-02
1.841000000000000227e+02 8.995836935683376723e-02
1.842000000000000171e+02 8.145506187880352522e-02
1.843000000000000114e+02 7.333815442362544290e-02
1.844000000000000057e+02 6.561514041513269446e-02
1.845000000000000000e+02 5.829314982588769400e-02
1.846000000000000227e+02 5.137894237163430355e-02
1.847000000000000171e+02 4.487890113286623073e-02
1.848000000000000114e+02 3.879902690583433150e-02
1.849000000000000057e+02 3.314493273590778805e-02
1.850000000000000000e+02 2.792183843606553875e-02
1.851000000000000227e+02 2.313456590026078882e-02
1.852000000000000171e+02 1.878753477599200833e-02
1.853000000000000114e+02 1.488475826254575737e-02
1.854000000000000057e+02 1.142983934824956874e-02
1.855000000000000000e+02 8.425967614846714693e-03
1.856000000000000227e+02 5.875916264832595215e-03
1.857000000000000171e+02 3.782039474513821092e-03
1.858000000000000114e+02 2.146270308639951739e-03
1.859000000000000057e+02 9.701189170650181739e-04
1.860000000000000000e+02 2.546711135405170371e-04
1.861000000000000227e+02 5.874012852877396151e-07
1.862000000000000171e+02 2.081023495004249871e-04
1.863000000000000114e+02 8.770243807930920565e-04
1.864000000000000057e+02 2.006735947296962169e-03
1.865000000000000000e+02 3.596194102682110250e-03
1.866000000000000227e+02 5.643931456775430448e-03
1.867000000000000171e+02 8.148057553035515169e-03
1.868000000000000114e+02 1.110626056938345159e-02
1.869000000000000057e+02 1.451580950780142869e-02
1.870000000000000000e+02 1.837355669150424545e-02
1.871000000000000227e+02 2.267594061643094655e-02
1.872000000000000171e+02 2.741898936143302712e-02
1.873000000000000114e+02 3.259832416468218946e-02
1.874000000000000057e+02 3.820916341013205764e-02
1.875000000000000000e+02 4.424632722889724340e-02
1.876000000000000227e+02 5.070424215783179978e-02
1.877000000000000171e+02 5.757694615751152850e-02
1.878000000000000114e+02 6.485809440746549692e-02
1.879000000000000057e+02 7.254096504234219811e-02
1.880000000000000000e+02 8.061846513498432953e-02
1.881000000000000227e+02 8.908313753706638416e-02
1.882000000000000171e+02 9.792716779658397486e-02
1.883000000000000114e+02 1.071423910994186574e-01
1.884000000000000057e+02 1.167202998062469299e-01
1.885000000000000000e+02 1.266520517254884626e-01
1.886000000000000227e+02 1.369284780032697380e-01
1.887000000000000171e+02 1.475400912684771138e-01
1.888000000000000114e+02 1.584770948483663899e-01
1.889000000000000057e+02 1.697293918982669125e-01
1.890000000000000000e+02 1.812865943931616652e-01
1.891000000000000227e+02 1.931380324368733858e-01
1.892000000000000171e+02 2.052727648784043180e-01
1.893000000000000114e+02 2.176795891664863036e-01
1.894000000000000057e+02 2.303470513223736804e-01
1.895000000000000000e+02 2.432634564358167051e-01
1.896000000000000227e+02 2.564168802621065724e-01
1.897000000000000171e+02 2.697951798196726036e-01
1.898000000000000114e+02 2.833860041886386849e-01
1.899000000000000057e+02 2.971768059992435651e-01
1.900000000000000000e+02 3.111548538133514508e-01
1.901000000000000227e+02 3.253072433828863019e-01
1.902000000000000171e+02 3.396209091213019393e-01
1.903000000000000114e+02 3.540826362923332193e-01
1.904000000000000057e+02 3.686790740793391419e-01
1.905000000000000000e+02 3.833967473672147963e-01
1.906000000000000227e+02 3.982220687352344690e-01
1.907000000000000171e+02 4.131413510119928967e-01
1.908000000000000114e+02 4.281408209499715234e-01
1.909000000000000057e+02 4.432066313863989859e-01
1.910000000000000000e+02 4.583248735982485833e-01
1.911000000000000227e+02 4.734815899018952612e-01
1.912000000000000171e+02 4.886627877874428760e-01
1.913000000000000114e+02 5.038544523471415459e-01
1.914000000000000057e+02 5.190425588005380675e-01
1.915000000000000000e+02 5.342130849178324814e-01
1.916000000000000227e+02 5.493520253222716754e-01
1.917000000000000171e+02 5.644454041355236873e-01
1.918000000000000114e+02 5.794792874130783034e-01
1.919000000000000057e+02 5.944397953662967637e-01
1.920000000000000000e+02 6.093131163427243369e-01
1.921000000000000227e+02 6.240855196775773051e-01
1.922000000000000171e+02 6.387433677930489662e-01
1.923000000000000114e+02 6.532731282190097355e-01
1.924000000000000057e+02 6.676613868024013909e-01
1.925000000000000000e+02 6.818948606388847145e-01
1.926000000000000227e+02 6.959604097179045157e-01
1.927000000000000171e+02 7.098450485419093292e-01
1.928000000000000114e+02 7.235359584283874712e-01
1.929000000000000057e+02 7.370205001927768729e-01
1.930000000000000000e+02 7.502862252430310130e-01
1.931000000000000227e+02 7.633208865976091051e-01
1.932000000000000171e+02 7.761124502427624305e-01
1.933000000000000114e+02 7.886491072026087235e-01
1.934000000000000057e+02 8.009192839558471055e-01
1.935000000000000000e+02 8.129116526655925101e-01
1.936000000000000227e+02 8.246151415908214988e-01
1.937000000000000171e+02 8.360189462258162951e-01
1.938000000000000114e+02 8.471125388676435941e-01
1.939000000000000057e+02 8.578856778947494544e-01
1.940000000000000000e+02 8.683284172231863218e-01
1.941000000000000227e+02 8.784311162642237658e-01
1.942000000000000171e+02 8.881844484535745821e-01
1.943000000000000114e+02 8.975794094426129410e-01
1.944000000000000057e+02 9.066073255761558647e-01
1.945000000000000000e+02 9.152598624426151463e-01
1.946000000000000227e+02 9.235290322078710812e-01
1.947000000000000171e+02 9.314072006273752535e-01
1.948000000000000114e+02 9.388870944753122672e-01
1.949000000000000057e+02 9.459618084782961400e-01
1.950000000000000000e+02 9.526248113562467701e-01
1.951000000000000227e+02 9.588699516460511552e-01
1.952000000000000171e+02 9.646914638640822215e-01
1.953000000000000114e+02 9.700839737288574627e-01
1.954000000000000057e+02 9.750425028291561658e-01
1.955000000000000000e+02 9.795624733705429188e-01
1.956000000000000227e+02 9.836397126085737463e-01
1.957000000000000171e+02 9.872704564760707013e-01
1.958000000000000114e+02 9.904513529832249530e-01
1.959000000000000057e+02 9.931794655650277859e-01
1.960000000000000000e+02 9.954522756793973137e-01
1.961000000000000227e+02 9.972676850141611871e-01
1.962000000000000171e+02 9.986240175960334753e-01
1.963000000000000114e+02 9.995200212880345214e-01
1.964000000000000057e+02 9.999548688778401306e-01
1.965000000000000000e+02 9.999281589239024104e-01
1.966000000000000227e+02 9.994399160809274152e-01
1.967000000000000171e+02 9.984905910930030881e-01
1.968000000000000114e+02 9.970810603793708315e-01
1.969000000000000057e+02 9.952126252121712424e-01
1.970000000000000000e+02 9.928870105299236748e-01
1.971000000000000227e+02 9.901063633384139528e-01
1.972000000000000171e+02 9.868732507194416526e-01
1.973000000000000114e+02 9.831906574849613722e-01
1.974000000000000057e+02 9.790619834011595746e-01
1.975000000000000000e+02 9.744910400376383119e-01
1.976000000000000227e+02 9.694820472987532023e-01
1.977000000000000171e+02 9.640396294847398684e-01
1.978000000000000114e+02 9.581688109963283351e-01
1.979000000000000057e+02 9.518750117812506684e-01
1.980000000000000000e+02 9.451640422977179989e-01
1.981000000000000227e+02 9.380420980498619388e-01
1.982000000000000171e+02 9.305157539949432399e-01
1.983000000000000114e+02 9.225919585306548987e-01
1.984000000000000057e+02 9.142780268260850551e-01
1.985000000000000000e+02 9.055816342436810995e-01
1.986000000000000227e+02 8.965108093713394233e-01
1.987000000000000171e+02 8.870739263906678440e-01
1.988000000000000114e+02 8.772796973208338844e-01
1.989000000000000057e+02 8.671371641656306917e-01
1.990000000000000000e+02 8.566556906650286685e-01
1.991000000000000227e+02 8.458449531936964583e-01
1.992000000000000171e+02 8.347149321123734644e-01
1.993000000000000114e+02 8.232759027295587506e-01
1.994000000000000057e+02 8.115384256670351570e-01
1.995000000000000000e+02 7.995133367803871627e-01
1.996000000000000227e+02 7.872117375203953049e-01
1.997000000000000171e+02 7.746449849025215384e-01
1.998000000000000114e+02 7.618246805915059872e-01
1.999000000000000057e+02 7.487626600792094411e-01
2.000000000000000000e+02 7.354709822433921351e-01
