0.000000000000e+00 1.109286995755e-31
5.000000000000e-01 1.302110578987e-06
1.000000000000e+00 1.945920345921e-05
1.500000000000e+00 8.781200561352e-05
2.000000000000e+00 2.356315018423e-04
2.500000000000e+00 4.638384478250e-04
3.000000000000e+00 7.332966196062e-04
3.500000000000e+00 9.733362067457e-04
4.000000000000e+00 1.107993125977e-03
4.500000000000e+00 1.088236772031e-03
5.000000000000e+00 9.148683403567e-04
5.500000000000e+00 6.407058295562e-04
6.000000000000e+00 3.502988901616e-04
6.500000000000e+00 1.260618674761e-04
7.000000000000e+00 1.616604033573e-05
7.500000000000e+00 1.862631596465e-05
8.000000000000e+00 8.820197873727e-05
8.500000000000e+00 1.618460330053e-04
9.000000000000e+00 1.898121722198e-04
9.500000000000e+00 1.573418057890e-04
1.000000000000e+01 8.707494037133e-05
1.050000000000e+01 2.225647875321e-05
1.100000000000e+01 4.367684552119e-07
1.150000000000e+01 3.188655246681e-05
1.200000000000e+01 9.415436343067e-05
1.250000000000e+01 1.455706807768e-04
1.300000000000e+01 1.504627788712e-04
1.350000000000e+01 1.025118150349e-04
1.400000000000e+01 3.331591289644e-05
1.450000000000e+01 5.655006671539e-07
1.500000000000e+01 6.063980168498e-05
1.550000000000e+01 2.386677300111e-04
1.600000000000e+01 5.109703163571e-04
1.650000000000e+01 8.092655500820e-04
1.700000000000e+01 1.045708135042e-03
1.750000000000e+01 1.147789555636e-03
1.800000000000e+01 1.087277560769e-03
1.850000000000e+01 8.901250332547e-04
1.900000000000e+01 6.232888016075e-04
1.950000000000e+01 3.652590330526e-04
2.000000000000e+01 1.745103461679e-04
2.050000000000e+01 7.047967859897e-05
2.100000000000e+01 3.497327355190e-05
2.150000000000e+01 3.153144535398e-05
2.200000000000e+01 3.144275877231e-05
2.250000000000e+01 3.218574643171e-05
2.300000000000e+01 5.846852973118e-05
2.350000000000e+01 1.454360256084e-04
2.400000000000e+01 3.132071372652e-04
2.450000000000e+01 5.467849182984e-04
2.500000000000e+01 7.930217888172e-04
2.550000000000e+01 9.778444976476e-04
2.600000000000e+01 1.036577190345e-03
2.650000000000e+01 9.431671634200e-04
2.700000000000e+01 7.240185042033e-04
2.750000000000e+01 4.491423281505e-04
2.800000000000e+01 2.040677808401e-04
2.850000000000e+01 5.517348616421e-05
2.900000000000e+01 2.426220400155e-05
2.950000000000e+01 8.374801037043e-05
3.000000000000e+01 1.739379204230e-04
3.050000000000e+01 2.334175578237e-04
3.100000000000e+01 2.276068743912e-04
3.150000000000e+01 1.619864075661e-04
3.200000000000e+01 7.449316920411e-05
3.250000000000e+01 1.209497701915e-05
3.300000000000e+01 4.313449926114e-06
3.350000000000e+01 4.763855846206e-05
3.400000000000e+01 1.088487764914e-04
3.450000000000e+01 1.452769444507e-04
3.500000000000e+01 1.311252564478e-04
3.550000000000e+01 7.558657954312e-05
3.600000000000e+01 2.250895844419e-05
3.650000000000e+01 3.068509866644e-05
3.700000000000e+01 1.438753486343e-04
3.750000000000e+01 3.653144037622e-04
3.800000000000e+01 6.497974729747e-04
3.850000000000e+01 9.182054480239e-04
3.900000000000e+01 1.088515393951e-03
3.950000000000e+01 1.109269894875e-03
4.000000000000e+01 9.801394671361e-04
4.050000000000e+01 7.502902923820e-04
4.100000000000e+01 4.957959191445e-04
4.150000000000e+01 2.871534840932e-04
4.200000000000e+01 1.622973079119e-04
4.250000000000e+01 1.172932728723e-04
4.300000000000e+01 1.178304031688e-04
4.350000000000e+01 1.242671103588e-04
4.400000000000e+01 1.165012058228e-04
4.450000000000e+01 1.055012841496e-04
4.500000000000e+01 1.255929446238e-04
4.550000000000e+01 2.118114046345e-04
4.600000000000e+01 3.746085448033e-04
4.650000000000e+01 5.858691115433e-04
4.700000000000e+01 7.846597046113e-04
4.750000000000e+01 9.011500551252e-04
4.800000000000e+01 8.877195785020e-04
4.850000000000e+01 7.421647763485e-04
4.900000000000e+01 5.112943677814e-04
4.950000000000e+01 2.724618026083e-04
5.000000000000e+01 1.012121777754e-04
5.050000000000e+01 3.997652273201e-05
5.100000000000e+01 8.228543079913e-05
5.150000000000e+01 1.795057667458e-04
5.200000000000e+01 2.662937349440e-04
5.250000000000e+01 2.921098712214e-04
5.300000000000e+01 2.435729307384e-04
5.350000000000e+01 1.473341123527e-04
5.400000000000e+01 5.302302675242e-05
5.450000000000e+01 5.704826695657e-06
5.500000000000e+01 2.227775291826e-05
5.550000000000e+01 8.389489758844e-05
5.600000000000e+01 1.480601259011e-04
5.650000000000e+01 1.738198638217e-04
5.700000000000e+01 1.466329502022e-04
5.750000000000e+01 8.952198270530e-05
5.800000000000e+01 5.400970930946e-05
5.850000000000e+01 9.467294591200e-05
5.900000000000e+01 2.397080792878e-04
5.950000000000e+01 4.723538276170e-04
6.000000000000e+01 7.330487160047e-04
6.050000000000e+01 9.422051905854e-04
6.100000000000e+01 1.033377359161e-03
6.150000000000e+01 9.813886283564e-04
6.200000000000e+01 8.122699984748e-04
6.250000000000e+01 5.905403747003e-04
6.300000000000e+01 3.901782331799e-04
6.350000000000e+01 2.632814053133e-04
6.400000000000e+01 2.211620525817e-04
6.450000000000e+01 2.361740996969e-04
6.500000000000e+01 2.621792761570e-04
6.550000000000e+01 2.624137841674e-04
6.600000000000e+01 2.301505778354e-04
6.650000000000e+01 1.915814023906e-04
6.700000000000e+01 1.896802515510e-04
6.750000000000e+01 2.577165795217e-04
6.800000000000e+01 3.965500600555e-04
6.850000000000e+01 5.680854116583e-04
6.900000000000e+01 7.091524329296e-04
6.950000000000e+01 7.596649639210e-04
7.000000000000e+01 6.914412379376e-04
7.050000000000e+01 5.233302643497e-04
7.100000000000e+01 3.147284102305e-04
7.150000000000e+01 1.400462654275e-04
7.200000000000e+01 5.602568172114e-05
7.250000000000e+01 7.737664097391e-05
7.300000000000e+01 1.722149857192e-04
7.350000000000e+01 2.791864795334e-04
7.400000000000e+01 3.376863068999e-04
7.450000000000e+01 3.163820535388e-04
7.500000000000e+01 2.263507325170e-04
7.550000000000e+01 1.129491741979e-04
7.600000000000e+01 3.113554849172e-05
7.650000000000e+01 1.706875840066e-05
7.700000000000e+01 7.042055468416e-05
7.750000000000e+01 1.561922098396e-04
7.800000000000e+01 2.248080522927e-04
7.850000000000e+01 2.399164023502e-04
7.900000000000e+01 1.993672541530e-04
7.950000000000e+01 1.382535146185e-04
8.000000000000e+01 1.119918479820e-04
8.050000000000e+01 1.676202599299e-04
8.100000000000e+01 3.176687340647e-04
8.150000000000e+01 5.299778212515e-04
8.200000000000e+01 7.391304408128e-04
8.250000000000e+01 8.745228616904e-04
8.300000000000e+01 8.918111615128e-04
8.350000000000e+01 7.926616924945e-04
8.400000000000e+01 6.233330172319e-04
8.450000000000e+01 4.528738884046e-04
8.500000000000e+01 3.415773199744e-04
8.550000000000e+01 3.149260151912e-04
8.600000000000e+01 3.553541740701e-04
8.650000000000e+01 4.152143902070e-04
8.700000000000e+01 4.438375748283e-04
8.750000000000e+01 4.147274567899e-04
8.800000000000e+01 3.391169849207e-04
8.850000000000e+01 2.591916801402e-04
8.900000000000e+01 2.246754629608e-04
8.950000000000e+01 2.649534288168e-04
9.000000000000e+01 3.712166049727e-04
9.050000000000e+01 4.980937209115e-04
9.100000000000e+01 5.843974930327e-04
9.150000000000e+01 5.828904172398e-04
9.200000000000e+01 4.842544449197e-04
9.250000000000e+01 3.231269807191e-04
9.300000000000e+01 1.628458234272e-04
9.350000000000e+01 6.607740655805e-05
9.400000000000e+01 6.554592298813e-05
9.450000000000e+01 1.491173711298e-04
9.500000000000e+01 2.664820131457e-04
9.550000000000e+01 3.540840514516e-04
9.600000000000e+01 3.660147404250e-04
9.650000000000e+01 2.957358012594e-04
9.700000000000e+01 1.781318666006e-04
9.750000000000e+01 7.118556046759e-05
9.800000000000e+01 2.664931313162e-05
9.850000000000e+01 6.444741201486e-05
9.900000000000e+01 1.635359539986e-04
9.950000000000e+01 2.736080974193e-04
1.000000000000e+02 3.415428774910e-04
1.005000000000e+02 3.391060081298e-04
1.010000000000e+02 2.778113048666e-04
1.015000000000e+02 2.033340233241e-04
1.020000000000e+02 1.721825642377e-04
1.025000000000e+02 2.223146801412e-04
1.030000000000e+02 3.525244604523e-04
1.035000000000e+02 5.211379132573e-04
1.040000000000e+02 6.649607048490e-04
1.045000000000e+02 7.293006195875e-04
1.050000000000e+02 6.942926248898e-04
1.055000000000e+02 5.844919520270e-04
1.060000000000e+02 4.569263785641e-04
1.065000000000e+02 3.734351494661e-04
1.070000000000e+02 3.708853933768e-04
1.075000000000e+02 4.438889147675e-04
1.080000000000e+02 5.484306899011e-04
1.085000000000e+02 6.244547655747e-04
1.090000000000e+02 6.260863584135e-04
1.095000000000e+02 5.444513523453e-04
1.100000000000e+02 4.118200748276e-04
1.105000000000e+02 2.851583605916e-04
1.110000000000e+02 2.174426771360e-04
1.115000000000e+02 2.311659261302e-04
1.120000000000e+02 3.073091533058e-04
1.125000000000e+02 3.952708649661e-04
1.130000000000e+02 4.387281833981e-04
1.135000000000e+02 4.044124992908e-04
1.140000000000e+02 2.993120116731e-04
1.145000000000e+02 1.676011699728e-04
1.150000000000e+02 6.875235639786e-05
1.155000000000e+02 4.773331819761e-05
1.160000000000e+02 1.122082819062e-04
1.165000000000e+02 2.282232680341e-04
1.170000000000e+02 3.366673036015e-04
1.175000000000e+02 3.824352861807e-04
1.180000000000e+02 3.418444237128e-04
1.185000000000e+02 2.346613080391e-04
1.190000000000e+02 1.146944535683e-04
1.195000000000e+02 4.352734134620e-05
1.200000000000e+02 6.033126643044e-05
1.205000000000e+02 1.626468317610e-04
1.210000000000e+02 3.075892456461e-04
1.215000000000e+02 4.328191107142e-04
1.220000000000e+02 4.868555225595e-04
1.225000000000e+02 4.537410379264e-04
1.230000000000e+02 3.599545478155e-04
1.235000000000e+02 2.603512902160e-04
1.240000000000e+02 2.103495953193e-04
1.245000000000e+02 2.383755872616e-04
1.250000000000e+02 3.323440347115e-04
1.255000000000e+02 4.468314799769e-04
1.260000000000e+02 5.271626581720e-04
1.265000000000e+02 5.381114758236e-04
1.270000000000e+02 4.825821761429e-04
1.275000000000e+02 4.006608281756e-04
1.280000000000e+02 3.493060080571e-04
1.285000000000e+02 3.727414277312e-04
1.290000000000e+02 4.784146949474e-04
1.295000000000e+02 6.307704153699e-04
1.300000000000e+02 7.663251417049e-04
1.305000000000e+02 8.229682923916e-04
1.310000000000e+02 7.692991207467e-04
1.315000000000e+02 6.196919733719e-04
1.320000000000e+02 4.277343978107e-04
1.325000000000e+02 2.612669765497e-04
1.330000000000e+02 1.712289668867e-04
1.335000000000e+02 1.694422123779e-04
1.340000000000e+02 2.259183989826e-04
1.345000000000e+02 2.865375296245e-04
1.350000000000e+02 3.018756293563e-04
1.355000000000e+02 2.525628890822e-04
1.360000000000e+02 1.584907010124e-04
1.365000000000e+02 6.745231524802e-05
1.370000000000e+02 2.923463701179e-05
1.375000000000e+02 6.854133554904e-05
1.380000000000e+02 1.707270883328e-04
1.385000000000e+02 2.878562010722e-04
1.390000000000e+02 3.623048702722e-04
1.395000000000e+02 3.561686453025e-04
1.400000000000e+02 2.716233790087e-04
1.405000000000e+02 1.517160575493e-04
1.410000000000e+02 6.071200211022e-05
1.415000000000e+02 5.331015904608e-05
1.420000000000e+02 1.476854603294e-04
1.425000000000e+02 3.155949485294e-04
1.430000000000e+02 4.945166661681e-04
1.435000000000e+02 6.160524361133e-04
1.440000000000e+02 6.369209845127e-04
1.445000000000e+02 5.576936234065e-04
1.450000000000e+02 4.205378802854e-04
1.455000000000e+02 2.875802553197e-04
1.460000000000e+02 2.109364346753e-04
1.465000000000e+02 2.093189955321e-04
1.470000000000e+02 2.625467286656e-04
1.475000000000e+02 3.260923240932e-04
1.480000000000e+02 3.576492953464e-04
1.485000000000e+02 3.416743036975e-04
1.490000000000e+02 2.989837270872e-04
1.495000000000e+02 2.761792014399e-04
1.500000000000e+02 3.200694121087e-04
1.505000000000e+02 4.501051604438e-04
1.510000000000e+02 6.431718781612e-04
1.515000000000e+02 8.391645666169e-04
1.520000000000e+02 9.655094460279e-04
1.525000000000e+02 9.692885755753e-04
1.530000000000e+02 8.416165679721e-04
1.535000000000e+02 6.224463544218e-04
1.540000000000e+02 3.833433607970e-04
1.545000000000e+02 1.963668451086e-04
1.550000000000e+02 1.038181120424e-04
1.555000000000e+02 1.030120381831e-04
1.560000000000e+02 1.527324192450e-04
1.565000000000e+02 1.973807987060e-04
1.570000000000e+02 1.963025846966e-04
1.575000000000e+02 1.435685545192e-04
1.580000000000e+02 6.863333772405e-05
1.585000000000e+02 1.814831032641e-05
1.590000000000e+02 2.880017322373e-05
1.595000000000e+02 1.055581678962e-04
1.600000000000e+02 2.168868817026e-04
1.605000000000e+02 3.097529996860e-04
1.610000000000e+02 3.370286196475e-04
1.615000000000e+02 2.833401419484e-04
1.620000000000e+02 1.758725426302e-04
1.625000000000e+02 7.394842839468e-05
1.630000000000e+02 4.175608832496e-05
1.635000000000e+02 1.171475809284e-04
1.640000000000e+02 2.916806113244e-04
1.645000000000e+02 5.118586651194e-04
1.650000000000e+02 7.013601718181e-04
1.655000000000e+02 7.939263072896e-04
1.660000000000e+02 7.614737764187e-04
1.665000000000e+02 6.244106837779e-04
1.670000000000e+02 4.398440374024e-04
1.675000000000e+02 2.740567004672e-04
1.680000000000e+02 1.730267847274e-04
1.685000000000e+02 1.452566745433e-04
1.690000000000e+02 1.646149675949e-04
1.695000000000e+02 1.906269994667e-04
1.700000000000e+02 1.948561741075e-04
1.705000000000e+02 1.791073110564e-04
1.710000000000e+02 1.755901157287e-04
1.715000000000e+02 2.286547404752e-04
1.720000000000e+02 3.674463217910e-04
1.725000000000e+02 5.838712721639e-04
1.730000000000e+02 8.280162447435e-04
1.735000000000e+02 1.024661488866e-03
1.740000000000e+02 1.103983164700e-03
1.745000000000e+02 1.032206116250e-03
1.750000000000e+02 8.275505280578e-04
1.755000000000e+02 5.535995398118e-04
1.760000000000e+02 2.929157101704e-04
1.765000000000e+02 1.131161517869e-04
1.770000000000e+02 4.108401308734e-05
1.775000000000e+02 5.686927894743e-05
1.780000000000e+02 1.091803378333e-04
1.785000000000e+02 1.439677400893e-04
1.790000000000e+02 1.315679085244e-04
1.795000000000e+02 7.912168120517e-05
1.800000000000e+02 2.278900562282e-05
1.805000000000e+02 4.667979075702e-06
1.810000000000e+02 4.705759018245e-05
1.815000000000e+02 1.379070535687e-04
1.820000000000e+02 2.353966376005e-04
1.825000000000e+02 2.896006599328e-04
1.830000000000e+02 2.701666966745e-04
1.835000000000e+02 1.855013080820e-04
1.840000000000e+02 8.288818075520e-05
1.845000000000e+02 2.837911612237e-05
1.850000000000e+02 7.551976473726e-05
1.855000000000e+02 2.378814822482e-04
1.860000000000e+02 4.789582646946e-04
1.865000000000e+02 7.248648605360e-04
1.870000000000e+02 8.943841957399e-04
1.875000000000e+02 9.325912514650e-04
1.880000000000e+02 8.326054917288e-04
1.885000000000e+02 6.358009244427e-04
1.890000000000e+02 4.111695253057e-04
1.895000000000e+02 2.243839385322e-04
1.900000000000e+02 1.116241376027e-04
1.905000000000e+02 7.027953319445e-05
1.910000000000e+02 6.979321267311e-05
1.915000000000e+02 7.567170848326e-05
1.920000000000e+02 7.319172800540e-05
1.925000000000e+02 7.782496636382e-05
1.930000000000e+02 1.265741840891e-04
1.935000000000e+02 2.545979456179e-04
1.940000000000e+02 4.695033412815e-04
1.945000000000e+02 7.373979516941e-04
1.950000000000e+02 9.892628546157e-04
1.955000000000e+02 1.146134845605e-03
1.960000000000e+02 1.151980382929e-03
1.965000000000e+02 9.988362325310e-04
1.970000000000e+02 7.320149629909e-04
1.975000000000e+02 4.324337221784e-04
1.980000000000e+02 1.839262536928e-04
1.985000000000e+02 4.046211288163e-05
1.990000000000e+02 8.074223847876e-06
1.995000000000e+02 4.907301540430e-05
2.000000000000e+02 1.053774883111e-04
2.005000000000e+02 1.288068775136e-04
2.010000000000e+02 1.033265682164e-04
2.015000000000e+02 4.883172678532e-05
2.020000000000e+02 5.684946963128e-06
2.025000000000e+02 9.018750820287e-06
2.030000000000e+02 6.685253879610e-05
2.035000000000e+02 1.538609494193e-04
2.040000000000e+02 2.243337613172e-04
2.045000000000e+02 2.377221795192e-04
2.050000000000e+02 1.833460170053e-04
2.055000000000e+02 9.085056394022e-05
2.060000000000e+02 1.992584767093e-05
2.065000000000e+02 3.322153659723e-05
2.070000000000e+02 1.651007216747e-04
2.075000000000e+02 4.014717866496e-04
2.080000000000e+02 6.810265115385e-04
2.085000000000e+02 9.181248181769e-04
2.090000000000e+02 1.037216437271e-03
2.095000000000e+02 1.003147317426e-03
2.100000000000e+02 8.336793908596e-04
2.105000000000e+02 5.890732476456e-04
2.110000000000e+02 3.444526901053e-04
2.115000000000e+02 1.585678715954e-04
2.120000000000e+02 5.368572377101e-05
2.125000000000e+02 1.523365813024e-05
2.130000000000e+02 9.651803625348e-06
2.135000000000e+02 9.804342541490e-06
2.140000000000e+02 1.381136953225e-05
2.145000000000e+02 4.698347248997e-05
2.150000000000e+02 1.456741173288e-04
2.155000000000e+02 3.316326328198e-04
2.160000000000e+02 5.908407572091e-04
2.165000000000e+02 8.690389713546e-04
2.170000000000e+02 1.088000830078e-03
2.175000000000e+02 1.176127720125e-03
2.180000000000e+02 1.099368451119e-03
2.185000000000e+02 8.776698954983e-04
2.190000000000e+02 5.786499971465e-04
2.195000000000e+02 2.908504429360e-04
2.200000000000e+02 8.857760872918e-05
2.205000000000e+02 4.256485873392e-06
2.210000000000e+02 2.049466153264e-05
2.215000000000e+02 8.452956201863e-05
2.220000000000e+02 1.370970964505e-04
2.225000000000e+02 1.412126202156e-04
2.230000000000e+02 9.703645801905e-05
2.235000000000e+02 3.644588443032e-05
2.240000000000e+02 1.344443579084e-06
2.245000000000e+02 1.786671198519e-05
2.250000000000e+02 8.043137197451e-05
2.255000000000e+02 1.542164138994e-04
2.260000000000e+02 1.948543985936e-04
2.265000000000e+02 1.749653967038e-04
2.270000000000e+02 1.032564764341e-04
2.275000000000e+02 2.535487314173e-05
2.280000000000e+02 4.648695979158e-06
2.285000000000e+02 9.164773920518e-05
2.290000000000e+02 2.965940199009e-04
2.295000000000e+02 5.790547160894e-04
2.300000000000e+02 8.603971751887e-04
2.305000000000e+02 1.054158869554e-03
2.310000000000e+02 1.100708795795e-03
2.315000000000e+02 9.904823273578e-04
2.320000000000e+02 7.655005941881e-04
2.325000000000e+02 4.991935407430e-04
2.330000000000e+02 2.646833664148e-04
2.335000000000e+02 1.067189107361e-04
2.340000000000e+02 3.000230612242e-05
2.345000000000e+02 8.053550334256e-06
2.350000000000e+02 6.381455034201e-06
2.355000000000e+02 6.772800305508e-06
2.360000000000e+02 1.941565038218e-05
2.365000000000e+02 7.630566065906e-05
2.370000000000e+02 2.094720014708e-04
2.375000000000e+02 4.258397830580e-04
2.380000000000e+02 6.927655177840e-04
2.385000000000e+02 9.432405844935e-04
2.390000000000e+02 1.099922187261e-03
2.395000000000e+02 1.107435123226e-03
2.400000000000e+02 9.576980969604e-04
2.405000000000e+02 6.958081266542e-04
2.410000000000e+02 4.030066299318e-04
2.415000000000e+02 1.640943597997e-04
2.420000000000e+02 3.405445537899e-05
2.425000000000e+02 1.895683458064e-05
2.430000000000e+02 7.930267971799e-05
2.435000000000e+02 1.532254729730e-04
2.440000000000e+02 1.876605007533e-04
2.445000000000e+02 1.622506877584e-04
2.450000000000e+02 9.492014426201e-05
2.455000000000e+02 2.754068402437e-05
2.460000000000e+02 1.436358871500e-07
2.465000000000e+02 2.767580970158e-05
2.470000000000e+02 9.163614996245e-05
2.475000000000e+02 1.509682151665e-04
2.480000000000e+02 1.664016732884e-04
2.485000000000e+02 1.252262230297e-04
2.490000000000e+02 5.293937490058e-05
2.495000000000e+02 4.672003548187e-06
2.500000000000e+02 3.955958466751e-05
2.505000000000e+02 1.901432146628e-04
2.510000000000e+02 4.419304109944e-04
2.515000000000e+02 7.337950083431e-04
2.520000000000e+02 9.800492231165e-04
2.525000000000e+02 1.104582285977e-03
2.530000000000e+02 1.071559554886e-03
2.535000000000e+02 8.987279522405e-04
2.540000000000e+02 6.476283144326e-04
2.545000000000e+02 3.959289534476e-04
2.550000000000e+02 2.053324594802e-04
2.555000000000e+02 1.000838661332e-04
2.560000000000e+02 6.535122598779e-05
2.565000000000e+02 6.461579505783e-05
2.570000000000e+02 6.579290884699e-05
2.575000000000e+02 6.179117460223e-05
2.580000000000e+02 7.454816546121e-05
2.585000000000e+02 1.404962280054e-04
2.590000000000e+02 2.853477600261e-04
2.595000000000e+02 5.019729980403e-04
2.600000000000e+02 7.439451994014e-04
2.605000000000e+02 9.395887367305e-04
2.610000000000e+02 1.020936352497e-03
2.615000000000e+02 9.541251642408e-04
2.620000000000e+02 7.564484114801e-04
2.625000000000e+02 4.912957598469e-04
2.630000000000e+02 2.426749380085e-04
2.635000000000e+02 8.079554357970e-05
2.640000000000e+02 3.449710142032e-05
2.645000000000e+02 8.299336287684e-05
2.650000000000e+02 1.701057034175e-04
2.655000000000e+02 2.334367681009e-04
2.660000000000e+02 2.340389664388e-04
2.665000000000e+02 1.723925080871e-04
2.670000000000e+02 8.369890281602e-05
2.675000000000e+02 1.596607100643e-05
2.680000000000e+02 2.864668119826e-06
2.685000000000e+02 4.565220533573e-05
2.690000000000e+02 1.134978215772e-04
2.695000000000e+02 1.618608115708e-04
2.700000000000e+02 1.591076477984e-04
2.705000000000e+02 1.071091880556e-04
2.710000000000e+02 4.442456528709e-05
2.715000000000e+02 2.945123683273e-05
2.720000000000e+02 1.112124188073e-04
2.725000000000e+02 3.020759694117e-04
2.730000000000e+02 5.662639806743e-04
2.735000000000e+02 8.306360994227e-04
2.740000000000e+02 1.013494149216e-03
2.745000000000e+02 1.058341188569e-03
2.750000000000e+02 9.569939525833e-04
2.755000000000e+02 7.514652172814e-04
2.760000000000e+02 5.141504393644e-04
2.765000000000e+02 3.161094458197e-04
2.770000000000e+02 1.986157454404e-04
2.775000000000e+02 1.610693486295e-04
2.780000000000e+02 1.699493601331e-04
2.785000000000e+02 1.829642426863e-04
2.790000000000e+02 1.751890502689e-04
2.795000000000e+02 1.533956610616e-04
2.800000000000e+02 1.512014265276e-04
2.805000000000e+02 2.077881182757e-04
2.810000000000e+02 3.416286932657e-04
2.815000000000e+02 5.334885949837e-04
2.820000000000e+02 7.284744538985e-04
2.825000000000e+02 8.573093931496e-04
2.830000000000e+02 8.671277144853e-04
2.835000000000e+02 7.468914785332e-04
2.840000000000e+02 5.347091998152e-04
2.845000000000e+02 3.028891908388e-04
2.850000000000e+02 1.273066366850e-04
2.855000000000e+02 5.530596893479e-05
2.860000000000e+02 8.711354114682e-05
2.865000000000e+02 1.792116037369e-04
2.870000000000e+02 2.675283728009e-04
2.875000000000e+02 2.988411648237e-04
2.880000000000e+02 2.551024039805e-04
2.885000000000e+02 1.592421653495e-04
2.890000000000e+02 6.040119402519e-05
2.895000000000e+02 6.790546502279e-06
2.900000000000e+02 2.035892597470e-05
2.905000000000e+02 8.623275433070e-05
2.910000000000e+02 1.621482484326e-04
2.915000000000e+02 2.027578394242e-04
2.920000000000e+02 1.859925868950e-04
2.925000000000e+02 1.274936475492e-04
2.930000000000e+02 7.510065695934e-05
2.935000000000e+02 8.551982034964e-05
2.940000000000e+02 1.945002775977e-04
2.945000000000e+02 3.954731077765e-04
2.950000000000e+02 6.377714128346e-04
2.955000000000e+02 8.460918470342e-04
2.960000000000e+02 9.524352248900e-04
2.965000000000e+02 9.255405433416e-04
2.970000000000e+02 7.839048041328e-04
2.975000000000e+02 5.863535433072e-04
2.980000000000e+02 4.049250903589e-04
2.985000000000e+02 2.932427327799e-04
2.990000000000e+02 2.654523778749e-04
2.995000000000e+02 2.953111232581e-04
3.000000000000e+02 3.349010564019e-04
3.005000000000e+02 3.427627703731e-04
3.010000000000e+02 3.067991160549e-04
3.015000000000e+02 2.502596863743e-04
3.020000000000e+02 2.179402284089e-04
3.025000000000e+02 2.499501073522e-04
3.030000000000e+02 3.568589115202e-04
3.035000000000e+02 5.094680989201e-04
3.040000000000e+02 6.491306934077e-04
3.045000000000e+02 7.141243855223e-04
3.050000000000e+02 6.693020860797e-04
3.055000000000e+02 5.242825463418e-04
3.060000000000e+02 3.308415813565e-04
3.065000000000e+02 1.602872884081e-04
3.070000000000e+02 7.144520933352e-05
3.075000000000e+02 8.455388173554e-05
3.080000000000e+02 1.735414796449e-04
3.085000000000e+02 2.802024149749e-04
3.090000000000e+02 3.431365111276e-04
3.095000000000e+02 3.272125254229e-04
3.100000000000e+02 2.392623821911e-04
3.105000000000e+02 1.226920985892e-04
3.110000000000e+02 3.421131927627e-05
3.115000000000e+02 1.469593683451e-05
3.120000000000e+02 6.893785053753e-05
3.125000000000e+02 1.643762589060e-04
3.130000000000e+02 2.492162161488e-04
3.135000000000e+02 2.804981457546e-04
3.140000000000e+02 2.476280700355e-04
3.145000000000e+02 1.791496716454e-04
3.150000000000e+02 1.290009050705e-04
3.155000000000e+02 1.489093083937e-04
3.160000000000e+02 2.607144206283e-04
3.165000000000e+02 4.426625162856e-04
3.170000000000e+02 6.369281669715e-04
3.175000000000e+02 7.751318775863e-04
3.180000000000e+02 8.096535047401e-04
3.185000000000e+02 7.355601881625e-04
3.190000000000e+02 5.924798457743e-04
3.195000000000e+02 4.455393465043e-04
3.200000000000e+02 3.547096157287e-04
3.205000000000e+02 3.475001777844e-04
3.210000000000e+02 4.081621869382e-04
3.215000000000e+02 4.882990368153e-04
3.220000000000e+02 5.331671542073e-04
3.225000000000e+02 5.102555019512e-04
3.230000000000e+02 4.257698552525e-04
3.235000000000e+02 3.208629862492e-04
3.240000000000e+02 2.497114893514e-04
3.245000000000e+02 2.507007390646e-04
3.250000000000e+02 3.254570795273e-04
3.255000000000e+02 4.365238482310e-04
3.260000000000e+02 5.250915229423e-04
3.265000000000e+02 5.400635625832e-04
3.270000000000e+02 4.639461235211e-04
3.275000000000e+02 3.225084241097e-04
3.280000000000e+02 1.731669377066e-04
3.285000000000e+02 7.762265473513e-05
3.290000000000e+02 7.215545356136e-05
3.295000000000e+02 1.502177077111e-04
3.300000000000e+02 2.659353026596e-04
3.305000000000e+02 3.568039808098e-04
3.310000000000e+02 3.743854969731e-04
3.315000000000e+02 3.078722968219e-04
3.320000000000e+02 1.889545616829e-04
3.325000000000e+02 7.571276050431e-05
3.330000000000e+02 2.365080342925e-05
3.335000000000e+02 5.831483225592e-05
3.340000000000e+02 1.630739014575e-04
3.345000000000e+02 2.880221302665e-04
3.350000000000e+02 3.754071196331e-04
3.355000000000e+02 3.887632603818e-04
3.360000000000e+02 3.311281055376e-04
3.365000000000e+02 2.432311764812e-04
3.370000000000e+02 1.826033007852e-04
3.375000000000e+02 1.941285764664e-04
3.380000000000e+02 2.868627989371e-04
3.385000000000e+02 4.288190169891e-04
3.390000000000e+02 5.624300327372e-04
3.395000000000e+02 6.330297940038e-04
3.400000000000e+02 6.161340686210e-04
3.405000000000e+02 5.298340149998e-04
3.410000000000e+02 4.259944569358e-04
3.415000000000e+02 3.645045787457e-04
3.420000000000e+02 3.833034038798e-04
3.425000000000e+02 4.790660386962e-04
3.430000000000e+02 6.081983606542e-04
3.435000000000e+02 7.077420171202e-04
3.440000000000e+02 7.259282182239e-04
3.445000000000e+02 6.473396093054e-04
3.450000000000e+02 5.003178257824e-04
3.455000000000e+02 3.430541469392e-04
3.460000000000e+02 2.353432272005e-04
3.465000000000e+02 2.100253565241e-04
3.470000000000e+02 2.581993677651e-04
3.475000000000e+02 3.353491045740e-04
3.480000000000e+02 3.850678438362e-04
3.485000000000e+02 3.683102872973e-04
3.490000000000e+02 2.834139727764e-04
3.495000000000e+02 1.668392087217e-04
3.500000000000e+02 7.431166890596e-05
3.505000000000e+02 5.193634053519e-05
3.510000000000e+02 1.119335341946e-04
3.515000000000e+02 2.253753028500e-04
3.520000000000e+02 3.357985806678e-04
3.525000000000e+02 3.870822352618e-04
3.530000000000e+02 3.517439421520e-04
3.535000000000e+02 2.454688175694e-04
3.540000000000e+02 1.204248406061e-04
3.545000000000e+02 4.041493147409e-05
3.550000000000e+02 4.994898404771e-05
3.555000000000e+02 1.523950013298e-04
3.560000000000e+02 3.079471070482e-04
3.565000000000e+02 4.524147631127e-04
3.570000000000e+02 5.276158872850e-04
3.575000000000e+02 5.085098048566e-04
3.580000000000e+02 4.139186708719e-04
3.585000000000e+02 2.958824037146e-04
3.590000000000e+02 2.132777364099e-04
3.595000000000e+02 2.030371927528e-04
3.600000000000e+02 2.633105628179e-04
3.605000000000e+02 3.567528182505e-04
3.610000000000e+02 4.319088929244e-04
3.615000000000e+02 4.515268166737e-04
3.620000000000e+02 4.131497734189e-04
3.625000000000e+02 3.512611706876e-04
3.630000000000e+02 3.196205083836e-04
3.635000000000e+02 3.625368432568e-04
3.640000000000e+02 4.896005101521e-04
3.645000000000e+02 6.669066398590e-04
3.650000000000e+02 8.297522078799e-04
3.655000000000e+02 9.111518548762e-04
3.660000000000e+02 8.725828467261e-04
3.665000000000e+02 7.220970710004e-04
3.670000000000e+02 5.109881971384e-04
3.675000000000e+02 3.106013993184e-04
3.680000000000e+02 1.804887006680e-04
3.685000000000e+02 1.432028049808e-04
3.690000000000e+02 1.775889777071e-04
3.695000000000e+02 2.332135164471e-04
3.700000000000e+02 2.581566111841e-04
3.705000000000e+02 2.259645527965e-04
3.710000000000e+02 1.482660463232e-04
3.715000000000e+02 6.700160893714e-05
3.720000000000e+02 3.062623306745e-05
3.725000000000e+02 6.678604053618e-05
3.730000000000e+02 1.657522212908e-04
3.735000000000e+02 2.834267508731e-04
3.740000000000e+02 3.627614259570e-04
3.745000000000e+02 3.629691433222e-04
3.750000000000e+02 2.817278617351e-04
3.755000000000e+02 1.588256058984e-04
3.760000000000e+02 5.880037236317e-05
3.765000000000e+02 4.058404368029e-05
3.770000000000e+02 1.287583792286e-04
3.775000000000e+02 3.004632995532e-04
3.780000000000e+02 4.945018814139e-04
3.785000000000e+02 6.384399679775e-04
3.790000000000e+02 6.807946318047e-04
3.795000000000e+02 6.130280386871e-04
3.800000000000e+02 4.711600409391e-04
3.805000000000e+02 3.168331413403e-04
3.810000000000e+02 2.076315668288e-04
3.815000000000e+02 1.714493956571e-04
3.820000000000e+02 1.972975165601e-04
3.825000000000e+02 2.464076338236e-04
3.830000000000e+02 2.771531276849e-04
3.835000000000e+02 2.703621047534e-04
3.840000000000e+02 2.415270629037e-04
3.845000000000e+02 2.332377700023e-04
3.850000000000e+02 2.914309248094e-04
3.855000000000e+02 4.375730040197e-04
3.860000000000e+02 6.513413848436e-04
3.865000000000e+02 8.734458489439e-04
3.870000000000e+02 1.028334097715e-03
3.875000000000e+02 1.056557269331e-03
3.880000000000e+02 9.415107807315e-04
3.885000000000e+02 7.176764373927e-04
3.890000000000e+02 4.562405404094e-04
3.895000000000e+02 2.347717354292e-04
3.900000000000e+02 1.052063934570e-04
3.905000000000e+02 7.500550194017e-05
3.910000000000e+02 1.097482336315e-04
3.915000000000e+02 1.549077664544e-04
3.920000000000e+02 1.653267646623e-04
3.925000000000e+02 1.275106669888e-04
3.930000000000e+02 6.389877888353e-05
3.935000000000e+02 1.765472891860e-05
3.940000000000e+02 2.648803717777e-05
3.945000000000e+02 9.955932228891e-05
3.950000000000e+02 2.098589556929e-04
3.955000000000e+02 3.064380355626e-04
3.960000000000e+02 3.405647517396e-04
3.965000000000e+02 2.924978589168e-04
3.970000000000e+02 1.848796368180e-04
3.975000000000e+02 7.517396390236e-05
3.980000000000e+02 2.995985750875e-05
3.985000000000e+02 9.307505359517e-05
3.990000000000e+02 2.629851749597e-04
3.995000000000e+02 4.905870790964e-04
4.000000000000e+02 6.989341397115e-04
4.005000000000e+02 8.158508162119e-04
4.010000000000e+02 8.042457501187e-04
4.015000000000e+02 6.761488685060e-04
4.020000000000e+02 4.844608836394e-04
4.025000000000e+02 2.971635995528e-04
4.030000000000e+02 1.669913754965e-04
4.035000000000e+02 1.112817879615e-04
4.040000000000e+02 1.111512072872e-04
4.045000000000e+02 1.291514259795e-04
4.050000000000e+02 1.352077714853e-04
4.055000000000e+02 1.266147143298e-04
4.060000000000e+02 1.311666135618e-04
4.065000000000e+02 1.914278165433e-04
4.070000000000e+02 3.381583773343e-04
4.075000000000e+02 5.669104354940e-04
4.080000000000e+02 8.306992932255e-04
4.085000000000e+02 1.053901395524e-03
4.090000000000e+02 1.161955140921e-03
4.095000000000e+02 1.113309989980e-03
4.100000000000e+02 9.184820582626e-04
4.105000000000e+02 6.369041807814e-04
4.110000000000e+02 3.527051287475e-04
4.115000000000e+02 1.405186802410e-04
4.120000000000e+02 3.703487380867e-05
4.125000000000e+02 3.102561927381e-05
4.130000000000e+02 7.550803869756e-05
4.135000000000e+02 1.150426271353e-04
4.140000000000e+02 1.141453442532e-04
4.145000000000e+02 7.282163449817e-05
4.150000000000e+02 2.218187254908e-05
4.155000000000e+02 3.407339369072e-06
4.160000000000e+02 4.179448384863e-05
4.165000000000e+02 1.299693152554e-04
4.170000000000e+02 2.294758019910e-04
4.175000000000e+02 2.903037104529e-04
4.180000000000e+02 2.784334925767e-04
4.185000000000e+02 1.969773533518e-04
4.190000000000e+02 8.932961137986e-05
4.195000000000e+02 2.156582649336e-05
4.200000000000e+02 5.177953661275e-05
4.205000000000e+02 2.008912443739e-04
4.210000000000e+02 4.392313327328e-04
4.215000000000e+02 6.959071315432e-04
4.220000000000e+02 8.871380188613e-04
4.225000000000e+02 9.506726247524e-04
4.230000000000e+02 8.705303998947e-04
4.235000000000e+02 6.810289886203e-04
4.240000000000e+02 4.490270944873e-04
4.245000000000e+02 2.436195016481e-04
4.250000000000e+02 1.081256618586e-04
4.255000000000e+02 4.743980560651e-05
4.260000000000e+02 3.566027087721e-05
4.265000000000e+02 3.854626735927e-05
4.270000000000e+02 3.798470595926e-05
4.275000000000e+02 4.496206469512e-05
4.280000000000e+02 9.381870475771e-05
4.285000000000e+02 2.205888993082e-04
4.290000000000e+02 4.368791159299e-04
4.295000000000e+02 7.135711750830e-04
4.300000000000e+02 9.841345086887e-04
4.305000000000e+02 1.167667217198e-03
4.310000000000e+02 1.201757827021e-03
4.315000000000e+02 1.069903012926e-03
4.320000000000e+02 8.102847020038e-04
4.325000000000e+02 5.012876847808e-04
4.330000000000e+02 2.300771269801e-04
4.335000000000e+02 5.851668439804e-05
4.340000000000e+02 1.806241981035e-06
4.345000000000e+02 2.894151991764e-05
4.350000000000e+02 8.355690445066e-05
4.355000000000e+02 1.140947581311e-04
4.360000000000e+02 9.823902216032e-05
4.365000000000e+02 5.003271168312e-05
4.370000000000e+02 7.215601594094e-06
4.375000000000e+02 6.436105644267e-06
4.380000000000e+02 6.002140284611e-05
4.385000000000e+02 1.469339774094e-04
4.390000000000e+02 2.229860182966e-04
4.395000000000e+02 2.451909355247e-04
4.400000000000e+02 1.975032227235e-04
4.405000000000e+02 1.040528570414e-04
4.410000000000e+02 2.198034893035e-05
4.415000000000e+02 1.618092851211e-05
4.420000000000e+02 1.275816645590e-04
4.425000000000e+02 3.503047661902e-04
4.430000000000e+02 6.292585988361e-04
4.435000000000e+02 8.801260843993e-04
4.440000000000e+02 1.023040142913e-03
4.445000000000e+02 1.014674199811e-03
4.450000000000e+02 8.642467503441e-04
4.455000000000e+02 6.266533229301e-04
4.460000000000e+02 3.767999518522e-04
4.465000000000e+02 1.778993186819e-04
4.470000000000e+02 5.879611241828e-05
4.475000000000e+02 1.029153503250e-05
4.480000000000e+02 5.903081182127e-07
4.485000000000e+02 3.785151241377e-07
4.490000000000e+02 3.470709461945e-06
4.495000000000e+02 3.168154455037e-05
4.500000000000e+02 1.211391017192e-04
4.505000000000e+02 2.972735912176e-04
4.510000000000e+02 5.520578235733e-04
4.515000000000e+02 8.364598706442e-04
4.520000000000e+02 1.073712221160e-03
4.525000000000e+02 1.188534589399e-03
4.530000000000e+02 1.139106452850e-03
4.535000000000e+02 9.366007634459e-04
4.540000000000e+02 6.425632514588e-04
4.545000000000e+02 3.447546190591e-04
4.550000000000e+02 1.222402562754e-04
4.555000000000e+02 1.554327435441e-05
4.560000000000e+02 1.511632876044e-05
4.565000000000e+02 7.251086248720e-05
4.570000000000e+02 1.277996009293e-04
4.575000000000e+02 1.393373973800e-04
4.580000000000e+02 1.014296586267e-04
4.585000000000e+02 4.205094641004e-05
4.590000000000e+02 3.040949800023e-06
4.595000000000e+02 1.401336451091e-05
4.600000000000e+02 7.414554841792e-05
4.605000000000e+02 1.516557956115e-04
4.610000000000e+02 2.013834558456e-04
4.615000000000e+02 1.912624710106e-04
4.620000000000e+02 1.235394233751e-04
4.625000000000e+02 3.889672563196e-05
4.630000000000e+02 1.119199447119e-07
4.635000000000e+02 6.230531283154e-05
4.640000000000e+02 2.439650796115e-04
4.645000000000e+02 5.131483775777e-04
4.650000000000e+02 7.963202450342e-04
4.655000000000e+02 1.006545567754e-03
4.660000000000e+02 1.078444394326e-03
4.665000000000e+02 9.940256362125e-04
4.670000000000e+02 7.878501096279e-04
4.675000000000e+02 5.298116617845e-04
4.680000000000e+02 2.943408112561e-04
4.685000000000e+02 1.309007669893e-04
4.690000000000e+02 4.936428601006e-05
4.695000000000e+02 2.598724603335e-05
4.700000000000e+02 2.524059844632e-05
4.705000000000e+02 2.497520803761e-05
4.710000000000e+02 3.113803471441e-05
4.715000000000e+02 7.408928761511e-05
4.720000000000e+02 1.884722027340e-04
4.725000000000e+02 3.874948213681e-04
4.730000000000e+02 6.458313445286e-04
4.735000000000e+02 9.013725619164e-04
4.740000000000e+02 1.076680590416e-03
4.745000000000e+02 1.110906646989e-03
4.750000000000e+02 9.871987784952e-04
4.755000000000e+02 7.422129073583e-04
4.760000000000e+02 4.525748454871e-04
4.765000000000e+02 2.040407335227e-04
4.770000000000e+02 5.733737330128e-05
4.775000000000e+02 2.619138668792e-05
4.780000000000e+02 7.713026647376e-05
4.785000000000e+02 1.501768224852e-04
4.790000000000e+02 1.896963865740e-04
4.795000000000e+02 1.702015512198e-04
4.800000000000e+02 1.049769076030e-04
4.805000000000e+02 3.433009441335e-05
4.810000000000e+02 5.781387967474e-07
4.815000000000e+02 2.338063738068e-05
4.820000000000e+02 8.851898548097e-05
4.825000000000e+02 1.560199880438e-04
4.830000000000e+02 1.833236101874e-04
4.835000000000e+02 1.511939738379e-04
4.840000000000e+02 7.835867507221e-05
4.845000000000e+02 1.635824975112e-05
4.850000000000e+02 2.608076965963e-05
4.855000000000e+02 1.469415446536e-04
4.860000000000e+02 3.738493860270e-04
4.865000000000e+02 6.537961534085e-04
4.870000000000e+02 9.046521105012e-04
4.875000000000e+02 1.048056967123e-03
4.880000000000e+02 1.041421081287e-03
4.885000000000e+02 8.943874906376e-04
4.890000000000e+02 6.625004162896e-04
4.895000000000e+02 4.216533013703e-04
4.900000000000e+02 2.358463947003e-04
4.905000000000e+02 1.335172330441e-04
4.910000000000e+02 1.029634004280e-04
4.915000000000e+02 1.076063681795e-04
4.920000000000e+02 1.119656466405e-04
4.925000000000e+02 1.041481874995e-04
4.930000000000e+02 1.028851733959e-04
4.935000000000e+02 1.454696339586e-04
4.940000000000e+02 2.631057474340e-04
4.945000000000e+02 4.569985207918e-04
4.950000000000e+02 6.884980507870e-04
4.955000000000e+02 8.897141014869e-04
4.960000000000e+02 9.906596804527e-04
4.965000000000e+02 9.503631487760e-04
4.970000000000e+02 7.768772106528e-04
4.975000000000e+02 5.260607726132e-04
4.980000000000e+02 2.790558291421e-04
4.985000000000e+02 1.086119243331e-04
4.990000000000e+02 4.979018047401e-05
4.995000000000e+02 8.845034209936e-05
5.000000000000e+02 1.723298938691e-04
5.005000000000e+02 2.386903303344e-04
5.010000000000e+02 2.447471683028e-04
5.015000000000e+02 1.861880097934e-04
5.020000000000e+02 9.538177009241e-05
5.025000000000e+02 2.118600981384e-05
5.030000000000e+02 1.401531523432e-06
5.035000000000e+02 4.235771288745e-05
5.040000000000e+02 1.161761920957e-04
5.045000000000e+02 1.769949167453e-04
5.050000000000e+02 1.875496818246e-04
5.055000000000e+02 1.420205469446e-04
5.060000000000e+02 7.275780629166e-05
5.065000000000e+02 3.658660030279e-05
5.070000000000e+02 8.681216279459e-05
5.075000000000e+02 2.445669836122e-04
5.080000000000e+02 4.839336753245e-04
5.085000000000e+02 7.388591861556e-04
5.090000000000e+02 9.293607096679e-04
5.095000000000e+02 9.950860990915e-04
5.100000000000e+02 9.206007282691e-04
5.105000000000e+02 7.406704761311e-04
5.110000000000e+02 5.233930402674e-04
5.115000000000e+02 3.395893373927e-04
5.120000000000e+02 2.332257555180e-04
5.125000000000e+02 2.067143893942e-04
5.130000000000e+02 2.272659187781e-04
5.135000000000e+02 2.499187150659e-04
5.140000000000e+02 2.447071810521e-04
5.145000000000e+02 2.137019460601e-04
5.150000000000e+02 1.891562715656e-04
5.155000000000e+02 2.139026495218e-04
5.160000000000e+02 3.144338602078e-04
5.165000000000e+02 4.810656805164e-04
5.170000000000e+02 6.661860962298e-04
5.175000000000e+02 8.025204940112e-04
5.180000000000e+02 8.331252287791e-04
5.185000000000e+02 7.386055553705e-04
5.190000000000e+02 5.480080958923e-04
5.195000000000e+02 3.275663129772e-04
5.200000000000e+02 1.521999242236e-04
5.205000000000e+02 7.309371867330e-05
5.210000000000e+02 9.663272459571e-05
5.215000000000e+02 1.844688559829e-04
5.220000000000e+02 2.742446790458e-04
5.225000000000e+02 3.105532962235e-04
5.230000000000e+02 2.709587088714e-04
5.235000000000e+02 1.746420874835e-04
5.240000000000e+02 7.005836654724e-05
5.245000000000e+02 8.461377996767e-06
5.250000000000e+02 1.706548589295e-05
5.255000000000e+02 8.554344603909e-05
5.260000000000e+02 1.726004538087e-04
5.265000000000e+02 2.290462821764e-04
5.270000000000e+02 2.253170642760e-04
5.275000000000e+02 1.690470194774e-04
5.280000000000e+02 1.032563423623e-04
5.285000000000e+02 8.552741876177e-05
5.290000000000e+02 1.582707997993e-04
5.295000000000e+02 3.249357067214e-04
5.300000000000e+02 5.443676246133e-04
5.305000000000e+02 7.467206085762e-04
5.310000000000e+02 8.637312259564e-04
5.315000000000e+02 8.590122809434e-04
5.320000000000e+02 7.438896045225e-04
5.325000000000e+02 5.712746961107e-04
5.330000000000e+02 4.107090028196e-04
5.335000000000e+02 3.167819902245e-04
5.340000000000e+02 3.061524811407e-04
5.345000000000e+02 3.539304525804e-04
5.350000000000e+02 4.104652632902e-04
5.355000000000e+02 4.294856341170e-04
5.360000000000e+02 3.930662192046e-04
5.365000000000e+02 3.207459362185e-04
5.370000000000e+02 2.583218745782e-04
5.375000000000e+02 2.522483367072e-04
5.380000000000e+02 3.229480671230e-04
5.385000000000e+02 4.509812473511e-04
5.390000000000e+02 5.835867554556e-04
5.395000000000e+02 6.588253435595e-04
5.400000000000e+02 6.355721392911e-04
5.405000000000e+02 5.144462085162e-04
5.410000000000e+02 3.390495824882e-04
5.415000000000e+02 1.765232515723e-04
5.420000000000e+02 8.663982879227e-05
5.425000000000e+02 9.436380118073e-05
5.430000000000e+02 1.791677255373e-04
5.435000000000e+02 2.861931159661e-04
5.440000000000e+02 3.536421627634e-04
5.445000000000e+02 3.428780298111e-04
5.450000000000e+02 2.565043326286e-04
5.455000000000e+02 1.357642284528e-04
5.460000000000e+02 3.890838591961e-05
5.465000000000e+02 1.159360079119e-05
5.470000000000e+02 6.421607556600e-05
5.475000000000e+02 1.674688715901e-04
5.480000000000e+02 2.681770506256e-04
5.485000000000e+02 3.172418546255e-04
5.490000000000e+02 2.954352548035e-04
5.495000000000e+02 2.238737835690e-04
5.500000000000e+02 1.537185650447e-04
5.505000000000e+02 1.401313557716e-04
5.510000000000e+02 2.135115055216e-04
5.515000000000e+02 3.625305647476e-04
5.520000000000e+02 5.376994884435e-04
5.525000000000e+02 6.740121129847e-04
5.530000000000e+02 7.216817546714e-04
5.535000000000e+02 6.698804535930e-04
5.540000000000e+02 5.517664854970e-04
5.545000000000e+02 4.282854338867e-04
5.550000000000e+02 3.586923479530e-04
5.555000000000e+02 3.722739333215e-04
5.560000000000e+02 4.551094333474e-04
5.565000000000e+02 5.582214752066e-04
5.570000000000e+02 6.228613245675e-04
5.575000000000e+02 6.102204526653e-04
5.580000000000e+02 5.207559284420e-04
5.585000000000e+02 3.935883752651e-04
5.590000000000e+02 2.864314373340e-04
5.595000000000e+02 2.462433992177e-04
5.600000000000e+02 2.854002100470e-04
5.605000000000e+02 3.753835215777e-04
5.610000000000e+02 4.611702264731e-04
5.615000000000e+02 4.891103860124e-04
5.620000000000e+02 4.342913031704e-04
5.625000000000e+02 3.136056937666e-04
5.630000000000e+02 1.778686763579e-04
5.635000000000e+02 8.680713440533e-05
5.640000000000e+02 7.934235111513e-05
5.645000000000e+02 1.540016397385e-04
5.650000000000e+02 2.693062975829e-04
5.655000000000e+02 3.640637329092e-04
5.660000000000e+02 3.875769026100e-04
5.665000000000e+02 3.248151789981e-04
5.670000000000e+02 2.040505638016e-04
5.675000000000e+02 8.313782902219e-05
5.680000000000e+02 2.119808524039e-05
5.685000000000e+02 4.969363026781e-05
5.690000000000e+02 1.571667276882e-04
5.695000000000e+02 2.951203279710e-04
5.700000000000e+02 4.020299971685e-04
5.705000000000e+02 4.335123504665e-04
5.710000000000e+02 3.836886215495e-04
5.715000000000e+02 2.872424078663e-04
5.720000000000e+02 2.013366223338e-04
5.725000000000e+02 1.765951354884e-04
5.730000000000e+02 2.317604440692e-04
5.735000000000e+02 3.447215487393e-04
5.740000000000e+02 4.643377748529e-04
5.745000000000e+02 5.370089368455e-04
5.750000000000e+02 5.345064219016e-04
5.755000000000e+02 4.689110933885e-04
5.760000000000e+02 3.869482073280e-04
5.765000000000e+02 3.463552511839e-04
5.770000000000e+02 3.859970798529e-04
5.775000000000e+02 5.047066045343e-04
5.780000000000e+02 6.596235279886e-04
5.785000000000e+02 7.851959268035e-04
5.790000000000e+02 8.237652983166e-04
5.795000000000e+02 7.528674895450e-04
5.800000000000e+02 5.959337397914e-04
5.805000000000e+02 4.112065817143e-04
5.810000000000e+02 2.643656573924e-04
5.815000000000e+02 1.982964769968e-04
5.820000000000e+02 2.147077884561e-04
5.825000000000e+02 2.763058491017e-04
5.830000000000e+02 3.279755530637e-04
5.835000000000e+02 3.260175419745e-04
5.840000000000e+02 2.606217903967e-04
5.845000000000e+02 1.603238350349e-04
5.850000000000e+02 7.637584104350e-05
5.855000000000e+02 5.515226111880e-05
5.860000000000e+02 1.127857019127e-04
5.865000000000e+02 2.251412598993e-04
5.870000000000e+02 3.385233539963e-04
5.875000000000e+02 3.960262950104e-04
5.880000000000e+02 3.664431879409e-04
5.885000000000e+02 2.611632527884e-04
5.890000000000e+02 1.302977909523e-04
5.895000000000e+02 3.952033906092e-05
5.900000000000e+02 3.870361593681e-05
5.905000000000e+02 1.376064648720e-04
5.910000000000e+02 3.005155168725e-04
5.915000000000e+02 4.625170770544e-04
5.920000000000e+02 5.595228139969e-04
5.925000000000e+02 5.575116929549e-04
5.930000000000e+02 4.669591642090e-04
5.935000000000e+02 3.358210767557e-04
5.940000000000e+02 2.250282408963e-04
5.945000000000e+02 1.789631609167e-04
5.950000000000e+02 2.056224240065e-04
5.955000000000e+02 2.760532493873e-04
5.960000000000e+02 3.427959921405e-04
5.965000000000e+02 3.674303397557e-04
5.970000000000e+02 3.427500693578e-04
5.975000000000e+02 2.978724949418e-04
5.980000000000e+02 2.833249354698e-04
5.985000000000e+02 3.434494022823e-04
5.990000000000e+02 4.901388676852e-04
5.995000000000e+02 6.915744859405e-04
6.000000000000e+02 8.823849408372e-04
6.005000000000e+02 9.910654977003e-04
6.010000000000e+02 9.718305069406e-04
6.015000000000e+02 8.256550917845e-04
6.020000000000e+02 6.003290853563e-04
6.025000000000e+02 3.694282508016e-04
6.030000000000e+02 2.002453773107e-04
6.035000000000e+02 1.259297303480e-04
6.040000000000e+02 1.348161182551e-04
6.045000000000e+02 1.813457749725e-04
6.050000000000e+02 2.123692698714e-04
6.055000000000e+02 1.952393322744e-04
6.060000000000e+02 1.335762804601e-04
6.065000000000e+02 6.311420083186e-05
6.070000000000e+02 3.028798703670e-05
6.075000000000e+02 6.502869222288e-05
6.080000000000e+02 1.621688799893e-04
6.085000000000e+02 2.814501548008e-04
6.090000000000e+02 3.665939705609e-04
6.095000000000e+02 3.740469025797e-04
6.100000000000e+02 2.968220867749e-04
6.105000000000e+02 1.709896885487e-04
6.110000000000e+02 6.082182055384e-05
6.115000000000e+02 2.919835300694e-05
6.120000000000e+02 1.073550764040e-04
6.125000000000e+02 2.786557432410e-04
6.130000000000e+02 4.844440488224e-04
6.135000000000e+02 6.494126059626e-04
6.140000000000e+02 7.145300602167e-04
6.145000000000e+02 6.620100475812e-04
6.150000000000e+02 5.208133561184e-04
6.155000000000e+02 3.507341579332e-04
6.160000000000e+02 2.134869184612e-04
6.165000000000e+02 1.452676906449e-04
6.170000000000e+02 1.440686908912e-04
6.175000000000e+02 1.772601378733e-04
6.180000000000e+02 2.045691674187e-04
6.185000000000e+02 2.038171025148e-04
6.190000000000e+02 1.855209573787e-04
6.195000000000e+02 1.883342953214e-04
6.200000000000e+02 2.573188213404e-04
6.205000000000e+02 4.161279046405e-04
6.210000000000e+02 6.477209465489e-04
6.215000000000e+02 8.943585873481e-04
6.220000000000e+02 1.078211145327e-03
6.225000000000e+02 1.133603919103e-03
6.230000000000e+02 1.035865429165e-03
6.235000000000e+02 8.130017000024e-04
6.240000000000e+02 5.344408504089e-04
6.245000000000e+02 2.819740623109e-04
6.250000000000e+02 1.164336658046e-04
6.255000000000e+02 5.548296838622e-05
6.260000000000e+02 7.228194720725e-05
6.265000000000e+02 1.145455796116e-04
6.270000000000e+02 1.337044241239e-04
6.275000000000e+02 1.093311930049e-04
6.280000000000e+02 5.688674074506e-05
6.285000000000e+02 1.562472648784e-05
6.290000000000e+02 2.370911690008e-05
6.295000000000e+02 9.409139077651e-05
6.300000000000e+02 2.042085919903e-04
6.305000000000e+02 3.053652176525e-04
6.310000000000e+02 3.474023333805e-04
6.315000000000e+02 3.061402030558e-04
6.320000000000e+02 1.992514543038e-04
6.325000000000e+02 8.168149648870e-05
6.330000000000e+02 2.182209207502e-05
6.335000000000e+02 6.935623196890e-05
6.340000000000e+02 2.301655072854e-04
6.345000000000e+02 4.606344460020e-04
6.350000000000e+02 6.845341054798e-04
6.355000000000e+02 8.248805348307e-04
6.360000000000e+02 8.360255028242e-04
6.365000000000e+02 7.212365499533e-04
6.370000000000e+02 5.281309460996e-04
6.375000000000e+02 3.250155878018e-04
6.380000000000e+02 1.701833108143e-04
6.385000000000e+02 8.913215379018e-05
6.390000000000e+02 7.016352943420e-05
6.395000000000e+02 7.923281451991e-05
6.400000000000e+02 8.513139999499e-05
6.405000000000e+02 8.099883235593e-05
6.410000000000e+02 9.032494009164e-05
6.415000000000e+02 1.538738651696e-04
6.420000000000e+02 3.041282060140e-04
6.425000000000e+02 5.407285911742e-04
6.430000000000e+02 8.204266824486e-04
6.435000000000e+02 1.068159652764e-03
6.440000000000e+02 1.205377276103e-03
6.445000000000e+02 1.182921568947e-03
6.450000000000e+02 1.003016432770e-03
6.455000000000e+02 7.197220395501e-04
6.460000000000e+02 4.172662959578e-04
6.465000000000e+02 1.760896095977e-04
6.470000000000e+02 4.213886458173e-05
6.475000000000e+02 1.315354545983e-05
6.480000000000e+02 4.732190344455e-05
6.485000000000e+02 8.889388409805e-05
6.490000000000e+02 9.742931723740e-05
6.495000000000e+02 6.617330542871e-05
6.500000000000e+02 2.105983398943e-05
6.505000000000e+02 1.944366489419e-06
6.510000000000e+02 3.674104113577e-05
6.515000000000e+02 1.226293270678e-04
6.520000000000e+02 2.246732119859e-04
6.525000000000e+02 2.930303717068e-04
6.530000000000e+02 2.900864220595e-04
6.535000000000e+02 2.133517068797e-04
6.540000000000e+02 1.016554217907e-04
6.545000000000e+02 2.030126736725e-05
6.550000000000e+02 3.139835575316e-05
6.555000000000e+02 1.632819671942e-04
6.560000000000e+02 3.938935686596e-04
6.565000000000e+02 6.566261297469e-04
6.570000000000e+02 8.665156564425e-04
6.575000000000e+02 9.549562411334e-04
6.580000000000e+02 8.970814664609e-04
6.585000000000e+02 7.195523309827e-04
6.590000000000e+02 4.859299918806e-04
6.595000000000e+02 2.674392069957e-04
6.600000000000e+02 1.135433536517e-04
6.605000000000e+02 3.617766981061e-05
6.610000000000e+02 1.413412722501e-05
6.615000000000e+02 1.372858572887e-05
6.620000000000e+02 1.373846500675e-05
6.625000000000e+02 2.074764176890e-05
6.630000000000e+02 6.635371327333e-05
6.635000000000e+02 1.874379925963e-04
6.640000000000e+02 3.998892031094e-04
6.645000000000e+02 6.800939489201e-04
6.650000000000e+02 9.650884964690e-04
6.655000000000e+02 1.173131188791e-03
6.660000000000e+02 1.236128069440e-03
6.665000000000e+02 1.129001574209e-03
6.670000000000e+02 8.819740699542e-04
6.675000000000e+02 5.695201927690e-04
6.680000000000e+02 2.806755714077e-04
6.685000000000e+02 8.414649330814e-05
6.690000000000e+02 3.971994003307e-06
6.695000000000e+02 1.624200093340e-05
6.700000000000e+02 6.717937193443e-05
6.705000000000e+02 1.027709557771e-04
6.710000000000e+02 9.502710036295e-05
6.715000000000e+02 5.228182120440e-05
6.720000000000e+02 9.432201348588e-06
6.725000000000e+02 4.327612769492e-06
6.730000000000e+02 5.346185137027e-05
6.735000000000e+02 1.402317658284e-04
6.740000000000e+02 2.223007057955e-04
6.745000000000e+02 2.544908754956e-04
6.750000000000e+02 2.152861116995e-04
6.755000000000e+02 1.227346270914e-04
6.760000000000e+02 3.054076506311e-05
6.765000000000e+02 4.991147915525e-06
6.770000000000e+02 9.316622228070e-05
6.775000000000e+02 2.977080150113e-04
6.780000000000e+02 5.707553838665e-04
6.785000000000e+02 8.307274855499e-04
6.790000000000e+02 9.947645864460e-04
6.795000000000e+02 1.012138913863e-03
6.800000000000e+02 8.834988753009e-04
6.805000000000e+02 6.576174000900e-04
6.810000000000e+02 4.080257098033e-04
6.815000000000e+02 2.012755403691e-04
6.820000000000e+02 7.203803758706e-05
6.825000000000e+02 1.621819511287e-05
6.830000000000e+02 3.864176185984e-06
6.835000000000e+02 3.647276062740e-06
6.840000000000e+02 5.097211556230e-06
6.845000000000e+02 2.635902847783e-05
6.850000000000e+02 1.031244679183e-04
6.855000000000e+02 2.645333538656e-04
6.860000000000e+02 5.090494093328e-04
6.865000000000e+02 7.938703678482e-04
6.870000000000e+02 1.044962560543e-03
6.875000000000e+02 1.184493787542e-03
6.880000000000e+02 1.163427561441e-03
6.885000000000e+02 9.838921934872e-04
6.890000000000e+02 7.003251973499e-04
6.895000000000e+02 3.982578423933e-04
6.900000000000e+02 1.601555329694e-04
6.905000000000e+02 3.380998717967e-05
6.910000000000e+02 1.741832707637e-05
6.915000000000e+02 6.736848822674e-05
6.920000000000e+02 1.238802002829e-04
6.925000000000e+02 1.413554254930e-04
6.930000000000e+02 1.085900563726e-04
6.935000000000e+02 4.961633848967e-05
6.940000000000e+02 5.978064839960e-06
6.945000000000e+02 1.061950049559e-05
6.950000000000e+02 6.760104166859e-05
6.955000000000e+02 1.485645323274e-04
6.960000000000e+02 2.079792328233e-04
6.965000000000e+02 2.092481355742e-04
6.970000000000e+02 1.478224711983e-04
6.975000000000e+02 5.862031023315e-05
6.980000000000e+02 2.769686687191e-06
6.985000000000e+02 3.916812741609e-05
6.990000000000e+02 1.943184200508e-04
6.995000000000e+02 4.453168673682e-04
7.000000000000e+02 7.249220849829e-04
7.005000000000e+02 9.471671232327e-04
7.010000000000e+02 1.042106164230e-03
7.015000000000e+02 9.838556253253e-04
7.020000000000e+02 7.992782804290e-04
7.025000000000e+02 5.539007342814e-04
7.030000000000e+02 3.224122042986e-04
7.035000000000e+02 1.581084645948e-04
7.040000000000e+02 7.554267645739e-05
7.045000000000e+02 5.359057371826e-05
7.050000000000e+02 5.573524075152e-05
7.055000000000e+02 5.585584459389e-05
7.060000000000e+02 5.540444049341e-05
7.065000000000e+02 8.271256415459e-05
7.070000000000e+02 1.747637461699e-04
7.075000000000e+02 3.511951235866e-04
7.080000000000e+02 5.947306600809e-04
7.085000000000e+02 8.493887701965e-04
7.090000000000e+02 1.039015964032e-03
7.095000000000e+02 1.098350344902e-03
7.100000000000e+02 1.002116283429e-03
7.105000000000e+02 7.780213553759e-04
7.110000000000e+02 4.968960991539e-04
7.115000000000e+02 2.440296442966e-04
7.120000000000e+02 8.472075707630e-05
7.125000000000e+02 3.978162471847e-05
7.130000000000e+02 8.186764626386e-05
7.135000000000e+02 1.534586213215e-04
7.140000000000e+02 1.970245214785e-04
7.145000000000e+02 1.824046151987e-04
7.150000000000e+02 1.183470196034e-04
7.155000000000e+02 4.344145260973e-05
7.160000000000e+02 2.130034830249e-06
7.165000000000e+02 1.885993715356e-05
7.170000000000e+02 8.408647566880e-05
7.175000000000e+02 1.594845878210e-04
7.180000000000e+02 1.996370890559e-04
7.185000000000e+02 1.787729762767e-04
7.190000000000e+02 1.082591034355e-04
7.195000000000e+02 3.500477060189e-05
7.200000000000e+02 2.053066243182e-05
7.205000000000e+02 1.103855248402e-04
7.210000000000e+02 3.088588799558e-04
7.215000000000e+02 5.718244080869e-04
7.220000000000e+02 8.220088053702e-04
7.225000000000e+02 9.801757594295e-04
7.230000000000e+02 9.979572347765e-04
7.235000000000e+02 8.771849174086e-04
7.240000000000e+02 6.670185099538e-04
7.245000000000e+02 4.407713059106e-04
7.250000000000e+02 2.638934593576e-04
7.255000000000e+02 1.684246372890e-04
7.260000000000e+02 1.455511103343e-04
7.265000000000e+02 1.586128105614e-04
7.270000000000e+02 1.686828819490e-04
7.275000000000e+02 1.587879013745e-04
7.280000000000e+02 1.439315483420e-04
7.285000000000e+02 1.617078344931e-04
7.290000000000e+02 2.485443827434e-04
7.295000000000e+02 4.142875903694e-04
7.300000000000e+02 6.290173981507e-04
7.305000000000e+02 8.300153796875e-04
7.310000000000e+02 9.466608872581e-04
7.315000000000e+02 9.317797719626e-04
7.320000000000e+02 7.842915587675e-04
7.325000000000e+02 5.518142534704e-04
7.330000000000e+02 3.113853838965e-04
7.335000000000e+02 1.369941897666e-04
7.340000000000e+02 6.900269405902e-05
7.345000000000e+02 9.960807105104e-05
7.350000000000e+02 1.807149902348e-04
7.355000000000e+02 2.497774829851e-04
7.360000000000e+02 2.606504312234e-04
7.365000000000e+02 2.044226829798e-04
7.370000000000e+02 1.105368069649e-04
7.375000000000e+02 2.851411137119e-05
7.380000000000e+02 2.745761737523e-07
7.385000000000e+02 3.755345189346e-05
7.390000000000e+02 1.160595105063e-04
7.395000000000e+02 1.892843102221e-04
7.400000000000e+02 2.146914129436e-04
7.405000000000e+02 1.785413682554e-04
7.410000000000e+02 1.061292567552e-04
7.415000000000e+02 5.149826870218e-05
7.420000000000e+02 7.110975186260e-05
7.425000000000e+02 1.942682705076e-04
7.430000000000e+02 4.051108264091e-04
7.435000000000e+02 6.455945581264e-04
7.440000000000e+02 8.387615913413e-04
7.445000000000e+02 9.216260885509e-04
7.450000000000e+02 8.722350097609e-04
7.455000000000e+02 7.181882817110e-04
7.460000000000e+02 5.228330100433e-04
7.465000000000e+02 3.560752282885e-04
7.470000000000e+02 2.640051762899e-04
7.475000000000e+02 2.517675266804e-04
7.480000000000e+02 2.872726261670e-04
7.485000000000e+02 3.228871960308e-04
7.490000000000e+02 3.233872740129e-04
7.495000000000e+02 2.855962921459e-04
7.500000000000e+02 2.396442200154e-04
7.505000000000e+02 2.313528772775e-04
7.510000000000e+02 2.950346882902e-04
7.515000000000e+02 4.310457206453e-04
7.520000000000e+02 6.001940633641e-04
7.525000000000e+02 7.386699943475e-04
7.530000000000e+02 7.867516562429e-04
7.535000000000e+02 7.173786869805e-04
7.540000000000e+02 5.504038001620e-04
7.545000000000e+02 3.451342875773e-04
7.550000000000e+02 1.743310054536e-04
7.555000000000e+02 9.192404221990e-05
7.560000000000e+02 1.098211722908e-04
7.565000000000e+02 1.947690870670e-04
7.570000000000e+02 2.864511413178e-04
7.575000000000e+02 3.276959763092e-04
7.580000000000e+02 2.919129429556e-04
7.585000000000e+02 1.944799553202e-04
7.590000000000e+02 8.294315533520e-05
7.595000000000e+02 1.146849672266e-05
7.600000000000e+02 1.273925878255e-05
7.605000000000e+02 8.157839404319e-05
7.610000000000e+02 1.784902902805e-04
7.615000000000e+02 2.511457879425e-04
7.620000000000e+02 2.626961572371e-04
7.625000000000e+02 2.122899310680e-04
7.630000000000e+02 1.370520879075e-04
7.635000000000e+02 9.413000568561e-05
7.640000000000e+02 1.315345460868e-04
7.645000000000e+02 2.623230448165e-04
7.650000000000e+02 4.552376142972e-04
7.655000000000e+02 6.468968386697e-04
7.660000000000e+02 7.700021873975e-04
7.665000000000e+02 7.840455286662e-04
7.670000000000e+02 6.936662998538e-04
7.675000000000e+02 5.457913110625e-04
7.680000000000e+02 4.070463015144e-04
7.685000000000e+02 3.325345193999e-04
7.690000000000e+02 3.411863606705e-04
7.695000000000e+02 4.094814590460e-04
7.700000000000e+02 4.861478150558e-04
7.705000000000e+02 5.200404650667e-04
7.710000000000e+02 4.869673283196e-04
7.715000000000e+02 4.019426507814e-04
7.720000000000e+02 3.108172771816e-04
7.725000000000e+02 2.656985482580e-04
7.730000000000e+02 2.967823661935e-04
7.735000000000e+02 3.950625465664e-04
7.740000000000e+02 5.149339430884e-04
7.745000000000e+02 5.956922786942e-04
7.750000000000e+02 5.913698897073e-04
7.755000000000e+02 4.940307730547e-04
7.760000000000e+02 3.387635005097e-04
7.765000000000e+02 1.876302493962e-04
7.770000000000e+02 1.002745035049e-04
7.775000000000e+02 1.055563618012e-04
7.780000000000e+02 1.881413081535e-04
7.785000000000e+02 2.966184997872e-04
7.790000000000e+02 3.691083201792e-04
7.795000000000e+02 3.637040633409e-04
7.800000000000e+02 2.787535448333e-04
7.805000000000e+02 1.530768869111e-04
7.810000000000e+02 4.619667010432e-05
7.815000000000e+02 8.558578508148e-06
7.820000000000e+02 5.662403825987e-05
7.825000000000e+02 1.651969863899e-04
7.830000000000e+02 2.806810900441e-04
7.835000000000e+02 3.484875646846e-04
7.840000000000e+02 3.407581058956e-04
7.845000000000e+02 2.704486675594e-04
7.850000000000e+02 1.846871274067e-04
7.855000000000e+02 1.407313666756e-04
7.860000000000e+02 1.766036685587e-04
7.865000000000e+02 2.911838077089e-04
7.870000000000e+02 4.438462464295e-04
7.875000000000e+02 5.739649328079e-04
7.880000000000e+02 6.306544447636e-04
7.885000000000e+02 5.979440438686e-04
7.890000000000e+02 5.027868044616e-04
7.895000000000e+02 4.018067012978e-04
7.900000000000e+02 3.532577532341e-04
7.905000000000e+02 3.880476419803e-04
7.910000000000e+02 4.941840280462e-04
7.915000000000e+02 6.223739291981e-04
7.920000000000e+02 7.100344899270e-04
7.925000000000e+02 7.118606156953e-04
7.930000000000e+02 6.218682254519e-04
7.935000000000e+02 4.760885795219e-04
7.940000000000e+02 3.347032642670e-04
7.945000000000e+02 2.525927214190e-04
7.950000000000e+02 2.529596795067e-04
7.955000000000e+02 3.170648394053e-04
7.960000000000e+02 3.950053396880e-04
7.965000000000e+02 4.319358386649e-04
7.970000000000e+02 3.964382059397e-04
7.975000000000e+02 2.967258886250e-04
7.980000000000e+02 1.765227684294e-04
7.985000000000e+02 9.269854683911e-05
7.990000000000e+02 8.594477644951e-05
7.995000000000e+02 1.593271372603e-04
8.000000000000e+02 2.756615983913e-04
8.005000000000e+02 3.752634080012e-04
8.010000000000e+02 4.053954522795e-04
8.015000000000e+02 3.468051344836e-04
8.020000000000e+02 2.240677234664e-04
8.025000000000e+02 9.441230644016e-05
8.030000000000e+02 2.035150683690e-05
8.035000000000e+02 3.947999898669e-05
8.040000000000e+02 1.462482396639e-04
8.045000000000e+02 2.946346626953e-04
8.050000000000e+02 4.203491753515e-04
8.055000000000e+02 4.716081358770e-04
8.060000000000e+02 4.333783896573e-04
8.065000000000e+02 3.333317601290e-04
8.070000000000e+02 2.268928861344e-04
8.075000000000e+02 1.691354587396e-04
8.080000000000e+02 1.877190301710e-04
8.085000000000e+02 2.703713823006e-04
8.090000000000e+02 3.729838847754e-04
8.095000000000e+02 4.439442682499e-04
8.100000000000e+02 4.521244339863e-04
8.105000000000e+02 4.040882001241e-04
8.110000000000e+02 3.415206015079e-04
8.115000000000e+02 3.198899472760e-04
8.120000000000e+02 3.789225296124e-04
8.125000000000e+02 5.197901696625e-04
8.130000000000e+02 7.007849040782e-04
8.135000000000e+02 8.541989409901e-04
8.140000000000e+02 9.166235817770e-04
8.145000000000e+02 8.581484158935e-04
8.150000000000e+02 6.963414616615e-04
8.155000000000e+02 4.882462225180e-04
8.160000000000e+02 3.043154060270e-04
8.165000000000e+02 1.969357723668e-04
8.170000000000e+02 1.786788297467e-04
8.175000000000e+02 2.204418078044e-04
8.180000000000e+02 2.697242279040e-04
8.185000000000e+02 2.793647849985e-04
8.190000000000e+02 2.320666721198e-04
8.195000000000e+02 1.484183449764e-04
8.200000000000e+02 7.463337574795e-05
8.205000000000e+02 5.658743355687e-05
8.210000000000e+02 1.137142853842e-04
8.215000000000e+02 2.264251777428e-04
8.220000000000e+02 3.438798331199e-04
8.225000000000e+02 4.085890710066e-04
8.230000000000e+02 3.856674159003e-04
8.235000000000e+02 2.819505952137e-04
8.240000000000e+02 1.450023915343e-04
8.245000000000e+02 4.190941332842e-05
8.250000000000e+02 2.781024528073e-05
8.255000000000e+02 1.193258511407e-04
8.260000000000e+02 2.858305499395e-04
8.265000000000e+02 4.628970724563e-04
8.270000000000e+02 5.814991497327e-04
8.275000000000e+02 5.989588721610e-04
8.280000000000e+02 5.169163130975e-04
8.285000000000e+02 3.780927497568e-04
8.290000000000e+02 2.440674919783e-04
8.295000000000e+02 1.654999819421e-04
8.300000000000e+02 1.596545333507e-04
8.305000000000e+02 2.060792299834e-04
8.310000000000e+02 2.619198521668e-04
8.315000000000e+02 2.883497949574e-04
8.320000000000e+02 2.739987344904e-04
8.325000000000e+02 2.428751129111e-04
8.330000000000e+02 2.422824035662e-04
8.335000000000e+02 3.165913701853e-04
8.340000000000e+02 4.802169454385e-04
8.345000000000e+02 7.039487759783e-04
8.350000000000e+02 9.224256635453e-04
8.355000000000e+02 1.060139555369e-03
8.360000000000e+02 1.064063241183e-03
8.365000000000e+02 9.274555012256e-04
8.370000000000e+02 6.934125113243e-04
8.375000000000e+02 4.363693320642e-04
8.380000000000e+02 2.302880518283e-04
8.385000000000e+02 1.185302267322e-04
8.390000000000e+02 9.934634867953e-05
8.395000000000e+02 1.330951902423e-04
8.400000000000e+02 1.666350525783e-04
8.405000000000e+02 1.620965778207e-04
8.410000000000e+02 1.154960087741e-04
8.415000000000e+02 5.617092811072e-05
8.420000000000e+02 2.797908225044e-05
8.425000000000e+02 6.255664066466e-05
8.430000000000e+02 1.589729159370e-04
8.435000000000e+02 2.808164347560e-04
8.440000000000e+02 3.727726546456e-04
8.445000000000e+02 3.886377696885e-04
8.450000000000e+02 3.165781488040e-04
8.455000000000e+02 1.884354158596e-04
8.460000000000e+02 6.757543945197e-05
8.465000000000e+02 2.039937342548e-05
8.470000000000e+02 8.489897834656e-05
8.475000000000e+02 2.514055334062e-04
8.480000000000e+02 4.650149170292e-04
8.485000000000e+02 6.488158678814e-04
8.490000000000e+02 7.370773669428e-04
8.495000000000e+02 7.028539605120e-04
8.500000000000e+02 5.673284907354e-04
8.505000000000e+02 3.871813643928e-04
8.510000000000e+02 2.269003110370e-04
8.515000000000e+02 1.299836465988e-04
8.520000000000e+02 1.030185485587e-04
8.525000000000e+02 1.197171385528e-04
8.530000000000e+02 1.416990743987e-04
8.535000000000e+02 1.443217094729e-04
8.540000000000e+02 1.334424390093e-04
8.545000000000e+02 1.438469944651e-04
8.550000000000e+02 2.197216845835e-04
8.555000000000e+02 3.870922498316e-04
8.560000000000e+02 6.327339490075e-04
8.565000000000e+02 9.012886967848e-04
8.570000000000e+02 1.113502271382e-03
8.575000000000e+02 1.197968451198e-03
8.580000000000e+02 1.121782064525e-03
8.585000000000e+02 9.055842245369e-04
8.590000000000e+02 6.156707939738e-04
8.595000000000e+02 3.366505244801e-04
8.600000000000e+02 1.372997560123e-04
8.605000000000e+02 4.529345314147e-05
8.610000000000e+02 4.194769789757e-05
8.615000000000e+02 7.827068222800e-05
8.620000000000e+02 1.033638860507e-04
8.625000000000e+02 9.058494323727e-05
8.630000000000e+02 4.858660209213e-05
8.635000000000e+02 1.242396788681e-05
8.640000000000e+02 2.024867003824e-05
8.645000000000e+02 8.846521105343e-05
8.650000000000e+02 1.989155732890e-04
8.655000000000e+02 3.053576678338e-04
8.660000000000e+02 3.564149154681e-04
8.665000000000e+02 3.234215746012e-04
8.670000000000e+02 2.186423957823e-04
8.675000000000e+02 9.377474344379e-05
8.680000000000e+02 1.831187164869e-05
8.685000000000e+02 4.746931769179e-05
8.690000000000e+02 1.948911276570e-04
8.695000000000e+02 4.234503301709e-04
8.700000000000e+02 6.589941373736e-04
8.705000000000e+02 8.209691666687e-04
8.710000000000e+02 8.558324473723e-04
8.715000000000e+02 7.579329470907e-04
8.720000000000e+02 5.687046061243e-04
8.725000000000e+02 3.554848891478e-04
8.730000000000e+02 1.808979320556e-04
8.735000000000e+02 7.781465057853e-05
8.740000000000e+02 4.150871722826e-05
8.745000000000e+02 4.157432405672e-05
8.750000000000e+02 4.606587361298e-05
8.755000000000e+02 4.425285860833e-05
8.760000000000e+02 5.538267718924e-05
8.765000000000e+02 1.183625507909e-04
8.770000000000e+02 2.674679841033e-04
8.775000000000e+02 5.068561436165e-04
8.780000000000e+02 7.978586426436e-04
8.785000000000e+02 1.067045634102e-03
8.790000000000e+02 1.232804263462e-03
8.795000000000e+02 1.238749135513e-03
8.800000000000e+02 1.078413753905e-03
8.805000000000e+02 7.993707644237e-04
8.810000000000e+02 4.844662928919e-04
8.815000000000e+02 2.186019351174e-04
8.820000000000e+02 5.621451829357e-05
8.825000000000e+02 4.023987131490e-06
8.830000000000e+02 2.606940011464e-05
8.835000000000e+02 6.727931457014e-05
8.840000000000e+02 8.312985322289e-05
8.845000000000e+02 6.056071160708e-05
8.850000000000e+02 2.031184188094e-05
8.855000000000e+02 6.051019691349e-07
8.860000000000e+02 3.166873161169e-05
8.865000000000e+02 1.151685781322e-04
8.870000000000e+02 2.198978319227e-04
8.875000000000e+02 2.964954041560e-04
8.880000000000e+02 3.038868063487e-04
8.885000000000e+02 2.337116518204e-04
8.890000000000e+02 1.195404569372e-04
8.895000000000e+02 2.501423329294e-05
8.900000000000e+02 1.555958495344e-05
8.905000000000e+02 1.267948726133e-04
8.910000000000e+02 3.448784903629e-04
8.915000000000e+02 6.087002557596e-04
8.920000000000e+02 8.335310665631e-04
8.925000000000e+02 9.455330667674e-04
8.930000000000e+02 9.113859746909e-04
8.935000000000e+02 7.497124744881e-04
8.940000000000e+02 5.197697703143e-04
8.945000000000e+02 2.936829472835e-04
8.950000000000e+02 1.260323677216e-04
8.955000000000e+02 3.523577738112e-05
8.960000000000e+02 4.700621673486e-06
8.965000000000e+02 1.497193868311e-06
8.970000000000e+02 1.488994898308e-06
8.975000000000e+02 6.868164078374e-06
8.980000000000e+02 4.633527469774e-05
8.985000000000e+02 1.575085525446e-04
8.990000000000e+02 3.607671838172e-04
8.995000000000e+02 6.386967857508e-04
9.000000000000e+02 9.330150628283e-04
9.005000000000e+02 1.162364965354e-03
9.010000000000e+02 1.253865463143e-03
9.015000000000e+02 1.174057821158e-03
9.020000000000e+02 9.445651864967e-04
9.025000000000e+02 6.346667316544e-04
9.030000000000e+02 3.337742888212e-04
9.035000000000e+02 1.162388292276e-04
9.040000000000e+02 1.440011200504e-05
9.045000000000e+02 1.164205075781e-05
9.050000000000e+02 5.749813770369e-05
9.055000000000e+02 9.635651861412e-05
9.060000000000e+02 9.517756733212e-05
9.065000000000e+02 5.679496079745e-05
9.070000000000e+02 1.312240892982e-05
9.075000000000e+02 2.964853652725e-06
9.080000000000e+02 4.689914401218e-05
9.085000000000e+02 1.329622664633e-04
9.090000000000e+02 2.210730703535e-04
9.095000000000e+02 2.642011518133e-04
9.100000000000e+02 2.353411143701e-04
9.105000000000e+02 1.459372647293e-04
9.110000000000e+02 4.533758188786e-05
9.115000000000e+02 2.409350125921e-07
9.120000000000e+02 6.327472677747e-05
9.125000000000e+02 2.456923159138e-04
9.130000000000e+02 5.077100749370e-04
9.135000000000e+02 7.718323049352e-04
9.140000000000e+02 9.535907750787e-04
9.145000000000e+02 9.957921509163e-04
9.150000000000e+02 8.907035315829e-04
9.155000000000e+02 6.804195900329e-04
9.160000000000e+02 4.360767062390e-04
9.165000000000e+02 2.264932770873e-04
9.170000000000e+02 9.139199934530e-05
9.175000000000e+02 3.144467908931e-05
9.180000000000e+02 1.854350161718e-05
9.185000000000e+02 1.943556955454e-05
9.190000000000e+02 1.931615503150e-05
9.195000000000e+02 3.240423254453e-05
9.200000000000e+02 9.363835086539e-05
9.205000000000e+02 2.357755250744e-04
9.210000000000e+02 4.641639407363e-04
9.215000000000e+02 7.431841621452e-04
9.220000000000e+02 1.002855153712e-03
9.225000000000e+02 1.164067763115e-03
9.230000000000e+02 1.171341397341e-03
9.235000000000e+02 1.017722315725e-03
9.240000000000e+02 7.496833438589e-04
9.245000000000e+02 4.491508530524e-04
9.250000000000e+02 2.005808472881e-04
9.255000000000e+02 5.805471865903e-05
9.260000000000e+02 2.721907404087e-05
9.265000000000e+02 6.964231804193e-05
9.270000000000e+02 1.263828984572e-04
9.275000000000e+02 1.485528245635e-04
9.280000000000e+02 1.197978573592e-04
9.285000000000e+02 6.021121317295e-05
9.290000000000e+02 1.085506826438e-05
9.295000000000e+02 7.897488121311e-06
9.300000000000e+02 6.045401223712e-05
9.305000000000e+02 1.440447048599e-04
9.310000000000e+02 2.132951641360e-04
9.315000000000e+02 2.273540429964e-04
9.320000000000e+02 1.746458073891e-04
9.325000000000e+02 8.354487311787e-05
9.330000000000e+02 1.243443568698e-05
9.335000000000e+02 2.300029681320e-05
9.340000000000e+02 1.493081334094e-04
9.345000000000e+02 3.778203858074e-04
9.350000000000e+02 6.486287163200e-04
9.355000000000e+02 8.781316099705e-04
9.360000000000e+02 9.930788878958e-04
9.365000000000e+02 9.603977708044e-04
9.370000000000e+02 7.992190042384e-04
9.375000000000e+02 5.700506061834e-04
9.380000000000e+02 3.469083000680e-04
9.385000000000e+02 1.860855201659e-04
9.390000000000e+02 1.063194192262e-04
9.395000000000e+02 8.895746672104e-05
9.400000000000e+02 9.650598288623e-05
9.405000000000e+02 9.879183978388e-05
9.410000000000e+02 9.245296408208e-05
9.415000000000e+02 1.032963734395e-04
9.420000000000e+02 1.702305234694e-04
9.425000000000e+02 3.193101771805e-04
9.430000000000e+02 5.419117704758e-04
9.435000000000e+02 7.893577208715e-04
9.440000000000e+02 9.882160680426e-04
9.445000000000e+02 1.070036707086e-03
9.450000000000e+02 1.001697599414e-03
9.455000000000e+02 8.016806313915e-04
9.460000000000e+02 5.340037540408e-04
9.465000000000e+02 2.821185135823e-04
9.470000000000e+02 1.146613934456e-04
9.475000000000e+02 5.881575290394e-05
9.480000000000e+02 9.329698875559e-05
9.485000000000e+02 1.634654795364e-04
9.490000000000e+02 2.104813638236e-04
9.495000000000e+02 1.999343413496e-04
9.500000000000e+02 1.361415415908e-04
9.505000000000e+02 5.583501874444e-05
9.510000000000e+02 5.435095991575e-06
9.515000000000e+02 1.427193523801e-05
9.520000000000e+02 7.791376021371e-05
9.525000000000e+02 1.603399565976e-04
9.530000000000e+02 2.138419114295e-04
9.535000000000e+02 2.062502225044e-04
9.540000000000e+02 1.410913581088e-04
9.545000000000e+02 5.962980117397e-05
9.550000000000e+02 2.281551120649e-05
9.555000000000e+02 8.140629196186e-05
9.560000000000e+02 2.488156342511e-04
9.565000000000e+02 4.903429623484e-04
9.570000000000e+02 7.347306271836e-04
9.575000000000e+02 9.032174740471e-04
9.580000000000e+02 9.427243046580e-04
9.585000000000e+02 8.477286990799e-04
9.590000000000e+02 6.608017098669e-04
9.595000000000e+02 4.520260055430e-04
9.600000000000e+02 2.875554499993e-04
9.605000000000e+02 2.024924410711e-04
9.610000000000e+02 1.906907069986e-04
9.615000000000e+02 2.153937336676e-04
9.620000000000e+02 2.341756809247e-04
9.625000000000e+02 2.246789966540e-04
9.630000000000e+02 1.975884550811e-04
9.635000000000e+02 1.901103524843e-04
9.640000000000e+02 2.434501197511e-04
9.645000000000e+02 3.762147860835e-04
9.650000000000e+02 5.680250839152e-04
9.655000000000e+02 7.626752194791e-04
9.660000000000e+02 8.903721367405e-04
9.665000000000e+02 8.988258614974e-04
9.670000000000e+02 7.781638536604e-04
9.675000000000e+02 5.672705238462e-04
9.680000000000e+02 3.379801959220e-04
9.685000000000e+02 1.642535051255e-04
9.690000000000e+02 9.076500252072e-05
9.695000000000e+02 1.156127025965e-04
9.700000000000e+02 1.949812727883e-04
9.705000000000e+02 2.669415487209e-04
9.710000000000e+02 2.823980740636e-04
9.715000000000e+02 2.280030146182e-04
9.720000000000e+02 1.301608767098e-04
9.725000000000e+02 3.885238494912e-05
9.730000000000e+02 9.022501102245e-08
9.735000000000e+02 3.135755757387e-05
9.740000000000e+02 1.126416261662e-04
9.745000000000e+02 1.975795811183e-04
9.750000000000e+02 2.388832691556e-04
9.755000000000e+02 2.148292273828e-04
9.760000000000e+02 1.429206213377e-04
9.765000000000e+02 7.321674106502e-05
9.770000000000e+02 6.409822106446e-05
9.775000000000e+02 1.522437436224e-04
9.780000000000e+02 3.317965932810e-04
9.785000000000e+02 5.534388539952e-04
9.790000000000e+02 7.444295210786e-04
9.795000000000e+02 8.403666256965e-04
9.800000000000e+02 8.136060999593e-04
9.805000000000e+02 6.848131355782e-04
9.810000000000e+02 5.122886777733e-04
9.815000000000e+02 3.644774114032e-04
9.820000000000e+02 2.891157419415e-04
9.825000000000e+02 2.938647417849e-04
9.830000000000e+02 3.473541814767e-04
9.835000000000e+02 3.993239439511e-04
9.840000000000e+02 4.091029277817e-04
9.845000000000e+02 3.677065913372e-04
9.850000000000e+02 3.022985613861e-04
9.855000000000e+02 2.608698072489e-04
9.860000000000e+02 2.851430406136e-04
9.865000000000e+02 3.857970172738e-04
9.870000000000e+02 5.330549776409e-04
9.875000000000e+02 6.680029650932e-04
9.880000000000e+02 7.295342500361e-04
9.885000000000e+02 6.838047693312e-04
9.890000000000e+02 5.415694261721e-04
9.895000000000e+02 3.545552674223e-04
9.900000000000e+02 1.922761037101e-04
9.905000000000e+02 1.103283556655e-04
9.910000000000e+02 1.254420529641e-04
9.915000000000e+02 2.092790167413e-04
9.920000000000e+02 3.037862458119e-04
9.925000000000e+02 3.503696166779e-04
9.930000000000e+02 3.184659605483e-04
9.935000000000e+02 2.195549938901e-04
9.940000000000e+02 1.000057452343e-04
9.945000000000e+02 1.671430932618e-05
9.950000000000e+02 7.997523739187e-06
9.955000000000e+02 7.443732898940e-05
9.960000000000e+02 1.792415131240e-04
9.965000000000e+02 2.677910307223e-04
9.970000000000e+02 2.963493982777e-04
9.975000000000e+02 2.552744477191e-04
9.980000000000e+02 1.748199214862e-04
9.985000000000e+02 1.103712085845e-04
9.990000000000e+02 1.143429649030e-04
9.995000000000e+02 2.087723625080e-04
1.000000000000e+03 3.724454454357e-04
1.000500000000e+03 5.492638628445e-04
1.001000000000e+03 6.740282860022e-04
1.001500000000e+03 7.031236037674e-04
1.002000000000e+03 6.350761446785e-04
1.002500000000e+03 5.108841486939e-04
1.003000000000e+03 3.939653805634e-04
1.003500000000e+03 3.395909183449e-04
1.004000000000e+03 3.688094018470e-04
1.004500000000e+03 4.595699534673e-04
1.005000000000e+03 5.591777426792e-04
1.005500000000e+03 6.116353452340e-04
1.006000000000e+03 5.860971317605e-04
1.006500000000e+03 4.922242713868e-04
1.007000000000e+03 3.748698650696e-04
1.007500000000e+03 2.909140532415e-04
1.008000000000e+03 2.800121371786e-04
1.008500000000e+03 3.440500668441e-04
1.009000000000e+03 4.457138907511e-04
1.009500000000e+03 5.269733937101e-04
1.010000000000e+03 5.382630633582e-04
1.010500000000e+03 4.637298047576e-04
1.011000000000e+03 3.298225363213e-04
1.011500000000e+03 1.927843375419e-04
1.012000000000e+03 1.111443432425e-04
1.012500000000e+03 1.168344484263e-04
1.013000000000e+03 1.993087268150e-04
1.013500000000e+03 3.106291670464e-04
1.014000000000e+03 3.890814376801e-04
1.014500000000e+03 3.896715966210e-04
1.015000000000e+03 3.064165854150e-04
1.015500000000e+03 1.753944681986e-04
1.016000000000e+03 5.705360194766e-05
1.016500000000e+03 6.555003125091e-06
1.017000000000e+03 4.683261902328e-05
1.017500000000e+03 1.576694425738e-04
1.018000000000e+03 2.861035063257e-04
1.018500000000e+03 3.728783065378e-04
1.019000000000e+03 3.817146403756e-04
1.019500000000e+03 3.168488255966e-04
1.020000000000e+03 2.202023795043e-04
1.020500000000e+03 1.497515249053e-04
1.021000000000e+03 1.500511791723e-04
1.021500000000e+03 2.297519721626e-04
1.022000000000e+03 3.573974123120e-04
1.022500000000e+03 4.775845397547e-04
1.023000000000e+03 5.393228895173e-04
1.023500000000e+03 5.222645308999e-04
1.024000000000e+03 4.474942176454e-04
1.024500000000e+03 3.672698613507e-04
1.025000000000e+03 3.386536593172e-04
1.025500000000e+03 3.941058944853e-04
1.026000000000e+03 5.237549881760e-04
1.026500000000e+03 6.783659495635e-04
1.027000000000e+03 7.918158196971e-04
1.027500000000e+03 8.122176967591e-04
1.028000000000e+03 7.265187920488e-04
1.028500000000e+03 5.665810100406e-04
1.029000000000e+03 3.938573068449e-04
1.029500000000e+03 2.702855474116e-04
1.030000000000e+03 2.297240349126e-04
1.030500000000e+03 2.638398035206e-04
1.031000000000e+03 3.290665748861e-04
1.031500000000e+03 3.707296663755e-04
1.032000000000e+03 3.519402846080e-04
1.032500000000e+03 2.726170369754e-04
1.033000000000e+03 1.690936429530e-04
1.033500000000e+03 9.464224348953e-05
1.034000000000e+03 9.092375519619e-05
1.034500000000e+03 1.650104797105e-04
1.035000000000e+03 2.838790739923e-04
1.035500000000e+03 3.895064428384e-04
1.036000000000e+03 4.272971389742e-04
1.036500000000e+03 3.737407917275e-04
1.037000000000e+03 2.493832586361e-04
1.037500000000e+03 1.103432511620e-04
1.038000000000e+03 2.218930286991e-05
1.038500000000e+03 2.875838369751e-05
1.039000000000e+03 1.310846414273e-04
1.039500000000e+03 2.867141792481e-04
1.040000000000e+03 4.297209598947e-04
1.040500000000e+03 5.016360497704e-04
1.041000000000e+03 4.782498859256e-04
1.041500000000e+03 3.794233875919e-04
1.042000000000e+03 2.575355635228e-04
1.042500000000e+03 1.707595050801e-04
1.043000000000e+03 1.547399568771e-04
1.043500000000e+03 2.067953480507e-04
1.044000000000e+03 2.902569879664e-04
1.044500000000e+03 3.562856181888e-04
1.045000000000e+03 3.716400346539e-04
1.045500000000e+03 3.378684383557e-04
1.046000000000e+03 2.917618850271e-04
1.046500000000e+03 2.864620033333e-04
1.047000000000e+03 3.625556310495e-04
1.047500000000e+03 5.238099746104e-04
1.048000000000e+03 7.301908924084e-04
1.048500000000e+03 9.124096166392e-04
1.049000000000e+03 1.001602806130e-03
1.049500000000e+03 9.601508077162e-04
1.050000000000e+03 7.988737707406e-04
1.050500000000e+03 5.723279840332e-04
1.051000000000e+03 3.544762248057e-04
1.051500000000e+03 2.064300671173e-04
1.052000000000e+03 1.516251247721e-04
1.052500000000e+03 1.699186011781e-04
1.053000000000e+03 2.126533519080e-04
1.053500000000e+03 2.304257522992e-04
1.054000000000e+03 1.992384878014e-04
1.054500000000e+03 1.318826988878e-04
1.055000000000e+03 6.913081564807e-05
1.055500000000e+03 5.570562212344e-05
1.056000000000e+03 1.137864253939e-04
1.056500000000e+03 2.280954605790e-04
1.057000000000e+03 3.507284296149e-04
1.057500000000e+03 4.238049854663e-04
1.058000000000e+03 4.087957663845e-04
1.058500000000e+03 3.076944570441e-04
1.059000000000e+03 1.649560149244e-04
1.059500000000e+03 4.850707898236e-05
1.060000000000e+03 1.851431886051e-05
1.060500000000e+03 9.880862619331e-05
1.061000000000e+03 2.647909997638e-04
1.061500000000e+03 4.537760936949e-04
1.062000000000e+03 5.929173648179e-04
1.062500000000e+03 6.314190993787e-04
1.063000000000e+03 5.618149920863e-04
1.063500000000e+03 4.205936250223e-04
1.064000000000e+03 2.686192624712e-04
1.064500000000e+03 1.615803331542e-04
1.065000000000e+03 1.252697026972e-04
1.065500000000e+03 1.476540857142e-04
1.066000000000e+03 1.909269143405e-04
1.066500000000e+03 2.165058100617e-04
1.067000000000e+03 2.093909935033e-04
1.067500000000e+03 1.887321768937e-04
1.068000000000e+03 1.986308923581e-04
1.068500000000e+03 2.835045193185e-04
1.069000000000e+03 4.605459290754e-04
1.069500000000e+03 7.037458152001e-04
1.070000000000e+03 9.485512817642e-04
1.070500000000e+03 1.116133649734e-03
1.071000000000e+03 1.146429072622e-03
1.071500000000e+03 1.024490007570e-03
1.072000000000e+03 7.875916044187e-04
1.072500000000e+03 5.095999228542e-04
1.073000000000e+03 2.699035565343e-04
1.073500000000e+03 1.214506952859e-04
1.074000000000e+03 7.259075023337e-05
1.074500000000e+03 9.046578766322e-05
1.075000000000e+03 1.231103898747e-04
1.075500000000e+03 1.284469037840e-04
1.076000000000e+03 9.541272939156e-05
1.076500000000e+03 4.690777570994e-05
1.077000000000e+03 2.378652384236e-05
1.077500000000e+03 5.889932058966e-05
1.078000000000e+03 1.552763488055e-04
1.078500000000e+03 2.803873490285e-04
1.079000000000e+03 3.800993155589e-04
1.079500000000e+03 4.056964276905e-04
1.080000000000e+03 3.403223743069e-04
1.080500000000e+03 2.110439836710e-04
1.081000000000e+03 7.958576534525e-05
1.081500000000e+03 1.529539067123e-05
1.082000000000e+03 6.285572642338e-05
1.082500000000e+03 2.201774925939e-04
1.083000000000e+03 4.372755799277e-04
1.083500000000e+03 6.369737618668e-04
1.084000000000e+03 7.478622089121e-04
1.084500000000e+03 7.341515040402e-04
1.085000000000e+03 6.087384397354e-04
1.085500000000e+03 4.240579431559e-04
1.086000000000e+03 2.460376792035e-04
1.086500000000e+03 1.243980035934e-04
1.087000000000e+03 7.378805804610e-05
1.087500000000e+03 7.430338083735e-05
1.088000000000e+03 8.985947974115e-05
1.088500000000e+03 9.380170117258e-05
1.089000000000e+03 8.759142931361e-05
1.089500000000e+03 1.021830734476e-04
1.090000000000e+03 1.808622082146e-04
1.090500000000e+03 3.521977808679e-04
1.091000000000e+03 6.073308257320e-04
1.091500000000e+03 8.941871653901e-04
1.092000000000e+03 1.133081503795e-03
1.092500000000e+03 1.247564440230e-03
1.093000000000e+03 1.196533709144e-03
1.093500000000e+03 9.925292352455e-04
1.094000000000e+03 6.973900608866e-04
1.094500000000e+03 3.970605995308e-04
1.095000000000e+03 1.671239993372e-04
1.095500000000e+03 4.483677080658e-05
1.096000000000e+03 2.002269624892e-05
1.096500000000e+03 4.788618994110e-05
1.097000000000e+03 7.623800608256e-05
1.097500000000e+03 7.298822188605e-05
1.098000000000e+03 4.025907354631e-05
1.098500000000e+03 8.738100003979e-06
1.099000000000e+03 1.619709182039e-05
1.099500000000e+03 8.222539773470e-05
1.100000000000e+03 1.930791554613e-04
1.100500000000e+03 3.052191390370e-04
1.101000000000e+03 3.663155966060e-04
1.101500000000e+03 3.432175559564e-04
1.102000000000e+03 2.423572164375e-04
1.102500000000e+03 1.114043415476e-04
1.103000000000e+03 2.011812861852e-05
1.103500000000e+03 2.875489729427e-05
1.104000000000e+03 1.588821624325e-04
1.104500000000e+03 3.807313523634e-04
1.105000000000e+03 6.235572853385e-04
1.105500000000e+03 8.045694758755e-04
1.106000000000e+03 8.631811836601e-04
1.106500000000e+03 7.848933936302e-04
1.107000000000e+03 6.042534596236e-04
1.107500000000e+03 3.864484653628e-04
1.108000000000e+03 1.972174414615e-04
1.108500000000e+03 7.594078691183e-05
1.109000000000e+03 2.452900166587e-05
1.109500000000e+03 1.632338766867e-05
1.110000000000e+03 1.893403881718e-05
1.110500000000e+03 1.796760518230e-05
1.111000000000e+03 2.842727299386e-05
1.111500000000e+03 8.724225887416e-05
1.112000000000e+03 2.304859907282e-04
1.112500000000e+03 4.672132420547e-04
1.113000000000e+03 7.641825631121e-04
1.113500000000e+03 1.050750521057e-03
1.114000000000e+03 1.243330883816e-03
1.114500000000e+03 1.278907631639e-03
1.115000000000e+03 1.142139776562e-03
1.115500000000e+03 8.731444501259e-04
1.116000000000e+03 5.519369184500e-04
1.116500000000e+03 2.664399592475e-04
1.117000000000e+03 7.862278360776e-05
1.117500000000e+03 3.972076712177e-06
1.118000000000e+03 1.286120154302e-05
1.118500000000e+03 5.176858431781e-05
1.119000000000e+03 7.293371700597e-05
1.119500000000e+03 5.749432617726e-05
1.120000000000e+03 2.106390810325e-05
1.120500000000e+03 9.685852790402e-09
1.121000000000e+03 2.664120992806e-05
1.121500000000e+03 1.071022410282e-04
1.122000000000e+03 2.141864938320e-04
1.122500000000e+03 2.994044393771e-04
1.123000000000e+03 3.184415147484e-04
1.123500000000e+03 2.568642626037e-04
1.124000000000e+03 1.423018367544e-04
1.124500000000e+03 3.576940034810e-05
1.125000000000e+03 5.157159485527e-06
1.125500000000e+03 9.302955742212e-05
1.126000000000e+03 2.941725141160e-04
1.126500000000e+03 5.540622726720e-04
1.127000000000e+03 7.896172682689e-04
1.127500000000e+03 9.230044853091e-04
1.128000000000e+03 9.130793027263e-04
1.128500000000e+03 7.702632766799e-04
1.129000000000e+03 5.486804917264e-04
1.129500000000e+03 3.202215843732e-04
1.130000000000e+03 1.435626116121e-04
1.130500000000e+03 4.298478867499e-05
1.131000000000e+03 6.342663056449e-06
1.131500000000e+03 1.569167109434e-06
1.132000000000e+03 1.731731802853e-06
1.132500000000e+03 4.567876073404e-06
1.133000000000e+03 3.564203432320e-05
1.133500000000e+03 1.330974253101e-04
1.134000000000e+03 3.219078494209e-04
1.134500000000e+03 5.914799771961e-04
1.135000000000e+03 8.893268818781e-04
1.135500000000e+03 1.135796082455e-03
1.136000000000e+03 1.254300001431e-03
1.136500000000e+03 1.203424432218e-03
1.137000000000e+03 9.957687517204e-04
1.137500000000e+03 6.942645408393e-04
1.138000000000e+03 3.872178936961e-04
1.138500000000e+03 1.533194206870e-04
1.139000000000e+03 3.248482387975e-05
1.139500000000e+03 1.538775457848e-05
1.140000000000e+03 5.543101366127e-05
1.140500000000e+03 9.617172037694e-05
1.141000000000e+03 1.001303076194e-04
1.141500000000e+03 6.488643144420e-05
1.142000000000e+03 1.928637609251e-05
1.142500000000e+03 2.898872970606e-06
1.143000000000e+03 4.034862065128e-05
1.143500000000e+03 1.245754630785e-04
1.144000000000e+03 2.182393584781e-04
1.144500000000e+03 2.729029137267e-04
1.145000000000e+03 2.561641601652e-04
1.145500000000e+03 1.724169943171e-04
1.146000000000e+03 6.573156349590e-05
1.146500000000e+03 2.139961627184e-06
1.147000000000e+03 3.902435598901e-05
1.147500000000e+03 1.961168334142e-04
1.148000000000e+03 4.423628112573e-04
1.148500000000e+03 7.055951330454e-04
1.149000000000e+03 9.011377048620e-04
1.149500000000e+03 9.663965563474e-04
1.150000000000e+03 8.856431769405e-04
1.150500000000e+03 6.939411656089e-04
1.151000000000e+03 4.591671341529e-04
1.151500000000e+03 2.514140168308e-04
1.152000000000e+03 1.146907332253e-04
1.152500000000e+03 5.406326241486e-05
1.153000000000e+03 4.321609892487e-05
1.153500000000e+03 4.700921388189e-05
1.154000000000e+03 4.619521460579e-05
1.154500000000e+03 5.073083903897e-05
1.155000000000e+03 9.437132029587e-05
1.155500000000e+03 2.132578249465e-04
1.156000000000e+03 4.198790147677e-04
1.156500000000e+03 6.866631958053e-04
1.157000000000e+03 9.490044093310e-04
1.157500000000e+03 1.127904902421e-03
1.158000000000e+03 1.162415445754e-03
1.158500000000e+03 1.036702885675e-03
1.159000000000e+03 7.886256986642e-04
1.159500000000e+03 4.952438818753e-04
1.160000000000e+03 2.415885357534e-04
1.160500000000e+03 8.693938978915e-05
1.161000000000e+03 4.392529114760e-05
1.161500000000e+03 7.946515433732e-05
1.162000000000e+03 1.360185854668e-04
1.162500000000e+03 1.620049985011e-04
1.163000000000e+03 1.362682229615e-04
1.163500000000e+03 7.498369450770e-05
1.164000000000e+03 1.857033574517e-05
1.164500000000e+03 6.336585484909e-06
1.165000000000e+03 5.265941074160e-05
1.165500000000e+03 1.374565276960e-04
1.166000000000e+03 2.161426680427e-04
1.166500000000e+03 2.440252609620e-04
1.167000000000e+03 2.024009966424e-04
1.167500000000e+03 1.123964455583e-04
1.168000000000e+03 2.853357041379e-05
1.168500000000e+03 1.416825010671e-05
1.169000000000e+03 1.102665500525e-04
1.169500000000e+03 3.127504296677e-04
1.170000000000e+03 5.698974380831e-04
1.170500000000e+03 8.017837931706e-04
1.171000000000e+03 9.331526185923e-04
1.171500000000e+03 9.245816106966e-04
1.172000000000e+03 7.876222331757e-04
1.172500000000e+03 5.772929971274e-04
1.173000000000e+03 3.661368286077e-04
1.173500000000e+03 2.126817863529e-04
1.174000000000e+03 1.393753722252e-04
1.174500000000e+03 1.298854595506e-04
1.175000000000e+03 1.457402855528e-04
1.175500000000e+03 1.526115637454e-04
1.176000000000e+03 1.419551359505e-04
1.176500000000e+03 1.364628503073e-04
1.177000000000e+03 1.764065143936e-04
1.177500000000e+03 2.940700291132e-04
1.178000000000e+03 4.899222605083e-04
1.178500000000e+03 7.236718276758e-04
1.179000000000e+03 9.260605772544e-04
1.179500000000e+03 1.026807096044e-03
1.180000000000e+03 9.857365528202e-04
1.180500000000e+03 8.120659806440e-04
1.181000000000e+03 5.621738531265e-04
1.181500000000e+03 3.163955504217e-04
1.182000000000e+03 1.454503828514e-04
1.182500000000e+03 8.206928682388e-05
1.183000000000e+03 1.108103669325e-04
1.183500000000e+03 1.801988458565e-04
1.184000000000e+03 2.305733061761e-04
1.184500000000e+03 2.236476097841e-04
1.185000000000e+03 1.593946156474e-04
1.185500000000e+03 7.254008992225e-05
1.186000000000e+03 1.132635133072e-05
1.186500000000e+03 1.006083501914e-05
1.187000000000e+03 6.989316890590e-05
1.187500000000e+03 1.578445711023e-04
1.188000000000e+03 2.246154659869e-04
1.188500000000e+03 2.319372708715e-04
1.189000000000e+03 1.751575709916e-04
1.189500000000e+03 8.894805569106e-05
1.190000000000e+03 3.243884319806e-05
1.190500000000e+03 6.051560583792e-05
1.191000000000e+03 1.952311425874e-04
1.191500000000e+03 4.116216614043e-04
1.192000000000e+03 6.454343092257e-04
1.192500000000e+03 8.196713267527e-04
1.193000000000e+03 8.776600853158e-04
1.193500000000e+03 8.071152916926e-04
1.194000000000e+03 6.439828092735e-04
1.194500000000e+03 4.546180765773e-04
1.195000000000e+03 3.052456237968e-04
1.195500000000e+03 2.335621617709e-04
1.196000000000e+03 2.359120257549e-04
1.196500000000e+03 2.754613107115e-04
1.197000000000e+03 3.062583410455e-04
1.197500000000e+03 3.002591474553e-04
1.198000000000e+03 2.631895431408e-04
1.198500000000e+03 2.310622875635e-04
1.199000000000e+03 2.492349338211e-04
1.199500000000e+03 3.449870564251e-04
1.200000000000e+03 5.081135817931e-04
1.200500000000e+03 6.901720622402e-04
1.201000000000e+03 8.236899504088e-04
1.201500000000e+03 8.524967443949e-04
1.202000000000e+03 7.584903874938e-04
1.202500000000e+03 5.715560628955e-04
1.203000000000e+03 3.573940976246e-04
1.203500000000e+03 1.887383075738e-04
1.204000000000e+03 1.135583089748e-04
1.204500000000e+03 1.353192064106e-04
1.205000000000e+03 2.144788307542e-04
1.205500000000e+03 2.900454737731e-04
1.206000000000e+03 3.103128437116e-04
1.206500000000e+03 2.576142324134e-04
1.207000000000e+03 1.551685761907e-04
1.207500000000e+03 5.317134997338e-05
1.208000000000e+03 1.661098183181e-06
1.208500000000e+03 2.419333769196e-05
1.209000000000e+03 1.057596225802e-04
1.209500000000e+03 2.010385639288e-04
1.210000000000e+03 2.586741358296e-04
1.210500000000e+03 2.490767873920e-04
1.211000000000e+03 1.813638810681e-04
1.211500000000e+03 1.004576446179e-04
1.212000000000e+03 6.534912642135e-05
1.212500000000e+03 1.191141385305e-04
1.213000000000e+03 2.656190402277e-04
1.213500000000e+03 4.647634496644e-04
1.214000000000e+03 6.490670091927e-04
1.214500000000e+03 7.538865864579e-04
1.215000000000e+03 7.467715435808e-04
1.215500000000e+03 6.418051311100e-04
1.216000000000e+03 4.920875472306e-04
1.216500000000e+03 3.641814267559e-04
1.217000000000e+03 3.070897119885e-04
1.217500000000e+03 3.308517215167e-04
1.218000000000e+03 4.049090266522e-04
1.218500000000e+03 4.764920466319e-04
1.219000000000e+03 4.993527245896e-04
1.219500000000e+03 4.581536870270e-04
1.220000000000e+03 3.761915032653e-04
1.220500000000e+03 3.026623739245e-04
1.221000000000e+03 2.860789622633e-04
1.221500000000e+03 3.474966143418e-04
1.222000000000e+03 4.673678421962e-04
1.222500000000e+03 5.930279462031e-04
1.223000000000e+03 6.634291129841e-04
1.223500000000e+03 6.389860348583e-04
1.224000000000e+03 5.216695878842e-04
1.224500000000e+03 3.551801606795e-04
1.225000000000e+03 2.048382931836e-04
1.225500000000e+03 1.268788878085e-04
1.226000000000e+03 1.421238674244e-04
1.226500000000e+03 2.268936186937e-04
1.227000000000e+03 3.255359243002e-04
1.227500000000e+03 3.783052998592e-04
1.228000000000e+03 3.507955929478e-04
1.228500000000e+03 2.504444296856e-04
1.229000000000e+03 1.221147863304e-04
1.229500000000e+03 2.517756679022e-05
1.230000000000e+03 3.681621742961e-06
1.230500000000e+03 6.455193595298e-05
1.231000000000e+03 1.746520939148e-04
1.231500000000e+03 2.780527044430e-04
1.232000000000e+03 3.247156690827e-04
1.232500000000e+03 2.960975853431e-04
1.233000000000e+03 2.147407805674e-04
1.233500000000e+03 1.329689559238e-04
1.234000000000e+03 1.063078078993e-04
1.234500000000e+03 1.649531438618e-04
1.235000000000e+03 2.976509239653e-04
1.235500000000e+03 4.562015810537e-04
1.236000000000e+03 5.785154521450e-04
1.236500000000e+03 6.188574059774e-04
1.237000000000e+03 5.702681255264e-04
1.237500000000e+03 4.679729805102e-04
1.238000000000e+03 3.719985839604e-04
1.238500000000e+03 3.375366502397e-04
1.239000000000e+03 3.876899222981e-04
1.239500000000e+03 5.020693589842e-04
1.240000000000e+03 6.268608410116e-04
1.240500000000e+03 7.013449361759e-04
1.241000000000e+03 6.877201835622e-04
1.241500000000e+03 5.894868038234e-04
1.242000000000e+03 4.493747633745e-04
1.242500000000e+03 3.279856140994e-04
1.243000000000e+03 2.738848738524e-04
1.243500000000e+03 3.000706505297e-04
1.244000000000e+03 3.784821860504e-04
1.244500000000e+03 4.551440460922e-04
1.245000000000e+03 4.782061545437e-04
1.245500000000e+03 4.247018052306e-04
1.246000000000e+03 3.125188977791e-04
1.246500000000e+03 1.915229291401e-04
1.247000000000e+03 1.182588770946e-04
1.247500000000e+03 1.269442033207e-04
1.248000000000e+03 2.113949634864e-04
1.248500000000e+03 3.271211720522e-04
1.249000000000e+03 4.127702008226e-04
1.249500000000e+03 4.204009682090e-04
1.250000000000e+03 3.395800693132e-04
1.250500000000e+03 2.032609158164e-04
1.251000000000e+03 7.238074525685e-05
1.251500000000e+03 6.637609442044e-06
1.252000000000e+03 3.576079740278e-05
1.252500000000e+03 1.453581902833e-04
1.253000000000e+03 2.842265649442e-04
1.253500000000e+03 3.894217616658e-04
1.254000000000e+03 4.166622061640e-04
1.254500000000e+03 3.611033070654e-04
1.255000000000e+03 2.584088291671e-04
1.255500000000e+03 1.658998647307e-04
1.256000000000e+03 1.334587801072e-04
1.256500000000e+03 1.788733053774e-04
1.257000000000e+03 2.799447423643e-04
1.257500000000e+03 3.871590040519e-04
1.258000000000e+03 4.503138597838e-04
1.258500000000e+03 4.454309729403e-04
1.259000000000e+03 3.881047412135e-04
1.259500000000e+03 3.262519633370e-04
1.260000000000e+03 3.156268311320e-04
1.260500000000e+03 3.902491806074e-04
1.261000000000e+03 5.426479465610e-04
1.261500000000e+03 7.241328878795e-04
1.262000000000e+03 8.654736348462e-04
1.262500000000e+03 9.082571368647e-04
1.263000000000e+03 8.318351564238e-04
1.263500000000e+03 6.628362033069e-04
1.264000000000e+03 4.626934510100e-04
1.264500000000e+03 2.993417446547e-04
1.265000000000e+03 2.168732296426e-04
1.265500000000e+03 2.177520566410e-04
1.266000000000e+03 2.658088390445e-04
1.266500000000e+03 3.078694074496e-04
1.267000000000e+03 3.026913413142e-04
1.267500000000e+03 2.424448044845e-04
1.268000000000e+03 1.559580156936e-04
1.268500000000e+03 9.231719981684e-05
1.269000000000e+03 9.344304881345e-05
1.269500000000e+03 1.699141458711e-04
1.270000000000e+03 2.927273587039e-04
1.270500000000e+03 4.056564161975e-04
1.271000000000e+03 4.524115472155e-04
1.271500000000e+03 4.051658878806e-04
1.272000000000e+03 2.800563548532e-04
1.272500000000e+03 1.315200662911e-04
1.273000000000e+03 2.772268473691e-05
1.273500000000e+03 1.872185432459e-05
1.274000000000e+03 1.127170732555e-04
1.274500000000e+03 2.719030078500e-04
1.275000000000e+03 4.299404899994e-04
1.275500000000e+03 5.225727705628e-04
1.276000000000e+03 5.166135240657e-04
1.276500000000e+03 4.235061596607e-04
1.277000000000e+03 2.913795269335e-04
1.277500000000e+03 1.801390213782e-04
1.278000000000e+03 1.323576077480e-04
1.278500000000e+03 1.545077440594e-04
1.279000000000e+03 2.175756117138e-04
1.279500000000e+03 2.761316320192e-04
1.280000000000e+03 2.955266964503e-04
1.280500000000e+03 2.727749377389e-04
1.281000000000e+03 2.399378028114e-04
1.281500000000e+03 2.478060560958e-04
1.282000000000e+03 3.378666733570e-04
1.282500000000e+03 5.167962467161e-04
1.283000000000e+03 7.468487417508e-04
1.283500000000e+03 9.578672987316e-04
1.284000000000e+03 1.076000098485e-03
1.284500000000e+03 1.055820383270e-03
1.285000000000e+03 9.006230144306e-04
1.285500000000e+03 6.611927615315e-04
1.286000000000e+03 4.136230150344e-04
1.286500000000e+03 2.267596232305e-04
1.287000000000e+03 1.346491475639e-04
1.287500000000e+03 1.266546014925e-04
1.288000000000e+03 1.590588369877e-04
1.288500000000e+03 1.814211503318e-04
1.289000000000e+03 1.639195734816e-04
1.289500000000e+03 1.118470672413e-04
1.290000000000e+03 6.028802519955e-05
1.290500000000e+03 5.227959238328e-05
1.291000000000e+03 1.122634422087e-04
1.291500000000e+03 2.290713174489e-04
1.292000000000e+03 3.578319219445e-04
1.292500000000e+03 4.404804202437e-04
1.293000000000e+03 4.348883822385e-04
1.293500000000e+03 3.379057806779e-04
1.294000000000e+03 1.902579868541e-04
1.294500000000e+03 6.002329052356e-05
1.295000000000e+03 1.200404451363e-05
1.295500000000e+03 7.743754519955e-05
1.296000000000e+03 2.385965813397e-04
1.296500000000e+03 4.357998378278e-04
1.297000000000e+03 5.936166768113e-04
1.297500000000e+03 6.538745784101e-04
1.298000000000e+03 5.999553258937e-04
1.298500000000e+03 4.612965847796e-04
1.299000000000e+03 2.967661317627e-04
1.299500000000e+03 1.658010006394e-04
1.300000000000e+03 1.018584653280e-04
1.300500000000e+03 1.010720625204e-04
1.301000000000e+03 1.309627485441e-04
1.301500000000e+03 1.537228929099e-04
1.302000000000e+03 1.511889533126e-04
1.302500000000e+03 1.378709596742e-04
1.303000000000e+03 1.546771599098e-04
1.303500000000e+03 2.460836733424e-04
1.304000000000e+03 4.323269317945e-04
1.304500000000e+03 6.912380316003e-04
1.305000000000e+03 9.599752117690e-04
1.305500000000e+03 1.157236460683e-03
1.306000000000e+03 1.216324249991e-03
1.306500000000e+03 1.113775000662e-03
1.307000000000e+03 8.800197298522e-04
1.307500000000e+03 5.869140138354e-04
1.308000000000e+03 3.178939799653e-04
1.308500000000e+03 1.346450421323e-04
1.309000000000e+03 5.555192249534e-05
1.309500000000e+03 5.520538388060e-05
1.310000000000e+03 8.388012876074e-05
1.310500000000e+03 9.630767434424e-05
1.311000000000e+03 7.496026048147e-05
1.311500000000e+03 3.638718916027e-05
1.312000000000e+03 1.813710390776e-05
1.312500000000e+03 5.387653816621e-05
1.313000000000e+03 1.503816869636e-04
1.313500000000e+03 2.790823754639e-04
1.314000000000e+03 3.872889892735e-04
1.314500000000e+03 4.239580817370e-04
1.315000000000e+03 3.670651455057e-04
1.315500000000e+03 2.383421550439e-04
1.316000000000e+03 9.705651673649e-05
1.316500000000e+03 1.478073837370e-05
1.317000000000e+03 4.264195560490e-05
1.317500000000e+03 1.865797572502e-04
1.318000000000e+03 4.026096273262e-04
1.318500000000e+03 6.146580784769e-04
1.319000000000e+03 7.467990116287e-04
1.319500000000e+03 7.549279806433e-04
1.320000000000e+03 6.433680801533e-04
1.320500000000e+03 4.593390014891e-04
1.321000000000e+03 2.689377145397e-04
1.321500000000e+03 1.269860822421e-04
1.322000000000e+03 5.554849564483e-05
1.322500000000e+03 4.100414773344e-05
1.323000000000e+03 4.983946406876e-05
1.323500000000e+03 5.374437452950e-05
1.324000000000e+03 4.998210167219e-05
1.324500000000e+03 6.566011986683e-05
1.325000000000e+03 1.430873305428e-04
1.325500000000e+03 3.135022862656e-04
1.326000000000e+03 5.729464048743e-04
1.326500000000e+03 8.735758874018e-04
1.327000000000e+03 1.136389360721e-03
1.327500000000e+03 1.280772931003e-03
1.328000000000e+03 1.257682424547e-03
1.328500000000e+03 1.071005940591e-03
1.329000000000e+03 7.768945064725e-04
1.329500000000e+03 4.611140190294e-04
1.330000000000e+03 2.047665365650e-04
1.330500000000e+03 5.403689489721e-05
1.331000000000e+03 7.379808257329e-06
1.331500000000e+03 2.492793671502e-05
1.332000000000e+03 5.416188127888e-05
1.332500000000e+03 5.832674991688e-05
1.333000000000e+03 3.336995052489e-05
1.333500000000e+03 5.542594345106e-06
1.334000000000e+03 1.195945619425e-05
1.334500000000e+03 7.519634940014e-05
1.335000000000e+03 1.859912228870e-04
1.335500000000e+03 3.038204432300e-04
1.336000000000e+03 3.757404398910e-04
1.336500000000e+03 3.641892386506e-04
1.337000000000e+03 2.693832069453e-04
1.337500000000e+03 1.341604469180e-04
1.338000000000e+03 2.760267714556e-05
1.338500000000e+03 1.433736040188e-05
1.339000000000e+03 1.238139132135e-04
1.339500000000e+03 3.343277284955e-04
1.340000000000e+03 5.798031535581e-04
1.340500000000e+03 7.765971768628e-04
1.341000000000e+03 8.580899565765e-04
1.341500000000e+03 8.012218882625e-04
1.342000000000e+03 6.331579753713e-04
1.342500000000e+03 4.158952651584e-04
1.343000000000e+03 2.171188419514e-04
1.343500000000e+03 8.181659008564e-05
1.344000000000e+03 1.810851326930e-05
1.344500000000e+03 3.085050084506e-06
1.345000000000e+03 4.110321854836e-06
1.345500000000e+03 3.257824286866e-06
1.346000000000e+03 1.121223581889e-05
1.346500000000e+03 6.272225126432e-05
1.347000000000e+03 1.955735250817e-04
1.347500000000e+03 4.240201110500e-04
1.348000000000e+03 7.210621036767e-04
1.348500000000e+03 1.020044372389e-03
1.349000000000e+03 1.236637973703e-03
1.349500000000e+03 1.302005642254e-03
1.350000000000e+03 1.191978397048e-03
1.350500000000e+03 9.384313783287e-04
1.351000000000e+03 6.171766727740e-04
1.351500000000e+03 3.176679345567e-04
1.352000000000e+03 1.082915521316e-04
1.352500000000e+03 1.287541537181e-05
1.353000000000e+03 8.409615246996e-06
1.353500000000e+03 4.365505207285e-05
1.354000000000e+03 6.840680313296e-05
1.354500000000e+03 5.852182027341e-05
1.355000000000e+03 2.461359525877e-05
1.355500000000e+03 1.041268641829e-06
1.356000000000e+03 2.202216148874e-05
1.356500000000e+03 9.822378339405e-05
1.357000000000e+03 2.067767917771e-04
1.357500000000e+03 3.005415872064e-04
1.358000000000e+03 3.322886885858e-04
1.358500000000e+03 2.814033821061e-04
1.359000000000e+03 1.689331778691e-04
1.359500000000e+03 5.226056678198e-05
1.360000000000e+03 7.474506119283e-07
1.360500000000e+03 6.336246169490e-05
1.361000000000e+03 2.437151256743e-04
1.361500000000e+03 4.948004720706e-04
1.362000000000e+03 7.365480343838e-04
1.362500000000e+03 8.884402384506e-04
1.363000000000e+03 9.023078445180e-04
1.363500000000e+03 7.804189798426e-04
1.364000000000e+03 5.711237129510e-04
1.364500000000e+03 3.450641881530e-04
1.365000000000e+03 1.640299613701e-04
1.365500000000e+03 5.751994100870e-05
1.366000000000e+03 1.760617376599e-05
1.366500000000e+03 1.312447734895e-05
1.367000000000e+03 1.439989113941e-05
1.367500000000e+03 1.458388986669e-05
1.368000000000e+03 3.577677997026e-05
1.368500000000e+03 1.163184407250e-04
1.369000000000e+03 2.857515162155e-04
1.369500000000e+03 5.408182072793e-04
1.370000000000e+03 8.359004759839e-04
1.370500000000e+03 1.094429966801e-03
1.371000000000e+03 1.237354925231e-03
1.371500000000e+03 1.215960343235e-03
1.372000000000e+03 1.033630426744e-03
1.372500000000e+03 7.459660815679e-04
1.373000000000e+03 4.387428487366e-04
1.373500000000e+03 1.936215096913e-04
1.374000000000e+03 5.721335773291e-05
1.374500000000e+03 2.728682270842e-05
1.375000000000e+03 6.150477212126e-05
1.375500000000e+03 1.032537992539e-04
1.376000000000e+03 1.111854536080e-04
1.376500000000e+03 7.788251043745e-05
1.377000000000e+03 2.907206495849e-05
1.377500000000e+03 4.928440464281e-06
1.378000000000e+03 3.412236349298e-05
1.378500000000e+03 1.148072653077e-04
1.379000000000e+03 2.129501382381e-04
1.379500000000e+03 2.792686153876e-04
1.380000000000e+03 2.761889479430e-04
1.380500000000e+03 2.007144589426e-04
1.381000000000e+03 9.074980695010e-05
1.381500000000e+03 1.051251350450e-05
1.382000000000e+03 2.117978517738e-05
1.382500000000e+03 1.506047779568e-04
1.383000000000e+03 3.768966874503e-04
1.383500000000e+03 6.343178414207e-04
1.384000000000e+03 8.393581061095e-04
1.384500000000e+03 9.251783119123e-04
1.385000000000e+03 8.686116358624e-04
1.385500000000e+03 6.975332661036e-04
1.386000000000e+03 4.758601853244e-04
1.386500000000e+03 2.740707181437e-04
1.387000000000e+03 1.397335274186e-04
1.387500000000e+03 8.193080819188e-05
1.388000000000e+03 7.606319393022e-05
1.388500000000e+03 8.511053341838e-05
1.389000000000e+03 8.523379466732e-05
1.389500000000e+03 8.172196142156e-05
1.390000000000e+03 1.066035980340e-04
1.390500000000e+03 1.990173397465e-04
1.391000000000e+03 3.786838032217e-04
1.391500000000e+03 6.268173674104e-04
1.392000000000e+03 8.854703202559e-04
1.392500000000e+03 1.077220060930e-03
1.393000000000e+03 1.136804362079e-03
1.393500000000e+03 1.039950893989e-03
1.394000000000e+03 8.154803617162e-04
1.394500000000e+03 5.344750796990e-04
1.395000000000e+03 2.811631103805e-04
1.395500000000e+03 1.188588629395e-04
1.396000000000e+03 6.656213487011e-05
1.396500000000e+03 9.655069543763e-05
1.397000000000e+03 1.531153438577e-04
1.397500000000e+03 1.825000953904e-04
1.398000000000e+03 1.590628161581e-04
1.398500000000e+03 9.507694973948e-05
1.399000000000e+03 3.015726424622e-05
1.399500000000e+03 6.670562177774e-06
1.400000000000e+03 4.447672108749e-05
1.400500000000e+03 1.284619524555e-04
1.401000000000e+03 2.155653268150e-04
1.401500000000e+03 2.578115720834e-04
1.402000000000e+03 2.294218912410e-04
1.402500000000e+03 1.436799944706e-04
1.403000000000e+03 5.014731817305e-05
1.403500000000e+03 1.263500347228e-05
1.404000000000e+03 7.815408666988e-05
1.404500000000e+03 2.519432782688e-04
1.405000000000e+03 4.911093820701e-04
1.405500000000e+03 7.205964171357e-04
1.406000000000e+03 8.644326302878e-04
1.406500000000e+03 8.777856995437e-04
1.407000000000e+03 7.649437863529e-04
1.407500000000e+03 5.751380726415e-04
1.408000000000e+03 3.787798530690e-04
1.408500000000e+03 2.359590757850e-04
1.409000000000e+03 1.724073432832e-04
1.409500000000e+03 1.739855703011e-04
1.410000000000e+03 2.012576758803e-04
1.410500000000e+03 2.156412719851e-04
1.411000000000e+03 2.030159800316e-04
1.411500000000e+03 1.822882388748e-04
1.412000000000e+03 1.943887510870e-04
1.412500000000e+03 2.774527725975e-04
1.413000000000e+03 4.412902800341e-04
1.413500000000e+03 6.549432079987e-04
1.414000000000e+03 8.547495794951e-04
1.414500000000e+03 9.700469482748e-04
1.415000000000e+03 9.545951278587e-04
1.415500000000e+03 8.085444136690e-04
1.416000000000e+03 5.800176376965e-04
1.416500000000e+03 3.450828096461e-04
1.417000000000e+03 1.753074715738e-04
1.417500000000e+03 1.080741290117e-04
1.418000000000e+03 1.334426088713e-04
1.418500000000e+03 2.032597443669e-04
1.419000000000e+03 2.574326182575e-04
1.419500000000e+03 2.541123864607e-04
1.420000000000e+03 1.889787508067e-04
1.420500000000e+03 9.457287996635e-05
1.421000000000e+03 2.077009991187e-05
1.421500000000e+03 6.923550862949e-06
1.422000000000e+03 6.023905601305e-05
1.422500000000e+03 1.515809134488e-04
1.423000000000e+03 2.308879286263e-04
1.423500000000e+03 2.542636050293e-04
1.424000000000e+03 2.087048402940e-04
1.424500000000e+03 1.214454555856e-04
1.425000000000e+03 4.854133672932e-05
1.425500000000e+03 4.780124072747e-05
1.426000000000e+03 1.492215618502e-04
1.426500000000e+03 3.376493879479e-04
1.427000000000e+03 5.566321352461e-04
1.427500000000e+03 7.321243193586e-04
1.428000000000e+03 8.049883671400e-04
1.428500000000e+03 7.568673272730e-04
1.429000000000e+03 6.171907143463e-04
1.429500000000e+03 4.482355627747e-04
1.430000000000e+03 3.157811213407e-04
1.430500000000e+03 2.597343123708e-04
1.431000000000e+03 2.788175037646e-04
1.431500000000e+03 3.361970394873e-04
1.432000000000e+03 3.824223910205e-04
1.432500000000e+03 3.834919029915e-04
1.433000000000e+03 3.395110210639e-04
1.433500000000e+03 2.843955159721e-04
1.434000000000e+03 2.668550000337e-04
1.434500000000e+03 3.225339105238e-04
1.435000000000e+03 4.518270679694e-04
1.435500000000e+03 6.151731728696e-04
1.436000000000e+03 7.488988471884e-04
1.436500000000e+03 7.942990117784e-04
1.437000000000e+03 7.258052411204e-04
1.437500000000e+03 5.642655263577e-04
1.438000000000e+03 3.685037084774e-04
1.438500000000e+03 2.089320814922e-04
1.439000000000e+03 1.358062230343e-04
1.439500000000e+03 1.573605763553e-04
1.440000000000e+03 2.382232039184e-04
1.440500000000e+03 3.185691488088e-04
1.441000000000e+03 3.443519785360e-04
1.441500000000e+03 2.936533563856e-04
1.442000000000e+03 1.863102744168e-04
1.442500000000e+03 7.242877043472e-05
1.443000000000e+03 5.941365414266e-06
1.443500000000e+03 1.675464992842e-05
1.444000000000e+03 9.559751334143e-05
1.444500000000e+03 1.991695696355e-04
1.445000000000e+03 2.728874766654e-04
1.445500000000e+03 2.796070890302e-04
1.446000000000e+03 2.196373625393e-04
1.446500000000e+03 1.316991525787e-04
1.447000000000e+03 7.405489970104e-05
1.447500000000e+03 9.505442913595e-05
1.448000000000e+03 2.077843863839e-04
1.448500000000e+03 3.816271808955e-04
1.449000000000e+03 5.552354044295e-04
1.449500000000e+03 6.648227058576e-04
1.450000000000e+03 6.740366331038e-04
1.450500000000e+03 5.908213436503e-04
1.451000000000e+03 4.630409397478e-04
1.451500000000e+03 3.550703098326e-04
1.452000000000e+03 3.168966226685e-04
1.452500000000e+03 3.608851189538e-04
1.453000000000e+03 4.574696584321e-04
1.453500000000e+03 5.515840298265e-04
1.454000000000e+03 5.913618476374e-04
1.454500000000e+03 5.546172806895e-04
1.455000000000e+03 4.598532139692e-04
1.455500000000e+03 3.563863314530e-04
1.456000000000e+03 2.986949876447e-04
1.456500000000e+03 3.180237127831e-04
1.457000000000e+03 4.056558993031e-04
1.457500000000e+03 5.164084572527e-04
1.458000000000e+03 5.907412197814e-04
1.458500000000e+03 5.844944197977e-04
1.459000000000e+03 4.913676419736e-04
1.459500000000e+03 3.467975493521e-04
1.460000000000e+03 2.111265420034e-04
1.460500000000e+03 1.402816300847e-04
1.461000000000e+03 1.584496936111e-04
1.461500000000e+03 2.463058000277e-04
1.462000000000e+03 3.506720604043e-04
1.462500000000e+03 4.108663637215e-04
1.463000000000e+03 3.887220857504e-04
1.463500000000e+03 2.874398511277e-04
1.464000000000e+03 1.499769746178e-04
1.464500000000e+03 3.783182208610e-05
1.465000000000e+03 7.907451967098e-07
1.465500000000e+03 5.264923980475e-05
1.466000000000e+03 1.648963422234e-04
1.466500000000e+03 2.813801682709e-04
1.467000000000e+03 3.465299142992e-04
1.467500000000e+03 3.329982475888e-04
1.468000000000e+03 2.549430078108e-04
1.468500000000e+03 1.603958251932e-04
1.469000000000e+03 1.066466950514e-04
1.469500000000e+03 1.310677876933e-04
1.470000000000e+03 2.320637805982e-04
1.470500000000e+03 3.697412288250e-04
1.471000000000e+03 4.859848510198e-04
1.471500000000e+03 5.338680249811e-04
1.472000000000e+03 5.015940405245e-04
1.472500000000e+03 4.188412486545e-04
1.473000000000e+03 3.421487509991e-04
1.473500000000e+03 3.264662612494e-04
1.474000000000e+03 3.969695307926e-04
1.474500000000e+03 5.352184932002e-04
1.475000000000e+03 6.867000506122e-04
1.475500000000e+03 7.862345636125e-04
1.476000000000e+03 7.888785958214e-04
1.476500000000e+03 6.912212201982e-04
1.477000000000e+03 5.327055460009e-04
1.477500000000e+03 3.764572885054e-04
1.478000000000e+03 2.791751009075e-04
1.478500000000e+03 2.649371328754e-04
1.479000000000e+03 3.156920832927e-04
1.479500000000e+03 3.827980378680e-04
1.480000000000e+03 4.134581157308e-04
1.480500000000e+03 3.785273026436e-04
1.481000000000e+03 2.875993173280e-04
1.481500000000e+03 1.837874139874e-04
1.482000000000e+03 1.209153514732e-04
1.482500000000e+03 1.347638967693e-04
1.483000000000e+03 2.230910696456e-04
1.483500000000e+03 3.448065980909e-04
1.484000000000e+03 4.390869207619e-04
1.484500000000e+03 4.551572623586e-04
1.485000000000e+03 3.779795390828e-04
1.485500000000e+03 2.369381546066e-04
1.486000000000e+03 9.292360088628e-05
1.486500000000e+03 9.868717104556e-06
1.487000000000e+03 2.450691422985e-05
1.487500000000e+03 1.290589472664e-04
1.488000000000e+03 2.752395774138e-04
1.488500000000e+03 3.975317773757e-04
1.489000000000e+03 4.442742749166e-04
1.489500000000e+03 4.013938991033e-04
1.490000000000e+03 2.974005250244e-04
1.490500000000e+03 1.876339205659e-04
1.491000000000e+03 1.260254044525e-04
1.491500000000e+03 1.386999625642e-04
1.492000000000e+03 2.126016739866e-04
1.492500000000e+03 3.045888730738e-04
1.493000000000e+03 3.660210426744e-04
1.493500000000e+03 3.699897798687e-04
1.494000000000e+03 3.269882408699e-04
1.494500000000e+03 2.806584694956e-04
1.495000000000e+03 2.853812272386e-04
1.495500000000e+03 3.767996304849e-04
1.496000000000e+03 5.501984321941e-04
1.496500000000e+03 7.580292288524e-04
1.497000000000e+03 9.285345550625e-04
1.497500000000e+03 9.969940575874e-04
1.498000000000e+03 9.347723102277e-04
1.498500000000e+03 7.622570104559e-04
1.499000000000e+03 5.395142580043e-04
1.499500000000e+03 3.392462784154e-04
1.500000000000e+03 2.151140356558e-04
1.500500000000e+03 1.805185432849e-04
1.501000000000e+03 2.075588792263e-04
1.501500000000e+03 2.458127267803e-04
1.502000000000e+03 2.508421293440e-04
1.502500000000e+03 2.077464284434e-04
1.503000000000e+03 1.379016919195e-04
1.503500000000e+03 8.577330064310e-05
1.504000000000e+03 9.293767546654e-05
1.504500000000e+03 1.730325397130e-04
1.505000000000e+03 3.009525517750e-04
1.505500000000e+03 4.224089476106e-04
1.506000000000e+03 4.795860716919e-04
1.506500000000e+03 4.402778418363e-04
1.507000000000e+03 3.157994470297e-04
1.507500000000e+03 1.582537207988e-04
1.508000000000e+03 3.781456825822e-05
1.508500000000e+03 1.058646969060e-05
1.509000000000e+03 9.238941440164e-05
1.509500000000e+03 2.510975243551e-04
1.510000000000e+03 4.212388217306e-04
1.510500000000e+03 5.338259132545e-04
1.511000000000e+03 5.471138773149e-04
1.511500000000e+03 4.637326411805e-04
1.512000000000e+03 3.264941184302e-04
1.512500000000e+03 1.956949700822e-04
1.513000000000e+03 1.196942958966e-04
1.513500000000e+03 1.135220073591e-04
1.514000000000e+03 1.558536106542e-04
1.514500000000e+03 2.051539978067e-04
1.515000000000e+03 2.259743456946e-04
1.515500000000e+03 2.112330161727e-04
1.516000000000e+03 1.884176113133e-04
1.516500000000e+03 2.059497605914e-04
1.517000000000e+03 3.062702623154e-04
1.517500000000e+03 4.993131451521e-04
1.518000000000e+03 7.503101295977e-04
1.518500000000e+03 9.890800103656e-04
1.519000000000e+03 1.137426485306e-03
1.519500000000e+03 1.142206221964e-03
1.520000000000e+03 9.985554925833e-04
1.520500000000e+03 7.522506725007e-04
1.521000000000e+03 4.800600407044e-04
1.521500000000e+03 2.573858072992e-04
1.522000000000e+03 1.283842382226e-04
1.522500000000e+03 9.223168216921e-05
1.523000000000e+03 1.110836100511e-04
1.523500000000e+03 1.346131737382e-04
1.524000000000e+03 1.281013578661e-04
1.524500000000e+03 8.976365074213e-05
1.525000000000e+03 4.889129041958e-05
1.525500000000e+03 4.642410484828e-05
1.526000000000e+03 1.086656550477e-04
1.526500000000e+03 2.284063595795e-04
1.527000000000e+03 3.639420523968e-04
1.527500000000e+03 4.572673081047e-04
1.528000000000e+03 4.627332917856e-04
1.528500000000e+03 3.717539327571e-04
1.529000000000e+03 2.206622262429e-04
1.529500000000e+03 7.689184629868e-05
1.530000000000e+03 9.326899442450e-06
1.530500000000e+03 5.663342158673e-05
1.531000000000e+03 2.086714633217e-04
1.531500000000e+03 4.099912852427e-04
1.532000000000e+03 5.838965147722e-04
1.532500000000e+03 6.657590377628e-04
1.533000000000e+03 6.299876017156e-04
1.533500000000e+03 4.983504606529e-04
1.534000000000e+03 3.265547474538e-04
1.534500000000e+03 1.765146117488e-04
1.535000000000e+03 8.840035484899e-05
1.535500000000e+03 6.611780681440e-05
1.536000000000e+03 8.264569620156e-05
1.536500000000e+03 1.013608590748e-04
1.537000000000e+03 1.013212499708e-04
1.537500000000e+03 9.256622730264e-05
1.538000000000e+03 1.127820946581e-04
1.538500000000e+03 2.064823776175e-04
1.539000000000e+03 3.971926369561e-04
1.539500000000e+03 6.672419602332e-04
1.540000000000e+03 9.564847573124e-04
1.540500000000e+03 1.182147226690e-03
1.541000000000e+03 1.271505719172e-03
1.541500000000e+03 1.192475992253e-03
1.542000000000e+03 9.677654428953e-04
1.542500000000e+03 6.658099810277e-04
1.543000000000e+03 3.726188360866e-04
1.543500000000e+03 1.575674491835e-04
1.544000000000e+03 4.877075512260e-05
1.544500000000e+03 2.871802801457e-05
1.545000000000e+03 5.085291617254e-05
1.545500000000e+03 6.770062609910e-05
1.546000000000e+03 5.593628743919e-05
1.546500000000e+03 2.594866283392e-05
1.547000000000e+03 1.178773221169e-05
1.547500000000e+03 4.762820150326e-05
1.548000000000e+03 1.438441270632e-04
1.548500000000e+03 2.759611757786e-04
1.549000000000e+03 3.930571215108e-04
1.549500000000e+03 4.420140146958e-04
1.550000000000e+03 3.955502105762e-04
1.550500000000e+03 2.695152008648e-04
1.551000000000e+03 1.198436605646e-04
1.551500000000e+03 1.947322744041e-05
1.552000000000e+03 2.553871734012e-05
1.552500000000e+03 1.522702423363e-04
1.553000000000e+03 3.626417887857e-04
1.553500000000e+03 5.830364490230e-04
1.554000000000e+03 7.342800639110e-04
1.554500000000e+03 7.646758950002e-04
1.555000000000e+03 6.699069877094e-04
1.555500000000e+03 4.911906086106e-04
1.556000000000e+03 2.936192620866e-04
1.556500000000e+03 1.359943225494e-04
1.557000000000e+03 4.707006636128e-05
1.557500000000e+03 1.929388131403e-05
1.558000000000e+03 2.188382796167e-05
1.558500000000e+03 2.513844889293e-05
1.559000000000e+03 2.224828250574e-05
1.559500000000e+03 3.639144370524e-05
1.560000000000e+03 1.087514836816e-04
1.560500000000e+03 2.732896398933e-04
1.561000000000e+03 5.314335535510e-04
1.561500000000e+03 8.405267089842e-04
1.562000000000e+03 1.123461667396e-03
1.562500000000e+03 1.296516721053e-03
1.563000000000e+03 1.303186452911e-03
1.563500000000e+03 1.138368750712e-03
1.564000000000e+03 8.514300335288e-04
1.564500000000e+03 5.264574900801e-04
1.565000000000e+03 2.486735373942e-04
1.565500000000e+03 7.233949859101e-05
1.566000000000e+03 4.440237097529e-06
1.566500000000e+03 1.058309321842e-05
1.567000000000e+03 3.877364649976e-05
1.567500000000e+03 4.835701486165e-05
1.568000000000e+03 2.950918993309e-05
1.568500000000e+03 4.052761478167e-06
1.569000000000e+03 8.243862792804e-06
1.569500000000e+03 6.750964683992e-05
1.570000000000e+03 1.771968617353e-04
1.570500000000e+03 3.001816693816e-04
1.571000000000e+03 3.833368870777e-04
1.571500000000e+03 3.848609056504e-04
1.572000000000e+03 2.984416601808e-04
1.572500000000e+03 1.612869387666e-04
1.573000000000e+03 4.077300336511e-05
1.573500000000e+03 5.060303898016e-06
1.574000000000e+03 9.122670468664e-05
1.574500000000e+03 2.861450586825e-04
1.575000000000e+03 5.295612811626e-04
1.575500000000e+03 7.383736076533e-04
1.576000000000e+03 8.410646704064e-04
1.576500000000e+03 8.065004241410e-04
1.577000000000e+03 6.541774126731e-04
1.577500000000e+03 4.420244892455e-04
1.578000000000e+03 2.385833658385e-04
1.578500000000e+03 9.354433774730e-05
1.579000000000e+03 2.075003178250e-05
1.579500000000e+03 9.607291157425e-07
1.580000000000e+03 1.414634803683e-06
1.580500000000e+03 7.114593739455e-07
1.581000000000e+03 5.068999537960e-06
1.581500000000e+03 4.676057024541e-05
1.582000000000e+03 1.650866092678e-04
1.582500000000e+03 3.796920001515e-04
1.583000000000e+03 6.705633048496e-04
1.583500000000e+03 9.762464683361e-04
1.584000000000e+03 1.213012528268e-03
1.584500000000e+03 1.307211821672e-03
1.585000000000e+03 1.226132382264e-03
1.585500000000e+03 9.928306682437e-04
1.586000000000e+03 6.776622301313e-04
1.586500000000e+03 3.701167642657e-04
1.587000000000e+03 1.437632980573e-04
1.587500000000e+03 3.015619052018e-05
1.588000000000e+03 1.298731133855e-05
1.588500000000e+03 4.388085658873e-05
1.589000000000e+03 7.090064815076e-05
1.589500000000e+03 6.513340383406e-05
1.590000000000e+03 3.235089785073e-05
1.590500000000e+03 4.795841057754e-06
1.591000000000e+03 1.846224722070e-05
1.591500000000e+03 8.863079711277e-05
1.592000000000e+03 1.971668570157e-04
1.592500000000e+03 2.988521188555e-04
1.593000000000e+03 3.439877854777e-04
1.593500000000e+03 3.057894968378e-04
1.594000000000e+03 1.981579733576e-04
1.594500000000e+03 7.382572170983e-05
1.595000000000e+03 2.521411167478e-06
1.595500000000e+03 3.888003453491e-05
1.596000000000e+03 1.953051035884e-04
1.596500000000e+03 4.330557922135e-04
1.597000000000e+03 6.763458996164e-04
1.597500000000e+03 8.433153530851e-04
1.598000000000e+03 8.797073008212e-04
1.598500000000e+03 7.798784220286e-04
1.599000000000e+03 5.859547034416e-04
1.599500000000e+03 3.664549613919e-04
1.600000000000e+03 1.853675241084e-04
1.600500000000e+03 7.676815443024e-05
1.601000000000e+03 3.668542046395e-05
1.601500000000e+03 3.485545253291e-05
1.602000000000e+03 3.886953311845e-05
1.602500000000e+03 3.710522503174e-05
1.603000000000e+03 4.778517061982e-05
1.603500000000e+03 1.089933359950e-04
1.604000000000e+03 2.546647675227e-04
1.604500000000e+03 4.892511099953e-04
1.605000000000e+03 7.749954718795e-04
1.605500000000e+03 1.039812048301e-03
1.606000000000e+03 1.203558191766e-03
1.606500000000e+03 1.211088929377e-03
1.607000000000e+03 1.056624361343e-03
1.607500000000e+03 7.876501251892e-04
1.608000000000e+03 4.860855747646e-04
1.608500000000e+03 2.351718226981e-04
1.609000000000e+03 8.721562056064e-05
1.609500000000e+03 4.671518874360e-05
1.610000000000e+03 7.581996313168e-05
1.610500000000e+03 1.182885455439e-04
1.611000000000e+03 1.294155542052e-04
1.611500000000e+03 9.703065973400e-05
1.612000000000e+03 4.369785820891e-05
1.612500000000e+03 1.004979679441e-05
1.613000000000e+03 2.881508320497e-05
1.613500000000e+03 1.037043137741e-04
1.614000000000e+03 2.046298837058e-04
1.614500000000e+03 2.821456596142e-04
1.615000000000e+03 2.938788777696e-04
1.615500000000e+03 2.292367918441e-04
1.616000000000e+03 1.191408870307e-04
1.616500000000e+03 2.481329472195e-05
1.617000000000e+03 1.012472909708e-05
1.617500000000e+03 1.104745984150e-04
1.618000000000e+03 3.133407639434e-04
1.618500000000e+03 5.603424099273e-04
1.619000000000e+03 7.704412288553e-04
1.619500000000e+03 8.737581099066e-04
1.620000000000e+03 8.403861079638e-04
1.620500000000e+03 6.910352130356e-04
1.621000000000e+03 4.851297791414e-04
1.621500000000e+03 2.927627806500e-04
1.622000000000e+03 1.643989737206e-04
1.622500000000e+03 1.127811455668e-04
1.623000000000e+03 1.149533688963e-04
1.623500000000e+03 1.320185647796e-04
1.624000000000e+03 1.353792614078e-04
1.624500000000e+03 1.251989794605e-04
1.625000000000e+03 1.311307722811e-04
1.625500000000e+03 1.947648259099e-04
1.626000000000e+03 3.429594824911e-04
1.626500000000e+03 5.662915618228e-04
1.627000000000e+03 8.146717633346e-04
1.627500000000e+03 1.013749146678e-03
1.628000000000e+03 1.095253136344e-03
1.628500000000e+03 1.027138404256e-03
1.629000000000e+03 8.290014107008e-04
1.629500000000e+03 5.650154521288e-04
1.630000000000e+03 3.173054695681e-04
1.630500000000e+03 1.520258343805e-04
1.631000000000e+03 9.382476139342e-05
1.631500000000e+03 1.202045553945e-04
1.632000000000e+03 1.775892434802e-04
1.632500000000e+03 2.104768237940e-04
1.633000000000e+03 1.890071884071e-04
1.633500000000e+03 1.215417618255e-04
1.634000000000e+03 4.670820152288e-05
1.634500000000e+03 9.827181344825e-06
1.635000000000e+03 3.645488227541e-05
1.635500000000e+03 1.170487477522e-04
1.636000000000e+03 2.108986363512e-04
1.636500000000e+03 2.674523429925e-04
1.637000000000e+03 2.540785528812e-04
1.637500000000e+03 1.757636761591e-04
1.638000000000e+03 7.606565079750e-05
1.638500000000e+03 1.797690065404e-05
1.639000000000e+03 5.353067351056e-05
1.639500000000e+03 1.969099606713e-04
1.640000000000e+03 4.144701586004e-04
1.640500000000e+03 6.370594593882e-04
1.641000000000e+03 7.892373583777e-04
1.641500000000e+03 8.217625643897e-04
1.642000000000e+03 7.321106067469e-04
1.642500000000e+03 5.635861467092e-04
1.643000000000e+03 3.839502371114e-04
1.643500000000e+03 2.542834991611e-04
1.644000000000e+03 2.032417952444e-04
1.644500000000e+03 2.187995141404e-04
1.645000000000e+03 2.606118771860e-04
1.645500000000e+03 2.857755812738e-04
1.646000000000e+03 2.742009228878e-04
1.646500000000e+03 2.402811483866e-04
1.647000000000e+03 2.247699268167e-04
1.647500000000e+03 2.710825498297e-04
1.648000000000e+03 3.984054007716e-04
1.648500000000e+03 5.858882176327e-04
1.649000000000e+03 7.768120161315e-04
1.649500000000e+03 9.016337474284e-04
1.650000000000e+03 9.091989016168e-04
1.650500000000e+03 7.910164019228e-04
1.651000000000e+03 5.865597212751e-04
1.651500000000e+03 3.666348019175e-04
1.652000000000e+03 2.024812379713e-04
1.652500000000e+03 1.352023562257e-04
1.653000000000e+03 1.599247595052e-04
1.653500000000e+03 2.318641296762e-04
1.654000000000e+03 2.907939055835e-04
1.654500000000e+03 2.915511791049e-04
1.655000000000e+03 2.255266329302e-04
1.655500000000e+03 1.228516177422e-04
1.656000000000e+03 3.479046379991e-05
1.656500000000e+03 5.758499262318e-06
1.657000000000e+03 4.947161404020e-05
1.657500000000e+03 1.414788731982e-04
1.658000000000e+03 2.319022753338e-04
1.658500000000e+03 2.718627707574e-04
1.659000000000e+03 2.400211210479e-04
1.659500000000e+03 1.554655821570e-04
1.660000000000e+03 6.995973543282e-05
1.660500000000e+03 4.294521858191e-05
1.661000000000e+03 1.114799518117e-04
1.661500000000e+03 2.700639901883e-04
1.662000000000e+03 4.706314380014e-04
1.662500000000e+03 6.431479070024e-04
1.663000000000e+03 7.271125873526e-04
1.663500000000e+03 6.988526049973e-04
1.664000000000e+03 5.815085715656e-04
1.664500000000e+03 4.330583157399e-04
1.665000000000e+03 3.184334204693e-04
1.665500000000e+03 2.794573538215e-04
1.666000000000e+03 3.171960936913e-04
1.666500000000e+03 3.949729981440e-04
1.667000000000e+03 4.599460145288e-04
1.667500000000e+03 4.719464668144e-04
1.668000000000e+03 4.248083250757e-04
1.668500000000e+03 3.493756972740e-04
1.669000000000e+03 2.967499715239e-04
1.669500000000e+03 3.104094478159e-04
1.670000000000e+03 4.015435483142e-04
1.670500000000e+03 5.404178576231e-04
1.671000000000e+03 6.685761795975e-04
1.671500000000e+03 7.261929733403e-04
1.672000000000e+03 6.811687802172e-04
1.672500000000e+03 5.454957879404e-04
1.673000000000e+03 3.705791871071e-04
1.673500000000e+03 2.235458686275e-04
1.674000000000e+03 1.559711613628e-04
1.674500000000e+03 1.802307416385e-04
1.675000000000e+03 2.649508442410e-04
1.675500000000e+03 3.516289296773e-04
1.676000000000e+03 3.840887950717e-04
1.676500000000e+03 3.361774118227e-04
1.677000000000e+03 2.240972542693e-04
1.677500000000e+03 9.748618516017e-05
1.678000000000e+03 1.395101592478e-05
1.678500000000e+03 9.953382688613e-06
1.679000000000e+03 8.266859684435e-05
1.679500000000e+03 1.918539214936e-04
1.680000000000e+03 2.806814651932e-04
1.680500000000e+03 3.049608019866e-04
1.681000000000e+03 2.559634908907e-04
1.681500000000e+03 1.652707228018e-04
1.682000000000e+03 8.909020205987e-05
1.682500000000e+03 7.981445292220e-05
1.683000000000e+03 1.590513680093e-04
1.683500000000e+03 3.057077665403e-04
1.684000000000e+03 4.652547285599e-04
1.684500000000e+03 5.757548213752e-04
1.685000000000e+03 5.978444391491e-04
1.685500000000e+03 5.338290013852e-04
1.686000000000e+03 4.263947047759e-04
1.686500000000e+03 3.375212010285e-04
1.687000000000e+03 3.179870040658e-04
1.687500000000e+03 3.825172936842e-04
1.688000000000e+03 5.028157969296e-04
1.688500000000e+03 6.218460269000e-04
1.689000000000e+03 6.821974973049e-04
1.689500000000e+03 6.544236426739e-04
1.690000000000e+03 5.513170125425e-04
1.690500000000e+03 4.211391542741e-04
1.691000000000e+03 3.233218130604e-04
1.691500000000e+03 2.988661045302e-04
1.692000000000e+03 3.502509666667e-04
1.692500000000e+03 4.408461762684e-04
1.693000000000e+03 5.140269974497e-04
1.693500000000e+03 5.223097016967e-04
1.694000000000e+03 4.518081997230e-04
1.694500000000e+03 3.296608079574e-04
1.695000000000e+03 2.106196467731e-04
1.695500000000e+03 1.494633096696e-04
1.696000000000e+03 1.730503298218e-04
1.696500000000e+03 2.660888382631e-04
1.697000000000e+03 3.779100743761e-04
1.697500000000e+03 4.470717972809e-04
1.698000000000e+03 4.316940672870e-04
1.698500000000e+03 3.304990636057e-04
1.699000000000e+03 1.840642343466e-04
1.699500000000e+03 5.556214986339e-05
1.700000000000e+03 4.049023626852e-07
1.700500000000e+03 3.969703377056e-05
1.701000000000e+03 1.505052883057e-04
1.701500000000e+03 2.776227234907e-04
1.702000000000e+03 3.608830358016e-04
1.702500000000e+03 3.644452801178e-04
1.703000000000e+03 2.936018137377e-04
1.703500000000e+03 1.909702482579e-04
1.704000000000e+03 1.142475713648e-04
1.704500000000e+03 1.068758100975e-04
1.705000000000e+03 1.764217485275e-04
1.705500000000e+03 2.915000514584e-04
1.706000000000e+03 3.986746750048e-04
1.706500000000e+03 4.506717964622e-04
1.707000000000e+03 4.314956297823e-04
1.707500000000e+03 3.655436281117e-04
1.708000000000e+03 3.058323168996e-04
1.708500000000e+03 3.069716859932e-04
1.709000000000e+03 3.962994308091e-04
1.709500000000e+03 5.577012161667e-04
1.710000000000e+03 7.365067514798e-04
1.710500000000e+03 8.634858954068e-04
1.711000000000e+03 8.865118276625e-04
1.711500000000e+03 7.946074457037e-04
1.712000000000e+03 6.227665197883e-04
1.712500000000e+03 4.353282944690e-04
1.713000000000e+03 2.961361876168e-04
1.713500000000e+03 2.400596246939e-04
1.714000000000e+03 2.595820485520e-04
1.714500000000e+03 3.125320633857e-04
1.715000000000e+03 3.464840416443e-04
1.715500000000e+03 3.271439051402e-04
1.716000000000e+03 2.562426293175e-04
1.716500000000e+03 1.699442651410e-04
1.717000000000e+03 1.187566954490e-04
1.717500000000e+03 1.393861801959e-04
1.718000000000e+03 2.331447764510e-04
1.718500000000e+03 3.622960074734e-04
1.719000000000e+03 4.667073269604e-04
1.719500000000e+03 4.928771580188e-04
1.720000000000e+03 4.209889043392e-04
1.720500000000e+03 2.763603353578e-04
1.721000000000e+03 1.191994607287e-04
1.721500000000e+03 1.723387224306e-05
1.722000000000e+03 1.426929667102e-05
1.722500000000e+03 1.098337874679e-04
1.723000000000e+03 2.597166906566e-04
1.723500000000e+03 3.970478305566e-04
1.724000000000e+03 4.635995734804e-04
1.724500000000e+03 4.361435554441e-04
1.725000000000e+03 3.353220591001e-04
1.725500000000e+03 2.132546734697e-04
1.726000000000e+03 1.266125713465e-04
1.726500000000e+03 1.089271624775e-04
1.727000000000e+03 1.559868594811e-04
1.727500000000e+03 2.313269235382e-04
1.728000000000e+03 2.885104150196e-04
1.728500000000e+03 2.983307913899e-04
1.729000000000e+03 2.665533783231e-04
1.729500000000e+03 2.326254720873e-04
1.730000000000e+03 2.495134023959e-04
1.730500000000e+03 3.545806612348e-04
1.731000000000e+03 5.462801573802e-04
1.731500000000e+03 7.789022498518e-04
1.732000000000e+03 9.788916711958e-04
1.732500000000e+03 1.075618856400e-03
1.733000000000e+03 1.032235057193e-03
1.733500000000e+03 8.619770651424e-04
1.734000000000e+03 6.221828655574e-04
1.734500000000e+03 3.889571448545e-04
1.735000000000e+03 2.246378183508e-04
1.735500000000e+03 1.534461431554e-04
1.736000000000e+03 1.564070383029e-04
1.736500000000e+03 1.869843829864e-04
1.737000000000e+03 1.987024164675e-04
1.737500000000e+03 1.703638632899e-04
1.738000000000e+03 1.160932742586e-04
1.738500000000e+03 7.544744523646e-05
1.739000000000e+03 8.916691059726e-05
1.739500000000e+03 1.735704960281e-04
1.740000000000e+03 3.073671151028e-04
1.740500000000e+03 4.383746527778e-04
1.741000000000e+03 5.074479261266e-04
1.741500000000e+03 4.779575226618e-04
1.742000000000e+03 3.559701320454e-04
1.742500000000e+03 1.905321133751e-04
1.743000000000e+03 5.310678926795e-05
1.743500000000e+03 5.504676677519e-06
1.744000000000e+03 7.146562624498e-05
1.744500000000e+03 2.254853403164e-04
1.745000000000e+03 4.042574498097e-04
1.745500000000e+03 5.352510115492e-04
1.746000000000e+03 5.687873968438e-04
1.746500000000e+03 4.985073878985e-04
1.747000000000e+03 3.610055203618e-04
1.747500000000e+03 2.156945592721e-04
1.748000000000e+03 1.155335294974e-04
1.748500000000e+03 8.338626296666e-05
1.749000000000e+03 1.054908892578e-04
1.749500000000e+03 1.445440175626e-04
1.750000000000e+03 1.647998112716e-04
1.750500000000e+03 1.554583762385e-04
1.751000000000e+03 1.395575136829e-04
1.751500000000e+03 1.631109754586e-04
1.752000000000e+03 2.695530609612e-04
1.752500000000e+03 4.724295409786e-04
1.753000000000e+03 7.406909411160e-04
1.753500000000e+03 1.005091264866e-03
1.754000000000e+03 1.183910661598e-03
1.754500000000e+03 1.216584615770e-03
1.755000000000e+03 1.089634501988e-03
1.755500000000e+03 8.426822216578e-04
1.756000000000e+03 5.516830492824e-04
1.756500000000e+03 2.972643111179e-04
1.757000000000e+03 1.329582545091e-04
1.757500000000e+03 6.781772541737e-05
1.758000000000e+03 7.061450541830e-05
1.758500000000e+03 9.219608809752e-05
1.759000000000e+03 9.388790074299e-05
1.759500000000e+03 6.733895049086e-05
1.760000000000e+03 3.606415648810e-05
1.760500000000e+03 3.860804396253e-05
1.761000000000e+03 1.028214828882e-04
1.761500000000e+03 2.253643839672e-04
1.762000000000e+03 3.678875352156e-04
1.762500000000e+03 4.727470278236e-04
1.763000000000e+03 4.909105537209e-04
1.763500000000e+03 4.080987946699e-04
1.764000000000e+03 2.555706470052e-04
1.764500000000e+03 9.922571590857e-05
1.765000000000e+03 1.131509314493e-05
1.765500000000e+03 3.776534120672e-05
1.766000000000e+03 1.765775687499e-04
1.766500000000e+03 3.776854271015e-04
1.767000000000e+03 5.644870971429e-04
1.767500000000e+03 6.669714945590e-04
1.768000000000e+03 6.509678423001e-04
1.768500000000e+03 5.301676369572e-04
1.769000000000e+03 3.560993872582e-04
1.769500000000e+03 1.919301090123e-04
1.770000000000e+03 8.354296409960e-05
1.770500000000e+03 4.210966965498e-05
1.771000000000e+03 4.606634629989e-05
1.771500000000e+03 6.026973033222e-05
1.772000000000e+03 6.129982830127e-05
1.772500000000e+03 5.483147491561e-05
1.773000000000e+03 7.524325079209e-05
1.773500000000e+03 1.670054279310e-04
1.774000000000e+03 3.571275637011e-04
1.774500000000e+03 6.330801292680e-04
1.775000000000e+03 9.384520425216e-04
1.775500000000e+03 1.190134950965e-03
1.776000000000e+03 1.310189265436e-03
1.776500000000e+03 1.258028117378e-03
1.777000000000e+03 1.047934459189e-03
1.777500000000e+03 7.435928139700e-04
1.778000000000e+03 4.320601927366e-04
1.778500000000e+03 1.891902693002e-04
1.779000000000e+03 5.229595827457e-05
1.779500000000e+03 1.199286948484e-05
1.780000000000e+03 2.566399028023e-05
1.780500000000e+03 4.454691392912e-05
1.781000000000e+03 4.020820579008e-05
1.781500000000e+03 1.714094697278e-05
1.782000000000e+03 5.794262473251e-06
1.782500000000e+03 4.062343170568e-05
1.783000000000e+03 1.355177875347e-04
1.783500000000e+03 2.702976398497e-04
1.784000000000e+03 3.962074324254e-04
1.784500000000e+03 4.583967583592e-04
1.785000000000e+03 4.243208110714e-04
1.785500000000e+03 3.034407228368e-04
1.786000000000e+03 1.474494465844e-04
1.786500000000e+03 2.966852656140e-05
1.787000000000e+03 1.261439360782e-05
1.787500000000e+03 1.188630471177e-04
1.788000000000e+03 3.191466824325e-04
1.788500000000e+03 5.436022899398e-04
1.789000000000e+03 7.111415149023e-04
1.789500000000e+03 7.633647358079e-04
1.790000000000e+03 6.874620861542e-04
1.790500000000e+03 5.180561140057e-04
1.791000000000e+03 3.181858716600e-04
1.791500000000e+03 1.495445112130e-04
1.792000000000e+03 4.680755738388e-05
1.792500000000e+03 8.188380784353e-06
1.793000000000e+03 5.702572470994e-06
1.793500000000e+03 8.438446898849e-06
1.794000000000e+03 5.567501902232e-06
1.794500000000e+03 1.618106828522e-05
1.795000000000e+03 8.009878443607e-05
1.795500000000e+03 2.339581337242e-04
1.796000000000e+03 4.849763353239e-04
1.796500000000e+03 7.966146052501e-04
1.797000000000e+03 1.094931501515e-03
1.797500000000e+03 1.294311367708e-03
1.798000000000e+03 1.331491662124e-03
1.798500000000e+03 1.192272999327e-03
1.799000000000e+03 9.183119424310e-04
1.799500000000e+03 5.905766158088e-04
1.800000000000e+03 2.969443815400e-04
1.800500000000e+03 9.873409518902e-05
1.801000000000e+03 1.114898432816e-05
1.801500000000e+03 5.625770290847e-06
1.802000000000e+03 3.142367677961e-05
1.802500000000e+03 4.470629825244e-05
1.803000000000e+03 3.029955390750e-05
1.803500000000e+03 5.656429428978e-06
1.804000000000e+03 6.028910966079e-06
1.804500000000e+03 5.961096600578e-05
1.805000000000e+03 1.665386439571e-04
1.805500000000e+03 2.935453483793e-04
1.806000000000e+03 3.878520920158e-04
1.806500000000e+03 4.037067029167e-04
1.807000000000e+03 3.280557925946e-04
1.807500000000e+03 1.917164780611e-04
1.808000000000e+03 5.927631509754e-05
1.808500000000e+03 1.439413962324e-06
1.809000000000e+03 6.244586570376e-05
1.809500000000e+03 2.380466857156e-04
1.810000000000e+03 4.748151214685e-04
1.810500000000e+03 6.915505432921e-04
1.811000000000e+03 8.130597364274e-04
1.811500000000e+03 8.007940296697e-04
1.812000000000e+03 6.664987494545e-04
1.812500000000e+03 4.633300017388e-04
1.813000000000e+03 2.597017552720e-04
1.813500000000e+03 1.091307191817e-04
1.814000000000e+03 3.066779855648e-05
1.814500000000e+03 8.610094687279e-06
1.815000000000e+03 1.013268191138e-05
1.815500000000e+03 1.036422992834e-05
1.816000000000e+03 1.083883375831e-05
1.816500000000e+03 4.096329715551e-05
1.817000000000e+03 1.412283583331e-04
1.817500000000e+03 3.367238966476e-04
1.818000000000e+03 6.150612102215e-04
1.818500000000e+03 9.211702007515e-04
1.819000000000e+03 1.173340748946e-03
1.819500000000e+03 1.294297331501e-03
1.820000000000e+03 1.243307285922e-03
1.820500000000e+03 1.034262070265e-03
1.821000000000e+03 7.309639494997e-04
1.821500000000e+03 4.214845841462e-04
1.822000000000e+03 1.832636460062e-04
1.822500000000e+03 5.480729840408e-05
1.823000000000e+03 2.640875953188e-05
1.823500000000e+03 5.297944567342e-05
1.824000000000e+03 8.146823467527e-05
1.824500000000e+03 7.866696915002e-05
1.825000000000e+03 4.566981223123e-05
1.825500000000e+03 1.251560893098e-05
1.826000000000e+03 1.686564547775e-05
1.826500000000e+03 7.873034063481e-05
1.827000000000e+03 1.851584312666e-04
1.827500000000e+03 2.935154307651e-04
1.828000000000e+03 3.522088273578e-04
1.828500000000e+03 3.284380305174e-04
1.829000000000e+03 2.284991387165e-04
1.829500000000e+03 9.948302201171e-05
1.830000000000e+03 1.029835915523e-05
1.830500000000e+03 2.033000795033e-05
1.831000000000e+03 1.505176504738e-04
1.831500000000e+03 3.709203013019e-04
1.832000000000e+03 6.111814536844e-04
1.832500000000e+03 7.894296558305e-04
1.833000000000e+03 8.463578930794e-04
1.833500000000e+03 7.688246061133e-04
1.834000000000e+03 5.924668536296e-04
1.834500000000e+03 3.829550888421e-04
1.835000000000e+03 2.056512889329e-04
1.835500000000e+03 9.860010245936e-05
1.836000000000e+03 6.152321432255e-05
1.836500000000e+03 6.503867459126e-05
1.837000000000e+03 7.399101422127e-05
1.837500000000e+03 7.175785231009e-05
1.838000000000e+03 7.219574912242e-05
1.838500000000e+03 1.125556226413e-04
1.839000000000e+03 2.308235323011e-04
1.839500000000e+03 4.393650818212e-04
1.840000000000e+03 7.091554825745e-04
1.840500000000e+03 9.739650331486e-04
1.841000000000e+03 1.154026965930e-03
1.841500000000e+03 1.188831768645e-03
1.842000000000e+03 1.063729052799e-03
1.842500000000e+03 8.175248259397e-04
1.843000000000e+03 5.270932948508e-04
1.843500000000e+03 2.758891580548e-04
1.844000000000e+03 1.208337693985e-04
1.844500000000e+03 7.264697265777e-05
1.845000000000e+03 9.803829972405e-05
1.845500000000e+03 1.415596962537e-04
1.846000000000e+03 1.555878042746e-04
1.846500000000e+03 1.234095155806e-04
1.847000000000e+03 6.436680593358e-05
1.847500000000e+03 1.939063832042e-05
1.848000000000e+03 2.526989445131e-05
1.848500000000e+03 9.162815369876e-05
1.849000000000e+03 1.930193544943e-04
1.849500000000e+03 2.806296228046e-04
1.850000000000e+03 3.078174850677e-04
1.850500000000e+03 2.563475795542e-04
1.851000000000e+03 1.494459371848e-04
1.851500000000e+03 4.416426011087e-05
1.852000000000e+03 5.855581272262e-06
1.852500000000e+03 7.669002138665e-05
1.853000000000e+03 2.534849082938e-04
1.853500000000e+03 4.859461034369e-04
1.854000000000e+03 6.967078127589e-04
1.854500000000e+03 8.140653684334e-04
1.855000000000e+03 8.021763524121e-04
1.855500000000e+03 6.747679206074e-04
1.856000000000e+03 4.863996636227e-04
1.856500000000e+03 3.061346343463e-04
1.857000000000e+03 1.867504941113e-04
1.857500000000e+03 1.443407579945e-04
1.858000000000e+03 1.575499746738e-04
1.858500000000e+03 1.856308082785e-04
1.859000000000e+03 1.950693354318e-04
1.859500000000e+03 1.804168467096e-04
1.860000000000e+03 1.682118546057e-04
1.860500000000e+03 2.017934067360e-04
1.861000000000e+03 3.148635969427e-04
1.861500000000e+03 5.077454442355e-04
1.862000000000e+03 7.392826547726e-04
1.862500000000e+03 9.396796844523e-04
1.863000000000e+03 1.039073620986e-03
1.863500000000e+03 9.985178209363e-04
1.864000000000e+03 8.284365137030e-04
1.864500000000e+03 5.853648150600e-04
1.865000000000e+03 3.481386654002e-04
1.865500000000e+03 1.845671400178e-04
1.866000000000e+03 1.241487605388e-04
1.866500000000e+03 1.493579863023e-04
1.867000000000e+03 2.089375129761e-04
1.867500000000e+03 2.459803612398e-04
1.868000000000e+03 2.266188809061e-04
1.868500000000e+03 1.552507089229e-04
1.869000000000e+03 6.929077810915e-05
1.869500000000e+03 1.686242303817e-05
1.870000000000e+03 2.939721737497e-05
1.870500000000e+03 1.035336690683e-04
1.871000000000e+03 2.018119673533e-04
1.871500000000e+03 2.719502455184e-04
1.872000000000e+03 2.748689829452e-04
1.872500000000e+03 2.069704819370e-04
1.873000000000e+03 1.048609462979e-04
1.873500000000e+03 2.942154478404e-05
1.874000000000e+03 3.654980243527e-05
1.874500000000e+03 1.487859106029e-04
1.875000000000e+03 3.419234065323e-04
1.875500000000e+03 5.535729125644e-04
1.876000000000e+03 7.099896404625e-04
1.876500000000e+03 7.585477603892e-04
1.877000000000e+03 6.904636054151e-04
1.877500000000e+03 5.431143016616e-04
1.878000000000e+03 3.812246710768e-04
1.878500000000e+03 2.664000482472e-04
1.879000000000e+03 2.299395902738e-04
1.879500000000e+03 2.619184121007e-04
1.880000000000e+03 3.212048220710e-04
1.880500000000e+03 3.605684018512e-04
1.881000000000e+03 3.535884313601e-04
1.881500000000e+03 3.093875405499e-04
1.882000000000e+03 2.675942112660e-04
1.882500000000e+03 2.761432432978e-04
1.883000000000e+03 3.634049213529e-04
1.883500000000e+03 5.192062701458e-04
1.884000000000e+03 6.949983190079e-04
1.884500000000e+03 8.238619931516e-04
1.885000000000e+03 8.510064285525e-04
1.885500000000e+03 7.599331059831e-04
1.886000000000e+03 5.812976117061e-04
1.886500000000e+03 3.798273336154e-04
1.887000000000e+03 2.253497725923e-04
1.887500000000e+03 1.617602823411e-04
1.888000000000e+03 1.887554169161e-04
1.888500000000e+03 2.648802821642e-04
1.889000000000e+03 3.299927248792e-04
1.889500000000e+03 3.358028064290e-04
1.890000000000e+03 2.693641966639e-04
1.890500000000e+03 1.581139319215e-04
1.891000000000e+03 5.438693647069e-05
1.891500000000e+03 7.599457768878e-06
1.892000000000e+03 3.838065972145e-05
1.892500000000e+03 1.278178505533e-04
1.893000000000e+03 2.272558603100e-04
1.893500000000e+03 2.836466116636e-04
1.894000000000e+03 2.675282273708e-04
1.894500000000e+03 1.893030242337e-04
1.895000000000e+03 9.530131163814e-05
1.895500000000e+03 4.526340938224e-05
1.896000000000e+03 8.227169881515e-05
1.896500000000e+03 2.101028234815e-04
1.897000000000e+03 3.894482138161e-04
1.897500000000e+03 5.551895548406e-04
1.898000000000e+03 6.465040997954e-04
1.898500000000e+03 6.351882304499e-04
1.899000000000e+03 5.384100395257e-04
1.899500000000e+03 4.097372578829e-04
1.900000000000e+03 3.129545514573e-04
1.900500000000e+03 2.915974773556e-04
1.901000000000e+03 3.491263964794e-04
1.901500000000e+03 4.492726670911e-04
1.902000000000e+03 5.360136328637e-04
1.902500000000e+03 5.628966763520e-04
1.903000000000e+03 5.168778923038e-04
1.903500000000e+03 4.247160650275e-04
1.904000000000e+03 3.388061292441e-04
1.904500000000e+03 3.097112124907e-04
1.905000000000e+03 3.593638599590e-04
1.905500000000e+03 4.685964906164e-04
1.906000000000e+03 5.854826041492e-04
1.906500000000e+03 6.505132932056e-04
1.907000000000e+03 6.261308972352e-04
1.907500000000e+03 5.158558274094e-04
1.908000000000e+03 3.633361358481e-04
1.908500000000e+03 2.316003578939e-04
1.909000000000e+03 1.726502783503e-04
1.909500000000e+03 2.023766823357e-04
1.910000000000e+03 2.931915002284e-04
1.910500000000e+03 3.880185571128e-04
1.911000000000e+03 4.287162048130e-04
1.911500000000e+03 3.848701319391e-04
1.912000000000e+03 2.687385757888e-04
1.912500000000e+03 1.290282777047e-04
1.913000000000e+03 2.669356995162e-05
1.913500000000e+03 4.852187702754e-06
1.914000000000e+03 6.777763281856e-05
1.914500000000e+03 1.793467264914e-04
1.915000000000e+03 2.815899944934e-04
1.915500000000e+03 3.239708018566e-04
1.916000000000e+03 2.887029401855e-04
1.916500000000e+03 1.994482075847e-04
1.917000000000e+03 1.090886009824e-04
1.917500000000e+03 7.276105373880e-05
1.918000000000e+03 1.197293543822e-04
1.918500000000e+03 2.382548283220e-04
1.919000000000e+03 3.811189520641e-04
1.919500000000e+03 4.890975251580e-04
1.920000000000e+03 5.206619554801e-04
1.920500000000e+03 4.730050182927e-04
1.921000000000e+03 3.837587617607e-04
1.921500000000e+03 3.123767650949e-04
1.922000000000e+03 3.103110969171e-04
1.922500000000e+03 3.947604650106e-04
1.923000000000e+03 5.390749217082e-04
1.923500000000e+03 6.846995264349e-04
1.924000000000e+03 7.688926504571e-04
1.924500000000e+03 7.546511369384e-04
1.925000000000e+03 6.481888700816e-04
1.925500000000e+03 4.954815788122e-04
1.926000000000e+03 3.597383109223e-04
1.926500000000e+03 2.910444081508e-04
1.927000000000e+03 3.031859816471e-04
1.927500000000e+03 3.689614429567e-04
1.928000000000e+03 4.359840507969e-04
1.928500000000e+03 4.547371364171e-04
1.929000000000e+03 4.045753405619e-04
1.929500000000e+03 3.044915386104e-04
1.930000000000e+03 2.032112555564e-04
1.930500000000e+03 1.536473944757e-04
1.931000000000e+03 1.846960835630e-04
1.931500000000e+03 2.847870167764e-04
1.932000000000e+03 4.057825346280e-04
1.932500000000e+03 4.856404358184e-04
1.933000000000e+03 4.787962361229e-04
1.933500000000e+03 3.792165889380e-04
1.934000000000e+03 2.245530190331e-04
1.934500000000e+03 7.908516493196e-05
1.935000000000e+03 3.601663706384e-06
1.935500000000e+03 2.683464899233e-05
1.936000000000e+03 1.323266698933e-04
1.936500000000e+03 2.670286236458e-04
1.937000000000e+03 3.672619600521e-04
1.937500000000e+03 3.892120585258e-04
1.938000000000e+03 3.290343851738e-04
1.938500000000e+03 2.229535025244e-04
1.939000000000e+03 1.277481852925e-04
1.939500000000e+03 9.173964785132e-05
1.940000000000e+03 1.309929319635e-04
1.940500000000e+03 2.226385785731e-04
1.941000000000e+03 3.184587794154e-04
1.941500000000e+03 3.715734067799e-04
1.942000000000e+03 3.623894559305e-04
1.942500000000e+03 3.103012999392e-04
1.943000000000e+03 2.648020451734e-04
1.943500000000e+03 2.801054374945e-04
1.944000000000e+03 3.858510263259e-04
1.944500000000e+03 5.687041210900e-04
1.945000000000e+03 7.744976017832e-04
1.945500000000e+03 9.305182121892e-04
1.946000000000e+03 9.775829640846e-04
1.946500000000e+03 8.966246837710e-04
1.947000000000e+03 7.170683854775e-04
1.947500000000e+03 5.030811961590e-04
1.948000000000e+03 3.244767897111e-04
1.948500000000e+03 2.263754190902e-04
1.949000000000e+03 2.120727501273e-04
1.949500000000e+03 2.468289722740e-04
1.950000000000e+03 2.798455487163e-04
1.950500000000e+03 2.727622540228e-04
1.951000000000e+03 2.200141023023e-04
1.951500000000e+03 1.507830227218e-04
1.952000000000e+03 1.118105858428e-04
1.952500000000e+03 1.401888860967e-04
1.953000000000e+03 2.404489256692e-04
1.953500000000e+03 3.781881481280e-04
1.954000000000e+03 4.941455579228e-04
1.954500000000e+03 5.322160374380e-04
1.955000000000e+03 4.676314267800e-04
1.955500000000e+03 3.211068825541e-04
1.956000000000e+03 1.514377474951e-04
1.956500000000e+03 2.956119519871e-05
1.957000000000e+03 6.260951493730e-06
1.957500000000e+03 8.893912208841e-05
1.958000000000e+03 2.385740491926e-04
1.958500000000e+03 3.882317259730e-04
1.959000000000e+03 4.741006852570e-04
1.959500000000e+03 4.640905447534e-04
1.960000000000e+03 3.704644028849e-04
1.960500000000e+03 2.410055998682e-04
1.961000000000e+03 1.338273836819e-04
1.961500000000e+03 8.884391728187e-05
1.962000000000e+03 1.102324538207e-04
1.962500000000e+03 1.683414968097e-04
1.963000000000e+03 2.194438957084e-04
1.963500000000e+03 2.325831183146e-04
1.964000000000e+03 2.091320402976e-04
1.964500000000e+03 1.844110728447e-04
1.965000000000e+03 2.099284421052e-04
1.965500000000e+03 3.248716803924e-04
1.966000000000e+03 5.313070095072e-04
1.966500000000e+03 7.861424544012e-04
1.967000000000e+03 1.014896533390e-03
1.967500000000e+03 1.141616475063e-03
1.968000000000e+03 1.121205014907e-03
1.968500000000e+03 9.589740668140e-04
1.969000000000e+03 7.082032207861e-04
1.969500000000e+03 4.469391494377e-04
1.970000000000e+03 2.451030583780e-04
1.970500000000e+03 1.373676045307e-04
1.971000000000e+03 1.141095931803e-04
1.971500000000e+03 1.336634554041e-04
1.972000000000e+03 1.486332928984e-04
1.972500000000e+03 1.323592504896e-04
1.973000000000e+03 9.203570876484e-05
1.973500000000e+03 6.215711481428e-05
1.974000000000e+03 8.224841860654e-05
1.974500000000e+03 1.710098734965e-04
1.975000000000e+03 3.109358092212e-04
1.975500000000e+03 4.521684767643e-04
1.976000000000e+03 5.344805985057e-04
1.976500000000e+03 5.168188135996e-04
1.977000000000e+03 3.995845112213e-04
1.977500000000e+03 2.279944288104e-04
1.978000000000e+03 7.396017869223e-05
1.978500000000e+03 4.482819192088e-06
1.979000000000e+03 5.134145387876e-05
1.979500000000e+03 1.964697599528e-04
1.980000000000e+03 3.800020111153e-04
1.980500000000e+03 5.271452767668e-04
1.981000000000e+03 5.810989138786e-04
1.981500000000e+03 5.265601177617e-04
1.982000000000e+03 3.931930613656e-04
1.982500000000e+03 2.383525574870e-04
1.983000000000e+03 1.184073018956e-04
1.983500000000e+03 6.324027045096e-05
1.984000000000e+03 6.638922642734e-05
1.984500000000e+03 9.498367932468e-05
1.985000000000e+03 1.133769729666e-04
1.985500000000e+03 1.073568041669e-04
1.986000000000e+03 9.558536188363e-05
1.986500000000e+03 1.215856332086e-04
1.987000000000e+03 2.297830528865e-04
1.987500000000e+03 4.376651405116e-04
1.988000000000e+03 7.186642948349e-04
1.988500000000e+03 1.005522540514e-03
1.989000000000e+03 1.213985001417e-03
1.989500000000e+03 1.276574798120e-03
1.990000000000e+03 1.170946262955e-03
1.990500000000e+03 9.295527499635e-04
1.991000000000e+03 6.260625993117e-04
1.991500000000e+03 3.448836119674e-04
1.992000000000e+03 1.479819401035e-04
1.992500000000e+03 5.410896877040e-05
1.993000000000e+03 3.919077131858e-05
1.993500000000e+03 5.618844655189e-05
1.994000000000e+03 6.339117952982e-05
1.994500000000e+03 4.644975103940e-05
1.995000000000e+03 2.321714977270e-05
1.995500000000e+03 2.964455664378e-05
1.996000000000e+03 9.489767892223e-05
1.996500000000e+03 2.194827800219e-04
1.997000000000e+03 3.686583495752e-04
1.997500000000e+03 4.855198609171e-04
1.998000000000e+03 5.178701808175e-04
1.998500000000e+03 4.455422718922e-04
1.999000000000e+03 2.940479486606e-04
1.999500000000e+03 1.267916056211e-04
2.000000000000e+03 1.852430753125e-05
