# t_fs photon_number total_excited_population excited_per_molecule total_excitation Z ReP ImP
0.000000000000000000e+00 1.000000000000000000e+00 0.000000000000000000e+00 0.000000000000000000e+00 1.000000000000000000e+00 1.000000000000000000e+00 0.000000000000000000e+00 0.000000000000000000e+00
5.000000000000000278e-02 9.999422969913989157e-01 5.770300860102883789e-05 1.154060172020576758e-05 1.000000000000000000e+00 9.999538381258622488e-01 1.154046853443824836e-05 0.000000000000000000e+00
1.000000000000000056e-01 9.997692039477912296e-01 2.307960522091034861e-04 4.615921044182069721e-05 1.000000000000000444e+00 9.998153716802234969e-01 4.615707994410940941e-05 0.000000000000000000e+00
1.500000000000000222e-01 9.994807688072100404e-01 5.192311927901260837e-04 1.038462385580252167e-04 1.000000000000000222e+00 9.995846581821121735e-01 1.038354544719391378e-04 0.000000000000000000e+00
2.000000000000000111e-01 9.990770714419157095e-01 9.229285580844570624e-04 1.845857116168914125e-04 1.000000000000000222e+00 9.992617934410003011e-01 1.845516397499006808e-04 0.000000000000000000e+00
2.500000000000000000e-01 9.985582236297486647e-01 1.441776370251501849e-03 2.883552740503003697e-04 1.000000000000000222e+00 9.988469114967801765e-01 2.882721258049215007e-04 0.000000000000000000e+00
3.000000000000000444e-01 9.979243689973589237e-01 2.075631002641242784e-03 4.151262005282485568e-04 1.000000000000000222e+00 9.983401845179229461e-01 4.149538705192343572e-04 0.000000000000000000e+00
3.500000000000000333e-01 9.971756829546883916e-01 2.824317045312108032e-03 5.648634090624216064e-04 1.000000000000000444e+00 9.977418226459842110e-01 5.645443385039072446e-04 0.000000000000000000e+00
4.000000000000000222e-01 9.963123726323092066e-01 3.687627367691126423e-03 7.375254735382252846e-04 1.000000000000000444e+00 9.970520738765733526e-01 7.369815308566416822e-04 0.000000000000000000e+00
4.500000000000000111e-01 9.953346767851578569e-01 4.665323214842476141e-03 9.330646429684952281e-04 1.000000000000000444e+00 9.962712238685276223e-01 9.321940328680573557e-04 0.000000000000000000e+00
5.000000000000000000e-01 9.942428656657085195e-01 5.757134334291591493e-03 1.151426866858318299e-03 1.000000000000000000e+00 9.953995956683503454e-01 1.150101082912397595e-03 0.000000000000000000e+00
5.500000000000000444e-01 9.930372409395170630e-01 6.962759060483159068e-03 1.392551812096631814e-03 1.000000000000000222e+00 9.944375495449438995e-01 1.390612613763997796e-03 0.000000000000000000e+00
6.000000000000000888e-01 9.917181355579931523e-01 8.281864442007125238e-03 1.656372888401425048e-03 1.000000000000000222e+00 9.933854827318056024e-01 1.653629317048573369e-03 0.000000000000000000e+00
6.500000000000000222e-01 9.902859135542461111e-01 9.714086445753999932e-03 1.942817289150799986e-03 1.000000000000000000e+00 9.922438290015672679e-01 1.939042749608149404e-03 0.000000000000000000e+00
7.000000000000000666e-01 9.887409699410683039e-01 1.125903005893186259e-02 2.251806011786372519e-03 1.000000000000000222e+00 9.910130584631953177e-01 2.246735384201149332e-03 0.000000000000000000e+00
7.500000000000000000e-01 9.870837305527413452e-01 1.291626944725898785e-02 2.583253889451797569e-03 1.000000000000000444e+00 9.896936772378085445e-01 2.576580690547837851e-03 0.000000000000000000e+00
8.000000000000000444e-01 9.853146518049626934e-01 1.468534819503763966e-02 2.937069639007527933e-03 1.000000000000000444e+00 9.882862269627565865e-01 2.928443259310849894e-03 0.000000000000000000e+00
8.500000000000000888e-01 9.834342204977924995e-01 1.656577950220783357e-02 3.313155900441566715e-03 1.000000000000000444e+00 9.867912844042823206e-01 3.302178898929412909e-03 0.000000000000000000e+00
9.000000000000000222e-01 9.814429536617144123e-01 1.855704633828614281e-02 3.711409267657228561e-03 1.000000000000000444e+00 9.852094611443126260e-01 3.697634713921835702e-03 0.000000000000000000e+00
9.500000000000000666e-01 9.793413983496028763e-01 2.065860165039762331e-02 4.131720330079524661e-03 1.000000000000000444e+00 9.835414031332782026e-01 4.114649216680432015e-03 0.000000000000000000e+00
1.000000000000000000e+00 9.771301312590321420e-01 2.286986874096813560e-02 4.573973748193627120e-03 1.000000000000000222e+00 9.817877899560571997e-01 4.553052510985688799e-03 0.000000000000000000e+00
1.050000000000000044e+00 9.748097586089584654e-01 2.519024139104181215e-02 5.038048278208362429e-03 1.000000000000000222e+00 9.799493345923742105e-01 5.012666351906452586e-03 0.000000000000000000e+00
1.100000000000000089e+00 9.723809159042549055e-01 2.761908409574548307e-02 5.523816819149096613e-03 1.000000000000000444e+00 9.780267829116746636e-01 5.493304272081321084e-03 0.000000000000000000e+00
1.150000000000000133e+00 9.698442676046199473e-01 3.015573239538021921e-02 6.031146479076043843e-03 1.000000000000000222e+00 9.760209130053564275e-01 5.994771748660888792e-03 0.000000000000000000e+00
1.200000000000000178e+00 9.672005067510081044e-01 3.279949324899222862e-02 6.559898649798445724e-03 1.000000000000000444e+00 9.739325344844442789e-01 6.516866378888922472e-03 0.000000000000000000e+00
1.250000000000000000e+00 9.644503548215478395e-01 3.554964517845260463e-02 7.109929035690520926e-03 1.000000000000000444e+00 9.717624881900555067e-01 7.059377952486112044e-03 0.000000000000000000e+00
1.300000000000000044e+00 9.615945614568395250e-01 3.840543854316091910e-02 7.681087708632183819e-03 1.000000000000000444e+00 9.695116455816162881e-01 7.622088604595908881e-03 0.000000000000000000e+00
1.350000000000000089e+00 9.586339039738526191e-01 4.136609602614776948e-02 8.273219205229553896e-03 1.000000000000000444e+00 9.671809078184313568e-01 8.204773045392134770e-03 0.000000000000000000e+00
1.400000000000000133e+00 9.555691870565714563e-01 4.443081294342898779e-02 8.886162588685797559e-03 1.000000000000000444e+00 9.647712051889218987e-01 8.807198702769506241e-03 0.000000000000000000e+00
1.450000000000000178e+00 9.524012425365354639e-01 4.759875746346509118e-02 9.519751492693018236e-03 1.000000000000000444e+00 9.622834966614011165e-01 9.429125834649710464e-03 0.000000000000000000e+00
1.500000000000000000e+00 9.491309291185464625e-01 5.086907088145409261e-02 1.017381417629081852e-02 1.000000000000000444e+00 9.597187692599223885e-01 1.007030768501938033e-02 0.000000000000000000e+00
1.550000000000000044e+00 9.457591317344061776e-01 5.424086826559426644e-02 1.084817365311885329e-02 1.000000000000000444e+00 9.570780368923050840e-01 1.073049077692371858e-02 0.000000000000000000e+00
1.600000000000000089e+00 9.422867612970128315e-01 5.771323870298772363e-02 1.154264774059754473e-02 1.000000000000000444e+00 9.543623399038860811e-01 1.140941502402846933e-02 0.000000000000000000e+00
1.650000000000000133e+00 9.387147544173795044e-01 6.128524558262099520e-02 1.225704911652419904e-02 1.000000000000000444e+00 9.515727444953163694e-01 1.210681387617086949e-02 0.000000000000000000e+00
1.700000000000000178e+00 9.350440731148569329e-01 6.495592688514351121e-02 1.299118537702870224e-02 1.000000000000000444e+00 9.487103420671261222e-01 1.282241448321845383e-02 0.000000000000000000e+00
1.750000000000000000e+00 9.312757040568718780e-01 6.872429594312862156e-02 1.374485918862572431e-02 1.000000000000000444e+00 9.457762478830215036e-01 1.355593802924458940e-02 0.000000000000000000e+00
1.800000000000000044e+00 9.274106583338179721e-01 7.258934166618269401e-02 1.451786833323653880e-02 1.000000000000000666e+00 9.427716006689725869e-01 1.430709983275683939e-02 0.000000000000000000e+00
1.850000000000000089e+00 9.234499711381345399e-01 7.655002886186590416e-02 1.531000577237318083e-02 1.000000000000000444e+00 9.396975619589118534e-01 1.507560951027203319e-02 0.000000000000000000e+00
1.900000000000000133e+00 9.193947014656277394e-01 8.060529853437276016e-02 1.612105970687455203e-02 1.000000000000000444e+00 9.365553154166120775e-01 1.586117114584697715e-02 0.000000000000000000e+00
1.950000000000000178e+00 9.152459312638192568e-01 8.475406873618140935e-02 1.695081374723628187e-02 1.000000000000000666e+00 9.333460653817318153e-01 1.666348365456702188e-02 0.000000000000000000e+00
2.000000000000000000e+00 9.110047651842140271e-01 8.899523481578658357e-02 1.779904696315731671e-02 1.000000000000000666e+00 9.300710364390558649e-01 1.748224089023599215e-02 0.000000000000000000e+00
2.050000000000000266e+00 9.066723302570230958e-01 9.332766974297745932e-02 1.866553394859549186e-02 1.000000000000000444e+00 9.267314727719422329e-01 1.831713180701441401e-02 0.000000000000000000e+00
2.100000000000000089e+00 9.022497755885594550e-01 9.775022441144115559e-02 1.955004488228823112e-02 1.000000000000000666e+00 9.233286374581320954e-01 1.916784063546695879e-02 0.000000000000000000e+00
2.149999999999999911e+00 8.977382714549947407e-01 1.022617285450055924e-01 2.045234570900111848e-02 1.000000000000000444e+00 9.198638109693031417e-01 2.003404725767418681e-02 0.000000000000000000e+00
2.200000000000000178e+00 8.931390089623739703e-01 1.068609910376264183e-01 2.137219820752528365e-02 1.000000000000000444e+00 9.163382905967152325e-01 2.091542735082117799e-02 0.000000000000000000e+00
2.250000000000000000e+00 8.884531997828334360e-01 1.115468002171671191e-01 2.230936004343342383e-02 1.000000000000000444e+00 9.127533899454708388e-01 2.181165251363225907e-02 0.000000000000000000e+00
2.300000000000000266e+00 8.836820757907662971e-01 1.163179242092343690e-01 2.326358484184687381e-02 1.000000000000000666e+00 9.091104381000596479e-01 2.272239047498508108e-02 0.000000000000000000e+00
2.350000000000000089e+00 8.788268882305688701e-01 1.211731117694317406e-01 2.423462235388634811e-02 1.000000000000000666e+00 9.054107782879236010e-01 2.364730542801909280e-02 0.000000000000000000e+00
2.400000000000000355e+00 8.738889071632105487e-01 1.261110928367900619e-01 2.522221856735801238e-02 1.000000000000000666e+00 9.016557669763680671e-01 2.458605825590795199e-02 0.000000000000000000e+00
2.450000000000000178e+00 8.688694213078086426e-01 1.311305786921918015e-01 2.622611573843836030e-02 1.000000000000000444e+00 8.978467735835810037e-01 2.553830660410470743e-02 0.000000000000000000e+00
2.500000000000000000e+00 8.637697375880678541e-01 1.362302624119327010e-01 2.724605248238654021e-02 1.000000000000000444e+00 8.939851795006089619e-01 2.650370512484773178e-02 0.000000000000000000e+00
2.550000000000000266e+00 8.585911805116086537e-01 1.414088194883919569e-01 2.828176389767839138e-02 1.000000000000000666e+00 8.900723770903832266e-01 2.748190572740415172e-02 0.000000000000000000e+00
2.600000000000000089e+00 8.533350912991730652e-01 1.466649087008273233e-01 2.933298174016546467e-02 1.000000000000000444e+00 8.861097683312779694e-01 2.847255791718047296e-02 0.000000000000000000e+00
2.650000000000000355e+00 8.480028277998159503e-01 1.519971722001844938e-01 3.039943444003689876e-02 1.000000000000000444e+00 8.820987646747825428e-01 2.947530883130432960e-02 0.000000000000000000e+00
2.700000000000000178e+00 8.425957639914565256e-01 1.574042360085439740e-01 3.148084720170879480e-02 1.000000000000000444e+00 8.780407860679153575e-01 3.048980348302111898e-02 0.000000000000000000e+00
2.750000000000000000e+00 8.371152896379565611e-01 1.628847103620437164e-01 3.257694207240874329e-02 1.000000000000000222e+00 8.739372603017296903e-01 3.151568492456754272e-02 0.000000000000000000e+00
2.800000000000000266e+00 8.315628091220008677e-01 1.684371908779994098e-01 3.368743817559988196e-02 1.000000000000000222e+00 8.697896212897138213e-01 3.255259467757151692e-02 0.000000000000000000e+00
2.850000000000000089e+00 8.259397412757220058e-01 1.740602587242784383e-01 3.481205174485568765e-02 1.000000000000000444e+00 8.655993088062394758e-01 3.360017279844011717e-02 0.000000000000000000e+00
2.900000000000000355e+00 8.202475190099244307e-01 1.797524809900757914e-01 3.595049619801515828e-02 1.000000000000000222e+00 8.613677678384294989e-01 3.465805804039259752e-02 0.000000000000000000e+00
2.950000000000000178e+00 8.144875890151050957e-01 1.855124109848951819e-01 3.710248219697903638e-02 1.000000000000000222e+00 8.570964478845414236e-01 3.572588802886460940e-02 0.000000000000000000e+00
3.000000000000000000e+00 8.086614107290360787e-01 1.913385892709643099e-01 3.826771785419286198e-02 1.000000000000000444e+00 8.527868015161841342e-01 3.680329962095394564e-02 0.000000000000000000e+00
3.050000000000000266e+00 8.027704557307421274e-01 1.972295442692581502e-01 3.944590885385163004e-02 1.000000000000000222e+00 8.484402834991708886e-01 3.788992912520724315e-02 0.000000000000000000e+00
3.100000000000000089e+00 7.968162076377087732e-01 2.031837923622917264e-01 4.063675847245834527e-02 1.000000000000000444e+00 8.440583506312189233e-01 3.898541234219522755e-02 0.000000000000000000e+00
3.150000000000000355e+00 7.908001615820585695e-01 2.091998384179419301e-01 4.183996768358838603e-02 1.000000000000000444e+00 8.396424607559982434e-01 4.008938481100039058e-02 0.000000000000000000e+00
3.200000000000000178e+00 7.847238238156725165e-01 2.152761761843280386e-01 4.305523523686560772e-02 1.000000000000000444e+00 8.351940721480584084e-01 4.120148196298534932e-02 0.000000000000000000e+00
3.250000000000000000e+00 7.785887104866854314e-01 2.214112895133149572e-01 4.428225790266299144e-02 1.000000000000000444e+00 8.307146418748910799e-01 4.232133953127719533e-02 0.000000000000000000e+00
3.300000000000000266e+00 7.723963475256961919e-01 2.276036524743041412e-01 4.552073049486082823e-02 1.000000000000000444e+00 8.262056256359086026e-01 4.344859359102282159e-02 0.000000000000000000e+00
3.350000000000000089e+00 7.661482702829842673e-01 2.338517297170161768e-01 4.677034594340323537e-02 1.000000000000000444e+00 8.216684771927910136e-01 4.458288070180220497e-02 0.000000000000000000e+00
3.400000000000000355e+00 7.598460232421242466e-01 2.401539767578761420e-01 4.803079535157522839e-02 1.000000000000000444e+00 8.171046477241803441e-01 4.572383806895487235e-02 0.000000000000000000e+00
3.450000000000000178e+00 7.534911590289273819e-01 2.465088409710730621e-01 4.930176819421461243e-02 1.000000000000000444e+00 8.125155846101093093e-01 4.687110384747264491e-02 0.000000000000000000e+00
3.500000000000000000e+00 7.470852376701004882e-01 2.529147623298999559e-01 5.058295246597999117e-02 1.000000000000000444e+00 8.079027304732702142e-01 4.802431738168241177e-02 0.000000000000000000e+00
3.550000000000000266e+00 7.406298265536017666e-01 2.593701734463987885e-01 5.187403468927975769e-02 1.000000000000000444e+00 8.032675231254328141e-01 4.918311921864174097e-02 0.000000000000000000e+00
3.600000000000000089e+00 7.341264998871473990e-01 2.658735001128531561e-01 5.317470002257063122e-02 1.000000000000000444e+00 7.986113947151496362e-01 5.034715132121256320e-02 0.000000000000000000e+00
3.650000000000000355e+00 7.275768385550862583e-01 2.724231614449140748e-01 5.448463228898281496e-02 1.000000000000000444e+00 7.939357714109689379e-01 5.151605714725773083e-02 0.000000000000000000e+00
3.700000000000000178e+00 7.209824287521874320e-01 2.790175712478129566e-01 5.580351424956259132e-02 1.000000000000000444e+00 7.892420718221164755e-01 5.268948204447083949e-02 0.000000000000000000e+00
3.750000000000000000e+00 7.143448616958771868e-01 2.856551383041233683e-01 5.713102766082467365e-02 1.000000000000000444e+00 7.845317066462585975e-01 5.386707333843529510e-02 0.000000000000000000e+00
3.800000000000000266e+00 7.076657334957213719e-01 2.923342665042791277e-01 5.846685330085582555e-02 1.000000000000000444e+00 7.798060785018307017e-01 5.504848037454228293e-02 0.000000000000000000e+00
3.850000000000000089e+00 7.009466446639233128e-01 2.990533553360771868e-01 5.981067106721543736e-02 1.000000000000000444e+00 7.750665811457544407e-01 5.623335471356136206e-02 0.000000000000000000e+00
3.900000000000000355e+00 6.941891997771942879e-01 3.058108002228060451e-01 6.116216004456120903e-02 1.000000000000000444e+00 7.703145990680773103e-01 5.742135023298062385e-02 0.000000000000000000e+00
3.950000000000000178e+00 6.873950061930157451e-01 3.126049938069846990e-01 6.252099876139693979e-02 1.000000000000000444e+00 7.655515061081964445e-01 5.861212347295086111e-02 0.000000000000000000e+00
4.000000000000000000e+00 6.805656739483606499e-01 3.194343260516396832e-01 6.388686521032793664e-02 1.000000000000000444e+00 7.607786653388551867e-01 5.980533366528616168e-02 0.000000000000000000e+00
4.049999999999999822e+00 6.737028155392211781e-01 3.262971844607792660e-01 6.525943689215585319e-02 1.000000000000000444e+00 7.559974288054845948e-01 6.100064279862880967e-02 0.000000000000000000e+00
4.100000000000000533e+00 6.668080455578002663e-01 3.331919544422001778e-01 6.663839088844003555e-02 1.000000000000000444e+00 7.512091369405912156e-01 6.219771576485218223e-02 0.000000000000000000e+00
4.150000000000000355e+00 6.598829801307641851e-01 3.401170198692360369e-01 6.802340397384720738e-02 1.000000000000000222e+00 7.464151180272057262e-01 6.339622049319854069e-02 0.000000000000000000e+00
4.200000000000000178e+00 6.529292358182910982e-01 3.470707641817091793e-01 6.941415283634183586e-02 1.000000000000000222e+00 7.416166871134667327e-01 6.459582822163328908e-02 0.000000000000000000e+00
4.250000000000000000e+00 6.459484295807478293e-01 3.540515704192526147e-01 7.081031408385052295e-02 1.000000000000000444e+00 7.368151459776708379e-01 6.579621350558226278e-02 0.000000000000000000e+00
4.299999999999999822e+00 6.389421785073641225e-01 3.610578214926363216e-01 7.221156429852726433e-02 1.000000000000000444e+00 7.320117828455307007e-01 6.699705428861731094e-02 0.000000000000000000e+00
4.350000000000000533e+00 6.319120995687319553e-01 3.680879004312684333e-01 7.361758008625368666e-02 1.000000000000000444e+00 7.272078719959143012e-01 6.819803200102141083e-02 0.000000000000000000e+00
4.400000000000000355e+00 6.248598089259480570e-01 3.751401910740523316e-01 7.502803821481046631e-02 1.000000000000000444e+00 7.224046731871416327e-01 6.939883170321456407e-02 0.000000000000000000e+00
4.450000000000000178e+00 6.177869209667311567e-01 3.822130790332692318e-01 7.644261580665384637e-02 1.000000000000000444e+00 7.176034308129283223e-01 7.059914229676790554e-02 0.000000000000000000e+00
4.500000000000000000e+00 6.106950482924562440e-01 3.893049517075442001e-01 7.786099034150884002e-02 1.000000000000000444e+00 7.128053738903444847e-01 7.179865652741383719e-02 0.000000000000000000e+00
4.549999999999999822e+00 6.035858014510795400e-01 3.964141985489208486e-01 7.928283970978416972e-02 1.000000000000000444e+00 7.080117158290958335e-01 7.299707104272602776e-02 0.000000000000000000e+00
4.600000000000000533e+00 5.964607887483233117e-01 4.035392112516769658e-01 8.070784225033539316e-02 1.000000000000000222e+00 7.032236541707821420e-01 7.419408645730442287e-02 0.000000000000000000e+00
4.650000000000000355e+00 5.893216155680955914e-01 4.106783844319047971e-01 8.213567688638095943e-02 1.000000000000000444e+00 6.984423700993238615e-01 7.538940747516900687e-02 0.000000000000000000e+00
4.700000000000000178e+00 5.821698834519564159e-01 4.178301165480438617e-01 8.356602330960877234e-02 1.000000000000000222e+00 6.936690277526164072e-01 7.658274306184587044e-02 0.000000000000000000e+00
4.750000000000000000e+00 5.750071900885703746e-01 4.249928099114300140e-01 8.499856198228600279e-02 1.000000000000000444e+00 6.889047742142666575e-01 7.777380644643329399e-02 0.000000000000000000e+00
4.800000000000000711e+00 5.678351290979659627e-01 4.321648709020342594e-01 8.643297418040685187e-02 1.000000000000000222e+00 6.841507393737935594e-01 7.896231515655158240e-02 0.000000000000000000e+00
4.850000000000000533e+00 5.606552898413881270e-01 4.393447101586120396e-01 8.786894203172240791e-02 1.000000000000000222e+00 6.794080357610055021e-01 8.014799105974861060e-02 0.000000000000000000e+00
4.900000000000000355e+00 5.534692568880155150e-01 4.465307431119847070e-01 8.930614862239694141e-02 1.000000000000000222e+00 6.746777582169377618e-01 8.133056044576553179e-02 0.000000000000000000e+00
4.950000000000000178e+00 5.462786090521282167e-01 4.537213909478718388e-01 9.074427818957436775e-02 1.000000000000000000e+00 6.699609833114557045e-01 8.250975417213606000e-02 0.000000000000000000e+00
5.000000000000000000e+00 5.390849193729396749e-01 4.609150806270606582e-01 9.218301612541213164e-02 1.000000000000000444e+00 6.652587693308307237e-01 8.368530766729230519e-02 0.000000000000000000e+00
5.050000000000000711e+00 5.318897549736195662e-01 4.681102450263804893e-01 9.362204900527609785e-02 1.000000000000000000e+00 6.605721562216637643e-01 8.485696094458400340e-02 0.000000000000000000e+00
5.100000000000000533e+00 5.246946768356021140e-01 4.753053231643977750e-01 9.506106463287955499e-02 9.999999999999998890e-01 6.559021655250361071e-01 8.602445861874093158e-02 0.000000000000000000e+00
5.150000000000000355e+00 5.175012395034815915e-01 4.824987604965183530e-01 9.649975209930367059e-02 1.000000000000000000e+00 6.512498002163320532e-01 8.718754994591695895e-02 0.000000000000000000e+00
5.200000000000000178e+00 5.103109900405233823e-01 4.896890099594766732e-01 9.793780199189533464e-02 1.000000000000000000e+00 6.466160442328025004e-01 8.834598894179933326e-02 0.000000000000000000e+00
5.250000000000000000e+00 5.031254679776078209e-01 4.968745320223921791e-01 9.937490640447843582e-02 1.000000000000000000e+00 6.420018624515452244e-01 8.949953438711365228e-02 0.000000000000000000e+00
5.300000000000000711e+00 4.959462052447930480e-01 5.040537947552070630e-01 1.008107589510414126e-01 1.000000000000000000e+00 6.374082006810672940e-01 9.064794982973314874e-02 0.000000000000000000e+00
5.350000000000000533e+00 4.887747259103575881e-01 5.112252740896425784e-01 1.022450548179285046e-01 1.000000000000000222e+00 6.328359857141616640e-01 9.179100357145955624e-02 0.000000000000000000e+00
5.400000000000000355e+00 4.816125461466239654e-01 5.183874538533761456e-01 1.036774907706752291e-01 1.000000000000000000e+00 6.282861253045054495e-01 9.292846867387359600e-02 0.000000000000000000e+00
5.450000000000000178e+00 4.744611731389773435e-01 5.255388268610226010e-01 1.051077653722045091e-01 1.000000000000000000e+00 6.237595078400155479e-01 9.406012303999607138e-02 0.000000000000000000e+00
5.500000000000000000e+00 4.673221049635446489e-01 5.326778950364552401e-01 1.065355790072910480e-01 9.999999999999998890e-01 6.192570023140762103e-01 9.518574942148091966e-02 0.000000000000000000e+00
5.550000000000000711e+00 4.601968305699981610e-01 5.398031694300020611e-01 1.079606338860004122e-01 1.000000000000000222e+00 6.147794583282581993e-01 9.630513541793540855e-02 0.000000000000000000e+00
5.600000000000000533e+00 4.530868295220757958e-01 5.469131704779242042e-01 1.093826340955848520e-01 1.000000000000000000e+00 6.103277062503836836e-01 9.741807343740403746e-02 0.000000000000000000e+00
5.650000000000000355e+00 4.459935721501018802e-01 5.540064278498981754e-01 1.108012855699796462e-01 1.000000000000000000e+00 6.059025573080222271e-01 9.852436067299440159e-02 0.000000000000000000e+00
5.700000000000000178e+00 4.389185185481845330e-01 5.610814814518155780e-01 1.122162962903631156e-01 1.000000000000000000e+00 6.015048034254637521e-01 9.962379914363402034e-02 0.000000000000000000e+00
5.750000000000000000e+00 4.318631183147836339e-01 5.681368816852163661e-01 1.136273763370432843e-01 1.000000000000000000e+00 5.971352172156259019e-01 1.007161956960934829e-01 0.000000000000000000e+00
5.800000000000000711e+00 4.248288105527103231e-01 5.751711894472897324e-01 1.150342378894579354e-01 1.000000000000000000e+00 5.927945519800538188e-01 1.018013620049865176e-01 0.000000000000000000e+00
5.850000000000000533e+00 4.178170236964747764e-01 5.821829763035252236e-01 1.164365952607050447e-01 1.000000000000000000e+00 5.884835418889604597e-01 1.028791145277598434e-01 0.000000000000000000e+00
5.900000000000000355e+00 4.108291756434573894e-01 5.891708243565424441e-01 1.178341648713084888e-01 9.999999999999997780e-01 5.842029022489133583e-01 1.039492744377716049e-01 0.000000000000000000e+00
5.950000000000000178e+00 4.038666730933275217e-01 5.961333269066724228e-01 1.192266653813344734e-01 1.000000000000000000e+00 5.799533294299888952e-01 1.050116676425027207e-01 0.000000000000000000e+00
6.000000000000000000e+00 3.969309110585729772e-01 6.030690889414269673e-01 1.206138177882853935e-01 1.000000000000000000e+00 5.757355009547233671e-01 1.060661247613191027e-01 0.000000000000000000e+00
6.050000000000000711e+00 3.900232728643343028e-01 6.099767271356657528e-01 1.219953454271331394e-01 1.000000000000000000e+00 5.715500754981840403e-01 1.071124811254539344e-01 0.000000000000000000e+00
6.100000000000000533e+00 3.831451300778924152e-01 6.168548699221076959e-01 1.233709739844215392e-01 1.000000000000000000e+00 5.673976929994754004e-01 1.081505767501310944e-01 0.000000000000000000e+00
6.150000000000000355e+00 3.762978425275104177e-01 6.237021574724896933e-01 1.247404314944979276e-01 1.000000000000000000e+00 5.632789751403116663e-01 1.091802562149220418e-01 0.000000000000000000e+00
6.200000000000000178e+00 3.694827580775330578e-01 6.305172419224669422e-01 1.261034483844933884e-01 1.000000000000000000e+00 5.591945252878476325e-01 1.102013686780380503e-01 0.000000000000000000e+00
6.250000000000000000e+00 3.627012119356332609e-01 6.372987880643667946e-01 1.274597576128733700e-01 1.000000000000000000e+00 5.551449287402332455e-01 1.112137678149416331e-01 0.000000000000000000e+00
6.300000000000000711e+00 3.559545266236648908e-01 6.440454733763351092e-01 1.288090946752670218e-01 1.000000000000000000e+00 5.511307527465351130e-01 1.122173118133661940e-01 0.000000000000000000e+00
6.350000000000000533e+00 3.492440119601427084e-01 6.507559880398572361e-01 1.301511976079714472e-01 1.000000000000000000e+00 5.471525465421074319e-01 1.132118633644730865e-01 0.000000000000000000e+00
6.400000000000000355e+00 3.425709650145876140e-01 6.574290349854122750e-01 1.314858069970824550e-01 9.999999999999998890e-01 5.432108419085054374e-01 1.141972895228735990e-01 0.000000000000000000e+00
6.450000000000000178e+00 3.359366702026257423e-01 6.640633297973741467e-01 1.328126659594748293e-01 9.999999999999998890e-01 5.393061532177433337e-01 1.151734616955641249e-01 0.000000000000000000e+00
6.500000000000000000e+00 3.293423985594908787e-01 6.706576014405091213e-01 1.341315202881018243e-01 1.000000000000000000e+00 5.354389777635817360e-01 1.161402555591045244e-01 0.000000000000000000e+00
6.550000000000000711e+00 3.227894076227569853e-01 6.772105923772429037e-01 1.354421184754485696e-01 9.999999999999998890e-01 5.316097958708695392e-01 1.170975510322825736e-01 0.000000000000000000e+00
6.600000000000000533e+00 3.162789414323098347e-01 6.837210585676900543e-01 1.367442117135380109e-01 9.999999999999998890e-01 5.278190708956109756e-01 1.180452322760972145e-01 0.000000000000000000e+00
6.650000000000000355e+00 3.098122304824511564e-01 6.901877695175486771e-01 1.380375539035097465e-01 9.999999999999997780e-01 5.240672496494160892e-01 1.189831875876459499e-01 0.000000000000000000e+00
6.700000000000000178e+00 3.033904919295141167e-01 6.966095080704859388e-01 1.393219016140971878e-01 1.000000000000000000e+00 5.203547627625090266e-01 1.199113093093727156e-01 0.000000000000000000e+00
6.750000000000000000e+00 2.970149290710709655e-01 7.029850709289289235e-01 1.405970141857857958e-01 9.999999999999998890e-01 5.166820248722986397e-01 1.208294937819253123e-01 0.000000000000000000e+00
6.800000000000000711e+00 2.906867310708711183e-01 7.093132689291287152e-01 1.418626537858257430e-01 9.999999999999997780e-01 5.130494349530843046e-01 1.217376412617288961e-01 0.000000000000000000e+00
6.850000000000000533e+00 2.844070729588420998e-01 7.155929270411578447e-01 1.431185854082315800e-01 1.000000000000000000e+00 5.094573763160562541e-01 1.226356559209858949e-01 0.000000000000000000e+00
6.900000000000000355e+00 2.781771156151236490e-01 7.218228843848764065e-01 1.443645768769752924e-01 1.000000000000000000e+00 5.059062167932736331e-01 1.235234458016815778e-01 0.000000000000000000e+00
6.950000000000000178e+00 2.719980059317443910e-01 7.280019940682556090e-01 1.456003988136511107e-01 1.000000000000000000e+00 5.023963094473400393e-01 1.244009226381649624e-01 0.000000000000000000e+00
7.000000000000000000e+00 2.658708766332379958e-01 7.341291233667621707e-01 1.468258246733524230e-01 1.000000000000000222e+00 4.989279925496575840e-01 1.252680018625856040e-01 0.000000000000000000e+00
7.050000000000000711e+00 2.597968458506126899e-01 7.402031541493871991e-01 1.480406308298774509e-01 9.999999999999998890e-01 4.955015901441263138e-01 1.261246024639683938e-01 0.000000000000000000e+00
7.100000000000000533e+00 2.537770171061409230e-01 7.462229828938591325e-01 1.492445965787718154e-01 1.000000000000000000e+00 4.921174120860128953e-01 1.269706469784967484e-01 0.000000000000000000e+00
7.150000000000000355e+00 2.478124793097473411e-01 7.521875206902526312e-01 1.504375041380505151e-01 1.000000000000000000e+00 4.887757540845754645e-01 1.278060614788561200e-01 0.000000000000000000e+00
7.200000000000000178e+00 2.419043068585320644e-01 7.580956931414678523e-01 1.516191386282935705e-01 9.999999999999998890e-01 4.854768984373140084e-01 1.286307753906714701e-01 0.000000000000000000e+00
7.250000000000000000e+00 2.360535597304501132e-01 7.639464402695497203e-01 1.527892880539099552e-01 9.999999999999997780e-01 4.822211140893978842e-01 1.294447214776505151e-01 0.000000000000000000e+00
7.300000000000000711e+00 2.302612830287813217e-01 7.697387169712186505e-01 1.539477433942437190e-01 1.000000000000000000e+00 4.790086572034844004e-01 1.302478356991288722e-01 0.000000000000000000e+00
7.350000000000000533e+00 2.245285069173962034e-01 7.754714930826036579e-01 1.550942986165207427e-01 9.999999999999998890e-01 4.758397713411863794e-01 1.310400571647034051e-01 0.000000000000000000e+00
7.400000000000000355e+00 2.188562466207554236e-01 7.811437533792444654e-01 1.562287506758489042e-01 9.999999999999998890e-01 4.727146874630714923e-01 1.318213281342321130e-01 0.000000000000000000e+00
7.450000000000000178e+00 2.132455024720923686e-01 7.867544975279078256e-01 1.573508995055815651e-01 1.000000000000000222e+00 4.696336244045137276e-01 1.325915938988715403e-01 0.000000000000000000e+00
7.500000000000000000e+00 2.076972601437628851e-01 7.923027398562371149e-01 1.584605479712474230e-01 1.000000000000000000e+00 4.665967893293866409e-01 1.333508026676533120e-01 0.000000000000000000e+00
7.550000000000000711e+00 2.022124903092458181e-01 7.977875096907540708e-01 1.595575019381508253e-01 9.999999999999998890e-01 4.636043779908485263e-01 1.340989055022878407e-01 0.000000000000000000e+00
7.600000000000000533e+00 1.967921484974521074e-01 8.032078515025478094e-01 1.606415703005095730e-01 9.999999999999998890e-01 4.606565751891795735e-01 1.348358562027050789e-01 0.000000000000000000e+00
7.650000000000000355e+00 1.914371750927157945e-01 8.085628249072842610e-01 1.617125649814568633e-01 1.000000000000000000e+00 4.577535547718680764e-01 1.355616113070329531e-01 0.000000000000000000e+00
7.700000000000000178e+00 1.861484953541530096e-01 8.138515046458472124e-01 1.627703009291694425e-01 1.000000000000000222e+00 4.548954798247953901e-01 1.362761300438011247e-01 0.000000000000000000e+00
7.750000000000000000e+00 1.809270196559240873e-01 8.190729803440760515e-01 1.638145960688152103e-01 1.000000000000000222e+00 4.520825034345568039e-01 1.369793741413607713e-01 0.000000000000000000e+00
7.800000000000000711e+00 1.757736433538452658e-01 8.242263566461549562e-01 1.648452713292309912e-01 1.000000000000000222e+00 4.493147686927603246e-01 1.376713078268098911e-01 0.000000000000000000e+00
7.850000000000000533e+00 1.706892465646953072e-01 8.293107534353048038e-01 1.658621506870609497e-01 1.000000000000000000e+00 4.465924093518508498e-01 1.383518976620372598e-01 0.000000000000000000e+00
7.900000000000000355e+00 1.656746941613422286e-01 8.343253058386579379e-01 1.668650611677315876e-01 1.000000000000000222e+00 4.439155498723083015e-01 1.390211125319228969e-01 0.000000000000000000e+00
7.950000000000000178e+00 1.607308357771389529e-01 8.392691642228613524e-01 1.678538328445722816e-01 1.000000000000000222e+00 4.412843054706485635e-01 1.396789236323378314e-01 0.000000000000000000e+00
8.000000000000000000e+00 1.558585059933975392e-01 8.441414940066027661e-01 1.688282988013205532e-01 1.000000000000000222e+00 4.386987828545928503e-01 1.403253042863517597e-01 0.000000000000000000e+00
8.050000000000000711e+00 1.510585244002361216e-01 8.489414755997642947e-01 1.697882951199528589e-01 1.000000000000000444e+00 4.361590802848863690e-01 1.409602299287783800e-01 0.000000000000000000e+00
8.099999999999999645e+00 1.463316953489195993e-01 8.536683046510806783e-01 1.707336609302161357e-01 1.000000000000000222e+00 4.336652881876381094e-01 1.415836779530904310e-01 0.000000000000000000e+00
8.150000000000000355e+00 1.416788079333948236e-01 8.583211920666053985e-01 1.716642384133210686e-01 1.000000000000000222e+00 4.312174893275096399e-01 1.421956276681225484e-01 0.000000000000000000e+00
8.200000000000001066e+00 1.371006359903882976e-01 8.628993640096118689e-01 1.725798728019223849e-01 1.000000000000000222e+00 4.288157588089533401e-01 1.427960602977616233e-01 0.000000000000000000e+00
8.250000000000000000e+00 1.325979382148613772e-01 8.674020617851387893e-01 1.734804123570277690e-01 1.000000000000000222e+00 4.264601645863667079e-01 1.433849588534082953e-01 0.000000000000000000e+00
8.300000000000000711e+00 1.281714583552565623e-01 8.718285416447435487e-01 1.743657083289487097e-01 1.000000000000000000e+00 4.241507677915646313e-01 1.439623080521088283e-01 0.000000000000000000e+00
8.349999999999999645e+00 1.238219249925272131e-01 8.761780750074730229e-01 1.752356150014945935e-01 1.000000000000000222e+00 4.218876230969169638e-01 1.445280942257707313e-01 0.000000000000000000e+00
8.400000000000000355e+00 1.195500515033196542e-01 8.804499484966804568e-01 1.760899896993360914e-01 1.000000000000000000e+00 4.196707790763896107e-01 1.450823052309025696e-01 0.000000000000000000e+00
8.450000000000001066e+00 1.153565360599742434e-01 8.846434639400260203e-01 1.769286927880052152e-01 1.000000000000000222e+00 4.175002782055448614e-01 1.456249304486137430e-01 0.000000000000000000e+00
8.500000000000000000e+00 1.112420616884951946e-01 8.887579383115049581e-01 1.777515876623009805e-01 1.000000000000000222e+00 4.153761571153938292e-01 1.461559607211515011e-01 0.000000000000000000e+00
8.550000000000000711e+00 1.072072965177955917e-01 8.927927034822045194e-01 1.785585406964408928e-01 1.000000000000000000e+00 4.132984471814366012e-01 1.466753882046407942e-01 0.000000000000000000e+00
8.599999999999999645e+00 1.032528936294348221e-01 8.967471063705654277e-01 1.793494212741130744e-01 1.000000000000000222e+00 4.112671746185377897e-01 1.471832063453654971e-01 0.000000000000000000e+00
8.650000000000000355e+00 9.937949100066471864e-02 9.006205089993355450e-01 1.801241017998670979e-01 1.000000000000000222e+00 4.092823609943833096e-01 1.476794097514041448e-01 0.000000000000000000e+00
8.700000000000001066e+00 9.558771150530172289e-02 9.044122884946983465e-01 1.808824576989396804e-01 1.000000000000000000e+00 4.073440232426147611e-01 1.481639941893462820e-01 0.000000000000000000e+00
8.750000000000000000e+00 9.187816294037717824e-02 9.081218370596231271e-01 1.816243674119246143e-01 1.000000000000000222e+00 4.054521737787541991e-01 1.486369565553114225e-01 0.000000000000000000e+00
8.800000000000000711e+00 8.825143826331746655e-02 9.117485617366827277e-01 1.823497123473365455e-01 1.000000000000000222e+00 4.036068211186841226e-01 1.490982947203289277e-01 0.000000000000000000e+00
8.849999999999999645e+00 8.470811553124954485e-02 9.152918844687507605e-01 1.830583768937501521e-01 1.000000000000000222e+00 4.018079699145472583e-01 1.495480075213631577e-01 0.000000000000000000e+00
8.900000000000000355e+00 8.124875782637265564e-02 9.187512421736274693e-01 1.837502484347254827e-01 1.000000000000000222e+00 4.000556214728001048e-01 1.499860946317999322e-01 0.000000000000000000e+00
8.950000000000001066e+00 7.787391325904630124e-02 9.221260867409539763e-01 1.844252173481907842e-01 1.000000000000000222e+00 3.983497738062939941e-01 1.504125565484264737e-01 0.000000000000000000e+00
9.000000000000000000e+00 7.458411497959276104e-02 9.254158850204075026e-01 1.850831770040815005e-01 1.000000000000000222e+00 3.966904216848954889e-01 1.508273945787760861e-01 0.000000000000000000e+00
9.050000000000000711e+00 7.137988137914130782e-02 9.286201186208589142e-01 1.857240237241717939e-01 1.000000000000000222e+00 3.950775571781336426e-01 1.512306107054665616e-01 0.000000000000000000e+00
9.099999999999999645e+00 6.826171609972482568e-02 9.317382839002754658e-01 1.863476567800551043e-01 1.000000000000000222e+00 3.935111697209447978e-01 1.516222075697637728e-01 0.000000000000000000e+00
9.150000000000000355e+00 6.523010795323379296e-02 9.347698920467664152e-01 1.869539784093532941e-01 1.000000000000000222e+00 3.919912465608325625e-01 1.520021883597918178e-01 0.000000000000000000e+00
9.200000000000001066e+00 6.228553092672187846e-02 9.377144690732783783e-01 1.875428938146556646e-01 1.000000000000000222e+00 3.905177728487972955e-01 1.523705567878006484e-01 0.000000000000000000e+00
9.250000000000000000e+00 5.942844418814390711e-02 9.405715558118563635e-01 1.881143111623712616e-01 1.000000000000000222e+00 3.890907316630259349e-01 1.527273170842434746e-01 0.000000000000000000e+00
9.300000000000000711e+00 5.665929225138780639e-02 9.433407077486124503e-01 1.886681415497225012e-01 1.000000000000000222e+00 3.877101044524020601e-01 1.530724738868994572e-01 0.000000000000000000e+00
9.349999999999999645e+00 5.397850502444327681e-02 9.460214949755568759e-01 1.892042989951113752e-01 1.000000000000000222e+00 3.863758711419498781e-01 1.534060322145124888e-01 0.000000000000000000e+00
9.400000000000000355e+00 5.138649773270047988e-02 9.486135022672997907e-01 1.897227004534599581e-01 1.000000000000000222e+00 3.850880104908487866e-01 1.537279973772877895e-01 0.000000000000000000e+00
9.450000000000001066e+00 4.888367092592392493e-02 9.511163290740762832e-01 1.902232658148152455e-01 1.000000000000000222e+00 3.838465002016530070e-01 1.540383749495867205e-01 0.000000000000000000e+00
9.500000000000000000e+00 4.647041048222791404e-02 9.535295895177725578e-01 1.907059179035545116e-01 1.000000000000000444e+00 3.826513169355088562e-01 1.543371707661227721e-01 0.000000000000000000e+00
9.550000000000000711e+00 4.414708774811722247e-02 9.558529122518830690e-01 1.911705824503766027e-01 1.000000000000000222e+00 3.815024366727118865e-01 1.546243908318220006e-01 0.000000000000000000e+00
9.600000000000001421e+00 4.191405959228083900e-02 9.580859404077196606e-01 1.916171880815439321e-01 1.000000000000000444e+00 3.803998348294496124e-01 1.549000412926375692e-01 0.000000000000000000e+00
9.650000000000000355e+00 3.977166834076937413e-02 9.602283316592310491e-01 1.920456663318462209e-01 1.000000000000000444e+00 3.793434865406844492e-01 1.551641283648288738e-01 0.000000000000000000e+00
9.700000000000001066e+00 3.772024178455071070e-02 9.622797582154496432e-01 1.924559516430899286e-01 1.000000000000000444e+00 3.783333667586580296e-01 1.554166583103354649e-01 0.000000000000000000e+00
9.750000000000000000e+00 3.576009318435658529e-02 9.642399068156437547e-01 1.928479813631287509e-01 1.000000000000000444e+00 3.773694502693120678e-01 1.556576374326719692e-01 0.000000000000000000e+00
9.800000000000000711e+00 3.389152139711061607e-02 9.661084786028897309e-01 1.932216957205779573e-01 1.000000000000000444e+00 3.764517119933336042e-01 1.558870720016665989e-01 0.000000000000000000e+00
9.850000000000001421e+00 3.211481090919739156e-02 9.678851890908030109e-01 1.935770378181606022e-01 1.000000000000000444e+00 3.755801270823805327e-01 1.561049682294048391e-01 0.000000000000000000e+00
9.900000000000000355e+00 3.043023178874345105e-02 9.695697682112569549e-01 1.939139536422513910e-01 1.000000000000000444e+00 3.747546711436530731e-01 1.563113322140867179e-01 0.000000000000000000e+00
9.950000000000001066e+00 2.883803969221784488e-02 9.711619603077825680e-01 1.942323920615565136e-01 1.000000000000000444e+00 3.739753203054890784e-01 1.565061699236277304e-01 0.000000000000000000e+00
1.000000000000000000e+01 2.733847587357336392e-02 9.726615241264271461e-01 1.945323048252854403e-01 1.000000000000000444e+00 3.732420512435293269e-01 1.566894871891176544e-01 0.000000000000000000e+00
1.005000000000000071e+01 2.593176730150151960e-02 9.740682326984989592e-01 1.948136465396997918e-01 1.000000000000000444e+00 3.725548414317413348e-01 1.568612896420646385e-01 0.000000000000000000e+00
1.010000000000000142e+01 2.461812665594736299e-02 9.753818733440531297e-01 1.950763746688106148e-01 1.000000000000000444e+00 3.719136692043583103e-01 1.570215826989103947e-01 0.000000000000000000e+00
1.015000000000000036e+01 2.339775230133374004e-02 9.766022476986668810e-01 1.953204495397333762e-01 1.000000000000000666e+00 3.713185139222867637e-01 1.571703715194283091e-01 0.000000000000000000e+00
1.020000000000000107e+01 2.227082829071635670e-02 9.777291717092841949e-01 1.955458343418568501e-01 1.000000000000000444e+00 3.707693560015431489e-01 1.573076609996142128e-01 0.000000000000000000e+00
1.025000000000000000e+01 2.123752438609073298e-02 9.787624756139099436e-01 1.957524951227819776e-01 1.000000000000000666e+00 3.702661769606661046e-01 1.574334557598334738e-01 0.000000000000000000e+00
1.030000000000000071e+01 2.029799615460708279e-02 9.797020038453935209e-01 1.959404007690787042e-01 1.000000000000000666e+00 3.698089596065941564e-01 1.575477600983514470e-01 0.000000000000000000e+00
1.035000000000000142e+01 1.945238493019778997e-02 9.805476150698028137e-01 1.961095230139605627e-01 1.000000000000000666e+00 3.693976880686552500e-01 1.576505779828361875e-01 0.000000000000000000e+00
1.040000000000000036e+01 1.870081780784400849e-02 9.812991821921566160e-01 1.962598364384313121e-01 1.000000000000000666e+00 3.690323478948891456e-01 1.577419130262776858e-01 0.000000000000000000e+00
1.045000000000000107e+01 1.804340764502924618e-02 9.819565923549711250e-01 1.963913184709942250e-01 1.000000000000000444e+00 3.687129260575230938e-01 1.578217684856192127e-01 0.000000000000000000e+00
1.050000000000000000e+01 1.748025310486423303e-02 9.825197468951363255e-01 1.965039493790272651e-01 1.000000000000000666e+00 3.684394110330886374e-01 1.578901472417278129e-01 0.000000000000000000e+00
1.055000000000000071e+01 1.701143869110723419e-02 9.829885613088931162e-01 1.965977122617786343e-01 1.000000000000000444e+00 3.682117928798906981e-01 1.579470517800272977e-01 0.000000000000000000e+00
1.060000000000000142e+01 1.663703471303439041e-02 9.833629652869659843e-01 1.966725930573932080e-01 1.000000000000000444e+00 3.680300632669440963e-01 1.579924841832639482e-01 0.000000000000000000e+00
1.065000000000000036e+01 1.635709728758046044e-02 9.836429027124199420e-01 1.967285805424839884e-01 1.000000000000000444e+00 3.678942154978752654e-01 1.580264461255311559e-01 0.000000000000000000e+00
1.070000000000000107e+01 1.617166834962196001e-02 9.838283316503784182e-01 1.967656663300756947e-01 1.000000000000000444e+00 3.678042445242325487e-01 1.580489388689418351e-01 0.000000000000000000e+00
1.075000000000000000e+01 1.608077569112331684e-02 9.839192243088773493e-01 1.967838448617754699e-01 1.000000000000000666e+00 3.677601470063693867e-01 1.580599632484076256e-01 0.000000000000000000e+00
1.080000000000000071e+01 1.608443293327126503e-02 9.839155670667293352e-01 1.967831134133458670e-01 1.000000000000000666e+00 3.677619213044502344e-01 1.580595196738874275e-01 0.000000000000000000e+00
1.085000000000000142e+01 1.618263952473315143e-02 9.838173604752675772e-01 1.967634720950535154e-01 1.000000000000000666e+00 3.678095674828076311e-01 1.580476081292980783e-01 0.000000000000000000e+00
1.090000000000000036e+01 1.637538074940281599e-02 9.836246192505979646e-01 1.967249238501195818e-01 1.000000000000000888e+00 3.679030873126352130e-01 1.580242281718411967e-01 0.000000000000000000e+00
1.095000000000000107e+01 1.666262773440889064e-02 9.833373722655915916e-01 1.966674744531183294e-01 1.000000000000000444e+00 3.680424842776758299e-01 1.579893789305810425e-01 0.000000000000000000e+00
1.100000000000000000e+01 1.704433743311862398e-02 9.829556625668820491e-01 1.965911325133763987e-01 1.000000000000000666e+00 3.682277635382509851e-01 1.579430591154372676e-01 0.000000000000000000e+00
1.105000000000000071e+01 1.752045262275638352e-02 9.824795473772440779e-01 1.964959094754488156e-01 1.000000000000000444e+00 3.684589319186659107e-01 1.578852670203335362e-01 0.000000000000000000e+00
1.110000000000000142e+01 1.809090190683410038e-02 9.819090980931663992e-01 1.963818196186332687e-01 1.000000000000000444e+00 3.687359978868257060e-01 1.578160005282935874e-01 0.000000000000000000e+00
1.115000000000000036e+01 1.875559970660843623e-02 9.812444002933919940e-01 1.962488800586784099e-01 1.000000000000000444e+00 3.690589715219951272e-01 1.577352571195012321e-01 0.000000000000000000e+00
1.120000000000000107e+01 1.951444624443151102e-02 9.804855537555690059e-01 1.960971107511138012e-01 1.000000000000000444e+00 3.694278644368655384e-01 1.576430338907836293e-01 0.000000000000000000e+00
1.125000000000000000e+01 2.036732754182576932e-02 9.796326724581747580e-01 1.959265344916349405e-01 1.000000000000000444e+00 3.698426897617786979e-01 1.575393275595553255e-01 0.000000000000000000e+00
1.130000000000000071e+01 2.131411541197142032e-02 9.786858845880291868e-01 1.957371769176058374e-01 1.000000000000000666e+00 3.703034620882921790e-01 1.574241344779269691e-01 0.000000000000000000e+00
1.135000000000000142e+01 2.235466744281421059e-02 9.776453325571863306e-01 1.955290665114372550e-01 1.000000000000000444e+00 3.708101974151896130e-01 1.572974506462026245e-01 0.000000000000000000e+00
1.140000000000000036e+01 2.348882697759644908e-02 9.765111730224040887e-01 1.953022346044808177e-01 1.000000000000000444e+00 3.713629130130324807e-01 1.571592717467418798e-01 0.000000000000000000e+00
1.145000000000000107e+01 2.471642311285131982e-02 9.752835768871492839e-01 1.950567153774298568e-01 1.000000000000000666e+00 3.719616274057373495e-01 1.570095931485656626e-01 0.000000000000000000e+00
1.150000000000000000e+01 2.603727068401682360e-02 9.739627293159838217e-01 1.947925458631967754e-01 1.000000000000000666e+00 3.726063602832260790e-01 1.568484099291934664e-01 0.000000000000000000e+00
1.155000000000000071e+01 2.745117023910609300e-02 9.725488297608944066e-01 1.945097659521788924e-01 1.000000000000000444e+00 3.732971324408617675e-01 1.566757168897845720e-01 0.000000000000000000e+00
1.160000000000000142e+01 2.895790801562218159e-02 9.710420919843785192e-01 1.942084183968756927e-01 1.000000000000000666e+00 3.740339655842335742e-01 1.564915086039416203e-01 0.000000000000000000e+00
1.165000000000000036e+01 3.055725593383235711e-02 9.694427440661681494e-01 1.938885488132336410e-01 1.000000000000000444e+00 3.748168822555054125e-01 1.562957794361236608e-01 0.000000000000000000e+00
1.170000000000000107e+01 3.224897159151186854e-02 9.677510284084887004e-01 1.935502056816977290e-01 1.000000000000000666e+00 3.756459057978946969e-01 1.560885235505263258e-01 0.000000000000000000e+00
1.175000000000000000e+01 3.403279821914143716e-02 9.659672017808590416e-01 1.931934403561718083e-01 1.000000000000000444e+00 3.765210601886709862e-01 1.558697349528322673e-01 0.000000000000000000e+00
1.180000000000000071e+01 3.590846465412575461e-02 9.640915353458747727e-01 1.928183070691749657e-01 1.000000000000000444e+00 3.774423699390368481e-01 1.556394075152407741e-01 0.000000000000000000e+00
1.185000000000000142e+01 3.787568532394934573e-02 9.621243146760510845e-01 1.924248629352102169e-01 1.000000000000000444e+00 3.784098598364969979e-01 1.553975350408757505e-01 0.000000000000000000e+00
1.190000000000000036e+01 3.993416024449702312e-02 9.600658397555034140e-01 1.920131679511006828e-01 1.000000000000000444e+00 3.794235549252690798e-01 1.551441112686827162e-01 0.000000000000000000e+00
1.195000000000000107e+01 4.208357500053714478e-02 9.579164249994633895e-01 1.915832849998926890e-01 1.000000000000000444e+00 3.804834803950761235e-01 1.548791299012309830e-01 0.000000000000000000e+00
1.200000000000000000e+01 4.432360067512761126e-02 9.556763993248729161e-01 1.911352798649745832e-01 1.000000000000000444e+00 3.815896613921614944e-01 1.546025846519596125e-01 0.000000000000000000e+00
1.205000000000000071e+01 4.665389383780731841e-02 9.533461061621933963e-01 1.906692212324386793e-01 1.000000000000000666e+00 3.827421228289880073e-01 1.543144692927529982e-01 0.000000000000000000e+00
1.210000000000000142e+01 4.907409653213370276e-02 9.509259034678668732e-01 1.901851806935733746e-01 1.000000000000000666e+00 3.839408891286308356e-01 1.540147777178423050e-01 0.000000000000000000e+00
1.215000000000000036e+01 5.158383627541277688e-02 9.484161637245878129e-01 1.896832327449175515e-01 1.000000000000000666e+00 3.851859842218687824e-01 1.537035039445328044e-01 0.000000000000000000e+00
1.220000000000000107e+01 5.418272602261416104e-02 9.458172739773864635e-01 1.891634547954773038e-01 1.000000000000000666e+00 3.864774313522169047e-01 1.533806421619457738e-01 0.000000000000000000e+00
1.225000000000000000e+01 5.687036407851693565e-02 9.431296359214837999e-01 1.886259271842967711e-01 1.000000000000000666e+00 3.878152528909684649e-01 1.530461867772578977e-01 0.000000000000000000e+00
1.230000000000000071e+01 5.964633410140151443e-02 9.403536658985991448e-01 1.880707331797198401e-01 1.000000000000000666e+00 3.891994700554715081e-01 1.527001324861321230e-01 0.000000000000000000e+00
1.235000000000000142e+01 6.251020509468852016e-02 9.374897949053120350e-01 1.874979589810624181e-01 1.000000000000000444e+00 3.906301026517417507e-01 1.523424743370645762e-01 0.000000000000000000e+00
1.240000000000000036e+01 6.546153140693165839e-02 9.345384685930691049e-01 1.869076937186138210e-01 1.000000000000000666e+00 3.921071690743831994e-01 1.519732077314041863e-01 0.000000000000000000e+00
1.245000000000000107e+01 6.849985268811821515e-02 9.315001473118824649e-01 1.863000294623765041e-01 1.000000000000000666e+00 3.936306860634739002e-01 1.515923284841315111e-01 0.000000000000000000e+00
1.250000000000000000e+01 7.162469378030332512e-02 9.283753062196975492e-01 1.856750612439395098e-01 1.000000000000000888e+00 3.952006684833024308e-01 1.511998328791744062e-01 0.000000000000000000e+00
1.255000000000000071e+01 7.483556473977390211e-02 9.251644352602270693e-01 1.850328870520454028e-01 1.000000000000000888e+00 3.968171290101357718e-01 1.507957177474660571e-01 0.000000000000000000e+00
1.260000000000000142e+01 7.813196083446345697e-02 9.218680391655373896e-01 1.843736078331074668e-01 1.000000000000000888e+00 3.984800778243439145e-01 1.503799805439140214e-01 0.000000000000000000e+00
1.265000000000000036e+01 8.151336254394563052e-02 9.184866374560551883e-01 1.836973274912110377e-01 1.000000000000000888e+00 4.001895226103161507e-01 1.499526193474209623e-01 0.000000000000000000e+00
1.270000000000000107e+01 8.497923552214148302e-02 9.150207644778594052e-01 1.830041528955718699e-01 1.000000000000000888e+00 4.019454683246403426e-01 1.495136329188399005e-01 0.000000000000000000e+00
1.275000000000000000e+01 8.852903045899150614e-02 9.114709695410094792e-01 1.822941939082018958e-01 1.000000000000000888e+00 4.037479168646035399e-01 1.490630207838491150e-01 0.000000000000000000e+00
1.280000000000000071e+01 9.216218311794774354e-02 9.078378168820531169e-01 1.815675633764106123e-01 1.000000000000000888e+00 4.055968668175113923e-01 1.486007832956221519e-01 0.000000000000000000e+00
1.285000000000000142e+01 9.587811434759195561e-02 9.041218856524089187e-01 1.808243771304817726e-01 1.000000000000000888e+00 4.074923130381408742e-01 1.481269217404647676e-01 0.000000000000000000e+00
1.290000000000000036e+01 9.967623008146000996e-02 9.003237699185409060e-01 1.800647539837081923e-01 1.000000000000000888e+00 4.094342466453157470e-01 1.476414383386710494e-01 0.000000000000000000e+00
1.295000000000000107e+01 1.035559213165933024e-01 8.964440786834073638e-01 1.792888157366814839e-01 1.000000000000000666e+00 4.114226548535442340e-01 1.471443362866139137e-01 0.000000000000000000e+00
1.300000000000000000e+01 1.075165639556527469e-01 8.924834360443478776e-01 1.784966872088695755e-01 1.000000000000000666e+00 4.134575204887016575e-01 1.466356198778245579e-01 0.000000000000000000e+00
1.305000000000000071e+01 1.115575188330021339e-01 8.884424811669986433e-01 1.776884962333997175e-01 1.000000000000000888e+00 4.155388218571879344e-01 1.461152945357029886e-01 0.000000000000000000e+00
1.310000000000000142e+01 1.156781317623387650e-01 8.843218682376619011e-01 1.768643736475323802e-01 1.000000000000000666e+00 4.176665321747952686e-01 1.455833669563011690e-01 0.000000000000000000e+00
1.315000000000000036e+01 1.198777335365299179e-01 8.801222664634709147e-01 1.760244532926941718e-01 1.000000000000000888e+00 4.198406195416261033e-01 1.450398451145934464e-01 0.000000000000000000e+00
1.320000000000000107e+01 1.241556399212453837e-01 8.758443600787555461e-01 1.751688720157510981e-01 1.000000000000000888e+00 4.220610468588236741e-01 1.444847382852940398e-01 0.000000000000000000e+00
1.325000000000000000e+01 1.285111515119624348e-01 8.714888484880384256e-01 1.742977696976076851e-01 1.000000000000000888e+00 4.243277712283681780e-01 1.439180571929079278e-01 0.000000000000000000e+00
1.330000000000000071e+01 1.329435536969896803e-01 8.670564463030111524e-01 1.734112892606022305e-01 1.000000000000000888e+00 4.266407439097215093e-01 1.433398140225695949e-01 0.000000000000000000e+00
1.335000000000000142e+01 1.374521167699919444e-01 8.625478832300087495e-01 1.725095766460017499e-01 1.000000000000000666e+00 4.289999096441762805e-01 1.427500225889558882e-01 0.000000000000000000e+00
1.340000000000000036e+01 1.420360959351740227e-01 8.579639040648268100e-01 1.715927808129653620e-01 1.000000000000000888e+00 4.314052065594042307e-01 1.421486983601489285e-01 0.000000000000000000e+00
1.345000000000000107e+01 1.466947313072144154e-01 8.533052686927864450e-01 1.706610537385572779e-01 1.000000000000000888e+00 4.338565661535303541e-01 1.415358584616173698e-01 0.000000000000000000e+00
1.350000000000000000e+01 1.514272478259272858e-01 8.485727521740735746e-01 1.697145504348147038e-01 1.000000000000000888e+00 4.363539127141815577e-01 1.409115218214545551e-01 0.000000000000000000e+00
1.355000000000000071e+01 1.562328551136043520e-01 8.437671448863964807e-01 1.687534289772792961e-01 1.000000000000000888e+00 4.388971631969943998e-01 1.402757092007513584e-01 0.000000000000000000e+00
1.360000000000000142e+01 1.611107476554809737e-01 8.388892523445199423e-01 1.677778504689039774e-01 1.000000000000000888e+00 4.414862266163115945e-01 1.396284433459220597e-01 0.000000000000000000e+00
1.365000000000000036e+01 1.660601048339192531e-01 8.339398951660816905e-01 1.667879790332163492e-01 1.000000000000000888e+00 4.441210037845209069e-01 1.389697490538697178e-01 0.000000000000000000e+00
1.370000000000000107e+01 1.710800909284085347e-01 8.289199090715924090e-01 1.657839818143184707e-01 1.000000000000000888e+00 4.468013873120553203e-01 1.382996531719861144e-01 0.000000000000000000e+00
1.375000000000000000e+01 1.761698550928295082e-01 8.238301449071714355e-01 1.647660289814342760e-01 1.000000000000000888e+00 4.495272612633019471e-01 1.376181846841744993e-01 0.000000000000000000e+00
1.380000000000000071e+01 1.813285311533705813e-01 8.186714688466303347e-01 1.637342937693260780e-01 1.000000000000000888e+00 4.522985006545314213e-01 1.369253748363671030e-01 0.000000000000000000e+00
1.385000000000000142e+01 1.865552377655171623e-01 8.134447622344836981e-01 1.626889524468967396e-01 1.000000000000000888e+00 4.551149712187463892e-01 1.362212571953133888e-01 0.000000000000000000e+00
1.390000000000000036e+01 1.918490785426646417e-01 8.081509214573362465e-01 1.616301842914672493e-01 1.000000000000000888e+00 4.579765288471360218e-01 1.355058677882159668e-01 0.000000000000000000e+00
1.395000000000000107e+01 1.972091420565638131e-01 8.027908579434370751e-01 1.605581715886874039e-01 1.000000000000000888e+00 4.608830195843272581e-01 1.347792451039181438e-01 0.000000000000000000e+00
1.400000000000000000e+01 2.026345018408030885e-01 7.973654981591976609e-01 1.594730996318395322e-01 1.000000000000000666e+00 4.638342795079150593e-01 1.340414301230212213e-01 0.000000000000000000e+00
1.405000000000000071e+01 2.081242162492358827e-01 7.918757837507650610e-01 1.583751567501530122e-01 1.000000000000000888e+00 4.668301339988690790e-01 1.332924665002827302e-01 0.000000000000000000e+00
1.410000000000000142e+01 2.136773284430797948e-01 7.863226715569210379e-01 1.572645343113842076e-01 1.000000000000000888e+00 4.698703977215216154e-01 1.325324005696195961e-01 0.000000000000000000e+00
1.415000000000000036e+01 2.192928666791616465e-01 7.807071333208392971e-01 1.561414266641678594e-01 1.000000000000000888e+00 4.729548739182279360e-01 1.317612815204430021e-01 0.000000000000000000e+00
1.420000000000000107e+01 2.249698443287820315e-01 7.750301556712189122e-01 1.550060311342437713e-01 1.000000000000000888e+00 4.760833543242535826e-01 1.309791614189365905e-01 0.000000000000000000e+00
1.425000000000000000e+01 2.307072598796139073e-01 7.692927401203869531e-01 1.538585480240773906e-01 1.000000000000000888e+00 4.792556191565492396e-01 1.301860952108626623e-01 0.000000000000000000e+00
1.430000000000000071e+01 2.365040969147571004e-01 7.634959030852437323e-01 1.526991806170487354e-01 1.000000000000000888e+00 4.824714364946263156e-01 1.293821408763433933e-01 0.000000000000000000e+00
1.435000000000000142e+01 2.423593239071999139e-01 7.576406760928009465e-01 1.515281352185601782e-01 1.000000000000000888e+00 4.857305620881911534e-01 1.285673594779521978e-01 0.000000000000000000e+00
1.440000000000000036e+01 2.482718946039565722e-01 7.517281053960442883e-01 1.503456210792088465e-01 1.000000000000000888e+00 4.890327388385192209e-01 1.277418152903701809e-01 0.000000000000000000e+00
1.445000000000000107e+01 2.542407481379843626e-01 7.457592518620165256e-01 1.491518503724033051e-01 1.000000000000000888e+00 4.923776965095353897e-01 1.269055758726161387e-01 0.000000000000000000e+00
1.450000000000000000e+01 2.602648090281821647e-01 7.397351909718186125e-01 1.479470381943637225e-01 1.000000000000000888e+00 4.957651517278133246e-01 1.260587120680466411e-01 0.000000000000000000e+00
1.455000000000000071e+01 2.663429872071543802e-01 7.336570127928465634e-01 1.467314025585693127e-01 1.000000000000000888e+00 4.991948077211143531e-01 1.252012980697214117e-01 0.000000000000000000e+00
1.460000000000000142e+01 2.724741778426870153e-01 7.275258221573138728e-01 1.455051644314627746e-01 1.000000000000000888e+00 5.026663536677696831e-01 1.243334115830575792e-01 0.000000000000000000e+00
1.465000000000000036e+01 2.786572615346303849e-01 7.213427384653705587e-01 1.442685476930741229e-01 1.000000000000000888e+00 5.061794646275885601e-01 1.234551338431028600e-01 0.000000000000000000e+00
1.470000000000000107e+01 2.848911046693265448e-01 7.151088953306744544e-01 1.430217790661348909e-01 1.000000000000000888e+00 5.097338009910097334e-01 1.225665497522475667e-01 0.000000000000000000e+00
1.475000000000000000e+01 2.911745594258752790e-01 7.088254405741256647e-01 1.417650881148251329e-01 1.000000000000000888e+00 5.133290084624450023e-01 1.216677478843887494e-01 0.000000000000000000e+00
1.480000000000000071e+01 2.975064637932655076e-01 7.024935362067352695e-01 1.404987072413470539e-01 1.000000000000000888e+00 5.169647180054615099e-01 1.207588204986346364e-01 0.000000000000000000e+00
1.485000000000000142e+01 3.038856415614022977e-01 6.961143584385987015e-01 1.392228716877197403e-01 1.000000000000000888e+00 5.206405451539326545e-01 1.198398637115168364e-01 0.000000000000000000e+00
1.490000000000000036e+01 3.103109021951888091e-01 6.896890978048120235e-01 1.379378195609624047e-01 1.000000000000000888e+00 5.243560899517032414e-01 1.189109775120742035e-01 0.000000000000000000e+00
1.495000000000000107e+01 3.167810414291242771e-01 6.832189585708767776e-01 1.366437917141753444e-01 1.000000000000001110e+00 5.281109364664002825e-01 1.179722658833999294e-01 0.000000000000000000e+00
1.500000000000000000e+01 3.232948413514368236e-01 6.767051586485639536e-01 1.353410317297127907e-01 1.000000000000000888e+00 5.319046526679468423e-01 1.170238368330133172e-01 0.000000000000000000e+00
1.505000000000000071e+01 3.298510704040852892e-01 6.701489295959156545e-01 1.340297859191831309e-01 1.000000000000000888e+00 5.357367904285621485e-01 1.160658023928594906e-01 0.000000000000000000e+00
1.510000000000000142e+01 3.364484834810064773e-01 6.635515165189942444e-01 1.327103033037988489e-01 1.000000000000000666e+00 5.396068851405850797e-01 1.150982787148537578e-01 0.000000000000000000e+00
1.515000000000000036e+01 3.430858216965241847e-01 6.569141783034765369e-01 1.313828356606953074e-01 1.000000000000000666e+00 5.435144552897980263e-01 1.141213861775505073e-01 0.000000000000000000e+00
1.520000000000000107e+01 3.497618129018492672e-01 6.502381870981516210e-01 1.300476374196303242e-01 1.000000000000000888e+00 5.474590023309254816e-01 1.131352494172686296e-01 0.000000000000000000e+00
1.525000000000000000e+01 3.564751720338996122e-01 6.435248279661012205e-01 1.287049655932202552e-01 1.000000000000000888e+00 5.514400104044125950e-01 1.121399973988968790e-01 0.000000000000000000e+00
1.530000000000000071e+01 3.632246011153021925e-01 6.367753988846985846e-01 1.273550797769397169e-01 1.000000000000000888e+00 5.554569463364258386e-01 1.111357634158935542e-01 0.000000000000000000e+00
1.535000000000000142e+01 3.700087893164733521e-01 6.299912106835275916e-01 1.259982421367055183e-01 1.000000000000000888e+00 5.595092595376993660e-01 1.101226851155751724e-01 0.000000000000000000e+00
1.540000000000000036e+01 3.768264129447800870e-01 6.231735870552207457e-01 1.246347174110441491e-01 1.000000000000000888e+00 5.635963814052886711e-01 1.091009046486778600e-01 0.000000000000000000e+00
1.545000000000000107e+01 3.836761355224190817e-01 6.163238644775816955e-01 1.232647728955163502e-01 1.000000000000000888e+00 5.677177253372363008e-01 1.080705686656909248e-01 0.000000000000000000e+00
1.550000000000000000e+01 3.905566085290184120e-01 6.094433914709823652e-01 1.218886782941964730e-01 1.000000000000000888e+00 5.718726864854538627e-01 1.070318283786365343e-01 0.000000000000000000e+00
1.555000000000000071e+01 3.974664714469928195e-01 6.025335285530081242e-01 1.205067057106016248e-01 1.000000000000000888e+00 5.760606417250976330e-01 1.059848395687255918e-01 0.000000000000000000e+00
1.560000000000000142e+01 4.044043517744282945e-01 5.955956482255725382e-01 1.191191296451145076e-01 1.000000000000000888e+00 5.802809496462596472e-01 1.049297625884351021e-01 0.000000000000000000e+00
1.565000000000000036e+01 4.113688652170314208e-01 5.886311347829695784e-01 1.177262269565939046e-01 1.000000000000000888e+00 5.845329501725964327e-01 1.038667624568508918e-01 0.000000000000000000e+00
1.570000000000000107e+01 4.183586154409049129e-01 5.816413845590959752e-01 1.163282769118191839e-01 1.000000000000000888e+00 5.888159643386894349e-01 1.027960089153276413e-01 0.000000000000000000e+00
1.575000000000000000e+01 4.253721949740930652e-01 5.746278050259079340e-01 1.149255610051815868e-01 1.000000000000000888e+00 5.931292943094214065e-01 1.017176764226446484e-01 0.000000000000000000e+00
1.580000000000000071e+01 4.324081854601070085e-01 5.675918145398939352e-01 1.135183629079787870e-01 1.000000000000000888e+00 5.974722233222270473e-01 1.006319441694432520e-01 0.000000000000000000e+00
1.585000000000000142e+01 4.394651576579233221e-01 5.605348423420775106e-01 1.121069684684155021e-01 1.000000000000000888e+00 6.018440156870915603e-01 9.953899607822710993e-02 0.000000000000000000e+00
1.590000000000000036e+01 4.465416716130085617e-01 5.534583283869922710e-01 1.106916656773984653e-01 1.000000000000000888e+00 6.062439166799822310e-01 9.843902083000444225e-02 0.000000000000000000e+00
1.595000000000000107e+01 4.536362765707316891e-01 5.463637234292693101e-01 1.092727446858538509e-01 1.000000000000000888e+00 6.106711521344490023e-01 9.733221196638774941e-02 0.000000000000000000e+00
1.600000000000000000e+01 4.607475114807542682e-01 5.392524885192467865e-01 1.078504977038493573e-01 1.000000000000001110e+00 6.151249286158816387e-01 9.621876784602957644e-02 0.000000000000000000e+00
1.605000000000000071e+01 4.678739057156233727e-01 5.321260942843775155e-01 1.064252188568755031e-01 1.000000000000000888e+00 6.196044334778816332e-01 9.509889163052960559e-02 0.000000000000000000e+00
1.610000000000000142e+01 4.750139790777143101e-01 5.249860209222867446e-01 1.049972041844573489e-01 1.000000000000001110e+00 6.241088348614648451e-01 9.397279128463378872e-02 0.000000000000000000e+00
1.615000000000000213e+01 4.821662418783512205e-01 5.178337581216496677e-01 1.035667516243299335e-01 1.000000000000000888e+00 6.286372816922419782e-01 9.284067957693950546e-02 0.000000000000000000e+00
1.619999999999999929e+01 4.893291951412275242e-01 5.106708048587732529e-01 1.021341609717546506e-01 1.000000000000000888e+00 6.331889034402459204e-01 9.170277413993853377e-02 0.000000000000000000e+00
1.625000000000000000e+01 4.965013306002308280e-01 5.034986693997700602e-01 1.006997338799540120e-01 1.000000000000000888e+00 6.377628100944963130e-01 9.055929747637593563e-02 0.000000000000000000e+00
1.630000000000000071e+01 5.036811318248728409e-01 4.963188681751282139e-01 9.926377363502564277e-02 1.000000000000001110e+00 6.423580925349240411e-01 8.941047686626900359e-02 0.000000000000000000e+00
1.635000000000000142e+01 5.108670743314013274e-01 4.891329256685994498e-01 9.782658513371988995e-02 1.000000000000000888e+00 6.469738225562200462e-01 8.825654436094500233e-02 0.000000000000000000e+00
1.640000000000000213e+01 5.180576255969319144e-01 4.819423744030687518e-01 9.638847488061375035e-02 1.000000000000000666e+00 6.516090528725135833e-01 8.709773678187161805e-02 0.000000000000000000e+00
1.644999999999999929e+01 5.252512454200649605e-01 4.747487545799358721e-01 9.494975091598717443e-02 1.000000000000000888e+00 6.562628171409053968e-01 8.593429571477366469e-02 0.000000000000000000e+00
1.650000000000000000e+01 5.324463856837750031e-01 4.675536143162259406e-01 9.351072286324518812e-02 1.000000000000000888e+00 6.609341297181440256e-01 8.476646757046400749e-02 0.000000000000000000e+00
1.655000000000000071e+01 5.396414915426342995e-01 4.603585084573663666e-01 9.207170169147327332e-02 1.000000000000000666e+00 6.656219862791816766e-01 8.359450343020458085e-02 0.000000000000000000e+00
1.660000000000000142e+01 5.468350018123621092e-01 4.531649981876387234e-01 9.063299963752774469e-02 1.000000000000000888e+00 6.703253639904922512e-01 8.241865900237696496e-02 0.000000000000000000e+00
1.665000000000000213e+01 5.540253489698236944e-01 4.459746510301770828e-01 8.919493020603541655e-02 1.000000000000000888e+00 6.750432215100705680e-01 8.123919462248237189e-02 0.000000000000000000e+00
1.669999999999999929e+01 5.612109594385485956e-01 4.387890405614522371e-01 8.775780811229044742e-02 1.000000000000000888e+00 6.797744991233056755e-01 8.005637521917358113e-02 0.000000000000000000e+00
1.675000000000000000e+01 5.683902535735636530e-01 4.316097464264370687e-01 8.632194928528741373e-02 1.000000000000000666e+00 6.845181186052027300e-01 7.887047034869930362e-02 0.000000000000000000e+00
1.680000000000000071e+01 5.755616464310392422e-01 4.244383535689613685e-01 8.488767071379227369e-02 1.000000000000000666e+00 6.892729837358945177e-01 7.768175406602638444e-02 0.000000000000000000e+00
1.685000000000000142e+01 5.827235486250201824e-01 4.172764513749804838e-01 8.345529027499609676e-02 1.000000000000000666e+00 6.940379808348881019e-01 7.649050479127798841e-02 0.000000000000000000e+00
1.690000000000000213e+01 5.898743663312198127e-01 4.101256336687808535e-01 8.202512673375617069e-02 1.000000000000000666e+00 6.988119787632655067e-01 7.529700530918360946e-02 0.000000000000000000e+00
1.694999999999999929e+01 5.970125014604502622e-01 4.029874985395504039e-01 8.059749970791008078e-02 1.000000000000000666e+00 7.035938290516935423e-01 7.410154273707662831e-02 0.000000000000000000e+00
1.700000000000000000e+01 6.041363519159347328e-01 3.958636480840660443e-01 7.917272961681320886e-02 1.000000000000000888e+00 7.083823660532295730e-01 7.290440848669262064e-02 0.000000000000000000e+00
1.705000000000000071e+01 6.112443119298178740e-01 3.887556880701828477e-01 7.775113761403656953e-02 1.000000000000000666e+00 7.131764071902473301e-01 7.170589820243819523e-02 0.000000000000000000e+00
1.710000000000000142e+01 6.183347733058282003e-01 3.816652266941725213e-01 7.633304533883450427e-02 1.000000000000000666e+00 7.179747539132719236e-01 7.050631152168203297e-02 0.000000000000000000e+00
1.715000000000000213e+01 6.254061254781555501e-01 3.745938745218452270e-01 7.491877490436904541e-02 1.000000000000000888e+00 7.227761917459263330e-01 6.930595206351843063e-02 0.000000000000000000e+00
1.719999999999999929e+01 6.324567556106301947e-01 3.675432443893705825e-01 7.350864887787411650e-02 1.000000000000000888e+00 7.275794903777549338e-01 6.810512740556128042e-02 0.000000000000000000e+00
1.725000000000000000e+01 6.394850490194810000e-01 3.605149509805197217e-01 7.210299019610394433e-02 1.000000000000000666e+00 7.323834040823578029e-01 6.690414897941056316e-02 0.000000000000000000e+00
1.730000000000000071e+01 6.464893892566180300e-01 3.535106107433827471e-01 7.070212214867654943e-02 1.000000000000000888e+00 7.371866717739674613e-01 6.570333205650814856e-02 0.000000000000000000e+00
1.735000000000000142e+01 6.534681595564652001e-01 3.465318404435355215e-01 6.930636808870710430e-02 1.000000000000000666e+00 7.419880182970500782e-01 6.450299542573749434e-02 0.000000000000000000e+00
1.740000000000000213e+01 6.604197429970950495e-01 3.395802570029057832e-01 6.791605140058115664e-02 1.000000000000000888e+00 7.467861545729322925e-01 6.330346135676692687e-02 0.000000000000000000e+00
1.744999999999999929e+01 6.673425225594468158e-01 3.326574774405535728e-01 6.653149548811071456e-02 1.000000000000000444e+00 7.515797776647300532e-01 6.210505558381750058e-02 0.000000000000000000e+00
1.750000000000000000e+01 6.742348816254326582e-01 3.257651183745680079e-01 6.515302367491360158e-02 1.000000000000000666e+00 7.563675713825336322e-01 6.090810715436659889e-02 0.000000000000000000e+00
1.755000000000000071e+01 6.810952039732302010e-01 3.189047960267704651e-01 6.378095920535409302e-02 1.000000000000000666e+00 7.611482062888001998e-01 5.971294842779996392e-02 0.000000000000000000e+00
1.760000000000000142e+01 6.879218752902793721e-01 3.120781247097212385e-01 6.241562494194424771e-02 1.000000000000000666e+00 7.659203411997087541e-01 5.851991470007280455e-02 0.000000000000000000e+00
1.765000000000000213e+01 6.947132834363274334e-01 3.052867165636730107e-01 6.105734331273460214e-02 1.000000000000000444e+00 7.706826234573391776e-01 5.732934413566521253e-02 0.000000000000000000e+00
1.769999999999999929e+01 7.014678184892860768e-01 2.985321815107144783e-01 5.970643630214289566e-02 1.000000000000000444e+00 7.754336889864545945e-01 5.614157775338636525e-02 0.000000000000000000e+00
1.775000000000000000e+01 7.081838732677271375e-01 2.918161267322735841e-01 5.836322534645471682e-02 1.000000000000000666e+00 7.801721630284583764e-01 5.495695924288541978e-02 0.000000000000000000e+00
1.780000000000000071e+01 7.148598433437696187e-01 2.851401566562311585e-01 5.702803133124623169e-02 1.000000000000000888e+00 7.848966601992201086e-01 5.377583495019498672e-02 0.000000000000000000e+00
1.785000000000000142e+01 7.214941285650600111e-01 2.785058714349405995e-01 5.570117428698811990e-02 1.000000000000000666e+00 7.896057861378332765e-01 5.259855346554168781e-02 0.000000000000000000e+00
1.790000000000000213e+01 7.280851333631250810e-01 2.719148666368756406e-01 5.438297332737512813e-02 1.000000000000000666e+00 7.942981378601110531e-01 5.142546553497226447e-02 0.000000000000000000e+00
1.794999999999999929e+01 7.346312668086787401e-01 2.653687331913220926e-01 5.307374663826441852e-02 1.000000000000000888e+00 7.989723038346756567e-01 5.025692404133110663e-02 0.000000000000000000e+00
1.800000000000000000e+01 7.411309431362176348e-01 2.588690568637830314e-01 5.177381137275660627e-02 1.000000000000000666e+00 8.036268648226992939e-01 4.909328379432521816e-02 0.000000000000000000e+00
1.805000000000000071e+01 7.475825818432050296e-01 2.524174181567956365e-01 5.048348363135912731e-02 1.000000000000000666e+00 8.082603940493205963e-01 4.793490148766987868e-02 0.000000000000000000e+00
1.810000000000000142e+01 7.539846092044145687e-01 2.460153907955861530e-01 4.920307815911723059e-02 1.000000000000000666e+00 8.128714589780401401e-01 4.678213525549000662e-02 0.000000000000000000e+00
1.815000000000000213e+01 7.603354585384018982e-01 2.396645414615988789e-01 4.793290829231977579e-02 1.000000000000000888e+00 8.174586216441590558e-01 4.563534458896026380e-02 0.000000000000000000e+00
1.819999999999999929e+01 7.666335703024370618e-01 2.333664296975637709e-01 4.667328593951275417e-02 1.000000000000000888e+00 8.220204387992644524e-01 4.449489030018390079e-02 0.000000000000000000e+00
1.825000000000000000e+01 7.728773925909737663e-01 2.271226074090271219e-01 4.542452148180542437e-02 1.000000000000000888e+00 8.265554628284721428e-01 4.336113429288199206e-02 0.000000000000000000e+00
1.830000000000000071e+01 7.790653814213481798e-01 2.209346185786525973e-01 4.418692371573051947e-02 1.000000000000000888e+00 8.310622421324371789e-01 4.223443946689074691e-02 0.000000000000000000e+00
1.835000000000000142e+01 7.851960021702385495e-01 2.148039978297625052e-01 4.296079956595250104e-02 1.000000000000001110e+00 8.355393229410066347e-01 4.111516926474836214e-02 0.000000000000000000e+00
1.840000000000000213e+01 7.912677297313112090e-01 2.087322702686897347e-01 4.174645405373794693e-02 1.000000000000000888e+00 8.399852495270474506e-01 4.000368761823817898e-02 0.000000000000000000e+00
1.844999999999999929e+01 7.972790487013653449e-01 2.027209512986358209e-01 4.054419025972716417e-02 1.000000000000001110e+00 8.443985645206588675e-01 3.890035886983533170e-02 0.000000000000000000e+00
1.850000000000000000e+01 8.032284537934685220e-01 1.967715462065325327e-01 3.935430924130650654e-02 1.000000000000001110e+00 8.487778098065331678e-01 3.780554754836673581e-02 0.000000000000000000e+00
1.855000000000000071e+01 8.091144504712350916e-01 1.908855495287659076e-01 3.817710990575318153e-02 1.000000000000000888e+00 8.531215273210163152e-01 3.671961816974596282e-02 0.000000000000000000e+00
1.860000000000000142e+01 8.149355561218745159e-01 1.850644438781265388e-01 3.701288877562530777e-02 1.000000000000001110e+00 8.574282606483837332e-01 3.564293483790410833e-02 0.000000000000000000e+00
1.865000000000000213e+01 8.206903001020616761e-01 1.793096998979393231e-01 3.586193997958786461e-02 1.000000000000000888e+00 8.616965550883904923e-01 3.457586122790242550e-02 0.000000000000000000e+00
1.869999999999999929e+01 8.263772241102741445e-01 1.736227758897268547e-01 3.472455517794537094e-02 1.000000000000000888e+00 8.659249583542726336e-01 3.351876041143189711e-02 0.000000000000000000e+00
1.875000000000000000e+01 8.319948824084271166e-01 1.680051175915739381e-01 3.360102351831478762e-02 1.000000000000001110e+00 8.701120211802303439e-01 3.247199470494246260e-02 0.000000000000000000e+00
1.880000000000000071e+01 8.375418429781571472e-01 1.624581570218439075e-01 3.249163140436878150e-02 1.000000000000001110e+00 8.742562988592057494e-01 3.143592528519860430e-02 0.000000000000000000e+00
1.885000000000000142e+01 8.430166881700955628e-01 1.569833118299054919e-01 3.139666236598109839e-02 1.000000000000001110e+00 8.783563521949264707e-01 3.041091195126841007e-02 0.000000000000000000e+00
1.890000000000000213e+01 8.484180147637702119e-01 1.515819852362307318e-01 3.031639704724614637e-02 1.000000000000000888e+00 8.824107476107997394e-01 2.939731309730010678e-02 0.000000000000000000e+00
1.894999999999999929e+01 8.537444344282514308e-01 1.462555655717495684e-01 2.925111311434991368e-02 1.000000000000000888e+00 8.864180581675064063e-01 2.839548545812343311e-02 0.000000000000000000e+00
1.900000000000000000e+01 8.589945740723518020e-01 1.410054259276491417e-01 2.820108518552982835e-02 1.000000000000000888e+00 8.903768641642891835e-01 2.740578395892773536e-02 0.000000000000000000e+00
1.905000000000000071e+01 8.641670771232334847e-01 1.358329228767674035e-01 2.716658457535348070e-02 1.000000000000000888e+00 8.942857549866406464e-01 2.642856125333986964e-02 0.000000000000000000e+00
1.910000000000000142e+01 8.692606036944279246e-01 1.307393963055730746e-01 2.614787926111461491e-02 1.000000000000000888e+00 8.981433293710664456e-01 2.546416765723343023e-02 0.000000000000000000e+00
1.915000000000000213e+01 8.742738308470900943e-01 1.257261691529107384e-01 2.514523383058214767e-02 1.000000000000000888e+00 9.019481959446021824e-01 2.451295101384949257e-02 0.000000000000000000e+00
1.920000000000000284e+01 8.792054529044038835e-01 1.207945470955970602e-01 2.415890941911941203e-02 1.000000000000000888e+00 9.056989740657203081e-01 2.357525648356996462e-02 0.000000000000000000e+00
1.925000000000000000e+01 8.840541824019557682e-01 1.159458175980451755e-01 2.318916351960903510e-02 1.000000000000000888e+00 9.093942951788752671e-01 2.265142620528121445e-02 0.000000000000000000e+00
1.930000000000000071e+01 8.888187507685689770e-01 1.111812492314320777e-01 2.223624984628641554e-02 1.000000000000001110e+00 9.130328038853939843e-01 2.174179902865153863e-02 0.000000000000000000e+00
1.935000000000000142e+01 8.934979084026793972e-01 1.065020915973216575e-01 2.130041831946433151e-02 1.000000000000001110e+00 9.166131580973796433e-01 2.084671047565512733e-02 0.000000000000000000e+00
1.940000000000000213e+01 8.980904250677578249e-01 1.019095749322432298e-01 2.038191498644864597e-02 1.000000000000001110e+00 9.201340300275067108e-01 1.996649249312337088e-02 0.000000000000000000e+00
1.945000000000000284e+01 9.025950903726391861e-01 9.740490962736186864e-02 1.948098192547237373e-02 1.000000000000001110e+00 9.235941069930504455e-01 1.910147325173744068e-02 0.000000000000000000e+00
1.950000000000000000e+01 9.070107148095869487e-01 9.298928519041405050e-02 1.859785703808281010e-02 1.000000000000000888e+00 9.269920930268480408e-01 1.825197674328804531e-02 0.000000000000000000e+00
1.955000000000000071e+01 9.113361298553979140e-01 8.866387014460297422e-02 1.773277402892059484e-02 1.000000000000000888e+00 9.303267090528373195e-01 1.741832273679070134e-02 0.000000000000000000e+00
1.960000000000000142e+01 9.155701883005069597e-01 8.442981169949403952e-02 1.688596233989880790e-02 1.000000000000000888e+00 9.335966936707343899e-01 1.660082658231644415e-02 0.000000000000000000e+00
1.965000000000000213e+01 9.197117645333432456e-01 8.028823546665786459e-02 1.605764709333157292e-02 1.000000000000001110e+00 9.368008038376496316e-01 1.579979904058763721e-02 0.000000000000000000e+00
1.970000000000000284e+01 9.237597555848807707e-01 7.624024441512028405e-02 1.524804888302405681e-02 1.000000000000001110e+00 9.399378164839780059e-01 1.501554587900552629e-02 0.000000000000000000e+00
1.975000000000000000e+01 9.277130813868438297e-01 7.228691861315722500e-02 1.445738372263144500e-02 1.000000000000001110e+00 9.430065289514533156e-01 1.424836776213669887e-02 0.000000000000000000e+00
1.980000000000000071e+01 9.315706849832229297e-01 6.842931501677806949e-02 1.368586300335561390e-02 1.000000000000000888e+00 9.460057594924299318e-01 1.349856012689257083e-02 0.000000000000000000e+00
1.985000000000000142e+01 9.353315328092103309e-01 6.466846719079044625e-02 1.293369343815808925e-02 1.000000000000000888e+00 9.489343480525886942e-01 1.276641298685287848e-02 0.000000000000000000e+00
1.990000000000000213e+01 9.389946155365076486e-01 6.100538446349307309e-02 1.220107689269861462e-02 1.000000000000000666e+00 9.517911575837546545e-01 1.205221060406137974e-02 0.000000000000000000e+00
1.995000000000000284e+01 9.425589484987463296e-01 5.744105150125466963e-02 1.148821030025093393e-02 1.000000000000000888e+00 9.545750747686128079e-01 1.135623130784684139e-02 0.000000000000000000e+00
2.000000000000000000e+01 9.460235718229407231e-01 5.397642817706022056e-02 1.079528563541204411e-02 1.000000000000000888e+00 9.572850103364820562e-01 1.067874741587954146e-02 0.000000000000000000e+00
2.005000000000000071e+01 9.493875507108563427e-01 5.061244928914437891e-02 1.012248985782887578e-02 1.000000000000000666e+00 9.599198998758179391e-01 1.002002503104556380e-02 0.000000000000000000e+00
2.010000000000000142e+01 9.526499761112119380e-01 4.735002388878889468e-02 9.470004777757778935e-03 1.000000000000000888e+00 9.624787049033345365e-01 9.380323774166407502e-03 0.000000000000000000e+00
2.015000000000000213e+01 9.558099652122331591e-01 4.419003478776772909e-02 8.838006957553545817e-03 1.000000000000000888e+00 9.649604137049154762e-01 8.759896573771189937e-03 0.000000000000000000e+00
2.020000000000000284e+01 9.588666615428584894e-01 4.113333845714245429e-02 8.226667691428490858e-03 1.000000000000000888e+00 9.673640415831427086e-01 8.158989604214369681e-03 0.000000000000000000e+00
2.025000000000000000e+01 9.618192352259212763e-01 3.818076477407950087e-02 7.636152954815900173e-03 1.000000000000000888e+00 9.696886316083523916e-01 7.577842097911942874e-03 0.000000000000000000e+00
2.030000000000000071e+01 9.646668835554005339e-01 3.533311644460024326e-02 7.066623288920048651e-03 1.000000000000000888e+00 9.719332555604051072e-01 7.016686109898777855e-03 0.000000000000000000e+00
2.035000000000000142e+01 9.674088314562651059e-01 3.259116854373578231e-02 6.518233708747156463e-03 1.000000000000000888e+00 9.740970147179816019e-01 6.475746320504635958e-03 0.000000000000000000e+00
2.040000000000000213e+01 9.700443315769481378e-01 2.995566842305258382e-02 5.991133684610516763e-03 1.000000000000000666e+00 9.761790400931554812e-01 5.955239976711165263e-03 0.000000000000000000e+00
2.045000000000000284e+01 9.725726645086620881e-01 2.742733549133874460e-02 5.485467098267748920e-03 1.000000000000000888e+00 9.781784930970596204e-01 5.455376725735137412e-03 0.000000000000000000e+00
2.050000000000000000e+01 9.749931393123451029e-01 2.500686068765578529e-02 5.001372137531157058e-03 1.000000000000000888e+00 9.800945664036189164e-01 4.976358399095319462e-03 0.000000000000000000e+00
2.055000000000000071e+01 9.773050938826927103e-01 2.269490611730817786e-02 4.538981223461635572e-03 1.000000000000000888e+00 9.819264845819098975e-01 4.518378854522553389e-03 0.000000000000000000e+00
2.060000000000000142e+01 9.795078950404496609e-01 2.049210495955106071e-02 4.098420991910212141e-03 1.000000000000000666e+00 9.836735043487406793e-01 4.081623912814895221e-03 0.000000000000000000e+00
2.065000000000000213e+01 9.816009387200674841e-01 1.839906127993340412e-02 3.679812255986680825e-03 1.000000000000000888e+00 9.853349151336577849e-01 3.666271216585607548e-03 0.000000000000000000e+00
2.070000000000000284e+01 9.835836504631529920e-01 1.641634953684800724e-02 3.283269907369601448e-03 1.000000000000000888e+00 9.869100398804233620e-01 3.272490029894207196e-03 0.000000000000000000e+00
2.075000000000000000e+01 9.854554856520104655e-01 1.454451434799025611e-02 2.908902869598051222e-03 1.000000000000000666e+00 9.883982354616615007e-01 2.900441134584677734e-03 0.000000000000000000e+00
2.080000000000000071e+01 9.872159296031218778e-01 1.278407039687901037e-02 2.556814079375802073e-03 1.000000000000000888e+00 9.897988929691070581e-01 2.550276757723261498e-03 0.000000000000000000e+00
2.085000000000000142e+01 9.888644977440863570e-01 1.113550225591453113e-02 2.227100451182906227e-03 1.000000000000000888e+00 9.911114381778994842e-01 2.222140455525175792e-03 0.000000000000000000e+00
2.090000000000000213e+01 9.904007360432797169e-01 9.599263956721060254e-03 1.919852791344212051e-03 1.000000000000000888e+00 9.923353322444216085e-01 1.916166938894639515e-03 0.000000000000000000e+00
2.095000000000000284e+01 9.918242211199468361e-01 8.175778880053774511e-03 1.635155776010754902e-03 1.000000000000000666e+00 9.934700719153086723e-01 1.632482021172872253e-03 0.000000000000000000e+00
2.100000000000000000e+01 9.931345603252096366e-01 6.865439674791085078e-03 1.373087934958217016e-03 1.000000000000000666e+00 9.945151898284761982e-01 1.371202542880989913e-03 0.000000000000000000e+00
2.105000000000000071e+01 9.943313919565016645e-01 5.668608043499223648e-03 1.133721608699844730e-03 1.000000000000000888e+00 9.954702549371465814e-01 1.132436265713402789e-03 0.000000000000000000e+00
2.110000000000000142e+01 9.954143855346986314e-01 4.585614465301979248e-03 9.171228930603958496e-04 1.000000000000000666e+00 9.963348729621879230e-01 9.162817594530726049e-04 0.000000000000000000e+00
2.115000000000000213e+01 9.963832418465610186e-01 3.616758153439647572e-03 7.233516306879295144e-04 1.000000000000000666e+00 9.971086865110099229e-01 7.228283722475390121e-04 0.000000000000000000e+00
2.120000000000000284e+01 9.972376930194608580e-01 2.762306980539641632e-03 5.524613961079283264e-04 1.000000000000000444e+00 9.977913753488419912e-01 5.521561627895429578e-04 0.000000000000000000e+00
2.125000000000000000e+01 9.979775027438604340e-01 2.022497256140287636e-03 4.044994512280575272e-04 1.000000000000000666e+00 9.983826567498892413e-01 4.043358125277195562e-04 0.000000000000000000e+00
2.130000000000000071e+01 9.986024663743013896e-01 1.397533625699109994e-03 2.795067251398219987e-04 1.000000000000000444e+00 9.988822856746139012e-01 2.794285813465416748e-04 0.000000000000000000e+00
2.135000000000000142e+01 9.991124109442776069e-01 8.875890557230592393e-04 1.775178111446118479e-04 1.000000000000000666e+00 9.992900548854595222e-01 1.774862786351434152e-04 0.000000000000000000e+00
2.140000000000000213e+01 9.995071952679194238e-01 4.928047320812423138e-04 9.856094641624846275e-05 1.000000000000000666e+00 9.996057951484161874e-01 9.855121289597770133e-05 0.000000000000000000e+00
2.145000000000000284e+01 9.997867100536488305e-01 2.132899463516690908e-04 4.265798927033381815e-05 1.000000000000000444e+00 9.998293754000485700e-01 4.265614998787813506e-05 0.000000000000000000e+00
2.150000000000000000e+01 9.999508779032618699e-01 4.912209673885170602e-05 9.824419347770341204e-06 1.000000000000000666e+00 9.999607027871377785e-01 9.824303215566911973e-06 0.000000000000000000e+00
2.155000000000000071e+01 9.999996533346400263e-01 3.466653605843639241e-07 6.933307211687278482e-08 1.000000000000000666e+00 9.999997227460146743e-01 6.931349634979258470e-08 0.000000000000000000e+00
2.160000000000000142e+01 9.999330228433515044e-01 6.697715664916170653e-05 1.339543132983234131e-05 1.000000000000000666e+00 9.999464190709393963e-01 1.339523226516027190e-05 0.000000000000000000e+00
2.165000000000000213e+01 9.997510048900427604e-01 2.489951099579612581e-04 4.979902199159225162e-05 1.000000000000000666e+00 9.998008139096498104e-01 4.979652258755605586e-05 0.000000000000000000e+00
2.170000000000000284e+01 9.994536498782637945e-01 5.463501217370381191e-04 1.092700243474076238e-04 1.000000000000000888e+00 9.995629677412872782e-01 1.092580646781931972e-04 0.000000000000000000e+00
2.175000000000000000e+01 9.990410401517656469e-01 9.589598482351302522e-04 1.917919696470260504e-04 1.000000000000000888e+00 9.992329793358523116e-01 1.917551660369203200e-04 0.000000000000000000e+00
2.180000000000000071e+01 9.985132899546856899e-01 1.486710045315031703e-03 2.973420090630063406e-04 1.000000000000000666e+00 9.988109856900160288e-01 2.972535774959933355e-04 0.000000000000000000e+00
2.185000000000000142e+01 9.978705453722510610e-01 2.129454627749771678e-03 4.258909255499543356e-04 1.000000000000000888e+00 9.982971619097363858e-01 4.257095225659021437e-04 0.000000000000000000e+00
2.190000000000000213e+01 9.971129842729545834e-01 2.887015727046082780e-03 5.774031454092165561e-04 1.000000000000000666e+00 9.976917210723613705e-01 5.770697319096471881e-04 0.000000000000000000e+00
2.195000000000000284e+01 9.962408162392804023e-01 3.759183760720374856e-03 7.518367521440749712e-04 1.000000000000000888e+00 9.969949141008132010e-01 7.512714747966926006e-04 0.000000000000000000e+00
2.200000000000000000e+01 9.952542824620083106e-01 4.745717537992244495e-03 9.491435075984488989e-04 1.000000000000000444e+00 9.962070295440849099e-01 9.482426139787853130e-04 0.000000000000000000e+00
2.205000000000000071e+01 9.941536556300790695e-01 5.846344369921929740e-03 1.169268873984385948e-03 1.000000000000000888e+00 9.953283933397160110e-01 1.167901665071000277e-03 0.000000000000000000e+00
2.210000000000000142e+01 9.929392398370681105e-01 7.060760162932722128e-03 1.412152032586544426e-03 1.000000000000000888e+00 9.943593686339011750e-01 1.410157841524703644e-03 0.000000000000000000e+00
2.215000000000000213e+01 9.916113704417813812e-01 8.388629558219451443e-03 1.677725911643890289e-03 1.000000000000000888e+00 9.933003554920745160e-01 1.674911126981373614e-03 0.000000000000000000e+00
2.220000000000000284e+01 9.901704138766368457e-01 9.829586123363820427e-03 1.965917224672764085e-03 1.000000000000000666e+00 9.921517905029413331e-01 1.962052374264664986e-03 0.000000000000000000e+00
2.225000000000000000e+01 9.886167675470580729e-01 1.138323245294281527e-02 2.276646490588563054e-03 1.000000000000000888e+00 9.909141465798161352e-01 2.271463355045968361e-03 0.000000000000000000e+00
2.230000000000000071e+01 9.869508596693764568e-01 1.304914033062432033e-02 2.609828066124864066e-03 1.000000000000000888e+00 9.895879326223782080e-01 2.603016844405461883e-03 0.000000000000000000e+00
2.235000000000000142e+01 9.851731489991688573e-01 1.482685100083203089e-02 2.965370200166406178e-03 1.000000000000000888e+00 9.881736929647739753e-01 2.956576758806517442e-03 0.000000000000000000e+00
2.240000000000000213e+01 9.832841246906045551e-01 1.671587530939627753e-02 3.343175061879255505e-03 1.000000000000000888e+00 9.866720070999795977e-01 3.331998225005103169e-03 0.000000000000000000e+00
2.245000000000000284e+01 9.812843061171515613e-01 1.871569388284949342e-02 3.743138776569898685e-03 1.000000000000001110e+00 9.850834893073548981e-01 3.729127673161268964e-03 0.000000000000000000e+00
2.250000000000000000e+01 9.791742426205156669e-01 2.082575737948538785e-02 4.165151475897077571e-03 1.000000000000001110e+00 9.834087881293305244e-01 4.147802967667363686e-03 0.000000000000000000e+00
2.255000000000000071e+01 9.769545131847604535e-01 2.304548681524049014e-02 4.609097363048098028e-03 1.000000000000000888e+00 9.816485857424859240e-01 4.587853564378514652e-03 0.000000000000000000e+00
2.260000000000000142e+01 9.746257263097026780e-01 2.537427369029843227e-02 5.074854738059686454e-03 1.000000000000001110e+00 9.798035977048085154e-01 5.049100573797855526e-03 0.000000000000000000e+00
2.265000000000000213e+01 9.721885197723294514e-01 2.781148022767160333e-02 5.562296045534320665e-03 1.000000000000001110e+00 9.778745724338101519e-01 5.531356891547465487e-03 0.000000000000000000e+00
2.270000000000000284e+01 9.696435602202779780e-01 3.035643977972318774e-02 6.071287955944637549e-03 1.000000000000001110e+00 9.758622904167342238e-01 6.034427395816431908e-03 0.000000000000000000e+00
2.275000000000000000e+01 9.669915429159734455e-01 3.300845708402749823e-02 6.601691416805499646e-03 1.000000000000000888e+00 9.737675637287988017e-01 6.558109067800287420e-03 0.000000000000000000e+00
2.280000000000000071e+01 9.642331915268028686e-01 3.576680847319824164e-02 7.153361694639648327e-03 1.000000000000001110e+00 9.715912355995055538e-01 7.102191100123612412e-03 0.000000000000000000e+00
2.285000000000000142e+01 9.613692578711469094e-01 3.863074212885425629e-02 7.726148425770851258e-03 1.000000000000001110e+00 9.693341798484281790e-01 7.666455037892960442e-03 0.000000000000000000e+00
2.290000000000000213e+01 9.584005213515445210e-01 4.159947864845636722e-02 8.319895729691273445e-03 1.000000000000000888e+00 9.669972998332830860e-01 8.250675041679218086e-03 0.000000000000000000e+00
2.295000000000000284e+01 9.553277887815295744e-01 4.467221121847136933e-02 8.934442243694273866e-03 1.000000000000000888e+00 9.645815281274451314e-01 8.854617968138698073e-03 0.000000000000000000e+00
2.300000000000000000e+01 9.521518940995603586e-01 4.784810590044069611e-02 9.569621180088139223e-03 1.000000000000001110e+00 9.620878259142346955e-01 9.478043521441301827e-03 0.000000000000000000e+00
2.305000000000000071e+01 9.488736980562594292e-01 5.112630194374162551e-02 1.022526038874832510e-02 1.000000000000001110e+00 9.595171823238115572e-01 1.012070441904708643e-02 0.000000000000000000e+00
2.310000000000000142e+01 9.454940875647467324e-01 5.450591243525426677e-02 1.090118248705085335e-02 1.000000000000000888e+00 9.568706132630058203e-01 1.078234668424853104e-02 0.000000000000000000e+00
2.315000000000000213e+01 9.420139755605514420e-01 5.798602443944950169e-02 1.159720488788990034e-02 1.000000000000000888e+00 9.541491611553453156e-01 1.146270971116365722e-02 0.000000000000000000e+00
2.320000000000000284e+01 9.384343006612581028e-01 6.156569933874284084e-02 1.231313986774856817e-02 1.000000000000000888e+00 9.513538942120612907e-01 1.216152644698466172e-02 0.000000000000000000e+00
2.325000000000000000e+01 9.347560267981558368e-01 6.524397320184505134e-02 1.304879464036901027e-02 1.000000000000000888e+00 9.484859056854860748e-01 1.287852357862845527e-02 0.000000000000000000e+00
2.330000000000000071e+01 9.309801424988332075e-01 6.901985750116773621e-02 1.380397150023354724e-02 1.000000000000000888e+00 9.455463126100653870e-01 1.361342184748364458e-02 0.000000000000000000e+00
2.335000000000000142e+01 9.271076607576204109e-01 7.289233924238053275e-02 1.457846784847610655e-02 1.000000000000000888e+00 9.425362555644137830e-01 1.436593610889653691e-02 0.000000000000000000e+00
2.340000000000000213e+01 9.231396186557572214e-01 7.686038134424366675e-02 1.537207626884873335e-02 1.000000000000000888e+00 9.394568978609539878e-01 1.513577553476146316e-02 0.000000000000000000e+00
2.345000000000000284e+01 9.190770769707834464e-01 8.092292302921744174e-02 1.618458460584348835e-02 1.000000000000000888e+00 9.363094247700828321e-01 1.592264380747926422e-02 0.000000000000000000e+00
2.350000000000000000e+01 9.149211193697501798e-01 8.507888063025076386e-02 1.701577612605015277e-02 1.000000000000000888e+00 9.330950421423114260e-01 1.672623946442212267e-02 0.000000000000000000e+00
2.355000000000000071e+01 9.106728522802655101e-01 8.932714771973521151e-02 1.786542954394704230e-02 1.000000000000000666e+00 9.298149761777275701e-01 1.754625595556807624e-02 0.000000000000000000e+00
2.360000000000000142e+01 9.063334044833726288e-01 9.366659551662825933e-02 1.873331910332565187e-02 1.000000000000000888e+00 9.264704725769097315e-01 1.838238185577253936e-02 0.000000000000000000e+00
2.365000000000000213e+01 9.019039267495344570e-01 9.809607325046626469e-02 1.961921465009325294e-02 1.000000000000000666e+00 9.230627958022240565e-01 1.923430104944397201e-02 0.000000000000000000e+00
2.370000000000000284e+01 8.973855909136653208e-01 1.026144090863354008e-01 2.052288181726708016e-02 1.000000000000000666e+00 9.195932275461874417e-01 2.010169311345310836e-02 0.000000000000000000e+00
2.375000000000000000e+01 8.927795897238188783e-01 1.072204102761817324e-01 2.144408205523634647e-02 1.000000000000000666e+00 9.160630664715936344e-01 2.098423338210156711e-02 0.000000000000000000e+00
2.380000000000000071e+01 8.880871364320918060e-01 1.119128635679089712e-01 2.238257271358179423e-02 1.000000000000000888e+00 9.124736273955402766e-01 2.188159315111489617e-02 0.000000000000000000e+00
2.385000000000000142e+01 8.833094644903729531e-01 1.166905355096278796e-01 2.333810710192557591e-02 1.000000000000000888e+00 9.088262406153416739e-01 2.279343984616455029e-02 0.000000000000000000e+00
2.390000000000000213e+01 8.784478265216221216e-01 1.215521734783786556e-01 2.431043469567573112e-02 1.000000000000000888e+00 9.051222502638499590e-01 2.371943743403747903e-02 0.000000000000000000e+00
2.395000000000000284e+01 8.735034940703799711e-01 1.264965059296208061e-01 2.529930118592416122e-02 1.000000000000000888e+00 9.013630138978568906e-01 2.465924652553572877e-02 0.000000000000000000e+00
2.400000000000000000e+01 8.684777572737225615e-01 1.315222427262782712e-01 2.630444854525565423e-02 1.000000000000000888e+00 8.975499018794953487e-01 2.561252453012613506e-02 0.000000000000000000e+00
2.405000000000000071e+01 8.633719245348618898e-01 1.366280754651388873e-01 2.732561509302777747e-02 1.000000000000000888e+00 8.936842966133494714e-01 2.657892584666258703e-02 0.000000000000000000e+00
2.410000000000000142e+01 8.581873215690475343e-01 1.418126784309531319e-01 2.836253568619062637e-02 1.000000000000000666e+00 8.897675910777668173e-01 2.755810223055827485e-02 0.000000000000000000e+00
2.415000000000000213e+01 8.529252908850573078e-01 1.470747091149435248e-01 2.941494182298870497e-02 1.000000000000000888e+00 8.858011880043793473e-01 2.854970299890513194e-02 0.000000000000000000e+00
2.420000000000000284e+01 8.475871916227387670e-01 1.524128083772618991e-01 3.048256167545237982e-02 1.000000000000000666e+00 8.817864995913254900e-01 2.955337510216860322e-02 0.000000000000000000e+00
2.425000000000000000e+01 8.421743990848612471e-01 1.578256009151393635e-01 3.156512018302787270e-02 1.000000000000000666e+00 8.777249465147870522e-01 3.056876337130320573e-02 0.000000000000000000e+00
2.430000000000000071e+01 8.366883041238081242e-01 1.633116958761923754e-01 3.266233917523847508e-02 1.000000000000000444e+00 8.736179569776906240e-01 3.159551075557730238e-02 0.000000000000000000e+00
2.435000000000000142e+01 8.311303121946632677e-01 1.688696878053372319e-01 3.377393756106744638e-02 1.000000000000000444e+00 8.694669652914638336e-01 3.263325867713399997e-02 0.000000000000000000e+00
2.440000000000000213e+01 8.255018432837903930e-01 1.744981567162101621e-01 3.489963134324203242e-02 1.000000000000000444e+00 8.652734117618938736e-01 3.368164705952650384e-02 0.000000000000000000e+00
2.445000000000000284e+01 8.198043313997694925e-01 1.801956686002309516e-01 3.603913372004619031e-02 1.000000000000000444e+00 8.610387417456153436e-01 3.474031456359612247e-02 0.000000000000000000e+00
2.450000000000000000e+01 8.140392243075629253e-01 1.859607756924375188e-01 3.719215513848750376e-02 1.000000000000000444e+00 8.567644050974784209e-01 3.580889872563036008e-02 0.000000000000000000e+00
2.455000000000000071e+01 8.082079822833772020e-01 1.917920177166232421e-01 3.835840354332464841e-02 1.000000000000000444e+00 8.524518544210915039e-01 3.688703639472709628e-02 0.000000000000000000e+00
2.460000000000000142e+01 8.023120778640887574e-01 1.976879221359117977e-01 3.953758442718235955e-02 1.000000000000000444e+00 8.481025446997106920e-01 3.797436382507229230e-02 0.000000000000000000e+00
2.465000000000000213e+01 7.963529955873057675e-01 2.036470044126947876e-01 4.072940088253895752e-02 1.000000000000000444e+00 8.437179328691346569e-01 3.907051678271628026e-02 0.000000000000000000e+00
2.470000000000000284e+01 7.903322315853514857e-01 2.096677684146491805e-01 4.193355368292983609e-02 1.000000000000000666e+00 8.392994769617324602e-01 4.017513075956685026e-02 0.000000000000000000e+00
2.475000000000000000e+01 7.842512928002592920e-01 2.157487071997413186e-01 4.314974143994826372e-02 1.000000000000000666e+00 8.348486350607360329e-01 4.128784123481596402e-02 0.000000000000000000e+00
2.480000000000000071e+01 7.781116960903688984e-01 2.218883039096317122e-01 4.437766078192634245e-02 1.000000000000000666e+00 8.303668640779529042e-01 4.240828398051173231e-02 0.000000000000000000e+00
2.485000000000000142e+01 7.719149681882021552e-01 2.280850318117985664e-01 4.561700636235971329e-02 1.000000000000000666e+00 8.258556196926846171e-01 4.353609507682881102e-02 0.000000000000000000e+00
2.490000000000000213e+01 7.656626451684237500e-01 2.343373548315769161e-01 4.686747096631538323e-02 1.000000000000000666e+00 8.213163554638205355e-01 4.467091113404481756e-02 0.000000000000000000e+00
2.495000000000000284e+01 7.593562722724730429e-01 2.406437277275275122e-01 4.812874554550550243e-02 1.000000000000000444e+00 8.167505224315853019e-01 4.581236939210363290e-02 0.000000000000000000e+00
2.500000000000000000e+01 7.529974025761925205e-01 2.470025974238079791e-01 4.940051948476159582e-02 1.000000000000000444e+00 8.121595674568529155e-01 4.696010813578674337e-02 0.000000000000000000e+00
2.505000000000000071e+01 7.465875966774161432e-01 2.534124033225845785e-01 5.068248066451691569e-02 1.000000000000000666e+00 8.075449328101237390e-01 4.811376679746903751e-02 0.000000000000000000e+00
2.510000000000000142e+01 7.401284225412269047e-01 2.598715774587737060e-01 5.197431549175474119e-02 1.000000000000000666e+00 8.029080559527246308e-01 4.927298601181880067e-02 0.000000000000000000e+00
2.515000000000000213e+01 7.336214550144714019e-01 2.663785449855290977e-01 5.327570899710581953e-02 1.000000000000000444e+00 7.982503686794448772e-01 5.043740783013872520e-02 0.000000000000000000e+00
2.520000000000000284e+01 7.270682753754554861e-01 2.729317246245452355e-01 5.458634492490904710e-02 1.000000000000000666e+00 7.935732965561026475e-01 5.160667586097430343e-02 0.000000000000000000e+00
2.525000000000000000e+01 7.204704701195679961e-01 2.795295298804326145e-01 5.590590597608652290e-02 1.000000000000000666e+00 7.888782574837569506e-01 5.278043562906070685e-02 0.000000000000000000e+00
2.530000000000000071e+01 7.138296308857806638e-01 2.861703691142197803e-01 5.723407382284395606e-02 1.000000000000000444e+00 7.841666616063218687e-01 5.395833459841949120e-02 0.000000000000000000e+00
2.535000000000000142e+01 7.071473541379361683e-01 2.928526458620644979e-01 5.857052917241289958e-02 1.000000000000000666e+00 7.794399108820987410e-01 5.514002227947525231e-02 0.000000000000000000e+00
2.540000000000000213e+01 7.004252408811151298e-01 2.995747591188854808e-01 5.991495182377709616e-02 1.000000000000000666e+00 7.746993985170549379e-01 5.632515037073622388e-02 0.000000000000000000e+00
2.545000000000000284e+01 6.936648958132400900e-01 3.063351041867604097e-01 6.126702083735208193e-02 1.000000000000000444e+00 7.699465080799058336e-01 5.751337298002348608e-02 0.000000000000000000e+00
2.550000000000000000e+01 6.868679264360427750e-01 3.131320735639578356e-01 6.262641471279156713e-02 1.000000000000000666e+00 7.651826125174723270e-01 5.870434687063187662e-02 0.000000000000000000e+00
2.555000000000000071e+01 6.800359430470384048e-01 3.199640569529624279e-01 6.399281139059248558e-02 1.000000000000000888e+00 7.604090741453685132e-01 5.989773146365781620e-02 0.000000000000000000e+00
2.560000000000000142e+01 6.731705582864906390e-01 3.268294417135100827e-01 6.536588834270201653e-02 1.000000000000000666e+00 7.556272440866954598e-01 6.109318897832607953e-02 0.000000000000000000e+00
2.565000000000000213e+01 6.662733870740890074e-01 3.337266129259117142e-01 6.674532258518234284e-02 1.000000000000000666e+00 7.508384620258541364e-01 6.229038449353641732e-02 0.000000000000000000e+00
2.570000000000000284e+01 6.593460454376566249e-01 3.406539545623440968e-01 6.813079091246881935e-02 1.000000000000000666e+00 7.460440550954033911e-01 6.348898622614911058e-02 0.000000000000000000e+00
2.575000000000000000e+01 6.523901499196865794e-01 3.476098500803143088e-01 6.952197001606286175e-02 1.000000000000000888e+00 7.412453372767148219e-01 6.468866568082126678e-02 0.000000000000000000e+00
2.580000000000000071e+01 6.454073175654116978e-01 3.545926824345890793e-01 7.091853648691781586e-02 1.000000000000000888e+00 7.364436093884219048e-01 6.588909765289448217e-02 0.000000000000000000e+00
2.585000000000000142e+01 6.383991654413716521e-01 3.616008345586291250e-01 7.232016691172582501e-02 1.000000000000000888e+00 7.316401585551867148e-01 6.708996036120327966e-02 0.000000000000000000e+00
2.590000000000000213e+01 6.313673106569166471e-01 3.686326893430841301e-01 7.372653786861682601e-02 1.000000000000000888e+00 7.268362581024164770e-01 6.829093547439585299e-02 0.000000000000000000e+00
2.595000000000000284e+01 6.243133690949045356e-01 3.756866309050962971e-01 7.513732618101925942e-02 1.000000000000000888e+00 7.220331664798299576e-01 6.949170838004248285e-02 0.000000000000000000e+00
2.600000000000000000e+01 6.172389549609107462e-01 3.827610450390900310e-01 7.655220900781800619e-02 1.000000000000000888e+00 7.172321268579937570e-01 7.069196828550153300e-02 0.000000000000000000e+00
2.605000000000000071e+01 6.101456807691862938e-01 3.898543192308143168e-01 7.797086384616286336e-02 1.000000000000000666e+00 7.124343671168832381e-01 7.189140822077916271e-02 0.000000000000000000e+00
2.610000000000000142e+01 6.030351568841479937e-01 3.969648431158528945e-01 7.939296862317057890e-02 1.000000000000000888e+00 7.076410994259597631e-01 7.308972514351001759e-02 0.000000000000000000e+00
2.615000000000000213e+01 5.959089915849506980e-01 4.040910084150500792e-01 8.081820168301001583e-02 1.000000000000000888e+00 7.028535202085188782e-01 7.428661994787023881e-02 0.000000000000000000e+00
2.620000000000000284e+01 5.887687898183537882e-01 4.112312101816470444e-01 8.224624203632940889e-02 1.000000000000000888e+00 6.980728092277718178e-01 7.548179769305700393e-02 0.000000000000000000e+00
2.625000000000000000e+01 5.816161527805309150e-01 4.183838472194698066e-01 8.367676944389396132e-02 1.000000000000000666e+00 6.933001292676139737e-01 7.667496768309646493e-02 0.000000000000000000e+00
2.630000000000000071e+01 5.744526779105473269e-01 4.255473220894531727e-01 8.510946441789063455e-02 1.000000000000000444e+00 6.885366261284900924e-01 7.786584346787743527e-02 0.000000000000000000e+00
2.635000000000000142e+01 5.672799584824436137e-01 4.327200415175569415e-01 8.654400830351138829e-02 1.000000000000000444e+00 6.837834283511204925e-01 7.905414291221983525e-02 0.000000000000000000e+00
2.640000000000000213e+01 5.600995836974916875e-01 4.399004163025088676e-01 8.798008326050177352e-02 1.000000000000000444e+00 6.790416472266522785e-01 8.023958819333687487e-02 0.000000000000000000e+00
2.645000000000000284e+01 5.529131375473889110e-01 4.470868624526116997e-01 8.941737249052233993e-02 1.000000000000000666e+00 6.743123761043769981e-01 8.142190597390572271e-02 0.000000000000000000e+00
2.650000000000000000e+01 5.457221983431622681e-01 4.542778016568382871e-01 9.085556033136765741e-02 1.000000000000000444e+00 6.695966901018163275e-01 8.260082747454586261e-02 0.000000000000000000e+00
2.655000000000000071e+01 5.385283387151587053e-01 4.614716612848421273e-01 9.229433225696842547e-02 1.000000000000000888e+00 6.648956461047188515e-01 8.377608847382024548e-02 0.000000000000000000e+00
2.660000000000000142e+01 5.313331252992402609e-01 4.686668747007605162e-01 9.373337494015210325e-02 1.000000000000000888e+00 6.602102826411447856e-01 8.494742933971374810e-02 0.000000000000000000e+00
2.665000000000000213e+01 5.241381187871482217e-01 4.758618812128523334e-01 9.517237624257046669e-02 1.000000000000000444e+00 6.555416199202630523e-01 8.611459501993418142e-02 0.000000000000000000e+00
2.670000000000000284e+01 5.169448730374490708e-01 4.830551269625515953e-01 9.661102539251031907e-02 1.000000000000000666e+00 6.508906593978445176e-01 8.727733515053882896e-02 0.000000000000000000e+00
2.675000000000000000e+01 5.097549344618728107e-01 4.902450655381279665e-01 9.804901310762559330e-02 1.000000000000000888e+00 6.462583834983228748e-01 8.843540412541923967e-02 0.000000000000000000e+00
2.680000000000000071e+01 5.025698420253110754e-01 4.974301579746895352e-01 9.948603159493790704e-02 1.000000000000000666e+00 6.416457556147936447e-01 8.958856109630153330e-02 0.000000000000000000e+00
2.685000000000000142e+01 4.953911270579626214e-01 5.046088729420381558e-01 1.009217745884076201e-01 1.000000000000000888e+00 6.370537200923944710e-01 9.073656997690132675e-02 0.000000000000000000e+00
2.690000000000000213e+01 4.882203131937778440e-01 5.117796868062227666e-01 1.023559373612445422e-01 1.000000000000000666e+00 6.324832023296107497e-01 9.187919941759725706e-02 0.000000000000000000e+00
2.695000000000000284e+01 4.810589158528874587e-01 5.189410841471131519e-01 1.037882168294226304e-01 1.000000000000000666e+00 6.279351085671757149e-01 9.301622285820601577e-02 0.000000000000000000e+00
2.700000000000000000e+01 4.739084414342861762e-01 5.260915585657144344e-01 1.052183117131428869e-01 1.000000000000000666e+00 6.234103256606320365e-01 9.414741858484193537e-02 0.000000000000000000e+00
2.705000000000000071e+01 4.667703873037415407e-01 5.332296126962590144e-01 1.066459225392518140e-01 1.000000000000000444e+00 6.189097210776904889e-01 9.527256973057730838e-02 0.000000000000000000e+00
2.710000000000000142e+01 4.596462417058192473e-01 5.403537582941814188e-01 1.080707516588362838e-01 1.000000000000000666e+00 6.144341429199189353e-01 9.639146427002021067e-02 0.000000000000000000e+00
2.715000000000000213e+01 4.525374836174126392e-01 5.474625163825880270e-01 1.094925032765176054e-01 1.000000000000000666e+00 6.099844201401977140e-01 9.750389496495051600e-02 0.000000000000000000e+00
2.720000000000000284e+01 4.454455825933721358e-01 5.545544174066285859e-01 1.109108834813257172e-01 1.000000000000000666e+00 6.055613624774147663e-01 9.860965938064625291e-02 0.000000000000000000e+00
2.725000000000000000e+01 4.383719978230837255e-01 5.616280021769171071e-01 1.123256004353834214e-01 1.000000000000000888e+00 6.011657603452115195e-01 9.970855991369703686e-02 0.000000000000000000e+00
2.730000000000000071e+01 4.313181780664295251e-01 5.686818219335711966e-01 1.137363643867142504e-01 1.000000000000000666e+00 5.967983848320173035e-01 1.008004037919956047e-01 0.000000000000000000e+00
2.735000000000000142e+01 4.242855616294600729e-01 5.757144383705405932e-01 1.151428876741081297e-01 1.000000000000000666e+00 5.924599877150238392e-01 1.018850030712439708e-01 0.000000000000000000e+00
2.740000000000000213e+01 4.172755761798963015e-01 5.827244238201043647e-01 1.165448847640208618e-01 1.000000000000000666e+00 5.881513017716571978e-01 1.029621745570856450e-01 0.000000000000000000e+00
2.745000000000000284e+01 4.102896388648153980e-01 5.897103611351852681e-01 1.179420722270370647e-01 1.000000000000000666e+00 5.838730408416185069e-01 1.040317397895952900e-01 0.000000000000000000e+00
2.750000000000000000e+01 4.033291553796026219e-01 5.966708446203980998e-01 1.193341689240796089e-01 1.000000000000000666e+00 5.796258998449794753e-01 1.050935250387550618e-01 0.000000000000000000e+00
2.755000000000000071e+01 3.963955197884796999e-01 6.036044802115209107e-01 1.207208960423041821e-01 1.000000000000000666e+00 5.754105548220973532e-01 1.061473612944756062e-01 0.000000000000000000e+00
2.760000000000000142e+01 3.894901145243880314e-01 6.105098854756124682e-01 1.221019770951224936e-01 1.000000000000000444e+00 5.712276629337210698e-01 1.071930842665696770e-01 0.000000000000000000e+00
2.765000000000000213e+01 3.826143102478071767e-01 6.173856897521934339e-01 1.234771379504386868e-01 1.000000000000000666e+00 5.670778627503819669e-01 1.082305343124044389e-01 0.000000000000000000e+00
2.770000000000000284e+01 3.757694660253038110e-01 6.242305339746967441e-01 1.248461067949393488e-01 1.000000000000000444e+00 5.629617745344465130e-01 1.092595563663883163e-01 0.000000000000000000e+00
2.775000000000000000e+01 3.689569286657502500e-01 6.310430713342505271e-01 1.262086142668500943e-01 1.000000000000000888e+00 5.588800002783564924e-01 1.102799999304108075e-01 0.000000000000000000e+00
2.780000000000000071e+01 3.621780323386269984e-01 6.378219676613736677e-01 1.275643935322747224e-01 1.000000000000000666e+00 5.548331238773663854e-01 1.112917190306583343e-01 0.000000000000000000e+00
2.785000000000000142e+01 3.554340985740257475e-01 6.445659014259750297e-01 1.289131802851949948e-01 1.000000000000000888e+00 5.508217111295450330e-01 1.122945722176136724e-01 0.000000000000000000e+00
2.790000000000000213e+01 3.487264362074518065e-01 6.512735637925487486e-01 1.302547127585097497e-01 1.000000000000000444e+00 5.468463098901428232e-01 1.132884225274642109e-01 0.000000000000000000e+00
2.795000000000000284e+01 3.420563414604532171e-01 6.579436585395472825e-01 1.315887317079094676e-01 1.000000000000000444e+00 5.429074506348428031e-01 1.142731373412892160e-01 0.000000000000000000e+00
2.800000000000000000e+01 3.354250977004100687e-01 6.645749022995905975e-01 1.329149804599181195e-01 1.000000000000000666e+00 5.390056464177219731e-01 1.152485883955694235e-01 0.000000000000000000e+00
2.805000000000000071e+01 3.288339748543154806e-01 6.711660251456852411e-01 1.342332050291370482e-01 1.000000000000000666e+00 5.351413932399369244e-01 1.162146516900156995e-01 0.000000000000000000e+00
2.810000000000000142e+01 3.222842293886267195e-01 6.777157706113740021e-01 1.355431541222748004e-01 1.000000000000000666e+00 5.313151700725724513e-01 1.171712074818568039e-01 0.000000000000000000e+00
2.815000000000000213e+01 3.157771042956601937e-01 6.842228957043405835e-01 1.368445791408681167e-01 1.000000000000000888e+00 5.275274389017251542e-01 1.181181402745686421e-01 0.000000000000000000e+00
2.820000000000000284e+01 3.093138291070325896e-01 6.906861708929681321e-01 1.381372341785936375e-01 1.000000000000000666e+00 5.237786453739501358e-01 1.190553386565123689e-01 0.000000000000000000e+00
2.825000000000000000e+01 3.028956199740307498e-01 6.971043800259699719e-01 1.394208760051939833e-01 1.000000000000000666e+00 5.200692188310204189e-01 1.199826952922448259e-01 0.000000000000000000e+00
2.830000000000000071e+01 2.965236790349543572e-01 7.034763209650463089e-01 1.406952641930092618e-01 1.000000000000000666e+00 5.163995727519380408e-01 1.209001068120153927e-01 0.000000000000000000e+00
2.835000000000000142e+01 2.901991943227502091e-01 7.098008056772506791e-01 1.419601611354501247e-01 1.000000000000000888e+00 5.127701048812892681e-01 1.218074737796775997e-01 0.000000000000000000e+00
2.840000000000000213e+01 2.839233397649663648e-01 7.160766602350343568e-01 1.432153320470068714e-01 1.000000000000000666e+00 5.091811972293996957e-01 1.227047006926500067e-01 0.000000000000000000e+00
2.845000000000000284e+01 2.776972751734334000e-01 7.223027248265673217e-01 1.444605449653134643e-01 1.000000000000000666e+00 5.056332165456113303e-01 1.235916958635970841e-01 0.000000000000000000e+00
2.850000000000000000e+01 2.715221464610599877e-01 7.284778535389407894e-01 1.456955707077881579e-01 1.000000000000000888e+00 5.021265146933874268e-01 1.244683713266530878e-01 0.000000000000000000e+00
2.855000000000000071e+01 2.653990851746608204e-01 7.346009148253398457e-01 1.469201829650679803e-01 1.000000000000000666e+00 4.986614288973665876e-01 1.253346427756582837e-01 0.000000000000000000e+00
2.860000000000000142e+01 2.593292082729368730e-01 7.406707917270638486e-01 1.481341583454127697e-01 1.000000000000000666e+00 4.952382821149931558e-01 1.261904294712516417e-01 0.000000000000000000e+00
2.865000000000000213e+01 2.533136181264736830e-01 7.466863818735272051e-01 1.493372763747054521e-01 1.000000000000000888e+00 4.918573830365157162e-01 1.270356542408710154e-01 0.000000000000000000e+00
2.870000000000000284e+01 2.473534025157741456e-01 7.526465974842266871e-01 1.505293194968453374e-01 1.000000000000000888e+00 4.885190262834790409e-01 1.278702434291301426e-01 0.000000000000000000e+00
2.875000000000000000e+01 2.414496348272005544e-01 7.585503651728000563e-01 1.517100730345600224e-01 1.000000000000000666e+00 4.852234931497554360e-01 1.286941267125610577e-01 0.000000000000000000e+00
2.880000000000000071e+01 2.356033738811869616e-01 7.643966261188137601e-01 1.528793252237627409e-01 1.000000000000000666e+00 4.819710515908026682e-01 1.295072371022992497e-01 0.000000000000000000e+00
2.885000000000000142e+01 2.298156635832837025e-01 7.701843364167171302e-01 1.540368672833434260e-01 1.000000000000000888e+00 4.787619568376232926e-01 1.303095107905940797e-01 0.000000000000000000e+00
2.890000000000000213e+01 2.240875329133235339e-01 7.759124670866770490e-01 1.551824934173354209e-01 1.000000000000000666e+00 4.755964514371365803e-01 1.311008871407157717e-01 0.000000000000000000e+00
2.895000000000000284e+01 2.184199959247128120e-01 7.815800040752879374e-01 1.563160008150575875e-01 1.000000000000000666e+00 4.724747652988391944e-01 1.318813086752901320e-01 0.000000000000000000e+00
2.900000000000000000e+01 2.128140518812290383e-01 7.871859481187717389e-01 1.574371896237543589e-01 1.000000000000000888e+00 4.693971164498604298e-01 1.326507208875348232e-01 0.000000000000000000e+00
2.905000000000000071e+01 2.072706853372500158e-01 7.927293146627506504e-01 1.585458629325501301e-01 1.000000000000000666e+00 4.663637110908058214e-01 1.334090722272984753e-01 0.000000000000000000e+00
2.910000000000000142e+01 2.017908657566899744e-01 7.982091342433108583e-01 1.596418268486621828e-01 1.000000000000000888e+00 4.633747442021612928e-01 1.341563139494596213e-01 0.000000000000000000e+00
2.915000000000000213e+01 1.963755474666365464e-01 8.036244525333644528e-01 1.607248905066728795e-01 1.000000000000000888e+00 4.604303997266895321e-01 1.348924000683275615e-01 0.000000000000000000e+00
2.920000000000000284e+01 1.910256696573506552e-01 8.089743303426499832e-01 1.617948660685299966e-01 1.000000000000000666e+00 4.575308505694430927e-01 1.356172873576391713e-01 0.000000000000000000e+00
2.925000000000000000e+01 1.857421564552126092e-01 8.142578435447880292e-01 1.628515687089576169e-01 1.000000000000000666e+00 4.546762590955333860e-01 1.363309352261166119e-01 0.000000000000000000e+00
2.930000000000000071e+01 1.805259171490586623e-01 8.194740828509419206e-01 1.638948165701883952e-01 1.000000000000000666e+00 4.518667775504608963e-01 1.370333056123847204e-01 0.000000000000000000e+00
2.935000000000000142e+01 1.753778458890238312e-01 8.246221541109768349e-01 1.649244308221953781e-01 1.000000000000000666e+00 4.491025483628216519e-01 1.377243629092945454e-01 0.000000000000000000e+00
2.940000000000000213e+01 1.702988215841570174e-01 8.297011784158436765e-01 1.659402356831687353e-01 1.000000000000000666e+00 4.463837045847590668e-01 1.384040738538101778e-01 0.000000000000000000e+00
2.945000000000000284e+01 1.652897079024214511e-01 8.347102920975792983e-01 1.669420584195158708e-01 1.000000000000000666e+00 4.437103698919646622e-01 1.390724075270087789e-01 0.000000000000000000e+00
2.950000000000000000e+01 1.603513533013604109e-01 8.396486466986402553e-01 1.679297293397280511e-01 1.000000000000000666e+00 4.410826587932813458e-01 1.397293353016796080e-01 0.000000000000000000e+00
2.955000000000000071e+01 1.554845912826705312e-01 8.445154087173301072e-01 1.689030817434660214e-01 1.000000000000000666e+00 4.385006773587802331e-01 1.403748306603048723e-01 0.000000000000000000e+00
2.960000000000000142e+01 1.506902402499860349e-01 8.493097597500145479e-01 1.698619519500029207e-01 1.000000000000000666e+00 4.359645232456507702e-01 1.410088691885872381e-01 0.000000000000000000e+00
2.965000000000000213e+01 1.459691033500499502e-01 8.540308966499507992e-01 1.708061793299901487e-01 1.000000000000000666e+00 4.334742863310461214e-01 1.416314284172384141e-01 0.000000000000000000e+00
2.970000000000000284e+01 1.413219684711997937e-01 8.586780315288009557e-01 1.717356063057601800e-01 1.000000000000000666e+00 4.310300487486851129e-01 1.422424878128286663e-01 0.000000000000000000e+00
2.975000000000000000e+01 1.367496082521744427e-01 8.632503917478262512e-01 1.726500783495652502e-01 1.000000000000000666e+00 4.286318849523501062e-01 1.428420287619124318e-01 0.000000000000000000e+00
2.980000000000000071e+01 1.322527802949871600e-01 8.677472197050134506e-01 1.735494439410026901e-01 1.000000000000000666e+00 4.262798624354253163e-01 1.434300343911436293e-01 0.000000000000000000e+00
2.985000000000000142e+01 1.278322271874722804e-01 8.721677728125285523e-01 1.744335545625056993e-01 1.000000000000000888e+00 4.239740417727865807e-01 1.440064895568033132e-01 0.000000000000000000e+00
2.990000000000000213e+01 1.234886763156947120e-01 8.765113236843060651e-01 1.753022647368612241e-01 1.000000000000000888e+00 4.217144772284727172e-01 1.445713806928817791e-01 0.000000000000000000e+00
2.995000000000000284e+01 1.192228398573907527e-01 8.807771601426100938e-01 1.761554320285220188e-01 1.000000000000000888e+00 4.195012168903879402e-01 1.451246957774029733e-01 0.000000000000000000e+00
3.000000000000000000e+01 1.150354147829392576e-01 8.849645852170615612e-01 1.769929170434123011e-01 1.000000000000000888e+00 4.173343026778487674e-01 1.456664243305377804e-01 0.000000000000000000e+00
3.005000000000000071e+01 1.109270830021292786e-01 8.890729169978714985e-01 1.778145833995742886e-01 1.000000000000000888e+00 4.152137708880665468e-01 1.461965572779833356e-01 0.000000000000000000e+00
3.010000000000000142e+01 1.068985115107068951e-01 8.931014884892938266e-01 1.786202976978587542e-01 1.000000000000000666e+00 4.131396524148125970e-01 1.467150868962968091e-01 0.000000000000000000e+00
3.015000000000000213e+01 1.029503522080498501e-01 8.970496477919509548e-01 1.794099295583901910e-01 1.000000000000000888e+00 4.111119731776934350e-01 1.472220067055766135e-01 0.000000000000000000e+00
3.020000000000000284e+01 9.908324188406117394e-02 9.009167581159396310e-01 1.801833516231879373e-01 1.000000000000000888e+00 4.091307543902457100e-01 1.477173114024385447e-01 0.000000000000000000e+00
3.025000000000000000e+01 9.529780221916941962e-02 9.047021977808313853e-01 1.809404395561662882e-01 1.000000000000000888e+00 4.071960125599367597e-01 1.482009968600157823e-01 0.000000000000000000e+00
3.030000000000000071e+01 9.159463987082919201e-02 9.084053601291717239e-01 1.816810720258343337e-01 1.000000000000000888e+00 4.053077598110812474e-01 1.486730600472296604e-01 0.000000000000000000e+00
3.035000000000000142e+01 8.797434668832809779e-02 9.120256533116727349e-01 1.824051306623345470e-01 1.000000000000000888e+00 4.034660043270270058e-01 1.491334989182432069e-01 0.000000000000000000e+00
3.040000000000000213e+01 8.443749955993019862e-02 9.155625004400704814e-01 1.831125000880141074e-01 1.000000000000000666e+00 4.016707505364519593e-01 1.495823123658869824e-01 0.000000000000000000e+00
3.045000000000000284e+01 8.098466039466215016e-02 9.190153396053385437e-01 1.838030679210677087e-01 1.000000000000000666e+00 3.999219995077936685e-01 1.500195001230515413e-01 0.000000000000000000e+00
3.050000000000000000e+01 7.761637612248975526e-02 9.223836238775109386e-01 1.844767247755021988e-01 1.000000000000000666e+00 3.982197489507118826e-01 1.504450627623219738e-01 0.000000000000000000e+00
3.055000000000000071e+01 7.433317874439511475e-02 9.256668212556057318e-01 1.851333642511211464e-01 1.000000000000000888e+00 3.965639933973834630e-01 1.508590016506541065e-01 0.000000000000000000e+00
3.060000000000000142e+01 7.113558555702310937e-02 9.288644144429775151e-01 1.857728828885955030e-01 1.000000000000000666e+00 3.949547247138233130e-01 1.512613188215441440e-01 0.000000000000000000e+00
3.065000000000000213e+01 6.802409904829517795e-02 9.319759009517056825e-01 1.863951801903411254e-01 1.000000000000000888e+00 3.933919321772334499e-01 1.516520169556916098e-01 0.000000000000000000e+00
3.070000000000000284e+01 6.499920687185617441e-02 9.350007931281445472e-01 1.870001586256289094e-01 1.000000000000000666e+00 3.918756028958127469e-01 1.520310992760467717e-01 0.000000000000000000e+00
3.075000000000000000e+01 6.206138184884470166e-02 9.379386181511559784e-01 1.875877236302311846e-01 1.000000000000000666e+00 3.904057218237919069e-01 1.523985695440519816e-01 0.000000000000000000e+00
3.080000000000000071e+01 5.921108199969702529e-02 9.407889180003037310e-01 1.881577836000607462e-01 1.000000000000000666e+00 3.889822718717066974e-01 1.527544320320732840e-01 0.000000000000000000e+00
3.085000000000000142e+01 5.644875075034455625e-02 9.435512492496561654e-01 1.887102498499312331e-01 1.000000000000000666e+00 3.876052343841165926e-01 1.530986914039708102e-01 0.000000000000000000e+00
3.090000000000000213e+01 5.377481686863641586e-02 9.462251831313641670e-01 1.892450366262728445e-01 1.000000000000000666e+00 3.862745891947196308e-01 1.534313527013200507e-01 0.000000000000000000e+00
3.095000000000000284e+01 5.118969443596950442e-02 9.488103055640312311e-01 1.897620611128062462e-01 1.000000000000000666e+00 3.849903150041734667e-01 1.537524212489565778e-01 0.000000000000000000e+00
3.100000000000000000e+01 4.869378285061683881e-02 9.513062171493837926e-01 1.902612434298767696e-01 1.000000000000000666e+00 3.837523894073354702e-01 1.540619026481660769e-01 0.000000000000000000e+00
3.105000000000000071e+01 4.628746685225997720e-02 9.537125331477405155e-01 1.907425066295481142e-01 1.000000000000000444e+00 3.825607889728036559e-01 1.543598027567990305e-01 0.000000000000000000e+00
3.110000000000000142e+01 4.397111670293398639e-02 9.560288832970667006e-01 1.912057766594133512e-01 1.000000000000000666e+00 3.814154896523684890e-01 1.546461275869078500e-01 0.000000000000000000e+00
3.115000000000000213e+01 4.174508814297633874e-02 9.582549118570243829e-01 1.916509823714048766e-01 1.000000000000000666e+00 3.803164668366475487e-01 1.549208832908380851e-01 0.000000000000000000e+00
3.120000000000000284e+01 3.960972236705622568e-02 9.603902776329442670e-01 1.920780555265888534e-01 1.000000000000000444e+00 3.792636956654295566e-01 1.551840760836425692e-01 0.000000000000000000e+00
3.125000000000000000e+01 3.756534602793110134e-02 9.624346539720696203e-01 1.924869307944139241e-01 1.000000000000000666e+00 3.782571510552264482e-01 1.554357122361933463e-01 0.000000000000000000e+00
3.130000000000000071e+01 3.561227126127372578e-02 9.643877287387268016e-01 1.928775457477453492e-01 1.000000000000000444e+00 3.772968077722538283e-01 1.556757980569364874e-01 0.000000000000000000e+00
3.135000000000000142e+01 3.375079584100997010e-02 9.662492041589907377e-01 1.932498408317981364e-01 1.000000000000000666e+00 3.763826407656372663e-01 1.559043398085906418e-01 0.000000000000000000e+00
3.140000000000000213e+01 3.198120313455983521e-02 9.680187968654407893e-01 1.936037593730881579e-01 1.000000000000000666e+00 3.755146252222321124e-01 1.561213436944419441e-01 0.000000000000000000e+00
3.145000000000000284e+01 3.030376208911823507e-02 9.696962379108822194e-01 1.939392475821764550e-01 1.000000000000000444e+00 3.746927368013378001e-01 1.563268157996655083e-01 0.000000000000000000e+00
3.150000000000000000e+01 2.871872723443474884e-02 9.712812727655659728e-01 1.942562545531131835e-01 1.000000000000000666e+00 3.739169516515566394e-01 1.565207620871107985e-01 0.000000000000000000e+00
3.155000000000000071e+01 2.722633871549937426e-02 9.727736612845011566e-01 1.945547322569002313e-01 1.000000000000000444e+00 3.731872464952472601e-01 1.567031883761881572e-01 0.000000000000000000e+00
3.160000000000000142e+01 2.582682241609647253e-02 9.741731775839040930e-01 1.948346355167808186e-01 1.000000000000000666e+00 3.725035988761566386e-01 1.568741002809607987e-01 0.000000000000000000e+00
3.165000000000000213e+01 2.452038990468704063e-02 9.754796100953135873e-01 1.950959220190627286e-01 1.000000000000000666e+00 3.718659872130006816e-01 1.570335031967498018e-01 0.000000000000000000e+00
3.170000000000000284e+01 2.330723843292245578e-02 9.766927615670781826e-01 1.953385523134156254e-01 1.000000000000000666e+00 3.712743909520467844e-01 1.571814022619882623e-01 0.000000000000000000e+00
3.175000000000000000e+01 2.218755093664648639e-02 9.778124490633541832e-01 1.955624898126708255e-01 1.000000000000000666e+00 3.707287905716350473e-01 1.573178023570911965e-01 0.000000000000000000e+00
3.180000000000000071e+01 2.116149608702226279e-02 9.788385039129782195e-01 1.957677007825956439e-01 1.000000000000000444e+00 3.702291676954476696e-01 1.574427080761380549e-01 0.000000000000000000e+00
3.185000000000000142e+01 2.022922835809433037e-02 9.797707716419062907e-01 1.959541543283812581e-01 1.000000000000000666e+00 3.697755052255007335e-01 1.575561236936247611e-01 0.000000000000000000e+00
3.190000000000000213e+01 1.939088797906125816e-02 9.806091120209392553e-01 1.961218224041878511e-01 1.000000000000000444e+00 3.693677874086381263e-01 1.576580531478404268e-01 0.000000000000000000e+00
3.195000000000000284e+01 1.864660093820141168e-02 9.813533990617993030e-01 1.962706798123598495e-01 1.000000000000000666e+00 3.690059999001568114e-01 1.577485000249607416e-01 0.000000000000000000e+00
3.200000000000000000e+01 1.799647898738468421e-02 9.820035210126160097e-01 1.964007042025232019e-01 1.000000000000000666e+00 3.686901297733674587e-01 1.578274675566580798e-01 0.000000000000000000e+00
3.205000000000000426e+01 1.744061970649484969e-02 9.825593802935059795e-01 1.965118760587011848e-01 1.000000000000000888e+00 3.684201656356483889e-01 1.578949585910878473e-01 0.000000000000000000e+00
3.210000000000000142e+01 1.697910650027301474e-02 9.830208934997277659e-01 1.966041786999455643e-01 1.000000000000000888e+00 3.681960976671480035e-01 1.579509755832129436e-01 0.000000000000000000e+00
3.214999999999999858e+01 1.661200857737144682e-02 9.833879914226293373e-01 1.966775982845258564e-01 1.000000000000000888e+00 3.680179176650698047e-01 1.579955205837325072e-01 0.000000000000000000e+00
3.220000000000000284e+01 1.633938095247422853e-02 9.836606190475263300e-01 1.967321238095052771e-01 1.000000000000000666e+00 3.678856190540734095e-01 1.580285952364816060e-01 0.000000000000000000e+00
3.225000000000000000e+01 1.616126447027211102e-02 9.838387355297284476e-01 1.967677471059456895e-01 1.000000000000000666e+00 3.677991969187319188e-01 1.580502007703169787e-01 0.000000000000000000e+00
3.230000000000000426e+01 1.607768582865982260e-02 9.839223141713406839e-01 1.967844628342681479e-01 1.000000000000000444e+00 3.677586480525099066e-01 1.580603379868724678e-01 0.000000000000000000e+00
3.235000000000000142e+01 1.608865755057949792e-02 9.839113424494211335e-01 1.967822684898842267e-01 1.000000000000000666e+00 3.677639709464167739e-01 1.580590072633957510e-01 0.000000000000000000e+00
3.239999999999999858e+01 1.619417798694285440e-02 9.838058220130576625e-01 1.967611644026115436e-01 1.000000000000000444e+00 3.678151657954311649e-01 1.580462085511421533e-01 0.000000000000000000e+00
3.245000000000000284e+01 1.639423132891115742e-02 9.836057686710895087e-01 1.967211537342178906e-01 1.000000000000000666e+00 3.679122345056009546e-01 1.580219413735997058e-01 0.000000000000000000e+00
3.250000000000000000e+01 1.668878760729965854e-02 9.833112123927010284e-01 1.966622424785401946e-01 1.000000000000000666e+00 3.680551806907772505e-01 1.579862048273056319e-01 0.000000000000000000e+00
3.255000000000000426e+01 1.707780267795266232e-02 9.829221973220481079e-01 1.965844394644096216e-01 1.000000000000000666e+00 3.682440096390746653e-01 1.579389975902313059e-01 0.000000000000000000e+00
3.260000000000000142e+01 1.756121822135769950e-02 9.824387817786430777e-01 1.964877563557286266e-01 1.000000000000000888e+00 3.684787283031903948e-01 1.578803179242023735e-01 0.000000000000000000e+00
3.264999999999999858e+01 1.813896174592626032e-02 9.818610382540746695e-01 1.963722076508149228e-01 1.000000000000000888e+00 3.687593452812961692e-01 1.578101636796759299e-01 0.000000000000000000e+00
3.270000000000000284e+01 1.881094657372963524e-02 9.811890534262710517e-01 1.962378106852541992e-01 1.000000000000000666e+00 3.690858707685814033e-01 1.577285323078546075e-01 0.000000000000000000e+00
3.275000000000000000e+01 1.957707182841783924e-02 9.804229281715828304e-01 1.960845856343165772e-01 1.000000000000000666e+00 3.694583164956466437e-01 1.576354208760883113e-01 0.000000000000000000e+00
3.280000000000000426e+01 2.043722243336244110e-02 9.795627775666382320e-01 1.959125555133276464e-01 1.000000000000000666e+00 3.698766957097089358e-01 1.575308260725727383e-01 0.000000000000000000e+00
3.285000000000000142e+01 2.139126910267125786e-02 9.786087308973295817e-01 1.957217461794659163e-01 1.000000000000000888e+00 3.703410231202876601e-01 1.574147442199280433e-01 0.000000000000000000e+00
3.289999999999999858e+01 2.243906832123664097e-02 9.775609316787642333e-01 1.955121863357528467e-01 1.000000000000000888e+00 3.708513148196120324e-01 1.572871712950969503e-01 0.000000000000000000e+00
3.295000000000000284e+01 2.358046233034257269e-02 9.764195376696582773e-01 1.952839075339316555e-01 1.000000000000000888e+00 3.714075881735965923e-01 1.571481029566008103e-01 0.000000000000000000e+00
3.300000000000000000e+01 2.481527912597087521e-02 9.751847208740296313e-01 1.950369441748059374e-01 1.000000000000000444e+00 3.720098618071809859e-01 1.569975345482046980e-01 0.000000000000000000e+00
3.305000000000000426e+01 2.614333243847248578e-02 9.738566675615281110e-01 1.947713335123056333e-01 1.000000000000000666e+00 3.726581555011547198e-01 1.568354611247112784e-01 0.000000000000000000e+00
3.310000000000000142e+01 2.756442170808200837e-02 9.724355782919186231e-01 1.944871156583837246e-01 1.000000000000000666e+00 3.733524901262234574e-01 1.566618774684440663e-01 0.000000000000000000e+00
3.314999999999999858e+01 2.907833206419492555e-02 9.709216679358056989e-01 1.941843335871611398e-01 1.000000000000000666e+00 3.740928874416502015e-01 1.564767781395874080e-01 0.000000000000000000e+00
3.320000000000000284e+01 3.068483432252930646e-02 9.693151656774714464e-01 1.938630331354943004e-01 1.000000000000000666e+00 3.748793700646106952e-01 1.562801574838472707e-01 0.000000000000000000e+00
3.325000000000000000e+01 3.238368497189413747e-02 9.676163150281067438e-01 1.935232630056213377e-01 1.000000000000000888e+00 3.757119613911583667e-01 1.560720096522103528e-01 0.000000000000000000e+00
3.330000000000000426e+01 3.417462612705889080e-02 9.658253738729418725e-01 1.931650747745883856e-01 1.000000000000000666e+00 3.765906854615959087e-01 1.558523286346009673e-01 0.000000000000000000e+00
3.335000000000000142e+01 3.605738550926566172e-02 9.639426144907350391e-01 1.927885228981470189e-01 1.000000000000000666e+00 3.775155667921339941e-01 1.556211083019664598e-01 0.000000000000000000e+00
3.339999999999999858e+01 3.803167643287529154e-02 9.619683235671255828e-01 1.923936647134251166e-01 1.000000000000000888e+00 3.784866301860935756e-01 1.553783424534765645e-01 0.000000000000000000e+00
3.345000000000000284e+01 4.009719780484248541e-02 9.599028021951583334e-01 1.919805604390316667e-01 1.000000000000000888e+00 3.795039007290925137e-01 1.551240248177268022e-01 0.000000000000000000e+00
3.350000000000000000e+01 4.225363408536633031e-02 9.577463659146345787e-01 1.915492731829269157e-01 1.000000000000000888e+00 3.805674035934299426e-01 1.548581491016424450e-01 0.000000000000000000e+00
3.355000000000000426e+01 4.450065523242905524e-02 9.554993447675717011e-01 1.910998689535143291e-01 1.000000000000000666e+00 3.816771639457812726e-01 1.545807090135546125e-01 0.000000000000000000e+00
3.360000000000000142e+01 4.683791669077987802e-02 9.531620833092208089e-01 1.906324166618441618e-01 1.000000000000000666e+00 3.828332066297115976e-01 1.542916983425720312e-01 0.000000000000000000e+00
3.364999999999999858e+01 4.926505938421797681e-02 9.507349406157827865e-01 1.901469881231565573e-01 1.000000000000000666e+00 3.840355560323995832e-01 1.539911109919000209e-01 0.000000000000000000e+00
3.370000000000000284e+01 5.178170971397802469e-02 9.482182902860225582e-01 1.896436580572045116e-01 1.000000000000000666e+00 3.852842360713289449e-01 1.536789409821676944e-01 0.000000000000000000e+00
3.375000000000000000e+01 5.438747949412674199e-02 9.456125205058738548e-01 1.891225041011747598e-01 1.000000000000000666e+00 3.865792699057445936e-01 1.533551825235638100e-01 0.000000000000000000e+00
3.380000000000000426e+01 5.708196589327155929e-02 9.429180341067291415e-01 1.885836068213458394e-01 1.000000000000000666e+00 3.879206798573289761e-01 1.530198300356676866e-01 0.000000000000000000e+00
3.385000000000000142e+01 5.986475143609924776e-02 9.401352485639014045e-01 1.880270497127802809e-01 1.000000000000000666e+00 3.893084869966683126e-01 1.526728782508328663e-01 0.000000000000000000e+00
3.389999999999999858e+01 6.273540399816623925e-02 9.372645960018344269e-01 1.874529192003668854e-01 1.000000000000000666e+00 3.907427110261436076e-01 1.523143222434640565e-01 0.000000000000000000e+00
3.395000000000000284e+01 6.569347680397567835e-02 9.343065231960248074e-01 1.868613046392049726e-01 1.000000000000000444e+00 3.922233702627273000e-01 1.519441574343181056e-01 0.000000000000000000e+00
3.400000000000000000e+01 6.873850834673758681e-02 9.312614916532629961e-01 1.862522983306525992e-01 1.000000000000000666e+00 3.937504812767926299e-01 1.515623796808018009e-01 0.000000000000000000e+00
3.405000000000000426e+01 7.187002231953089348e-02 9.281299776804696755e-01 1.856259955360939351e-01 1.000000000000000666e+00 3.953240588126514243e-01 1.511689852968370884e-01 0.000000000000000000e+00
3.410000000000000142e+01 7.508752763608568526e-02 9.249124723639148282e-01 1.849824944727829767e-01 1.000000000000000444e+00 3.969441153078790419e-01 1.507639711730301701e-01 0.000000000000000000e+00
3.414999999999999858e+01 7.839051842749628074e-02 9.216094815725042189e-01 1.843218963145008549e-01 1.000000000000000444e+00 3.986106607542599933e-01 1.503473348114349462e-01 0.000000000000000000e+00
3.420000000000000284e+01 8.177847404141573573e-02 9.182215259585848610e-01 1.836443051917169833e-01 1.000000000000000666e+00 4.003237026884360339e-01 1.499190743278909499e-01 0.000000000000000000e+00
3.425000000000000000e+01 8.525085896283188247e-02 9.147491410371686449e-01 1.829498282074337179e-01 1.000000000000000444e+00 4.020832457902800972e-01 1.494791885524299480e-01 0.000000000000000000e+00
3.430000000000000426e+01 8.880712271619875531e-02 9.111928772838018276e-01 1.822385754567603655e-01 1.000000000000000666e+00 4.038892917720707798e-01 1.490276770569822773e-01 0.000000000000000000e+00
3.435000000000000142e+01 9.244669991437803880e-02 9.075533000856226273e-01 1.815106600171245144e-01 1.000000000000000666e+00 4.057418388769745143e-01 1.485645402807563298e-01 0.000000000000000000e+00
3.439999999999999858e+01 9.616901026034067879e-02 9.038309897396599180e-01 1.807661979479319725e-01 1.000000000000000666e+00 4.076408816688307235e-01 1.480897795827922914e-01 0.000000000000000000e+00
3.445000000000000284e+01 9.997345854715948554e-02 9.000265414528410002e-01 1.800053082905682111e-01 1.000000000000000444e+00 4.095864110320135976e-01 1.476033972419965590e-01 0.000000000000000000e+00
3.450000000000000000e+01 1.038594346005794894e-01 8.961405653994212184e-01 1.792281130798842326e-01 1.000000000000000666e+00 4.115784138083402044e-01 1.471053965479149073e-01 0.000000000000000000e+00
3.455000000000000426e+01 1.078263131341405806e-01 8.921736868658600716e-01 1.784347373731720032e-01 1.000000000000000666e+00 4.136168725480927622e-01 1.465957818629767540e-01 0.000000000000000000e+00
3.460000000000000142e+01 1.118734538257968592e-01 8.881265461742036127e-01 1.776253092348407114e-01 1.000000000000000444e+00 4.157017651106706402e-01 1.460745587223322983e-01 0.000000000000000000e+00
3.464999999999999858e+01 1.160002013366024792e-01 8.839997986633979510e-01 1.767999597326795902e-01 1.000000000000000444e+00 4.178330643020489177e-01 1.455417339244877428e-01 0.000000000000000000e+00
3.470000000000000284e+01 1.202058853107099701e-01 8.797941146892904740e-01 1.759588229378580837e-01 1.000000000000000444e+00 4.200107378747776066e-01 1.449973155313055428e-01 0.000000000000000000e+00
3.475000000000000000e+01 1.244898203488304517e-01 8.755101796511701728e-01 1.751020359302340457e-01 1.000000000000000666e+00 4.222347482967027665e-01 1.444413129258242667e-01 0.000000000000000000e+00
3.480000000000000426e+01 1.288513058323977889e-01 8.711486941676027662e-01 1.742297388335205532e-01 1.000000000000000444e+00 4.245050522521794378e-01 1.438737369369550989e-01 0.000000000000000000e+00
3.485000000000000142e+01 1.332896259868484867e-01 8.667103740131520961e-01 1.733420748026304192e-01 1.000000000000000666e+00 4.268216004712511169e-01 1.432945998821871791e-01 0.000000000000000000e+00
3.489999999999999858e+01 1.378040499498778826e-01 8.621959500501228391e-01 1.724391900100245567e-01 1.000000000000000666e+00 4.291843371520097095e-01 1.427039157119975310e-01 0.000000000000000000e+00
3.495000000000000284e+01 1.423938317716817448e-01 8.576061682283186993e-01 1.715212336456637399e-01 1.000000000000000444e+00 4.315931999457712775e-01 1.421017000135571251e-01 0.000000000000000000e+00
3.500000000000000000e+01 1.470582104098097087e-01 8.529417895901908464e-01 1.705883579180381693e-01 1.000000000000000444e+00 4.340481198568043042e-01 1.414879700357988823e-01 0.000000000000000000e+00
3.505000000000000426e+01 1.517964095788805756e-01 8.482035904211199240e-01 1.696407180842239848e-01 1.000000000000000444e+00 4.365490205887465613e-01 1.408627448528133042e-01 0.000000000000000000e+00
3.510000000000000142e+01 1.566076377231725159e-01 8.433923622768280115e-01 1.686784724553656023e-01 1.000000000000000444e+00 4.390958185089635091e-01 1.402260453727590950e-01 0.000000000000000000e+00
3.514999999999999858e+01 1.614910881746652316e-01 8.385089118253352680e-01 1.677017823650670536e-01 1.000000000000000444e+00 4.416884219439439208e-01 1.395778945140139782e-01 0.000000000000000000e+00
3.520000000000000284e+01 1.664459391616447403e-01 8.335540608383557037e-01 1.667108121676711407e-01 1.000000000000000444e+00 4.443267310883142751e-01 1.389183172279213896e-01 0.000000000000000000e+00
3.525000000000000000e+01 1.714713538092727529e-01 8.285286461907279687e-01 1.657057292381455826e-01 1.000000000000000666e+00 4.470106379898949878e-01 1.382473405025261837e-01 0.000000000000000000e+00
3.530000000000000426e+01 1.765664800675845747e-01 8.234335199324160914e-01 1.646867039864832183e-01 1.000000000000000666e+00 4.497400259402197231e-01 1.375649935149449998e-01 0.000000000000000000e+00
3.535000000000000142e+01 1.817304505490598410e-01 8.182695494509406586e-01 1.636539098901881317e-01 1.000000000000000444e+00 4.525147693351584954e-01 1.368713076662103068e-01 0.000000000000000000e+00
3.539999999999999858e+01 1.869623827668407678e-01 8.130376172331597040e-01 1.626075234466319297e-01 1.000000000000000444e+00 4.553347330731348230e-01 1.361663167317162526e-01 0.000000000000000000e+00
3.545000000000000284e+01 1.922613791879625722e-01 8.077386208120379552e-01 1.615477241624075910e-01 1.000000000000000444e+00 4.581997722777439996e-01 1.354500569305639446e-01 0.000000000000000000e+00
3.550000000000000000e+01 1.976265272333511958e-01 8.023734727666492761e-01 1.604746945533298552e-01 1.000000000000000444e+00 4.611097322977519286e-01 1.347225669255619485e-01 0.000000000000000000e+00
3.555000000000000426e+01 2.030568992705002462e-01 7.969431007295002534e-01 1.593886201459000507e-01 1.000000000000000444e+00 4.640644483870924319e-01 1.339838879032268504e-01 0.000000000000000000e+00
3.560000000000000142e+01 2.085515524092195483e-01 7.914484475907810346e-01 1.582896895181561958e-01 1.000000000000000666e+00 4.670637451341602686e-01 1.332340637164599051e-01 0.000000000000000000e+00
3.564999999999999858e+01 2.141095286741399872e-01 7.858904713258605401e-01 1.571780942651720969e-01 1.000000000000000444e+00 4.701074362874897439e-01 1.324731409281275363e-01 0.000000000000000000e+00
3.570000000000000284e+01 2.197298551939524114e-01 7.802701448060480605e-01 1.560540289612096232e-01 1.000000000000000444e+00 4.731953241689161871e-01 1.317011689577708977e-01 0.000000000000000000e+00
3.575000000000000000e+01 2.254115442028309657e-01 7.745884557971696172e-01 1.549176911594339345e-01 1.000000000000000666e+00 4.763271996646912254e-01 1.309182000838271520e-01 0.000000000000000000e+00
3.580000000000000426e+01 2.311535930494673929e-01 7.688464069505331899e-01 1.537692813901066491e-01 1.000000000000000666e+00 4.795028421318369150e-01 1.301242894670407435e-01 0.000000000000000000e+00
3.585000000000000142e+01 2.369549840910066818e-01 7.630450159089940954e-01 1.526090031817988191e-01 1.000000000000000888e+00 4.827220186543517144e-01 1.293194953364120436e-01 0.000000000000000000e+00
3.589999999999999858e+01 2.428146846410093873e-01 7.571853153589913621e-01 1.514370630717982724e-01 1.000000000000000666e+00 4.859844840243595643e-01 1.285038789939100812e-01 0.000000000000000000e+00
3.595000000000000284e+01 2.487316473498418501e-01 7.512683526501586773e-01 1.502536705300317466e-01 1.000000000000000444e+00 4.892899800729593740e-01 1.276775049817601426e-01 0.000000000000000000e+00
3.600000000000000000e+01 2.547048102394169344e-01 7.452951897605836207e-01 1.490590379521167241e-01 1.000000000000000444e+00 4.926382355630696264e-01 1.268404411092325657e-01 0.000000000000000000e+00
3.605000000000000426e+01 2.607330967041461278e-01 7.392669032958545383e-01 1.478533806591709188e-01 1.000000000000000666e+00 4.960289661860407540e-01 1.259927584534897838e-01 0.000000000000000000e+00
3.610000000000000142e+01 2.668154155329226507e-01 7.331845844670781265e-01 1.466369168934156253e-01 1.000000000000000888e+00 4.994618740143936808e-01 1.251345314964015520e-01 0.000000000000000000e+00
3.614999999999999858e+01 2.729506606752116205e-01 7.270493393247889902e-01 1.454098678649577980e-01 1.000000000000000666e+00 5.029366472123033560e-01 1.242658381969241194e-01 0.000000000000000000e+00
3.620000000000000284e+01 2.791377116753301912e-01 7.208622883246704749e-01 1.441724576649340839e-01 1.000000000000000666e+00 5.064529596468602124e-01 1.233867600882849330e-01 0.000000000000000000e+00
3.625000000000000000e+01 2.853754338497073717e-01 7.146245661502934610e-01 1.429249132300586811e-01 1.000000000000000888e+00 5.100104705636501201e-01 1.224973823590874561e-01 0.000000000000000000e+00
3.630000000000000426e+01 2.916626782868897427e-01 7.083373217131108124e-01 1.416674643426221736e-01 1.000000000000000444e+00 5.136088245867584945e-01 1.215977938533103486e-01 0.000000000000000000e+00
3.635000000000000142e+01 2.979982818882101481e-01 7.020017181117904626e-01 1.404003436223580925e-01 1.000000000000000666e+00 5.172476515269155417e-01 1.206880871182710868e-01 0.000000000000000000e+00
3.639999999999999858e+01 3.043810672376385251e-01 6.956189327623620855e-01 1.391237865524724282e-01 1.000000000000000666e+00 5.209265656985886395e-01 1.197683585753528263e-01 0.000000000000000000e+00
3.645000000000000284e+01 3.108098427485275206e-01 6.891901572514730345e-01 1.378380314502946069e-01 1.000000000000000444e+00 5.246451659080664243e-01 1.188387085229833801e-01 0.000000000000000000e+00
3.650000000000000000e+01 3.172834031440548985e-01 6.827165968559456566e-01 1.365433193711891313e-01 1.000000000000000444e+00 5.284030349500106194e-01 1.178992412624973174e-01 0.000000000000000000e+00
3.655000000000000426e+01 3.238005294734585537e-01 6.761994705265419459e-01 1.352398941053084003e-01 1.000000000000000444e+00 5.321997395787951834e-01 1.169500651053011764e-01 0.000000000000000000e+00
3.660000000000000142e+01 3.303599891269236033e-01 6.696400108730771183e-01 1.339280021746154237e-01 1.000000000000000666e+00 5.360348304792669216e-01 1.159912923801832557e-01 0.000000000000000000e+00
3.664999999999999858e+01 3.369605358979435028e-01 6.630394641020573854e-01 1.326078928204114660e-01 1.000000000000000888e+00 5.399078416633547040e-01 1.150230395841612963e-01 0.000000000000000000e+00
3.670000000000000284e+01 3.436009097928461875e-01 6.563990902071545896e-01 1.312798180414309068e-01 1.000000000000000888e+00 5.438182903439129356e-01 1.140454274140217661e-01 0.000000000000000000e+00
3.675000000000000000e+01 3.502798377295661680e-01 6.497201622704346091e-01 1.299440324540869218e-01 1.000000000000000888e+00 5.477656765981758769e-01 1.130585808504560169e-01 0.000000000000000000e+00
3.680000000000000426e+01 3.569960336763697284e-01 6.430039663236308822e-01 1.286007932647261764e-01 1.000000000000000666e+00 5.517494832368604607e-01 1.120626291907848709e-01 0.000000000000000000e+00
3.685000000000000142e+01 3.637481986518472654e-01 6.362518013481535117e-01 1.272503602696307135e-01 1.000000000000000888e+00 5.557691758041614083e-01 1.110577060489596340e-01 0.000000000000000000e+00
3.689999999999999858e+01 3.705350208444619375e-01 6.294649791555386731e-01 1.258929958311077457e-01 1.000000000000000666e+00 5.598242023117921962e-01 1.100439494220519371e-01 0.000000000000000000e+00
3.695000000000000284e+01 3.773551754307838957e-01 6.226448245692167704e-01 1.245289649138433541e-01 1.000000000000000666e+00 5.639139927490163240e-01 1.090215018127459190e-01 0.000000000000000000e+00
3.700000000000000000e+01 3.842073250549062347e-01 6.157926749450942649e-01 1.231585349890188530e-01 1.000000000000000444e+00 5.680379590923527733e-01 1.079905102269118206e-01 0.000000000000000000e+00
3.705000000000000426e+01 3.910901203184611319e-01 6.089098796815395342e-01 1.217819759363079068e-01 1.000000000000000666e+00 5.721954950785631544e-01 1.069511262303592114e-01 0.000000000000000000e+00
3.710000000000000142e+01 3.980021997822352220e-01 6.019978002177652776e-01 1.203995600435530666e-01 1.000000000000000444e+00 5.763859762032151890e-01 1.059035059491962166e-01 0.000000000000000000e+00
3.714999999999999858e+01 4.049421900277995756e-01 5.950578099722009240e-01 1.190115619944401848e-01 1.000000000000000444e+00 5.806087596642088844e-01 1.048478100839477789e-01 0.000000000000000000e+00
3.720000000000000284e+01 4.119087057322559642e-01 5.880912942677446464e-01 1.176182588535489293e-01 1.000000000000000666e+00 5.848631838580511388e-01 1.037842040354872153e-01 0.000000000000000000e+00
3.725000000000000000e+01 4.189003496711801167e-01 5.810996503288203829e-01 1.162199300657640877e-01 1.000000000000000444e+00 5.891485683667974094e-01 1.027128579083006615e-01 0.000000000000000000e+00
3.730000000000000426e+01 4.259157136064125604e-01 5.740842863935879947e-01 1.148168572787175989e-01 1.000000000000000444e+00 5.934642138907001430e-01 1.016339465273249781e-01 0.000000000000000000e+00
3.735000000000000142e+01 4.329533783630125643e-01 5.670466216369879353e-01 1.134093243273975871e-01 1.000000000000000444e+00 5.978094022234965443e-01 1.005476494441258500e-01 0.000000000000000000e+00
3.739999999999999858e+01 4.400119138377626693e-01 5.599880861622377193e-01 1.119976172324475550e-01 1.000000000000000444e+00 6.021833962503244653e-01 9.945415093741886980e-02 0.000000000000000000e+00
3.745000000000000284e+01 4.470898792503038566e-01 5.529101207496966985e-01 1.105820241499393397e-01 1.000000000000000444e+00 6.065854397049053048e-01 9.835364007377364604e-02 0.000000000000000000e+00
3.750000000000000000e+01 4.541858228830025213e-01 5.458141771169979783e-01 1.091628354233996068e-01 1.000000000000000444e+00 6.110147568987213118e-01 9.724631077531967205e-02 0.000000000000000000e+00
3.755000000000000426e+01 4.612982830452322935e-01 5.387017169547680950e-01 1.077403433909536190e-01 1.000000000000000444e+00 6.154705529258912566e-01 9.613236176852717196e-02 0.000000000000000000e+00
3.760000000000000142e+01 4.684257884151717954e-01 5.315742115848287597e-01 1.063148423169657519e-01 1.000000000000000444e+00 6.199520136720498842e-01 9.501199658198752895e-02 0.000000000000000000e+00
3.764999999999999858e+01 4.755668580398116907e-01 5.244331419601888644e-01 1.048866283920377729e-01 1.000000000000000444e+00 6.244583058143517995e-01 9.388542354641203624e-02 0.000000000000000000e+00
3.770000000000000284e+01 4.827200015193424676e-01 5.172799984806577545e-01 1.034559996961315620e-01 1.000000000000000222e+00 6.289885767897159807e-01 9.275285580257097706e-02 0.000000000000000000e+00
3.775000000000000000e+01 4.898837189893423538e-01 5.101162810106579792e-01 1.020232562021315958e-01 1.000000000000000444e+00 6.335419544706671902e-01 9.161451138233317470e-02 0.000000000000000000e+00
3.780000000000000426e+01 4.970565016050048635e-01 5.029434983949954141e-01 1.005886996789990828e-01 1.000000000000000222e+00 6.381175473912875651e-01 9.047061315217809485e-02 0.000000000000000000e+00
3.785000000000000142e+01 5.042368323856032397e-01 4.957631676143972599e-01 9.915263352287945198e-02 1.000000000000000444e+00 6.427144449838912976e-01 8.932138875402714784e-02 0.000000000000000000e+00
3.789999999999999858e+01 5.114231862274333240e-01 4.885768137725671201e-01 9.771536275451342402e-02 1.000000000000000444e+00 6.473317175809797375e-01 8.816707060475503788e-02 0.000000000000000000e+00
3.795000000000000284e+01 5.186140299884740568e-01 4.813859700115261098e-01 9.627719400230522195e-02 1.000000000000000222e+00 6.519684164371044588e-01 8.700789589072387142e-02 0.000000000000000000e+00
3.800000000000000000e+01 5.258078227539623173e-01 4.741921772460380713e-01 9.483843544920761426e-02 1.000000000000000444e+00 6.566235736390689803e-01 8.584410659023274104e-02 0.000000000000000000e+00
3.805000000000000426e+01 5.330030158360283821e-01 4.669969841639720620e-01 9.339939683279441240e-02 1.000000000000000444e+00 6.612962020781639749e-01 8.467594948045897851e-02 0.000000000000000000e+00
3.810000000000000142e+01 5.401980540012115695e-01 4.598019459987887081e-01 9.196038919975774162e-02 1.000000000000000222e+00 6.659852960493182206e-01 8.350367598767041710e-02 0.000000000000000000e+00
3.814999999999999858e+01 5.473913755991360874e-01 4.526086244008642456e-01 9.052172488017284913e-02 1.000000000000000444e+00 6.706898313043833104e-01 8.232754217390413076e-02 0.000000000000000000e+00
3.820000000000000284e+01 5.545814125812337236e-01 4.454185874187666094e-01 8.908371748375332189e-02 1.000000000000000444e+00 6.754087650623380457e-01 8.114780873441544695e-02 0.000000000000000000e+00
3.825000000000000000e+01 5.617665909081193121e-01 4.382334090918812985e-01 8.764668181837625971e-02 1.000000000000000666e+00 6.801410361721547115e-01 7.996474095696128048e-02 0.000000000000000000e+00
3.830000000000000426e+01 5.689453303368565695e-01 4.310546696631439856e-01 8.621093393262879712e-02 1.000000000000000444e+00 6.848855648982787869e-01 7.877860877543024776e-02 0.000000000000000000e+00
3.835000000000000142e+01 5.761160457089798959e-01 4.238839542910205482e-01 8.477679085820410965e-02 1.000000000000000444e+00 6.896412537534045706e-01 7.758968656164881572e-02 0.000000000000000000e+00
3.840000000000000568e+01 5.832771473419088304e-01 4.167228526580915582e-01 8.334457053161831164e-02 1.000000000000000444e+00 6.944069877364537069e-01 7.639825306588654552e-02 0.000000000000000000e+00
3.845000000000000284e+01 5.904270410289401694e-01 4.095729589710603302e-01 8.191459179421206604e-02 1.000000000000000444e+00 6.991816343325698568e-01 7.520459141685749416e-02 0.000000000000000000e+00
3.850000000000000000e+01 5.975641283913416535e-01 4.024358716086590126e-01 8.048717432173180253e-02 1.000000000000000666e+00 7.039640437655071414e-01 7.400898905862318689e-02 0.000000000000000000e+00
3.855000000000000426e+01 6.046868068321634704e-01 3.953131931678371958e-01 7.906263863356743915e-02 1.000000000000000666e+00 7.087530489126653288e-01 7.281173777183362616e-02 0.000000000000000000e+00
3.860000000000000142e+01 6.117934705022528563e-01 3.882065294977476988e-01 7.764130589954953976e-02 1.000000000000000444e+00 7.135474660454367291e-01 7.161313348864078998e-02 0.000000000000000000e+00
3.865000000000000568e+01 6.188825110899681681e-01 3.811174889100324426e-01 7.622349778200648851e-02 1.000000000000000666e+00 7.183460954319530467e-01 7.041347614201169669e-02 0.000000000000000000e+00
3.870000000000000284e+01 6.259523178215165018e-01 3.740476821784841088e-01 7.480953643569682177e-02 1.000000000000000666e+00 7.231477213373401769e-01 6.921306966566492802e-02 0.000000000000000000e+00
3.875000000000000000e+01 6.330012777074489616e-01 3.669987222925516490e-01 7.339974445851032980e-02 1.000000000000000666e+00 7.279511122545535562e-01 6.801222193636155544e-02 0.000000000000000000e+00
3.880000000000000426e+01 6.400277757441691362e-01 3.599722242558314744e-01 7.199444485116629489e-02 1.000000000000000666e+00 7.327550211159757909e-01 6.681124472100601064e-02 0.000000000000000000e+00
3.885000000000000142e+01 6.470301955182342635e-01 3.529698044817664027e-01 7.059396089635328053e-02 1.000000000000000666e+00 7.375581858022735027e-01 6.561045354943158270e-02 0.000000000000000000e+00
3.890000000000000568e+01 6.540069203371584594e-01 3.459930796628421512e-01 6.919861593256843024e-02 1.000000000000000666e+00 7.423593301526809629e-01 6.441016746182971764e-02 0.000000000000000000e+00
3.895000000000000284e+01 6.609563332538161973e-01 3.390436667461843578e-01 6.780873334923687157e-02 1.000000000000000444e+00 7.471571639872068848e-01 6.321070900319822328e-02 0.000000000000000000e+00
3.900000000000000000e+01 6.678768172497834277e-01 3.321231827502171829e-01 6.642463655004343659e-02 1.000000000000000666e+00 7.519503833108337476e-01 6.201240417229154922e-02 0.000000000000000000e+00
3.905000000000000426e+01 6.747667555833938291e-01 3.252332444166067260e-01 6.504664888332134520e-02 1.000000000000000444e+00 7.567376707767272670e-01 6.081558230581816243e-02 0.000000000000000000e+00
3.910000000000000142e+01 6.816245322010817675e-01 3.183754677989189541e-01 6.367509355978379082e-02 1.000000000000000666e+00 7.615176960606188095e-01 5.962057598484526294e-02 0.000000000000000000e+00
3.915000000000000568e+01 6.884485330541326720e-01 3.115514669458679942e-01 6.231029338917359883e-02 1.000000000000000666e+00 7.662891171819867786e-01 5.842772070450327759e-02 0.000000000000000000e+00
3.920000000000000284e+01 6.952371461635126204e-01 3.047628538364879902e-01 6.095257076729759804e-02 1.000000000000000666e+00 7.710505805716632022e-01 5.723735485708418558e-02 0.000000000000000000e+00
3.925000000000000000e+01 7.019887617790523393e-01 2.980112382209484934e-01 5.960224764418969867e-02 1.000000000000000888e+00 7.758007212738688985e-01 5.604981968153272681e-02 0.000000000000000000e+00
3.930000000000000426e+01 7.087017727929357802e-01 2.912982272070649414e-01 5.825964544141298829e-02 1.000000000000000666e+00 7.805381635866524004e-01 5.486545910333686521e-02 0.000000000000000000e+00
3.935000000000000142e+01 7.153745751134370501e-01 2.846254248865637271e-01 5.692508497731274542e-02 1.000000000000000888e+00 7.852615214381007958e-01 5.368461964047478024e-02 0.000000000000000000e+00
3.940000000000000568e+01 7.220055690403467397e-01 2.779944309596540930e-01 5.559888619193081860e-02 1.000000000000000888e+00 7.899693999013588375e-01 5.250765002466026288e-02 0.000000000000000000e+00
3.945000000000000284e+01 7.285931593518307769e-01 2.714068406481701112e-01 5.428136812963402225e-02 1.000000000000000888e+00 7.946603952954756078e-01 5.133490117613107029e-02 0.000000000000000000e+00
3.950000000000000000e+01 7.351357554779240910e-01 2.648642445220769637e-01 5.297284890441539273e-02 1.000000000000001110e+00 7.993330954315135406e-01 5.016672614212157322e-02 0.000000000000000000e+00
3.955000000000000426e+01 7.416317719170927303e-01 2.583682280829083244e-01 5.167364561658166489e-02 1.000000000000001110e+00 8.039860803559718549e-01 4.900347991100700157e-02 0.000000000000000000e+00
3.960000000000000142e+01 7.480796287114505061e-01 2.519203712885503821e-01 5.038407425771007642e-02 1.000000000000000888e+00 8.086179228719617695e-01 4.784551928200951598e-02 0.000000000000000000e+00
3.965000000000000568e+01 7.544777527696073793e-01 2.455222472303936199e-01 4.910444944607872397e-02 1.000000000000000888e+00 8.132271901203897979e-01 4.669320246990252971e-02 0.000000000000000000e+00
3.970000000000000284e+01 7.608245779370875761e-01 2.391754220629133121e-01 4.783508441258266242e-02 1.000000000000000888e+00 8.178124436696113664e-01 4.554688908259713065e-02 0.000000000000000000e+00
3.975000000000000000e+01 7.671185452315638642e-01 2.328814547684368574e-01 4.657629095368737149e-02 1.000000000000000666e+00 8.223722398857898908e-01 4.440694002855249262e-02 0.000000000000000000e+00
3.980000000000000426e+01 7.733581032012949441e-01 2.266418967987057775e-01 4.532837935974115551e-02 1.000000000000000666e+00 8.269051306837226223e-01 4.327371732906930279e-02 0.000000000000000000e+00
3.985000000000000142e+01 7.795417086463839462e-01 2.204582913536168309e-01 4.409165827072336619e-02 1.000000000000000888e+00 8.314096643682034049e-01 4.214758390794912796e-02 0.000000000000000000e+00
3.990000000000000568e+01 7.856678277492129547e-01 2.143321722507879334e-01 4.286643445015758669e-02 1.000000000000000888e+00 8.358843870934203890e-01 4.102890322664487499e-02 0.000000000000000000e+00
3.995000000000000284e+01 7.917349361024258458e-01 2.082650638975749868e-01 4.165301277951499737e-02 1.000000000000000888e+00 8.403278429018071760e-01 3.991803927454817824e-02 0.000000000000000000e+00
4.000000000000000000e+01 7.977415190796772748e-01 2.022584809203237244e-01 4.045169618406474488e-02 1.000000000000000888e+00 8.447385743705131400e-01 3.881535640737170112e-02 0.000000000000000000e+00
4.005000000000000426e+01 8.036860720498891775e-01 1.963139279501116552e-01 3.926278559002233104e-02 1.000000000000000888e+00 8.491151231796819632e-01 3.772121920507949533e-02 0.000000000000000000e+00
4.010000000000000142e+01 8.095671015017907868e-01 1.904328984982101014e-01 3.808657969964202028e-02 1.000000000000000888e+00 8.534560315275940834e-01 3.663599211810146528e-02 0.000000000000000000e+00
4.015000000000000568e+01 8.153831257882128147e-01 1.846168742117881845e-01 3.692337484235763689e-02 1.000000000000000888e+00 8.577598431658053357e-01 3.556003920854863831e-02 0.000000000000000000e+00
4.020000000000000284e+01 8.211326751580316774e-01 1.788673248419692108e-01 3.577346496839384216e-02 1.000000000000000888e+00 8.620251034529338163e-01 3.449372413676651816e-02 0.000000000000000000e+00
4.025000000000000000e+01 8.268142922409389417e-01 1.731857077590620575e-01 3.463714155181241150e-02 1.000000000000000888e+00 8.662503603220131909e-01 3.343740991949667452e-02 0.000000000000000000e+00
4.030000000000000426e+01 8.324265322579029736e-01 1.675734677420981367e-01 3.351469354841962733e-02 1.000000000000001110e+00 8.704341647209018484e-01 3.239145881977452401e-02 0.000000000000000000e+00
4.035000000000000142e+01 8.379679644053485976e-01 1.620320355946522350e-01 3.240640711893044701e-02 1.000000000000000888e+00 8.745750725087092503e-01 3.135623187282265273e-02 0.000000000000000000e+00
4.040000000000000568e+01 8.434371721464676286e-01 1.565628278535333151e-01 3.131256557070666302e-02 1.000000000000000888e+00 8.786716448897801124e-01 3.033208877755495109e-02 0.000000000000000000e+00
4.045000000000000284e+01 8.488327533711431672e-01 1.511672466288577210e-01 3.023344932577154420e-02 1.000000000000000888e+00 8.827224487170366451e-01 2.931938782074080402e-02 0.000000000000000000e+00
4.050000000000000000e+01 8.541533208066409699e-01 1.458466791933599183e-01 2.916933583867198365e-02 1.000000000000000888e+00 8.867260574817997787e-01 2.831848562955002410e-02 0.000000000000000000e+00
4.055000000000000426e+01 8.593975026776961013e-01 1.406024973223049535e-01 2.812049946446099069e-02 1.000000000000001110e+00 8.906810522381132245e-01 2.732973694047166266e-02 0.000000000000000000e+00
4.060000000000000142e+01 8.645639437560604934e-01 1.354360562439405058e-01 2.708721124878810116e-02 1.000000000000000888e+00 8.945860231582760669e-01 2.635349421043095899e-02 0.000000000000000000e+00
4.065000000000000568e+01 8.696513054139244359e-01 1.303486945860765633e-01 2.606973891721531267e-02 1.000000000000000888e+00 8.984395696219252825e-01 2.539010759451865162e-02 0.000000000000000000e+00
4.070000000000000284e+01 8.746582660258493958e-01 1.253417339741516590e-01 2.506834679483033179e-02 1.000000000000001110e+00 9.022403010874366913e-01 2.443992472814080288e-02 0.000000000000000000e+00
4.075000000000000000e+01 8.795835212132853131e-01 1.204164787867156861e-01 2.408329575734313721e-02 1.000000000000000888e+00 9.059868376893103203e-01 2.350329057767239216e-02 0.000000000000000000e+00
4.080000000000000426e+01 8.844257850636892959e-01 1.155742149363117588e-01 2.311484298726235176e-02 1.000000000000001110e+00 9.096778120211879148e-01 2.258054699470297966e-02 0.000000000000000000e+00
4.085000000000000142e+01 8.891837904669627202e-01 1.108162095330383901e-01 2.216324190660767801e-02 1.000000000000001110e+00 9.133118696742471565e-01 2.167203258143816230e-02 0.000000000000000000e+00
4.090000000000000568e+01 8.938562892847359276e-01 1.061437107152649051e-01 2.122874214305298102e-02 1.000000000000000888e+00 9.168876695950263223e-01 2.077808260124339862e-02 0.000000000000000000e+00
4.095000000000000284e+01 8.984420527083563091e-01 1.015579472916447457e-01 2.031158945832894913e-02 1.000000000000001110e+00 9.204038850385768411e-01 1.989902874035574462e-02 0.000000000000000000e+00
4.100000000000000000e+01 9.029398720120560551e-01 9.706012798794488861e-02 1.941202559758897772e-02 1.000000000000000888e+00 9.238592046873564945e-01 1.903519882816084863e-02 0.000000000000000000e+00
4.105000000000000426e+01 9.073485593407211169e-01 9.265144065927988226e-02 1.853028813185597645e-02 1.000000000000000888e+00 9.272523339074975057e-01 1.818691652312559581e-02 0.000000000000000000e+00
4.110000000000000142e+01 9.116669477800436461e-01 8.833305221995713108e-02 1.766661044399142622e-02 1.000000000000000888e+00 9.305819948896981719e-01 1.735450127757543273e-02 0.000000000000000000e+00
4.115000000000000568e+01 9.158938917189607398e-01 8.410610828104014836e-02 1.682122165620802967e-02 1.000000000000000888e+00 9.338469275794095692e-01 1.653826810514757994e-02 0.000000000000000000e+00
4.120000000000000284e+01 9.200282672886498370e-01 7.997173271135110673e-02 1.599434654227022135e-02 1.000000000000000888e+00 9.370458904645160292e-01 1.573852738387097536e-02 0.000000000000000000e+00
4.125000000000000000e+01 9.240689733406791673e-01 7.593102665932160988e-02 1.518620533186432198e-02 1.000000000000000888e+00 9.401776621205835127e-01 1.495558446985407845e-02 0.000000000000000000e+00
4.130000000000000426e+01 9.280149315607869598e-01 7.198506843921398390e-02 1.439701368784279678e-02 1.000000000000000888e+00 9.432410414130792953e-01 1.418973964673014322e-02 0.000000000000000000e+00
4.135000000000000142e+01 9.318650867674019844e-01 6.813491323259895927e-02 1.362698264651979185e-02 1.000000000000000888e+00 9.462348482445201991e-01 1.344128793886990164e-02 0.000000000000000000e+00
4.140000000000000568e+01 9.356184072122701867e-01 6.438159278773086802e-02 1.287631855754617360e-02 1.000000000000001110e+00 9.491579242504628589e-01 1.271051893738424539e-02 0.000000000000000000e+00
4.145000000000000284e+01 9.392738855323415903e-01 6.072611446765935339e-02 1.214522289353187068e-02 1.000000000000000888e+00 9.520091343044041476e-01 1.199771642389890931e-02 0.000000000000000000e+00
4.150000000000000000e+01 9.428305389562583461e-01 5.716946104374259763e-02 1.143389220874851953e-02 1.000000000000000888e+00 9.547873668771497124e-01 1.130315828071251638e-02 0.000000000000000000e+00
4.155000000000000426e+01 9.462874095299712573e-01 5.371259047002974185e-02 1.074251809400594837e-02 1.000000000000000888e+00 9.574915346016819040e-01 1.062711634957949278e-02 0.000000000000000000e+00
4.160000000000000142e+01 9.496435643753563527e-01 5.035643562464470202e-02 1.007128712492894040e-02 1.000000000000001110e+00 9.601205749652890198e-01 9.969856258677703420e-03 0.000000000000000000e+00
4.165000000000000568e+01 9.528980965238906808e-01 4.710190347611054040e-02 9.420380695222108081e-03 1.000000000000001332e+00 9.626734516365937910e-01 9.331637090851496730e-03 0.000000000000000000e+00
4.170000000000000284e+01 9.560501251873060324e-01 4.394987481269485574e-02 8.789974962538971148e-03 1.000000000000000888e+00 9.651491549382069657e-01 8.712711265448218681e-03 0.000000000000000000e+00
4.175000000000000000e+01 9.590987959319955403e-01 4.090120406800540342e-02 8.180240813601080685e-03 1.000000000000000888e+00 9.675467022949134632e-01 8.113324426271575213e-03 0.000000000000000000e+00
4.180000000000000426e+01 9.620432809192922541e-01 3.795671908070868961e-02 7.591343816141737921e-03 1.000000000000000888e+00 9.698651389057494354e-01 7.533715273562580431e-03 0.000000000000000000e+00
4.185000000000000142e+01 9.648827796245800226e-01 3.511722037542103214e-02 7.023444075084206428e-03 1.000000000000001110e+00 9.721035388996890347e-01 6.974115275077691876e-03 0.000000000000000000e+00
4.190000000000000568e+01 9.676165191063988980e-01 3.238348089360215676e-02 6.476696178720431352e-03 1.000000000000001110e+00 9.742610058099070436e-01 6.434748547523174052e-03 0.000000000000000000e+00
4.195000000000000284e+01 9.702437541552942912e-01 2.975624584470676348e-02 5.951249168941352696e-03 1.000000000000001110e+00 9.763366729753175655e-01 5.915831756170547052e-03 0.000000000000000000e+00
4.200000000000000000e+01 9.727637675145256457e-01 2.723623248547552000e-02 5.447246497095104001e-03 1.000000000000001110e+00 9.783297041509901870e-01 5.417573962252388194e-03 0.000000000000000000e+00
4.205000000000000426e+01 9.751758705117415937e-01 2.482412948825951649e-02 4.964825897651903297e-03 1.000000000000001110e+00 9.802392945330186125e-01 4.940176366745285298e-03 0.000000000000000000e+00
4.210000000000000142e+01 9.774794032687098566e-01 2.252059673129108708e-02 4.504119346258217416e-03 1.000000000000000888e+00 9.820646711341566304e-01 4.483832216460786890e-03 0.000000000000000000e+00
4.215000000000000568e+01 9.796737348349268126e-01 2.032626516507429759e-02 4.065253033014859518e-03 1.000000000000001110e+00 9.838050931754402928e-01 4.048726706139887770e-03 0.000000000000000000e+00
4.220000000000000284e+01 9.817582634051642554e-01 1.824173659483674381e-02 3.648347318967348762e-03 1.000000000000000888e+00 9.854598526323596897e-01 3.635036841910040291e-03 0.000000000000000000e+00
4.225000000000000000e+01 9.837324168561761839e-01 1.626758314382470427e-02 3.253516628764940855e-03 1.000000000000000888e+00 9.870282751120026399e-01 3.242931221999290591e-03 0.000000000000000000e+00
4.230000000000000426e+01 9.855956528758699209e-01 1.440434712413118934e-02 2.880869424826237868e-03 1.000000000000001110e+00 9.885097200953968377e-01 2.872569976150738964e-03 0.000000000000000000e+00
4.235000000000000142e+01 9.873474590788799965e-01 1.265254092112089168e-02 2.530508184224178336e-03 1.000000000000000888e+00 9.899035813209271506e-01 2.524104669768153369e-03 0.000000000000000000e+00
4.240000000000000568e+01 9.889873532515328636e-01 1.101264674846808012e-02 2.202529349693616023e-03 1.000000000000000888e+00 9.912092872942397381e-01 2.197678176440013426e-03 0.000000000000000000e+00
4.245000000000000284e+01 9.905148837466734024e-01 9.485116253327707803e-03 1.897023250665541561e-03 1.000000000000001110e+00 9.924263019385184403e-01 1.893424515370334404e-03 0.000000000000000000e+00
4.250000000000000000e+01 9.919296295498816196e-01 8.070370450119490613e-03 1.614074090023898123e-03 1.000000000000001110e+00 9.935541247446411095e-01 1.611468813839655187e-03 0.000000000000000000e+00
4.255000000000000426e+01 9.932312003787446830e-01 6.768799621256482713e-03 1.353759924251296543e-03 1.000000000000001110e+00 9.945922911289107882e-01 1.351927217772254386e-03 0.000000000000000000e+00
4.260000000000000142e+01 9.944192369563207290e-01 5.580763043680492252e-03 1.116152608736098450e-03 1.000000000000001332e+00 9.955403729023434289e-01 1.114906774414090723e-03 0.000000000000000000e+00
4.265000000000000568e+01 9.954934112242596056e-01 4.506588775741449115e-03 9.013177551482898231e-04 1.000000000000001110e+00 9.963979786302044062e-01 9.005053424488399134e-04 0.000000000000000000e+00
4.270000000000000284e+01 9.964534263816208215e-01 3.546573618380399751e-03 7.093147236760799501e-04 1.000000000000001332e+00 9.971647537773657977e-01 7.088115556584986517e-04 0.000000000000000000e+00
4.275000000000000000e+01 9.972990169843459762e-01 2.700983015655189501e-03 5.401966031310379002e-04 1.000000000000001110e+00 9.978403809925464607e-01 5.399047518633293130e-04 0.000000000000000000e+00
4.280000000000000426e+01 9.980299491823364511e-01 1.970050817664825704e-03 3.940101635329651408e-04 1.000000000000001332e+00 9.984245804770907062e-01 3.938548807272550288e-04 0.000000000000000000e+00
4.285000000000000142e+01 9.986460207776746145e-01 1.353979222326606724e-03 2.707958444653213448e-04 1.000000000000001332e+00 9.989171101023345267e-01 2.707224744162906906e-04 0.000000000000000000e+00
4.290000000000000568e+01 9.991470612491967218e-01 8.529387508043884125e-04 1.705877501608776825e-04 1.000000000000001110e+00 9.993177655576945817e-01 1.705586105762870017e-04 0.000000000000000000e+00
4.295000000000000284e+01 9.995329318824783815e-01 4.670681175228397208e-04 9.341362350456794417e-05 1.000000000000001332e+00 9.996263805661264046e-01 9.340485846832914055e-05 0.000000000000000000e+00
4.300000000000000000e+01 9.998035258557835814e-01 1.964741442175843567e-04 3.929482884351687133e-05 1.000000000000001110e+00 9.998428270179837707e-01 3.929324550398342615e-05 0.000000000000000000e+00
4.305000000000000426e+01 9.999587682325340454e-01 4.123176746695378370e-05 8.246353493390756739e-06 1.000000000000000888e+00 9.999670150150530290e-01 8.246246236654027528e-06 0.000000000000000000e+00
4.310000000000000142e+01 9.999986160046253625e-01 1.383995375803248606e-06 2.767990751606497213e-07 1.000000000000001110e+00 9.999988929609116006e-01 2.767597720368110111e-07 0.000000000000000000e+00
4.315000000000000568e+01 9.999230581441098664e-01 7.694185589129931557e-05 1.538837117825986311e-05 1.000000000000001110e+00 9.999384476193675653e-01 1.538809515803739027e-05 0.000000000000000000e+00
4.320000000000000284e+01 9.997321155803515769e-01 2.678844196496443786e-04 5.357688392992887572e-05 1.000000000000001332e+00 9.997857041028568315e-01 5.357397428571210194e-05 0.000000000000000000e+00
4.325000000000000000e+01 9.994258411882895876e-01 5.741588117116891432e-04 1.148317623423378286e-04 1.000000000000001332e+00 9.995407258534693140e-01 1.148185366325937194e-04 0.000000000000000000e+00
4.330000000000000426e+01 9.990043197827840338e-01 9.956802172170209353e-04 1.991360434434041871e-04 1.000000000000001110e+00 9.992036146026547216e-01 1.990963493362482757e-04 0.000000000000000000e+00
4.335000000000000142e+01 9.984676680728453713e-01 1.532331927155683449e-03 3.064663854311366897e-04 1.000000000000001110e+00 9.987745103013510040e-01 3.063724246621847168e-04 0.000000000000000000e+00
4.340000000000000568e+01 9.978160346028832617e-01 2.183965397117848539e-03 4.367930794235697078e-04 1.000000000000001110e+00 9.982535909930438933e-01 4.366022517389655209e-04 0.000000000000000000e+00
4.345000000000000284e+01 9.970495996996094901e-01 2.950400300391620156e-03 5.900800600783240313e-04 1.000000000000001110e+00 9.976410726912903204e-01 5.897318271773344632e-04 0.000000000000000000e+00
4.350000000000000000e+01 9.961685753957861822e-01 3.831424604214817009e-03 7.662849208429634018e-04 1.000000000000000888e+00 9.969372092424293452e-01 7.656976893925656821e-04 0.000000000000000000e+00
4.355000000000000426e+01 9.951732053179208615e-01 4.826794682080137733e-03 9.653589364160275466e-04 1.000000000000000888e+00 9.961422920850010465e-01 9.644269787496561903e-04 0.000000000000000000e+00
4.360000000000000142e+01 9.940637645914853771e-01 5.936235408515733170e-03 1.187247081703146634e-03 1.000000000000001110e+00 9.952566500485077183e-01 1.185837487872988235e-03 0.000000000000000000e+00
4.365000000000000568e+01 9.928405597377476521e-01 7.159440262253236043e-03 1.431888052450647209e-03 1.000000000000000888e+00 9.942806491551701153e-01 1.429837711207386812e-03 0.000000000000000000e+00
4.370000000000000284e+01 9.915039285179625406e-01 8.496071482038403122e-03 1.699214296407680624e-03 1.000000000000000888e+00 9.932146922924182109e-01 1.696326926895378329e-03 0.000000000000000000e+00
4.375000000000000000e+01 9.900542397685750950e-01 9.945760231425959663e-03 1.989152046285191933e-03 1.000000000000001110e+00 9.920592188748313944e-01 1.985195281292075065e-03 0.000000000000000000e+00
4.380000000000000426e+01 9.884918932857246210e-01 1.150810671427637821e-02 2.301621342855275643e-03 1.000000000000000888e+00 9.908147046156389193e-01 2.296323846090189517e-03 0.000000000000000000e+00
4.385000000000000142e+01 9.868173196593131857e-01 1.318268034068759142e-02 2.636536068137518285e-03 1.000000000000000888e+00 9.894816611764412073e-01 2.629584705889601894e-03 0.000000000000000000e+00
4.390000000000000568e+01 9.850309799924349408e-01 1.496902000756611395e-02 2.993804001513222790e-03 1.000000000000001110e+00 9.880606356037398008e-01 2.984841099064962193e-03 0.000000000000000000e+00
4.395000000000000284e+01 9.831333657904969270e-01 1.686663420950418324e-02 3.373326841900836648e-03 1.000000000000001110e+00 9.865522101108490372e-01 3.361947472287663084e-03 0.000000000000000000e+00
4.400000000000000000e+01 9.811249987658695604e-01 1.887500123413127229e-02 3.775000246826254457e-03 1.000000000000000888e+00 9.849570016658376614e-01 3.760749583540481857e-03 0.000000000000000000e+00
4.405000000000000426e+01 9.790064305438782588e-01 2.099356945612279590e-02 4.198713891224559180e-03 1.000000000000001110e+00 9.832756613945675683e-01 4.181084651358022049e-03 0.000000000000000000e+00
4.410000000000000142e+01 9.767782424059853197e-01 2.322175759401579054e-02 4.644351518803158108e-03 1.000000000000001110e+00 9.815088740866046990e-01 4.622781478348737642e-03 0.000000000000000000e+00
4.415000000000000568e+01 9.744410451243104010e-01 2.555895487569070923e-02 5.111790975138141846e-03 1.000000000000001110e+00 9.796573578579143016e-01 5.085660535521346545e-03 0.000000000000000000e+00
4.420000000000000284e+01 9.719954787378127792e-01 2.800452126218822002e-02 5.600904252437644004e-03 1.000000000000000888e+00 9.777218636575711885e-01 5.569534085607135213e-03 0.000000000000000000e+00
4.425000000000000000e+01 9.694422120892857153e-01 3.055778791071550593e-02 6.111557582143101186e-03 1.000000000000001332e+00 9.757031743833729509e-01 6.074206404156685946e-03 0.000000000000000000e+00
4.430000000000000426e+01 9.667819426602359822e-01 3.321805733976501696e-02 6.643611467953003391e-03 1.000000000000000888e+00 9.736021045689584597e-01 6.599473857760307025e-03 0.000000000000000000e+00
4.435000000000000142e+01 9.640153963206882226e-01 3.598460367931266557e-02 7.196920735862533114e-03 1.000000000000000888e+00 9.714194998531798797e-01 7.145125036704957217e-03 0.000000000000000000e+00
4.440000000000000568e+01 9.611433270294995612e-01 3.885667297050143798e-02 7.771334594100287596e-03 1.000000000000000888e+00 9.691562363506315281e-01 7.710940912342031245e-03 0.000000000000000000e+00
4.445000000000000284e+01 9.581665162985282258e-01 4.183348370147277340e-02 8.366696740294554679e-03 1.000000000000000888e+00 9.668132196624752428e-01 8.296695084381121646e-03 0.000000000000000000e+00
4.450000000000000000e+01 9.550857730650337274e-01 4.491422693496699425e-02 8.982845386993398851e-03 1.000000000000000666e+00 9.643913846322862415e-01 8.902153841928373695e-03 0.000000000000000000e+00
4.455000000000000426e+01 9.519019333799068061e-01 4.809806662009419309e-02 9.619613324018838618e-03 1.000000000000000888e+00 9.618916946665257983e-01 9.527076333368477562e-03 0.000000000000000000e+00
4.460000000000000142e+01 9.486158600080272230e-01 5.138413999197372073e-02 1.027682799839474415e-02 1.000000000000000888e+00 9.593151409485843883e-01 1.017121476285383873e-02 0.000000000000000000e+00
4.465000000000000568e+01 9.452284418709809843e-01 5.477155812901979282e-02 1.095431162580395856e-02 1.000000000000000888e+00 9.566627414346373648e-01 1.083431464134059982e-02 0.000000000000000000e+00
4.470000000000000284e+01 9.417405939181067165e-01 5.825940608189444925e-02 1.165188121637888985e-02 1.000000000000001110e+00 9.539355406037658414e-01 1.151611484905846333e-02 0.000000000000000000e+00
4.475000000000000000e+01 9.381532567741158735e-01 6.184674322588512574e-02 1.236934864517702515e-02 1.000000000000000888e+00 9.511346086788562415e-01 1.221634783028585809e-02 0.000000000000000000e+00
4.480000000000000426e+01 9.344673962534378875e-01 6.553260374656311171e-02 1.310652074931262234e-02 1.000000000000000888e+00 9.482610407177479717e-01 1.293473982056292555e-02 0.000000000000000000e+00
4.485000000000000142e+01 9.306840027738135790e-01 6.931599722618753123e-02 1.386319944523750625e-02 1.000000000000001110e+00 9.453159555799378611e-01 1.367101110501546361e-02 0.000000000000000000e+00
4.490000000000000568e+01 9.268040912223896033e-01 7.319590877761156245e-02 1.463918175552231249e-02 1.000000000000001110e+00 9.423004956683700417e-01 1.442487608290741671e-02 0.000000000000000000e+00
4.495000000000000284e+01 9.228287005708126767e-01 7.717129942918843355e-02 1.543425988583768671e-02 1.000000000000001110e+00 9.392158260777051515e-01 1.519604348057365661e-02 0.000000000000000000e+00
4.500000000000000000e+01 9.187588933439210237e-01 8.124110665608003101e-02 1.624822133121600620e-02 1.000000000000001110e+00 9.360631336308480321e-01 1.598421659228793298e-02 0.000000000000000000e+00
4.505000000000000426e+01 9.145957549624402771e-01 8.540424503756083308e-02 1.708084900751216662e-02 1.000000000000001110e+00 9.328436257495233974e-01 1.678909356261907779e-02 0.000000000000000000e+00
4.510000000000000142e+01 9.103403936175786804e-01 8.965960638242231884e-02 1.793192127648446377e-02 1.000000000000000888e+00 9.295585302183401177e-01 1.761036744541489771e-02 0.000000000000000000e+00
4.515000000000000568e+01 9.059939398526916099e-01 9.400606014730944482e-02 1.880121202946188896e-02 1.000000000000001110e+00 9.262090942740301980e-01 1.844772643149237765e-02 0.000000000000000000e+00
4.520000000000000284e+01 9.015575460502468497e-01 9.844245394975414953e-02 1.968849078995082991e-02 1.000000000000000888e+00 9.227965836826647061e-01 1.930085407933376448e-02 0.000000000000000000e+00
4.525000000000000000e+01 8.970323856438460197e-01 1.029676143561550350e-01 2.059352287123100700e-02 1.000000000000001110e+00 9.193222814264337961e-01 2.016942964339149894e-02 0.000000000000000000e+00
4.530000000000000426e+01 8.924196530090343638e-01 1.075803469909666910e-01 2.151606939819333819e-02 1.000000000000001110e+00 9.157874875077401944e-01 2.105312812306490630e-02 0.000000000000000000e+00
4.535000000000000142e+01 8.877205630151190352e-01 1.122794369848820195e-01 2.245588739697640390e-02 1.000000000000001110e+00 9.121935180113627251e-01 2.195162049715927016e-02 0.000000000000000000e+00
4.540000000000000568e+01 8.829363506043005350e-01 1.170636493957005753e-01 2.341272987914011505e-02 1.000000000000001110e+00 9.085417043145836979e-01 2.286457392135402347e-02 0.000000000000000000e+00
4.545000000000000284e+01 8.780682698247720408e-01 1.219317301752290139e-01 2.438634603504580278e-02 1.000000000000001110e+00 9.048333915338208078e-01 2.379165211654474255e-02 0.000000000000000000e+00
4.550000000000000000e+01 8.731175937085666749e-01 1.268824062914342132e-01 2.537648125828684265e-02 1.000000000000000888e+00 9.010699383190882150e-01 2.473251542022789420e-02 0.000000000000000000e+00
4.555000000000000426e+01 8.680856138264855248e-01 1.319143861735155854e-01 2.638287723470311708e-02 1.000000000000001110e+00 8.972527159828730392e-01 2.568682100428169857e-02 0.000000000000000000e+00
4.560000000000000142e+01 8.629736399913650047e-01 1.370263600086360500e-01 2.740527200172721001e-02 1.000000000000001110e+00 8.933831078512703971e-01 2.665422303718235561e-02 0.000000000000000000e+00
4.565000000000000568e+01 8.577829991522887276e-01 1.422170008477122161e-01 2.844340016954244321e-02 1.000000000000000888e+00 8.894625075600893771e-01 2.763437310997761062e-02 0.000000000000000000e+00
4.570000000000000284e+01 8.525150351392305481e-01 1.474849648607703956e-01 2.949699297215407912e-02 1.000000000000000888e+00 8.854923186466086005e-01 2.862692033834779090e-02 0.000000000000000000e+00
4.575000000000000000e+01 8.471711083538358000e-01 1.528288916461650881e-01 3.056577832923301763e-02 1.000000000000000888e+00 8.814739539885995123e-01 2.963151150285005600e-02 0.000000000000000000e+00
4.580000000000000426e+01 8.417525954139054578e-01 1.582474045860954304e-01 3.164948091721908607e-02 1.000000000000000888e+00 8.774088349923646613e-01 3.064779125190878264e-02 0.000000000000000000e+00
4.585000000000000142e+01 8.362608882336236560e-01 1.637391117663772322e-01 3.274782235327544644e-02 1.000000000000000888e+00 8.732983902354894967e-01 3.167540244112756337e-02 0.000000000000000000e+00
4.590000000000000568e+01 8.306973933846217850e-01 1.693026066153791032e-01 3.386052132307582063e-02 1.000000000000000888e+00 8.691440544951405389e-01 3.271398637621480976e-02 0.000000000000000000e+00
4.595000000000000284e+01 8.250635319833511394e-01 1.749364680166495822e-01 3.498729360332991645e-02 1.000000000000000666e+00 8.649472685597954236e-01 3.376318286005106084e-02 0.000000000000000000e+00
4.600000000000000000e+01 8.193607391829599296e-01 1.806392608170409586e-01 3.612785216340819172e-02 1.000000000000000888e+00 8.607094782217107332e-01 3.482263044457224038e-02 0.000000000000000000e+00
4.605000000000000426e+01 8.135904637126725181e-01 1.864095362873283146e-01 3.728190725746566292e-02 1.000000000000000888e+00 8.564321335432295568e-01 3.589196661419252060e-02 0.000000000000000000e+00
4.610000000000000142e+01 8.077541667446096474e-01 1.922458332553911298e-01 3.844916665107822595e-02 1.000000000000000888e+00 8.521166872449676966e-01 3.697082818875799259e-02 0.000000000000000000e+00
4.615000000000000568e+01 8.018533218018489839e-01 1.981466781981519598e-01 3.962933563963039196e-02 1.000000000000000888e+00 8.477645945678962125e-01 3.805885135802587055e-02 0.000000000000000000e+00
4.620000000000000284e+01 7.958894143105486041e-01 2.041105856894523396e-01 4.082211713789046792e-02 1.000000000000000888e+00 8.433773125134463866e-01 3.915567187163832702e-02 0.000000000000000000e+00
4.625000000000000000e+01 7.898639413804652287e-01 2.101360586195355484e-01 4.202721172390710969e-02 1.000000000000000888e+00 8.389562992964454402e-01 4.026092517588857750e-02 0.000000000000000000e+00
4.630000000000000426e+01 7.837784106278729013e-01 2.162215893721278204e-01 4.324431787442556407e-02 1.000000000000000666e+00 8.345030127869809133e-01 4.137424680325470228e-02 0.000000000000000000e+00
4.635000000000000142e+01 7.776343396680011066e-01 2.223656603319998371e-01 4.447313206639996741e-02 1.000000000000000888e+00 8.300189098057837445e-01 4.249527254855398756e-02 0.000000000000000000e+00
4.640000000000000568e+01 7.714332560046168741e-01 2.285667439953839586e-01 4.571334879907679172e-02 1.000000000000000888e+00 8.255054459585453586e-01 4.362363851036358403e-02 0.000000000000000000e+00
4.645000000000000284e+01 7.651766965062164472e-01 2.348233034937843855e-01 4.696466069875687710e-02 1.000000000000000888e+00 8.209640746883235529e-01 4.475898132791901463e-02 0.000000000000000000e+00
4.650000000000000000e+01 7.588662070304681428e-01 2.411337929695328564e-01 4.822675859390657127e-02 1.000000000000000888e+00 8.163962467252999788e-01 4.590093831867492202e-02 0.000000000000000000e+00
4.655000000000000426e+01 7.525033411662139793e-01 2.474966588337867979e-01 4.949933176675735957e-02 1.000000000000000888e+00 8.118034084939106387e-01 4.704914787652225011e-02 0.000000000000000000e+00
4.660000000000000142e+01 7.460896601198823141e-01 2.539103398801184630e-01 5.078206797602369260e-02 1.000000000000000888e+00 8.071870019604475699e-01 4.820324950988802426e-02 0.000000000000000000e+00
4.665000000000000568e+01 7.396267323997204324e-01 2.603732676002804003e-01 5.207465352005608006e-02 1.000000000000000888e+00 8.025484641703706234e-01 4.936288395740728169e-02 0.000000000000000000e+00
4.670000000000000284e+01 7.331161334960690779e-01 2.668838665039319213e-01 5.337677330078638427e-02 1.000000000000000888e+00 7.978892265858639199e-01 5.052769335353395758e-02 0.000000000000000000e+00
4.675000000000000000e+01 7.265594450168649798e-01 2.734405549831359084e-01 5.468811099662718167e-02 1.000000000000000888e+00 7.932107140959810954e-01 5.169732147600464289e-02 0.000000000000000000e+00
4.680000000000000426e+01 7.199582538143279864e-01 2.800417461856727352e-01 5.600834923713454705e-02 1.000000000000000666e+00 7.885143439617765537e-01 5.287141400955579218e-02 0.000000000000000000e+00
4.685000000000000142e+01 7.133141519682795195e-01 2.866858480317216462e-01 5.733716960634432924e-02 1.000000000000001110e+00 7.838015257954390469e-01 5.404961855114016195e-02 0.000000000000000000e+00
4.690000000000000568e+01 7.066287362813573614e-01 2.933712637186436378e-01 5.867425274372872757e-02 1.000000000000000888e+00 7.790736608506919625e-01 5.523158478732692611e-02 0.000000000000000000e+00
4.695000000000000284e+01 6.999036082052997321e-01 3.000963917947013782e-01 6.001927835894027563e-02 1.000000000000001110e+00 7.743321417568503895e-01 5.641696456078731242e-02 0.000000000000000000e+00
4.700000000000000000e+01 6.931403725455821396e-01 3.068596274544188596e-01 6.137192549088377191e-02 1.000000000000000888e+00 7.695783511440215108e-01 5.760541221399452516e-02 0.000000000000000000e+00
4.705000000000000426e+01 6.863406369986368993e-01 3.136593630013642664e-01 6.273187260027285328e-02 1.000000000000001110e+00 7.648136611221789671e-01 5.879658471945517495e-02 0.000000000000000000e+00
4.710000000000000142e+01 6.795060121029596889e-01 3.204939878970411438e-01 6.409879757940822875e-02 1.000000000000000888e+00 7.600394332257095487e-01 5.999014169357252957e-02 0.000000000000000000e+00
4.715000000000000568e+01 6.726381107152876737e-01 3.273618892847132700e-01 6.547237785694265400e-02 1.000000000000000888e+00 7.552570177128083984e-01 6.118574557179781714e-02 0.000000000000000000e+00
4.720000000000000284e+01 6.657385479364289482e-01 3.342614520635719955e-01 6.685229041271439909e-02 1.000000000000000888e+00 7.504677533903497677e-01 6.238306165241248175e-02 0.000000000000000000e+00
4.725000000000000000e+01 6.588089397330456620e-01 3.411910602669551706e-01 6.823821205339103413e-02 1.000000000000000888e+00 7.456729662763847966e-01 6.358175843090371759e-02 0.000000000000000000e+00
4.730000000000000426e+01 6.518509026764158776e-01 3.481490973235851216e-01 6.962981946471702432e-02 1.000000000000000888e+00 7.408739693315510300e-01 6.478150766711214537e-02 0.000000000000000000e+00
4.735000000000000142e+01 6.448660538635087036e-01 3.551339461364921846e-01 7.102678922729843691e-02 1.000000000000000888e+00 7.360720623796129791e-01 6.598198440509668583e-02 0.000000000000000000e+00
4.740000000000000568e+01 6.378560104357834382e-01 3.621439895642175610e-01 7.242879791284351221e-02 1.000000000000000888e+00 7.312685315232672068e-01 6.718286711918311505e-02 0.000000000000000000e+00
4.745000000000000284e+01 6.308223894658427922e-01 3.691776105341582070e-01 7.383552210683164141e-02 1.000000000000000888e+00 7.264646489895580928e-01 6.838383775261040742e-02 0.000000000000000000e+00
4.750000000000000000e+01 6.237668066127347588e-01 3.762331933872661849e-01 7.524663867745323698e-02 1.000000000000000888e+00 7.216616719661140822e-01 6.958458200847142394e-02 0.000000000000000000e+00
4.755000000000000426e+01 6.166908759439698740e-01 3.833091240560310142e-01 7.666182481120620285e-02 1.000000000000000888e+00 7.168608424386510025e-01 7.078478939033716610e-02 0.000000000000000000e+00
4.760000000000000142e+01 6.095962098524878581e-01 3.904037901475129746e-01 7.808075802950259492e-02 1.000000000000000888e+00 7.120633871207863175e-01 7.198415321980332349e-02 0.000000000000000000e+00
4.765000000000000568e+01 6.024844186198127227e-01 3.975155813801881100e-01 7.950311627603762199e-02 1.000000000000000888e+00 7.072705170125199725e-01 7.318237074686993748e-02 0.000000000000000000e+00
4.770000000000000284e+01 5.953571103201912296e-01 4.046428896798093255e-01 8.092857793596186511e-02 1.000000000000000444e+00 7.024834272904985077e-01 7.437914317737528980e-02 0.000000000000000000e+00
4.775000000000000000e+01 5.882158895174351976e-01 4.117841104825656351e-01 8.235682209651312702e-02 1.000000000000000888e+00 6.977032963359033335e-01 7.557417591602408335e-02 0.000000000000000000e+00
4.780000000000000426e+01 5.810623571052648817e-01 4.189376428947358399e-01 8.378752857894716799e-02 1.000000000000000666e+00 6.929312856102149976e-01 7.676717859744616734e-02 0.000000000000000000e+00
4.785000000000000142e+01 5.738981102452965777e-01 4.261018897547041995e-01 8.522037795094083990e-02 1.000000000000000888e+00 6.881685396147758649e-01 7.795786509630592276e-02 0.000000000000000000e+00
4.790000000000000568e+01 5.667247419598947511e-01 4.332752580401058595e-01 8.665505160802117190e-02 1.000000000000000666e+00 6.834161855945204422e-01 7.914595360136980617e-02 0.000000000000000000e+00
4.795000000000000284e+01 5.595438411223890851e-01 4.404561588776115255e-01 8.809123177552230510e-02 1.000000000000000666e+00 6.786753335016483257e-01 8.033116662458782142e-02 0.000000000000000000e+00
4.800000000000000000e+01 5.523569911894764539e-01 4.476430088105243232e-01 8.952860176210486465e-02 1.000000000000000888e+00 6.739470752165785949e-01 8.151323119585525412e-02 0.000000000000000000e+00
4.805000000000000426e+01 5.451657700115102312e-01 4.548342299884905460e-01 9.096684599769810919e-02 1.000000000000000888e+00 6.692324844294320618e-01 8.269187889264188740e-02 0.000000000000000000e+00
4.810000000000000142e+01 5.379717498030313072e-01 4.620282501969694144e-01 9.240565003939388289e-02 1.000000000000000666e+00 6.645326166272670365e-01 8.386684584318315760e-02 0.000000000000000000e+00
4.815000000000000568e+01 5.307764967643969767e-01 4.692235032356037450e-01 9.384470064712074899e-02 1.000000000000000666e+00 6.598485089436901818e-01 8.503787276407734352e-02 0.000000000000000000e+00
4.820000000000000284e+01 5.235815711830541508e-01 4.764184288169465153e-01 9.528368576338930307e-02 1.000000000000000666e+00 6.551811801987829087e-01 8.620470495030416180e-02 0.000000000000000000e+00
4.825000000000000000e+01 5.163885262411314070e-01 4.836114737588692591e-01 9.672229475177385183e-02 1.000000000000000666e+00 6.505316303296468927e-01 8.736709241758817968e-02 0.000000000000000000e+00
4.830000000000000426e+01 5.091989077413385800e-01 4.908010922586619751e-01 9.816021845173239502e-02 1.000000000000000444e+00 6.459008402654562442e-01 8.852478993363585569e-02 0.000000000000000000e+00
4.835000000000000142e+01 5.020142541028963512e-01 4.979857458971043149e-01 9.959714917942086299e-02 1.000000000000000666e+00 6.412897719266511531e-01 8.967755701833712845e-02 0.000000000000000000e+00
4.840000000000000568e+01 4.948360960468784486e-01 5.051639039531221620e-01 1.010327807906244435e-01 1.000000000000000666e+00 6.366993682076289574e-01 9.082515794809266352e-02 0.000000000000000000e+00
4.845000000000000284e+01 4.876659567412319762e-01 5.123340432587686344e-01 1.024668086517537269e-01 1.000000000000000666e+00 6.321305530850720444e-01 9.196736172873189175e-02 0.000000000000000000e+00
4.850000000000000000e+01 4.805053508140710861e-01 5.194946491859295801e-01 1.038989298371859049e-01 1.000000000000000666e+00 6.275842312728455719e-01 9.310394218178852377e-02 0.000000000000000000e+00
4.855000000000000426e+01 4.733557839202594542e-01 5.266442160797413230e-01 1.053288432159482646e-01 1.000000000000000888e+00 6.230612881030063166e-01 9.423467797424835146e-02 0.000000000000000000e+00
4.860000000000000142e+01 4.662187527414133892e-01 5.337812472585873325e-01 1.067562494517174665e-01 1.000000000000000666e+00 6.185625895258046736e-01 9.535935261854874834e-02 0.000000000000000000e+00
4.865000000000000568e+01 4.590957448039248434e-01 5.409042551960761003e-01 1.081808510392152090e-01 1.000000000000000888e+00 6.140889821689164974e-01 9.647775445777079240e-02 0.000000000000000000e+00
4.870000000000000284e+01 4.519882385061653740e-01 5.480117614938353476e-01 1.096023522987670806e-01 1.000000000000000666e+00 6.096412935473246586e-01 9.758967661316875208e-02 0.000000000000000000e+00
4.875000000000000000e+01 4.448977025466872015e-01 5.551022974533137422e-01 1.110204594906627484e-01 1.000000000000000888e+00 6.052203318983001568e-01 9.869491702542489142e-02 0.000000000000000000e+00
4.880000000000000426e+01 4.378255952515772709e-01 5.621744047484236173e-01 1.124348809496847346e-01 1.000000000000000888e+00 6.008268861235565028e-01 9.979327846911079103e-02 0.000000000000000000e+00
4.885000000000000142e+01 4.307733645696529834e-01 5.692266354303479048e-01 1.138453270860695921e-01 1.000000000000000888e+00 5.964617257894461178e-01 1.008845685526383873e-01 0.000000000000000000e+00
4.890000000000000568e+01 4.237424479945732236e-01 5.762575520054274980e-01 1.152515104010854996e-01 1.000000000000000666e+00 5.921256011835097643e-01 1.019685997041224756e-01 0.000000000000000000e+00
4.895000000000000284e+01 4.167342724891345829e-01 5.832657275108663608e-01 1.166531455021732611e-01 1.000000000000000888e+00 5.878192436672584620e-01 1.030451890831853012e-01 0.000000000000000000e+00
4.900000000000000000e+01 4.097502543200288727e-01 5.902497456799717934e-01 1.180499491359943698e-01 1.000000000000000666e+00 5.835433656163981908e-01 1.041141585959003690e-01 0.000000000000000000e+00
4.905000000000000426e+01 4.027917982179362033e-01 5.972082017820645738e-01 1.194416403564129148e-01 1.000000000000000888e+00 5.792986604882421897e-01 1.051753348779393554e-01 0.000000000000000000e+00
4.910000000000000142e+01 3.958602973267929537e-01 6.041397026732078235e-01 1.208279405346415758e-01 1.000000000000000888e+00 5.750858028357220819e-01 1.062285492910693963e-01 0.000000000000000000e+00
4.915000000000000568e+01 3.889571331848872271e-01 6.110428668151135501e-01 1.222085733630227100e-01 1.000000000000000888e+00 5.709054483280011638e-01 1.072736379179996119e-01 0.000000000000000000e+00
4.920000000000000284e+01 3.820836756003148649e-01 6.179163243996860233e-01 1.235832648799372047e-01 1.000000000000000888e+00 5.667582341804185964e-01 1.083104414548952676e-01 0.000000000000000000e+00
4.925000000000000000e+01 3.752412827754086910e-01 6.247587172245921971e-01 1.249517434449184394e-01 1.000000000000000888e+00 5.626447792223291389e-01 1.093388051944176181e-01 0.000000000000000000e+00
4.930000000000000426e+01 3.684313004715281670e-01 6.315686995284728322e-01 1.263137399056945553e-01 1.000000000000000888e+00 5.585656840660289113e-01 1.103585789834926889e-01 0.000000000000000000e+00
4.935000000000000142e+01 3.616550618473980960e-01 6.383449381526027366e-01 1.276689876305205362e-01 1.000000000000000888e+00 5.545215311894257093e-01 1.113696172026434894e-01 0.000000000000000000e+00
4.940000000000000568e+01 3.549138874591024617e-01 6.450861125408982044e-01 1.290172225081796520e-01 1.000000000000000666e+00 5.505128849360353405e-01 1.123717787659910816e-01 0.000000000000000000e+00
4.945000000000000284e+01 3.482090851676198362e-01 6.517909148323808299e-01 1.303581829664761660e-01 1.000000000000000666e+00 5.465402918546002908e-01 1.133649270363498718e-01 0.000000000000000000e+00
4.950000000000000000e+01 3.415419503246100996e-01 6.584580496753905665e-01 1.316916099350781133e-01 1.000000000000000666e+00 5.426042810534223992e-01 1.143489297366443308e-01 0.000000000000000000e+00
4.955000000000000426e+01 3.349137652057614933e-01 6.650862347942393393e-01 1.330172469588478679e-01 1.000000000000000888e+00 5.387053642940157205e-01 1.153236589264960144e-01 0.000000000000000000e+00
4.960000000000000142e+01 3.283257986556745722e-01 6.716742013443260939e-01 1.343348402688652188e-01 1.000000000000000666e+00 5.348440362602603360e-01 1.162889909349348327e-01 0.000000000000000000e+00
4.965000000000000568e+01 3.217793060878441080e-01 6.782206939121565581e-01 1.356441387824313116e-01 1.000000000000000666e+00 5.310207745584161199e-01 1.172448063603959006e-01 0.000000000000000000e+00
4.970000000000000284e+01 3.152755294515133255e-01 6.847244705484876182e-01 1.369448941096975125e-01 1.000000000000000888e+00 5.272360398735390641e-01 1.181909900316151646e-01 0.000000000000000000e+00
4.975000000000000000e+01 3.088156973423957785e-01 6.911843026576049986e-01 1.382368605315210108e-01 1.000000000000000888e+00 5.234902766215855374e-01 1.191274308446035324e-01 0.000000000000000000e+00
4.980000000000000426e+01 3.024010248233032772e-01 6.975989751766975555e-01 1.395197950353395111e-01 1.000000000000000888e+00 5.197839129146750725e-01 1.200540217713311625e-01 0.000000000000000000e+00
4.985000000000000142e+01 2.960327128965666299e-01 7.039672871034341473e-01 1.407934574206868295e-01 1.000000000000000888e+00 5.161173610381486476e-01 1.209706597404627826e-01 0.000000000000000000e+00
4.990000000000000568e+01 2.897119484817804458e-01 7.102880515182206089e-01 1.420576103036441107e-01 1.000000000000001110e+00 5.124910174873192892e-01 1.218772456281700944e-01 0.000000000000000000e+00
4.995000000000000284e+01 2.834399044088197761e-01 7.165600955911810566e-01 1.433120191182362113e-01 1.000000000000000888e+00 5.089052630039815339e-01 1.227736842490045610e-01 0.000000000000000000e+00
5.000000000000000000e+01 2.772177394652159399e-01 7.227822605347850038e-01 1.445564521069570008e-01 1.000000000000000888e+00 5.053604632619989045e-01 1.236598841845002184e-01 0.000000000000000000e+00
5.005000000000000426e+01 2.710465985061767946e-01 7.289534014938239270e-01 1.457906802987647965e-01 1.000000000000000666e+00 5.018569689339165141e-01 1.245357577665208298e-01 0.000000000000000000e+00
5.010000000000000142e+01 2.649276119055685164e-01 7.350723880944323163e-01 1.470144776188864744e-01 1.000000000000000888e+00 4.983951161909694894e-01 1.254012209522575583e-01 0.000000000000000000e+00
5.015000000000000568e+01 2.588618954655760862e-01 7.411381045344247465e-01 1.482276209068849604e-01 1.000000000000000888e+00 4.949752268757972029e-01 1.262561932810506438e-01 0.000000000000000000e+00
5.020000000000000284e+01 2.528505504167098406e-01 7.471494495832908811e-01 1.494298899166581762e-01 1.000000000000000666e+00 4.915976085024465481e-01 1.271005978743883214e-01 0.000000000000000000e+00
5.025000000000000000e+01 2.468946634345912938e-01 7.531053365654094556e-01 1.506210673130818911e-01 1.000000000000000666e+00 4.882625546993867860e-01 1.279343613251532341e-01 0.000000000000000000e+00
5.030000000000000426e+01 2.409953068655237285e-01 7.590046931344771597e-01 1.518009386268954208e-01 1.000000000000000888e+00 4.849703456813721503e-01 1.287574135796569208e-01 0.000000000000000000e+00
5.035000000000000142e+01 2.351535383453943195e-01 7.648464616546063466e-01 1.529692923309212693e-01 1.000000000000000666e+00 4.817212484605116751e-01 1.295696878848720257e-01 0.000000000000000000e+00
5.040000000000000568e+01 2.293704005954165792e-01 7.706295994045841979e-01 1.541259198809168396e-01 1.000000000000000888e+00 4.785155172994124406e-01 1.303711206751468343e-01 0.000000000000000000e+00
5.045000000000000284e+01 2.236469214220593582e-01 7.763530785779413357e-01 1.552706157155882560e-01 1.000000000000000666e+00 4.753533937115940744e-01 1.311616515721014120e-01 0.000000000000000000e+00
5.050000000000000000e+01 2.179841137241471660e-01 7.820158862758536111e-01 1.564031772551707222e-01 1.000000000000000888e+00 4.722351066346724968e-01 1.319412233413318203e-01 0.000000000000000000e+00
5.055000000000000426e+01 2.123829757057416612e-01 7.876170242942592825e-01 1.575234048588518565e-01 1.000000000000000888e+00 4.691608732057697129e-01 1.327097816985575163e-01 0.000000000000000000e+00
5.060000000000000142e+01 2.068444907516995279e-01 7.931555092483013603e-01 1.586311018496602832e-01 1.000000000000000888e+00 4.661308987486225686e-01 1.334672753128443023e-01 0.000000000000000000e+00
5.065000000000000568e+01 2.013696271268743121e-01 7.986303728731264373e-01 1.597260745746252875e-01 1.000000000000000666e+00 4.631453774270213319e-01 1.342136556432446115e-01 0.000000000000000000e+00
5.070000000000000284e+01 1.959593379655694412e-01 8.040406620344314748e-01 1.608081324068862950e-01 1.000000000000000888e+00 4.602044923004556254e-01 1.349488769248860520e-01 0.000000000000000000e+00
5.075000000000000000e+01 1.906145612726697913e-01 8.093854387273311524e-01 1.618770877454662194e-01 1.000000000000000888e+00 4.573084153603464985e-01 1.356728961599133199e-01 0.000000000000000000e+00
5.080000000000000426e+01 1.853362200758790768e-01 8.146637799241216449e-01 1.629327559848243179e-01 1.000000000000000666e+00 4.544573082654843610e-01 1.363856729336288542e-01 0.000000000000000000e+00
5.085000000000000142e+01 1.801252225227455150e-01 8.198747774772552344e-01 1.639749554954510469e-01 1.000000000000000666e+00 4.516513224284522954e-01 1.370871693928868706e-01 0.000000000000000000e+00
5.090000000000000568e+01 1.749824615602701139e-01 8.250175384397306910e-01 1.650035076879461382e-01 1.000000000000000888e+00 4.488905996120953201e-01 1.377773500969761145e-01 0.000000000000000000e+00
5.095000000000000284e+01 1.699088148967451140e-01 8.300911851032555244e-01 1.660182370206511049e-01 1.000000000000000666e+00 4.461752721364979912e-01 1.384561819658754467e-01 0.000000000000000000e+00
5.100000000000000000e+01 1.649051450017487708e-01 8.350948549982519786e-01 1.670189709996504068e-01 1.000000000000000666e+00 4.435054628789818487e-01 1.391236342802544823e-01 0.000000000000000000e+00
5.105000000000000426e+01 1.599722991894164392e-01 8.400277008105840881e-01 1.680055401621168287e-01 1.000000000000000444e+00 4.408812857341939395e-01 1.397796785664514874e-01 0.000000000000000000e+00
5.110000000000000142e+01 1.551111098475406180e-01 8.448888901524600481e-01 1.689777780304920207e-01 1.000000000000000666e+00 4.383028460630441492e-01 1.404242884842389072e-01 0.000000000000000000e+00
5.115000000000000568e+01 1.503223941822166843e-01 8.496776058177840651e-01 1.699355211635568130e-01 1.000000000000000666e+00 4.357702409654298781e-01 1.410574397586424888e-01 0.000000000000000000e+00
5.120000000000000284e+01 1.456069541404052814e-01 8.543930458595951904e-01 1.708786091719190492e-01 1.000000000000000444e+00 4.332835597332866939e-01 1.416791100666782710e-01 0.000000000000000000e+00
5.125000000000000000e+01 1.409655764099291830e-01 8.590344235900715386e-01 1.718068847180143077e-01 1.000000000000000666e+00 4.308428838506974667e-01 1.422892790373256056e-01 0.000000000000000000e+00
5.130000000000000426e+01 1.363990324555638678e-01 8.636009675444367151e-01 1.727201935088873430e-01 1.000000000000000666e+00 4.284482871935245685e-01 1.428879282016188301e-01 0.000000000000000000e+00
5.135000000000000142e+01 1.319080787766533092e-01 8.680919212233473292e-01 1.736183842446694658e-01 1.000000000000000666e+00 4.260998367264917097e-01 1.434750408183770309e-01 0.000000000000000000e+00
5.140000000000000568e+01 1.274934567784665740e-01 8.725065432215339811e-01 1.745013086443067962e-01 1.000000000000000444e+00 4.237975925383550835e-01 1.440506018654111875e-01 0.000000000000000000e+00
5.145000000000000284e+01 1.231558926547589861e-01 8.768441073452415413e-01 1.753688214690483083e-01 1.000000000000000444e+00 4.215416084458624701e-01 1.446145978885343408e-01 0.000000000000000000e+00
5.150000000000000000e+01 1.188960973878898514e-01 8.811039026121105788e-01 1.762207805224221269e-01 1.000000000000000444e+00 4.193319320284886187e-01 1.451670169928778176e-01 0.000000000000000000e+00
5.155000000000000426e+01 1.147147667608780230e-01 8.852852332391225598e-01 1.770570466478245120e-01 1.000000000000000666e+00 4.171686046970211059e-01 1.457078488257446958e-01 0.000000000000000000e+00
5.160000000000000142e+01 1.106125815790152261e-01 8.893874184209854539e-01 1.778774836841970908e-01 1.000000000000000666e+00 4.150516623722617093e-01 1.462370844069345310e-01 0.000000000000000000e+00
5.165000000000000568e+01 1.065902076747405058e-01 8.934097923252601881e-01 1.786819584650520265e-01 1.000000000000000666e+00 4.129811355267356543e-01 1.467547161183160309e-01 0.000000000000000000e+00
5.170000000000000284e+01 1.026482957668126555e-01 8.973517042331879967e-01 1.794703408466375993e-01 1.000000000000000666e+00 4.109570497582262227e-01 1.472607375604434166e-01 0.000000000000000000e+00
5.175000000000000000e+01 9.878748145983551332e-02 9.012125185401651528e-01 1.802425037080330195e-01 1.000000000000000666e+00 4.089794259017369149e-01 1.477551435245657296e-01 0.000000000000000000e+00
5.180000000000000426e+01 9.500838524677293617e-02 9.049916147532277577e-01 1.809983229506455515e-01 1.000000000000000666e+00 4.070482800442500881e-01 1.482379299889374225e-01 0.000000000000000000e+00
5.185000000000000142e+01 9.131161267380774604e-02 9.086883873261928368e-01 1.817376774652385563e-01 1.000000000000000666e+00 4.051636240637602193e-01 1.487090939840599035e-01 0.000000000000000000e+00
5.190000000000000568e+01 8.769775444587422919e-02 9.123022455541263120e-01 1.824604491108252624e-01 1.000000000000000444e+00 4.033254657880415150e-01 1.491686335529895935e-01 0.000000000000000000e+00
5.195000000000000284e+01 8.416738628433206859e-02 9.158326137156685975e-01 1.831665227431337195e-01 1.000000000000000666e+00 4.015338094329841123e-01 1.496165476417539442e-01 0.000000000000000000e+00
5.200000000000000000e+01 8.072106892584467175e-02 9.192789310741558140e-01 1.838557862148311739e-01 1.000000000000000444e+00 3.997886558043279304e-01 1.500528360489179758e-01 0.000000000000000000e+00
5.205000000000000426e+01 7.735934812247839687e-02 9.226406518775223109e-01 1.845281303755044733e-01 1.000000000000000666e+00 3.980900022982439834e-01 1.504774994254389486e-01 0.000000000000000000e+00
5.210000000000000142e+01 7.408275475504705332e-02 9.259172452449537793e-01 1.851834490489907559e-01 1.000000000000000888e+00 3.964378432752708181e-01 1.508905391811822538e-01 0.000000000000000000e+00
5.215000000000000568e+01 7.089180499549567471e-02 9.291081950045049220e-01 1.858216390009009844e-01 1.000000000000000666e+00 3.948321703516680103e-01 1.512919574120829558e-01 0.000000000000000000e+00
5.220000000000000284e+01 6.778700017765851293e-02 9.322129998223421810e-01 1.864425999644684362e-01 1.000000000000000666e+00 3.932729726723091512e-01 1.516817568319226706e-01 0.000000000000000000e+00
5.225000000000000000e+01 6.476882679685225241e-02 9.352311732031484137e-01 1.870462346406296938e-01 1.000000000000000666e+00 3.917602371827468288e-01 1.520599407043132512e-01 0.000000000000000000e+00
5.230000000000000426e+01 6.183775650987754363e-02 9.381622434901232266e-01 1.876324486980246453e-01 1.000000000000000666e+00 3.902939486292128501e-01 1.524265128426967597e-01 0.000000000000000000e+00
5.235000000000000142e+01 5.899424621372225536e-02 9.410057537862783761e-01 1.882011507572556863e-01 1.000000000000000666e+00 3.888740898069802943e-01 1.527814775482548848e-01 0.000000000000000000e+00
5.240000000000000568e+01 5.623873822466091826e-02 9.437612617753399213e-01 1.887522523550679843e-01 1.000000000000000888e+00 3.875006419201043051e-01 1.531248395199738821e-01 0.000000000000000000e+00
5.245000000000000284e+01 5.357166016870301001e-02 9.464283398312978157e-01 1.892856679662595631e-01 1.000000000000000888e+00 3.861735847357651852e-01 1.534566038160586621e-01 0.000000000000000000e+00
5.250000000000000000e+01 5.099342498266739437e-02 9.490065750173335424e-01 1.898013150034666974e-01 1.000000000000000888e+00 3.848928968754952162e-01 1.537767757811261682e-01 0.000000000000000000e+00
5.255000000000000426e+01 4.850443091435339971e-02 9.514955690856474746e-01 1.902991138171294949e-01 1.000000000000000888e+00 3.836585558161580423e-01 1.540853610459604339e-01 0.000000000000000000e+00
5.260000000000000142e+01 4.610506158506127994e-02 9.538949384149395527e-01 1.907789876829878994e-01 1.000000000000000888e+00 3.824705380752366768e-01 1.543823654811907753e-01 0.000000000000000000e+00
5.265000000000000568e+01 4.379568615540030407e-02 9.562043138446005841e-01 1.912408627689201057e-01 1.000000000000000888e+00 3.813288195482056331e-01 1.546677951129485362e-01 0.000000000000000000e+00
5.270000000000000284e+01 4.157665923564878713e-02 9.584233407643518721e-01 1.916846681528703855e-01 1.000000000000000666e+00 3.802333756204228643e-01 1.549416560948942145e-01 0.000000000000000000e+00
5.275000000000000000e+01 3.944832088837573608e-02 9.605516791116250896e-01 1.921103358223250068e-01 1.000000000000000888e+00 3.791841814196848515e-01 1.552039546450787177e-01 0.000000000000000000e+00
5.280000000000000426e+01 3.741099662885152138e-02 9.625890033711492766e-01 1.925178006742298553e-01 1.000000000000000888e+00 3.781812118183945359e-01 1.554546970454012966e-01 0.000000000000000000e+00
5.285000000000000142e+01 3.546499748499192667e-02 9.645350025150087880e-01 1.929070005030017465e-01 1.000000000000000666e+00 3.772244415969787101e-01 1.556938896007552531e-01 0.000000000000000000e+00
5.290000000000000568e+01 3.361062013241517682e-02 9.663893798675854407e-01 1.932778759735170881e-01 1.000000000000000666e+00 3.763138457111956936e-01 1.559215385722010072e-01 0.000000000000000000e+00
5.295000000000000284e+01 3.184814681900234590e-02 9.681518531809982786e-01 1.936303706361996446e-01 1.000000000000000666e+00 3.754493993966728782e-01 1.561376501508317249e-01 0.000000000000000000e+00
5.300000000000000000e+01 3.017784537045527238e-02 9.698221546295454631e-01 1.939644309259090926e-01 1.000000000000000666e+00 3.746310783523731369e-01 1.563422304119066464e-01 0.000000000000000000e+00
5.305000000000000426e+01 2.859996919057947867e-02 9.714000308094211666e-01 1.942800061618842333e-01 1.000000000000000666e+00 3.738588587417604470e-01 1.565352853145598189e-01 0.000000000000000000e+00
5.310000000000000142e+01 2.711475733042455899e-02 9.728852426695761002e-01 1.945770485339152200e-01 1.000000000000000666e+00 3.731327173618163573e-01 1.567168206595458413e-01 0.000000000000000000e+00
5.315000000000000568e+01 2.572243457363176597e-02 9.742775654263688967e-01 1.948555130852737682e-01 1.000000000000000666e+00 3.724526318081322618e-01 1.568868420479668790e-01 0.000000000000000000e+00
5.320000000000000284e+01 2.442321137829157884e-02 9.755767886217090457e-01 1.951153577243417980e-01 1.000000000000000666e+00 3.718185805909845487e-01 1.570453548522537934e-01 0.000000000000000000e+00
5.325000000000000000e+01 2.321728388305294502e-02 9.767827161169475580e-01 1.953565432233895227e-01 1.000000000000000444e+00 3.712305432340263223e-01 1.571923641914933500e-01 0.000000000000000000e+00
5.330000000000000426e+01 2.210483390996140912e-02 9.778951660900392362e-01 1.955790332180078472e-01 1.000000000000000666e+00 3.706885002820722863e-01 1.573278749294818590e-01 0.000000000000000000e+00
5.335000000000000142e+01 2.108602904492185362e-02 9.789139709550787050e-01 1.957827941910157410e-01 1.000000000000000666e+00 3.701924334683412976e-01 1.574518916329145923e-01 0.000000000000000000e+00
5.340000000000000568e+01 2.016102266046279970e-02 9.798389773395377311e-01 1.959677954679075462e-01 1.000000000000000444e+00 3.697423257908564187e-01 1.575644185522858398e-01 0.000000000000000000e+00
5.345000000000000284e+01 1.932995388167384199e-02 9.806700461183268658e-01 1.961340092236653621e-01 1.000000000000000666e+00 3.693381616116939159e-01 1.576654595970764516e-01 0.000000000000000000e+00
5.350000000000000000e+01 1.859294759025783422e-02 9.814070524097426862e-01 1.962814104819485261e-01 1.000000000000000444e+00 3.689799266893952212e-01 1.577550183276511253e-01 0.000000000000000000e+00
5.355000000000000426e+01 1.795011443820358765e-02 9.820498855617970646e-01 1.964099771123594129e-01 1.000000000000000666e+00 3.686676082064145321e-01 1.578330979483963115e-01 0.000000000000000000e+00
5.360000000000000142e+01 1.740155091862444561e-02 9.825984490813760575e-01 1.965196898162752115e-01 1.000000000000000444e+00 3.684011948971082084e-01 1.578997012757228924e-01 0.000000000000000000e+00
5.365000000000000568e+01 1.694733933584320618e-02 9.830526606641574183e-01 1.966105321328314726e-01 1.000000000000000666e+00 3.681806770660080441e-01 1.579548307334979473e-01 0.000000000000000000e+00
5.370000000000000284e+01 1.658754779793723821e-02 9.834124522020635251e-01 1.966824904404126939e-01 1.000000000000000666e+00 3.680060466360334792e-01 1.579984883409915608e-01 0.000000000000000000e+00
5.375000000000000000e+01 1.632223021873962024e-02 9.836777697812609800e-01 1.967355539562521960e-01 1.000000000000000666e+00 3.678772971532440206e-01 1.580306757116889393e-01 0.000000000000000000e+00
5.380000000000000426e+01 1.615142635319384221e-02 9.838485736468070009e-01 1.967697147293613891e-01 1.000000000000000888e+00 3.677944238378204611e-01 1.580513940405448292e-01 0.000000000000000000e+00
5.385000000000000142e+01 1.607516180408390463e-02 9.839248381959166956e-01 1.967849676391833502e-01 1.000000000000000666e+00 3.677574236145236819e-01 1.580606440963690240e-01 0.000000000000000000e+00
5.390000000000000568e+01 1.609344799876054680e-02 9.839065520012402200e-01 1.967813104002480440e-01 1.000000000000000666e+00 3.677662951069054498e-01 1.580584262232735959e-01 0.000000000000000000e+00
5.395000000000000284e+01 1.620628219039170481e-02 9.837937178096090030e-01 1.967587435619218006e-01 1.000000000000000666e+00 3.678210386413487964e-01 1.580447403396627315e-01 0.000000000000000000e+00
5.400000000000000000e+01 1.641364747191919118e-02 9.835863525280813535e-01 1.967172705056162707e-01 1.000000000000000444e+00 3.679216562532884871e-01 1.580195859366778088e-01 0.000000000000000000e+00
5.405000000000000426e+01 1.671551278006970162e-02 9.832844872199308917e-01 1.966568974439861783e-01 1.000000000000000666e+00 3.680681516898665628e-01 1.579829620775332899e-01 0.000000000000000000e+00
5.410000000000000142e+01 1.711183287533571060e-02 9.828881671246647578e-01 1.965776334249329516e-01 1.000000000000000444e+00 3.682605303697349397e-01 1.579348674075661818e-01 0.000000000000000000e+00
5.415000000000000568e+01 1.760254834158292078e-02 9.823974516584175198e-01 1.964794903316834929e-01 1.000000000000000444e+00 3.684987993725728495e-01 1.578753001568567182e-01 0.000000000000000000e+00
5.420000000000000284e+01 1.818758558856649679e-02 9.818124144114339646e-01 1.963624828822868040e-01 1.000000000000000444e+00 3.687829674174667449e-01 1.578042581456332583e-01 0.000000000000000000e+00
5.425000000000000000e+01 1.886685684200072044e-02 9.811331431579997098e-01 1.962266286315999531e-01 1.000000000000000444e+00 3.691130448273158282e-01 1.577217387931709736e-01 0.000000000000000000e+00
5.430000000000000426e+01 1.964026012739078508e-02 9.803597398726096035e-01 1.960719479745219318e-01 1.000000000000000444e+00 3.694890434510414989e-01 1.576277391372395420e-01 0.000000000000000000e+00
5.435000000000000142e+01 2.050767926822452680e-02 9.794923207317760561e-01 1.958984641463552001e-01 1.000000000000000666e+00 3.699109766479515837e-01 1.575222558380120208e-01 0.000000000000000000e+00
5.440000000000000568e+01 2.146898387787338908e-02 9.785310161221270064e-01 1.957062032244253902e-01 1.000000000000000444e+00 3.703788592296519688e-01 1.574052851925869523e-01 0.000000000000000000e+00
5.445000000000000284e+01 2.252402934208792493e-02 9.774759706579125851e-01 1.954951941315825059e-01 1.000000000000000444e+00 3.708927074031710402e-01 1.572768231492071567e-01 0.000000000000000000e+00
5.450000000000000000e+01 2.367265679992041488e-02 9.763273432000798557e-01 1.952654686400159822e-01 1.000000000000000222e+00 3.714525386352412473e-01 1.571368653411896188e-01 0.000000000000000000e+00
5.455000000000000426e+01 2.491469314185929679e-02 9.750853068581410987e-01 1.950170613716282197e-01 1.000000000000000444e+00 3.720583716349992742e-01 1.569854070912501121e-01 0.000000000000000000e+00
5.460000000000000142e+01 2.624995099463471246e-02 9.737500490053657698e-01 1.947500098010731540e-01 1.000000000000000444e+00 3.727102262632949747e-01 1.568224434341761730e-01 0.000000000000000000e+00
5.465000000000000568e+01 2.767822869457951460e-02 9.723217713054208566e-01 1.944643542610841602e-01 1.000000000000000444e+00 3.734081234724401233e-01 1.566479691318899137e-01 0.000000000000000000e+00
5.470000000000000284e+01 2.919931026465544255e-02 9.708006897353449460e-01 1.941601379470689892e-01 1.000000000000000444e+00 3.741520851068417253e-01 1.564619787232894854e-01 0.000000000000000000e+00
5.475000000000000000e+01 3.081296540801765210e-02 9.691870345919828544e-01 1.938374069183965709e-01 1.000000000000000444e+00 3.749421338320401698e-01 1.562644665419898882e-01 0.000000000000000000e+00
5.480000000000000426e+01 3.251894950244275939e-02 9.674810504975578374e-01 1.934962100995115675e-01 1.000000000000000666e+00 3.757782930973452840e-01 1.560554267256635819e-01 0.000000000000000000e+00
5.485000000000000142e+01 3.431700355456281104e-02 9.656829964454377579e-01 1.931365992890875516e-01 1.000000000000000666e+00 3.766605869673104179e-01 1.558348532581723123e-01 0.000000000000000000e+00
5.490000000000000568e+01 3.620685417442068288e-02 9.637931458255799555e-01 1.927586291651159911e-01 1.000000000000000666e+00 3.775890400193014917e-01 1.556027399951745438e-01 0.000000000000000000e+00
5.495000000000000284e+01 3.818821355879728485e-02 9.618117864412032425e-01 1.923623572882406374e-01 1.000000000000000444e+00 3.785636770854660105e-01 1.553590807286334141e-01 0.000000000000000000e+00
5.500000000000000000e+01 4.026077948960973818e-02 9.597392205103907337e-01 1.919478441020781578e-01 1.000000000000000444e+00 3.795845232340691600e-01 1.551038691914826406e-01 0.000000000000000000e+00
5.505000000000000426e+01 4.242423531384546809e-02 9.575757646861551287e-01 1.915151529372310368e-01 1.000000000000000666e+00 3.806516036555286364e-01 1.548370990861177576e-01 0.000000000000000000e+00
5.510000000000000142e+01 4.467824987236037465e-02 9.553217501276403123e-01 1.910643500255280736e-01 1.000000000000000666e+00 3.817649434735383429e-01 1.545587641316153449e-01 0.000000000000000000e+00
5.515000000000000568e+01 4.702247748854575249e-02 9.529775225114547332e-01 1.905955045022909577e-01 1.000000000000000444e+00 3.829245675515753899e-01 1.542688581121060831e-01 0.000000000000000000e+00
5.520000000000000284e+01 4.945655795598453280e-02 9.505434420440161958e-01 1.901086884088032392e-01 1.000000000000000666e+00 3.841305002376383393e-01 1.539673749405903458e-01 0.000000000000000000e+00
5.525000000000000000e+01 5.198011653820348160e-02 9.480198834617969972e-01 1.896039766923593994e-01 1.000000000000000444e+00 3.853827653615609083e-01 1.536543086596096896e-01 0.000000000000000000e+00
5.530000000000000426e+01 5.459276393214889528e-02 9.454072360678517084e-01 1.890814472135703417e-01 1.000000000000000666e+00 3.866813860377396606e-01 1.533296534905650155e-01 0.000000000000000000e+00
5.535000000000000142e+01 5.729409617981012781e-02 9.427059038201903718e-01 1.885411807640380855e-01 1.000000000000000444e+00 3.880263844800864170e-01 1.529934038799783402e-01 0.000000000000000000e+00
5.540000000000000568e+01 6.008369467243035444e-02 9.399163053275703117e-01 1.879832610655140512e-01 1.000000000000000666e+00 3.894177817180189960e-01 1.526455545704951677e-01 0.000000000000000000e+00
5.545000000000000284e+01 6.296112614228406568e-02 9.370388738577164478e-01 1.874077747715433007e-01 1.000000000000000444e+00 3.908555973385289262e-01 1.522861006653677129e-01 0.000000000000000000e+00
5.550000000000000000e+01 6.592594266267368108e-02 9.340740573373268463e-01 1.868148114674653693e-01 1.000000000000000444e+00 3.923398494861166097e-01 1.519150376284707782e-01 0.000000000000000000e+00
5.555000000000000426e+01 6.897768160419401329e-02 9.310223183958066251e-01 1.862044636791613250e-01 1.000000000000000666e+00 3.938705546189881779e-01 1.515323613452528861e-01 0.000000000000000000e+00
5.560000000000000142e+01 7.211586552456278332e-02 9.278841344754379383e-01 1.855768268950875877e-01 1.000000000000000666e+00 3.954477272856357084e-01 1.511380681785909896e-01 0.000000000000000000e+00
5.565000000000000568e+01 7.534000219139472265e-02 9.246599978086058602e-01 1.849319995617211831e-01 1.000000000000000666e+00 3.970713798129685279e-01 1.507321550467577986e-01 0.000000000000000000e+00
5.570000000000000284e+01 7.864958457986671869e-02 9.213504154201340723e-01 1.842700830840268145e-01 1.000000000000000888e+00 3.987415219959499768e-01 1.503146195010124364e-01 0.000000000000000000e+00
5.575000000000000000e+01 8.204409087271331835e-02 9.179559091272873061e-01 1.835911818254574723e-01 1.000000000000000666e+00 4.004581610975018191e-01 1.498854597256244758e-01 0.000000000000000000e+00
5.580000000000000426e+01 8.552298442330441564e-02 9.144770155766965836e-01 1.828954031153393056e-01 1.000000000000000888e+00 4.022213016178666223e-01 1.494446745955332612e-01 0.000000000000000000e+00
5.585000000000000142e+01 8.908571361645134523e-02 9.109142863835495429e-01 1.821828572767099086e-01 1.000000000000000888e+00 4.040309449588316837e-01 1.489922637602920097e-01 0.000000000000000000e+00
5.590000000000000568e+01 9.273171190612485015e-02 9.072682880938759409e-01 1.814536576187751882e-01 1.000000000000000888e+00 4.058870891760698596e-01 1.485282277059824518e-01 0.000000000000000000e+00
5.595000000000000284e+01 9.646039782777235394e-02 9.035396021722286175e-01 1.807079204344457235e-01 1.000000000000000888e+00 4.077897285523455762e-01 1.480525678619135366e-01 0.000000000000000000e+00
5.600000000000000000e+01 1.002711749981362033e-01 8.997288250018644629e-01 1.799457650003729037e-01 1.000000000000000666e+00 4.097388535938259468e-01 1.475652866015434439e-01 0.000000000000000000e+00
5.605000000000000426e+01 1.041634320943209957e-01 8.958365679056798925e-01 1.791673135811359674e-01 1.000000000000000888e+00 4.117344508641238576e-01 1.470663872839689523e-01 0.000000000000000000e+00
5.610000000000000142e+01 1.081365426957258541e-01 8.918634573042749647e-01 1.783726914608549929e-01 1.000000000000000888e+00 4.137765024954427884e-01 1.465558743761392335e-01 0.000000000000000000e+00
5.615000000000000568e+01 1.121898653090853265e-01 8.878101346909156311e-01 1.775620269381831262e-01 1.000000000000000888e+00 4.158649860614037075e-01 1.460337534846490037e-01 0.000000000000000000e+00
5.620000000000000284e+01 1.163227434176648672e-01 8.836772565823358683e-01 1.767354513164671737e-01 1.000000000000000666e+00 4.179998740015798964e-01 1.455000314996049704e-01 0.000000000000000000e+00
5.625000000000000000e+01 1.205345054811353539e-01 8.794654945188653539e-01 1.758930989037730819e-01 1.000000000000000666e+00 4.201811335952035931e-01 1.449547166011990462e-01 0.000000000000000000e+00
5.630000000000000426e+01 1.248244649295447567e-01 8.751755350704559788e-01 1.750351070140911958e-01 1.000000000000000666e+00 4.224087268803830009e-01 1.443978182799041943e-01 0.000000000000000000e+00
5.635000000000000142e+01 1.291919200214793062e-01 8.708080799785213877e-01 1.741616159957042886e-01 1.000000000000000666e+00 4.246826100519460745e-01 1.438293474870134259e-01 0.000000000000000000e+00
5.640000000000000568e+01 1.336361538043223107e-01 8.663638461956785219e-01 1.732727692391357044e-01 1.000000000000000888e+00 4.270027334189387402e-01 1.432493166452652456e-01 0.000000000000000000e+00
5.645000000000000284e+01 1.381564342290831637e-01 8.618435657709175857e-01 1.723687131541835060e-01 1.000000000000000666e+00 4.293690407276721799e-01 1.426577398180818856e-01 0.000000000000000000e+00
5.650000000000000000e+01 1.427520141559746603e-01 8.572479858440260614e-01 1.714495971688052012e-01 1.000000000000000666e+00 4.317814690629428465e-01 1.420546327342642190e-01 0.000000000000000000e+00
5.655000000000000426e+01 1.474221313543879752e-01 8.525778686456129130e-01 1.705155737291225715e-01 1.000000000000000888e+00 4.342399488334530155e-01 1.414400127916366767e-01 0.000000000000000000e+00
5.660000000000000142e+01 1.521660084197292429e-01 8.478339915802715065e-01 1.695667983160543124e-01 1.000000000000000666e+00 4.367444031946141614e-01 1.408138992013464041e-01 0.000000000000000000e+00
5.665000000000000568e+01 1.569828526275618141e-01 8.430171473724390463e-01 1.686034294744878093e-01 1.000000000000000888e+00 4.392947479203209715e-01 1.401763130199197016e-01 0.000000000000000000e+00
5.670000000000000284e+01 1.618718561154305624e-01 8.381281438845702425e-01 1.676256287769140596e-01 1.000000000000000888e+00 4.418908908001004665e-01 1.395272772999748279e-01 0.000000000000000000e+00
5.675000000000000000e+01 1.668321959186810366e-01 8.331678040813197406e-01 1.666335608162639592e-01 1.000000000000000888e+00 4.445327313713480222e-01 1.388668171571629251e-01 0.000000000000000000e+00
5.680000000000000426e+01 1.718630339704573240e-01 8.281369660295434532e-01 1.656273932059086906e-01 1.000000000000000888e+00 4.472201609193262040e-01 1.381949597701683796e-01 0.000000000000000000e+00
5.685000000000000142e+01 1.769635170803151025e-01 8.230364829196854526e-01 1.646072965839370794e-01 1.000000000000000444e+00 4.499530621413964648e-01 1.375117344646508144e-01 0.000000000000000000e+00
5.690000000000000568e+01 1.821327767323007163e-01 8.178672232676997833e-01 1.635734446535399567e-01 1.000000000000000444e+00 4.527313086331632985e-01 1.368171728417091060e-01 0.000000000000000000e+00
5.695000000000000284e+01 1.873699292386793447e-01 8.126300707613212104e-01 1.625260141522642532e-01 1.000000000000000444e+00 4.555547646649356075e-01 1.361113088337660426e-01 0.000000000000000000e+00
5.700000000000000000e+01 1.926740758728214264e-01 8.073259241271790732e-01 1.614651848254358146e-01 1.000000000000000444e+00 4.584232846148241780e-01 1.353941788462939000e-01 0.000000000000000000e+00
5.705000000000000426e+01 1.980443028697508323e-01 8.019556971302497228e-01 1.603911394260499335e-01 1.000000000000000444e+00 4.613367129630718821e-01 1.346658217592319462e-01 0.000000000000000000e+00
5.710000000000000142e+01 2.034796814298887591e-01 7.965203185701119626e-01 1.593040637140223925e-01 1.000000000000000666e+00 4.642948841766297852e-01 1.339262789558424704e-01 0.000000000000000000e+00
5.715000000000000568e+01 2.089792675808036515e-01 7.910207324191970146e-01 1.582041464838394029e-01 1.000000000000000666e+00 4.672976219779205742e-01 1.331755945055197732e-01 0.000000000000000000e+00
5.720000000000000284e+01 2.145421021577726961e-01 7.854578978422279700e-01 1.570915795684456051e-01 1.000000000000000666e+00 4.703447393256284248e-01 1.324138151685928244e-01 0.000000000000000000e+00
5.725000000000000000e+01 2.201672110969061791e-01 7.798327889030944871e-01 1.559665577806189085e-01 1.000000000000000666e+00 4.734360377096001327e-01 1.316409905725998697e-01 0.000000000000000000e+00
5.730000000000000426e+01 2.258536054553456074e-01 7.741463945446549477e-01 1.548292789089310006e-01 1.000000000000000444e+00 4.765713070615026914e-01 1.308571732346242578e-01 0.000000000000000000e+00
5.735000000000000142e+01 2.316002814129598519e-01 7.683997185870408142e-01 1.536799437174081739e-01 1.000000000000000666e+00 4.797503257450851377e-01 1.300624185637286323e-01 0.000000000000000000e+00
5.740000000000000568e+01 2.374062202546262101e-01 7.625937797453743450e-01 1.525187559490748801e-01 1.000000000000000444e+00 4.829728599456820648e-01 1.292567850135794005e-01 0.000000000000000000e+00
5.745000000000000284e+01 2.432703881611059382e-01 7.567296118388946446e-01 1.513459223677789400e-01 1.000000000000000666e+00 4.862386634658114049e-01 1.284403341335470794e-01 0.000000000000000000e+00
5.750000000000000000e+01 2.491917365926508143e-01 7.508082634073498518e-01 1.501616526814699704e-01 1.000000000000000666e+00 4.895474772185857137e-01 1.276131306953534883e-01 0.000000000000000000e+00
5.755000000000000426e+01 2.551692024059009078e-01 7.448307975940995362e-01 1.489661595188199184e-01 1.000000000000000444e+00 4.928990289304057137e-01 1.267752427673984883e-01 0.000000000000000000e+00
5.760000000000000142e+01 2.612017078538818593e-01 7.387982921461186958e-01 1.477596584292237281e-01 1.000000000000000444e+00 4.962930331409586837e-01 1.259267417147602597e-01 0.000000000000000000e+00
5.765000000000000568e+01 2.672881606140272703e-01 7.327118393859732848e-01 1.465423678771946570e-01 1.000000000000000444e+00 4.997291909508567720e-01 1.250677022622857515e-01 0.000000000000000000e+00
5.770000000000000284e+01 2.734274536136875877e-01 7.265725463863128564e-01 1.453145092772625824e-01 1.000000000000000444e+00 5.032071893629322945e-01 1.241982026592668431e-01 0.000000000000000000e+00
5.775000000000000000e+01 2.796184652177148844e-01 7.203815347822856152e-01 1.440763069564571230e-01 1.000000000000000444e+00 5.067267012207201660e-01 1.233183246948198891e-01 0.000000000000000000e+00
5.780000000000000426e+01 2.858600595915499754e-01 7.141399404084505242e-01 1.428279880816901160e-01 1.000000000000000444e+00 5.102873846542566039e-01 1.224281538364357658e-01 0.000000000000000000e+00
5.785000000000000142e+01 2.921510867083261798e-01 7.078489132916743198e-01 1.415697826583348640e-01 1.000000000000000444e+00 5.138888830615753189e-01 1.215277792346061009e-01 0.000000000000000000e+00
5.790000000000000568e+01 2.984903823653041188e-01 7.015096176346966583e-01 1.403019235269393206e-01 1.000000000000000888e+00 5.175308250574957025e-01 1.206172937356260050e-01 0.000000000000000000e+00
5.795000000000000284e+01 3.048767681803121188e-01 6.951232318196884918e-01 1.390246463639376873e-01 1.000000000000000666e+00 5.212128237900109928e-01 1.196967940524971963e-01 0.000000000000000000e+00
5.800000000000000000e+01 3.113090514571953404e-01 6.886909485428052147e-01 1.377381897085610540e-01 1.000000000000000444e+00 5.249344768733565925e-01 1.187663807816607825e-01 0.000000000000000000e+00
5.805000000000000426e+01 3.177860257847791026e-01 6.822139742152216746e-01 1.364427948430443349e-01 1.000000000000000888e+00 5.286953659091243596e-01 1.178261585227188407e-01 0.000000000000000000e+00
5.810000000000000142e+01 3.243064711255973509e-01 6.756935288744034818e-01 1.351387057748806853e-01 1.000000000000000888e+00 5.324950563603759734e-01 1.168762359099059511e-01 0.000000000000000000e+00
5.815000000000000568e+01 3.308691538158989309e-01 6.691308461841016797e-01 1.338261692368203359e-01 1.000000000000000666e+00 5.363330975516467092e-01 1.159167256120882672e-01 0.000000000000000000e+00
5.820000000000000284e+01 3.374728266634546836e-01 6.625271733365462046e-01 1.325054346673092409e-01 1.000000000000000888e+00 5.402090222991721147e-01 1.149477444252069297e-01 0.000000000000000000e+00
5.825000000000000000e+01 3.441162287211388393e-01 6.558837712788621044e-01 1.311767542557724098e-01 1.000000000000000888e+00 5.441223464699712631e-01 1.139694133825071287e-01 0.000000000000000000e+00
5.830000000000000426e+01 3.507980857916899176e-01 6.492019142083107486e-01 1.298403828416621608e-01 1.000000000000000666e+00 5.480725688708832921e-01 1.129818577822791215e-01 0.000000000000000000e+00
5.835000000000000142e+01 3.575171107890275368e-01 6.424828892109732958e-01 1.284965778421946481e-01 1.000000000000000888e+00 5.520591709606580411e-01 1.119852072598354481e-01 0.000000000000000000e+00
5.840000000000000568e+01 3.642720037382903842e-01 6.357279962617103930e-01 1.271455992523420897e-01 1.000000000000000888e+00 5.560816168499144174e-01 1.109795957875213401e-01 0.000000000000000000e+00
5.845000000000000284e+01 3.710614518363606340e-01 6.289385481636400321e-01 1.257877096327280064e-01 1.000000000000000666e+00 5.601393532050553681e-01 1.099651616987361302e-01 0.000000000000000000e+00
5.850000000000000000e+01 3.778841294485240643e-01 6.221158705514767684e-01 1.244231741102953537e-01 1.000000000000000888e+00 5.642318086526012522e-01 1.089420478368496592e-01 0.000000000000000000e+00
5.855000000000000426e+01 3.847386981729065680e-01 6.152613018270941536e-01 1.230522603654188307e-01 1.000000000000000666e+00 5.683583937902543237e-01 1.079104015524363636e-01 0.000000000000000000e+00
5.860000000000000142e+01 3.916238075931359752e-01 6.083761924068648019e-01 1.216752384813729604e-01 1.000000000000000888e+00 5.725185009459291541e-01 1.068703747635176698e-01 0.000000000000000000e+00
5.865000000000000568e+01 3.985380953270458715e-01 6.014619046729550167e-01 1.202923809345909922e-01 1.000000000000000888e+00 5.767115041457179236e-01 1.058221239635704913e-01 0.000000000000000000e+00
5.870000000000000284e+01 4.054801870384186491e-01 5.945198129615819616e-01 1.189039625923163923e-01 1.000000000000000666e+00 5.809367591065572878e-01 1.047658102233606087e-01 0.000000000000000000e+00
5.875000000000000000e+01 4.124486966324884540e-01 5.875513033675122676e-01 1.175102606735024535e-01 1.000000000000000666e+00 5.851936028641546716e-01 1.037015992839612627e-01 0.000000000000000000e+00
5.880000000000000426e+01 4.194422260049351370e-01 5.805577739950656957e-01 1.161115547990131391e-01 1.000000000000000888e+00 5.894813535414119565e-01 1.026296616146469554e-01 0.000000000000000000e+00
5.885000000000000142e+01 4.264593659407501236e-01 5.735406340592505980e-01 1.147081268118501085e-01 1.000000000000000666e+00 5.937993103764496183e-01 1.015501724058875538e-01 0.000000000000000000e+00
5.890000000000000568e+01 4.334986963779778879e-01 5.665013036220228893e-01 1.133002607244045779e-01 1.000000000000000888e+00 5.981467536653931605e-01 1.004633115836516405e-01 0.000000000000000000e+00
5.895000000000000284e+01 4.405587864077082916e-01 5.594412135922923746e-01 1.118882427184584860e-01 1.000000000000000666e+00 6.025229447623685619e-01 9.936926380940780401e-02 0.000000000000000000e+00
5.900000000000000000e+01 4.476381944422538339e-01 5.523618055577470543e-01 1.104723611115493997e-01 1.000000000000000888e+00 6.069271259785826711e-01 9.826821850535427672e-02 0.000000000000000000e+00
5.905000000000000426e+01 4.547354681380320063e-01 5.452645318619686599e-01 1.090529063723937320e-01 1.000000000000000666e+00 6.113585201746140063e-01 9.716036995634645679e-02 0.000000000000000000e+00
5.910000000000000142e+01 4.618491448830969737e-01 5.381508551169036370e-01 1.076301710233807385e-01 1.000000000000000666e+00 6.158163309327995272e-01 9.604591726680007657e-02 0.000000000000000000e+00
5.915000000000000568e+01 4.689777525310594442e-01 5.310222474689413330e-01 1.062044494937882666e-01 1.000000000000000888e+00 6.202997426212657484e-01 9.492506434468349352e-02 0.000000000000000000e+00
5.920000000000000284e+01 4.761198094092141675e-01 5.238801905907866097e-01 1.047760381181573330e-01 1.000000000000000888e+00 6.248079203930922976e-01 9.379801990172687010e-02 0.000000000000000000e+00
5.925000000000000000e+01 4.832738243951416601e-01 5.167261756048591170e-01 1.033452351209718234e-01 1.000000000000000888e+00 6.293400101846462480e-01 9.266499745383838249e-02 0.000000000000000000e+00
5.930000000000000426e+01 4.904382971275662584e-01 5.095617028724344078e-01 1.019123405744868927e-01 1.000000000000000666e+00 6.338951384835807001e-01 9.152621537910476945e-02 0.000000000000000000e+00
5.935000000000000142e+01 4.976117179917540212e-01 5.023882820082468115e-01 1.004776564016493512e-01 1.000000000000000888e+00 6.384724122950792280e-01 9.038189692623012361e-02 0.000000000000000000e+00
5.940000000000000568e+01 5.047925692530604858e-01 4.952074307469403469e-01 9.904148614938806938e-02 1.000000000000000888e+00 6.430709195240105203e-01 8.923227011899730055e-02 0.000000000000000000e+00
5.945000000000000284e+01 5.119793251736427520e-01 4.880206748263579697e-01 9.760413496527159394e-02 1.000000000000000666e+00 6.476897290009365760e-01 8.807756774976577274e-02 0.000000000000000000e+00
5.950000000000000000e+01 5.191704520253739297e-01 4.808295479746269030e-01 9.616590959492538060e-02 1.000000000000000888e+00 6.523278904865076333e-01 8.691802737837300841e-02 0.000000000000000000e+00
5.955000000000000426e+01 5.263644084518047661e-01 4.736355915481960110e-01 9.472711830963920221e-02 1.000000000000000888e+00 6.569844347016343677e-01 8.575389132459131092e-02 0.000000000000000000e+00
5.960000000000000142e+01 5.335596452307932447e-01 4.664403547692075325e-01 9.328807095384150649e-02 1.000000000000000888e+00 6.616583730813073716e-01 8.458540672967307383e-02 0.000000000000000000e+00
5.965000000000000568e+01 5.407546064561699062e-01 4.592453935438309265e-01 9.184907870876618530e-02 1.000000000000000888e+00 6.663486983963666788e-01 8.341282540090823316e-02 0.000000000000000000e+00
5.970000000000000284e+01 5.479477299389332590e-01 4.520522700610674072e-01 9.041045401221348143e-02 1.000000000000000666e+00 6.710543849344525746e-01 8.223640376638677307e-02 0.000000000000000000e+00
5.975000000000000000e+01 5.551374472072578836e-01 4.448625527927427270e-01 8.897251055854854540e-02 1.000000000000000666e+00 6.757743885000095929e-01 8.105640287499753238e-02 0.000000000000000000e+00
5.980000000000000426e+01 5.623221837881111629e-01 4.376778162118896698e-01 8.753556324237793396e-02 1.000000000000000888e+00 6.805076465509505290e-01 7.987308836226229836e-02 0.000000000000000000e+00
5.985000000000000142e+01 5.695003592018200722e-01 4.304996407981806494e-01 8.609992815963612989e-02 1.000000000000000666e+00 6.852530780688405043e-01 7.868673048278980453e-02 0.000000000000000000e+00
5.990000000000000568e+01 5.766703877164333081e-01 4.233296122835675246e-01 8.466592245671350492e-02 1.000000000000000888e+00 6.900095840667790359e-01 7.749760398330517164e-02 0.000000000000000000e+00
5.995000000000000284e+01 5.838306792186800376e-01 4.161693207813207951e-01 8.323386415626415902e-02 1.000000000000000888e+00 6.947760481369189556e-01 7.630598796577020559e-02 0.000000000000000000e+00
6.000000000000000000e+01 5.909796392184883951e-01 4.090203607815123821e-01 8.180407215630247642e-02 1.000000000000000888e+00 6.995513364531154021e-01 7.511216588672108008e-02 0.000000000000000000e+00
6.005000000000000426e+01 5.981156690196408610e-01 4.018843309803599162e-01 8.037686619607198324e-02 1.000000000000000888e+00 7.043342978980672298e-01 7.391642552548310929e-02 0.000000000000000000e+00
6.010000000000000142e+01 6.052371659836510709e-01 3.947628340163497618e-01 7.895256680326995236e-02 1.000000000000000888e+00 7.091237642251020379e-01 7.271905894372439338e-02 0.000000000000000000e+00
6.015000000000000568e+01 6.123425238559969674e-01 3.876574761440038097e-01 7.753149522880076194e-02 1.000000000000000888e+00 7.139185502976845843e-01 7.152036242557875678e-02 0.000000000000000000e+00
6.020000000000000284e+01 6.194301340175516479e-01 3.805698659824491292e-01 7.611397319648982585e-02 1.000000000000000888e+00 7.187174550601188594e-01 7.032063623497020188e-02 0.000000000000000000e+00
6.025000000000000000e+01 6.264983855460286577e-01 3.735016144539721195e-01 7.470032289079442389e-02 1.000000000000000888e+00 7.235192615847595432e-01 6.912018460381004481e-02 0.000000000000000000e+00
6.030000000000000426e+01 6.335456653135178584e-01 3.664543346864829187e-01 7.329086693729658375e-02 1.000000000000000888e+00 7.283227371638267833e-01 6.791931570904319315e-02 0.000000000000000000e+00
6.035000000000000142e+01 6.405703584126533068e-01 3.594296415873474149e-01 7.188592831746948297e-02 1.000000000000000666e+00 7.331266337344429784e-01 6.671834156638915825e-02 0.000000000000000000e+00
6.040000000000000568e+01 6.475708482352113826e-01 3.524291517647892835e-01 7.048583035295785670e-02 1.000000000000000666e+00 7.379296879317694957e-01 6.551757801705751505e-02 0.000000000000000000e+00
6.045000000000000284e+01 6.545455179225583286e-01 3.454544820774424485e-01 6.909089641548848970e-02 1.000000000000000888e+00 7.427306223867038426e-01 6.431734440332395608e-02 0.000000000000000000e+00
6.050000000000000000e+01 6.614927505301124722e-01 3.385072494698884715e-01 6.770144989397769431e-02 1.000000000000000888e+00 7.475281458762121911e-01 6.311796353094685508e-02 0.000000000000000000e+00
6.055000000000000426e+01 6.684109290858449848e-01 3.315890709141555703e-01 6.631781418283111407e-02 1.000000000000000444e+00 7.523209533877422972e-01 6.191976165306434243e-02 0.000000000000000000e+00
6.060000000000000142e+01 6.752984370896444322e-01 3.247015629103564005e-01 6.494031258207128010e-02 1.000000000000000888e+00 7.571077267290220458e-01 6.072306831774441221e-02 0.000000000000000000e+00
6.065000000000000568e+01 6.821536585080751891e-01 3.178463414919255325e-01 6.356926829838510651e-02 1.000000000000000666e+00 7.618871345339739420e-01 5.952821636650643816e-02 0.000000000000000000e+00
6.070000000000000284e+01 6.889749792880974777e-01 3.110250207119033550e-01 6.220500414238067100e-02 1.000000000000000888e+00 7.666578337692258049e-01 5.833554155769345162e-02 0.000000000000000000e+00
6.075000000000000000e+01 6.957607876224476406e-01 3.042392123775530810e-01 6.084784247551061620e-02 1.000000000000000666e+00 7.714184700096633485e-01 5.714538249758407268e-02 0.000000000000000000e+00
6.080000000000000426e+01 7.025094739954893530e-01 2.974905260045113131e-01 5.949810520090226262e-02 1.000000000000000666e+00 7.761676774954033853e-01 5.595808062614907041e-02 0.000000000000000000e+00
6.085000000000000142e+01 7.092194317060218633e-01 2.907805682939787473e-01 5.815611365879574945e-02 1.000000000000000666e+00 7.809040798692559182e-01 5.477398003268592330e-02 0.000000000000000000e+00
6.090000000000000568e+01 7.158890568819685774e-01 2.841109431180319222e-01 5.682218862360638445e-02 1.000000000000000444e+00 7.856262902373100099e-01 5.359342744067242814e-02 0.000000000000000000e+00
6.095000000000000284e+01 7.225167500024090028e-01 2.774832499975915523e-01 5.549664999951831046e-02 1.000000000000000444e+00 7.903329128219420685e-01 5.241677179451438573e-02 0.000000000000000000e+00
6.100000000000000000e+01 7.291009162057887627e-01 2.708990837942118479e-01 5.417981675884236958e-02 1.000000000000000666e+00 7.950225433161707267e-01 5.124436417095724200e-02 0.000000000000000000e+00
6.105000000000000426e+01 7.356399653459799737e-01 2.643600346540206369e-01 5.287200693080412739e-02 1.000000000000000666e+00 7.996937689610279509e-01 5.007655775974293594e-02 0.000000000000000000e+00
6.110000000000000142e+01 7.421323125165874002e-01 2.578676874834132104e-01 5.157353749668264209e-02 1.000000000000000666e+00 8.043451693883146847e-01 4.891370765292127332e-02 0.000000000000000000e+00
6.115000000000000568e+01 7.485763781542377204e-01 2.514236218457627237e-01 5.028472436915254473e-02 1.000000000000000444e+00 8.089753167967609349e-01 4.775617080080970384e-02 0.000000000000000000e+00
6.120000000000000284e+01 7.549705895520663068e-01 2.450294104479341928e-01 4.900588208958683856e-02 1.000000000000000444e+00 8.135827777296114061e-01 4.660430556759706522e-02 0.000000000000000000e+00
6.125000000000000000e+01 7.613133811234102932e-01 2.386866188765901509e-01 4.773732377531803017e-02 1.000000000000000444e+00 8.181661134054334372e-01 4.545847164864155743e-02 0.000000000000000000e+00
6.130000000000000426e+01 7.676031944987068423e-01 2.323968055012939904e-01 4.647936110025879808e-02 1.000000000000000888e+00 8.227238798660619912e-01 4.431903003348443976e-02 0.000000000000000000e+00
6.135000000000000142e+01 7.738384790223363785e-01 2.261615209776643431e-01 4.523230419553286863e-02 1.000000000000000666e+00 8.272546288951826421e-01 4.318634277620425621e-02 0.000000000000000000e+00
6.140000000000000568e+01 7.800176920466577180e-01 2.199823079533430592e-01 4.399646159066861184e-02 1.000000000000000888e+00 8.317569084097153898e-01 4.206077289757108317e-02 0.000000000000000000e+00
6.145000000000000284e+01 7.861393003635728238e-01 2.138606996364278423e-01 4.277213992728556846e-02 1.000000000000000666e+00 8.362292642714641566e-01 4.094268393213389839e-02 0.000000000000000000e+00
6.150000000000000000e+01 7.922017803582529494e-01 2.077982196417477168e-01 4.155964392834954335e-02 1.000000000000000666e+00 8.406702404961393649e-01 3.983243987596509633e-02 0.000000000000000000e+00
6.155000000000000426e+01 7.982036181993954482e-01 2.017963818006052179e-01 4.035927636012104358e-02 1.000000000000000666e+00 8.450783795755735239e-01 3.873040510610652881e-02 0.000000000000000000e+00
6.160000000000000142e+01 8.041433102482752338e-01 1.958566897517252658e-01 3.917133795034505317e-02 1.000000000000000444e+00 8.494522233713899251e-01 3.763694415715243546e-02 0.000000000000000000e+00
6.165000000000000568e+01 8.100193637069916797e-01 1.899806362930089865e-01 3.799612725860179729e-02 1.000000000000000666e+00 8.537903139297335908e-01 3.655242151756651903e-02 0.000000000000000000e+00
6.170000000000000284e+01 8.158302977791048738e-01 1.841697022208957368e-01 3.683394044417914737e-02 1.000000000000000666e+00 8.580911950644312114e-01 3.547720123389212776e-02 0.000000000000000000e+00
6.175000000000000000e+01 8.215746437129072266e-01 1.784253562870932730e-01 3.568507125741865460e-02 1.000000000000000444e+00 8.623534124209017993e-01 3.441164689477445304e-02 0.000000000000000000e+00
6.180000000000000426e+01 8.272509451812821712e-01 1.727490548187182728e-01 3.454981096374365457e-02 1.000000000000000444e+00 8.665755141907104386e-01 3.335612145232229320e-02 0.000000000000000000e+00
6.185000000000000142e+01 8.328577584959485636e-01 1.671422415040518805e-01 3.342844830081037610e-02 1.000000000000000444e+00 8.707560517039381054e-01 3.231098707401536263e-02 0.000000000000000000e+00
6.190000000000000568e+01 8.383936537812589629e-01 1.616063462187414257e-01 3.232126924374828514e-02 1.000000000000000444e+00 8.748935809951796649e-01 3.127660475120499356e-02 0.000000000000000000e+00
6.195000000000000284e+01 8.438572156035525351e-01 1.561427843964477424e-01 3.122855687928954849e-02 1.000000000000000222e+00 8.789866637282254258e-01 3.025333406794353946e-02 0.000000000000000000e+00
6.200000000000000000e+01 8.492470430348993959e-01 1.507529569651011592e-01 3.015059139302023183e-02 1.000000000000000444e+00 8.830338673123947490e-01 2.924153317190123988e-02 0.000000000000000000e+00
6.205000000000000426e+01 8.545617501122499959e-01 1.454382498877504482e-01 2.908764997755008963e-02 1.000000000000000444e+00 8.870337659231837257e-01 2.824155851920397489e-02 0.000000000000000000e+00
6.210000000000000142e+01 8.597999662017524747e-01 1.402000337982478584e-01 2.804000675964957168e-02 1.000000000000000444e+00 8.909849411174440847e-01 2.725376472063888514e-02 0.000000000000000000e+00
6.215000000000000568e+01 8.649603372676848423e-01 1.350396627323155463e-01 2.700793254646310926e-02 1.000000000000000444e+00 8.948859836715777893e-01 2.627850408210547981e-02 0.000000000000000000e+00
6.220000000000000284e+01 8.700415260307119425e-01 1.299584739692885571e-01 2.599169479385771142e-02 1.000000000000000444e+00 8.987354938315739172e-01 2.531612654210644089e-02 0.000000000000000000e+00
6.225000000000000000e+01 8.750422122388300528e-01 1.249577877611704468e-01 2.499155755223408937e-02 1.000000000000000444e+00 9.025320818746106477e-01 2.436697953134725134e-02 0.000000000000000000e+00
6.230000000000000426e+01 8.799610929733543419e-01 1.200389070266461022e-01 2.400778140532922045e-02 1.000000000000000444e+00 9.062743689315787554e-01 2.343140776710524870e-02 0.000000000000000000e+00
6.235000000000000142e+01 8.847968836209848531e-01 1.152031163790157020e-01 2.304062327580314040e-02 1.000000000000000444e+00 9.099609883753673190e-01 2.250975290615810434e-02 0.000000000000000000e+00
6.240000000000000568e+01 8.895483185288149963e-01 1.104516814711856143e-01 2.209033629423712286e-02 1.000000000000000666e+00 9.135905868537134156e-01 2.160235328657158366e-02 0.000000000000000000e+00
6.245000000000000284e+01 8.942141510852470443e-01 1.057858489147533998e-01 2.115716978295067996e-02 1.000000000000000444e+00 9.171618244533408237e-01 2.070954388666471080e-02 0.000000000000000000e+00
6.250000000000000000e+01 8.987931541133591384e-01 1.012068458866413612e-01 2.024136917732827223e-02 1.000000000000000444e+00 9.206733756913327849e-01 1.983165607716673093e-02 0.000000000000000000e+00
6.255000000000000426e+01 9.032841203699477628e-01 9.671587963005268129e-02 1.934317592601053626e-02 1.000000000000000444e+00 9.241239303391228788e-01 1.896901741521920051e-02 0.000000000000000000e+00
6.260000000000000142e+01 9.076858635656558372e-01 9.231413643434466243e-02 1.846282728686893249e-02 1.000000000000000444e+00 9.275121950100341239e-01 1.812195124749139269e-02 0.000000000000000000e+00
6.265000000000000568e+01 9.119972184600346754e-01 8.800278153996587971e-02 1.760055630799317594e-02 1.000000000000000444e+00 9.308368933257793465e-01 1.729077666855509399e-02 0.000000000000000000e+00
6.270000000000000284e+01 9.162170411946424231e-01 8.378295880535818752e-02 1.675659176107163750e-02 1.000000000000000666e+00 9.340967667168769140e-01 1.647580832078069865e-02 0.000000000000000000e+00
6.275000000000000000e+01 9.203442095858939132e-01 7.965579041410653094e-02 1.593115808282130619e-02 1.000000000000000444e+00 9.372905751059278368e-01 1.567735622351796795e-02 0.000000000000000000e+00
6.280000000000000426e+01 9.243776241685215389e-01 7.562237583147890518e-02 1.512447516629578104e-02 1.000000000000000444e+00 9.404170985257760407e-01 1.489572536855592738e-02 0.000000000000000000e+00
6.285000000000000142e+01 9.283162084350391474e-01 7.168379156496151872e-02 1.433675831299230374e-02 1.000000000000000666e+00 9.434751375268832785e-01 1.413121561827908844e-02 0.000000000000000000e+00
6.290000000000000568e+01 9.321589090585138404e-01 6.784109094148671470e-02 1.356821818829734294e-02 1.000000000000000444e+00 9.464635137055870118e-01 1.338412157360316553e-02 0.000000000000000000e+00
6.295000000000000284e+01 9.359046961645078877e-01 6.409530383549272292e-02 1.281906076709854458e-02 1.000000000000000666e+00 9.493810704644043419e-01 1.265473238389882606e-02 0.000000000000000000e+00
6.300000000000000000e+01 9.395525641955220220e-01 6.044743580447847764e-02 1.208948716089569553e-02 1.000000000000000444e+00 9.522266743579916870e-01 1.194333141050200192e-02 0.000000000000000000e+00
6.305000000000000426e+01 9.431015323076680223e-01 5.689846769233258827e-02 1.137969353846651765e-02 1.000000000000000666e+00 9.549992157704406681e-01 1.125019605738974450e-02 0.000000000000000000e+00
6.310000000000000142e+01 9.465506445108426981e-01 5.344935548915769052e-02 1.068987109783153810e-02 1.000000000000000444e+00 9.576976092539416507e-01 1.057559768651450752e-02 0.000000000000000000e+00
6.315000000000000568e+01 9.498989699467348391e-01 5.010103005326560499e-02 1.002020601065312100e-02 1.000000000000000444e+00 9.603207943305872574e-01 9.919801417353105860e-03 0.000000000000000000e+00
6.320000000000000284e+01 9.531456035786540770e-01 4.685439642134636706e-02 9.370879284269273413e-03 1.000000000000000444e+00 9.628677365865113691e-01 9.283065853372074461e-03 0.000000000000000000e+00
6.325000000000000000e+01 9.562896666571006898e-01 4.371033334289980976e-02 8.742066668579961952e-03 1.000000000000000444e+00 9.653374284697365804e-01 8.665642882565782051e-03 0.000000000000000000e+00
6.330000000000000426e+01 9.593303068266049172e-01 4.066969317339547141e-02 8.133938634679094282e-03 1.000000000000000444e+00 9.677288895543304514e-01 8.067777611417310812e-03 0.000000000000000000e+00
6.335000000000000142e+01 9.622666983774472715e-01 3.773330162255311704e-02 7.546660324510623408e-03 1.000000000000000444e+00 9.700411672859106105e-01 7.489708178522247635e-03 0.000000000000000000e+00
6.340000000000000568e+01 9.650980428385949050e-01 3.490195716140537252e-02 6.980391432281074504e-03 1.000000000000000222e+00 9.722733379433456946e-01 6.931665514163493080e-03 0.000000000000000000e+00
6.345000000000000284e+01 9.678235694122858668e-01 3.217643058771452180e-02 6.435286117542904361e-03 1.000000000000000444e+00 9.744245073878672336e-01 6.393873153033096182e-03 0.000000000000000000e+00
6.350000000000000000e+01 9.704425350710603748e-01 2.955746492894012478e-02 5.911492985788024956e-03 1.000000000000000444e+00 9.764938113127078489e-01 5.876547171822946690e-03 0.000000000000000000e+00
6.355000000000000426e+01 9.729542247764637608e-01 2.704577522353673880e-02 5.409155044707347759e-03 1.000000000000000444e+00 9.784804159033810844e-01 5.379896024154623944e-03 0.000000000000000000e+00
6.360000000000000142e+01 9.753579520189263885e-01 2.464204798107411110e-02 4.928409596214822219e-03 1.000000000000000444e+00 9.803835187177651900e-01 4.904120320558596688e-03 0.000000000000000000e+00
6.365000000000000568e+01 9.776530591581459317e-01 2.234694084185445684e-02 4.469388168370891368e-03 1.000000000000000444e+00 9.822023492801280620e-01 4.449412679967896037e-03 0.000000000000000000e+00
6.370000000000000284e+01 9.798389175207452562e-01 2.016108247925502139e-02 4.032216495851004279e-03 1.000000000000000222e+00 9.839361693517564289e-01 4.015957662060779150e-03 0.000000000000000000e+00
6.375000000000000000e+01 9.819149275873594318e-01 1.808507241264106780e-02 3.617014482528213559e-03 1.000000000000000444e+00 9.855842734858161203e-01 3.603931628545861514e-03 0.000000000000000000e+00
6.380000000000000426e+01 9.838805194950406285e-01 1.611948050495970453e-02 3.223896100991940905e-03 1.000000000000000444e+00 9.871459898428144308e-01 3.213502539296283003e-03 0.000000000000000000e+00
6.385000000000000142e+01 9.857351532505216340e-01 1.426484674947881004e-02 2.852969349895762008e-03 1.000000000000000444e+00 9.886206805714258250e-01 2.844829857143447906e-03 0.000000000000000000e+00
6.390000000000000568e+01 9.874783188263808187e-01 1.252168117361951438e-02 2.504336234723902876e-03 1.000000000000000444e+00 9.900077421119177767e-01 2.498064472020446094e-03 0.000000000000000000e+00
6.395000000000000284e+01 9.891095363456879896e-01 1.089046365431250996e-02 2.178092730862501991e-03 1.000000000000000444e+00 9.913066056618878852e-01 2.173348584527939366e-03 0.000000000000000000e+00
6.400000000000000000e+01 9.906283565062776741e-01 9.371643493722714435e-03 1.874328698744542887e-03 1.000000000000000444e+00 9.925167378661796658e-01 1.870815533454991617e-03 0.000000000000000000e+00
6.404999999999999716e+01 9.920343606800851033e-01 7.965639319915396310e-03 1.593127863983079262e-03 1.000000000000000444e+00 9.936376410094465150e-01 1.590589747638274315e-03 0.000000000000000000e+00
6.410000000000000853e+01 9.933271609957412540e-01 6.672839004259190077e-03 1.334567800851838015e-03 1.000000000000000444e+00 9.946688533247239894e-01 1.332786668818894231e-03 0.000000000000000000e+00
6.415000000000000568e+01 9.945064005619868031e-01 5.493599438013696545e-03 1.098719887602739309e-03 1.000000000000000444e+00 9.956099494216010815e-01 1.097512644599636829e-03 0.000000000000000000e+00
6.420000000000000284e+01 9.955717537310215803e-01 4.428246268979030287e-03 8.856492537958060574e-04 1.000000000000000666e+00 9.964605407177312690e-01 8.848648205670815855e-04 0.000000000000000000e+00
6.425000000000000000e+01 9.965229261383916626e-01 3.477073861608837024e-03 6.954147723217674049e-04 1.000000000000000444e+00 9.972202755584788081e-01 6.949311103801750298e-04 0.000000000000000000e+00
6.429999999999999716e+01 9.973596547804896018e-01 2.640345219510897845e-03 5.280690439021795690e-04 1.000000000000000444e+00 9.978888394879769086e-01 5.277901280056475179e-04 0.000000000000000000e+00
6.435000000000000853e+01 9.980817082384051409e-01 1.918291761595358746e-03 3.836583523190717493e-04 1.000000000000000444e+00 9.984659555989587876e-01 3.835111002601831933e-04 0.000000000000000000e+00
6.440000000000000568e+01 9.986888867677988779e-01 1.311113232201621681e-03 2.622226464403243362e-04 1.000000000000000444e+00 9.989513846938746777e-01 2.621538265312233960e-04 0.000000000000000000e+00
6.445000000000000284e+01 9.991810223140733527e-01 8.189776859271469256e-04 1.637955371854293851e-04 1.000000000000000444e+00 9.993449254041528729e-01 1.637686489616678594e-04 0.000000000000000000e+00
6.450000000000000000e+01 9.995579786186872262e-01 4.420213813133289094e-04 8.840427626266578187e-05 1.000000000000000444e+00 9.996464143907745070e-01 8.839640230625257344e-05 0.000000000000000000e+00
6.454999999999999716e+01 9.998196513240327210e-01 1.803486759677230822e-04 3.606973519354461644e-05 1.000000000000000444e+00 9.998557264991294602e-01 3.606837521750754416e-05 0.000000000000000000e+00
6.460000000000000853e+01 9.999659679693297942e-01 3.403203067048332642e-05 6.806406134096665284e-06 1.000000000000000222e+00 9.999727747966337121e-01 6.806300841450955617e-06 0.000000000000000000e+00
6.465000000000000568e+01 9.999968880168046415e-01 3.111983195580592110e-06 6.223966391161184220e-07 1.000000000000000222e+00 9.999975106507819067e-01 6.223373044016763250e-07 0.000000000000000000e+00
6.470000000000000284e+01 9.999124029082747667e-01 8.759709172578844516e-05 1.751941834515768903e-05 1.000000000000000444e+00 9.999299237902528059e-01 1.751905243668760054e-05 0.000000000000000000e+00
6.475000000000000000e+01 9.997125360481866618e-01 2.874639518138377703e-04 5.749279036276755406e-05 1.000000000000000444e+00 9.997700422955984045e-01 5.748942610026994084e-05 0.000000000000000000e+00
6.479999999999999716e+01 9.993973427828177769e-01 6.026572171827226931e-04 1.205314434365445386e-04 1.000000000000000444e+00 9.995179325739730336e-01 1.205168565066265242e-04 0.000000000000000000e+00
6.485000000000000853e+01 9.989669103942427908e-01 1.033089605757819829e-03 2.066179211515639658e-04 1.000000000000000666e+00 9.991736993142110723e-01 2.065751714470915159e-04 0.000000000000000000e+00
6.490000000000000568e+01 9.984213580574579083e-01 1.578641942542591270e-03 3.157283885085182540e-04 1.000000000000000444e+00 9.987374854184836170e-01 3.156286453789726833e-04 0.000000000000000000e+00
6.495000000000000284e+01 9.977608367789498889e-01 2.239163221050555208e-03 4.478326442101110416e-04 1.000000000000000444e+00 9.982094718765149866e-01 4.476320308711317138e-04 0.000000000000000000e+00
6.500000000000000000e+01 9.969855293387852591e-01 3.014470661215074010e-03 6.028941322430148020e-04 1.000000000000000444e+00 9.975898776296859838e-01 6.025305925783633245e-04 0.000000000000000000e+00
6.504999999999999716e+01 9.960956502177242822e-01 3.904349782276050895e-03 7.808699564552101791e-04 1.000000000000000444e+00 9.968789594389669828e-01 7.802601402581373123e-04 0.000000000000000000e+00
6.510000000000000853e+01 9.950914454868903247e-01 4.908554513110008344e-03 9.817109026220016688e-04 1.000000000000000444e+00 9.960770116530638374e-01 9.807470867339157516e-04 0.000000000000000000e+00
6.515000000000000568e+01 9.939731927006905110e-01 6.026807299309988597e-03 1.205361459861997719e-03 1.000000000000000444e+00 9.951843659790162722e-01 1.203908505245797084e-03 0.000000000000000000e+00
6.520000000000000284e+01 9.927412007992731935e-01 7.258799200727250600e-03 1.451759840145450120e-03 1.000000000000000444e+00 9.942013912945480980e-01 1.449652176362847128e-03 0.000000000000000000e+00
6.525000000000000000e+01 9.913958099625311826e-01 8.604190037469205965e-03 1.720838007493841193e-03 1.000000000000000444e+00 9.931284933434059159e-01 1.717876664148388754e-03 0.000000000000000000e+00
6.529999999999999716e+01 9.899373914228304372e-01 1.006260857716989587e-02 2.012521715433979175e-03 1.000000000000000444e+00 9.919661143497739975e-01 2.008471412556400021e-03 0.000000000000000000e+00
6.535000000000000853e+01 9.883663473592729787e-01 1.163365264072763194e-02 2.326730528145526389e-03 1.000000000000000666e+00 9.907147328094725314e-01 2.321316797631747027e-03 0.000000000000000000e+00
6.540000000000000568e+01 9.866831107359801400e-01 1.331688926402035955e-02 2.663377852804071910e-03 1.000000000000000444e+00 9.893748631503915814e-01 2.656284212401983664e-03 0.000000000000000000e+00
6.545000000000000284e+01 9.848881450202433552e-01 1.511185497975714442e-02 3.022370995951428885e-03 1.000000000000000444e+00 9.879470551627189678e-01 3.013236209320153090e-03 0.000000000000000000e+00
6.550000000000000000e+01 9.829819440522022944e-01 1.701805594779809416e-02 3.403611189559618833e-03 1.000000000000000444e+00 9.864318937436438173e-01 3.392026564088915144e-03 0.000000000000000000e+00
6.554999999999999716e+01 9.809650318590631413e-01 1.903496814093713629e-02 3.806993628187427259e-03 1.000000000000000222e+00 9.848299985095467779e-01 3.792500372613197106e-03 0.000000000000000000e+00
6.560000000000000853e+01 9.788379623917108363e-01 2.116203760828966329e-02 4.232407521657932659e-03 1.000000000000000444e+00 9.831420232509291424e-01 4.214494187267585172e-03 0.000000000000000000e+00
6.565000000000000568e+01 9.766013192114486596e-01 2.339868078855167344e-02 4.679736157710334687e-03 1.000000000000000444e+00 9.813686553290010828e-01 4.657836167749599202e-03 0.000000000000000000e+00
6.570000000000000284e+01 9.742557153556954397e-01 2.574428464430511543e-02 5.148856928861023086e-03 1.000000000000000444e+00 9.795106154061555825e-01 5.122346148460982067e-03 0.000000000000000000e+00
6.575000000000000000e+01 9.718017931016141864e-01 2.819820689838631322e-02 5.639641379677262645e-03 1.000000000000000444e+00 9.775686569267421078e-01 5.607835768314351627e-03 0.000000000000000000e+00
6.579999999999999716e+01 9.692402235414724343e-01 3.075977645852795428e-02 6.151955291705590856e-03 1.000000000000000444e+00 9.755435652970032567e-01 6.114108675749053111e-03 0.000000000000000000e+00
6.585000000000000853e+01 9.665717063475489645e-01 3.342829365245131301e-02 6.685658730490262602e-03 1.000000000000000222e+00 9.734361574423678887e-01 6.640960639407906402e-03 0.000000000000000000e+00
6.590000000000000568e+01 9.637969695511918733e-01 3.620303044880868182e-02 7.240606089761736364e-03 1.000000000000000444e+00 9.712472813482319056e-01 7.188179662941883083e-03 0.000000000000000000e+00
6.595000000000000284e+01 9.609167692823363804e-01 3.908323071766389711e-02 7.816646143532779423e-03 1.000000000000000222e+00 9.689778154865686943e-01 7.755546128357691110e-03 0.000000000000000000e+00
6.600000000000000000e+01 9.579318891988729545e-01 4.206811080112726753e-02 8.413622160225453506e-03 1.000000000000000222e+00 9.666286677595843368e-01 8.342833060103780479e-03 0.000000000000000000e+00
6.604999999999999716e+01 9.548431403275078333e-01 4.515685967249244426e-02 9.031371934498488852e-03 1.000000000000000222e+00 9.642007752024721601e-01 8.949806199381822938e-03 0.000000000000000000e+00
6.610000000000000853e+01 9.516513607692855814e-01 4.834863923071475167e-02 9.669727846142950334e-03 1.000000000000000444e+00 9.616951033562060047e-01 9.576224160948373920e-03 0.000000000000000000e+00
6.615000000000000568e+01 9.483574153715428334e-01 5.164258462845766617e-02 1.032851692569153323e-02 1.000000000000000444e+00 9.591126455830494280e-01 1.022183860423749903e-02 0.000000000000000000e+00
6.620000000000000284e+01 9.449621950874161902e-01 5.503780491258408736e-02 1.100756098251681747e-02 1.000000000000000222e+00 9.564544219142967485e-01 1.088639452142567410e-02 0.000000000000000000e+00
6.625000000000000000e+01 9.414666168428894588e-01 5.853338315711081874e-02 1.170667663142216375e-02 1.000000000000000222e+00 9.537214788019926504e-01 1.156963029950170557e-02 0.000000000000000000e+00
6.629999999999999716e+01 9.378716231905621648e-01 6.212837680943827934e-02 1.242567536188765587e-02 1.000000000000000444e+00 9.509148883728700818e-01 1.227127790678234250e-02 0.000000000000000000e+00
6.635000000000000853e+01 9.341781819214318716e-01 6.582181807856857247e-02 1.316436361571371449e-02 1.000000000000000444e+00 9.480357476551265483e-01 1.299106308621821200e-02 0.000000000000000000e+00
6.640000000000000568e+01 9.303872853629757689e-01 6.961271463702456419e-02 1.392254292740491284e-02 1.000000000000000444e+00 9.450851773472644934e-01 1.372870566318374480e-02 0.000000000000000000e+00
6.645000000000000284e+01 9.264999502541582110e-01 7.350004974584212203e-02 1.470000994916842441e-02 1.000000000000000444e+00 9.420643215868511611e-01 1.448391960328706228e-02 0.000000000000000000e+00
6.650000000000000000e+01 9.225172173607822934e-01 7.748278263921798414e-02 1.549655652784359683e-02 1.000000000000000222e+00 9.389743471247400386e-01 1.525641321881483423e-02 0.000000000000000000e+00
6.654999999999999716e+01 9.184401510632074217e-01 8.155984893679302239e-02 1.631196978735860448e-02 1.000000000000000444e+00 9.358164425218191695e-01 1.604588936954505843e-02 0.000000000000000000e+00
6.660000000000000853e+01 9.142698385661064409e-01 8.573016143389400323e-02 1.714603228677880065e-02 1.000000000000000444e+00 9.325918167998173969e-01 1.685204580004550159e-02 0.000000000000000000e+00
6.665000000000000568e+01 9.100073897758427233e-01 8.999261022415772082e-02 1.799852204483154416e-02 1.000000000000000444e+00 9.293016992206528659e-01 1.767457519483663780e-02 0.000000000000000000e+00
6.670000000000000284e+01 9.056539368873218754e-01 9.434606311267856871e-02 1.886921262253571374e-02 1.000000000000000444e+00 9.259473384192216106e-01 1.851316539519444471e-02 0.000000000000000000e+00
6.675000000000000000e+01 9.012106340004228944e-01 9.878936599957754972e-02 1.975787319991550994e-02 1.000000000000000444e+00 9.225300016426695171e-01 1.936749958933246807e-02 0.000000000000000000e+00
6.679999999999999716e+01 8.966786562062626365e-01 1.033213437937377521e-01 2.066426875874755043e-02 1.000000000000000444e+00 9.190509732380219843e-01 2.023725669049434780e-02 0.000000000000000000e+00
6.685000000000000853e+01 8.920591994487476750e-01 1.079408005512530466e-01 2.158816011025060932e-02 1.000000000000000666e+00 9.155115544135846717e-01 2.112211139660367595e-02 0.000000000000000000e+00
6.690000000000000568e+01 8.873534801046690790e-01 1.126465198953316427e-01 2.252930397906632853e-02 1.000000000000000666e+00 9.119130623963789262e-01 2.202173440090510886e-02 0.000000000000000000e+00
6.695000000000000284e+01 8.825627346699459475e-01 1.174372653300545521e-01 2.348745306601091043e-02 1.000000000000000444e+00 9.082568297529608481e-01 2.293579256175963185e-02 0.000000000000000000e+00
6.700000000000000000e+01 8.776882187263841395e-01 1.223117812736165821e-01 2.446235625472331643e-02 1.000000000000000666e+00 9.045442027390031559e-01 2.386394931524905144e-02 0.000000000000000000e+00
6.704999999999999716e+01 8.727312067180013067e-01 1.272687932819993595e-01 2.545375865639987190e-02 1.000000000000000666e+00 9.007765409300563242e-01 2.480586476748574201e-02 0.000000000000000000e+00
6.710000000000000853e+01 8.676929915987730002e-01 1.323070084012276104e-01 2.646140168024552208e-02 1.000000000000000666e+00 8.969552165575238600e-01 2.576119586061887193e-02 0.000000000000000000e+00
6.715000000000000568e+01 8.625748845246614671e-01 1.374251154753391990e-01 2.748502309506783980e-02 1.000000000000000666e+00 8.930816137823581746e-01 2.672959655441027940e-02 0.000000000000000000e+00
6.720000000000000284e+01 8.573782138598662339e-01 1.426217861401343767e-01 2.852435722802687534e-02 1.000000000000000666e+00 8.891571271680432931e-01 2.771071820798901714e-02 0.000000000000000000e+00
6.725000000000000000e+01 8.521043247001612864e-01 1.478956752998392132e-01 2.957913505996784265e-02 1.000000000000000444e+00 8.851831609263904888e-01 2.870420976840219393e-02 0.000000000000000000e+00
6.729999999999999716e+01 8.467545786948889042e-01 1.532454213051118175e-01 3.064908426102236350e-02 1.000000000000000666e+00 8.811611286025502476e-01 2.970971784936226462e-02 0.000000000000000000e+00
6.735000000000000853e+01 8.413303535877967310e-01 1.586696464122039352e-01 3.173392928244078703e-02 1.000000000000000666e+00 8.770924520979949124e-01 3.072688697550109843e-02 0.000000000000000000e+00
6.740000000000000568e+01 8.358330425688926812e-01 1.641669574311077628e-01 3.283339148622155257e-02 1.000000000000000444e+00 8.729785606778516227e-01 3.175535983053692085e-02 0.000000000000000000e+00
6.745000000000000284e+01 8.302640533588111493e-01 1.697359466411893503e-01 3.394718932823787005e-02 1.000000000000000444e+00 8.688208895988626113e-01 3.279477760028417371e-02 0.000000000000000000e+00
6.750000000000000000e+01 8.246248081383656947e-01 1.753751918616347494e-01 3.507503837232694988e-02 1.000000000000000444e+00 8.646208799963104319e-01 3.384478000092222549e-02 0.000000000000000000e+00
6.754999999999999716e+01 8.189167430344870269e-01 1.810832569655135282e-01 3.621665139310270565e-02 1.000000000000000444e+00 8.603799779256389169e-01 3.490500551859011813e-02 0.000000000000000000e+00
6.760000000000000853e+01 8.131413078409316375e-01 1.868586921590686956e-01 3.737173843181373911e-02 1.000000000000000444e+00 8.560996338023454388e-01 3.597509154941347376e-02 0.000000000000000000e+00
6.765000000000000568e+01 8.072999647731702311e-01 1.927000352268301575e-01 3.854000704536603150e-02 1.000000000000000444e+00 8.517813006535203124e-01 3.705467483661977618e-02 0.000000000000000000e+00
6.770000000000000284e+01 8.013941882410422490e-01 1.986058117589581395e-01 3.972116235179162791e-02 1.000000000000000444e+00 8.474264337828870675e-01 3.814339155427808048e-02 0.000000000000000000e+00
6.775000000000000000e+01 7.954254645709689653e-01 2.045745354290315343e-01 4.091490708580630686e-02 1.000000000000000444e+00 8.430364903136914334e-01 3.924087742157698205e-02 0.000000000000000000e+00
6.779999999999999716e+01 7.893952916170704492e-01 2.106047083829298838e-01 4.212094167658597677e-02 1.000000000000000444e+00 8.386129283588523720e-01 4.034676791028673354e-02 0.000000000000000000e+00
6.785000000000000853e+01 7.833051779366573264e-01 2.166948220633430067e-01 4.333896441266860133e-02 1.000000000000000444e+00 8.341572059292374774e-01 4.146069851769046410e-02 0.000000000000000000e+00
6.790000000000000568e+01 7.771566419322838426e-01 2.228433580677166570e-01 4.456867161354333140e-02 1.000000000000000444e+00 8.296707797597830947e-01 4.258230506005407368e-02 0.000000000000000000e+00
6.795000000000000284e+01 7.709512118079298038e-01 2.290487881920708069e-01 4.580975763841416137e-02 1.000000000000000666e+00 8.251551052459314972e-01 4.371122368851697304e-02 0.000000000000000000e+00
6.800000000000000000e+01 7.646904250326796992e-01 2.353095749673209114e-01 4.706191499346418228e-02 1.000000000000000666e+00 8.206116355443602295e-01 4.484709111390977609e-02 0.000000000000000000e+00
6.804999999999999716e+01 7.583758281570525117e-01 2.416241718429479324e-01 4.832483436858958648e-02 1.000000000000000444e+00 8.160418211743986072e-01 4.598954470640018860e-02 0.000000000000000000e+00
6.810000000000000853e+01 7.520089754750316491e-01 2.479910245249689060e-01 4.959820490499378121e-02 1.000000000000000444e+00 8.114471083518370875e-01 4.713822291204057546e-02 0.000000000000000000e+00
6.815000000000000568e+01 7.455914287349143521e-01 2.544085712650862030e-01 5.088171425301724060e-02 1.000000000000000444e+00 8.068289386086968662e-01 4.829276534782562386e-02 0.000000000000000000e+00
6.820000000000000284e+01 7.391247569737313672e-01 2.608752430262692434e-01 5.217504860525384869e-02 1.000000000000000666e+00 8.021887485589640487e-01 4.945281286025882128e-02 0.000000000000000000e+00
6.825000000000000000e+01 7.326105360417105583e-01 2.673894639582899413e-01 5.347789279165798826e-02 1.000000000000000444e+00 7.975279690523059406e-01 5.061800773692335526e-02 0.000000000000000000e+00
6.829999999999999716e+01 7.260503481236312284e-01 2.739496518763692712e-01 5.478993037527385424e-02 1.000000000000000444e+00 7.928480245866805776e-01 5.178799385332968908e-02 0.000000000000000000e+00
6.835000000000000853e+01 7.194457805454870236e-01 2.805542194545135315e-01 5.611084389090270630e-02 1.000000000000000444e+00 7.881503318984759421e-01 5.296241702538084795e-02 0.000000000000000000e+00
6.840000000000000568e+01 7.127984257097004228e-01 2.872015742903000213e-01 5.744031485806000425e-02 1.000000000000000444e+00 7.834362998810973089e-01 5.414092502972551318e-02 0.000000000000000000e+00
6.845000000000000284e+01 7.061098807621353224e-01 2.938901192378653993e-01 5.877802384757307985e-02 1.000000000000000666e+00 7.787073291375001816e-01 5.532316771562478114e-02 0.000000000000000000e+00
6.850000000000000000e+01 6.993817473272703200e-01 3.006182526727305127e-01 6.012365053454610253e-02 1.000000000000000888e+00 7.739648114384882760e-01 5.650879714037777141e-02 0.000000000000000000e+00
6.854999999999999716e+01 6.926156306247879257e-01 3.073843693752126294e-01 6.147687387504252587e-02 1.000000000000000444e+00 7.692101288042464402e-01 5.769746779893823035e-02 0.000000000000000000e+00
6.860000000000000853e+01 6.858131386105077443e-01 3.141868613894929774e-01 6.283737227789859547e-02 1.000000000000000666e+00 7.644446525542045734e-01 5.888883686144868318e-02 0.000000000000000000e+00
6.865000000000000568e+01 6.789758819690915326e-01 3.210241180309089670e-01 6.420482360618179341e-02 1.000000000000000444e+00 7.596697432987027376e-01 6.008256417532415600e-02 0.000000000000000000e+00
6.870000000000000284e+01 6.721054736514179284e-01 3.278945263485827377e-01 6.557890526971654754e-02 1.000000000000000666e+00 7.548867503659545397e-01 6.127831240851121242e-02 0.000000000000000000e+00
6.875000000000000000e+01 6.652035288233306698e-01 3.347964711766698853e-01 6.695929423533397706e-02 1.000000000000000444e+00 7.500970115735021704e-01 6.247574710662429087e-02 0.000000000000000000e+00
6.879999999999999716e+01 6.582716636694884160e-01 3.417283363305120836e-01 6.834566726610241671e-02 1.000000000000000444e+00 7.453018520936287583e-01 6.367453697659265777e-02 0.000000000000000000e+00
6.885000000000000853e+01 6.513114948256167880e-01 3.486885051743837671e-01 6.973770103487675343e-02 1.000000000000000444e+00 7.405025838814116579e-01 6.487435402964693287e-02 0.000000000000000000e+00
6.890000000000000568e+01 6.443246393644997960e-01 3.556753606355009256e-01 7.113507212710018512e-02 1.000000000000000666e+00 7.357005056611942706e-01 6.607487358470127969e-02 0.000000000000000000e+00
6.895000000000000284e+01 6.373127143110616233e-01 3.626872856889390428e-01 7.253745713778780857e-02 1.000000000000000666e+00 7.308969023920267594e-01 6.727577440199314363e-02 0.000000000000000000e+00
6.900000000000000000e+01 6.302773366665126442e-01 3.697226633334879664e-01 7.394453266669759328e-02 1.000000000000000666e+00 7.260930451690337240e-01 6.847673870774140248e-02 0.000000000000000000e+00
6.904999999999999716e+01 6.232201221263840019e-01 3.767798778736167198e-01 7.535597557472334396e-02 1.000000000000000666e+00 7.212901901394374038e-01 6.967745246514049640e-02 0.000000000000000000e+00
6.910000000000000853e+01 6.161426846483215591e-01 3.838573153516791625e-01 7.677146307033583250e-02 1.000000000000000666e+00 7.164895781170298461e-01 7.087760547074238582e-02 0.000000000000000000e+00
6.915000000000000568e+01 6.090466364362037144e-01 3.909533635637968407e-01 7.819067271275936815e-02 1.000000000000000444e+00 7.116924345692937637e-01 7.207689135767640642e-02 0.000000000000000000e+00
6.920000000000000284e+01 6.019335874800986197e-01 3.980664125199021020e-01 7.961328250398042039e-02 1.000000000000000666e+00 7.068999691976293187e-01 7.327500770059253155e-02 0.000000000000000000e+00
6.925000000000000000e+01 5.948051456219277666e-01 4.051948543780728440e-01 8.103897087561456880e-02 1.000000000000000666e+00 7.021133759052967660e-01 7.447165602367566972e-02 0.000000000000000000e+00
6.929999999999999716e+01 5.876629152992263183e-01 4.123370847007742923e-01 8.246741694015485846e-02 1.000000000000000666e+00 6.973338318806733271e-01 7.566654202983151556e-02 0.000000000000000000e+00
6.935000000000000853e+01 5.805084971420819695e-01 4.194915028579188077e-01 8.389830057158376153e-02 1.000000000000000888e+00 6.925624972910418009e-01 7.685937567723939712e-02 0.000000000000000000e+00
6.940000000000000568e+01 5.733434879655759930e-01 4.266565120344248396e-01 8.533130240688496793e-02 1.000000000000000888e+00 6.878005152778365883e-01 7.804987118054071416e-02 0.000000000000000000e+00
6.945000000000000284e+01 5.661694803599157666e-01 4.338305196400851771e-01 8.676610392801703542e-02 1.000000000000000888e+00 6.830490116816197999e-01 7.923774707959492514e-02 0.000000000000000000e+00
6.950000000000000000e+01 5.589880627864620699e-01 4.410119372135387628e-01 8.820238744270775255e-02 1.000000000000000888e+00 6.783090950560296539e-01 8.042272623599244774e-02 0.000000000000000000e+00
6.954999999999999716e+01 5.518008184306717467e-01 4.481991815693289749e-01 8.963983631386579498e-02 1.000000000000000666e+00 6.735818559734179090e-01 8.160453600664539786e-02 0.000000000000000000e+00
6.960000000000000853e+01 5.446093247448577923e-01 4.553906752551431514e-01 9.107813505102863028e-02 1.000000000000000888e+00 6.688683667454409232e-01 8.278290831363964430e-02 0.000000000000000000e+00
6.965000000000000568e+01 5.374151534481342862e-01 4.625848465518667130e-01 9.251696931037334259e-02 1.000000000000000888e+00 6.641696814230387824e-01 8.395757964424017950e-02 0.000000000000000000e+00
6.970000000000000284e+01 5.302198702087065341e-01 4.697801297912942986e-01 9.395602595825885972e-02 1.000000000000000888e+00 6.594868356717404900e-01 8.512829108206473872e-02 0.000000000000000000e+00
6.975000000000000000e+01 5.230250347033299496e-01 4.769749652966709386e-01 9.539499305933418771e-02 1.000000000000000888e+00 6.548208468157086237e-01 8.629478829607271917e-02 0.000000000000000000e+00
6.979999999999999716e+01 5.158321997140418169e-01 4.841678002859592378e-01 9.683356005719184756e-02 1.000000000000001110e+00 6.501727134002447395e-01 8.745682164993870411e-02 0.000000000000000000e+00
6.985000000000000853e+01 5.086429105284774321e-01 4.913570894715235671e-01 9.827141789430471341e-02 1.000000000000000888e+00 6.455434149231672469e-01 8.861414626920804949e-02 0.000000000000000000e+00
6.990000000000000568e+01 5.014587049398787633e-01 4.985412950601222914e-01 9.970825901202445829e-02 1.000000000000001110e+00 6.409339118348170716e-01 8.976652204129560719e-02 0.000000000000000000e+00
6.995000000000000284e+01 4.942811130570355371e-01 5.057188869429654066e-01 1.011437773885930924e-01 1.000000000000000888e+00 6.363451455233771759e-01 9.091371361915559501e-02 0.000000000000000000e+00
7.000000000000000000e+01 4.871116572493567332e-01 5.128883427506442105e-01 1.025776685501288421e-01 1.000000000000000888e+00 6.317780384204790822e-01 9.205549039488010454e-02 0.000000000000000000e+00
7.004999999999999716e+01 4.799518516189809070e-01 5.200481483810202032e-01 1.040096296762040295e-01 1.000000000000001110e+00 6.272334937883887740e-01 9.319162655290268160e-02 0.000000000000000000e+00
7.010000000000000853e+01 4.728032012036327281e-01 5.271967987963682711e-01 1.054393597592736542e-01 1.000000000000000888e+00 6.227123955000248845e-01 9.432190112499365398e-02 0.000000000000000000e+00
7.015000000000000568e+01 4.656672019655347383e-01 5.343327980344660944e-01 1.068665596068932300e-01 1.000000000000000888e+00 6.182156080366224549e-01 9.544609799084426138e-02 0.000000000000000000e+00
7.020000000000000284e+01 4.585453407023102335e-01 5.414546592976909878e-01 1.082909318595381976e-01 1.000000000000001332e+00 6.137439765109236056e-01 9.656400587226897370e-02 0.000000000000000000e+00
7.025000000000000000e+01 4.514390949052532465e-01 5.485609050947479748e-01 1.097121810189495839e-01 1.000000000000001332e+00 6.092983268893826798e-01 9.767541827765420515e-02 0.000000000000000000e+00
7.029999999999999716e+01 4.443499325981966619e-01 5.556500674018044483e-01 1.111300134803608897e-01 1.000000000000001110e+00 6.048794659248846184e-01 9.878013351877872050e-02 0.000000000000000000e+00
7.035000000000000853e+01 4.372793114005592008e-01 5.627206885994417984e-01 1.125441377198883597e-01 1.000000000000000888e+00 6.004881810521196517e-01 9.987795473696996218e-02 0.000000000000000000e+00
7.040000000000000568e+01 4.302286784654693608e-01 5.697713215345318050e-01 1.139542643069063610e-01 1.000000000000001110e+00 5.961252403881317496e-01 1.009686899029669238e-01 0.000000000000000000e+00
7.045000000000000284e+01 4.231994704548986408e-01 5.768005295451026360e-01 1.153601059090205161e-01 1.000000000000001332e+00 5.917913927469844459e-01 1.020521518132537636e-01 0.000000000000000000e+00
7.050000000000000000e+01 4.161931133582137954e-01 5.838068866417872593e-01 1.167613773283574519e-01 1.000000000000001110e+00 5.874873679564193152e-01 1.031281580108950463e-01 0.000000000000000000e+00
7.054999999999999716e+01 4.092110226068355616e-01 5.907889773931653821e-01 1.181577954786330875e-01 1.000000000000000888e+00 5.832138769175138071e-01 1.041965307706214094e-01 0.000000000000000000e+00
7.060000000000000853e+01 4.022546021456461229e-01 5.977453978543550983e-01 1.195490795708710197e-01 1.000000000000001332e+00 5.789716116287524361e-01 1.052570970928117661e-01 0.000000000000000000e+00
7.065000000000000568e+01 3.953252442571091319e-01 6.046747557428919784e-01 1.209349511485783846e-01 1.000000000000001110e+00 5.747612452267067962e-01 1.063096886933231899e-01 0.000000000000000000e+00
7.070000000000000284e+01 3.884243295610959046e-01 6.115756704389052612e-01 1.223151340877810522e-01 1.000000000000001110e+00 5.705834319861733395e-01 1.073541420034565402e-01 0.000000000000000000e+00
7.075000000000000000e+01 3.815532268744105671e-01 6.184467731255904877e-01 1.236893546251180975e-01 1.000000000000001110e+00 5.664388076145275841e-01 1.083902980963679930e-01 0.000000000000000000e+00
7.079999999999999716e+01 3.747132933912425412e-01 6.252867066087586245e-01 1.250573413217517249e-01 1.000000000000001110e+00 5.623279895314291510e-01 1.094180026171425735e-01 0.000000000000000000e+00
7.085000000000000853e+01 3.679058740167735486e-01 6.320941259832274506e-01 1.264188251966454901e-01 1.000000000000000888e+00 5.582515769121834115e-01 1.104371057719540083e-01 0.000000000000000000e+00
7.090000000000000568e+01 3.611323009909586101e-01 6.388676990090425001e-01 1.277735398018085000e-01 1.000000000000001110e+00 5.542101508615330241e-01 1.114474622846166330e-01 0.000000000000000000e+00
7.095000000000000284e+01 3.543938938885146106e-01 6.456061061114864996e-01 1.291212212222972999e-01 1.000000000000001110e+00 5.502042744136510510e-01 1.124489313965871123e-01 0.000000000000000000e+00
7.100000000000000000e+01 3.476919595639156868e-01 6.523080404360853679e-01 1.304616080872170736e-01 1.000000000000001110e+00 5.462344926890966290e-01 1.134413768277257317e-01 0.000000000000000000e+00
7.104999999999999716e+01 3.410277922347776380e-01 6.589722077652232501e-01 1.317944415530446500e-01 1.000000000000000888e+00 5.423013334593340673e-01 1.144246666351663583e-01 0.000000000000000000e+00
7.110000000000000853e+01 3.344026732383438838e-01 6.655973267616571709e-01 1.331194653523314342e-01 1.000000000000001110e+00 5.384053071055231454e-01 1.153986732236190749e-01 0.000000000000000000e+00
7.115000000000000568e+01 3.278178704501874541e-01 6.721821295498133786e-01 1.344364259099626868e-01 1.000000000000000888e+00 5.345469069901553905e-01 1.163632732524610136e-01 0.000000000000000000e+00
7.120000000000000284e+01 3.212746382646675114e-01 6.787253617353333768e-01 1.357450723470666754e-01 1.000000000000000888e+00 5.307266094795362044e-01 1.173183476301158101e-01 0.000000000000000000e+00
7.125000000000000000e+01 3.147742175812910381e-01 6.852257824187100166e-01 1.370451564837419922e-01 1.000000000000001110e+00 5.269448739898636713e-01 1.182637815025339850e-01 0.000000000000000000e+00
7.129999999999999716e+01 3.083178358206937197e-01 6.916821641793071684e-01 1.383364328358614448e-01 1.000000000000000888e+00 5.232021436358103017e-01 1.191994640910473274e-01 0.000000000000000000e+00
7.135000000000000853e+01 3.019067070025425736e-01 6.980932929974583701e-01 1.396186585994916851e-01 1.000000000000000888e+00 5.194988452635075360e-01 1.201252886841230050e-01 0.000000000000000000e+00
7.140000000000000568e+01 2.955420311160126268e-01 7.044579688839882614e-01 1.408915937767976634e-01 1.000000000000000888e+00 5.158353898965556406e-01 1.210411525258609788e-01 0.000000000000000000e+00
7.145000000000000284e+01 2.892249940290585464e-01 7.107750059709425638e-01 1.421550011941885017e-01 1.000000000000001110e+00 5.122121728636769289e-01 1.219469567840806568e-01 0.000000000000000000e+00
7.150000000000000000e+01 2.829567674883654571e-01 7.170432325116354866e-01 1.434086465023270973e-01 1.000000000000000888e+00 5.086295737989270371e-01 1.228426065502681575e-01 0.000000000000000000e+00
7.154999999999999716e+01 2.767385091103181094e-01 7.232614908896828343e-01 1.446522981779365669e-01 1.000000000000000888e+00 5.050879571190755035e-01 1.237280107202310270e-01 0.000000000000000000e+00
7.160000000000000853e+01 2.705713625979155879e-01 7.294286374020853003e-01 1.458857274804170601e-01 1.000000000000000888e+00 5.015876723948454741e-01 1.246030819012885205e-01 0.000000000000000000e+00
7.165000000000000568e+01 2.644564572733960617e-01 7.355435427266049375e-01 1.471087085453209875e-01 1.000000000000000888e+00 4.981290546031071353e-01 1.254677363492231190e-01 0.000000000000000000e+00
7.170000000000000284e+01 2.583949078593797410e-01 7.416050921406212026e-01 1.483210184281242294e-01 1.000000000000000888e+00 4.947124244971206619e-01 1.263218938757197374e-01 0.000000000000000000e+00
7.175000000000000000e+01 2.523878144788761491e-01 7.476121855211248501e-01 1.495224371042249700e-01 1.000000000000000888e+00 4.913380886065404907e-01 1.271654778483647663e-01 0.000000000000000000e+00
7.179999999999999716e+01 2.464362626538090240e-01 7.535637373461920863e-01 1.507127474692384062e-01 1.000000000000001110e+00 4.880063394381228270e-01 1.279984151404691961e-01 0.000000000000000000e+00
7.185000000000000853e+01 2.405413235024875251e-01 7.594586764975133075e-01 1.518917352995026726e-01 1.000000000000000888e+00 4.847174562161228328e-01 1.288206359459692085e-01 0.000000000000000000e+00
7.190000000000000568e+01 2.347040535657819449e-01 7.652959464342190543e-01 1.530591892868438109e-01 1.000000000000000888e+00 4.814717048727347737e-01 1.296320737818162094e-01 0.000000000000000000e+00
7.195000000000000284e+01 2.289254944616839482e-01 7.710745055383170232e-01 1.542149011076633935e-01 1.000000000000000888e+00 4.782693386624885523e-01 1.304326653343777787e-01 0.000000000000000000e+00
7.200000000000000000e+01 2.232066728748258455e-01 7.767933271251750149e-01 1.553586654250350141e-01 1.000000000000000888e+00 4.751105982019234175e-01 1.312223504495190485e-01 0.000000000000000000e+00
7.204999999999999716e+01 2.175486005558734948e-01 7.824513994441275599e-01 1.564902798888255231e-01 1.000000000000001110e+00 4.719957115172117024e-01 1.320010721206970050e-01 0.000000000000000000e+00
7.210000000000000853e+01 2.119522744602118924e-01 7.880477255397890790e-01 1.576095451079578269e-01 1.000000000000000888e+00 4.689248948007871953e-01 1.327687762998031040e-01 0.000000000000000000e+00
7.215000000000000568e+01 2.064186768258751137e-01 7.935813231741259965e-01 1.587162646348251882e-01 1.000000000000001110e+00 4.658983524652516306e-01 1.335254118836870230e-01 0.000000000000000000e+00
7.220000000000000284e+01 2.009487747950396419e-01 7.990512252049614128e-01 1.598102450409922826e-01 1.000000000000001110e+00 4.629162777520280381e-01 1.342709305619929072e-01 0.000000000000000000e+00
7.225000000000000000e+01 1.955435203687194423e-01 8.044564796312816402e-01 1.608912959262563391e-01 1.000000000000001110e+00 4.599788529119756553e-01 1.350052867720060168e-01 0.000000000000000000e+00
7.229999999999999716e+01 1.902038504067634916e-01 8.097961495932376463e-01 1.619592299186475293e-01 1.000000000000001110e+00 4.570862492054240112e-01 1.357284376986439001e-01 0.000000000000000000e+00
7.235000000000000853e+01 1.849306867021888734e-01 8.150693132978120703e-01 1.630138626595624141e-01 1.000000000000000888e+00 4.542386274038693328e-01 1.364403431490325558e-01 0.000000000000000000e+00
7.240000000000000568e+01 1.797249362065049261e-01 8.202750637934961286e-01 1.640550127586992146e-01 1.000000000000001110e+00 4.514361382042875737e-01 1.371409654489280094e-01 0.000000000000000000e+00
7.245000000000000284e+01 1.745874907288488265e-01 8.254125092711522838e-01 1.650825018542304568e-01 1.000000000000001110e+00 4.486789225374528955e-01 1.378302693656366928e-01 0.000000000000000000e+00
7.250000000000000000e+01 1.695192268356772725e-01 8.304807731643237823e-01 1.660961546328647565e-01 1.000000000000001110e+00 4.459671120046136417e-01 1.385082219988464924e-01 0.000000000000000000e+00
7.254999999999999716e+01 1.645210058507649009e-01 8.354789941492359873e-01 1.670957988298472086e-01 1.000000000000000888e+00 4.433008288774917260e-01 1.391747927806269713e-01 0.000000000000000000e+00
7.260000000000000853e+01 1.595936738866056692e-01 8.404063261133953855e-01 1.680812652226790771e-01 1.000000000000001110e+00 4.406801863104690131e-01 1.398299534223826357e-01 0.000000000000000000e+00
7.265000000000000568e+01 1.547380620994753264e-01 8.452619379005257283e-01 1.690523875801051568e-01 1.000000000000001110e+00 4.381052890658515553e-01 1.404736777335370002e-01 0.000000000000000000e+00
7.270000000000000284e+01 1.499549865453935482e-01 8.500450134546075898e-01 1.700090026909215069e-01 1.000000000000001110e+00 4.355762335416626385e-01 1.411059416145842293e-01 0.000000000000000000e+00
7.275000000000000000e+01 1.452452480239468657e-01 8.547547519760543278e-01 1.709509503952108544e-01 1.000000000000001110e+00 4.330931084024988165e-01 1.417267228993751849e-01 0.000000000000000000e+00
7.279999999999999716e+01 1.406096320768989993e-01 8.593903679231020831e-01 1.718780735846204277e-01 1.000000000000001110e+00 4.306559946150717022e-01 1.423360013462319495e-01 0.000000000000000000e+00
7.285000000000000853e+01 1.360489089973294374e-01 8.639510910026715340e-01 1.727902182005343068e-01 1.000000000000000888e+00 4.282649655132414468e-01 1.429337586216895273e-01 0.000000000000000000e+00
7.290000000000000568e+01 1.315638340438945730e-01 8.684361659561062874e-01 1.736872331912212575e-01 1.000000000000000888e+00 4.259200875175547796e-01 1.435199781206111802e-01 0.000000000000000000e+00
7.295000000000000284e+01 1.271551474604923071e-01 8.728448525395084978e-01 1.745689705079017107e-01 1.000000000000000888e+00 4.236214201755152953e-01 1.440946449561210652e-01 0.000000000000000000e+00
7.300000000000000000e+01 1.228235742910572803e-01 8.771764257089437189e-01 1.754352851417887438e-01 1.000000000000000888e+00 4.213690167696136912e-01 1.446577458075964662e-01 0.000000000000000000e+00
7.304999999999999716e+01 1.185698243734136098e-01 8.814301756265874310e-01 1.762860351253174862e-01 1.000000000000001110e+00 4.191629244494017859e-01 1.452092688876494286e-01 0.000000000000000000e+00
7.310000000000000853e+01 1.143945923403403564e-01 8.856054076596606706e-01 1.771210815319321230e-01 1.000000000000001110e+00 4.170031842396551558e-01 1.457492039400861139e-01 0.000000000000000000e+00
7.315000000000000568e+01 1.102985577681611373e-01 8.897014422318396676e-01 1.779402884463679446e-01 1.000000000000000888e+00 4.148898315898148503e-01 1.462775421025462042e-01 0.000000000000000000e+00
7.320000000000000284e+01 1.062823853202275459e-01 8.937176146797733978e-01 1.787435229359546907e-01 1.000000000000000888e+00 4.128228965867563605e-01 1.467942758533108127e-01 0.000000000000000000e+00
7.325000000000000000e+01 1.023467245661117409e-01 8.976532754338892861e-01 1.795306550867778461e-01 1.000000000000001110e+00 4.108024043880928455e-01 1.472993989029766915e-01 0.000000000000000000e+00
7.329999999999999716e+01 9.849220996925461824e-02 9.015077900307464365e-01 1.803015580061492762e-01 1.000000000000001110e+00 4.088283754854036833e-01 1.477929061286489820e-01 0.000000000000000000e+00
7.335000000000000853e+01 9.471946088696481247e-02 9.052805391130360757e-01 1.810561078226072262e-01 1.000000000000000888e+00 4.069008257042334153e-01 1.482747935739415490e-01 0.000000000000000000e+00
7.340000000000000568e+01 9.102908165869544321e-02 9.089709183413052784e-01 1.817941836682610557e-01 1.000000000000000666e+00 4.050197665318660545e-01 1.487450583670333892e-01 0.000000000000000000e+00
7.345000000000000284e+01 8.742166181848658180e-02 9.125783381815142370e-01 1.825156676363028363e-01 1.000000000000000888e+00 4.031852055511353505e-01 1.492036986122160513e-01 0.000000000000000000e+00
7.350000000000000000e+01 8.389777594219954837e-02 9.161022240578011733e-01 1.832204448115602458e-01 1.000000000000000666e+00 4.013971466329295801e-01 1.496507133417674940e-01 0.000000000000000000e+00
7.354999999999999716e+01 8.045798363049629087e-02 9.195420163695045002e-01 1.839084032739009000e-01 1.000000000000000888e+00 3.996555903244306540e-01 1.500861024188922255e-01 0.000000000000000000e+00
7.360000000000000853e+01 7.710282950898164622e-02 9.228971704910191587e-01 1.845794340982038206e-01 1.000000000000000888e+00 3.979605338502786860e-01 1.505098665374302314e-01 0.000000000000000000e+00
7.365000000000000568e+01 7.383284327970239536e-02 9.261671567202983679e-01 1.852334313440596736e-01 1.000000000000000666e+00 3.963119712978643294e-01 1.509220071755338344e-01 0.000000000000000000e+00
7.370000000000000284e+01 7.064853994461375852e-02 9.293514600553870464e-01 1.858702920110774093e-01 1.000000000000000888e+00 3.947098941230213764e-01 1.513225264692445726e-01 0.000000000000000000e+00
7.375000000000000000e+01 6.755041969966031623e-02 9.324495803003405303e-01 1.864899160600680950e-01 1.000000000000000888e+00 3.931542912306427162e-01 1.517114271923392377e-01 0.000000000000000000e+00
7.379999999999999716e+01 6.453896791087225526e-02 9.354610320891285635e-01 1.870922064178257016e-01 1.000000000000000888e+00 3.916451493897429859e-01 1.520887126525641564e-01 0.000000000000000000e+00
7.385000000000000853e+01 6.161465511603055750e-02 9.383853448839705180e-01 1.876770689767940925e-01 1.000000000000001110e+00 3.901824532473292528e-01 1.524543866881676035e-01 0.000000000000000000e+00
7.390000000000000568e+01 5.877793705769059768e-02 9.412220629423101448e-01 1.882444125884620290e-01 1.000000000000000666e+00 3.887661854421046725e-01 1.528084536394737347e-01 0.000000000000000000e+00
7.395000000000000284e+01 5.602925488891355443e-02 9.439707451110873615e-01 1.887941490222174723e-01 1.000000000000000888e+00 3.873963270784064328e-01 1.531509182303983085e-01 0.000000000000000000e+00
7.400000000000000000e+01 5.336903510719608751e-02 9.466309648928048492e-01 1.893261929785609587e-01 1.000000000000000888e+00 3.860728577825593422e-01 1.534817855543600673e-01 0.000000000000000000e+00
7.404999999999999716e+01 5.079768952790277708e-02 9.492023104720981319e-01 1.898404620944196264e-01 1.000000000000000888e+00 3.847957560770131069e-01 1.538010609807466400e-01 0.000000000000000000e+00
7.410000000000000853e+01 4.831561528744004325e-02 9.516843847125608935e-01 1.903368769425121676e-01 1.000000000000000888e+00 3.835649994057771517e-01 1.541087501485556288e-01 0.000000000000000000e+00
7.415000000000000568e+01 4.592319486896379727e-02 9.540768051310368758e-01 1.908153610262073863e-01 1.000000000000000666e+00 3.823805642171413388e-01 1.544048589457145682e-01 0.000000000000000000e+00
7.420000000000000284e+01 4.362079628306170936e-02 9.563792037169391858e-01 1.912758407433878260e-01 1.000000000000000888e+00 3.812424263701788552e-01 1.546893934074551891e-01 0.000000000000000000e+00
7.425000000000000000e+01 4.140877302084554346e-02 9.585912269791552198e-01 1.917182453958310440e-01 1.000000000000000666e+00 3.801505611906034199e-01 1.549623597023490340e-01 0.000000000000000000e+00
7.429999999999999716e+01 3.928746403175044366e-02 9.607125359682502364e-01 1.921425071936500584e-01 1.000000000000000666e+00 3.791049437778655218e-01 1.552237640555335363e-01 0.000000000000000000e+00
7.435000000000000853e+01 3.725719372709709182e-02 9.627428062729037617e-01 1.925485612545807523e-01 1.000000000000000888e+00 3.781055490307144162e-01 1.554736127423212988e-01 0.000000000000000000e+00
7.440000000000000568e+01 3.531827200623704338e-02 9.646817279937636158e-01 1.929363455987527232e-01 1.000000000000000666e+00 3.771523517234584566e-01 1.557119120691352887e-01 0.000000000000000000e+00
7.445000000000000284e+01 3.347099441119998769e-02 9.665290055888007270e-01 1.933058011177601343e-01 1.000000000000000666e+00 3.762453268358838532e-01 1.559386682910289534e-01 0.000000000000000000e+00
7.450000000000000000e+01 3.171564207937289936e-02 9.682843579206279472e-01 1.936568715841255894e-01 1.000000000000000888e+00 3.753844496083671989e-01 1.561538875979081309e-01 0.000000000000000000e+00
7.454999999999999716e+01 3.005248173134709294e-02 9.699475182686536634e-01 1.939895036537307438e-01 1.000000000000000666e+00 3.745696957730674237e-01 1.563575760567330608e-01 0.000000000000000000e+00
7.460000000000000853e+01 2.848176567348967986e-02 9.715182343265110765e-01 1.943036468653022153e-01 1.000000000000000666e+00 3.738010415691790933e-01 1.565497396077051295e-01 0.000000000000000000e+00
7.465000000000000568e+01 2.700373183233589769e-02 9.729962681676649350e-01 1.945992536335329759e-01 1.000000000000000888e+00 3.730784638311507861e-01 1.567303840422122063e-01 0.000000000000000000e+00
7.470000000000000284e+01 2.561860387612418730e-02 9.743813961238765309e-01 1.948762792247752951e-01 1.000000000000000666e+00 3.724019402313196725e-01 1.568995149421699709e-01 0.000000000000000000e+00
7.475000000000000000e+01 2.432659115939422509e-02 9.756734088406066041e-01 1.951346817681213208e-01 1.000000000000000888e+00 3.717714493349418836e-01 1.570571376662644458e-01 0.000000000000000000e+00
7.479999999999999716e+01 2.312788872253421918e-02 9.768721112774667592e-01 1.953744222554933407e-01 1.000000000000000888e+00 3.711869707485498382e-01 1.572032573128624433e-01 0.000000000000000000e+00
7.485000000000000853e+01 2.202267729269258290e-02 9.779773227073083053e-01 1.955954645414616500e-01 1.000000000000000888e+00 3.706484851238856515e-01 1.573378787190284622e-01 0.000000000000000000e+00
7.490000000000000568e+01 2.101112333701421822e-02 9.789888766629863959e-01 1.957977753325972903e-01 1.000000000000000666e+00 3.701559742748719573e-01 1.574610064312818858e-01 0.000000000000000000e+00
7.495000000000000284e+01 2.009337912610267146e-02 9.799066208738980155e-01 1.959813241747795920e-01 1.000000000000000666e+00 3.697094213039497923e-01 1.575726446740124409e-01 0.000000000000000000e+00
7.500000000000000000e+01 1.926958268739355218e-02 9.807304173126072389e-01 1.961460834625214367e-01 1.000000000000000888e+00 3.693088106708560248e-01 1.576727973322858689e-01 0.000000000000000000e+00
7.504999999999999716e+01 1.853985780912115536e-02 9.814601421908795142e-01 1.962920284381758917e-01 1.000000000000000666e+00 3.689541282521157095e-01 1.577614679369709616e-01 0.000000000000000000e+00
7.510000000000000853e+01 1.790431404542786736e-02 9.820956859545728612e-01 1.964191371909145833e-01 1.000000000000000666e+00 3.686453613517032823e-01 1.578386596620740823e-01 0.000000000000000000e+00
7.515000000000000568e+01 1.736304678124410070e-02 9.826369532187567701e-01 1.965273906437513540e-01 1.000000000000000888e+00 3.683824988172486048e-01 1.579043752956877378e-01 0.000000000000000000e+00
7.520000000000000284e+01 1.691613722587600316e-02 9.830838627741247393e-01 1.966167725548249590e-01 1.000000000000000666e+00 3.681655310753090271e-01 1.579586172311726600e-01 0.000000000000000000e+00
7.525000000000000000e+01 1.656365239359993899e-02 9.834363476064009735e-01 1.966872695212801836e-01 1.000000000000000888e+00 3.679944501747238750e-01 1.580013874563189480e-01 0.000000000000000000e+00
7.529999999999999716e+01 1.630564510570257919e-02 9.836943548942980176e-01 1.967388709788596146e-01 1.000000000000000666e+00 3.678692497958943042e-01 1.580326875510263407e-01 0.000000000000000000e+00
7.535000000000000853e+01 1.614215401579677592e-02 9.838578459842040047e-01 1.967715691968408009e-01 1.000000000000000888e+00 3.677899252847228739e-01 1.580525186788191983e-01 0.000000000000000000e+00
7.540000000000000568e+01 1.607320362962716062e-02 9.839267963703735020e-01 1.967853592740747004e-01 1.000000000000000666e+00 3.677564736973719661e-01 1.580608815756569252e-01 0.000000000000000000e+00
7.545000000000000284e+01 1.609880427821836282e-02 9.839011957217822513e-01 1.967802391443564392e-01 1.000000000000000666e+00 3.677688937887823029e-01 1.580577765528043410e-01 0.000000000000000000e+00
7.550000000000000000e+01 1.621895212094030814e-02 9.837810478790603996e-01 1.967562095758120799e-01 1.000000000000000666e+00 3.678271860182729114e-01 1.580432034954317166e-01 0.000000000000000000e+00
7.554999999999999716e+01 1.643362915800188756e-02 9.835663708419986051e-01 1.967132741683997321e-01 1.000000000000000444e+00 3.679313525564951726e-01 1.580171618608761375e-01 0.000000000000000000e+00
7.560000000000000853e+01 1.674280322787045222e-02 9.832571967721301931e-01 1.966514393544260275e-01 1.000000000000000666e+00 3.680813972787365107e-01 1.579796506803158029e-01 0.000000000000000000e+00
7.565000000000000568e+01 1.714642799359511818e-02 9.828535720064055514e-01 1.965707144012810992e-01 1.000000000000000666e+00 3.682773257317738524e-01 1.579306685670564536e-01 0.000000000000000000e+00
7.570000000000000284e+01 1.764444294260873389e-02 9.823555570573918594e-01 1.964711114114783830e-01 1.000000000000000666e+00 3.685191451234283710e-01 1.578702137191428378e-01 0.000000000000000000e+00
7.575000000000000000e+01 1.823677338945677365e-02 9.817632266105438266e-01 1.963526453221087764e-01 1.000000000000000666e+00 3.688068643030773530e-01 1.577982839242305924e-01 0.000000000000000000e+00
7.579999999999999716e+01 1.892333046027989615e-02 9.810766695397208359e-01 1.962153339079441561e-01 1.000000000000000666e+00 3.691404937078104909e-01 1.577148765730473357e-01 0.000000000000000000e+00
7.585000000000000853e+01 1.970401108186417560e-02 9.802959889181364073e-01 1.960591977836272926e-01 1.000000000000000666e+00 3.695200453044373834e-01 1.576199886738905986e-01 0.000000000000000000e+00
7.590000000000000568e+01 2.057869797955061072e-02 9.794213020204500797e-01 1.958842604040900159e-01 1.000000000000000666e+00 3.699455325684998797e-01 1.575136168578749885e-01 0.000000000000000000e+00
7.595000000000000284e+01 2.154725966746073862e-02 9.784527403325399275e-01 1.956905480665079855e-01 1.000000000000000666e+00 3.704169704299132837e-01 1.573957573925216236e-01 0.000000000000000000e+00
7.600000000000000000e+01 2.260955042785320335e-02 9.773904495721474905e-01 1.954780899144294981e-01 1.000000000000000666e+00 3.709343751861791660e-01 1.572664062034551669e-01 0.000000000000000000e+00
7.604999999999999716e+01 2.376541029783253364e-02 9.762345897021682539e-01 1.952469179404336397e-01 1.000000000000000888e+00 3.714977643989059164e-01 1.571255589002734931e-01 0.000000000000000000e+00
7.610000000000000853e+01 2.501466506744582860e-02 9.749853349325549035e-01 1.949970669865109807e-01 1.000000000000000666e+00 3.721071568778899219e-01 1.569732107805275056e-01 0.000000000000000000e+00
7.615000000000000568e+01 2.635712625792780914e-02 9.736428737420730339e-01 1.947285747484145957e-01 1.000000000000000888e+00 3.727625725754301067e-01 1.568093568561424456e-01 0.000000000000000000e+00
7.620000000000000284e+01 2.779259109726596802e-02 9.722074089027349375e-01 1.944414817805469875e-01 1.000000000000000888e+00 3.734640325155788587e-01 1.566339918711052714e-01 0.000000000000000000e+00
7.625000000000000000e+01 2.932084250017046381e-02 9.706791574998302474e-01 1.941358314999660495e-01 1.000000000000000666e+00 3.742115585941205302e-01 1.564471103514698258e-01 0.000000000000000000e+00
7.629999999999999716e+01 3.094164906569574561e-02 9.690583509343051460e-01 1.938116701868610181e-01 1.000000000000000888e+00 3.750051735528932562e-01 1.562487066117766443e-01 0.000000000000000000e+00
7.635000000000000853e+01 3.265476506209512297e-02 9.673452349379054738e-01 1.934690469875811059e-01 1.000000000000000666e+00 3.758449008910295097e-01 1.560387747772425948e-01 0.000000000000000000e+00
7.640000000000000568e+01 3.445993037964463490e-02 9.655400696203562116e-01 1.931080139240712312e-01 1.000000000000000888e+00 3.767307647377655666e-01 1.558173088155585806e-01 0.000000000000000000e+00
7.645000000000000284e+01 3.635687051169200767e-02 9.636431294883087695e-01 1.927286258976617650e-01 1.000000000000000888e+00 3.776627896694013109e-01 1.555843025826496306e-01 0.000000000000000000e+00
7.650000000000000000e+01 3.834529654208151950e-02 9.616547034579192577e-01 1.923309406915838515e-01 1.000000000000000888e+00 3.786410005324637451e-01 1.553397498668840360e-01 0.000000000000000000e+00
7.654999999999999716e+01 4.042490514450391287e-02 9.595750948554968573e-01 1.919150189710993604e-01 1.000000000000000666e+00 3.796654224380899278e-01 1.550836443904774764e-01 0.000000000000000000e+00
7.660000000000000853e+01 4.259537853997959200e-02 9.574046214600209215e-01 1.914809242920041954e-01 1.000000000000000444e+00 3.807360805564409256e-01 1.548159798608897408e-01 0.000000000000000000e+00
7.665000000000000568e+01 4.485638444358517468e-02 9.551436155564154706e-01 1.910287231112831052e-01 1.000000000000000666e+00 3.818530000312418959e-01 1.545367499921894983e-01 0.000000000000000000e+00
7.670000000000000284e+01 4.720757605355259401e-02 9.527924239464480305e-01 1.905584847892896061e-01 1.000000000000000666e+00 3.830162056501843493e-01 1.542459485874538849e-01 0.000000000000000000e+00
7.675000000000000000e+01 4.964859204421046002e-02 9.503514079557900951e-01 1.900702815911580190e-01 1.000000000000000444e+00 3.842257217245914069e-01 1.539435695688521344e-01 0.000000000000000000e+00
7.680000000000001137e+01 5.217905656384957958e-02 9.478209434361511976e-01 1.895641886872302395e-01 1.000000000000000888e+00 3.854815720722675199e-01 1.536296069819330645e-01 0.000000000000000000e+00
7.685000000000000853e+01 5.479857916640974019e-02 9.452014208335910439e-01 1.890402841667181977e-01 1.000000000000000888e+00 3.867837797210226802e-01 1.533040550697442883e-01 0.000000000000000000e+00
7.690000000000000568e+01 5.750675475690663480e-02 9.424932452430939689e-01 1.884986490486187938e-01 1.000000000000000666e+00 3.881323668328994225e-01 1.529669082917751166e-01 0.000000000000000000e+00
7.695000000000000284e+01 6.030316359284236538e-02 9.396968364071583979e-01 1.879393672814316796e-01 1.000000000000000666e+00 3.895273542828833757e-01 1.526181614292791144e-01 0.000000000000000000e+00
7.700000000000000000e+01 6.318737127939128007e-02 9.368126287206093306e-01 1.873625257441218772e-01 1.000000000000000666e+00 3.909687615537047467e-01 1.522578096115737856e-01 0.000000000000000000e+00
7.705000000000001137e+01 6.615892876690805668e-02 9.338410712330924568e-01 1.867682142466184914e-01 1.000000000000000444e+00 3.924566067141506132e-01 1.518858483214622912e-01 0.000000000000000000e+00
7.710000000000000853e+01 6.921737226641132279e-02 9.307826277335893295e-01 1.861565255467178548e-01 1.000000000000000666e+00 3.939909060491144088e-01 1.515022734877213562e-01 0.000000000000000000e+00
7.715000000000000568e+01 7.236222318570974255e-02 9.276377768142907154e-01 1.855275553628581431e-01 1.000000000000000444e+00 3.955716739854340247e-01 1.511070815036414661e-01 0.000000000000000000e+00
7.720000000000000284e+01 7.559298814993389848e-02 9.244070118500666844e-01 1.848814023700133258e-01 1.000000000000000666e+00 3.971989226020263275e-01 1.507002693494933765e-01 0.000000000000000000e+00
7.725000000000000000e+01 7.890915899838538139e-02 9.210908410016152015e-01 1.842181682003230514e-01 1.000000000000000666e+00 3.988726615040713575e-01 1.502818346239821190e-01 0.000000000000000000e+00
7.730000000000001137e+01 8.231021278340037994e-02 9.176897872166003278e-01 1.835379574433200767e-01 1.000000000000000666e+00 4.005928978102531457e-01 1.498517755474366719e-01 0.000000000000000000e+00
7.735000000000000853e+01 8.579561168625524092e-02 9.142043883137453975e-01 1.828408776627490906e-01 1.000000000000000666e+00 4.023596357377743349e-01 1.494100910655563885e-01 0.000000000000000000e+00
7.740000000000000568e+01 8.936480292479538623e-02 9.106351970752052383e-01 1.821270394150410477e-01 1.000000000000000666e+00 4.041728765044100835e-01 1.489567808738974375e-01 0.000000000000000000e+00
7.745000000000000284e+01 9.301721880277018240e-02 9.069827811972306364e-01 1.813965562394461162e-01 1.000000000000000888e+00 4.060326178102356409e-01 1.484918455474410481e-01 0.000000000000000000e+00
7.750000000000000000e+01 9.675227671115889383e-02 9.032477232888416196e-01 1.806495446577683350e-01 1.000000000000000444e+00 4.079388536444608637e-01 1.480152865888847424e-01 0.000000000000000000e+00
7.755000000000001137e+01 1.005693791281352806e-01 8.994306208718652051e-01 1.798861241743730521e-01 1.000000000000000444e+00 4.098915742846471755e-01 1.475271064288381784e-01 0.000000000000000000e+00
7.760000000000000853e+01 1.044679135569005768e-01 8.955320864430998951e-01 1.791064172886199790e-01 1.000000000000000444e+00 4.118907659111254449e-01 1.470273085222185971e-01 0.000000000000000000e+00
7.765000000000000568e+01 1.084472523848310777e-01 8.915527476151694497e-01 1.783105495230338788e-01 1.000000000000000444e+00 4.139364103864204836e-01 1.465158974033948236e-01 0.000000000000000000e+00
7.770000000000000284e+01 1.125067529630318086e-01 8.874932470369687465e-01 1.774986494073937382e-01 1.000000000000000444e+00 4.160284848234934163e-01 1.459928787941265904e-01 0.000000000000000000e+00
7.775000000000000000e+01 1.166457576235076926e-01 8.833542423764928486e-01 1.766708484752985697e-01 1.000000000000000444e+00 4.181669612471939357e-01 1.454582596882014744e-01 0.000000000000000000e+00
7.780000000000001137e+01 1.208635936791646742e-01 8.791364063208360058e-01 1.758272812641671901e-01 1.000000000000000666e+00 4.203518065942609683e-01 1.449120483514347302e-01 0.000000000000000000e+00
7.785000000000000853e+01 1.251595733944675104e-01 8.748404266055331835e-01 1.749680853211066367e-01 1.000000000000000666e+00 4.225829824631648357e-01 1.443542543842087356e-01 0.000000000000000000e+00
7.790000000000000568e+01 1.295329938086013100e-01 8.704670061913993839e-01 1.740934012382798768e-01 1.000000000000000666e+00 4.248604446337496121e-01 1.437848888415625415e-01 0.000000000000000000e+00
7.795000000000000284e+01 1.339831368071690010e-01 8.660168631928316652e-01 1.732033726385663330e-01 1.000000000000000666e+00 4.271841428740993374e-01 1.432039642814751101e-01 0.000000000000000000e+00
7.800000000000000000e+01 1.385092691870171422e-01 8.614907308129835517e-01 1.722981461625966992e-01 1.000000000000000666e+00 4.295540203793456469e-01 1.426114949051635328e-01 0.000000000000000000e+00
7.805000000000001137e+01 1.431106426563885370e-01 8.568893573436120459e-01 1.713778714687224092e-01 1.000000000000000666e+00 4.319700137605988477e-01 1.420074965598502326e-01 0.000000000000000000e+00
7.810000000000000853e+01 1.477864938288486474e-01 8.522135061711519910e-01 1.704427012342303871e-01 1.000000000000000666e+00 4.344320529332210690e-01 1.413919867666946772e-01 0.000000000000000000e+00
7.815000000000000568e+01 1.525360440679499330e-01 8.474639559320507054e-01 1.694927911864101411e-01 1.000000000000000666e+00 4.369400604644860797e-01 1.407649848838783968e-01 0.000000000000000000e+00
7.820000000000000284e+01 1.573584994712748375e-01 8.426415005287257731e-01 1.685283001057451546e-01 1.000000000000000666e+00 4.394939515345160364e-01 1.401265121163709215e-01 0.000000000000000000e+00
7.825000000000000000e+01 1.622530510256833536e-01 8.377469489743172293e-01 1.675493897948634459e-01 1.000000000000000666e+00 4.420936332333534891e-01 1.394765916916615722e-01 0.000000000000000000e+00
7.830000000000001137e+01 1.672188746147836025e-01 8.327811253852168694e-01 1.665562250770433739e-01 1.000000000000000444e+00 4.447390044801147191e-01 1.388152488799712370e-01 0.000000000000000000e+00
7.835000000000000853e+01 1.722551310195965246e-01 8.277448689804040027e-01 1.655489737960808005e-01 1.000000000000000444e+00 4.474299560037615642e-01 1.381425109990595534e-01 0.000000000000000000e+00
7.840000000000000568e+01 1.773609658411030854e-01 8.226390341588976085e-01 1.645278068317795328e-01 1.000000000000000666e+00 4.501663697176255807e-01 1.374584075705935216e-01 0.000000000000000000e+00
7.845000000000000284e+01 1.825355093457832201e-01 8.174644906542174461e-01 1.634928981308435003e-01 1.000000000000000666e+00 4.529481185996658277e-01 1.367629703500834737e-01 0.000000000000000000e+00
7.850000000000000000e+01 1.877778767073073896e-01 8.122221232926931656e-01 1.624444246585386442e-01 1.000000000000000444e+00 4.557750660709873891e-01 1.360562334822530972e-01 0.000000000000000000e+00
7.855000000000001137e+01 1.930871680557065817e-01 8.069128319442941955e-01 1.613825663888588391e-01 1.000000000000000888e+00 4.586470657378786120e-01 1.353382335655302637e-01 0.000000000000000000e+00
7.860000000000000853e+01 1.984624684773659276e-01 8.015375315226347386e-01 1.603075063045269477e-01 1.000000000000000666e+00 4.615639613918079975e-01 1.346090096520479451e-01 0.000000000000000000e+00
7.865000000000000568e+01 2.039028480063171112e-01 7.960971519936834717e-01 1.592194303987367054e-01 1.000000000000000666e+00 4.645255866673274614e-01 1.338686033331680514e-01 0.000000000000000000e+00
7.870000000000000284e+01 2.094073614171049758e-01 7.905926385828956349e-01 1.581185277165791381e-01 1.000000000000000666e+00 4.675317644966320851e-01 1.331170588758418816e-01 0.000000000000000000e+00
7.875000000000000000e+01 2.149750484124647032e-01 7.850249515875360462e-01 1.570049903175071981e-01 1.000000000000000666e+00 4.705823069102961775e-01 1.323544232724258862e-01 0.000000000000000000e+00
7.880000000000001137e+01 2.206049338046410513e-01 7.793950661953594761e-01 1.558790132390718841e-01 1.000000000000000444e+00 4.736770144695613971e-01 1.315807463826095813e-01 0.000000000000000000e+00
7.885000000000000853e+01 2.262960275163440615e-01 7.737039724836564103e-01 1.547407944967312821e-01 1.000000000000000444e+00 4.768156762602110410e-01 1.307960809349471565e-01 0.000000000000000000e+00
7.890000000000000568e+01 2.320473245904199344e-01 7.679526754095808982e-01 1.535905350819161685e-01 1.000000000000000888e+00 4.799980697884034253e-01 1.300004825528990604e-01 0.000000000000000000e+00
7.895000000000000284e+01 2.378578050767447549e-01 7.621421949232559667e-01 1.524284389846511933e-01 1.000000000000000666e+00 4.832239602358405217e-01 1.291940099410398002e-01 0.000000000000000000e+00
7.900000000000000000e+01 2.437264339967277482e-01 7.562735660032728902e-01 1.512547132006545891e-01 1.000000000000000666e+00 4.864931004439814188e-01 1.283767248890045620e-01 0.000000000000000000e+00
7.905000000000001137e+01 2.496521617202437648e-01 7.503478382797568180e-01 1.500695676559513636e-01 1.000000000000000666e+00 4.898052302441383010e-01 1.275486924389653554e-01 0.000000000000000000e+00
7.910000000000000853e+01 2.556339239967053145e-01 7.443660760032952961e-01 1.488732152006590481e-01 1.000000000000000666e+00 4.931600763608582905e-01 1.267099809097853302e-01 0.000000000000000000e+00
7.915000000000000568e+01 2.616706419565492103e-01 7.383293580434513448e-01 1.476658716086902690e-01 1.000000000000000444e+00 4.965573524065499678e-01 1.258606618983624248e-01 0.000000000000000000e+00
7.920000000000000284e+01 2.677612221307092977e-01 7.322387778692912574e-01 1.464477555738582515e-01 1.000000000000000444e+00 4.999967583136495919e-01 1.250008104215875326e-01 0.000000000000000000e+00
7.925000000000000000e+01 2.739045562193582750e-01 7.260954437806421691e-01 1.452190887561284338e-01 1.000000000000000444e+00 5.034779800736606248e-01 1.241305049815847605e-01 0.000000000000000000e+00
7.930000000000001137e+01 2.800995215401634875e-01 7.199004784598370676e-01 1.439800956919674024e-01 1.000000000000000444e+00 5.070006893249253688e-01 1.232498276687685745e-01 0.000000000000000000e+00
7.935000000000000853e+01 2.863449811943755696e-01 7.136550188056250965e-01 1.427310037611250193e-01 1.000000000000000666e+00 5.105645430482759206e-01 1.223588642379309227e-01 0.000000000000000000e+00
7.940000000000000568e+01 2.926397840668388817e-01 7.073602159331615624e-01 1.414720431866323125e-01 1.000000000000000444e+00 5.141691835670403332e-01 1.214577041082398334e-01 0.000000000000000000e+00
7.945000000000000284e+01 2.989827648689644679e-01 7.010172351310361982e-01 1.402034470262072396e-01 1.000000000000000666e+00 5.178142383403410154e-01 1.205464404149146629e-01 0.000000000000000000e+00
7.950000000000000000e+01 3.053727439995491677e-01 6.946272560004512764e-01 1.389254512000902553e-01 1.000000000000000444e+00 5.214993192915886588e-01 1.196251701771027381e-01 0.000000000000000000e+00
7.955000000000001137e+01 3.118085277166910974e-01 6.881914722833093467e-01 1.376382944566618693e-01 1.000000000000000444e+00 5.252240227908999692e-01 1.186939943022749105e-01 0.000000000000000000e+00
7.960000000000000853e+01 3.182889086064487061e-01 6.817110913935517935e-01 1.363422182787103476e-01 1.000000000000000444e+00 5.289879291600483313e-01 1.177530177099878478e-01 0.000000000000000000e+00
7.965000000000000568e+01 3.248126655963314846e-01 6.751873344036690705e-01 1.350374668807338141e-01 1.000000000000000444e+00 5.327906026484661162e-01 1.168023493378834016e-01 0.000000000000000000e+00
7.970000000000000284e+01 3.313785639724774468e-01 6.686214360275231083e-01 1.337242872055046106e-01 1.000000000000000444e+00 5.366315913990625797e-01 1.158421021502342579e-01 0.000000000000000000e+00
7.975000000000000000e+01 3.379853554355308765e-01 6.620146445644694566e-01 1.324029289128939024e-01 1.000000000000000444e+00 5.405104268351306196e-01 1.148723932912172341e-01 0.000000000000000000e+00
7.980000000000001137e+01 3.446317779250426816e-01 6.553682220749579290e-01 1.310736444149915858e-01 1.000000000000000666e+00 5.444266235507145835e-01 1.138933441123212570e-01 0.000000000000000000e+00
7.985000000000000853e+01 3.513165563228491384e-01 6.486834436771513612e-01 1.297366887354302611e-01 1.000000000000000444e+00 5.483796789673869299e-01 1.129050802581531565e-01 0.000000000000000000e+00
7.990000000000000568e+01 3.580384025808028836e-01 6.419615974191974495e-01 1.283923194838395010e-01 1.000000000000000444e+00 5.523690732135191350e-01 1.119077316966201052e-01 0.000000000000000000e+00
7.995000000000000284e+01 3.647960157207650878e-01 6.352039842792354118e-01 1.270407968558470713e-01 1.000000000000000444e+00 5.563942691242769190e-01 1.109014327189306731e-01 0.000000000000000000e+00
8.000000000000000000e+01 3.715880819601376506e-01 6.284119180398628490e-01 1.256823836079725698e-01 1.000000000000000444e+00 5.604547119593853433e-01 1.098863220101535809e-01 0.000000000000000000e+00
8.005000000000001137e+01 3.784132745167436140e-01 6.215867254832568856e-01 1.243173450966513771e-01 1.000000000000000444e+00 5.645498289340148412e-01 1.088625427664962203e-01 0.000000000000000000e+00
8.010000000000000853e+01 3.852702541237204015e-01 6.147297458762799316e-01 1.229459491752559752e-01 1.000000000000000444e+00 5.686790292197260177e-01 1.078302426950684123e-01 0.000000000000000000e+00
8.015000000000000568e+01 3.921576694968743615e-01 6.078423305031260826e-01 1.215684661006252165e-01 1.000000000000000444e+00 5.728417037276808399e-01 1.067895740680796929e-01 0.000000000000000000e+00
8.020000000000000284e+01 3.990741573354462113e-01 6.009258426645541773e-01 1.201851685329108355e-01 1.000000000000000444e+00 5.770372251079493031e-01 1.057406937230126048e-01 0.000000000000000000e+00
8.025000000000000000e+01 4.060183423892026466e-01 5.939816576107975754e-01 1.187963315221595151e-01 1.000000000000000222e+00 5.812649476873383847e-01 1.046837630781653067e-01 0.000000000000000000e+00
8.030000000000001137e+01 4.129888375210677420e-01 5.870111624789325910e-01 1.174022324957865182e-01 1.000000000000000444e+00 5.855242069635154811e-01 1.036189482591210326e-01 0.000000000000000000e+00
8.035000000000000853e+01 4.199842437403982776e-01 5.800157562596020000e-01 1.160031512519204000e-01 1.000000000000000222e+00 5.898143196057693549e-01 1.025464200985575641e-01 0.000000000000000000e+00
8.040000000000000568e+01 4.270031510806957531e-01 5.729968489193046910e-01 1.145993697838609271e-01 1.000000000000000444e+00 5.941345833870576021e-01 1.014663541532354885e-01 0.000000000000000000e+00
8.045000000000000284e+01 4.340441386677627023e-01 5.659558613322377418e-01 1.131911722664475373e-01 1.000000000000000444e+00 5.984842771620678681e-01 1.003789307094829497e-01 0.000000000000000000e+00
8.050000000000000000e+01 4.411057747308878008e-01 5.588942252691122548e-01 1.117788450538224621e-01 1.000000000000000000e+00 6.028626608644339635e-01 9.928433478389139810e-02 0.000000000000000000e+00
8.055000000000001137e+01 4.481866168540269979e-01 5.518133831459731686e-01 1.103626766291946337e-01 1.000000000000000222e+00 6.072689752550215481e-01 9.818275618624450196e-02 0.000000000000000000e+00
8.060000000000000853e+01 4.552852117189845615e-01 5.447147882810157160e-01 1.089429576562031543e-01 1.000000000000000222e+00 6.117024416675614917e-01 9.707438958310951604e-02 0.000000000000000000e+00
8.065000000000000568e+01 4.624000960924277148e-01 5.375999039075723962e-01 1.075199807815144792e-01 1.000000000000000000e+00 6.161622622159829143e-01 9.595943444600416039e-02 0.000000000000000000e+00
8.070000000000000284e+01 4.695297971438038842e-01 5.304702028561963933e-01 1.060940405712392787e-01 1.000000000000000222e+00 6.206476198033494818e-01 9.483809504916251854e-02 0.000000000000000000e+00
8.075000000000000000e+01 4.766728324453423649e-01 5.233271675546578017e-01 1.046654335109315492e-01 1.000000000000000222e+00 6.251576781218608492e-01 9.371058046953469056e-02 0.000000000000000000e+00
8.080000000000001137e+01 4.838277101679210879e-01 5.161722898320791897e-01 1.032344579664158379e-01 1.000000000000000222e+00 6.296915816188706216e-01 9.257710459528224745e-02 0.000000000000000000e+00
8.085000000000000853e+01 4.909929290421746195e-01 5.090070709578256025e-01 1.018014141915651316e-01 1.000000000000000222e+00 6.342484551726118580e-01 9.143788620684691060e-02 0.000000000000000000e+00
8.090000000000000568e+01 4.981669788915791264e-01 5.018330211084209846e-01 1.003666042216841969e-01 1.000000000000000000e+00 6.388274043391739543e-01 9.029314891520638653e-02 0.000000000000000000e+00
8.095000000000000284e+01 5.053483414460960832e-01 4.946516585539043054e-01 9.893033171078086108e-02 1.000000000000000444e+00 6.434275155814378477e-01 8.914312110464044092e-02 0.000000000000000000e+00
8.100000000000000000e+01 5.125354903515287885e-01 4.874645096484714335e-01 9.749290192969428670e-02 1.000000000000000222e+00 6.480478562704914403e-01 8.798803593237702891e-02 0.000000000000000000e+00
8.105000000000001137e+01 5.197268912630256255e-01 4.802731087369743745e-01 9.605462174739487491e-02 1.000000000000000000e+00 6.526874747098491136e-01 8.682813132253762445e-02 0.000000000000000000e+00
8.110000000000000853e+01 5.269210020964703034e-01 4.730789979035299186e-01 9.461579958070598373e-02 1.000000000000000222e+00 6.573454000383927021e-01 8.566364999040172734e-02 0.000000000000000000e+00
8.115000000000000568e+01 5.341162730649219315e-01 4.658837269350782351e-01 9.317674538701564702e-02 1.000000000000000222e+00 6.620206422286164516e-01 8.449483944284577608e-02 0.000000000000000000e+00
8.120000000000000284e+01 5.413111478940300092e-01 4.586888521059701018e-01 9.173777042119402036e-02 1.000000000000000000e+00 6.667121926816690358e-01 8.332195182958263002e-02 0.000000000000000000e+00
8.125000000000000000e+01 5.485040639360051484e-01 4.514959360639950181e-01 9.029918721279900362e-02 1.000000000000000222e+00 6.714190242748014903e-01 8.214524393129951640e-02 0.000000000000000000e+00
8.130000000000001137e+01 5.556934521933376558e-01 4.443065478066623997e-01 8.886130956133247993e-02 1.000000000000000000e+00 6.761400913743509378e-01 8.096497715641212678e-02 0.000000000000000000e+00
8.135000000000000853e+01 5.628777377263616266e-01 4.371222622736387065e-01 8.742445245472774129e-02 1.000000000000000444e+00 6.808743299976978136e-01 7.978141750057540782e-02 0.000000000000000000e+00
8.140000000000000568e+01 5.700553394488125925e-01 4.299446605511875186e-01 8.598893211023750371e-02 1.000000000000000000e+00 6.856206576095960070e-01 7.859483559760087334e-02 0.000000000000000000e+00
8.145000000000000284e+01 5.772246714382366362e-01 4.227753285617635859e-01 8.455506571235271718e-02 1.000000000000000222e+00 6.903779739718977071e-01 7.740550650702543445e-02 0.000000000000000000e+00
8.150000000000000000e+01 5.843841432958502002e-01 4.156158567041498553e-01 8.312317134082997105e-02 1.000000000000000000e+00 6.951451613634276328e-01 7.621370965914296691e-02 0.000000000000000000e+00
8.155000000000001137e+01 5.915321601465441947e-01 4.084678398534560828e-01 8.169356797069121656e-02 1.000000000000000222e+00 6.999210845799854752e-01 7.501972885500353405e-02 0.000000000000000000e+00
8.160000000000000853e+01 5.986671230124858134e-01 4.013328769875143531e-01 8.026657539750287063e-02 1.000000000000000222e+00 7.047045912039081594e-01 7.382385219902284912e-02 0.000000000000000000e+00
8.165000000000000568e+01 6.057874287326134866e-01 3.942125712673866245e-01 7.884251425347732489e-02 1.000000000000000000e+00 7.094945114951830556e-01 7.262637212620413896e-02 0.000000000000000000e+00
8.170000000000000284e+01 6.128914709975881170e-01 3.871085290024120495e-01 7.742170580048240991e-02 1.000000000000000222e+00 7.142896591876539691e-01 7.142758520308641057e-02 0.000000000000000000e+00
8.175000000000000000e+01 6.199776410875209587e-01 3.800223589124793189e-01 7.600447178249586377e-02 1.000000000000000222e+00 7.190888320544801537e-01 7.022779198637985054e-02 0.000000000000000000e+00
8.180000000000001137e+01 6.270443278719756153e-01 3.729556721280247178e-01 7.459113442560494356e-02 1.000000000000000444e+00 7.238908119081378656e-01 6.902729702296543646e-02 0.000000000000000000e+00
8.185000000000000853e+01 6.340899180754118181e-01 3.659100819245883485e-01 7.318201638491766969e-02 1.000000000000000222e+00 7.286943648504992099e-01 6.782640878737505874e-02 0.000000000000000000e+00
8.190000000000000568e+01 6.411127964503027243e-01 3.588872035496976087e-01 7.177744070993952175e-02 1.000000000000000444e+00 7.334982414602775336e-01 6.662543963493049171e-02 0.000000000000000000e+00
8.195000000000000284e+01 6.481113464460656060e-01 3.518886535539345051e-01 7.037773071078690101e-02 1.000000000000000000e+00 7.383011773605472339e-01 6.542470565986305275e-02 0.000000000000000000e+00
8.200000000000000000e+01 6.550839512945080267e-01 3.449160487054922508e-01 6.898320974109845016e-02 1.000000000000000222e+00 7.431018941924059096e-01 6.422452645189841158e-02 0.000000000000000000e+00
8.205000000000001137e+01 6.620289940275718710e-01 3.379710059724283511e-01 6.759420119448567021e-02 1.000000000000000222e+00 7.478990996311948303e-01 6.302522509220118141e-02 0.000000000000000000e+00
8.210000000000000853e+01 6.689448576781145128e-01 3.310551423218857647e-01 6.621102846437715295e-02 1.000000000000000222e+00 7.526914876114825237e-01 6.182712809712924418e-02 0.000000000000000000e+00
8.215000000000000568e+01 6.758299256043381886e-01 3.241700743956621444e-01 6.483401487913242889e-02 1.000000000000000444e+00 7.574777387687163799e-01 6.063056530782077319e-02 0.000000000000000000e+00
8.220000000000000284e+01 6.826825819614283919e-01 3.173174180385718302e-01 6.346348360771436603e-02 1.000000000000000222e+00 7.622565208714187079e-01 5.943586978214519811e-02 0.000000000000000000e+00
8.225000000000000000e+01 6.895012129791130429e-01 3.104987870208872347e-01 6.209975740417744694e-02 1.000000000000000222e+00 7.670264901084079545e-01 5.824337747289787953e-02 0.000000000000000000e+00
8.230000000000001137e+01 6.962842070140012884e-01 3.037157929859990446e-01 6.074315859719980892e-02 1.000000000000000444e+00 7.717862911436281781e-01 5.705342721409284445e-02 0.000000000000000000e+00
8.235000000000000853e+01 7.030299547260833171e-01 2.969700452739171270e-01 5.939400905478342541e-02 1.000000000000000444e+00 7.765345573415783909e-01 5.586636066460526351e-02 0.000000000000000000e+00
8.240000000000000568e+01 7.097368494711316922e-01 2.902631505288685854e-01 5.805263010577371707e-02 1.000000000000000222e+00 7.812699113876933055e-01 5.468252215307653485e-02 0.000000000000000000e+00
8.245000000000000284e+01 7.164032877333158522e-01 2.835967122666843698e-01 5.671934245333687397e-02 1.000000000000000222e+00 7.859909657233298264e-01 5.350225856916739769e-02 0.000000000000000000e+00
8.250000000000000000e+01 7.230276704628428863e-01 2.769723295371573357e-01 5.539446590743146714e-02 1.000000000000000222e+00 7.906963240256146275e-01 5.232591899359621129e-02 0.000000000000000000e+00
8.255000000000001137e+01 7.296084031471088416e-01 2.703915968528913805e-01 5.407831937057827609e-02 1.000000000000000222e+00 7.953845812904332124e-01 5.115385467739155118e-02 0.000000000000000000e+00
8.260000000000000853e+01 7.361438960033058754e-01 2.638561039966946797e-01 5.277122079933893595e-02 1.000000000000000444e+00 8.000543241074626888e-01 4.998641897313419596e-02 0.000000000000000000e+00
8.265000000000000568e+01 7.426325643730362636e-01 2.573674356269642360e-01 5.147348712539284721e-02 1.000000000000000444e+00 8.047041313798970474e-01 4.882396715502559936e-02 0.000000000000000000e+00
8.270000000000000284e+01 7.490728292599817539e-01 2.509271707400187457e-01 5.018543414800374913e-02 1.000000000000000444e+00 8.093325749120608981e-01 4.766685627198462977e-02 0.000000000000000000e+00
8.275000000000000000e+01 7.554631186084458383e-01 2.445368813915546613e-01 4.890737627831093226e-02 1.000000000000000444e+00 8.139382209446595073e-01 4.651544476383498439e-02 0.000000000000000000e+00
8.280000000000001137e+01 7.618018673592272805e-01 2.381981326407731081e-01 4.763962652815462162e-02 1.000000000000000444e+00 8.185196302262647272e-01 4.537009244343369330e-02 0.000000000000000000e+00
8.285000000000000853e+01 7.680875177084769412e-01 2.319124822915233364e-01 4.638249645830466728e-02 1.000000000000000222e+00 8.230753584236050191e-01 4.423116039409861339e-02 0.000000000000000000e+00
8.290000000000000568e+01 7.743185194393048532e-01 2.256814805606957575e-01 4.513629611213915149e-02 1.000000000000000666e+00 8.276039568353876774e-01 4.309901079115294187e-02 0.000000000000000000e+00
8.295000000000000284e+01 7.804933307126947772e-01 2.195066692873057224e-01 4.390133385746114447e-02 1.000000000000000444e+00 8.321039733165260799e-01 4.197400667086835513e-02 0.000000000000000000e+00
8.300000000000000000e+01 7.866104191401719348e-01 2.133895808598285093e-01 4.267791617196570186e-02 1.000000000000000444e+00 8.365739536695765421e-01 4.085651158260574650e-02 0.000000000000000000e+00
8.305000000000001137e+01 7.926682618032215855e-01 2.073317381967787476e-01 4.146634763935574952e-02 1.000000000000000444e+00 8.410124416718745000e-01 3.974688958203125705e-02 0.000000000000000000e+00
8.310000000000000853e+01 7.986653456557283315e-01 2.013346543442720571e-01 4.026693086885441142e-02 1.000000000000000444e+00 8.454179797818222042e-01 3.864550505454431711e-02 0.000000000000000000e+00
8.315000000000000568e+01 8.046001677019907206e-01 1.953998322980096680e-01 3.907996645960193360e-02 1.000000000000000444e+00 8.497891096404210920e-01 3.755272258989460210e-02 0.000000000000000000e+00
8.320000000000000284e+01 8.104712361971417867e-01 1.895287638028586574e-01 3.790575276057173149e-02 1.000000000000000444e+00 8.541243735945731608e-01 3.646890660135658491e-02 0.000000000000000000e+00
8.325000000000000000e+01 8.162770713192217809e-01 1.837229286807784412e-01 3.674458573615568824e-02 1.000000000000000222e+00 8.584223156349354289e-01 3.539442109126602481e-02 0.000000000000000000e+00
8.330000000000001137e+01 8.220162052105897121e-01 1.779837947894108430e-01 3.559675895788216859e-02 1.000000000000000444e+00 8.626814814662440156e-01 3.432962963343887119e-02 0.000000000000000000e+00
8.335000000000000853e+01 8.276871824654266074e-01 1.723128175345739477e-01 3.446256350691478954e-02 1.000000000000000444e+00 8.669004194944437414e-01 3.327489512638894670e-02 0.000000000000000000e+00
8.340000000000000568e+01 8.332885603688071630e-01 1.667114396311933366e-01 3.334228792623866733e-02 1.000000000000000444e+00 8.710776812845986150e-01 3.223057967885022829e-02 0.000000000000000000e+00
8.345000000000000284e+01 8.388189102782650508e-01 1.611810897217352823e-01 3.223621794434705645e-02 1.000000000000000444e+00 8.752118234632046967e-01 3.119704413419870440e-02 0.000000000000000000e+00
8.350000000000000000e+01 8.442768178751124397e-01 1.557231821248880599e-01 3.114463642497761198e-02 1.000000000000000444e+00 8.793014080942788135e-01 3.017464797643015784e-02 0.000000000000000000e+00
8.355000000000001137e+01 8.496608833454430965e-01 1.503391166545572921e-01 3.006782333091145842e-02 1.000000000000000444e+00 8.833450030254679231e-01 2.916374924363289781e-02 0.000000000000000000e+00
8.360000000000000853e+01 8.549697217748281064e-01 1.450302782251722267e-01 2.900605564503444533e-02 1.000000000000000444e+00 8.873411828547389524e-01 2.816470428631516129e-02 0.000000000000000000e+00
8.365000000000000568e+01 8.602019638687438130e-01 1.397980361312567421e-01 2.795960722625134842e-02 1.000000000000000444e+00 8.912885299287127694e-01 2.717786751782169663e-02 0.000000000000000000e+00
8.370000000000000284e+01 8.653562569463102427e-01 1.346437430536900903e-01 2.692874861073801807e-02 1.000000000000000444e+00 8.951856358237393341e-01 2.620359104406506587e-02 0.000000000000000000e+00
8.375000000000000000e+01 8.704312649882508524e-01 1.295687350117494252e-01 2.591374700234988504e-02 1.000000000000000222e+00 8.990311014280876201e-01 2.524222464297798049e-02 0.000000000000000000e+00
8.380000000000001137e+01 8.754256690498914972e-01 1.245743309501087803e-01 2.491486619002175606e-02 1.000000000000000222e+00 9.028235378503562947e-01 2.429411553741082225e-02 0.000000000000000000e+00
8.385000000000000853e+01 8.803381675221156888e-01 1.196618324778847553e-01 2.393236649557695106e-02 1.000000000000000444e+00 9.065615670153926997e-01 2.335960824615170364e-02 0.000000000000000000e+00
8.390000000000000568e+01 8.851674773602088431e-01 1.148325226397914345e-01 2.296650452795828690e-02 1.000000000000000222e+00 9.102438234705229059e-01 2.243904413236916945e-02 0.000000000000000000e+00
8.395000000000000284e+01 8.899123343737430636e-01 1.100876656262572695e-01 2.201753312525145390e-02 1.000000000000000444e+00 9.138689548515503969e-01 2.153276128711230017e-02 0.000000000000000000e+00
8.400000000000000000e+01 8.945714934181355771e-01 1.054285065818647005e-01 2.108570131637294010e-02 1.000000000000000222e+00 9.174356222911638215e-01 2.064109442720891627e-02 0.000000000000000000e+00
8.405000000000001137e+01 8.991437287388698296e-01 1.008562712611305034e-01 2.017125425222610069e-02 1.000000000000000444e+00 9.209425013443139907e-01 1.976437466392138784e-02 0.000000000000000000e+00
8.410000000000000853e+01 9.036278347792346954e-01 9.637216522076552661e-02 1.927443304415310532e-02 1.000000000000000222e+00 9.243882831810062983e-01 1.890292920474831787e-02 0.000000000000000000e+00
8.415000000000000568e+01 9.080226269083245816e-01 9.197737309167564046e-02 1.839547461833512809e-02 1.000000000000000222e+00 9.277716757543686965e-01 1.805708106140769750e-02 0.000000000000000000e+00
8.420000000000000284e+01 9.123269414965086144e-01 8.767305850349155216e-02 1.753461170069831043e-02 1.000000000000000222e+00 9.310914039563535916e-01 1.722714901091148068e-02 0.000000000000000000e+00
8.425000000000000000e+01 9.165396362773127192e-01 8.346036372268744730e-02 1.669207274453748946e-02 1.000000000000000222e+00 9.343462105601419987e-01 1.641344735996437890e-02 0.000000000000000000e+00
8.430000000000001137e+01 9.206595908282796392e-01 7.934040917172063834e-02 1.586808183434412767e-02 1.000000000000000222e+00 9.375348570489400180e-01 1.561628573776487755e-02 0.000000000000000000e+00
8.435000000000000853e+01 9.246857075131470483e-01 7.531429248685328481e-02 1.506285849737065696e-02 1.000000000000000444e+00 9.406561251125987733e-01 1.483596872185019393e-02 0.000000000000000000e+00
8.440000000000000568e+01 9.286169115806663932e-01 7.138308841933366233e-02 1.427661768386673247e-02 1.000000000000000000e+00 9.437088168271735578e-01 1.407279579320648219e-02 0.000000000000000000e+00
8.445000000000000284e+01 9.324521514713128845e-01 6.754784852868733758e-02 1.350956970573746752e-02 1.000000000000000222e+00 9.466917554354848940e-01 1.332706114112866026e-02 0.000000000000000000e+00
8.450000000000000000e+01 9.361903991424899152e-01 6.380960085751008481e-02 1.276192017150201696e-02 1.000000000000000000e+00 9.496037860556875154e-01 1.259905348607798757e-02 0.000000000000000000e+00
8.455000000000001137e+01 9.398306510114055046e-01 6.016934898859460645e-02 1.203386979771892129e-02 1.000000000000000000e+00 9.524437771785581042e-01 1.188905570536036467e-02 0.000000000000000000e+00
8.460000000000000853e+01 9.433719281302964665e-01 5.662807186970375550e-02 1.132561437394075110e-02 1.000000000000000222e+00 9.552106209752998511e-01 1.119734475617490885e-02 0.000000000000000000e+00
8.465000000000000568e+01 9.468132764261053547e-01 5.318672357389475636e-02 1.063734471477895127e-02 1.000000000000000000e+00 9.579032339071288371e-01 1.052419152321766409e-02 0.000000000000000000e+00
8.470000000000000284e+01 9.501537669685979903e-01 4.984623303140200967e-02 9.969246606280401934e-03 1.000000000000000000e+00 9.605205574080034614e-01 9.869860647998992403e-03 0.000000000000000000e+00
8.475000000000000000e+01 9.533924968147130530e-01 4.660750318528694702e-02 9.321500637057389405e-03 1.000000000000000000e+00 9.630615592337452568e-01 9.234610191563567827e-03 0.000000000000000000e+00
8.480000000000001137e+01 9.565285892392284550e-01 4.347141076077171151e-02 8.694282152154342302e-03 1.000000000000000222e+00 9.655252338674771284e-01 8.618691533130589527e-03 0.000000000000000000e+00
8.485000000000000853e+01 9.595611939242417732e-01 4.043880607575822683e-02 8.087761215151645366e-03 1.000000000000000000e+00 9.679106030138023842e-01 8.022349246549279056e-03 0.000000000000000000e+00
8.490000000000000568e+01 9.624894872036693361e-01 3.751051279633071944e-02 7.502102559266143889e-03 1.000000000000000000e+00 9.702167162551512680e-01 7.445820936212039012e-03 0.000000000000000000e+00
8.495000000000000284e+01 9.653126727980623212e-01 3.468732720193767882e-02 6.937465440387535764e-03 1.000000000000000000e+00 9.724426522365061665e-01 6.889336940873334349e-03 0.000000000000000000e+00
8.500000000000000000e+01 9.680299820443007963e-01 3.197001795569920368e-02 6.394003591139840736e-03 1.000000000000000000e+00 9.745875190730202142e-01 6.353120231744835422e-03 0.000000000000000000e+00
8.505000000000001137e+01 9.706406740559626600e-01 2.935932594403750651e-02 5.871865188807501301e-03 1.000000000000000222e+00 9.766504547901991851e-01 5.837386302450089243e-03 0.000000000000000000e+00
8.510000000000000853e+01 9.731440359531118300e-01 2.685596404688822547e-02 5.371192809377645094e-03 1.000000000000000000e+00 9.786306279279450848e-01 5.342343018013607364e-03 0.000000000000000000e+00
8.515000000000000568e+01 9.755393835005526926e-01 2.446061649944736294e-02 4.892123299889472587e-03 1.000000000000000000e+00 9.805272385789469691e-01 4.868190355263119808e-03 0.000000000000000000e+00
8.520000000000000284e+01 9.778260612865863344e-01 2.217393871341372114e-02 4.434787742682744227e-03 1.000000000000000000e+00 9.823395187125071315e-01 4.415120321873087887e-03 0.000000000000000000e+00
8.525000000000000000e+01 9.800034428631624328e-01 1.999655713683740066e-02 3.999311427367480132e-03 9.999999999999997780e-01 9.840667325938710075e-01 3.983316851532115420e-03 0.000000000000000000e+00
8.530000000000001137e+01 9.820709309806978649e-01 1.792906901930207964e-02 3.585813803860415927e-03 1.000000000000000000e+00 9.857081773382612155e-01 3.572955665434556036e-03 0.000000000000000000e+00
8.535000000000000853e+01 9.840279581156050615e-01 1.597204188439477202e-02 3.194408376878954403e-03 9.999999999999997780e-01 9.872631837757356310e-01 3.184204056065957373e-03 0.000000000000000000e+00
8.540000000000000568e+01 9.858739865809308389e-01 1.412601341906932761e-02 2.825202683813865523e-03 1.000000000000000222e+00 9.887311166647413385e-01 2.817220833814527026e-03 0.000000000000000000e+00
8.545000000000000284e+01 9.876085086458088469e-01 1.239149135419115311e-02 2.478298270838230621e-03 1.000000000000000000e+00 9.901113750935893743e-01 2.472156226602518960e-03 0.000000000000000000e+00
8.550000000000000000e+01 9.892310468001895840e-01 1.076895319981063803e-02 2.153790639962127607e-03 1.000000000000000222e+00 9.914033930040082598e-01 2.149151748997794962e-03 0.000000000000000000e+00
8.555000000000001137e+01 9.907411541283085432e-01 9.258845871691623319e-03 1.851769174338324664e-03 1.000000000000000222e+00 9.926066398096036192e-01 1.848340047598957510e-03 0.000000000000000000e+00
8.560000000000000853e+01 9.921384143685131329e-01 7.861585631487033599e-03 1.572317126297406720e-03 1.000000000000000222e+00 9.937206205416818650e-01 1.569844864579390646e-03 0.000000000000000000e+00
8.565000000000000568e+01 9.934224420169186498e-01 6.577557983081516735e-03 1.315511596616303347e-03 1.000000000000000222e+00 9.947448762151390733e-01 1.313780946215087255e-03 0.000000000000000000e+00
8.570000000000000284e+01 9.945928826130771006e-01 5.407117386923010471e-03 1.081423477384602094e-03 1.000000000000000000e+00 9.956789843056513822e-01 1.080253923587017615e-03 0.000000000000000000e+00
8.575000000000000000e+01 9.956494129308188779e-01 4.350587069181233169e-03 8.701174138362466337e-04 1.000000000000000000e+00 9.965225590758172158e-01 8.693602310455633350e-04 0.000000000000000000e+00
8.580000000000001137e+01 9.965917410167609569e-01 3.408258983239320639e-03 6.816517966478641277e-04 1.000000000000000222e+00 9.972752517299147135e-01 6.811870675211910940e-04 0.000000000000000000e+00
8.585000000000000853e+01 9.974196062997550127e-01 2.580393700245264821e-03 5.160787400490529642e-04 1.000000000000000222e+00 9.979367507014215155e-01 5.158123246444675999e-04 0.000000000000000000e+00
8.590000000000000568e+01 9.981327798219716829e-01 1.867220178028428101e-03 3.734440356056856203e-04 1.000000000000000000e+00 9.985067820124234883e-01 3.733044968939766778e-04 0.000000000000000000e+00
8.595000000000000284e+01 9.987310642862626819e-01 1.268935713737429083e-03 2.537871427474858166e-04 1.000000000000000000e+00 9.989851093769258616e-01 2.537226557683860528e-04 0.000000000000000000e+00
8.600000000000000000e+01 9.992142940841395315e-01 7.857059158605794735e-04 1.571411831721158947e-04 1.000000000000000000e+00 9.993715343554793185e-01 1.571164111300267562e-04 0.000000000000000000e+00
8.605000000000001137e+01 9.995823354304887998e-01 4.176645695114222789e-04 8.353291390228445579e-05 1.000000000000000222e+00 9.996658965687308385e-01 8.352585781714038380e-05 0.000000000000000000e+00
8.610000000000000853e+01 9.998350864375082914e-01 1.649135624917641429e-04 3.298271249835282859e-05 1.000000000000000000e+00 9.998680738159534398e-01 3.298154601148927864e-05 0.000000000000000000e+00
8.615000000000000568e+01 9.999724771058026151e-01 2.752289419732933951e-05 5.504578839465867901e-06 1.000000000000000000e+00 9.999779821202677832e-01 5.504469932892858456e-06 0.000000000000000000e+00
8.620000000000000284e+01 9.999944693726510181e-01 5.530627349148442562e-06 1.106125469829688512e-06 1.000000000000000222e+00 9.999955758174342568e-01 1.106045641294941899e-06 0.000000000000000000e+00
8.625000000000000000e+01 9.999010571562881866e-01 9.894284371175787740e-05 1.978856874235157548e-05 1.000000000000000000e+00 9.999208476055969630e-01 1.978809860061168517e-05 0.000000000000000000e+00
8.630000000000001137e+01 9.996922663294136591e-01 3.077336705864519573e-04 6.154673411729039145e-05 1.000000000000000000e+00 9.997538285297505878e-01 6.154286756220657840e-05 0.000000000000000000e+00
8.635000000000000853e+01 9.993681547096294748e-01 6.318452903705806811e-04 1.263690580741161362e-04 1.000000000000000000e+00 9.994945879591898841e-01 1.263530102023726124e-04 0.000000000000000000e+00
8.640000000000000568e+01 9.989288120497760159e-01 1.071187950223984053e-03 2.142375900447968107e-04 1.000000000000000000e+00 9.991432335437352430e-01 2.141916140660424499e-04 0.000000000000000000e+00
8.645000000000000284e+01 9.983743599888535991e-01 1.625640011146400887e-03 3.251280022292801775e-04 1.000000000000000000e+00 9.986999111382179883e-01 3.250222154453416947e-04 0.000000000000000000e+00
8.650000000000000000e+01 9.977049519918234077e-01 2.295048008176536758e-03 4.590096016353073516e-04 1.000000000000000000e+00 9.981648046680019482e-01 4.587988329993538555e-04 0.000000000000000000e+00
8.655000000000001137e+01 9.969207732962758195e-01 3.079226703724402547e-03 6.158453407448805095e-04 1.000000000000000222e+00 9.975381360095826322e-01 6.154659976041914650e-04 0.000000000000000000e+00
8.660000000000000853e+01 9.960220408318773977e-01 3.977959168122713329e-03 7.955918336245426659e-04 1.000000000000000000e+00 9.968201648445186303e-01 7.949587888702049597e-04 0.000000000000000000e+00
8.665000000000000568e+01 9.950090031038543170e-01 4.990996896145905026e-03 9.981993792291810053e-04 1.000000000000000222e+00 9.960111884074851485e-01 9.972028981285571865e-04 0.000000000000000000e+00
8.670000000000000284e+01 9.938819401024076017e-01 6.118059897592398322e-03 1.223611979518479664e-03 1.000000000000000000e+00 9.951115412961966111e-01 1.222114675950695863e-03 0.000000000000000000e+00
8.675000000000000000e+01 9.926411631940608160e-01 7.358836805939072967e-03 1.471767361187814593e-03 9.999999999999998890e-01 9.941215952616083706e-01 1.469601184597743842e-03 0.000000000000000000e+00
8.680000000000001137e+01 9.912870149575666590e-01 8.712985042433341043e-03 1.742597008486668209e-03 1.000000000000000000e+00 9.930417588620988889e-01 1.739560284475137478e-03 0.000000000000000000e+00
8.685000000000000853e+01 9.898198690284094603e-01 1.018013097159070623e-02 2.036026194318141247e-03 1.000000000000000222e+00 9.918724771460697420e-01 2.031880713482407067e-03 0.000000000000000000e+00
8.690000000000000568e+01 9.882401299769899561e-01 1.175987002301009943e-02 2.351974004602019885e-03 1.000000000000000000e+00 9.906142314100431223e-01 2.346442147489051586e-03 0.000000000000000000e+00
8.695000000000000284e+01 9.865482331343046196e-01 1.345176686569554692e-02 2.690353373139109383e-03 1.000000000000000222e+00 9.892675388304055240e-01 2.683115292398468958e-03 0.000000000000000000e+00
8.700000000000000000e+01 9.847446443148021311e-01 1.525535568519781338e-02 3.051071137039562675e-03 1.000000000000000000e+00 9.878329519091388899e-01 3.041762022715115317e-03 0.000000000000000000e+00
8.705000000000001137e+01 9.828298597075644238e-01 1.717014029243568718e-02 3.434028058487137436e-03 1.000000000000000000e+00 9.863110582591673170e-01 3.422235435208020697e-03 0.000000000000000000e+00
8.710000000000000853e+01 9.808044056768281393e-01 1.919559432317197167e-02 3.839118864634394335e-03 1.000000000000000000e+00 9.847024801810618788e-01 3.824379954734362895e-03 0.000000000000000000e+00
8.715000000000000568e+01 9.786688384509094618e-01 2.133116154909076023e-02 4.266232309818152046e-03 1.000000000000000222e+00 9.830078740369619927e-01 4.248031490759343956e-03 0.000000000000000000e+00
8.720000000000000284e+01 9.764237438878119457e-01 2.357625611218827633e-02 4.715251222437655265e-03 1.000000000000000222e+00 9.812279298001789218e-01 4.693017549955111681e-03 0.000000000000000000e+00
8.725000000000000000e+01 9.740697372970317236e-01 2.593026270296838742e-02 5.186052540593677485e-03 1.000000000000000000e+00 9.793633706891616830e-01 5.159157327709440466e-03 0.000000000000000000e+00
8.730000000000001137e+01 9.716074632098140595e-01 2.839253679018605148e-02 5.678507358037210295e-03 1.000000000000000000e+00 9.774149526645558028e-01 5.646261833860905313e-03 0.000000000000000000e+00
8.735000000000000853e+01 9.690375949100401565e-01 3.096240508995984353e-02 6.192481017991968706e-03 1.000000000000000000e+00 9.753834635368091588e-01 6.154134115797558514e-03 0.000000000000000000e+00
8.740000000000000568e+01 9.663608342872648249e-01 3.363916571273523060e-02 6.727833142547046119e-03 1.000000000000000000e+00 9.732697226865585360e-01 6.682569328360202926e-03 0.000000000000000000e+00
8.745000000000000284e+01 9.635779115763729585e-01 3.642208842362715249e-02 7.284417684725430497e-03 1.000000000000000000e+00 9.710745805080382986e-01 7.231354872990283962e-03 0.000000000000000000e+00
8.750000000000000000e+01 9.606895850358029287e-01 3.931041496419707126e-02 7.862082992839414253e-03 1.000000000000000000e+00 9.687989177460081258e-01 7.800270563497810686e-03 0.000000000000000000e+00
8.755000000000001137e+01 9.576966404313598247e-01 4.230335956864034186e-02 8.460671913728068372e-03 1.000000000000000222e+00 9.664436445442134982e-01 8.389088863946458918e-03 0.000000000000000000e+00
8.760000000000000853e+01 9.545998909106627739e-01 4.540010908933744815e-02 9.080021817867489631e-03 1.000000000000000222e+00 9.640097002023717554e-01 8.997574949406924108e-03 0.000000000000000000e+00
8.765000000000000568e+01 9.514001766872115518e-01 4.859982331278850376e-02 9.719964662557700752e-03 1.000000000000000000e+00 9.614980524821777896e-01 9.625486879455413813e-03 0.000000000000000000e+00
8.770000000000000284e+01 9.480983646095908490e-01 5.190163539040920648e-02 1.038032707808184130e-02 1.000000000000000000e+00 9.589096967757230194e-01 1.027257580606909769e-02 0.000000000000000000e+00
8.775000000000000000e+01 9.446953476387336401e-01 5.530465236126658191e-02 1.106093047225331638e-02 1.000000000000000222e+00 9.562456551634386237e-01 1.093858620914021224e-02 0.000000000000000000e+00
8.780000000000001137e+01 9.411920447104317189e-01 5.880795528956844764e-02 1.176159105791368953e-02 1.000000000000000222e+00 9.535069761444815439e-01 1.162325596387948391e-02 0.000000000000000000e+00
8.785000000000000853e+01 9.375894003845672842e-01 6.241059961543282686e-02 1.248211992308656537e-02 1.000000000000000000e+00 9.506947338549658344e-01 1.232631653625840609e-02 0.000000000000000000e+00
8.790000000000000568e+01 9.338883843208363178e-01 6.611161567916384874e-02 1.322232313583276975e-02 1.000000000000000222e+00 9.478100271032893209e-01 1.304749322417752579e-02 0.000000000000000000e+00
8.795000000000000284e+01 9.300899907363194830e-01 6.991000926368062807e-02 1.398200185273612561e-02 1.000000000000000000e+00 9.448539784132966579e-01 1.378650539667570542e-02 0.000000000000000000e+00
8.800000000000000000e+01 9.261952382582028243e-01 7.380476174179723126e-02 1.476095234835944625e-02 1.000000000000000000e+00 9.418277337371887548e-01 1.454306656570269335e-02 0.000000000000000000e+00
8.805000000000001137e+01 9.222051695436456198e-01 7.779483045635443572e-02 1.555896609127088714e-02 1.000000000000000000e+00 9.387324616068354333e-01 1.531688459829101505e-02 0.000000000000000000e+00
8.810000000000000853e+01 9.181208507039936295e-01 8.187914929600637048e-02 1.637582985920127410e-02 1.000000000000000000e+00 9.355693521077594887e-01 1.610766197306001332e-02 0.000000000000000000e+00
8.815000000000000568e+01 9.139433706963515647e-01 8.605662930364854635e-02 1.721132586072970927e-02 1.000000000000000000e+00 9.323396158321581861e-01 1.691509604196032163e-02 0.000000000000000000e+00
8.820000000000000284e+01 9.096738411863540819e-01 9.032615881364614019e-02 1.806523176272922804e-02 1.000000000000000222e+00 9.290444836177569332e-01 1.773887909556063139e-02 0.000000000000000000e+00
8.825000000000000000e+01 9.053133961336246038e-01 9.468660386637545168e-02 1.893732077327509034e-02 1.000000000000000000e+00 9.256852056359693437e-01 1.857869859100752530e-02 0.000000000000000000e+00
8.830000000000001137e+01 9.008631912315978596e-01 9.913680876840219591e-02 1.982736175368043918e-02 1.000000000000000000e+00 9.222630504069420088e-01 1.943423739826437291e-02 0.000000000000000000e+00
8.835000000000000853e+01 8.963244031671141476e-01 1.036755968328859079e-01 2.073511936657718158e-02 1.000000000000000000e+00 9.187793035637965566e-01 2.030517410905071513e-02 0.000000000000000000e+00
8.840000000000000568e+01 8.916982295079816101e-01 1.083017704920183344e-01 2.166035409840366688e-02 1.000000000000000000e+00 9.152352676482218286e-01 2.119118308794441449e-02 0.000000000000000000e+00
8.845000000000000284e+01 8.869858882530368138e-01 1.130141117469632417e-01 2.260282234939264834e-02 1.000000000000000000e+00 9.116322611579542601e-01 2.209193471051130661e-02 0.000000000000000000e+00
8.850000000000000000e+01 8.821886173682438326e-01 1.178113826317561674e-01 2.356227652635123349e-02 1.000000000000000000e+00 9.079716177066260441e-01 2.300709557334337796e-02 0.000000000000000000e+00
8.855000000000001137e+01 8.773076738547569420e-01 1.226923261452431135e-01 2.453846522904862271e-02 1.000000000000000000e+00 9.042546845251456800e-01 2.393632886871346205e-02 0.000000000000000000e+00
8.860000000000000853e+01 8.723443336408374105e-01 1.276556663591624230e-01 2.553113327183248460e-02 9.999999999999997780e-01 9.004828222782639280e-01 2.487929443043390004e-02 0.000000000000000000e+00
8.865000000000000568e+01 8.672998911222024043e-01 1.327001088777973736e-01 2.654002177555947473e-02 9.999999999999997780e-01 8.966574041546353513e-01 2.583564896134103381e-02 0.000000000000000000e+00
8.870000000000000284e+01 8.621756588442586189e-01 1.378243411557414366e-01 2.756486823114828733e-02 1.000000000000000000e+00 8.927798152045217650e-01 2.680504619886945120e-02 0.000000000000000000e+00
8.875000000000000000e+01 8.569729663949344767e-01 1.430270336050654123e-01 2.860540672101308246e-02 9.999999999999998890e-01 8.888514506339199039e-01 2.778713734151991646e-02 0.000000000000000000e+00
8.880000000000001137e+01 8.516931601942193675e-01 1.483068398057804660e-01 2.966136796115609320e-02 9.999999999999997780e-01 8.848737154674486405e-01 2.878157113313772192e-02 0.000000000000000000e+00
8.885000000000000853e+01 8.463376031420296597e-01 1.536623968579703403e-01 3.073247937159406806e-02 1.000000000000000000e+00 8.808480239066657225e-01 2.978799402333345489e-02 0.000000000000000000e+00
8.890000000000000568e+01 8.409076743029649803e-01 1.590923256970350197e-01 3.181846513940700394e-02 1.000000000000000000e+00 8.767757985911793783e-01 3.080605035220504093e-02 0.000000000000000000e+00
8.895000000000000284e+01 8.354047679064481313e-01 1.645952320935517577e-01 3.291904641871035153e-02 9.999999999999998890e-01 8.726584691271026539e-01 3.183538271822422550e-02 0.000000000000000000e+00
8.900000000000000000e+01 8.298302927876169965e-01 1.701697072123828369e-01 3.403394144247656739e-02 9.999999999999997780e-01 8.684974712357724780e-01 3.287563219105677642e-02 0.000000000000000000e+00
8.905000000000001137e+01 8.241856722524500967e-01 1.758143277475499033e-01 3.516286554950998067e-02 1.000000000000000000e+00 8.642942465269451979e-01 3.392643836826361031e-02 0.000000000000000000e+00
8.910000000000000853e+01 8.184723435805190128e-01 1.815276564194809317e-01 3.630553128389618633e-02 1.000000000000000000e+00 8.600502414979578347e-01 3.498743962551043030e-02 0.000000000000000000e+00
8.915000000000000568e+01 8.126917575065065735e-01 1.873082424934932599e-01 3.746164849869865199e-02 9.999999999999997780e-01 8.557669067384378048e-01 3.605827331539045166e-02 0.000000000000000000e+00
8.920000000000000284e+01 8.068453771331585145e-01 1.931546228668412635e-01 3.863092457336825269e-02 9.999999999999997780e-01 8.514456953813667184e-01 3.713857615465821632e-02 0.000000000000000000e+00
8.925000000000000000e+01 8.009346778569647052e-01 1.990653221430349618e-01 3.981306442860699235e-02 9.999999999999996669e-01 8.470880629911953230e-01 3.822798425220106516e-02 0.000000000000000000e+00
8.930000000000001137e+01 7.949611468914511425e-01 2.050388531085486910e-01 4.100777062170973819e-02 9.999999999999997780e-01 8.426954667478645522e-01 3.932613331303374399e-02 0.000000000000000000e+00
8.935000000000000853e+01 7.889262830638893442e-01 2.110737169361104337e-01 4.221474338722208675e-02 9.999999999999997780e-01 8.382693649405618119e-01 4.043265876485942906e-02 0.000000000000000000e+00
8.940000000000000568e+01 7.828315955855289499e-01 2.171684044144708836e-01 4.343368088289417672e-02 9.999999999999997780e-01 8.338112153395920156e-01 4.154719616510187813e-02 0.000000000000000000e+00
8.945000000000000284e+01 7.766786036134117888e-01 2.233213963865879337e-01 4.466427927731758674e-02 9.999999999999997780e-01 8.293224745874775428e-01 4.266938135313051716e-02 0.000000000000000000e+00
8.950000000000000000e+01 7.704688361178479994e-01 2.295311638821517786e-01 4.590623277643035571e-02 9.999999999999997780e-01 8.248045979990501486e-01 4.379885050023733795e-02 0.000000000000000000e+00
8.955000000000001137e+01 7.642038313726071674e-01 2.357961686273926660e-01 4.715923372547853321e-02 9.999999999999997780e-01 8.202590386235296682e-01 4.493524034411744417e-02 0.000000000000000000e+00
8.960000000000000853e+01 7.578851365210182989e-01 2.421148634789813126e-01 4.842297269579626251e-02 9.999999999999995559e-01 8.156872466403376487e-01 4.607818833991546292e-02 0.000000000000000000e+00
8.965000000000000568e+01 7.515143063585288941e-01 2.484856936414708839e-01 4.969713872829417678e-02 9.999999999999997780e-01 8.110906678151287297e-01 4.722733304621769268e-02 0.000000000000000000e+00
8.970000000000000284e+01 7.450929032447449751e-01 2.549070967552546918e-01 5.098141935105093836e-02 9.999999999999996669e-01 8.064707433814654047e-01 4.838231415463353779e-02 0.000000000000000000e+00
8.975000000000000000e+01 7.386224967495734761e-01 2.613775032504264684e-01 5.227550065008529367e-02 1.000000000000000000e+00 8.018289095202635330e-01 4.954277261993401266e-02 0.000000000000000000e+00
8.980000000000001137e+01 7.321046633788059754e-01 2.678953366211939136e-01 5.357906732423878271e-02 9.999999999999998890e-01 7.971665967611012427e-01 5.070835080972456443e-02 0.000000000000000000e+00
8.985000000000000853e+01 7.255409856204739771e-01 2.744590143795258563e-01 5.489180287590517127e-02 9.999999999999997780e-01 7.924852288938747380e-01 5.187869277653119754e-02 0.000000000000000000e+00
8.990000000000000568e+01 7.189330511497955545e-01 2.810669488502043345e-01 5.621338977004086690e-02 9.999999999999998890e-01 7.877862220072080479e-01 5.305344449819786312e-02 0.000000000000000000e+00
8.995000000000000284e+01 7.122824528091873386e-01 2.877175471908124949e-01 5.754350943816249897e-02 9.999999999999997780e-01 7.830709844636926098e-01 5.423225388407672959e-02 0.000000000000000000e+00
9.000000000000000000e+01 7.055907880875511573e-01 2.944092119124486207e-01 5.888184238248972413e-02 9.999999999999997780e-01 7.783409161607152127e-01 5.541477095982105805e-02 0.000000000000000000e+00
9.005000000000001137e+01 6.988596590499525085e-01 3.011403409500473805e-01 6.022806819000947609e-02 9.999999999999998890e-01 7.735974082853340761e-01 5.660064792866634220e-02 0.000000000000000000e+00
9.010000000000000853e+01 6.920906710030243492e-01 3.079093289969755953e-01 6.158186579939511907e-02 1.000000000000000000e+00 7.688418418969670265e-01 5.778953952575813235e-02 0.000000000000000000e+00
9.015000000000000568e+01 6.852854320923555953e-01 3.147145679076443492e-01 6.294291358152886984e-02 1.000000000000000000e+00 7.640755874740657871e-01 5.898110313148343525e-02 0.000000000000000000e+00
9.020000000000000284e+01 6.784455532401678646e-01 3.215544467598319134e-01 6.431088935196638268e-02 9.999999999999997780e-01 7.593000048431931548e-01 6.017499878920157946e-02 0.000000000000000000e+00
9.025000000000000000e+01 6.715726476263014222e-01 3.284273523736983003e-01 6.568547047473966005e-02 9.999999999999997780e-01 7.545164424754807753e-01 6.137088938112968128e-02 0.000000000000000000e+00
9.030000000000001137e+01 6.646683305817006060e-01 3.353316694182992275e-01 6.706633388365984549e-02 9.999999999999997780e-01 7.497262372948967357e-01 6.256844067627567729e-02 0.000000000000000000e+00
9.035000000000000853e+01 6.577342182130475612e-01 3.422657817869523278e-01 6.845315635739046556e-02 9.999999999999998890e-01 7.449307133432147010e-01 6.376732166419621373e-02 0.000000000000000000e+00
9.040000000000000568e+01 6.507719271813454665e-01 3.492280728186542005e-01 6.984561456373084010e-02 9.999999999999996669e-01 7.401311815523016202e-01 6.496720461192445617e-02 0.000000000000000000e+00
9.045000000000000284e+01 6.437830746072691346e-01 3.562169253927305324e-01 7.124338507854610647e-02 9.999999999999996669e-01 7.353289396486268892e-01 6.616776508784313893e-02 0.000000000000000000e+00
9.050000000000000000e+01 6.367692776044547864e-01 3.632307223955449915e-01 7.264614447910899830e-02 9.999999999999997780e-01 7.305252715779193551e-01 6.736868210552003633e-02 0.000000000000000000e+00
9.055000000000001137e+01 6.297321531202181299e-01 3.702678468797815370e-01 7.405356937595630740e-02 9.999999999999996669e-01 7.257214473220960915e-01 6.856963816947582446e-02 0.000000000000000000e+00
9.060000000000000853e+01 6.226733166104091444e-01 3.773266833895905226e-01 7.546533667791810451e-02 9.999999999999996669e-01 7.209187217529946512e-01 6.977031956175118454e-02 0.000000000000000000e+00
9.065000000000000568e+01 6.155943818913873766e-01 3.844056181086122348e-01 7.688112362172244696e-02 9.999999999999995559e-01 7.161183344972815723e-01 7.097041637567948202e-02 0.000000000000000000e+00
9.070000000000000284e+01 6.084969610419926900e-01 3.915030389580068104e-01 7.830060779160136208e-02 9.999999999999995559e-01 7.113215098536004311e-01 7.216962253659975346e-02 0.000000000000000000e+00
9.075000000000000000e+01 6.013826639836348242e-01 3.986173360163647317e-01 7.972346720327294634e-02 9.999999999999995559e-01 7.065294563624451296e-01 7.336763590938857882e-02 0.000000000000000000e+00
9.080000000000001137e+01 5.942530983374274545e-01 4.057469016625722680e-01 8.114938033251445360e-02 9.999999999999997780e-01 7.017433666688146499e-01 7.456415833279618488e-02 0.000000000000000000e+00
9.085000000000000853e+01 5.871098681422524113e-01 4.128901318577471447e-01 8.257802637154942893e-02 9.999999999999995559e-01 6.969644165677938430e-01 7.575889585805138660e-02 0.000000000000000000e+00
9.090000000000000568e+01 5.799545737218771979e-01 4.200454262781222470e-01 8.400908525562444940e-02 9.999999999999994449e-01 6.921937649013547578e-01 7.695155877466115790e-02 0.000000000000000000e+00
9.095000000000000284e+01 5.727888116108064143e-01 4.272111883891932527e-01 8.544223767783865053e-02 9.999999999999996669e-01 6.874325535102245865e-01 7.814186162244368683e-02 0.000000000000000000e+00
9.100000000000000000e+01 5.656141741611644402e-01 4.343858258388350047e-01 8.687716516776700093e-02 9.999999999999994449e-01 6.826819069470205781e-01 7.932952326324471670e-02 0.000000000000000000e+00
9.105000000000001137e+01 5.584322494940288095e-01 4.415677505059709129e-01 8.831355010119418258e-02 9.999999999999997780e-01 6.779429324192113304e-01 8.051426689519701474e-02 0.000000000000000000e+00
9.110000000000000853e+01 5.512446202437952802e-01 4.487553797562043867e-01 8.975107595124087734e-02 9.999999999999996669e-01 6.732167190209390473e-01 8.169582024476508553e-02 0.000000000000000000e+00
9.115000000000000568e+01 5.440528633969362593e-01 4.559471366030631856e-01 9.118942732061263712e-02 9.999999999999994449e-01 6.685043376327753917e-01 8.287391559180599943e-02 0.000000000000000000e+00
9.120000000000000284e+01 5.368585502544820365e-01 4.631414497455174639e-01 9.262828994910349278e-02 9.999999999999995559e-01 6.638068409057139574e-01 8.404828977357135800e-02 0.000000000000000000e+00
9.125000000000000000e+01 5.296632460602931358e-01 4.703367539397063091e-01 9.406735078794126181e-02 9.999999999999994449e-01 6.591252631176943710e-01 8.521868422057626846e-02 0.000000000000000000e+00
9.130000000000001137e+01 5.224685100807235916e-01 4.775314899192759088e-01 9.550629798385518177e-02 9.999999999999995559e-01 6.544606202012572815e-01 8.638484494968554084e-02 0.000000000000000000e+00
9.135000000000000853e+01 5.152758944047232115e-01 4.847241055952763999e-01 9.694482111905527999e-02 9.999999999999995559e-01 6.498139091760130048e-01 8.754652270599658226e-02 0.000000000000000000e+00
9.140000000000000568e+01 5.080869437041007908e-01 4.919130562958987096e-01 9.838261125917974192e-02 9.999999999999995559e-01 6.451861080404691640e-01 8.870347298988254248e-02 0.000000000000000000e+00
9.145000000000000284e+01 5.009031952262439358e-01 4.990968047737556756e-01 9.981936095475113513e-02 9.999999999999995559e-01 6.405781757706640045e-01 8.985545605733384622e-02 0.000000000000000000e+00
9.150000000000000000e+01 4.937261784734803816e-01 5.062738215265192299e-01 1.012547643053038349e-01 9.999999999999995559e-01 6.359910523092122681e-01 9.100223692269679421e-02 0.000000000000000000e+00
9.155000000000001137e+01 4.865574153555695114e-01 5.134425846444301555e-01 1.026885169288860311e-01 9.999999999999996669e-01 6.314256586680815353e-01 9.214358533297949128e-02 0.000000000000000000e+00
9.160000000000000853e+01 4.793984191644464765e-01 5.206015808355533014e-01 1.041203161671106492e-01 9.999999999999997780e-01 6.268828965784067897e-01 9.327927585539816380e-02 0.000000000000000000e+00
9.165000000000000568e+01 4.722506941852319673e-01 5.277493058147675331e-01 1.055498611629535066e-01 9.999999999999995559e-01 6.223636483860618407e-01 9.440908790348441493e-02 0.000000000000000000e+00
9.170000000000000284e+01 4.651157356962405398e-01 5.348842643037590161e-01 1.069768528607518143e-01 9.999999999999995559e-01 6.178687770516638755e-01 9.553280573708389234e-02 0.000000000000000000e+00
9.175000000000000000e+01 4.579950297734735054e-01 5.420049702265261615e-01 1.084009940453052323e-01 9.999999999999996669e-01 6.133991262188331905e-01 9.665021844529156358e-02 0.000000000000000000e+00
9.180000000000001137e+01 4.508900533450766468e-01 5.491099466549231867e-01 1.098219893309846373e-01 9.999999999999997780e-01 6.089555204200608474e-01 9.776111989498464938e-02 0.000000000000000000e+00
9.185000000000000853e+01 4.438022735615404502e-01 5.561977264384593278e-01 1.112395452876918656e-01 9.999999999999997780e-01 6.045387649060415258e-01 9.886530877348949364e-02 0.000000000000000000e+00
9.190000000000000568e+01 4.367331471690854006e-01 5.632668528309142664e-01 1.126533705661828533e-01 9.999999999999996669e-01 6.001496455975786626e-01 9.996258860060519558e-02 0.000000000000000000e+00
9.195000000000000284e+01 4.296841205074318215e-01 5.703158794925677899e-01 1.140631758985135580e-01 9.999999999999995559e-01 5.957889290857121267e-01 1.010527677285718295e-01 0.000000000000000000e+00
9.200000000000000000e+01 4.226566294239950672e-01 5.773433705760047108e-01 1.154686741152009533e-01 9.999999999999997780e-01 5.914573626971726394e-01 1.021356593257067152e-01 0.000000000000000000e+00
9.205000000000001137e+01 4.156520992176955809e-01 5.843479007823040305e-01 1.168695801564608172e-01 9.999999999999995559e-01 5.871556748496952194e-01 1.032110812875760841e-01 0.000000000000000000e+00
9.210000000000000853e+01 4.086719444286950331e-01 5.913280555713046338e-01 1.182656111142609268e-01 9.999999999999996669e-01 5.828845749824053124e-01 1.042788562543985470e-01 0.000000000000000000e+00
9.215000000000000568e+01 4.017175680262851656e-01 5.982824319737145569e-01 1.196564863947429114e-01 9.999999999999997780e-01 5.786447536318232165e-01 1.053388115920440848e-01 0.000000000000000000e+00
9.220000000000000284e+01 3.947903613681508772e-01 6.052096386318489563e-01 1.210419277263697913e-01 9.999999999999997780e-01 5.744368824438081944e-01 1.063907793890478126e-01 0.000000000000000000e+00
9.225000000000000000e+01 3.878917041774940788e-01 6.121082958225054771e-01 1.224216591645010954e-01 9.999999999999995559e-01 5.702616141996469379e-01 1.074345964500881406e-01 0.000000000000000000e+00
9.230000000000001137e+01 3.810229644297277729e-01 6.189770355702719495e-01 1.237954071140544010e-01 9.999999999999997780e-01 5.661195832603105327e-01 1.084701041849222419e-01 0.000000000000000000e+00
9.235000000000000853e+01 3.741854984525435635e-01 6.258145015474561035e-01 1.251629003094912318e-01 9.999999999999996669e-01 5.620114056143367121e-01 1.094971485964157110e-01 0.000000000000000000e+00
9.240000000000000568e+01 3.673806500922963125e-01 6.326193499077035209e-01 1.265238699815406931e-01 9.999999999999997780e-01 5.579376790614514192e-01 1.105155802346370342e-01 0.000000000000000000e+00
9.245000000000000284e+01 3.606097505721275187e-01 6.393902494278722592e-01 1.278780498855744407e-01 9.999999999999997780e-01 5.538989832877286856e-01 1.115252541780677314e-01 0.000000000000000000e+00
9.250000000000000000e+01 3.538741184918265392e-01 6.461258815081732942e-01 1.292251763016346588e-01 9.999999999999997780e-01 5.498958798657870295e-01 1.125260300335531316e-01 0.000000000000000000e+00
9.255000000000001137e+01 3.471750597325224397e-01 6.528249402674773938e-01 1.305649880534954788e-01 9.999999999999997780e-01 5.459289126244702972e-01 1.135177718438823286e-01 0.000000000000000000e+00
9.260000000000000853e+01 3.405138676526523467e-01 6.594861323473475423e-01 1.318972264694694974e-01 9.999999999999998890e-01 5.419986079636984755e-01 1.145003480090752840e-01 0.000000000000000000e+00
9.265000000000000568e+01 3.338918224860117911e-01 6.661081775139878758e-01 1.332216355027975863e-01 9.999999999999996669e-01 5.381054749815052940e-01 1.154736312546235794e-01 0.000000000000000000e+00
9.270000000000000284e+01 3.273101910188101482e-01 6.726898089811894632e-01 1.345379617962378926e-01 9.999999999999995559e-01 5.342500057248351641e-01 1.164374985687911118e-01 0.000000000000000000e+00
9.275000000000000000e+01 3.207702265896682503e-01 6.792297734103314166e-01 1.358459546820662833e-01 9.999999999999996669e-01 5.304326751895424019e-01 1.173918312026143163e-01 0.000000000000000000e+00
9.280000000000001137e+01 3.142731690546357592e-01 6.857268309453636856e-01 1.371453661890727482e-01 9.999999999999994449e-01 5.266539414963045118e-01 1.183365146259237888e-01 0.000000000000000000e+00
9.285000000000000853e+01 3.078202449106918759e-01 6.921797550893077355e-01 1.384359510178615471e-01 9.999999999999995559e-01 5.229142465323237676e-01 1.192714383669189609e-01 0.000000000000000000e+00
9.290000000000000568e+01 3.014126670818202403e-01 6.985873329181793157e-01 1.397174665836358742e-01 9.999999999999995559e-01 5.192140159217986106e-01 1.201964960195502363e-01 0.000000000000000000e+00
9.295000000000000284e+01 2.950516344139849645e-01 7.049483655860147024e-01 1.409896731172029516e-01 9.999999999999996669e-01 5.155536595002017108e-01 1.211115851249494613e-01 0.000000000000000000e+00
9.300000000000000000e+01 2.887383316577423753e-01 7.112616683422573471e-01 1.422523336684514694e-01 9.999999999999997780e-01 5.119335713440257285e-01 1.220166071639934707e-01 0.000000000000000000e+00
9.305000000000001137e+01 2.824739294601075201e-01 7.175260705398920358e-01 1.435052141079783961e-01 9.999999999999995559e-01 5.083541298163067879e-01 1.229114675459231920e-01 0.000000000000000000e+00
9.310000000000000853e+01 2.762595844235471998e-01 7.237404155764524116e-01 1.447480831152904712e-01 9.999999999999995559e-01 5.048156982678837501e-01 1.237960754330289376e-01 0.000000000000000000e+00
9.315000000000000568e+01 2.700964391924346453e-01 7.299035608075649106e-01 1.459807121615129821e-01 9.999999999999995559e-01 5.013186250814505307e-01 1.246703437296372702e-01 0.000000000000000000e+00
9.320000000000000284e+01 2.639856219091230027e-01 7.360143780908765532e-01 1.472028756181752995e-01 9.999999999999995559e-01 4.978632441901880701e-01 1.255341889524528853e-01 0.000000000000000000e+00
9.325000000000000000e+01 2.579282461350720368e-01 7.420717538649274081e-01 1.484143507729854816e-01 9.999999999999994449e-01 4.944498752329763991e-01 1.263875311917558031e-01 0.000000000000000000e+00
9.330000000000001137e+01 2.519254108508461876e-01 7.480745891491533683e-01 1.496149178298306626e-01 9.999999999999995559e-01 4.910788235543953051e-01 1.272302941114010766e-01 0.000000000000000000e+00
9.335000000000000853e+01 2.459782004775118713e-01 7.540217995224876013e-01 1.508043599044975314e-01 9.999999999999994449e-01 4.877503806863820457e-01 1.280624048284043914e-01 0.000000000000000000e+00
9.340000000000000568e+01 2.400876851005384061e-01 7.599123148994610943e-01 1.519824629798922078e-01 9.999999999999995559e-01 4.844648247665001572e-01 1.288837938083748358e-01 0.000000000000000000e+00
9.345000000000000284e+01 2.342549200698184619e-01 7.657450799301810385e-01 1.531490159860361966e-01 9.999999999999995559e-01 4.812224207977768842e-01 1.296943948005556679e-01 0.000000000000000000e+00
9.350000000000000000e+01 2.284809458143410021e-01 7.715190541856584705e-01 1.543038108371316830e-01 9.999999999999994449e-01 4.780234210704698006e-01 1.304941447323824388e-01 0.000000000000000000e+00
9.355000000000001137e+01 2.227667878421896452e-01 7.772332121578098274e-01 1.554466424315619766e-01 9.999999999999994449e-01 4.748680651620658111e-01 1.312829837094834362e-01 0.000000000000000000e+00
9.360000000000000853e+01 2.171134567500235535e-01 7.828865432499759747e-01 1.565773086499951949e-01 9.999999999999995559e-01 4.717565801322676777e-01 1.320608549669329834e-01 0.000000000000000000e+00
9.365000000000000568e+01 2.115219484431945240e-01 7.884780515568051706e-01 1.576956103113610341e-01 9.999999999999996669e-01 4.686891812859446671e-01 1.328277046785137361e-01 0.000000000000000000e+00
9.370000000000000284e+01 2.059932439864962384e-01 7.940067560135033453e-01 1.588013512027006691e-01 9.999999999999995559e-01 4.656660721682577275e-01 1.335834819579354571e-01 0.000000000000000000e+00
9.375000000000000000e+01 2.005283093188075516e-01 7.994716906811918378e-01 1.598943381362383787e-01 9.999999999999993339e-01 4.626874452116970238e-01 1.343281386970756330e-01 0.000000000000000000e+00
9.380000000000001137e+01 1.951280952449254147e-01 8.048719047550743078e-01 1.609743809510148504e-01 9.999999999999997780e-01 4.597534817816580355e-01 1.350616295545853662e-01 0.000000000000000000e+00
9.385000000000000853e+01 1.897935374373821149e-01 8.102064625626173022e-01 1.620412925125234715e-01 9.999999999999994449e-01 4.568643522221209619e-01 1.357839119444696485e-01 0.000000000000000000e+00
9.390000000000000568e+01 1.845255565996656300e-01 8.154744434003338149e-01 1.630948886800667741e-01 9.999999999999994449e-01 4.540202166073101786e-01 1.364949458481723443e-01 0.000000000000000000e+00
9.395000000000000284e+01 1.793250585417189014e-01 8.206749414582805713e-01 1.641349882916561254e-01 9.999999999999994449e-01 4.512212248043980800e-01 1.371946937989003690e-01 0.000000000000000000e+00
9.400000000000000000e+01 1.741929338660468396e-01 8.258070661339528273e-01 1.651614132267905655e-01 9.999999999999996669e-01 4.484675170894221186e-01 1.378831207276443593e-01 0.000000000000000000e+00
9.405000000000001137e+01 1.691300579350972222e-01 8.308699420649023892e-01 1.661739884129804778e-01 9.999999999999995559e-01 4.457592243327232473e-01 1.385601939168190633e-01 0.000000000000000000e+00
9.410000000000000853e+01 1.641372908712699641e-01 8.358627091287296196e-01 1.671725418257459239e-01 9.999999999999995559e-01 4.430964679990903599e-01 1.392258830002273129e-01 0.000000000000000000e+00
9.415000000000000568e+01 1.592154776496175206e-01 8.407845223503818133e-01 1.681569044700763627e-01 9.999999999999993339e-01 4.404793606468318523e-01 1.398801598382919398e-01 0.000000000000000000e+00
9.420000000000000284e+01 1.543654483160439850e-01 8.456345516839556264e-01 1.691269103367911142e-01 9.999999999999995559e-01 4.379080063208580231e-01 1.405229984197853832e-01 0.000000000000000000e+00
9.425000000000000000e+01 1.495880177263093080e-01 8.504119822736901924e-01 1.700823964547380496e-01 9.999999999999995559e-01 4.353825008764601878e-01 1.411543747808848559e-01 0.000000000000000000e+00
9.430000000000001137e+01 1.448839854774312819e-01 8.551160145225680242e-01 1.710232029045136160e-01 9.999999999999993339e-01 4.329029323970931542e-01 1.417742669007266143e-01 0.000000000000000000e+00
9.435000000000000853e+01 1.402541359076907856e-01 8.597458640923085760e-01 1.719491728184617263e-01 9.999999999999993339e-01 4.304693811943779980e-01 1.423826547014054034e-01 0.000000000000000000e+00
9.440000000000000568e+01 1.356992381382012003e-01 8.643007618617981613e-01 1.728601523723596323e-01 9.999999999999993339e-01 4.280819200312138695e-01 1.429795199921964077e-01 0.000000000000000000e+00
9.445000000000000284e+01 1.312200463314336096e-01 8.687799536685658630e-01 1.737559907337131726e-01 9.999999999999994449e-01 4.257406147996918300e-01 1.435648463000769315e-01 0.000000000000000000e+00
9.450000000000000000e+01 1.268172995468430930e-01 8.731827004531564906e-01 1.746365400906312870e-01 9.999999999999995559e-01 4.234455245713091842e-01 1.441386188571726068e-01 0.000000000000000000e+00
9.455000000000001137e+01 1.224917216338822085e-01 8.775082783661172225e-01 1.755016556732234556e-01 9.999999999999994449e-01 4.211967021876222850e-01 1.447008244530943177e-01 0.000000000000000000e+00
9.460000000000000853e+01 1.182440212323167261e-01 8.817559787676826355e-01 1.763511957535365271e-01 9.999999999999993339e-01 4.189941942871064917e-01 1.452514514282232660e-01 0.000000000000000000e+00
9.465000000000000568e+01 1.140748917870349766e-01 8.859251082129643295e-01 1.771850216425928659e-01 9.999999999999993339e-01 4.168380413864740675e-01 1.457904896533813999e-01 0.000000000000000000e+00
9.470000000000000284e+01 1.099850117770548585e-01 8.900149882229446696e-01 1.780029976445889339e-01 9.999999999999995559e-01 4.147282785635170721e-01 1.463179303591206348e-01 0.000000000000000000e+00
9.475000000000000000e+01 1.059750447016489933e-01 8.940249552983503545e-01 1.788049910596700709e-01 9.999999999999993339e-01 4.126649354898833666e-01 1.468337661275290473e-01 0.000000000000000000e+00
9.480000000000001137e+01 1.020456389482393283e-01 8.979543610517601859e-01 1.795908722103520261e-01 9.999999999999995559e-01 4.106480370092148169e-01 1.473379907476961848e-01 0.000000000000000000e+00
9.485000000000000853e+01 9.819742779270651534e-02 9.018025722072928740e-01 1.803605144414585637e-01 9.999999999999993339e-01 4.086776032340952991e-01 1.478305991914760642e-01 0.000000000000000000e+00
9.490000000000000568e+01 9.443102940302147696e-02 9.055689705969780512e-01 1.811137941193955991e-01 9.999999999999995559e-01 4.067536495665537433e-01 1.483115876083614393e-01 0.000000000000000000e+00
9.495000000000000284e+01 9.074704701407815266e-02 9.092529529859214588e-01 1.818505905971842807e-01 9.999999999999995559e-01 4.048761872554944019e-01 1.487809531861262746e-01 0.000000000000000000e+00
9.500000000000000000e+01 8.714606901564367347e-02 9.128539309843558547e-01 1.825707861968711709e-01 9.999999999999995559e-01 4.030452235297787844e-01 1.492386941175551929e-01 0.000000000000000000e+00
9.505000000000001137e+01 8.362866881575015121e-02 9.163713311842494047e-01 1.832742662368498920e-01 9.999999999999995559e-01 4.012607620563071187e-01 1.496848094859231093e-01 0.000000000000000000e+00
9.510000000000000853e+01 8.019540484088340249e-02 9.198045951591160563e-01 1.839609190318232113e-01 9.999999999999994449e-01 3.995228031205715347e-01 1.501192992198570053e-01 0.000000000000000000e+00
9.515000000000000568e+01 7.684682053632854726e-02 9.231531794636710364e-01 1.846306358927342073e-01 9.999999999999995559e-01 3.978313436286495808e-01 1.505421640928374938e-01 0.000000000000000000e+00
9.520000000000000284e+01 7.358344448986549324e-02 9.264165555101342431e-01 1.852833111020268375e-01 9.999999999999997780e-01 3.961863775076703287e-01 1.509534056230822929e-01 0.000000000000000000e+00
9.525000000000000000e+01 7.040579057919311989e-02 9.295942094208065054e-01 1.859188418841613011e-01 9.999999999999996669e-01 3.945878959602628910e-01 1.513530260099341662e-01 0.000000000000000000e+00
9.530000000000001137e+01 6.731435784575505454e-02 9.326856421542445430e-01 1.865371284308489086e-01 9.999999999999995559e-01 3.930358877684909658e-01 1.517410280578771475e-01 0.000000000000000000e+00
9.535000000000000853e+01 6.430963049583977853e-02 9.356903695041598468e-01 1.871380739008319805e-01 9.999999999999996669e-01 3.915303395404775566e-01 1.521174151148804998e-01 0.000000000000000000e+00
9.540000000000000568e+01 6.139207790057530506e-02 9.386079220994242300e-01 1.877215844198848460e-01 9.999999999999995559e-01 3.900712357104024197e-01 1.524821910723992979e-01 0.000000000000000000e+00
9.545000000000000284e+01 5.856215468372202859e-02 9.414378453162774996e-01 1.882875690632554999e-01 9.999999999999995559e-01 3.886585588120410328e-01 1.528353602969896308e-01 0.000000000000000000e+00
9.550000000000000000e+01 5.582030088959011316e-02 9.441796991104095538e-01 1.888359398220819108e-01 9.999999999999996669e-01 3.872922898054459440e-01 1.531769275486384030e-01 0.000000000000000000e+00
9.555000000000001137e+01 5.316694187360401780e-02 9.468330581263956214e-01 1.893666116252791243e-01 9.999999999999996669e-01 3.859724082588399940e-01 1.535068979352898766e-01 0.000000000000000000e+00
9.560000000000000853e+01 5.060248830544275545e-02 9.493975116945568837e-01 1.898795023389113767e-01 9.999999999999996669e-01 3.846988926173982026e-01 1.538252768456503383e-01 0.000000000000000000e+00
9.565000000000000568e+01 4.812733616906018919e-02 9.518726638309393806e-01 1.903745327661878761e-01 9.999999999999995559e-01 3.834717202033821049e-01 1.541320699491543766e-01 0.000000000000000000e+00
9.570000000000000284e+01 4.574186683296267708e-02 9.542581331670368927e-01 1.908516266334073785e-01 9.999999999999995559e-01 3.822908674217834757e-01 1.544272831445540062e-01 0.000000000000000000e+00
9.575000000000000000e+01 4.344644720729158582e-02 9.565535527927080395e-01 1.913107105585415968e-01 9.999999999999996669e-01 3.811563100731379383e-01 1.547109224817154183e-01 0.000000000000000000e+00
9.580000000000001137e+01 4.124142965291383717e-02 9.587585703470857812e-01 1.917517140694171562e-01 9.999999999999996669e-01 3.800680234845407734e-01 1.549829941288647095e-01 0.000000000000000000e+00
9.585000000000000853e+01 3.912715198625761615e-02 9.608728480137420647e-01 1.921745696027484240e-01 9.999999999999996669e-01 3.790259827448890784e-01 1.552435043137776194e-01 0.000000000000000000e+00
9.590000000000000568e+01 3.710393747946461040e-02 9.628960625205351676e-01 1.925792125041070335e-01 9.999999999999997780e-01 3.780301627056692482e-01 1.554924593235825769e-01 0.000000000000000000e+00
9.595000000000000284e+01 3.517209492775902335e-02 9.648279050722405881e-01 1.929655810144481065e-01 9.999999999999995559e-01 3.770805381625275676e-01 1.557298654593679832e-01 0.000000000000000000e+00
9.600000000000000000e+01 3.333191877510979090e-02 9.666680812248897858e-01 1.933336162449779683e-01 9.999999999999995559e-01 3.761770840997396004e-01 1.559557289750649889e-01 0.000000000000000000e+00
9.605000000000001137e+01 3.158368903930080379e-02 9.684163109606989117e-01 1.936832621921397712e-01 9.999999999999996669e-01 3.753197758117436944e-01 1.561700560470639654e-01 0.000000000000000000e+00
9.610000000000000853e+01 2.992767131863637714e-02 9.700723286813630608e-01 1.940144657362726233e-01 9.999999999999994449e-01 3.745085890710810328e-01 1.563728527322296169e-01 0.000000000000000000e+00
9.615000000000000568e+01 2.836411679235412500e-02 9.716358832076454899e-01 1.943271766415290980e-01 9.999999999999996669e-01 3.737435001298725634e-01 1.565641249675317481e-01 0.000000000000000000e+00
9.620000000000000284e+01 2.689326229641975097e-02 9.731067377035798049e-01 1.946213475407159721e-01 9.999999999999995559e-01 3.730244859021873416e-01 1.567438785244530397e-01 0.000000000000000000e+00
9.625000000000000000e+01 2.551533039853271304e-02 9.744846696014669574e-01 1.948969339202933915e-01 9.999999999999996669e-01 3.723515241116727159e-01 1.569121189720817100e-01 0.000000000000000000e+00
9.630000000000001137e+01 2.423052934278604673e-02 9.757694706572137555e-01 1.951538941314427400e-01 9.999999999999997780e-01 3.717245934184215672e-01 1.570688516453944972e-01 0.000000000000000000e+00
9.635000000000000853e+01 2.303905305583704016e-02 9.769609469441625782e-01 1.953921893888325156e-01 9.999999999999996669e-01 3.711436735062845771e-01 1.572140816234287308e-01 0.000000000000000000e+00
9.640000000000000568e+01 2.194108115083715296e-02 9.780589188491622954e-01 1.956117837698324591e-01 9.999999999999994449e-01 3.706087450933710503e-01 1.573478137266571264e-01 0.000000000000000000e+00
9.645000000000000284e+01 2.093677901178805228e-02 9.790632209882116355e-01 1.958126441976423271e-01 9.999999999999996669e-01 3.701197901049583794e-01 1.574700524737602803e-01 0.000000000000000000e+00
9.650000000000000000e+01 2.002629780748817895e-02 9.799737021925114533e-01 1.959947404385022907e-01 9.999999999999996669e-01 3.696767917411915017e-01 1.575808020647020136e-01 0.000000000000000000e+00
9.655000000000001137e+01 1.920977446094333102e-02 9.807902255390563706e-01 1.961580451078112630e-01 9.999999999999996669e-01 3.692797345779949558e-01 1.576800663555011361e-01 0.000000000000000000e+00
9.660000000000000853e+01 1.848733165315762095e-02 9.815126683468420321e-01 1.963025336693683953e-01 9.999999999999996669e-01 3.689286045944905057e-01 1.577678488513772626e-01 0.000000000000000000e+00
9.665000000000000568e+01 1.785907783938118013e-02 9.821409221606183237e-01 1.964281844321236759e-01 9.999999999999995559e-01 3.686233892051514749e-01 1.578441526987120203e-01 0.000000000000000000e+00
9.670000000000000284e+01 1.732510731834017298e-02 9.826748926816595286e-01 1.965349785363318946e-01 9.999999999999996669e-01 3.683640773852006611e-01 1.579089806536997098e-01 0.000000000000000000e+00
9.675000000000000000e+01 1.688550019861713436e-02 9.831144998013824354e-01 1.966228999602764871e-01 9.999999999999995559e-01 3.681506596864062009e-01 1.579623350783983249e-01 0.000000000000000000e+00
9.680000000000001137e+01 1.654032239357172349e-02 9.834596776064277179e-01 1.966919355212855547e-01 9.999999999999994449e-01 3.679831282833084805e-01 1.580042179291727689e-01 0.000000000000000000e+00
9.685000000000000853e+01 1.628962562383825738e-02 9.837103743761612673e-01 1.967420748752322646e-01 9.999999999999995559e-01 3.678614769777596716e-01 1.580346307555599572e-01 0.000000000000000000e+00
9.690000000000000568e+01 1.613344745543272840e-02 9.838665525445668969e-01 1.967733105089133905e-01 9.999999999999996669e-01 3.677857012528458203e-01 1.580535746867884339e-01 0.000000000000000000e+00
9.695000000000000284e+01 1.607181129642555953e-02 9.839281887035742358e-01 1.967856377407148361e-01 9.999999999999997780e-01 3.677557982949431481e-01 1.580610504262640881e-01 0.000000000000000000e+00
9.700000000000000000e+01 1.610472638009605856e-02 9.838952736199035876e-01 1.967790547239807175e-01 9.999999999999996669e-01 3.677717669903341480e-01 1.580570582524163381e-01 0.000000000000000000e+00
9.705000000000001137e+01 1.623218776915124478e-02 9.837678122308481932e-01 1.967535624461696497e-01 9.999999999999994449e-01 3.678336079293788585e-01 1.580415980176551605e-01 0.000000000000000000e+00
9.710000000000000853e+01 1.645417637105918429e-02 9.835458236289404965e-01 1.967091647257880882e-01 9.999999999999996669e-01 3.679413234181001524e-01 1.580146691454748509e-01 0.000000000000000000e+00
9.715000000000000568e+01 1.677065892698411526e-02 9.832293410730155170e-01 1.966458682146031145e-01 9.999999999999996669e-01 3.680949174597732965e-01 1.579762706350565649e-01 0.000000000000000000e+00
9.720000000000000284e+01 1.718158800267733516e-02 9.828184119973221167e-01 1.965636823994644233e-01 9.999999999999994449e-01 3.682943957302842186e-01 1.579264010674288343e-01 0.000000000000000000e+00
9.725000000000000000e+01 1.768690198949846373e-02 9.823130980105010401e-01 1.964626196021002080e-01 9.999999999999995559e-01 3.685397655652148940e-01 1.578650586086961516e-01 0.000000000000000000e+00
9.730000000000001137e+01 1.828652510594000816e-02 9.817134748940594680e-01 1.963426949788119047e-01 9.999999999999994449e-01 3.688310359424039619e-01 1.577922410143988985e-01 0.000000000000000000e+00
9.735000000000000853e+01 1.898036737876233199e-02 9.810196326212372586e-01 1.962039265242474517e-01 9.999999999999995559e-01 3.691682174134798267e-01 1.577079456466299323e-01 0.000000000000000000e+00
9.740000000000000568e+01 1.976832463650756225e-02 9.802316753634918722e-01 1.960463350726983633e-01 9.999999999999994449e-01 3.695513220657710152e-01 1.576121694835571352e-01 0.000000000000000000e+00
9.745000000000000284e+01 2.065027850604246595e-02 9.793497214939570483e-01 1.958699442987913986e-01 9.999999999999995559e-01 3.699803634881253522e-01 1.575049091279685787e-01 0.000000000000000000e+00
9.750000000000000000e+01 2.162609640157291818e-02 9.783739035984264643e-01 1.956747807196853040e-01 9.999999999999993339e-01 3.704553567268790149e-01 1.573861608182801353e-01 0.000000000000000000e+00
9.755000000000001137e+01 2.269563150221744902e-02 9.773043684977820167e-01 1.954608736995563922e-01 9.999999999999994449e-01 3.709763181695634460e-01 1.572559204576090275e-01 0.000000000000000000e+00
9.760000000000000853e+01 2.385872274387097411e-02 9.761412772561284257e-01 1.952282554512256851e-01 9.999999999999994449e-01 3.715432654778236810e-01 1.571141836305439965e-01 0.000000000000000000e+00
9.765000000000000568e+01 2.511519481497136511e-02 9.748848051850280694e-01 1.949769610370056250e-01 9.999999999999994449e-01 3.721562175563781216e-01 1.569609456109053447e-01 0.000000000000000000e+00
9.770000000000000284e+01 2.646485813106824736e-02 9.735351418689314196e-01 1.947070283737862839e-01 9.999999999999996669e-01 3.728151944525541772e-01 1.567962013868613447e-01 0.000000000000000000e+00
9.775000000000000000e+01 2.790750881169966682e-02 9.720924911882999897e-01 1.944184982376599979e-01 9.999999999999996669e-01 3.735202172513602537e-01 1.566199456871598394e-01 0.000000000000000000e+00
9.780000000000001137e+01 2.944292866462722147e-02 9.705570713353722789e-01 1.941114142670744558e-01 9.999999999999995559e-01 3.742713079100258300e-01 1.564321730224934315e-01 0.000000000000000000e+00
9.785000000000000853e+01 3.107088518483163905e-02 9.689291148151679689e-01 1.937858229630335938e-01 9.999999999999995559e-01 3.750684892482141208e-01 1.562328776879463588e-01 0.000000000000000000e+00
9.790000000000000568e+01 3.279113152732106296e-02 9.672088684726787289e-01 1.934417736945357458e-01 9.999999999999997780e-01 3.759117848071522050e-01 1.560220537982118238e-01 0.000000000000000000e+00
9.795000000000000284e+01 3.460340646809340059e-02 9.653965935319064329e-01 1.930793187063812866e-01 9.999999999999997780e-01 3.768012187758447706e-01 1.557996953060386824e-01 0.000000000000000000e+00
9.800000000000000000e+01 3.650743438461691998e-02 9.634925656153827678e-01 1.926985131230765647e-01 9.999999999999996669e-01 3.777368157309091701e-01 1.555657960672725826e-01 0.000000000000000000e+00
9.805000000000001137e+01 3.850292524887254098e-02 9.614970747511273341e-01 1.922994149502254557e-01 9.999999999999998890e-01 3.787186005441268710e-01 1.553203498639681712e-01 0.000000000000000000e+00
9.810000000000000853e+01 4.058957462336650751e-02 9.594104253766331247e-01 1.918820850753266138e-01 9.999999999999996669e-01 3.797465983542487322e-01 1.550633504114376782e-01 0.000000000000000000e+00
9.815000000000000568e+01 4.276706360199819534e-02 9.572329363980014438e-01 1.914465872796002888e-01 9.999999999999996669e-01 3.808208343337863844e-01 1.547947914165532790e-01 0.000000000000000000e+00
9.820000000000000284e+01 4.503505877543867442e-02 9.549649412245608815e-01 1.909929882449121763e-01 9.999999999999995559e-01 3.819413336080620391e-01 1.545146665979843792e-01 0.000000000000000000e+00
9.825000000000000000e+01 4.739321221866572842e-02 9.526067877813337859e-01 1.905213575562667572e-01 9.999999999999995559e-01 3.831081209076632743e-01 1.542229697730840565e-01 0.000000000000000000e+00
9.830000000000001137e+01 4.984116148755608766e-02 9.501588385124435376e-01 1.900317677024886964e-01 9.999999999999996669e-01 3.843212205192871322e-01 1.539196948701780920e-01 0.000000000000000000e+00
9.835000000000000853e+01 5.237852960959138438e-02 9.476214703904082270e-01 1.895242940780816343e-01 9.999999999999995559e-01 3.855806562241305691e-01 1.536048359439672328e-01 0.000000000000000000e+00
9.840000000000000568e+01 5.500492499594981932e-02 9.449950750040497782e-01 1.889990150008099556e-01 9.999999999999995559e-01 3.868864509939829999e-01 1.532783872515041390e-01 0.000000000000000000e+00
9.845000000000000284e+01 5.771994141725666355e-02 9.422800585827428854e-01 1.884560117165485771e-01 9.999999999999995559e-01 3.882386268919394423e-01 1.529403432770150284e-01 0.000000000000000000e+00
9.850000000000000000e+01 6.052315799923281558e-02 9.394768420007668652e-01 1.878953684001533619e-01 9.999999999999996669e-01 3.896372046636206177e-01 1.525906988340947346e-01 0.000000000000000000e+00
9.855000000000001137e+01 6.341413922047409168e-02 9.365858607795254365e-01 1.873171721559050984e-01 9.999999999999995559e-01 3.910822037014940467e-01 1.522294490746263773e-01 0.000000000000000000e+00
9.860000000000000853e+01 6.639243490110782742e-02 9.336075650988917563e-01 1.867215130197783513e-01 9.999999999999995559e-01 3.925736419661686738e-01 1.518565895084577344e-01 0.000000000000000000e+00
9.865000000000000568e+01 6.945758009253634457e-02 9.305424199074630032e-01 1.861084839814926006e-01 9.999999999999993339e-01 3.941115356090403865e-01 1.514721160977398062e-01 0.000000000000000000e+00
9.870000000000000284e+01 7.260909505775957340e-02 9.273909049422399686e-01 1.854781809884479826e-01 9.999999999999995559e-01 3.956958988772208419e-01 1.510760252806946924e-01 0.000000000000000000e+00
9.875000000000000000e+01 7.584648528103576925e-02 9.241535147189636756e-01 1.848307029437927240e-01 9.999999999999994449e-01 3.973267436313955292e-01 1.506683140921510067e-01 0.000000000000000000e+00
9.880000000000001137e+01 7.916924146599334244e-02 9.208307585340060886e-01 1.841661517068012288e-01 9.999999999999994449e-01 3.990040793039602018e-01 1.502489801740098663e-01 0.000000000000000000e+00
9.885000000000000853e+01 8.257683952748220979e-02 9.174231604725171518e-01 1.834846320945034415e-01 9.999999999999993339e-01 4.007279128320861972e-01 1.498180217919783674e-01 0.000000000000000000e+00
9.890000000000000568e+01 8.606874047033727382e-02 9.139312595296620323e-01 1.827862519059323954e-01 9.999999999999993339e-01 4.024982481991157268e-01 1.493754379502209850e-01 0.000000000000000000e+00
9.895000000000000284e+01 8.964439035588711580e-02 9.103556096441123291e-01 1.820711219288224658e-01 9.999999999999994449e-01 4.043150863674531137e-01 1.489212284081366244e-01 0.000000000000000000e+00
9.900000000000000000e+01 9.330322033847057717e-02 9.066967796615288400e-01 1.813393559323057680e-01 9.999999999999994449e-01 4.061784247134993531e-01 1.484553938216250923e-01 0.000000000000000000e+00
9.905000000000001137e+01 9.704464666434854669e-02 9.029553533356506900e-01 1.805910706671301491e-01 9.999999999999992228e-01 4.080882569540889571e-01 1.479779357614776913e-01 0.000000000000000000e+00
9.910000000000000853e+01 1.008680706688987877e-01 8.991319293311006433e-01 1.798263858662201287e-01 9.999999999999994449e-01 4.100445731126963755e-01 1.474888567218258228e-01 0.000000000000000000e+00
9.915000000000000568e+01 1.047728786667100065e-01 8.952271213332894106e-01 1.790454242666578710e-01 9.999999999999994449e-01 4.120473590060462765e-01 1.469881602484883476e-01 0.000000000000000000e+00
9.920000000000000284e+01 1.087584418730366820e-01 8.912415581269628184e-01 1.782483116253925637e-01 9.999999999999995559e-01 4.140965961809468521e-01 1.464758509547632037e-01 0.000000000000000000e+00
9.925000000000000000e+01 1.128241164831368104e-01 8.871758835168624957e-01 1.774351767033724991e-01 9.999999999999993339e-01 4.161922613057061349e-01 1.459519346735733969e-01 0.000000000000000000e+00
9.930000000000001137e+01 1.169692436767593574e-01 8.830307563232400181e-01 1.766061512646480147e-01 9.999999999999993339e-01 4.183343260169524180e-01 1.454164184957618400e-01 0.000000000000000000e+00
9.935000000000000853e+01 1.211931496180437551e-01 8.788068503819557176e-01 1.757613700763911435e-01 9.999999999999994449e-01 4.205227569159390999e-01 1.448693107710151418e-01 0.000000000000000000e+00
9.940000000000000568e+01 1.254951453847890086e-01 8.745048546152103253e-01 1.749009709230420762e-01 9.999999999999993339e-01 4.227575150993505004e-01 1.443106212251623055e-01 0.000000000000000000e+00
9.945000000000000284e+01 1.298745268189918367e-01 8.701254731810076359e-01 1.740250946362015272e-01 9.999999999999994449e-01 4.250385559685380676e-01 1.437403610078654137e-01 0.000000000000000000e+00
9.950000000000000000e+01 1.343305746478703488e-01 8.656694253521290960e-01 1.731338850704258192e-01 9.999999999999994449e-01 4.273658287236206110e-01 1.431585428190947917e-01 0.000000000000000000e+00
9.955000000000001137e+01 1.388625545118546967e-01 8.611374454881448592e-01 1.722274890976289718e-01 9.999999999999995559e-01 4.297392760413020762e-01 1.425651809896744115e-01 0.000000000000000000e+00
9.960000000000000853e+01 1.434697169645819115e-01 8.565302830354176722e-01 1.713060566070835344e-01 9.999999999999995559e-01 4.321588340748687695e-01 1.419602914812827521e-01 0.000000000000000000e+00
9.965000000000000568e+01 1.481512974473922217e-01 8.518487025526072509e-01 1.703697405105214502e-01 9.999999999999994449e-01 4.346244321786406628e-01 1.413438919553397510e-01 0.000000000000000000e+00
9.970000000000000284e+01 1.529065160998598349e-01 8.470934839001398320e-01 1.694186967800279664e-01 9.999999999999996669e-01 4.371359923872358277e-01 1.407160019031909737e-01 0.000000000000000000e+00
9.975000000000000000e+01 1.577345778583808533e-01 8.422654221416187026e-01 1.684530844283237405e-01 9.999999999999995559e-01 4.396934292270108235e-01 1.400766426932472108e-01 0.000000000000000000e+00
9.980000000000001137e+01 1.626346725548370176e-01 8.373653274451625661e-01 1.674730654890325132e-01 9.999999999999995559e-01 4.422966491280484469e-01 1.394258377179878050e-01 0.000000000000000000e+00
9.985000000000000853e+01 1.676059749171578406e-01 8.323940250828418819e-01 1.664788050165683653e-01 9.999999999999997780e-01 4.449455504130790939e-01 1.387636123967301571e-01 0.000000000000000000e+00
9.990000000000000568e+01 1.726476445678395977e-01 8.273523554321602358e-01 1.654704710864320361e-01 9.999999999999997780e-01 4.476400231937568419e-01 1.380899942015607340e-01 0.000000000000000000e+00
9.995000000000000284e+01 1.777588258782696051e-01 8.222411741217300341e-01 1.644482348243460068e-01 9.999999999999996669e-01 4.503799486718567668e-01 1.374050128320357389e-01 0.000000000000000000e+00
1.000000000000000000e+02 1.829386479388082909e-01 8.170613520611913483e-01 1.634122704122382697e-01 9.999999999999996669e-01 4.531651991131185331e-01 1.367087002217202973e-01 0.000000000000000000e+00
1.000500000000000114e+02 1.881862247776691088e-01 8.118137752223306691e-01 1.623627550444661227e-01 9.999999999999997780e-01 4.559956371300117883e-01 1.360010907174969697e-01 0.000000000000000000e+00
1.001000000000000085e+02 1.935006553754336500e-01 8.064993446245660724e-01 1.612998689249132145e-01 9.999999999999997780e-01 4.588711155852804868e-01 1.352822211036797950e-01 0.000000000000000000e+00
1.001500000000000057e+02 1.988810236660687181e-01 8.011189763339310321e-01 1.602237952667862064e-01 9.999999999999997780e-01 4.617914775815866180e-01 1.345521306046032761e-01 0.000000000000000000e+00
1.002000000000000028e+02 2.043263984904240826e-01 7.956736015095757786e-01 1.591347203019151668e-01 9.999999999999998890e-01 4.647565558532278929e-01 1.338108610366929574e-01 0.000000000000000000e+00
1.002500000000000000e+02 2.098358334065337227e-01 7.901641665934661107e-01 1.580328333186932221e-01 9.999999999999997780e-01 4.677661725830591921e-01 1.330584568542351187e-01 0.000000000000000000e+00
1.003000000000000114e+02 2.154083669909492293e-01 7.845916330090505486e-01 1.569183266018100986e-01 9.999999999999997780e-01 4.708201388485963035e-01 1.322949652878508409e-01 0.000000000000000000e+00
1.003500000000000085e+02 2.210430229226076904e-01 7.789569770773920876e-01 1.557913954154784286e-01 9.999999999999997780e-01 4.739182543168156680e-01 1.315204364207959997e-01 0.000000000000000000e+00
1.004000000000000057e+02 2.267388099828409054e-01 7.732611900171590946e-01 1.546522380034318078e-01 1.000000000000000000e+00 4.770603072441595982e-01 1.307349231889600172e-01 0.000000000000000000e+00
1.004500000000000028e+02 2.324947220650867841e-01 7.675052779349131882e-01 1.535010555869826265e-01 1.000000000000000000e+00 4.802460742007819694e-01 1.299384814498044105e-01 0.000000000000000000e+00
1.005000000000000000e+02 2.383097379826660533e-01 7.616902620173338079e-01 1.523380524034667616e-01 9.999999999999998890e-01 4.834753194313734515e-01 1.291311701421565539e-01 0.000000000000000000e+00
1.005500000000000114e+02 2.441828216384515082e-01 7.558171783615483807e-01 1.511634356723096650e-01 9.999999999999998890e-01 4.867477947522018678e-01 1.283130513119494498e-01 0.000000000000000000e+00
1.006000000000000085e+02 2.501129222977128141e-01 7.498870777022870193e-01 1.499774155404574039e-01 9.999999999999997780e-01 4.900632389520505061e-01 1.274841902619872902e-01 0.000000000000000000e+00
1.006500000000000057e+02 2.560989745922944705e-01 7.439010254077051965e-01 1.487802050815410504e-01 9.999999999999996669e-01 4.934213777757767150e-01 1.266446555560557241e-01 0.000000000000000000e+00
1.007000000000000028e+02 2.621398985329389530e-01 7.378601014670607139e-01 1.475720202934121539e-01 9.999999999999996669e-01 4.968219238594432374e-01 1.257945190351391074e-01 0.000000000000000000e+00
1.007500000000000000e+02 2.682345994543520185e-01 7.317654005456475375e-01 1.463530801091295075e-01 9.999999999999995559e-01 5.002645760047156331e-01 1.249338559988209946e-01 0.000000000000000000e+00
1.008000000000000114e+02 2.743819679101096032e-01 7.256180320898899527e-01 1.451236064179780016e-01 9.999999999999995559e-01 5.037490191366723602e-01 1.240627452158318128e-01 0.000000000000000000e+00
1.008500000000000085e+02 2.805808801570809918e-01 7.194191198429187306e-01 1.438838239685837350e-01 9.999999999999997780e-01 5.072749237121406685e-01 1.231812690719647219e-01 0.000000000000000000e+00
1.009000000000000057e+02 2.868301982170957665e-01 7.131698017829037894e-01 1.426339603565807690e-01 9.999999999999995559e-01 5.108419455890964578e-01 1.222895136027258023e-01 0.000000000000000000e+00
1.009500000000000028e+02 2.931287698769827199e-01 7.068712301230171136e-01 1.413742460246034116e-01 9.999999999999997780e-01 5.144497260265558092e-01 1.213875684933609506e-01 0.000000000000000000e+00
1.010000000000000000e+02 2.994754287491945832e-01 7.005245712508051392e-01 1.401049142501610278e-01 9.999999999999997780e-01 5.180978912388164437e-01 1.204755271902957781e-01 0.000000000000000000e+00
1.010500000000000114e+02 3.058689940341381419e-01 6.941310059658614140e-01 1.388262011931722939e-01 9.999999999999995559e-01 5.217860519936671215e-01 1.195534870015831225e-01 0.000000000000000000e+00
1.011000000000000085e+02 3.123082709768330023e-01 6.876917290231667756e-01 1.375383458046333662e-01 9.999999999999997780e-01 5.255138033813729903e-01 1.186215491546566414e-01 0.000000000000000000e+00
1.011500000000000057e+02 3.187920511387480893e-01 6.812079488612515776e-01 1.362415897722503155e-01 9.999999999999996669e-01 5.292807244720971749e-01 1.176798188819756230e-01 0.000000000000000000e+00
1.012000000000000028e+02 3.253191123977944299e-01 6.746808876022053481e-01 1.349361775204410696e-01 9.999999999999997780e-01 5.330863783158960034e-01 1.167284054210259020e-01 0.000000000000000000e+00
1.012500000000000000e+02 3.318882189967186647e-01 6.681117810032810578e-01 1.336223562006562116e-01 9.999999999999997780e-01 5.369303118121366847e-01 1.157674220469657178e-01 0.000000000000000000e+00
1.013000000000000114e+02 3.384981214800121263e-01 6.615018785199875406e-01 1.323003757039974970e-01 9.999999999999996669e-01 5.408120550437121032e-01 1.147969862390718770e-01 0.000000000000000000e+00
1.013500000000000085e+02 3.451475567745911355e-01 6.548524432254085870e-01 1.309704886450817063e-01 9.999999999999997780e-01 5.447311212845795669e-01 1.138172196788550111e-01 0.000000000000000000e+00
1.014000000000000057e+02 3.518352488111849974e-01 6.481647511888146695e-01 1.296329502377629450e-01 9.999999999999996669e-01 5.486870065978786126e-01 1.128282483505302497e-01 0.000000000000000000e+00
1.014500000000000028e+02 3.585599085585450818e-01 6.414400914414544186e-01 1.282880182882908948e-01 9.999999999999995559e-01 5.526791897970586565e-01 1.118302025507352387e-01 0.000000000000000000e+00
1.015000000000000000e+02 3.653202340344881005e-01 6.346797659655114554e-01 1.269359531931023022e-01 9.999999999999995559e-01 5.567071324329154747e-01 1.108232168917710342e-01 0.000000000000000000e+00
1.015500000000000114e+02 3.721149104387709849e-01 6.278850895612284599e-01 1.255770179122456809e-01 9.999999999999994449e-01 5.607702783062372687e-01 1.098074304234405857e-01 0.000000000000000000e+00
1.016000000000000085e+02 3.789426099146966931e-01 6.210573900853028073e-01 1.242114780170605615e-01 9.999999999999995559e-01 5.648680532652124997e-01 1.087829866836967641e-01 0.000000000000000000e+00
1.016500000000000057e+02 3.858019923370817894e-01 6.141980076629177665e-01 1.228396015325835533e-01 9.999999999999995559e-01 5.689998650461913776e-01 1.077500337384520446e-01 0.000000000000000000e+00
1.017000000000000028e+02 3.926917055247126642e-01 6.073082944752870027e-01 1.214616588950573894e-01 9.999999999999996669e-01 5.731651031569183763e-01 1.067087242107702810e-01 0.000000000000000000e+00
1.017500000000000000e+02 3.996103852403474765e-01 6.003896147596521349e-01 1.200779229519304270e-01 9.999999999999995559e-01 5.773631388765335659e-01 1.056592152808664975e-01 0.000000000000000000e+00
1.018000000000000114e+02 4.065566553260193672e-01 5.934433446739804108e-01 1.186886689347960711e-01 9.999999999999997780e-01 5.815933250862964643e-01 1.046016687284257590e-01 0.000000000000000000e+00
1.018500000000000085e+02 4.135291275878235639e-01 5.864708724121761030e-01 1.172941744824352317e-01 9.999999999999996669e-01 5.858549957854054524e-01 1.035362510536485398e-01 0.000000000000000000e+00
1.019000000000000057e+02 4.205264022305839067e-01 5.794735977694156492e-01 1.158947195538831410e-01 9.999999999999995559e-01 5.901474661848943315e-01 1.024631334537763200e-01 0.000000000000000000e+00
1.019500000000000028e+02 4.275470684973290414e-01 5.724529315026705145e-01 1.144905863005341029e-01 9.999999999999995559e-01 5.944700325998337753e-01 1.013824918500414451e-01 0.000000000000000000e+00
1.020000000000000000e+02 4.345897046761100224e-01 5.654102953238895335e-01 1.130820590647779178e-01 9.999999999999995559e-01 5.988219724462719995e-01 1.002945068884319030e-01 0.000000000000000000e+00
1.020500000000000114e+02 4.416528781605493781e-01 5.583471218394503444e-01 1.116694243678900689e-01 9.999999999999997780e-01 6.032025442163340134e-01 9.919936394591638562e-02 0.000000000000000000e+00
1.021000000000000085e+02 4.487351456082785406e-01 5.512648543917211263e-01 1.102529708783442364e-01 9.999999999999996669e-01 6.076109871037831400e-01 9.809725322405409009e-02 0.000000000000000000e+00
1.021500000000000057e+02 4.558350528882046393e-01 5.441649471117950831e-01 1.088329894223590277e-01 9.999999999999997780e-01 6.120465209535483897e-01 9.698836976161279155e-02 0.000000000000000000e+00
1.022000000000000028e+02 4.629511361035919537e-01 5.370488638964077133e-01 1.074097727792815427e-01 9.999999999999996669e-01 6.165083464072393937e-01 9.587291339819004055e-02 0.000000000000000000e+00
1.022500000000000000e+02 4.700819217052417676e-01 5.299180782947578994e-01 1.059836156589515910e-01 9.999999999999996669e-01 6.209956448996027945e-01 9.475108877509919036e-02 0.000000000000000000e+00
1.023000000000000114e+02 4.772259264976490001e-01 5.227740735023506113e-01 1.045548147004701223e-01 9.999999999999995559e-01 6.255075786589534559e-01 9.362310533526152501e-02 0.000000000000000000e+00
1.023500000000000085e+02 4.843816579414108037e-01 5.156183420585889188e-01 1.031236684117177727e-01 9.999999999999997780e-01 6.300432906015053236e-01 9.248917734962355808e-02 0.000000000000000000e+00
1.024000000000000057e+02 4.915476139019927526e-01 5.084523860980070253e-01 1.016904772196013940e-01 9.999999999999997780e-01 6.346019040478712014e-01 9.134952398803207474e-02 0.000000000000000000e+00
1.024500000000000028e+02 4.987222836767993828e-01 5.012777163232001731e-01 1.002555432646400346e-01 9.999999999999995559e-01 6.391825231104949490e-01 9.020436922237615174e-02 0.000000000000000000e+00
1.025000000000000000e+02 5.059041484159363389e-01 4.940958515840632170e-01 9.881917031681264341e-02 9.999999999999995559e-01 6.437842327971015077e-01 8.905394180072452592e-02 0.000000000000000000e+00
1.025500000000000114e+02 5.130916811222128171e-01 4.869083188777867388e-01 9.738166377555734776e-02 9.999999999999995559e-01 6.484060990106986777e-01 8.789847524732523343e-02 0.000000000000000000e+00
1.026000000000000085e+02 5.202833468575365217e-01 4.797166531424629232e-01 9.594333062849258464e-02 9.999999999999994449e-01 6.530471685867176301e-01 8.673820785332048144e-02 0.000000000000000000e+00
1.026500000000000057e+02 5.274776027761679531e-01 4.725223972238315473e-01 9.450447944476630946e-02 9.999999999999995559e-01 6.577064690790019874e-01 8.557338273024939213e-02 0.000000000000000000e+00
1.027000000000000028e+02 5.346728986404826189e-01 4.653271013595169925e-01 9.306542027190339850e-02 9.999999999999995559e-01 6.623830090532601966e-01 8.440424773668483982e-02 0.000000000000000000e+00
1.027500000000000000e+02 5.418676777530232469e-01 4.581323222469763090e-01 9.162646444939526180e-02 9.999999999999995559e-01 6.670757785143155427e-01 8.323105537142098942e-02 0.000000000000000000e+00
1.028000000000000114e+02 5.490603769721704719e-01 4.509396230278292506e-01 9.018792460556585011e-02 9.999999999999997780e-01 6.717837489120107586e-01 8.205406277199719933e-02 0.000000000000000000e+00
1.028500000000000085e+02 5.562494268143255427e-01 4.437505731856739022e-01 8.875011463713478044e-02 9.999999999999994449e-01 6.765058731930762015e-01 8.087353170173083861e-02 0.000000000000000000e+00
1.029000000000000057e+02 5.634332517584287325e-01 4.365667482415708234e-01 8.731334964831416467e-02 9.999999999999995559e-01 6.812410858596611440e-01 7.968972853508461685e-02 0.000000000000000000e+00
1.029500000000000028e+02 5.706102703076012528e-01 4.293897296923981921e-01 8.587794593847963842e-02 9.999999999999994449e-01 6.859883029877995586e-01 7.850292425304999933e-02 0.000000000000000000e+00
1.030000000000000000e+02 5.777788962882020041e-01 4.222211037117976073e-01 8.444422074235952147e-02 9.999999999999995559e-01 6.907464230478703726e-01 7.731339423803230970e-02 0.000000000000000000e+00
1.030500000000000114e+02 5.849375389725162133e-01 4.150624610274833426e-01 8.301249220549666852e-02 9.999999999999995559e-01 6.955143269773151893e-01 7.612141825567109166e-02 0.000000000000000000e+00
1.031000000000000085e+02 5.920846031129822773e-01 4.079153968870172231e-01 8.158307937740344462e-02 9.999999999999995559e-01 7.002908782059426018e-01 7.492728044851425240e-02 0.000000000000000000e+00
1.031500000000000057e+02 5.992184893881720154e-01 4.007815106118275961e-01 8.015630212236551921e-02 9.999999999999995559e-01 7.050749229620200120e-01 7.373126925949491373e-02 0.000000000000000000e+00
1.032000000000000028e+02 6.063375942465248913e-01 3.936624057534746091e-01 7.873248115069492181e-02 9.999999999999995559e-01 7.098652901171063068e-01 7.253367747072332616e-02 0.000000000000000000e+00
1.032500000000000000e+02 6.134403113108513050e-01 3.865596886891481399e-01 7.731193773782962797e-02 9.999999999999994449e-01 7.146607922620096254e-01 7.133480193449749651e-02 0.000000000000000000e+00
1.033000000000000114e+02 6.205250317094608281e-01 3.794749682905387833e-01 7.589499365810775666e-02 9.999999999999995559e-01 7.194602259581045489e-01 7.013494351047377950e-02 0.000000000000000000e+00
1.033500000000000085e+02 6.275901440804987352e-01 3.724098559195007652e-01 7.448197118390015303e-02 9.999999999999995559e-01 7.242623717413019246e-01 6.893440706467444945e-02 0.000000000000000000e+00
1.034000000000000057e+02 6.346340350244522588e-01 3.653659649755472416e-01 7.307319299510944832e-02 9.999999999999995559e-01 7.290659945482896864e-01 6.773350136292750900e-02 0.000000000000000000e+00
1.034500000000000028e+02 6.416550889822255632e-01 3.583449110177738817e-01 7.166898220355477633e-02 9.999999999999994449e-01 7.338698436182088392e-01 6.653253909544772082e-02 0.000000000000000000e+00
1.035000000000000000e+02 6.486516895079261769e-01 3.513483104920733791e-01 7.026966209841467581e-02 9.999999999999995559e-01 7.386726536016974265e-01 6.533183659957557399e-02 0.000000000000000000e+00
1.035500000000000114e+02 6.556222198666722401e-01 3.443777801333272603e-01 6.887555602666545207e-02 9.999999999999995559e-01 7.434731450967337896e-01 6.413171372581648322e-02 0.000000000000000000e+00
1.036000000000000085e+02 6.625650630345850667e-01 3.374349369654144892e-01 6.748698739308289785e-02 9.999999999999995559e-01 7.482700246486311269e-01 6.293249383784213502e-02 0.000000000000000000e+00
1.036500000000000057e+02 6.694786020849906594e-01 3.305213979150090076e-01 6.610427958300180151e-02 9.999999999999996669e-01 7.530619851883986193e-01 6.173450370290027578e-02 0.000000000000000000e+00
1.037000000000000028e+02 6.763612202352561331e-01 3.236387797647433118e-01 6.472775595294866235e-02 9.999999999999994449e-01 7.578477061661293979e-01 6.053807345846755339e-02 0.000000000000000000e+00
1.037500000000000000e+02 6.832113019035076507e-01 3.167886980964920718e-01 6.335773961929841436e-02 9.999999999999997780e-01 7.626258545574000625e-01 5.934353636064991500e-02 0.000000000000000000e+00
1.038000000000000114e+02 6.900272335412750424e-01 3.099727664587245690e-01 6.199455329174491380e-02 9.999999999999995559e-01 7.673950857088073230e-01 5.815122857279809987e-02 0.000000000000000000e+00
1.038500000000000085e+02 6.968074036338776089e-01 3.031925963661219470e-01 6.063851927322438939e-02 9.999999999999995559e-01 7.721540433383802249e-01 5.696148916540485357e-02 0.000000000000000000e+00
1.039000000000000057e+02 7.035502030521736394e-01 2.964497969478258055e-01 5.928995938956516110e-02 9.999999999999994449e-01 7.769013599944353254e-01 5.577466000139107150e-02 0.000000000000000000e+00
1.039500000000000028e+02 7.102540252047053748e-01 2.897459747952940701e-01 5.794919495905881401e-02 9.999999999999994449e-01 7.816356573818837861e-01 5.459108565452894940e-02 0.000000000000000000e+00
1.040000000000000000e+02 7.169172670125188995e-01 2.830827329874804899e-01 5.661654659749609797e-02 9.999999999999993339e-01 7.863555473638316196e-01 5.341111315904199103e-02 0.000000000000000000e+00
1.040500000000000114e+02 7.235383298349775671e-01 2.764616701650218777e-01 5.529233403300437555e-02 9.999999999999994449e-01 7.910596329999132204e-01 5.223509175002160471e-02 0.000000000000000000e+00
1.041000000000000085e+02 7.301156194729067073e-01 2.698843805270928486e-01 5.397687610541856973e-02 9.999999999999995559e-01 7.957465085500246005e-01 5.106337286249375274e-02 0.000000000000000000e+00
1.041500000000000057e+02 7.366475465423618640e-01 2.633524534576375808e-01 5.267049069152751617e-02 9.999999999999994449e-01 8.004147600218215475e-01 4.989630999454452293e-02 0.000000000000000000e+00
1.042000000000000028e+02 7.431325266371023863e-01 2.568674733628970031e-01 5.137349467257940061e-02 9.999999999999993339e-01 8.050629655706704746e-01 4.873425860733230502e-02 0.000000000000000000e+00
1.042500000000000000e+02 7.495689813943905433e-01 2.504310186056088461e-01 5.008620372112176922e-02 9.999999999999993339e-01 8.096896966837711096e-01 4.757757582905713933e-02 0.000000000000000000e+00
1.043000000000000114e+02 7.559553393498944507e-01 2.440446606501048277e-01 4.880893213002096553e-02 9.999999999999993339e-01 8.142935192239154629e-01 4.642662019402105100e-02 0.000000000000000000e+00
1.043500000000000085e+02 7.622900359411670657e-01 2.377099640588320462e-01 4.754199281176640923e-02 9.999999999999991118e-01 8.188729934343457195e-01 4.528175164141348685e-02 0.000000000000000000e+00
1.044000000000000057e+02 7.685715139627651293e-01 2.314284860372339825e-01 4.628569720744679650e-02 9.999999999999991118e-01 8.234266746813461157e-01 4.414333132966338086e-02 0.000000000000000000e+00
1.044500000000000028e+02 7.747982236622448227e-01 2.252017763377542336e-01 4.504035526755084673e-02 9.999999999999991118e-01 8.279531137788002093e-01 4.301172155529985747e-02 0.000000000000000000e+00
1.045000000000000000e+02 7.809686240434708937e-01 2.190313759565282181e-01 4.380627519130564362e-02 9.999999999999991118e-01 8.324508585630437940e-01 4.188728535923896823e-02 0.000000000000000000e+00
1.045500000000000114e+02 7.870811834832051046e-01 2.129188165167941738e-01 4.258376330335883475e-02 9.999999999999993339e-01 8.369184547045698253e-01 4.077038632385746736e-02 0.000000000000000000e+00
1.046000000000000085e+02 7.931343797640371118e-01 2.068656202359622776e-01 4.137312404719245551e-02 9.999999999999993339e-01 8.413544457601795923e-01 3.966138855995500478e-02 0.000000000000000000e+00
1.046500000000000057e+02 7.991267005815551050e-01 2.008732994184442289e-01 4.017465988368884577e-02 9.999999999999993339e-01 8.457573741162062175e-01 3.856065647094834847e-02 0.000000000000000000e+00
1.047000000000000028e+02 8.050566437023106703e-01 1.949433562976887746e-01 3.898867125953775492e-02 9.999999999999994449e-01 8.501257813275013842e-01 3.746855466812454988e-02 0.000000000000000000e+00
1.047500000000000000e+02 8.109227184054621507e-01 1.890772815945371277e-01 3.781545631890742554e-02 9.999999999999993339e-01 8.544582100004705083e-01 3.638544749988228966e-02 0.000000000000000000e+00
1.048000000000000114e+02 8.167234457976129125e-01 1.832765542023864769e-01 3.665531084047729538e-02 9.999999999999993339e-01 8.587532042384531383e-01 3.531169894038661827e-02 0.000000000000000000e+00
1.048500000000000085e+02 8.224573589394448270e-01 1.775426410605546179e-01 3.550852821211092358e-02 9.999999999999994449e-01 8.630093098652249495e-01 3.424767253369366549e-02 0.000000000000000000e+00
1.049000000000000057e+02 8.281230032989528311e-01 1.718769967010466693e-01 3.437539934020933385e-02 9.999999999999995559e-01 8.672250754245095505e-01 3.319373114387250134e-02 0.000000000000000000e+00
1.049500000000000028e+02 8.337189372587466840e-01 1.662810627412528164e-01 3.325621254825056328e-02 9.999999999999995559e-01 8.713990528834653082e-01 3.215023677913358274e-02 0.000000000000000000e+00
1.050000000000000000e+02 8.392437333493321105e-01 1.607562666506673343e-01 3.215125333013346687e-02 9.999999999999994449e-01 8.755297993694767245e-01 3.111755015763071827e-02 0.000000000000000000e+00
1.050500000000000114e+02 8.446959783321557058e-01 1.553040216678436281e-01 3.106080433356872561e-02 9.999999999999993339e-01 8.796158772972269002e-01 3.009603067569316739e-02 0.000000000000000000e+00
1.051000000000000085e+02 8.500742735354176460e-01 1.499257264645817433e-01 2.998514529291634867e-02 9.999999999999993339e-01 8.836558550318909244e-01 2.908603624202717869e-02 0.000000000000000000e+00
1.051500000000000057e+02 8.553772351127946205e-01 1.446227648872047689e-01 2.892455297744095377e-02 9.999999999999993339e-01 8.876483075897686481e-01 2.808792310255773389e-02 0.000000000000000000e+00
1.052000000000000028e+02 8.606034951383290110e-01 1.393965048616702118e-01 2.787930097233404236e-02 9.999999999999992228e-01 8.915918181489582706e-01 2.710204546276034562e-02 0.000000000000000000e+00
1.052500000000000000e+02 8.657517022399103812e-01 1.342482977600889527e-01 2.684965955201779053e-02 9.999999999999993339e-01 8.954849790145504862e-01 2.612875524636227090e-02 0.000000000000000000e+00
1.053000000000000114e+02 8.708205216740227961e-01 1.291794783259764268e-01 2.583589566519528535e-02 9.999999999999992228e-01 8.993263917624666481e-01 2.516840205938324429e-02 0.000000000000000000e+00
1.053500000000000085e+02 8.758086357554758505e-01 1.241913642445235944e-01 2.483827284890471887e-02 9.999999999999994449e-01 9.031146682578615748e-01 2.422133293553449876e-02 0.000000000000000000e+00
1.054000000000000057e+02 8.807147442999664344e-01 1.192852557000328995e-01 2.385705114000657989e-02 9.999999999999993339e-01 9.068484313842452016e-01 2.328789215393861287e-02 0.000000000000000000e+00
1.054500000000000028e+02 8.855375657792158295e-01 1.144624342207833934e-01 2.289248684415667867e-02 9.999999999999992228e-01 9.105263167783648193e-01 2.236842080540870498e-02 0.000000000000000000e+00
1.055000000000000000e+02 8.902758374369571515e-01 1.097241625630421269e-01 2.194483251260842538e-02 9.999999999999993339e-01 9.141469730213795941e-01 2.146325674465498698e-02 0.000000000000000000e+00
1.055500000000000114e+02 8.949283156156564445e-01 1.050716843843430004e-01 2.101433687686860008e-02 9.999999999999994449e-01 9.177090623604414743e-01 2.057273440988953775e-02 0.000000000000000000e+00
1.056000000000000085e+02 8.994937760130100601e-01 1.005062239869891627e-01 2.010124479739783254e-02 9.999999999999992228e-01 9.212112614008810541e-01 1.969718464977963934e-02 0.000000000000000000e+00
1.056500000000000057e+02 9.039710147649152594e-01 9.602898523508401896e-02 1.920579704701680379e-02 9.999999999999993339e-01 9.246522627210250755e-01 1.883693431974362356e-02 0.000000000000000000e+00
1.057000000000000028e+02 9.083588488632270419e-01 9.164115113677234747e-02 1.832823022735446949e-02 9.999999999999993339e-01 9.280307755556090887e-01 1.799230611109763067e-02 0.000000000000000000e+00
1.057500000000000000e+02 9.126561162990173282e-01 8.734388370098211674e-02 1.746877674019642335e-02 9.999999999999994449e-01 9.313455261100386240e-01 1.716361847249022257e-02 0.000000000000000000e+00
1.058000000000000114e+02 9.168616764054261514e-01 8.313832359457346000e-02 1.662766471891469200e-02 9.999999999999995559e-01 9.345952584971358723e-01 1.635118537571592784e-02 0.000000000000000000e+00
1.058500000000000085e+02 9.209744105614435794e-01 7.902558943855580997e-02 1.580511788771116199e-02 9.999999999999993339e-01 9.377787358196583156e-01 1.555531604508532048e-02 0.000000000000000000e+00
1.059000000000000057e+02 9.249932229220786395e-01 7.500677707792086091e-02 1.500135541558417218e-02 9.999999999999995559e-01 9.408947413603087062e-01 1.477631465992272283e-02 0.000000000000000000e+00
1.059500000000000028e+02 9.289170404969860906e-01 7.108295950301324329e-02 1.421659190060264866e-02 9.999999999999993339e-01 9.439420787471860530e-01 1.401448031320335665e-02 0.000000000000000000e+00
1.060000000000000000e+02 9.327448134771714194e-01 6.725518652282796994e-02 1.345103730456559399e-02 9.999999999999993339e-01 9.469195728391370803e-01 1.327010679021561543e-02 0.000000000000000000e+00
1.060500000000000114e+02 9.364755157176493094e-01 6.352448428235013544e-02 1.270489685647002709e-02 9.999999999999994449e-01 9.498260705691737860e-01 1.254348235770644075e-02 0.000000000000000000e+00
1.061000000000000085e+02 9.401081455732486214e-01 5.989185442675071247e-02 1.197837088535014249e-02 9.999999999999993339e-01 9.526604422992213106e-01 1.183488942519454398e-02 0.000000000000000000e+00
1.061500000000000057e+02 9.436417259923025602e-01 5.635827400769677364e-02 1.127165480153935473e-02 9.999999999999993339e-01 9.554215819999920534e-01 1.114460450000187217e-02 0.000000000000000000e+00
1.062000000000000028e+02 9.470753047955968729e-01 5.292469520440240549e-02 1.058493904088048110e-02 9.999999999999993339e-01 9.581084080091012423e-01 1.047289799772458188e-02 0.000000000000000000e+00
1.062500000000000000e+02 9.504079550477950722e-01 4.959204495220415065e-02 9.918408990440830131e-03 9.999999999999992228e-01 9.607198637718994405e-01 9.820034057025042729e-03 0.000000000000000000e+00
1.063000000000000114e+02 9.536387758683559923e-01 4.636122413164328604e-02 9.272244826328657208e-03 9.999999999999993339e-01 9.632549191586935455e-01 9.186270210326507799e-03 0.000000000000000000e+00
1.063500000000000085e+02 9.567668925523187262e-01 4.323310744768049663e-02 8.646621489536099325e-03 9.999999999999992228e-01 9.657125706898452844e-01 8.571857327538583496e-03 0.000000000000000000e+00
1.064000000000000057e+02 9.597914568019121351e-01 4.020854319808697674e-02 8.041708639617395349e-03 9.999999999999991118e-01 9.680918421807805929e-01 7.977039454804749422e-03 0.000000000000000000e+00
1.064500000000000028e+02 9.627116470494772038e-01 3.728835295052190801e-02 7.457670590104381603e-03 9.999999999999991118e-01 9.703917854300184720e-01 7.402053642495272714e-03 0.000000000000000000e+00
1.065000000000000000e+02 9.655266691826379644e-01 3.447333081736114746e-02 6.894666163472229492e-03 9.999999999999991118e-01 9.726114814049319213e-01 6.847129648766912130e-03 0.000000000000000000e+00
1.065500000000000114e+02 9.682357566689085981e-01 3.176424333109051368e-02 6.352848666218102736e-03 9.999999999999991118e-01 9.747500404763548287e-01 6.312489880911203478e-03 0.000000000000000000e+00
1.066000000000000085e+02 9.708381707491554602e-01 2.916182925084359612e-02 5.832365850168719223e-03 9.999999999999991118e-01 9.768066029853887944e-01 5.798349253652721608e-03 0.000000000000000000e+00
1.066500000000000057e+02 9.733332007473518566e-01 2.666679925264731077e-02 5.333359850529462154e-03 9.999999999999991118e-01 9.787803398933268006e-01 5.304915026668207897e-03 0.000000000000000000e+00
1.067000000000000028e+02 9.757201646810071960e-01 2.427983531899213787e-02 4.855967063798427574e-03 9.999999999999993339e-01 9.806704537885261308e-01 4.832386552868364951e-03 0.000000000000000000e+00
1.067500000000000000e+02 9.779984093635966103e-01 2.200159063640239054e-02 4.400318127280478109e-03 9.999999999999990008e-01 9.824761790893581370e-01 4.380955227660367733e-03 0.000000000000000000e+00
1.068000000000000114e+02 9.801673105671200315e-01 1.983268943287902486e-02 3.966537886575804972e-03 9.999999999999991118e-01 9.841967825569585271e-01 3.950804360760268481e-03 0.000000000000000000e+00
1.068500000000000085e+02 9.822262733428833714e-01 1.777372665711568489e-02 3.554745331423136978e-03 9.999999999999991118e-01 9.858315639156233212e-01 3.542109021094081225e-03 0.000000000000000000e+00
1.069000000000000057e+02 9.841747324883555192e-01 1.582526751164353707e-02 3.165053502328707413e-03 9.999999999999991118e-01 9.873798566315277192e-01 3.155035842117970887e-03 0.000000000000000000e+00
1.069500000000000028e+02 9.860121526198265540e-01 1.398784738017244678e-02 2.797569476034489355e-03 9.999999999999990008e-01 9.888410280789954321e-01 2.789742980251036595e-03 0.000000000000000000e+00
1.070000000000000000e+02 9.877380283102378256e-01 1.226197168976123075e-02 2.452394337952246151e-03 9.999999999999991118e-01 9.902144800026946303e-01 2.446379999326239209e-03 0.000000000000000000e+00
1.070500000000000114e+02 9.893518844278976765e-01 1.064811557210137982e-02 2.129623114420275964e-03 9.999999999999991118e-01 9.914996491043569504e-01 2.125087723910642698e-03 0.000000000000000000e+00
1.071000000000000085e+02 9.908532764309770924e-01 9.146723569022074951e-03 1.829344713804414990e-03 9.999999999999991118e-01 9.926960075439513753e-01 1.825998114012049485e-03 0.000000000000000000e+00
1.071500000000000057e+02 9.922417904245531828e-01 7.758209575446095574e-03 1.551641915089219115e-03 9.999999999999993339e-01 9.938030631130752024e-01 1.549234221731105293e-03 0.000000000000000000e+00
1.072000000000000028e+02 9.935170432829566467e-01 6.482956717042409611e-03 1.296591343408481922e-03 9.999999999999991118e-01 9.948203596165898777e-01 1.294910095852436910e-03 0.000000000000000000e+00
1.072500000000000000e+02 9.946786829758242909e-01 5.321317024174765375e-03 1.064263404834953075e-03 9.999999999999991118e-01 9.957474773945879098e-01 1.063130651352910648e-03 0.000000000000000000e+00
1.073000000000000114e+02 9.957263886936498221e-01 4.273611306349345274e-03 8.547222612698690547e-04 9.999999999999991118e-01 9.965840335499306368e-01 8.539916125172490689e-04 0.000000000000000000e+00
1.073500000000000085e+02 9.966598708926514005e-01 3.340129107347600268e-03 6.680258214695200536e-04 9.999999999999990008e-01 9.973296821457864336e-01 6.675794635532985698e-04 0.000000000000000000e+00
1.074000000000000057e+02 9.974788714461629846e-01 2.521128553835960684e-03 5.042257107671921368e-04 9.999999999999988898e-01 9.979841145211519882e-01 5.039713697118841304e-04 0.000000000000000000e+00
1.074500000000000028e+02 9.981831638510968441e-01 1.816836148902378767e-03 3.633672297804757534e-04 9.999999999999992228e-01 9.985470596162526746e-01 3.632350959367352822e-04 0.000000000000000000e+00
1.075000000000000000e+02 9.987725532552848007e-01 1.227446744714311144e-03 2.454893489428622289e-04 9.999999999999991118e-01 9.990182840596089076e-01 2.454289850976668053e-04 0.000000000000000000e+00
1.075500000000000114e+02 9.992468765021808030e-01 7.531234978180867401e-04 1.506246995636173480e-04 9.999999999999988898e-01 9.993975923455464816e-01 1.506019136132569778e-04 0.000000000000000000e+00
1.076000000000000085e+02 9.996060022797366162e-01 3.939977202624400654e-04 7.879954405248801308e-05 9.999999999999991118e-01 9.996848270536206060e-01 7.879323659472998922e-05 0.000000000000000000e+00
1.076500000000000057e+02 9.998498311668900795e-01 1.501688331090322848e-04 3.003376662180645695e-05 9.999999999999991118e-01 9.998798689348440405e-01 3.003276628889858289e-05 0.000000000000000000e+00
1.077000000000000028e+02 9.999782956279102963e-01 2.170437208875997115e-05 4.340874417751994230e-06 9.999999999999991118e-01 9.999826369706645846e-01 4.340757333743618834e-06 0.000000000000000000e+00
1.077500000000000000e+02 9.999913600763350452e-01 8.639923664011117665e-06 1.727984732802223533e-06 9.999999999999991118e-01 9.999930884660913621e-01 1.727883477061797934e-06 0.000000000000000000e+00
1.078000000000000114e+02 9.998890209048654221e-01 1.109790951336897535e-04 2.219581902673795071e-05 9.999999999999991118e-01 9.999112190871032313e-01 2.219522822408996295e-05 0.000000000000000000e+00
1.078500000000000085e+02 9.996713064549556105e-01 3.286935450433348116e-04 6.573870900866696232e-05 9.999999999999988898e-01 9.997370628433466244e-01 6.573428916325233439e-05 0.000000000000000000e+00
1.079000000000000057e+02 9.993382770161868267e-01 6.617229838121185814e-04 1.323445967624237163e-04 9.999999999999988898e-01 9.994706920667418837e-01 1.323269833144368943e-04 0.000000000000000000e+00
1.079500000000000028e+02 9.988900248111013402e-01 1.109975188897660558e-03 2.219950377795321117e-04 9.999999999999990008e-01 9.991122173673405715e-01 2.219456581647543899e-04 0.000000000000000000e+00
1.080000000000000000e+02 9.983266739420539881e-01 1.673326057944901635e-03 3.346652115889803270e-04 9.999999999999988898e-01 9.986617875503503994e-01 3.345531124123077814e-04 0.000000000000000000e+00
1.080500000000000114e+02 9.976483803335957079e-01 2.351619666403070852e-03 4.703239332806141704e-04 9.999999999999987788e-01 9.981195894788764678e-01 4.701026302808051062e-04 0.000000000000000000e+00
1.081000000000000085e+02 9.968553316791680663e-01 3.144668320830823482e-03 6.289336641661646965e-04 9.999999999999988898e-01 9.974858479622785712e-01 6.285380094302616847e-04 0.000000000000000000e+00
1.081500000000000057e+02 9.959477473558062677e-01 4.052252644192455566e-03 8.104505288384911132e-04 9.999999999999986677e-01 9.967608255984351517e-01 8.097936003911222931e-04 0.000000000000000000e+00
1.082000000000000028e+02 9.949258783046451837e-01 5.074121695353706052e-03 1.014824339070741210e-03 9.999999999999988898e-01 9.959448225117408793e-01 1.013794372064690192e-03 0.000000000000000000e+00
1.082500000000000000e+02 9.937900069501307554e-01 6.209993049867967851e-03 1.241998609973593570e-03 9.999999999999986677e-01 9.950381761882188814e-01 1.240455952945173409e-03 0.000000000000000000e+00
1.083000000000000114e+02 9.925404470822977165e-01 7.459552917701284258e-03 1.491910583540256852e-03 9.999999999999990008e-01 9.940412612454462282e-01 1.489684688638344282e-03 0.000000000000000000e+00
1.083500000000000085e+02 9.911775436794197924e-01 8.822456320579097344e-03 1.764491264115819469e-03 9.999999999999988898e-01 9.929544890579717897e-01 1.761377735506959759e-03 0.000000000000000000e+00
1.084000000000000057e+02 9.897016727797928182e-01 1.029832722020618263e-02 2.059665444041236526e-03 9.999999999999990008e-01 9.917783074981884051e-01 2.055423125452801158e-03 0.000000000000000000e+00
1.084500000000000028e+02 9.881132413461929387e-01 1.188675865380600660e-02 2.377351730761201321e-03 9.999999999999988898e-01 9.905132006644425946e-01 2.371699833889237725e-03 0.000000000000000000e+00
1.085000000000000000e+02 9.864126870673062264e-01 1.358731293269271889e-02 2.717462586538543778e-03 9.999999999999988898e-01 9.891596884641632448e-01 2.710077883959071711e-03 0.000000000000000000e+00
1.085500000000000114e+02 9.846004781140095252e-01 1.539952188598925353e-02 3.079904377197850707e-03 9.999999999999987788e-01 9.877183261295890970e-01 3.070418467602618190e-03 0.000000000000000000e+00
1.086000000000000085e+02 9.826771130172341495e-01 1.732288698276462924e-02 3.464577396552925848e-03 9.999999999999987788e-01 9.861897039741531756e-01 3.452574006461579022e-03 0.000000000000000000e+00
1.086500000000000057e+02 9.806431204733674356e-01 1.935687952663134315e-02 3.871375905326268629e-03 9.999999999999987788e-01 9.845744469736275040e-01 3.856388256593000410e-03 0.000000000000000000e+00
1.087000000000000028e+02 9.784990589911528591e-01 2.150094100884597514e-02 4.300188201769195029e-03 9.999999999999988898e-01 9.828732140684652840e-01 4.281696482883573171e-03 0.000000000000000000e+00
1.087500000000000000e+02 9.762455167236429032e-01 2.375448327635587553e-02 4.750896655271175106e-03 9.999999999999987788e-01 9.810866978403887106e-01 4.728325539902706112e-03 0.000000000000000000e+00
1.088000000000000114e+02 9.738831112608089535e-01 2.611688873918993625e-02 5.223377747837987251e-03 9.999999999999988898e-01 9.792156240773541853e-01 5.196093980661343516e-03 0.000000000000000000e+00
1.088500000000000085e+02 9.714124893629064728e-01 2.858751063709225049e-02 5.717502127418450097e-03 9.999999999999986677e-01 9.772607512112111428e-01 5.684812197197091146e-03 0.000000000000000000e+00
1.089000000000000057e+02 9.688343265224064194e-01 3.116567347759224837e-02 6.233134695518449675e-03 9.999999999999986677e-01 9.752228694893658734e-01 6.194282627658408494e-03 0.000000000000000000e+00
1.089500000000000028e+02 9.661493268411943669e-01 3.385067315880452288e-02 6.770134631760904576e-03 9.999999999999988898e-01 9.731028007353197395e-01 6.724299816169945418e-03 0.000000000000000000e+00
1.090000000000000000e+02 9.633582227546684251e-01 3.664177724533035363e-02 7.328355449066070726e-03 9.999999999999987788e-01 9.709013977460583256e-01 7.274650563485311056e-03 0.000000000000000000e+00
1.090500000000000114e+02 9.604617746366306275e-01 3.953822536336831783e-02 7.907645072673663567e-03 9.999999999999988898e-01 9.686195435174169699e-01 7.845114120645649974e-03 0.000000000000000000e+00
1.091000000000000085e+02 9.574607703787407775e-01 4.253922962125789020e-02 8.507845924251578040e-03 9.999999999999986677e-01 9.662581504684909506e-01 8.435462382877144394e-03 0.000000000000000000e+00
1.091500000000000057e+02 9.543560252392176979e-01 4.564397476078119187e-02 9.128794952156238374e-03 9.999999999999988898e-01 9.638181601383786212e-01 9.045459965405214589e-03 0.000000000000000000e+00
1.092000000000000028e+02 9.511483815360832761e-01 4.885161846391566920e-02 9.770323692783133840e-03 9.999999999999988898e-01 9.613005424977981717e-01 9.674864375550332185e-03 0.000000000000000000e+00
1.092500000000000000e+02 9.478387081133828884e-01 5.216129188661600136e-02 1.043225837732320027e-02 9.999999999999988898e-01 9.587062949605621442e-01 1.032342625985935985e-02 0.000000000000000000e+00
1.093000000000000114e+02 9.444278999588513468e-01 5.557210004114743196e-02 1.111442000822948639e-02 9.999999999999987788e-01 9.560364416911930618e-01 1.099088957720160270e-02 0.000000000000000000e+00
1.093500000000000085e+02 9.409168780026411216e-01 5.908312199735782366e-02 1.181662439947156473e-02 9.999999999999988898e-01 9.532920331988594675e-01 1.167699170028501515e-02 0.000000000000000000e+00
1.094000000000000057e+02 9.373065888024234571e-01 6.269341119757548819e-02 1.253868223951509764e-02 9.999999999999988898e-01 9.504741456182130843e-01 1.238146359544660402e-02 0.000000000000000000e+00
1.094500000000000028e+02 9.335980038836837469e-01 6.640199611631508736e-02 1.328039922326301747e-02 9.999999999999988898e-01 9.475838795347171217e-01 1.310403011632058946e-02 0.000000000000000000e+00
1.095000000000000000e+02 9.297921193740329437e-01 7.020788062596594603e-02 1.404157612519318921e-02 9.999999999999988898e-01 9.446223593351047443e-01 1.384441016622367342e-02 0.000000000000000000e+00
1.095500000000000114e+02 9.258899557704902694e-01 7.411004422950867587e-02 1.482200884590173517e-02 9.999999999999988898e-01 9.415907327420781625e-01 1.460231681448030845e-02 0.000000000000000000e+00
1.096000000000000085e+02 9.218925576112964038e-01 7.810744238870265255e-02 1.562148847774053051e-02 9.999999999999991118e-01 9.384901700589316498e-01 1.537745748526695051e-02 0.000000000000000000e+00
1.096500000000000057e+02 9.178009927344014107e-01 8.219900726559759008e-02 1.643980145311951802e-02 9.999999999999990008e-01 9.353218628902828513e-01 1.616953427742915533e-02 0.000000000000000000e+00
1.097000000000000028e+02 9.136163518733525502e-01 8.638364812664639514e-02 1.727672962532927903e-02 9.999999999999988898e-01 9.320870234408458188e-01 1.697824413978842040e-02 0.000000000000000000e+00
1.097500000000000000e+02 9.093397484348626492e-01 9.066025156513612959e-02 1.813205031302722592e-02 9.999999999999987788e-01 9.287868840798789716e-01 1.780327898003010792e-02 0.000000000000000000e+00
1.098000000000000114e+02 9.049723181334412558e-01 9.502768186655768945e-02 1.900553637331153789e-02 9.999999999999988898e-01 9.254226965069261013e-01 1.864432587326833590e-02 0.000000000000000000e+00
1.098500000000000085e+02 9.005152182439311037e-01 9.948478175606761953e-02 1.989695635121352391e-02 9.999999999999986677e-01 9.219957304975533452e-01 1.950106737561151798e-02 0.000000000000000000e+00
1.099000000000000057e+02 8.959696270774369919e-01 1.040303729225619533e-01 2.080607458451239067e-02 9.999999999999988898e-01 9.185072730197595403e-01 2.037318174505996574e-02 0.000000000000000000e+00
1.099500000000000028e+02 8.913367438098448448e-01 1.086632561901540450e-01 2.173265123803080900e-02 9.999999999999988898e-01 9.149586279097198238e-01 2.126034302256989139e-02 0.000000000000000000e+00
1.100000000000000000e+02 8.866177880596159966e-01 1.133822119403829487e-01 2.267644238807658974e-02 9.999999999999988898e-01 9.113511149369196707e-01 2.216222126576994009e-02 0.000000000000000000e+00
1.100500000000000114e+02 8.818139992311248010e-01 1.181860007688739778e-01 2.363720015377479555e-02 9.999999999999987788e-01 9.076860687152443763e-01 2.307848282118876021e-02 0.000000000000000000e+00
1.101000000000000085e+02 8.769266357796523526e-01 1.230733642203463152e-01 2.461467284406926304e-02 9.999999999999986677e-01 9.039648375087263599e-01 2.400879062281827472e-02 0.000000000000000000e+00
1.101500000000000057e+02 8.719569751020721515e-01 1.280430248979266827e-01 2.560860497958533655e-02 9.999999999999988898e-01 9.001887830365986609e-01 2.495280424085018559e-02 0.000000000000000000e+00
1.102000000000000028e+02 8.669063130623392288e-01 1.330936869376597720e-01 2.661873738753195440e-02 9.999999999999990008e-01 8.963592794847776712e-01 2.591018012880543647e-02 0.000000000000000000e+00
1.102500000000000000e+02 8.617759635216620806e-01 1.382240364783365871e-01 2.764480729566731743e-02 9.999999999999986677e-01 8.924777126845707675e-01 2.688057182885715546e-02 0.000000000000000000e+00
1.103000000000000114e+02 8.565672573345434193e-01 1.434327426654555260e-01 2.868654853309110520e-02 9.999999999999988898e-01 8.885454785537079125e-01 2.786363036157288309e-02 0.000000000000000000e+00
1.103500000000000085e+02 8.512815422468242854e-01 1.487184577531747154e-01 2.974369155063494308e-02 9.999999999999990008e-01 8.845639829295731671e-01 2.885900426760655557e-02 0.000000000000000000e+00
1.104000000000000057e+02 8.459201824262363445e-01 1.540798175737626008e-01 3.081596351475252016e-02 9.999999999999988898e-01 8.805346406786521696e-01 2.986633983033679801e-02 0.000000000000000000e+00
1.104500000000000028e+02 8.404845581894498929e-01 1.595154418105490524e-01 3.190308836210981047e-02 9.999999999999988898e-01 8.764588750919106719e-01 3.088528122702218284e-02 0.000000000000000000e+00
1.105000000000000000e+02 8.349760648286335130e-01 1.650239351713653213e-01 3.300478703427306426e-02 9.999999999999988898e-01 8.723381161521333027e-01 3.191547096196651473e-02 0.000000000000000000e+00
1.105500000000000114e+02 8.293961123245240374e-01 1.706038876754747968e-01 3.412077753509495937e-02 9.999999999999988898e-01 8.681738000924863474e-01 3.295654997687826049e-02 0.000000000000000000e+00
1.106000000000000085e+02 8.237461250836285442e-01 1.762538749163705676e-01 3.525077498327411352e-02 9.999999999999991118e-01 8.639673689417319835e-01 3.400815776456684453e-02 0.000000000000000000e+00
1.106500000000000057e+02 8.180275415350491963e-01 1.819724584649498600e-01 3.639449169298997200e-02 9.999999999999991118e-01 8.597202696461996307e-01 3.506993258844993272e-02 0.000000000000000000e+00
1.107000000000000028e+02 8.122418133155553388e-01 1.877581866844435510e-01 3.755163733688871019e-02 9.999999999999988898e-01 8.554339529174171952e-01 3.614151177064555548e-02 0.000000000000000000e+00
1.107500000000000000e+02 8.063904044575378460e-01 1.936095955424610437e-01 3.872191910849220875e-02 9.999999999999988898e-01 8.511098720565419828e-01 3.722253198586435163e-02 0.000000000000000000e+00
1.108000000000000114e+02 8.004747913241595514e-01 1.995252086758395049e-01 3.990504173516790098e-02 9.999999999999991118e-01 8.467494828533569384e-01 3.831262928666058498e-02 0.000000000000000000e+00
1.108500000000000085e+02 7.944964620764651819e-01 2.055035379235337079e-01 4.110070758470674157e-02 9.999999999999988898e-01 8.423542426177453857e-01 3.941143934556350092e-02 0.000000000000000000e+00
1.109000000000000057e+02 7.884569163939217917e-01 2.115430836060772091e-01 4.230861672121544181e-02 9.999999999999990008e-01 8.379256096625194994e-01 4.051859758436995862e-02 0.000000000000000000e+00
1.109500000000000028e+02 7.823576641884667504e-01 2.176423358115323059e-01 4.352846716230646118e-02 9.999999999999991118e-01 8.334650415826568848e-01 4.163373960433559839e-02 0.000000000000000000e+00
1.110000000000000000e+02 7.762002254045335947e-01 2.237997745954653506e-01 4.475995491909307011e-02 9.999999999999988898e-01 8.289739949733129221e-01 4.275650125667160295e-02 0.000000000000000000e+00
1.110500000000000114e+02 7.699861297513582725e-01 2.300138702486406728e-01 4.600277404972813455e-02 9.999999999999988898e-01 8.244539250127269625e-01 4.388651874681808590e-02 0.000000000000000000e+00
1.111000000000000085e+02 7.637169163120088866e-01 2.362830836879900587e-01 4.725661673759801173e-02 9.999999999999988898e-01 8.199062846603870636e-01 4.502342883490307451e-02 0.000000000000000000e+00
1.111500000000000057e+02 7.573941327663031853e-01 2.426058672336958710e-01 4.852117344673917421e-02 9.999999999999991118e-01 8.153325236870664350e-01 4.616686907823323166e-02 0.000000000000000000e+00
1.112000000000000028e+02 7.510193344587349218e-01 2.489806655412640790e-01 4.979613310825281580e-02 9.999999999999990008e-01 8.107340874705601941e-01 4.731647813235979882e-02 0.000000000000000000e+00
1.112500000000000000e+02 7.445940843702654188e-01 2.554059156297336375e-01 5.108118312594672750e-02 9.999999999999991118e-01 8.061124169573540277e-01 4.847189576066133349e-02 0.000000000000000000e+00
1.113000000000000114e+02 7.381199526027550917e-01 2.618800473972440757e-01 5.237600947944881513e-02 9.999999999999991118e-01 8.014689478703853620e-01 4.963276303240351378e-02 0.000000000000000000e+00
1.113500000000000085e+02 7.315985162608446002e-01 2.684014837391543451e-01 5.368029674783086902e-02 9.999999999999988898e-01 7.968051103738047480e-01 5.079872240654865340e-02 0.000000000000000000e+00
1.114000000000000057e+02 7.250313581381099270e-01 2.749686418618890738e-01 5.499372837237781475e-02 9.999999999999990008e-01 7.921223275505211436e-01 5.196941811236955450e-02 0.000000000000000000e+00
1.114500000000000028e+02 7.184200663000893661e-01 2.815799336999097457e-01 5.631598673998194915e-02 9.999999999999991118e-01 7.874220148909527595e-01 5.314449627726164360e-02 0.000000000000000000e+00
1.115000000000000000e+02 7.117662339984293096e-01 2.882337660015696357e-01 5.764675320031392713e-02 9.999999999999988898e-01 7.827055801832664139e-01 5.432360495418322999e-02 0.000000000000000000e+00
1.115500000000000114e+02 7.050714591457708513e-01 2.949285408542282050e-01 5.898570817084564100e-02 9.999999999999991118e-01 7.779744227036308191e-01 5.550639432409213564e-02 0.000000000000000000e+00
1.116000000000000085e+02 6.983373440991028636e-01 3.016626559008961372e-01 6.033253118017922745e-02 9.999999999999990008e-01 7.732299329010459132e-01 5.669251677473835516e-02 0.000000000000000000e+00
1.116500000000000057e+02 6.915654943062387039e-01 3.084345056937601304e-01 6.168690113875202607e-02 9.999999999999988898e-01 7.684734909344511644e-01 5.788162726638703542e-02 0.000000000000000000e+00
1.117000000000000028e+02 6.847575181387808296e-01 3.152424818612181712e-01 6.304849637224363423e-02 9.999999999999990008e-01 7.637064664811323844e-01 5.907338337971673042e-02 0.000000000000000000e+00
1.117500000000000000e+02 6.779150267264456575e-01 3.220849732735533988e-01 6.441699465471067976e-02 9.999999999999991118e-01 7.589302185409591006e-01 6.026744536476007219e-02 0.000000000000000000e+00
1.118000000000000114e+02 6.710396335267774237e-01 3.289603664732215771e-01 6.579207329464431542e-02 9.999999999999990008e-01 7.541460947797451464e-01 6.146347630506356768e-02 0.000000000000000000e+00
1.118500000000000085e+02 6.641329539188279840e-01 3.358670460811710723e-01 6.717340921623421446e-02 9.999999999999991118e-01 7.493554311161052528e-01 6.266114222097353414e-02 0.000000000000000000e+00
1.119000000000000057e+02 6.571966039855243746e-01 3.428033960144746817e-01 6.856067920289493633e-02 9.999999999999991118e-01 7.445595505154825045e-01 6.386011237112923511e-02 0.000000000000000000e+00
1.119500000000000028e+02 6.502322004461720262e-01 3.497677995538267526e-01 6.995355991076535052e-02 9.999999999999987788e-01 7.397597629191345892e-01 6.506005927021618618e-02 0.000000000000000000e+00
1.120000000000000000e+02 6.432413604404949581e-01 3.567586395595037652e-01 7.135172791190075303e-02 9.999999999999986677e-01 7.349573650178878870e-01 6.626065874552788948e-02 0.000000000000000000e+00
1.120500000000000114e+02 6.362257012015193336e-01 3.637742987984793341e-01 7.275485975969586683e-02 9.999999999999986677e-01 7.301536397766349440e-01 6.746159005584111135e-02 0.000000000000000000e+00
1.121000000000000085e+02 6.291868395251104529e-01 3.708131604748882149e-01 7.416263209497764297e-02 9.999999999999986677e-01 7.253498559803061019e-01 6.866253600492330800e-02 0.000000000000000000e+00
1.121500000000000057e+02 6.221263906788623288e-01 3.778736093211365610e-01 7.557472186422731220e-02 9.999999999999988898e-01 7.205472672701718206e-01 6.986318318245687831e-02 0.000000000000000000e+00
1.122000000000000028e+02 6.150459683691227308e-01 3.849540316308761034e-01 7.699080632617522069e-02 9.999999999999988898e-01 7.157471121129997949e-01 7.106322197174989863e-02 0.000000000000000000e+00
1.122500000000000000e+02 6.079471845222013116e-01 3.920528154777974672e-01 7.841056309555949344e-02 9.999999999999987788e-01 7.109506136093287632e-01 7.226234659766764268e-02 0.000000000000000000e+00
1.123000000000000114e+02 6.008316490192472381e-01 3.991683509807514296e-01 7.983367019615028592e-02 9.999999999999986677e-01 7.061589791638007707e-01 7.346025520904966855e-02 0.000000000000000000e+00
1.123500000000000085e+02 5.937009691649869358e-01 4.062990308350117319e-01 8.125980616700234638e-02 9.999999999999986677e-01 7.013734000916951317e-01 7.465664997707605055e-02 0.000000000000000000e+00
1.124000000000000057e+02 5.865567486492022642e-01 4.134432513507965701e-01 8.268865027015931402e-02 9.999999999999988898e-01 6.965950508310124745e-01 7.585123729224674261e-02 0.000000000000000000e+00
1.124500000000000028e+02 5.794005875200334277e-01 4.205994124799652956e-01 8.411988249599305911e-02 9.999999999999986677e-01 6.918250889212534949e-01 7.704372776968648751e-02 0.000000000000000000e+00
1.125000000000000000e+02 5.722340820053792854e-01 4.277659179946194379e-01 8.555318359892388758e-02 9.999999999999986677e-01 6.870646548840373402e-01 7.823383627899049841e-02 0.000000000000000000e+00
1.125500000000000114e+02 5.650588242589693611e-01 4.349411757410293067e-01 8.698823514820586134e-02 9.999999999999986677e-01 6.823148720080214336e-01 7.942128199799446120e-02 0.000000000000000000e+00
1.126000000000000085e+02 5.578764019533315466e-01 4.421235980466670101e-01 8.842471960933340203e-02 9.999999999999985567e-01 6.775768460875167820e-01 8.060578847812062409e-02 0.000000000000000000e+00
1.126500000000000057e+02 5.506883972200365962e-01 4.493116027799620715e-01 8.986232055599241431e-02 9.999999999999986677e-01 6.728516647660737204e-01 8.178708380848140336e-02 0.000000000000000000e+00
1.127000000000000028e+02 5.434963866105937402e-01 4.565036133894048720e-01 9.130072267788097440e-02 9.999999999999986677e-01 6.681403975117476968e-01 8.296490062206292315e-02 0.000000000000000000e+00
1.127500000000000000e+02 5.363019409810368954e-01 4.636980590189615503e-01 9.273961180379231006e-02 9.999999999999984457e-01 6.634440955677128882e-01 8.413897610807161143e-02 0.000000000000000000e+00
1.128000000000000114e+02 5.291066252182148322e-01 4.708933747817836690e-01 9.417867495635673381e-02 9.999999999999984457e-01 6.587637918515489854e-01 8.530905203711260099e-02 0.000000000000000000e+00
1.128500000000000085e+02 5.219119980429512973e-01 4.780880019570471484e-01 9.561760039140942968e-02 9.999999999999984457e-01 6.541005008399166654e-01 8.647487479002066713e-02 0.000000000000000000e+00
1.129000000000000057e+02 5.147196108981784146e-01 4.852803891018200866e-01 9.705607782036401732e-02 9.999999999999984457e-01 6.494552180451728107e-01 8.763619548870663079e-02 0.000000000000000000e+00
1.129500000000000028e+02 5.075310078712593764e-01 4.924689921287389582e-01 9.849379842574779165e-02 9.999999999999983347e-01 6.448289199801757743e-01 8.879277000495590377e-02 0.000000000000000000e+00
1.130000000000000000e+02 5.003477256410803209e-01 4.996522743589179583e-01 9.993045487178359165e-02 9.999999999999982236e-01 6.402225641495795649e-01 8.994435896260494223e-02 0.000000000000000000e+00
1.130500000000000114e+02 4.931712931861093607e-01 5.068287068138890294e-01 1.013657413627778170e-01 9.999999999999984457e-01 6.356370890737317314e-01 9.109072773156691449e-02 0.000000000000000000e+00
1.131000000000000085e+02 4.860032318135328877e-01 5.139967681864654470e-01 1.027993536372930894e-01 9.999999999999983347e-01 6.310734142959238957e-01 9.223164642601885954e-02 0.000000000000000000e+00
1.131500000000000057e+02 4.788450540396597677e-01 5.211549459603387335e-01 1.042309891920677467e-01 9.999999999999984457e-01 6.265324400221008450e-01 9.336688999447463611e-02 0.000000000000000000e+00
1.132000000000000028e+02 4.716982634287781861e-01 5.283017365712203706e-01 1.056603473142440630e-01 9.999999999999985567e-01 6.220150470786862673e-01 9.449623823032826664e-02 0.000000000000000000e+00
1.132500000000000000e+02 4.645643545829028498e-01 5.354356454170955404e-01 1.070871290834191081e-01 9.999999999999984457e-01 6.175220969136668847e-01 9.561947577158311229e-02 0.000000000000000000e+00
1.133000000000000114e+02 4.574448128725860374e-01 5.425551871274123528e-01 1.085110374254824595e-01 9.999999999999984457e-01 6.130544317248203257e-01 9.673639206879475205e-02 0.000000000000000000e+00
1.133500000000000085e+02 4.503411146046052971e-01 5.496588853953929821e-01 1.099317770790785853e-01 9.999999999999982236e-01 6.086128745774064264e-01 9.784678135564824075e-02 0.000000000000000000e+00
1.134000000000000057e+02 4.432547260424457014e-01 5.567452739575526888e-01 1.113490547915105267e-01 9.999999999999984457e-01 6.041982292172717317e-01 9.895044269568190054e-02 0.000000000000000000e+00
1.134500000000000028e+02 4.361871030908193170e-01 5.638128969091791287e-01 1.127625793818358146e-01 9.999999999999984457e-01 5.998112800514677767e-01 1.000471799871329032e-01 0.000000000000000000e+00
1.135000000000000000e+02 4.291396912956628729e-01 5.708603087043353508e-01 1.141720617408670813e-01 9.999999999999982236e-01 5.954527921482493102e-01 1.011368019629375059e-01 0.000000000000000000e+00
1.135500000000000114e+02 4.221139256846256349e-01 5.778860743153726443e-01 1.155772148630745400e-01 9.999999999999982236e-01 5.911235113844408584e-01 1.022191221538896466e-01 0.000000000000000000e+00
1.136000000000000085e+02 4.151112308605812151e-01 5.848887691394168975e-01 1.169777538278833906e-01 9.999999999999981126e-01 5.868241647346724710e-01 1.032939588163317574e-01 0.000000000000000000e+00
1.136500000000000057e+02 4.081330204172372023e-01 5.918669795827611324e-01 1.183733959165522154e-01 9.999999999999983347e-01 5.825554601784881381e-01 1.043611349553778267e-01 0.000000000000000000e+00
1.137000000000000028e+02 4.011806963791829661e-01 5.988193036208153686e-01 1.197638607241630626e-01 9.999999999999983347e-01 5.783180867817843129e-01 1.054204783045537969e-01 0.000000000000000000e+00
1.137500000000000000e+02 3.942556492000023338e-01 6.057443507999960008e-01 1.211488701599992002e-01 9.999999999999983347e-01 5.741127146975023576e-01 1.064718213256242718e-01 0.000000000000000000e+00
1.138000000000000114e+02 3.873592576991271574e-01 6.126407423008711772e-01 1.225281484601742354e-01 9.999999999999983347e-01 5.699399952551571502e-01 1.075150011862105598e-01 0.000000000000000000e+00
1.138500000000000085e+02 3.804928890503069261e-01 6.195071109496913531e-01 1.239014221899382706e-01 9.999999999999982236e-01 5.658005614346846013e-01 1.085498596413287248e-01 0.000000000000000000e+00
1.139000000000000057e+02 3.736578986183747286e-01 6.263421013816237171e-01 1.252684202763247323e-01 9.999999999999984457e-01 5.616950278148040709e-01 1.095762430462988435e-01 0.000000000000000000e+00
1.139500000000000028e+02 3.668556292201049507e-01 6.331443707798933840e-01 1.266288741559786768e-01 9.999999999999983347e-01 5.576239908011852986e-01 1.105940022997035227e-01 0.000000000000000000e+00
1.140000000000000000e+02 3.600874110826701169e-01 6.399125889173282733e-01 1.279825177834656436e-01 9.999999999999984457e-01 5.535880286520956650e-01 1.116029928369759311e-01 0.000000000000000000e+00
1.140500000000000114e+02 3.533545618300223956e-01 6.466454381699757725e-01 1.293290876339951434e-01 9.999999999999982236e-01 5.495877015032076818e-01 1.126030746241979408e-01 0.000000000000000000e+00
1.141000000000000085e+02 3.466583864162117168e-01 6.533416135837863958e-01 1.306683227167572681e-01 9.999999999999981126e-01 5.456235518980412369e-01 1.135941120254895659e-01 0.000000000000000000e+00
1.141500000000000057e+02 3.400001772556397461e-01 6.599998227443584220e-01 1.319999645488716955e-01 9.999999999999982236e-01 5.416961048637993770e-01 1.145759737840500031e-01 0.000000000000000000e+00
1.142000000000000028e+02 3.333812134858838427e-01 6.666187865141143254e-01 1.333237573028228651e-01 9.999999999999982236e-01 5.378058682090410825e-01 1.155485329477396045e-01 0.000000000000000000e+00
1.142500000000000000e+02 3.268027608238696091e-01 6.731972391761285035e-01 1.346394478352256896e-01 9.999999999999981126e-01 5.339533326480242481e-01 1.165116668379938131e-01 0.000000000000000000e+00
1.143000000000000114e+02 3.202660715658690038e-01 6.797339284341291643e-01 1.359467856868258329e-01 9.999999999999982236e-01 5.301389718007054608e-01 1.174652570498234960e-01 0.000000000000000000e+00
1.143500000000000085e+02 3.137723845370983256e-01 6.862276154628998981e-01 1.372455230925799796e-01 9.999999999999982236e-01 5.263632425644596546e-01 1.184091893588849753e-01 0.000000000000000000e+00
1.144000000000000057e+02 3.073229252888868279e-01 6.926770747111112847e-01 1.385354149422222680e-01 9.999999999999981126e-01 5.226265855404400584e-01 1.193433536148898605e-01 0.000000000000000000e+00
1.144500000000000028e+02 3.009189056169279120e-01 6.990810943830703117e-01 1.398162188766140512e-01 9.999999999999982236e-01 5.189294251603253638e-01 1.202676437099185341e-01 0.000000000000000000e+00
1.145000000000000000e+02 2.945615232424194097e-01 7.054384767575785364e-01 1.410876953515157184e-01 9.999999999999980016e-01 5.152721700458078313e-01 1.211819574885479311e-01 0.000000000000000000e+00
1.145500000000000114e+02 2.882519618118665750e-01 7.117480381881315932e-01 1.423496076376263297e-01 9.999999999999982236e-01 5.116552130090051831e-01 1.220861967477485932e-01 0.000000000000000000e+00
1.146000000000000085e+02 2.819913908803609037e-01 7.180086091196371534e-01 1.436017218239274418e-01 9.999999999999980016e-01 5.080789312064457608e-01 1.229802671983884349e-01 0.000000000000000000e+00
1.146500000000000057e+02 2.757809660547236308e-01 7.242190339452745373e-01 1.448438067890548964e-01 9.999999999999982236e-01 5.045436868597108493e-01 1.238640782850721767e-01 0.000000000000000000e+00
1.147000000000000028e+02 2.696218288576004984e-01 7.303781711423975587e-01 1.460756342284795228e-01 9.999999999999980016e-01 5.010498272255677898e-01 1.247375431936079276e-01 0.000000000000000000e+00
1.147500000000000000e+02 2.635151062675412104e-01 7.364848937324566247e-01 1.472969787464913360e-01 9.999999999999977796e-01 4.975976851594289818e-01 1.256005787101426296e-01 0.000000000000000000e+00
1.148000000000000114e+02 2.574619106972694249e-01 7.425380893027286877e-01 1.485076178605457264e-01 9.999999999999981126e-01 4.941875791665001350e-01 1.264531052083748552e-01 0.000000000000000000e+00
1.148500000000000085e+02 2.514633399905009670e-01 7.485366600094969236e-01 1.497073320018993958e-01 9.999999999999978906e-01 4.908198134318239036e-01 1.272950466420439131e-01 0.000000000000000000e+00
1.149000000000000057e+02 2.455204775022712949e-01 7.544795224977265402e-01 1.508959044995453191e-01 9.999999999999977796e-01 4.874946785267796900e-01 1.281263303683049526e-01 0.000000000000000000e+00
1.149500000000000028e+02 2.396343922247158031e-01 7.603656077752820597e-01 1.520731215550564230e-01 9.999999999999978906e-01 4.842124515050299505e-01 1.289468871237423875e-01 0.000000000000000000e+00
1.150000000000000000e+02 2.338061383194517950e-01 7.661938616805461510e-01 1.532387723361092191e-01 9.999999999999980016e-01 4.809733964382652549e-01 1.297566508904335614e-01 0.000000000000000000e+00
1.150500000000000114e+02 2.280367550372647545e-01 7.719632449627331638e-01 1.543926489925466217e-01 9.999999999999978906e-01 4.777777646261819333e-01 1.305555588434544056e-01 0.000000000000000000e+00
1.151000000000000085e+02 2.223272667181148687e-01 7.776727332818831329e-01 1.555345466563766155e-01 9.999999999999980016e-01 4.746257945964859060e-01 1.313435513508784125e-01 0.000000000000000000e+00
1.151500000000000057e+02 2.166786828286166033e-01 7.833213171713813150e-01 1.566642634342762519e-01 9.999999999999978906e-01 4.715177125250747947e-01 1.321205718687311625e-01 0.000000000000000000e+00
1.152000000000000028e+02 2.110919981978193471e-01 7.889080018021785712e-01 1.577816003604357031e-01 9.999999999999978906e-01 4.684537327645390548e-01 1.328865668088650975e-01 0.000000000000000000e+00
1.152500000000000000e+02 2.055681926980972851e-01 7.944318073019005499e-01 1.588863614603800989e-01 9.999999999999977796e-01 4.654340580353665824e-01 1.336414854911582295e-01 0.000000000000000000e+00
1.153000000000000114e+02 2.001082310737207215e-01 7.998917689262772246e-01 1.599783537852554338e-01 9.999999999999980016e-01 4.624588799285384577e-01 1.343852800178652607e-01 0.000000000000000000e+00
1.153500000000000085e+02 1.947130629406653712e-01 8.052869370593324083e-01 1.610573874118664817e-01 9.999999999999977796e-01 4.595283789072585057e-01 1.351179052731852348e-01 0.000000000000000000e+00
1.154000000000000057e+02 1.893836228006422207e-01 8.106163771993557532e-01 1.621232754398711506e-01 9.999999999999980016e-01 4.566427244668369578e-01 1.358393188832906495e-01 0.000000000000000000e+00
1.154500000000000028e+02 1.841208302711908051e-01 8.158791697288070299e-01 1.631758339457614060e-01 9.999999999999977796e-01 4.538020759148612138e-01 1.365494810212845855e-01 0.000000000000000000e+00
1.155000000000000000e+02 1.789255899846811382e-01 8.210744100153166691e-01 1.642148820030633338e-01 9.999999999999977796e-01 4.510065823641867810e-01 1.372483544089531937e-01 0.000000000000000000e+00
1.155500000000000114e+02 1.737987913433119425e-01 8.262012086566858926e-01 1.652402417313371674e-01 9.999999999999977796e-01 4.482563833984255508e-01 1.379359041503935013e-01 0.000000000000000000e+00
1.156000000000000085e+02 1.687413085114455591e-01 8.312586914885522482e-01 1.662517382977104496e-01 9.999999999999977796e-01 4.455516091350308350e-01 1.386120977162421664e-01 0.000000000000000000e+00
1.156500000000000057e+02 1.637540004182005127e-01 8.362459995817974612e-01 1.672491999163595033e-01 9.999999999999980016e-01 4.428923802590996606e-01 1.392769049352249877e-01 0.000000000000000000e+00
1.157000000000000028e+02 1.588377109276795096e-01 8.411622890723182699e-01 1.682324578144636651e-01 9.999999999999977796e-01 4.402788087370479442e-01 1.399302978157379029e-01 0.000000000000000000e+00
1.157500000000000000e+02 1.539932689320683279e-01 8.460067310679295627e-01 1.692013462135859014e-01 9.999999999999978906e-01 4.377109979125015093e-01 1.405722505218744978e-01 0.000000000000000000e+00
1.158000000000000114e+02 1.492214880894156548e-01 8.507785119105824023e-01 1.701557023821164694e-01 9.999999999999980016e-01 4.351890430922925046e-01 1.412027392269267489e-01 0.000000000000000000e+00
1.158500000000000085e+02 1.445231667984070434e-01 8.554768332015907362e-01 1.710953666403181583e-01 9.999999999999977796e-01 4.327130317526572401e-01 1.418217420618355928e-01 0.000000000000000000e+00
1.159000000000000057e+02 1.398990881983567247e-01 8.601009118016411659e-01 1.720201823603282332e-01 9.999999999999978906e-01 4.302830435392316910e-01 1.424292391151919523e-01 0.000000000000000000e+00
1.159500000000000028e+02 1.353500202675703701e-01 8.646499797324278536e-01 1.729299959464855596e-01 9.999999999999982236e-01 4.278991507227388746e-01 1.430252123193151703e-01 0.000000000000000000e+00
1.160000000000000000e+02 1.308767160406833774e-01 8.691232839593145965e-01 1.738246567918629304e-01 9.999999999999980016e-01 4.255614186084285544e-01 1.436096453478927504e-01 0.000000000000000000e+00
1.160500000000000114e+02 1.264799133876650383e-01 8.735200866123329355e-01 1.747040173224665982e-01 9.999999999999980016e-01 4.232699058270654180e-01 1.441825235432335484e-01 0.000000000000000000e+00
1.161000000000000085e+02 1.221603349660318610e-01 8.778396650339661544e-01 1.755679330067932420e-01 9.999999999999980016e-01 4.210246647505427320e-01 1.447438338123642199e-01 0.000000000000000000e+00
1.161500000000000057e+02 1.179186882208400622e-01 8.820813117791579394e-01 1.764162623558315768e-01 9.999999999999980016e-01 4.188257414918785670e-01 1.452935646270302472e-01 0.000000000000000000e+00
1.162000000000000028e+02 1.137556654314815785e-01 8.862443345685164786e-01 1.772488669137032846e-01 9.999999999999980016e-01 4.166731761198534945e-01 1.458317059700365015e-01 0.000000000000000000e+00
1.162500000000000000e+02 1.096719439655280265e-01 8.903280560344700723e-01 1.780656112068940145e-01 9.999999999999981126e-01 4.145670032905972024e-01 1.463582491773505745e-01 0.000000000000000000e+00
1.163000000000000114e+02 1.056681861462358124e-01 8.943318138537623696e-01 1.788663627707524628e-01 9.999999999999982236e-01 4.125072523096846022e-01 1.468731869225787245e-01 0.000000000000000000e+00
1.163500000000000085e+02 1.017450391799067377e-01 8.982549608200912639e-01 1.796509921640182528e-01 9.999999999999980016e-01 4.104939476770063100e-01 1.473765130807482837e-01 0.000000000000000000e+00
1.164000000000000057e+02 9.790313515704801572e-02 9.020968648429500414e-01 1.804193729685900083e-01 9.999999999999980016e-01 4.085271091096228657e-01 1.478682227225941448e-01 0.000000000000000000e+00
1.164500000000000028e+02 9.414309107219373529e-02 9.058569089278043496e-01 1.811713817855608588e-01 9.999999999999981126e-01 4.066067516327366849e-01 1.483483120918157039e-01 0.000000000000000000e+00
1.165000000000000000e+02 9.046550905456959835e-02 9.095344909454283755e-01 1.819068981890856751e-01 9.999999999999980016e-01 4.047328862080490364e-01 1.488167784479876299e-01 0.000000000000000000e+00
1.165500000000000114e+02 8.687097633418477960e-02 9.131290236658131665e-01 1.826258047331626444e-01 9.999999999999980016e-01 4.029055197702697821e-01 1.492736200574324434e-01 0.000000000000000000e+00
1.166000000000000085e+02 8.336006515120693294e-02 9.166399348487910270e-01 1.833279869697582165e-01 9.999999999999980016e-01 4.011246557542668123e-01 1.497188360614331859e-01 0.000000000000000000e+00
1.166500000000000057e+02 7.993333275912513358e-02 9.200666672408730484e-01 1.840133334481746097e-01 9.999999999999982236e-01 3.993902941665827822e-01 1.501524264583541934e-01 0.000000000000000000e+00
1.167000000000000028e+02 7.659132143241667579e-02 9.234086785675812425e-01 1.846817357135162596e-01 9.999999999999978906e-01 3.977024316203557897e-01 1.505743920949109138e-01 0.000000000000000000e+00
1.167500000000000000e+02 7.333455865509891369e-02 9.266654413448991434e-01 1.853330882689798176e-01 9.999999999999980016e-01 3.960610618676808636e-01 1.509847345330796731e-01 0.000000000000000000e+00
1.168000000000000114e+02 7.016355716057158520e-02 9.298364428394265691e-01 1.859672885678853027e-01 9.999999999999981126e-01 3.944661758880475544e-01 1.513834560279880004e-01 0.000000000000000000e+00
1.168500000000000085e+02 6.707881483644423382e-02 9.329211851635538233e-01 1.865842370327107647e-01 9.999999999999980016e-01 3.929177623274351938e-01 1.517705594181410766e-01 0.000000000000000000e+00
1.169000000000000057e+02 6.408081472968897574e-02 9.359191852703091508e-01 1.871838370540618302e-01 9.999999999999981126e-01 3.914158076164444000e-01 1.521460480958887751e-01 0.000000000000000000e+00
1.169500000000000028e+02 6.117002504969959453e-02 9.388299749502984071e-01 1.877659949900596925e-01 9.999999999999980016e-01 3.899602959837685789e-01 1.525099260040577165e-01 0.000000000000000000e+00
1.170000000000000000e+02 5.834689931873438679e-02 9.416531006812636218e-01 1.883306201362527355e-01 9.999999999999980016e-01 3.885512098787730073e-01 1.528621975303066094e-01 0.000000000000000000e+00
1.170500000000000114e+02 5.561187644984979389e-02 9.443881235501483395e-01 1.888776247100296679e-01 9.999999999999981126e-01 3.871885301120138179e-01 1.532028674719964345e-01 0.000000000000000000e+00
1.171000000000000085e+02 5.296538065811279283e-02 9.470346193418852643e-01 1.894069238683770418e-01 9.999999999999980016e-01 3.858722361950132074e-01 1.535319409512465594e-01 0.000000000000000000e+00
1.171500000000000057e+02 5.040782146748595122e-02 9.495921785325120990e-01 1.899184357065024087e-01 9.999999999999980016e-01 3.846023064808507530e-01 1.538494233797871868e-01 0.000000000000000000e+00
1.172000000000000028e+02 4.793959371262631469e-02 9.520604062873718743e-01 1.904120812574743860e-01 9.999999999999982236e-01 3.833787181715216930e-01 1.541553204571194380e-01 0.000000000000000000e+00
1.172500000000000000e+02 4.556107766435726902e-02 9.544389223356408714e-01 1.908877844671281743e-01 9.999999999999981126e-01 3.822014476554271289e-01 1.544496380861430651e-01 0.000000000000000000e+00
1.173000000000000114e+02 4.327263911213879988e-02 9.567273608878592572e-01 1.913454721775718625e-01 9.999999999999980016e-01 3.810704706612964565e-01 1.547323823346757610e-01 0.000000000000000000e+00
1.173500000000000085e+02 4.107462928840032584e-02 9.589253707115976688e-01 1.917850741423195449e-01 9.999999999999980016e-01 3.799857625221443325e-01 1.550035593694637781e-01 0.000000000000000000e+00
1.174000000000000057e+02 3.896738487636423193e-02 9.610326151236339154e-01 1.922065230247267942e-01 9.999999999999981126e-01 3.789472983041977106e-01 1.552631754239504336e-01 0.000000000000000000e+00
1.174500000000000028e+02 3.695122801234055482e-02 9.630487719876573705e-01 1.926097543975314741e-01 9.999999999999978906e-01 3.779550528151992550e-01 1.555112367962000475e-01 0.000000000000000000e+00
1.175000000000000000e+02 3.502646639970719011e-02 9.649735336002909225e-01 1.929947067200581956e-01 9.999999999999981126e-01 3.770090008877043375e-01 1.557477497780737907e-01 0.000000000000000000e+00
1.175500000000000114e+02 3.319339336898640552e-02 9.668066066310115891e-01 1.933613213262023178e-01 9.999999999999980016e-01 3.761091175054934732e-01 1.559727206236264929e-01 0.000000000000000000e+00
1.176000000000000085e+02 3.145228781971309839e-02 9.685477121802849032e-01 1.937095424360569806e-01 9.999999999999980016e-01 3.752553780175562625e-01 1.561861554956107956e-01 0.000000000000000000e+00
1.176500000000000057e+02 2.980341422776902616e-02 9.701965857722288922e-01 1.940393171544457784e-01 9.999999999999978906e-01 3.744477582279259198e-01 1.563880604430183952e-01 0.000000000000000000e+00
1.177000000000000028e+02 2.824702265056059855e-02 9.717529773494376633e-01 1.943505954698875327e-01 9.999999999999982236e-01 3.736862344114126322e-01 1.565784413971467171e-01 0.000000000000000000e+00
1.177500000000000000e+02 2.678334883693404833e-02 9.732166511630641059e-01 1.946433302326128212e-01 9.999999999999981126e-01 3.729707835578365827e-01 1.567573041105407294e-01 0.000000000000000000e+00
1.178000000000000114e+02 2.541261424654370563e-02 9.745873857534546048e-01 1.949174771506909098e-01 9.999999999999983347e-01 3.723013834524900312e-01 1.569246541368773673e-01 0.000000000000000000e+00
1.178500000000000085e+02 2.413502601309517465e-02 9.758649739869029727e-01 1.951729947973805945e-01 9.999999999999981126e-01 3.716780128441832809e-01 1.570804967889540549e-01 0.000000000000000000e+00
1.179000000000000057e+02 2.295077694958033709e-02 9.770492230504177478e-01 1.954098446100835385e-01 9.999999999999981126e-01 3.711006514885092367e-01 1.572248371278725798e-01 0.000000000000000000e+00
1.179500000000000028e+02 2.186004556176810235e-02 9.781399544382302080e-01 1.956279908876460416e-01 9.999999999999983347e-01 3.705692801808482262e-01 1.573576799547878047e-01 0.000000000000000000e+00
1.180000000000000000e+02 2.086299614742881392e-02 9.791370038525692987e-01 1.958274007705138597e-01 9.999999999999981126e-01 3.700838809514961913e-01 1.574790297621257995e-01 0.000000000000000000e+00
1.180500000000000114e+02 1.995977877124115521e-02 9.800402212287571135e-01 1.960080442457514116e-01 9.999999999999982236e-01 3.696444371054551925e-01 1.575888907236360492e-01 0.000000000000000000e+00
1.181000000000000085e+02 1.915052925153347407e-02 9.808494707484647357e-01 1.961698941496929360e-01 9.999999999999982236e-01 3.692509333296116192e-01 1.576872666675969425e-01 0.000000000000000000e+00
1.181500000000000057e+02 1.843536916236682491e-02 9.815646308376313467e-01 1.963129261675262693e-01 9.999999999999982236e-01 3.689033557030289012e-01 1.577741610742426359e-01 0.000000000000000000e+00
1.182000000000000028e+02 1.781440586688006616e-02 9.821855941331181228e-01 1.964371188266236246e-01 9.999999999999982236e-01 3.686016917614650112e-01 1.578495770596335945e-01 0.000000000000000000e+00
1.182500000000000000e+02 1.728773257082137291e-02 9.827122674291768334e-01 1.965424534858353778e-01 9.999999999999982236e-01 3.683459306006791056e-01 1.579135173498300848e-01 0.000000000000000000e+00
1.183000000000000114e+02 1.685542828258988768e-02 9.831445717174083221e-01 1.966289143434816755e-01 9.999999999999982236e-01 3.681360628997217832e-01 1.579659842750694154e-01 0.000000000000000000e+00
1.183500000000000085e+02 1.651755781475719095e-02 9.834824421852411680e-01 1.966964884370482336e-01 9.999999999999983347e-01 3.679720809570228290e-01 1.580069797607441540e-01 0.000000000000000000e+00
1.184000000000000057e+02 1.627417178957666841e-02 9.837258282104216489e-01 1.967451656420843298e-01 9.999999999999983347e-01 3.678539786983680004e-01 1.580365053254078611e-01 0.000000000000000000e+00
1.184500000000000028e+02 1.612530668299419837e-02 9.838746933170039455e-01 1.967749386634007891e-01 9.999999999999981126e-01 3.677817517429062266e-01 1.580545620642732907e-01 0.000000000000000000e+00
1.185000000000000000e+02 1.607098480754709166e-02 9.839290151924512395e-01 1.967858030384902479e-01 9.999999999999983347e-01 3.677553974083394017e-01 1.580611506479149830e-01 0.000000000000000000e+00
1.185500000000000114e+02 1.611121430047494918e-02 9.838887856995232051e-01 1.967777571399046410e-01 9.999999999999981126e-01 3.677749147131835761e-01 1.580562713217039394e-01 0.000000000000000000e+00
1.186000000000000085e+02 1.624598912599293024e-02 9.837540108740052691e-01 1.967508021748010649e-01 9.999999999999982236e-01 3.678403043787481508e-01 1.580399239053128235e-01 0.000000000000000000e+00
1.186500000000000057e+02 1.647528909468494798e-02 9.835247109053133485e-01 1.967049421810626586e-01 9.999999999999983347e-01 3.679515688407972718e-01 1.580121077898005433e-01 0.000000000000000000e+00
1.187000000000000028e+02 1.679907985352149108e-02 9.832009201464766424e-01 1.966401840292953396e-01 9.999999999999981126e-01 3.681087122364277153e-01 1.579728219408929046e-01 0.000000000000000000e+00
1.187500000000000000e+02 1.721731287268437466e-02 9.827826871273139808e-01 1.965565374254628073e-01 9.999999999999983347e-01 3.683117403703564663e-01 1.579220649074107308e-01 0.000000000000000000e+00
1.188000000000000114e+02 1.772992544618970032e-02 9.822700745538087697e-01 1.964540149107617539e-01 9.999999999999984457e-01 3.685606607047641758e-01 1.578598348238088034e-01 0.000000000000000000e+00
1.188500000000000085e+02 1.833684069433836120e-02 9.816631593056599492e-01 1.963326318611319787e-01 9.999999999999983347e-01 3.688554823384579961e-01 1.577861294153853622e-01 0.000000000000000000e+00
1.189000000000000057e+02 1.903796754750467640e-02 9.809620324524936930e-01 1.961924064904987386e-01 9.999999999999983347e-01 3.691962159508452856e-01 1.577009460122885398e-01 0.000000000000000000e+00
1.189500000000000028e+02 1.983320073539168379e-02 9.801667992646065919e-01 1.960333598529213073e-01 9.999999999999982236e-01 3.695828737434243005e-01 1.576042815641437722e-01 0.000000000000000000e+00
1.190000000000000000e+02 2.072242078486850880e-02 9.792775792151298120e-01 1.958555158430259624e-01 9.999999999999983347e-01 3.700154694183858672e-01 1.574961326454033805e-01 0.000000000000000000e+00
1.190500000000000114e+02 2.170549400964904771e-02 9.782945059903493945e-01 1.956589011980698900e-01 9.999999999999984457e-01 3.704940181227096563e-01 1.573764954693224472e-01 0.000000000000000000e+00
1.191000000000000085e+02 2.278227248949906900e-02 9.772177275104992900e-01 1.954435455020998580e-01 9.999999999999983347e-01 3.710185363602972464e-01 1.572453659099255496e-01 0.000000000000000000e+00
1.191500000000000057e+02 2.395259405686340007e-02 9.760474059431351046e-01 1.952094811886270209e-01 9.999999999999985567e-01 3.715890418865311906e-01 1.571027395283670636e-01 0.000000000000000000e+00
1.192000000000000028e+02 2.521628229499536453e-02 9.747837177050031610e-01 1.949567435410006211e-01 9.999999999999985567e-01 3.722055536926284769e-01 1.569486115768427559e-01 0.000000000000000000e+00
1.192500000000000000e+02 2.657314651581567030e-02 9.734268534841827858e-01 1.946853706968365572e-01 9.999999999999984457e-01 3.728680918980708525e-01 1.567829770254821342e-01 0.000000000000000000e+00
1.193000000000000114e+02 2.802298173516640928e-02 9.719770182648321821e-01 1.943954036529664253e-01 9.999999999999985567e-01 3.735766776804577693e-01 1.566058305798854189e-01 0.000000000000000000e+00
1.193500000000000085e+02 2.956556865264894224e-02 9.704344313473495243e-01 1.940868862694699049e-01 9.999999999999984457e-01 3.743313330720920984e-01 1.564171667319768366e-01 0.000000000000000000e+00
1.194000000000000057e+02 3.120067364912511992e-02 9.687993263508734021e-01 1.937598652701746915e-01 9.999999999999985567e-01 3.751320809328160810e-01 1.562169797667958548e-01 0.000000000000000000e+00
1.194500000000000028e+02 3.292804877208019981e-02 9.670719512279182251e-01 1.934143902455836561e-01 9.999999999999984457e-01 3.759789448638770071e-01 1.560052637840306233e-01 0.000000000000000000e+00
1.195000000000000000e+02 3.474743168742042837e-02 9.652525683125781075e-01 1.930505136625156326e-01 9.999999999999985567e-01 3.768719490752507895e-01 1.557820127311871916e-01 0.000000000000000000e+00
1.195500000000000114e+02 3.665854566059442016e-02 9.633414543394042129e-01 1.926682908678808426e-01 9.999999999999986677e-01 3.778111182075499230e-01 1.555472204481123943e-01 0.000000000000000000e+00
1.196000000000000085e+02 3.866109954366239720e-02 9.613389004563360762e-01 1.922677800912672152e-01 9.999999999999984457e-01 3.787964771472911996e-01 1.553008807131770752e-01 0.000000000000000000e+00
1.196500000000000057e+02 4.075478777475287362e-02 9.592452122252457247e-01 1.918490424450491338e-01 9.999999999999985567e-01 3.798280510220209405e-01 1.550429872444946400e-01 0.000000000000000000e+00
1.197000000000000028e+02 4.293929033682242907e-02 9.570607096631761346e-01 1.914121419326352269e-01 9.999999999999985567e-01 3.809058649976737598e-01 1.547735337505814213e-01 0.000000000000000000e+00
1.197500000000000000e+02 4.521427270218587868e-02 9.547857272978127474e-01 1.909571454595625495e-01 9.999999999999986677e-01 3.820299441882996638e-01 1.544925139529249591e-01 0.000000000000000000e+00
1.198000000000000114e+02 4.757938582213004641e-02 9.524206141778684964e-01 1.904841228355736993e-01 9.999999999999985567e-01 3.832003133306478015e-01 1.541999216673379247e-01 0.000000000000000000e+00
1.198500000000000085e+02 5.003426611945842317e-02 9.499657338805400641e-01 1.899931467761080128e-01 9.999999999999984457e-01 3.844169966540205152e-01 1.538957508364947602e-01 0.000000000000000000e+00
1.199000000000000057e+02 5.257853548678020211e-02 9.474214645132181811e-01 1.894842929026436251e-01 9.999999999999983347e-01 3.856800178661465850e-01 1.535799955334632150e-01 0.000000000000000000e+00
1.199500000000000028e+02 5.521180122034218679e-02 9.447881987796563630e-01 1.889576397559312726e-01 9.999999999999985567e-01 3.869893998591116824e-01 1.532526500352219545e-01 0.000000000000000000e+00
1.200000000000000000e+02 5.793365596174220034e-02 9.420663440382561760e-01 1.884132688076512463e-01 9.999999999999983347e-01 3.883451646306706473e-01 1.529137088423322133e-01 0.000000000000000000e+00
1.200500000000000114e+02 6.074367770038155423e-02 9.392563222996169747e-01 1.878512644599233949e-01 9.999999999999985567e-01 3.897473328653334734e-01 1.525631667836665206e-01 0.000000000000000000e+00
1.201000000000000085e+02 6.364142976838504939e-02 9.363585702316135073e-01 1.872717140463227015e-01 9.999999999999985567e-01 3.911959238179921194e-01 1.522010190455018452e-01 0.000000000000000000e+00
1.201500000000000057e+02 6.662646083867931890e-02 9.333735391613193766e-01 1.866747078322638642e-01 9.999999999999986677e-01 3.926909552965516803e-01 1.518272611758619550e-01 0.000000000000000000e+00
1.202000000000000028e+02 6.969830484393656211e-02 9.303016951560618697e-01 1.860603390312123850e-01 9.999999999999984457e-01 3.942324432964138259e-01 1.514418891758964048e-01 0.000000000000000000e+00
1.202500000000000000e+02 7.285648090699192725e-02 9.271435190930066295e-01 1.854287038186013259e-01 9.999999999999985567e-01 3.958204019209622393e-01 1.510448995197593014e-01 0.000000000000000000e+00
1.203000000000000114e+02 7.610049336304794410e-02 9.238995066369506404e-01 1.847799013273901392e-01 9.999999999999985567e-01 3.974548428970922087e-01 1.506362892757268090e-01 0.000000000000000000e+00
1.203500000000000085e+02 7.942983175654913519e-02 9.205701682434495048e-01 1.841140336486898899e-01 9.999999999999986677e-01 3.991357754345895015e-01 1.502160561413524720e-01 0.000000000000000000e+00
1.204000000000000057e+02 8.284397084043859660e-02 9.171560291595598491e-01 1.834312058319119698e-01 9.999999999999984457e-01 4.008632062172368671e-01 1.497841984456906306e-01 0.000000000000000000e+00
1.204500000000000028e+02 8.634237049726735391e-02 9.136576295027312167e-01 1.827315259005462544e-01 9.999999999999985567e-01 4.026371389994808370e-01 1.493407152501296520e-01 0.000000000000000000e+00
1.205000000000000000e+02 8.992447563933161914e-02 9.100755243606670764e-01 1.820151048721334042e-01 9.999999999999986677e-01 4.044575744926049987e-01 1.488856063768486115e-01 0.000000000000000000e+00
1.205500000000000114e+02 9.358971625952999807e-02 9.064102837404686142e-01 1.812820567480937228e-01 9.999999999999986677e-01 4.063245098633037622e-01 1.484188725341739068e-01 0.000000000000000000e+00
1.206000000000000085e+02 9.733750743356323065e-02 9.026624925664352705e-01 1.805324985132870652e-01 9.999999999999984457e-01 4.082379385185000986e-01 1.479405153703748366e-01 0.000000000000000000e+00
1.206500000000000057e+02 1.011672493199387984e-01 8.988327506800597444e-01 1.797665501360119489e-01 9.999999999999985567e-01 4.101978501053076820e-01 1.474505374736729268e-01 0.000000000000000000e+00
1.207000000000000028e+02 1.050783271040085926e-01 8.949216728959898948e-01 1.789843345791979901e-01 9.999999999999984457e-01 4.122042301525240537e-01 1.469489424618688478e-01 0.000000000000000000e+00
1.207500000000000000e+02 1.090701108504950750e-01 8.909298891495034400e-01 1.781859778299006991e-01 9.999999999999985567e-01 4.142570598096571022e-01 1.464357350475855857e-01 0.000000000000000000e+00
1.208000000000000114e+02 1.131419555813515110e-01 8.868580444186471290e-01 1.773716088837294369e-01 9.999999999999986677e-01 4.163563154576242487e-01 1.459109211355938129e-01 0.000000000000000000e+00
1.208500000000000085e+02 1.172932012960713893e-01 8.827067987039272090e-01 1.765413597407854418e-01 9.999999999999985567e-01 4.185019683354820885e-01 1.453745079161293530e-01 0.000000000000000000e+00
1.209000000000000057e+02 1.215231729716954312e-01 8.784768270283029867e-01 1.756953654056606084e-01 9.999999999999984457e-01 4.206939845404301104e-01 1.448265038648923475e-01 0.000000000000000000e+00
1.209500000000000028e+02 1.258311805377227699e-01 8.741688194622759811e-01 1.748337638924551962e-01 9.999999999999987788e-01 4.229323248034319582e-01 1.442669187991418855e-01 0.000000000000000000e+00
1.210000000000000000e+02 1.302165186998937851e-01 8.697834813001048548e-01 1.739566962600209710e-01 9.999999999999986677e-01 4.252169439787104599e-01 1.436957640053222462e-01 0.000000000000000000e+00
1.210500000000000114e+02 1.346784670010048868e-01 8.653215329989938365e-01 1.730643065997987673e-01 9.999999999999986677e-01 4.275477908833639207e-01 1.431130522791588811e-01 0.000000000000000000e+00
1.211000000000000085e+02 1.392162898932548243e-01 8.607837101067439267e-01 1.721567420213487853e-01 9.999999999999987788e-01 4.299248077096584630e-01 1.425187980725852455e-01 0.000000000000000000e+00
1.211500000000000057e+02 1.438292367385949899e-01 8.561707632614037333e-01 1.712341526522807578e-01 9.999999999999986677e-01 4.323479300081678467e-01 1.419130174979578995e-01 0.000000000000000000e+00
1.212000000000000028e+02 1.485165418042876107e-01 8.514834581957109183e-01 1.702966916391421837e-01 9.999999999999985567e-01 4.348170865933935758e-01 1.412957283516514395e-01 0.000000000000000000e+00
1.212500000000000000e+02 1.532774241157038309e-01 8.467225758842946703e-01 1.693445151768589452e-01 9.999999999999984457e-01 4.373321988862861054e-01 1.406669502784283210e-01 0.000000000000000000e+00
1.213000000000000114e+02 1.581110874222260987e-01 8.418889125777726523e-01 1.683777825155545194e-01 9.999999999999987788e-01 4.398931808805447430e-01 1.400267047798636477e-01 0.000000000000000000e+00
1.213500000000000085e+02 1.630167203610177751e-01 8.369832796389808927e-01 1.673966559277961785e-01 9.999999999999986677e-01 4.424999384360895349e-01 1.393750153909774636e-01 0.000000000000000000e+00
1.214000000000000057e+02 1.679934964667585406e-01 8.320065035332400161e-01 1.664013007066479921e-01 9.999999999999985567e-01 4.451523691814713302e-01 1.387119077046320148e-01 0.000000000000000000e+00
1.214500000000000028e+02 1.730405741721859625e-01 8.269594258278125665e-01 1.653918851655625244e-01 9.999999999999985567e-01 4.478503625015024525e-01 1.380374093746242481e-01 0.000000000000000000e+00
1.215000000000000000e+02 1.781570967408832584e-01 8.218429032591151318e-01 1.643685806518230264e-01 9.999999999999984457e-01 4.505937989372372776e-01 1.373515502656905418e-01 0.000000000000000000e+00
1.215500000000000114e+02 1.833421920984475706e-01 8.166578079015509584e-01 1.633315615803102028e-01 9.999999999999985567e-01 4.533825500310553758e-01 1.366543624922360312e-01 0.000000000000000000e+00
1.216000000000000085e+02 1.885949730729513663e-01 8.114050269270469684e-01 1.622810053854094048e-01 9.999999999999983347e-01 4.562164777402357707e-01 1.359458805649409185e-01 0.000000000000000000e+00
1.216500000000000057e+02 1.939145374527496135e-01 8.060854625472488877e-01 1.612170925094497664e-01 9.999999999999984457e-01 4.590954341454152043e-01 1.352261414636460601e-01 0.000000000000000000e+00
1.217000000000000028e+02 1.992999679864740359e-01 8.007000320135243543e-01 1.601400064027048709e-01 9.999999999999984457e-01 4.620192614505846396e-01 1.344951846373537152e-01 0.000000000000000000e+00
1.217500000000000000e+02 2.047503323777599138e-01 7.952496676222386984e-01 1.590499335244477397e-01 9.999999999999986677e-01 4.649877916788672794e-01 1.337530520802830691e-01 0.000000000000000000e+00
1.218000000000000114e+02 2.102646830834010439e-01 7.897353169165974851e-01 1.579470633833194859e-01 9.999999999999985567e-01 4.680008460820504479e-01 1.329997884794872631e-01 0.000000000000000000e+00
1.218500000000000085e+02 2.158420574768450673e-01 7.841579425231535172e-01 1.568315885046306923e-01 9.999999999999985567e-01 4.710582349856530793e-01 1.322354412535866053e-01 0.000000000000000000e+00
1.219000000000000057e+02 2.214814780479384682e-01 7.785185219520601718e-01 1.557037043904120344e-01 9.999999999999986677e-01 4.741597571894753393e-01 1.314600607026310264e-01 0.000000000000000000e+00
1.219500000000000028e+02 2.271819524048315775e-01 7.728180475951671458e-01 1.545636095190334180e-01 9.999999999999986677e-01 4.773051999562654135e-01 1.306737000109335078e-01 0.000000000000000000e+00
1.220000000000000000e+02 2.329424732829374067e-01 7.670575267170609557e-01 1.534115053434121911e-01 9.999999999999983347e-01 4.804943389263536813e-01 1.298764152684114548e-01 0.000000000000000000e+00
1.220500000000000114e+02 2.387620184466388573e-01 7.612379815533596439e-01 1.522475963106719177e-01 9.999999999999984457e-01 4.837269373755293533e-01 1.290682656561175368e-01 0.000000000000000000e+00
1.221000000000000085e+02 2.446395506236499762e-01 7.553604493763486083e-01 1.510720898752697106e-01 9.999999999999985567e-01 4.870027461924307244e-01 1.282493134518921940e-01 0.000000000000000000e+00
1.221500000000000057e+02 2.505740178949054098e-01 7.494259821050930359e-01 1.498851964210186072e-01 9.999999999999984457e-01 4.903215032151934660e-01 1.274196241962015086e-01 0.000000000000000000e+00
1.222000000000000028e+02 2.565643537333899271e-01 7.434356462666082965e-01 1.486871292533216704e-01 9.999999999999982236e-01 4.936829331156480927e-01 1.265792667210878519e-01 0.000000000000000000e+00
1.222500000000000000e+02 2.626094770047382454e-01 7.373905229952602003e-01 1.474781045990520290e-01 9.999999999999984457e-01 4.970867473972760964e-01 1.257283131506808649e-01 0.000000000000000000e+00
1.223000000000000114e+02 2.687082919936243375e-01 7.312917080063741082e-01 1.462583416012748216e-01 9.999999999999984457e-01 5.005326438682359269e-01 1.248668390329409211e-01 0.000000000000000000e+00
1.223500000000000085e+02 2.748596881678307402e-01 7.251403118321677610e-01 1.450280623664335633e-01 9.999999999999984457e-01 5.040203063248150928e-01 1.239949234187961158e-01 0.000000000000000000e+00
1.224000000000000057e+02 2.810625406058815945e-01 7.189374593941169067e-01 1.437874918788233924e-01 9.999999999999984457e-01 5.075494041896813080e-01 1.231126489525795620e-01 0.000000000000000000e+00
1.224500000000000028e+02 2.873157101877985009e-01 7.126842898121998893e-01 1.425368579624399779e-01 9.999999999999984457e-01 5.111195921725004698e-01 1.222201019568747715e-01 0.000000000000000000e+00
1.225000000000000000e+02 2.936180435951024070e-01 7.063819564048962052e-01 1.412763912809792410e-01 9.999999999999986677e-01 5.147305102699376578e-01 1.213173724325154607e-01 0.000000000000000000e+00
1.225500000000000114e+02 2.999683733508358707e-01 7.000316266491624084e-01 1.400063253298324817e-01 9.999999999999982236e-01 5.183817835875412783e-01 1.204045541031145555e-01 0.000000000000000000e+00
1.226000000000000085e+02 3.063655176996256668e-01 6.936344823003726123e-01 1.387268964600745225e-01 9.999999999999982236e-01 5.220730216504714249e-01 1.194817445873820327e-01 0.000000000000000000e+00
1.226500000000000057e+02 3.128082807344405025e-01 6.871917192655579987e-01 1.374383438531115997e-01 9.999999999999984457e-01 5.258038183968305468e-01 1.185490454007922384e-01 0.000000000000000000e+00
1.227000000000000028e+02 3.192954528944573211e-01 6.807045471055411801e-01 1.361409094211082360e-01 9.999999999999984457e-01 5.295737516757507146e-01 1.176065620810621964e-01 0.000000000000000000e+00
1.227500000000000000e+02 3.258258109842797623e-01 6.741741890157184613e-01 1.348348378031437034e-01 9.999999999999982236e-01 5.333823832146988853e-01 1.166544041963251677e-01 0.000000000000000000e+00
1.228000000000000114e+02 3.323981181872363022e-01 6.676018818127621435e-01 1.335203763625524287e-01 9.999999999999984457e-01 5.372292585945633858e-01 1.156926853513590564e-01 0.000000000000000000e+00
1.228500000000000085e+02 3.390111241369608841e-01 6.609888758630375616e-01 1.321977751726075012e-01 9.999999999999984457e-01 5.411139066609100823e-01 1.147215233347723823e-01 0.000000000000000000e+00
1.229000000000000057e+02 3.456635647142626278e-01 6.543364352857359290e-01 1.308672870571471747e-01 9.999999999999985567e-01 5.450358393812200219e-01 1.137410401546948835e-01 0.000000000000000000e+00
1.229500000000000028e+02 3.523541627496014073e-01 6.476458372503970384e-01 1.295291674500794188e-01 9.999999999999984457e-01 5.489945515260280517e-01 1.127513621184928899e-01 0.000000000000000000e+00
1.230000000000000000e+02 3.590816281740806803e-01 6.409183718259179319e-01 1.281836743651835753e-01 9.999999999999986677e-01 5.529895205317093554e-01 1.117526198670725640e-01 0.000000000000000000e+00
1.230500000000000114e+02 3.658446580194494313e-01 6.341553419805490144e-01 1.268310683961098029e-01 9.999999999999984457e-01 5.570202065004812297e-01 1.107449483748795954e-01 0.000000000000000000e+00
1.231000000000000085e+02 3.726419365353789148e-01 6.273580634646197529e-01 1.254716126929239506e-01 9.999999999999986677e-01 5.610860519521021494e-01 1.097284870119743655e-01 0.000000000000000000e+00
1.231500000000000057e+02 3.794721350206725075e-01 6.205278649793261048e-01 1.241055729958652210e-01 9.999999999999986677e-01 5.651864813205087490e-01 1.087033796698727017e-01 0.000000000000000000e+00
1.232000000000000028e+02 3.863339122775180656e-01 6.136660877224806576e-01 1.227332175444961204e-01 9.999999999999986677e-01 5.693209009758037897e-01 1.076697747560489415e-01 0.000000000000000000e+00
1.232500000000000000e+02 3.932259151266524477e-01 6.067740848733460535e-01 1.213548169746692107e-01 9.999999999999984457e-01 5.734886989988120520e-01 1.066278252502968621e-01 0.000000000000000000e+00
1.233000000000000114e+02 4.001467784099994596e-01 5.998532215899989861e-01 1.199706443179998083e-01 9.999999999999984457e-01 5.776892451788685490e-01 1.055776887052827517e-01 0.000000000000000000e+00
1.233500000000000085e+02 4.070951250489185380e-01 5.929048749510801297e-01 1.185809749902160259e-01 9.999999999999986677e-01 5.819218909634183978e-01 1.045195272591452895e-01 0.000000000000000000e+00
1.234000000000000057e+02 4.140695661328254729e-01 5.859304338671731394e-01 1.171860867734346168e-01 9.999999999999986677e-01 5.861859689652169081e-01 1.034535077586956758e-01 0.000000000000000000e+00
1.234500000000000028e+02 4.210687008990268154e-01 5.789312991009718523e-01 1.157862598201943594e-01 9.999999999999986677e-01 5.904807929375091025e-01 1.023798017656225995e-01 0.000000000000000000e+00
1.235000000000000000e+02 4.280911176367671045e-01 5.719088823632314522e-01 1.143817764726463015e-01 9.999999999999985567e-01 5.948056577228441055e-01 1.012985855692888487e-01 0.000000000000000000e+00
1.235500000000000114e+02 4.351353937727734378e-01 5.648646062272250079e-01 1.129729212454450016e-01 9.999999999999984457e-01 5.991598392277501794e-01 1.002100401930623441e-01 0.000000000000000000e+00
1.236000000000000085e+02 4.422000958780262225e-01 5.577999041219725562e-01 1.115599808243945001e-01 9.999999999999987788e-01 6.035425944212607918e-01 9.911435139468470490e-02 0.000000000000000000e+00
1.236500000000000057e+02 4.492837799222878514e-01 5.507162200777107053e-01 1.101432440155421522e-01 9.999999999999985567e-01 6.079531611083567322e-01 9.801170972291071981e-02 0.000000000000000000e+00
1.237000000000000028e+02 4.563849910137636190e-01 5.436150089862351598e-01 1.087230017972470320e-01 9.999999999999987788e-01 6.123907576470903891e-01 9.690231058822730559e-02 0.000000000000000000e+00
1.237500000000000000e+02 4.635022643522023755e-01 5.364977356477962367e-01 1.072995471295592473e-01 9.999999999999986677e-01 6.168545831658172052e-01 9.578635420854560156e-02 0.000000000000000000e+00
1.238000000000000114e+02 4.706341255928780387e-01 5.293658744071205735e-01 1.058731748814241147e-01 9.999999999999986677e-01 6.213438175788194018e-01 9.466404560529505241e-02 0.000000000000000000e+00
1.238500000000000085e+02 4.777790908465819331e-01 5.222209091534166792e-01 1.044441818306833247e-01 9.999999999999986677e-01 6.258576215863005388e-01 9.353559460342476817e-02 0.000000000000000000e+00
1.239000000000000057e+02 4.849356668584367536e-01 5.150643331415618587e-01 1.030128666283123828e-01 9.999999999999986677e-01 6.303951366491875596e-01 9.240121583770299907e-02 0.000000000000000000e+00
1.239500000000000028e+02 4.921023510075760998e-01 5.078976489924225124e-01 1.015795297984845025e-01 9.999999999999986677e-01 6.349554846735858682e-01 9.126112883160342193e-02 0.000000000000000000e+00
1.240000000000000000e+02 4.992776317620671866e-01 5.007223682379313701e-01 1.001444736475862740e-01 9.999999999999985567e-01 6.395377682275916742e-01 9.011555794310197043e-02 0.000000000000000000e+00
1.240500000000000114e+02 5.064599895501796789e-01 4.935400104498188778e-01 9.870800208996377556e-02 9.999999999999985567e-01 6.441410707977359706e-01 8.896473230056589632e-02 0.000000000000000000e+00
1.241000000000000085e+02 5.136478967762496683e-01 4.863521032237491659e-01 9.727042064474983318e-02 9.999999999999988898e-01 6.487644567916664995e-01 8.780888580208327798e-02 0.000000000000000000e+00
1.241500000000000057e+02 5.208398179009499085e-01 4.791601820990487592e-01 9.583203641980975185e-02 9.999999999999986677e-01 6.534069715605149709e-01 8.664825710987113239e-02 0.000000000000000000e+00
1.242000000000000028e+02 5.280342097190799944e-01 4.719657902809185068e-01 9.439315805618370137e-02 9.999999999999984457e-01 6.580676413253685464e-01 8.548308966865775238e-02 0.000000000000000000e+00
1.242500000000000000e+02 5.352295213399883567e-01 4.647704786600101445e-01 9.295409573200202891e-02 9.999999999999984457e-01 6.627454731353988882e-01 8.431363171615016694e-02 0.000000000000000000e+00
1.243000000000000114e+02 5.424241954282571498e-01 4.575758045717415179e-01 9.151516091434830358e-02 9.999999999999986677e-01 6.674394554867800755e-01 8.314013612830487010e-02 0.000000000000000000e+00
1.243500000000000085e+02 5.496166683424394961e-01 4.503833316575592272e-01 9.007666633151184543e-02 9.999999999999986677e-01 6.721485583819730714e-01 8.196286040450660726e-02 0.000000000000000000e+00
1.244000000000000057e+02 5.568053701516696430e-01 4.431946298483288582e-01 8.863892596966577164e-02 9.999999999999984457e-01 6.768717333390161794e-01 8.078206666524584412e-02 0.000000000000000000e+00
1.244500000000000028e+02 5.639887250455785095e-01 4.360112749544201027e-01 8.720225499088402055e-02 9.999999999999986677e-01 6.816079135654885546e-01 7.959802160862773646e-02 0.000000000000000000e+00
1.245000000000000000e+02 5.711651511209431265e-01 4.288348488790555413e-01 8.576696977581110826e-02 9.999999999999986677e-01 6.863560137418182050e-01 7.841099656454532385e-02 0.000000000000000000e+00
1.245500000000000114e+02 5.783330616631321419e-01 4.216669383368665258e-01 8.433338766737330516e-02 9.999999999999986677e-01 6.911149308604960240e-01 7.722126728487586911e-02 0.000000000000000000e+00
1.246000000000000085e+02 5.854908655552351071e-01 4.145091344447635051e-01 8.290182688895270102e-02 9.999999999999986677e-01 6.958835444790567593e-01 7.602911388023568529e-02 0.000000000000000000e+00
1.246500000000000057e+02 5.926369672780750220e-01 4.073630327219235348e-01 8.147260654438470695e-02 9.999999999999985567e-01 7.006607167200868957e-01 7.483482081997816504e-02 0.000000000000000000e+00
1.247000000000000028e+02 5.997697672564253901e-01 4.002302327435730556e-01 8.004604654871461111e-02 9.999999999999984457e-01 7.054452925246212924e-01 7.363867686884456587e-02 0.000000000000000000e+00
1.247500000000000000e+02 6.068876618279546165e-01 3.931123381720438847e-01 7.862246763440877695e-02 9.999999999999984457e-01 7.102360995827569079e-01 7.244097510431064812e-02 0.000000000000000000e+00
1.248000000000000114e+02 6.139890441885346162e-01 3.860109558114641071e-01 7.720219116229282141e-02 9.999999999999986677e-01 7.150319490637170317e-01 7.124201273407061719e-02 0.000000000000000000e+00
1.248500000000000085e+02 6.210723052027263824e-01 3.789276947972722298e-01 7.578553895945444596e-02 9.999999999999986677e-01 7.198316362414753922e-01 7.004209093963102706e-02 0.000000000000000000e+00
1.249000000000000057e+02 6.281358334044635505e-01 3.718641665955349507e-01 7.437283331910699014e-02 9.999999999999984457e-01 7.246339404952749641e-01 6.884151487618114795e-02 0.000000000000000000e+00
1.249500000000000028e+02 6.351780152400670065e-01 3.648219847599315502e-01 7.296439695198631004e-02 9.999999999999985567e-01 7.294376255401104903e-01 6.764059361497223866e-02 0.000000000000000000e+00
1.250000000000000000e+02 6.421972352790015215e-01 3.578027647209969242e-01 7.156055294419938484e-02 9.999999999999984457e-01 7.342414396533035736e-01 6.643964008667395393e-02 0.000000000000000000e+00
1.250500000000000114e+02 6.491918768069803169e-01 3.508081231930182398e-01 7.016162463860364795e-02 9.999999999999985567e-01 7.390441161764418343e-01 6.523897095588940265e-02 0.000000000000000000e+00
1.251000000000000085e+02 6.561603229685213368e-01 3.438396770314772199e-01 6.876793540629544399e-02 9.999999999999985567e-01 7.438443745445140198e-01 6.403890636387135626e-02 0.000000000000000000e+00
1.251500000000000057e+02 6.631009567930650217e-01 3.368990432069335350e-01 6.737980864138670700e-02 9.999999999999985567e-01 7.486409203099031462e-01 6.283976992252406080e-02 0.000000000000000000e+00
1.252000000000000028e+02 6.700121613771390372e-01 3.299878386228594085e-01 6.599756772457188170e-02 9.999999999999984457e-01 7.534324453471420435e-01 6.164188866321433646e-02 0.000000000000000000e+00
1.252500000000000000e+02 6.768923202365660918e-01 3.231076797634324649e-01 6.462153595268649298e-02 9.999999999999985567e-01 7.582176283271777617e-01 6.044559291820540692e-02 0.000000000000000000e+00
1.253000000000000114e+02 6.837398177160843860e-01 3.162601822839142263e-01 6.325203645678284525e-02 9.999999999999986677e-01 7.629951350923930287e-01 5.925121622690159018e-02 0.000000000000000000e+00
1.253500000000000085e+02 6.905530403098800729e-01 3.094469596901183728e-01 6.188939193802367456e-02 9.999999999999984457e-01 7.677636199900588210e-01 5.805909500248516292e-02 0.000000000000000000e+00
1.254000000000000057e+02 6.973303767275214060e-01 3.026696232724770952e-01 6.053392465449541904e-02 9.999999999999984457e-01 7.725217259415950721e-01 5.686956851460110013e-02 0.000000000000000000e+00
1.254500000000000028e+02 7.040702180542012245e-01 2.959297819457973322e-01 5.918595638915946644e-02 9.999999999999985567e-01 7.772680846474869787e-01 5.568297883812809573e-02 0.000000000000000000e+00
1.255000000000000000e+02 7.107709581644519048e-01 2.892290418355464299e-01 5.784580836710928597e-02 9.999999999999983347e-01 7.820013172344627561e-01 5.449967069138416526e-02 0.000000000000000000e+00
1.255500000000000114e+02 7.174309941026191240e-01 2.825690058973792662e-01 5.651380117947585324e-02 9.999999999999984457e-01 7.867200346407042799e-01 5.331999133982377737e-02 0.000000000000000000e+00
1.256000000000000085e+02 7.240487274554662234e-01 2.759512725445320558e-01 5.519025450890641116e-02 9.999999999999982236e-01 7.914228391360145221e-01 5.214429021599620989e-02 0.000000000000000000e+00
1.256500000000000057e+02 7.306225644378987472e-01 2.693774355620998096e-01 5.387548711241996191e-02 9.999999999999985567e-01 7.961083244219526733e-01 5.097291889451168595e-02 0.000000000000000000e+00
1.257000000000000028e+02 7.371509160701054109e-01 2.628490839298930348e-01 5.256981678597860697e-02 9.999999999999984457e-01 8.007750758848501960e-01 4.980623102878730529e-02 0.000000000000000000e+00
1.257500000000000000e+02 7.436321985908146415e-01 2.563678014091838597e-01 5.127356028183677195e-02 9.999999999999984457e-01 8.054216713410411455e-01 4.864458216473956098e-02 0.000000000000000000e+00
1.258000000000000114e+02 7.500648339477818949e-01 2.499351660522167173e-01 4.998703321044334347e-02 9.999999999999986677e-01 8.100466815767560780e-01 4.748832960581082091e-02 0.000000000000000000e+00
1.258500000000000085e+02 7.564472511102119379e-01 2.435527488897865078e-01 4.871054977795730156e-02 9.999999999999984457e-01 8.146486719247418851e-01 4.633783201881436914e-02 0.000000000000000000e+00
1.259000000000000057e+02 7.627778861359044704e-01 2.372221138640939753e-01 4.744442277281879505e-02 9.999999999999984457e-01 8.192262023502199231e-01 4.519344941244485270e-02 0.000000000000000000e+00
1.259500000000000028e+02 7.690551824139171266e-01 2.309448175860814856e-01 4.618896351721629712e-02 9.999999999999986677e-01 8.237778278355017969e-01 4.405554304112439812e-02 0.000000000000000000e+00
1.260000000000000000e+02 7.752775910151974426e-01 2.247224089848010031e-01 4.494448179696020063e-02 9.999999999999984457e-01 8.283020991239714581e-01 4.292447521900699670e-02 0.000000000000000000e+00
1.260500000000000114e+02 7.814435714387898413e-01 2.185564285612087709e-01 4.371128571224175419e-02 9.999999999999986677e-01 8.327975635938739130e-01 4.180060910153137604e-02 0.000000000000000000e+00
1.261000000000000085e+02 7.875515927207156208e-01 2.124484072792828804e-01 4.248968145585657608e-02 9.999999999999984457e-01 8.372627666969348903e-01 4.068430832576611783e-02 0.000000000000000000e+00
1.261500000000000057e+02 7.936001334587193812e-01 2.063998665412791755e-01 4.127997330825583511e-02 9.999999999999985567e-01 8.416962519929005460e-01 3.957593700177469698e-02 0.000000000000000000e+00
1.262000000000000028e+02 7.995876821970012704e-01 2.004123178029973418e-01 4.008246356059946836e-02 9.999999999999986677e-01 8.460965618247441311e-01 3.847585954381381457e-02 0.000000000000000000e+00
1.262500000000000000e+02 8.055127376249286986e-01 1.944872623750698581e-01 3.889745247501397163e-02 9.999999999999985567e-01 8.504622378601848220e-01 3.738444053495364183e-02 0.000000000000000000e+00
1.263000000000000114e+02 8.113738097366950397e-01 1.886261902633035170e-01 3.772523805266070340e-02 9.999999999999985567e-01 8.547918225604822506e-01 3.630204435987927081e-02 0.000000000000000000e+00
1.263500000000000085e+02 8.171694205399577804e-01 1.828305794600407208e-01 3.656611589200814416e-02 9.999999999999984457e-01 8.590838601702219801e-01 3.522903495744435232e-02 0.000000000000000000e+00
1.264000000000000057e+02 8.228981040929098656e-01 1.771018959070885801e-01 3.542037918141771602e-02 9.999999999999984457e-01 8.633368967802117488e-01 3.416577580494691707e-02 0.000000000000000000e+00
1.264500000000000028e+02 8.285584069897733439e-01 1.714415930102250463e-01 3.428831860204500925e-02 9.999999999999984457e-01 8.675494813073392208e-01 3.311262967316504213e-02 0.000000000000000000e+00
1.265000000000000000e+02 8.341488885891730209e-01 1.658511114108254803e-01 3.317022228216509605e-02 9.999999999999984457e-01 8.717201659484815623e-01 3.206995851287947064e-02 0.000000000000000000e+00
1.265500000000000114e+02 8.396681223946620420e-01 1.603318776053364036e-01 3.206637552106728073e-02 9.999999999999984457e-01 8.758475080812420099e-01 3.103812297968934139e-02 0.000000000000000000e+00
1.266000000000000085e+02 8.451146963215957486e-01 1.548853036784025861e-01 3.097706073568051721e-02 9.999999999999983347e-01 8.799300706634354263e-01 3.001748233414100464e-02 0.000000000000000000e+00
1.266500000000000057e+02 8.504872128705348588e-01 1.495127871294635313e-01 2.990255742589270627e-02 9.999999999999984457e-01 8.839664225645754714e-01 2.900839435885597603e-02 0.000000000000000000e+00
1.267000000000000028e+02 8.557842895269582861e-01 1.442157104730401596e-01 2.884314209460803191e-02 9.999999999999984457e-01 8.879551395417163429e-01 2.801121511457077204e-02 0.000000000000000000e+00
1.267500000000000000e+02 8.610045594621977827e-01 1.389954405378004965e-01 2.779908810756009929e-02 9.999999999999982236e-01 8.918948052156477901e-01 2.702629869608789981e-02 0.000000000000000000e+00
1.268000000000000114e+02 8.661466725422343194e-01 1.338533274577641263e-01 2.677066549155282527e-02 9.999999999999984457e-01 8.957840125742018156e-01 2.605399685644941080e-02 0.000000000000000000e+00
1.268500000000000085e+02 8.712092953774219772e-01 1.287907046225764129e-01 2.575814092451528259e-02 9.999999999999984457e-01 8.996213640569458159e-01 2.509465898576339338e-02 0.000000000000000000e+00
1.269000000000000057e+02 8.761911117316973918e-01 1.238088882683011094e-01 2.476177765366022188e-02 9.999999999999984457e-01 9.034054724540435677e-01 2.414863188648895889e-02 0.000000000000000000e+00
1.269500000000000028e+02 8.810908227802111137e-01 1.189091772197872765e-01 2.378183544395745530e-02 9.999999999999984457e-01 9.071349615042187953e-01 2.321625962394514853e-02 0.000000000000000000e+00
1.270000000000000000e+02 8.859071483332807695e-01 1.140928516667175097e-01 2.281857033334350193e-02 9.999999999999982236e-01 9.108084676941475832e-01 2.229788307646294807e-02 0.000000000000000000e+00
1.270500000000000114e+02 8.906388271354909181e-01 1.093611728645074721e-01 2.187223457290149442e-02 9.999999999999984457e-01 9.144246407394306386e-01 2.139383981514218422e-02 0.000000000000000000e+00
1.271000000000000085e+02 8.952846170528772074e-01 1.047153829471211828e-01 2.094307658942423656e-02 9.999999999999984457e-01 9.179821439838656838e-01 2.050446400403341252e-02 0.000000000000000000e+00
1.271500000000000057e+02 8.998432954188833044e-01 1.001567045811152523e-01 2.003134091622305046e-02 9.999999999999985567e-01 9.214796553292043946e-01 1.963008616769874523e-02 0.000000000000000000e+00
1.272000000000000028e+02 9.043136598323551212e-01 9.568634016764332451e-02 1.913726803352866490e-02 9.999999999999984457e-01 9.249158684159206611e-01 1.877103289601966818e-02 0.000000000000000000e+00
1.272500000000000000e+02 9.086945288918074626e-01 9.130547110819120515e-02 1.826109422163824103e-02 9.999999999999986677e-01 9.282894938015286979e-01 1.792762654961766594e-02 0.000000000000000000e+00
1.273000000000000114e+02 9.129847422703897264e-01 8.701525772960877481e-02 1.740305154592175496e-02 9.999999999999984457e-01 9.315992591150231705e-01 1.710018522124403390e-02 0.000000000000000000e+00
1.273500000000000085e+02 9.171831610764585863e-01 8.281683892354008147e-02 1.656336778470801629e-02 9.999999999999986677e-01 9.348439099962153609e-01 1.628902250094599671e-02 0.000000000000000000e+00
1.274000000000000057e+02 9.212886683307000002e-01 7.871133166929861202e-02 1.574226633385972240e-02 9.999999999999986677e-01 9.380222109214970683e-01 1.549444726962557334e-02 0.000000000000000000e+00
1.274500000000000028e+02 9.253001699075806830e-01 7.469983009241787375e-02 1.493996601848357475e-02 9.999999999999985567e-01 9.411329466998710203e-01 1.471676332503208881e-02 0.000000000000000000e+00
1.275000000000000000e+02 9.292165946351464978e-01 7.078340536485233647e-02 1.415668107297046729e-02 9.999999999999988898e-01 9.441749226542540674e-01 1.395626933643632703e-02 0.000000000000000000e+00
1.275500000000000114e+02 9.330368946000698882e-01 6.696310539992894606e-02 1.339262107998578921e-02 9.999999999999988898e-01 9.471469653987213411e-01 1.321325865031951208e-02 0.000000000000000000e+00
1.276000000000000085e+02 9.367600454722627701e-01 6.323995452773595316e-02 1.264799090554719063e-02 9.999999999999986677e-01 9.500479235468598516e-01 1.248801911328490007e-02 0.000000000000000000e+00
1.276500000000000057e+02 9.403850474441052265e-01 5.961495255589338571e-02 1.192299051117867714e-02 9.999999999999986677e-01 9.528766692041170661e-01 1.178083269897058777e-02 0.000000000000000000e+00
1.277000000000000028e+02 9.439109254054621756e-01 5.608907459453638111e-02 1.121781491890727622e-02 9.999999999999985567e-01 9.556320982754827886e-01 1.109197543112915192e-02 0.000000000000000000e+00
1.277500000000000000e+02 9.473367291824560388e-01 5.266327081754257344e-02 1.053265416350851469e-02 9.999999999999986677e-01 9.583131310740405917e-01 1.042171723148970809e-02 0.000000000000000000e+00
1.278000000000000114e+02 9.506615338057555764e-01 4.933846619424309132e-02 9.867693238848618265e-03 9.999999999999986677e-01 9.609187130027629919e-01 9.770321749309094153e-03 0.000000000000000000e+00
1.278500000000000085e+02 9.538844403515045478e-01 4.611555964849411993e-02 9.223111929698823985e-03 9.999999999999986677e-01 9.634478158990524843e-01 9.138046025236734940e-03 0.000000000000000000e+00
1.279000000000000057e+02 9.570045761693607433e-01 4.299542383063792439e-02 8.599084766127584878e-03 9.999999999999986677e-01 9.658994384359398389e-01 8.525140391014882427e-03 0.000000000000000000e+00
1.279500000000000028e+02 9.600210950719569869e-01 3.997890492804162532e-02 7.995780985608325064e-03 9.999999999999986677e-01 9.682726066176552404e-01 7.931848345586044180e-03 0.000000000000000000e+00
1.280000000000000000e+02 9.629331775795414439e-01 3.706682242045733489e-02 7.413364484091466977e-03 9.999999999999987788e-01 9.705663744335747412e-01 7.358406391606149913e-03 0.000000000000000000e+00
1.280500000000000114e+02 9.657400316522574135e-01 3.425996834774125421e-02 6.851993669548250843e-03 9.999999999999986677e-01 9.727798250396193502e-01 6.805043740095011520e-03 0.000000000000000000e+00
1.280999999999999943e+02 9.684408929152109602e-01 3.155910708478759652e-02 6.311821416957519304e-03 9.999999999999985567e-01 9.749120711581766852e-01 6.271982210455673452e-03 0.000000000000000000e+00
1.281500000000000057e+02 9.710350248190674494e-01 2.896497518093121837e-02 5.792995036186243674e-03 9.999999999999986677e-01 9.769622555207329029e-01 5.759436119816632033e-03 0.000000000000000000e+00
1.282000000000000171e+02 9.735217188707966374e-01 2.647828112920191934e-02 5.295656225840383868e-03 9.999999999999985567e-01 9.789295514697947675e-01 5.267612132551156325e-03 0.000000000000000000e+00
1.282500000000000000e+02 9.759002952686768317e-01 2.409970473132183599e-02 4.819940946264367199e-03 9.999999999999986677e-01 9.808131639925877776e-01 4.796709001852918555e-03 0.000000000000000000e+00
1.283000000000000114e+02 9.781701030760068249e-01 2.182989692399189829e-02 4.365979384798379659e-03 9.999999999999986677e-01 9.826123300365221525e-01 4.346917490869312700e-03 0.000000000000000000e+00
1.283499999999999943e+02 9.803305203611143437e-01 1.966947963888437956e-02 3.933895927776875912e-03 9.999999999999986677e-01 9.843263189305143657e-01 3.918420267371246386e-03 0.000000000000000000e+00
1.284000000000000057e+02 9.823809544347453793e-01 1.761904556525334398e-02 3.523809113050668795e-03 9.999999999999986677e-01 9.859544329387279760e-01 3.511391765317853353e-03 0.000000000000000000e+00
1.284500000000000171e+02 9.843208423717716427e-01 1.567915762822696957e-02 3.135831525645393913e-03 9.999999999999986677e-01 9.874960081164123604e-01 3.125997970896750300e-03 0.000000000000000000e+00
1.285000000000000000e+02 9.861496511180199986e-01 1.385034888197855807e-02 2.770069776395711614e-03 9.999999999999985567e-01 9.889504145176499783e-01 2.762396370587328481e-03 0.000000000000000000e+00
1.285500000000000114e+02 9.878668776094037263e-01 1.213312239059488595e-02 2.426624478118977191e-03 9.999999999999986677e-01 9.903170565976715523e-01 2.420735850581953209e-03 0.000000000000000000e+00
1.285999999999999943e+02 9.894720490397774793e-01 1.052795096022129950e-02 2.105590192044259901e-03 9.999999999999987788e-01 9.915953737367481091e-01 2.101156565812821366e-03 0.000000000000000000e+00
1.286500000000000057e+02 9.909647232260115901e-01 9.035276773987077625e-03 1.807055354797415525e-03 9.999999999999986677e-01 9.927848408454293949e-01 1.803789788642487773e-03 0.000000000000000000e+00
1.287000000000000171e+02 9.923444886661737518e-01 7.655511333824749354e-03 1.531102266764949871e-03 9.999999999999984457e-01 9.938849685093807951e-01 1.528757872654626674e-03 0.000000000000000000e+00
1.287500000000000000e+02 9.936109646432995657e-01 6.389035356698935519e-03 1.277807071339787104e-03 9.999999999999984457e-01 9.948953033539139623e-01 1.276174161521349826e-03 0.000000000000000000e+00
1.288000000000000114e+02 9.947638015119750765e-01 5.236198488023369180e-03 1.047239697604673836e-03 9.999999999999984457e-01 9.958154285193706601e-01 1.046142870157157172e-03 0.000000000000000000e+00
1.288499999999999943e+02 9.958026808809049557e-01 4.197319119093601003e-03 8.394638238187202006e-04 9.999999999999985567e-01 9.966449639743257816e-01 8.387590064183958818e-04 0.000000000000000000e+00
1.289000000000000057e+02 9.967273156506979426e-01 3.272684349300558626e-03 6.545368698601117252e-04 9.999999999999984457e-01 9.973835666716958093e-01 6.541083320759052185e-04 0.000000000000000000e+00
1.289500000000000171e+02 9.975374501258245097e-01 2.462549874173991515e-03 4.925099748347983031e-04 9.999999999999984457e-01 9.980309308348531694e-01 4.922672912865547808e-04 0.000000000000000000e+00
1.290000000000000000e+02 9.982328602402323892e-01 1.767139759766001017e-03 3.534279519532002034e-04 9.999999999999984457e-01 9.985867883081575025e-01 3.533029229604623973e-04 0.000000000000000000e+00
1.290500000000000114e+02 9.988133536006480462e-01 1.186646399350399506e-03 2.373292798700799011e-04 9.999999999999984457e-01 9.990509086549841378e-01 2.372728362538278641e-04 0.000000000000000000e+00
1.290999999999999943e+02 9.992787695151152949e-01 7.212304848833173132e-04 1.442460969766634626e-04 9.999999999999986677e-01 9.994230993119257445e-01 1.442251720184213398e-04 0.000000000000000000e+00
1.291500000000000057e+02 9.996289791271900649e-01 3.710208728083252971e-04 7.420417456166505943e-05 9.999999999999984457e-01 9.997032057977264241e-01 7.419855056825367702e-05 0.000000000000000000e+00
1.292000000000000171e+02 9.998638854836621181e-01 1.361145163364385624e-04 2.722290326728771248e-05 9.999999999999985567e-01 9.998911118232430839e-01 2.722204418910456589e-05 0.000000000000000000e+00
1.292500000000000000e+02 9.999834235247159198e-01 1.657647528241490420e-05 3.315295056482980840e-06 9.999999999999983347e-01 9.999867393355944545e-01 3.315166101242594256e-06 0.000000000000000000e+00
1.293000000000000114e+02 9.999875601327480323e-01 1.243986725046886122e-05 2.487973450093772243e-06 9.999999999999984457e-01 9.999900486028954205e-01 2.487849276019517069e-06 0.000000000000000000e+00
1.293499999999999943e+02 9.998762941715553243e-01 1.237058284431213906e-04 2.474116568862427812e-05 9.999999999999984457e-01 9.999010382573643163e-01 2.474043565876456738e-05 0.000000000000000000e+00
1.294000000000000057e+02 9.996496564577265209e-01 3.503435422719247683e-04 7.006870845438495365e-05 9.999999999999984457e-01 9.997197452764374770e-01 7.006368089047226963e-05 0.000000000000000000e+00
1.294500000000000171e+02 9.993077097508460405e-01 6.922902491524052238e-04 1.384580498304810448e-04 9.999999999999984457e-01 9.994462449555771011e-01 1.384387611055806918e-04 0.000000000000000000e+00
1.295000000000000000e+02 9.988505487403516181e-01 1.149451259646883106e-03 2.298902519293766211e-04 9.999999999999984457e-01 9.990806508605969416e-01 2.298372848506091530e-04 0.000000000000000000e+00
1.295500000000000114e+02 9.982782999942183544e-01 1.721700005780091303e-03 3.443400011560182605e-04 9.999999999999984457e-01 9.986231147474391445e-01 3.442213131400500463e-04 0.000000000000000000e+00
1.295999999999999943e+02 9.975911218966411198e-01 2.408878103357381395e-03 4.817756206714762790e-04 9.999999999999984457e-01 9.980738264209859656e-01 4.815433947533454841e-04 0.000000000000000000e+00
1.296500000000000057e+02 9.967892045936551648e-01 3.210795406343169844e-03 6.421590812686339689e-04 9.999999999999983347e-01 9.974330136158425786e-01 6.417465960392076865e-04 0.000000000000000000e+00
1.297000000000000171e+02 9.958727699094739316e-01 4.127230090524569572e-03 8.254460181049139145e-04 9.999999999999984457e-01 9.967009418434489287e-01 8.247645391376115824e-04 0.000000000000000000e+00
1.297500000000000000e+02 9.948420712264004484e-01 5.157928773597830752e-03 1.031585754719566150e-03 9.999999999999982236e-01 9.958779141315436956e-01 1.030521467113929956e-03 0.000000000000000000e+00
1.298000000000000114e+02 9.936973933956496641e-01 6.302606604348948149e-03 1.260521320869789630e-03 9.999999999999986677e-01 9.949642708385471046e-01 1.258932290363089842e-03 0.000000000000000000e+00
1.298499999999999943e+02 9.924390526249682321e-01 7.560947375030435680e-03 1.512189475006087136e-03 9.999999999999986677e-01 9.939603894355830693e-01 1.509902641104093890e-03 0.000000000000000000e+00
1.299000000000000057e+02 9.910673963089773331e-01 8.932603691021168135e-03 1.786520738204233627e-03 9.999999999999984457e-01 9.928666841487924222e-01 1.783328962801751993e-03 0.000000000000000000e+00
1.299500000000000171e+02 9.895828028774545926e-01 1.041719712254390862e-02 2.083439424508781723e-03 9.999999999999984457e-01 9.916836056507309927e-01 2.079098587317111321e-03 0.000000000000000000e+00
1.300000000000000000e+02 9.879856816696378496e-01 1.201431833036087360e-02 2.402863666072174720e-03 9.999999999999986677e-01 9.904116408100317459e-01 2.397089797491942526e-03 0.000000000000000000e+00
1.300500000000000114e+02 9.862764727542687737e-01 1.372352724572978300e-02 2.744705449145956599e-03 9.999999999999985567e-01 9.890513123112887328e-01 2.737171922177687559e-03 0.000000000000000000e+00
1.300999999999999943e+02 9.844556466535165917e-01 1.554435334648190947e-02 3.108870669296381894e-03 9.999999999999984457e-01 9.876031781043412838e-01 3.099205473914533326e-03 0.000000000000000000e+00
1.301500000000000057e+02 9.825237042334896698e-01 1.747629576650894245e-02 3.495259153301788491e-03 9.999999999999986677e-01 9.860678311879494951e-01 3.483042203012469244e-03 0.000000000000000000e+00
1.302000000000000171e+02 9.804811765026253401e-01 1.951882349737338318e-02 3.903764699474676636e-03 9.999999999999986677e-01 9.844458991805721260e-01 3.888525204856831466e-03 0.000000000000000000e+00
1.302500000000000000e+02 9.783286242913499242e-01 2.167137570864868801e-02 4.334275141729737602e-03 9.999999999999986677e-01 9.827380436783880180e-01 4.315489080402839378e-03 0.000000000000000000e+00
1.303000000000000114e+02 9.760666380262084107e-01 2.393336197379025698e-02 4.786672394758051396e-03 9.999999999999986677e-01 9.809449598216704036e-01 4.763760044582234301e-03 0.000000000000000000e+00
1.303499999999999943e+02 9.736958375459690007e-01 2.630416245402972253e-02 5.260832490805944506e-03 9.999999999999986677e-01 9.790673759157385581e-01 5.233156021065204361e-03 0.000000000000000000e+00
1.304000000000000057e+02 9.712168718674438761e-01 2.878312813255484715e-02 5.756625626510969429e-03 9.999999999999986677e-01 9.771060529201670564e-01 5.723486769958082386e-03 0.000000000000000000e+00
1.304500000000000171e+02 9.686304187136238752e-01 3.136958128637484799e-02 6.273916257274969599e-03 9.999999999999986677e-01 9.750617835529934441e-01 6.234554111751474184e-03 0.000000000000000000e+00
1.305000000000000000e+02 9.659371843720131467e-01 3.406281562798540996e-02 6.812563125597081992e-03 9.999999999999985567e-01 9.729353920207338691e-01 6.766151994816401762e-03 0.000000000000000000e+00
1.305500000000000114e+02 9.631379034299479835e-01 3.686209657005057316e-02 7.372419314010114633e-03 9.999999999999985567e-01 9.707277334507992128e-01 7.318066637300068428e-03 0.000000000000000000e+00
1.305999999999999943e+02 9.602333384434407204e-01 3.976666155655783630e-02 7.953332311311567260e-03 9.999999999999985567e-01 9.684396932138557013e-01 7.890076696535942846e-03 0.000000000000000000e+00
1.306500000000000057e+02 9.572242794267719068e-01 4.277572057322681642e-02 8.555144114645363285e-03 9.999999999999986677e-01 9.660721859839037640e-01 8.481953504023909823e-03 0.000000000000000000e+00
1.307000000000000171e+02 9.541115437264537924e-01 4.588845627354481982e-02 9.177691254708963964e-03 9.999999999999986677e-01 9.636261554933963636e-01 9.093461126650782475e-03 0.000000000000000000e+00
1.307500000000000000e+02 9.508959757034434190e-01 4.910402429655513767e-02 9.820804859311027535e-03 9.999999999999985567e-01 9.611025738333689450e-01 9.724356541657624975e-03 0.000000000000000000e+00
1.308000000000000114e+02 9.475784462907327343e-01 5.242155370926593339e-02 1.048431074185318668e-02 9.999999999999986677e-01 9.585024406047119028e-01 1.037438984882188379e-02 0.000000000000000000e+00
1.308499999999999943e+02 9.441598524803564985e-01 5.584014751964211376e-02 1.116802950392842275e-02 9.999999999999986677e-01 9.558267819941033139e-01 1.104330450147402581e-02 0.000000000000000000e+00
1.309000000000000057e+02 9.406411171822550710e-01 5.935888281774354125e-02 1.187177656354870825e-02 9.999999999999986677e-01 9.530766504964285346e-01 1.173083737589274318e-02 0.000000000000000000e+00
1.309500000000000171e+02 9.370231888737023951e-01 6.297681112629599509e-02 1.259536222525919902e-02 9.999999999999984457e-01 9.502531241316325428e-01 1.243671896709173767e-02 0.000000000000000000e+00
1.310000000000000000e+02 9.333070410622285040e-01 6.669295893776988615e-02 1.333859178755397723e-02 9.999999999999984457e-01 9.473573054615496147e-01 1.316067363461247662e-02 0.000000000000000000e+00
1.310500000000000114e+02 9.294936717544355353e-01 7.050632824556313238e-02 1.410126564911262648e-02 9.999999999999986677e-01 9.443903206531994998e-01 1.390241983669998800e-02 0.000000000000000000e+00
1.310999999999999943e+02 9.255841033042533361e-01 7.441589669574533161e-02 1.488317933914906632e-02 9.999999999999986677e-01 9.413533191823492130e-01 1.466167020441257532e-02 0.000000000000000000e+00
1.311500000000000057e+02 9.215793820338067377e-01 7.842061796619198555e-02 1.568412359323839711e-02 9.999999999999986677e-01 9.382474729852380291e-01 1.543813175369036436e-02 0.000000000000000000e+00
1.312000000000000171e+02 9.174805776448081707e-01 8.251942235519033053e-02 1.650388447103806611e-02 9.999999999999984457e-01 9.350739754147312510e-01 1.623150614631704500e-02 0.000000000000000000e+00
1.312500000000000000e+02 9.132887826210379645e-01 8.671121737896053672e-02 1.734224347579210734e-02 9.999999999999984457e-01 9.318340402124705157e-01 1.704148994688222535e-02 0.000000000000000000e+00
1.313000000000000114e+02 9.090051120876903035e-01 9.099488791230819773e-02 1.819897758246163955e-02 9.999999999999984457e-01 9.285289012407498266e-01 1.786777468981242539e-02 0.000000000000000000e+00
1.313499999999999943e+02 9.046307033973778333e-01 9.536929660262066788e-02 1.907385932052413358e-02 9.999999999999984457e-01 9.251598115700367941e-01 1.871004710749066616e-02 0.000000000000000000e+00
1.314000000000000057e+02 9.001667155585395541e-01 9.983328444145900260e-02 1.996665688829180052e-02 9.999999999999985567e-01 9.217280424793694582e-01 1.956798938015751402e-02 0.000000000000000000e+00
1.314500000000000171e+02 8.956143285037490021e-01 1.043856714962493326e-01 2.087713429924986652e-02 9.999999999999983347e-01 9.182348822357724316e-01 2.044127944105675679e-02 0.000000000000000000e+00
1.315000000000000000e+02 8.909747429762548965e-01 1.090252570237434937e-01 2.180505140474869874e-02 9.999999999999984457e-01 9.146816358876422859e-01 2.132959102808930710e-02 0.000000000000000000e+00
1.315500000000000114e+02 8.862491800792390295e-01 1.137508199207595827e-01 2.275016398415191654e-02 9.999999999999986677e-01 9.110696243090194990e-01 2.223259392274499688e-02 0.000000000000000000e+00
1.315999999999999943e+02 8.814388808036506262e-01 1.185611191963478750e-01 2.371222383926957500e-02 9.999999999999984457e-01 9.074001833502660652e-01 2.314995416243335533e-02 0.000000000000000000e+00
1.316500000000000057e+02 8.765451051007601135e-01 1.234548948992383877e-01 2.469097897984767753e-02 9.999999999999984457e-01 9.036746623479410268e-01 2.408133441301460800e-02 0.000000000000000000e+00
1.317000000000000171e+02 8.715691317761335988e-01 1.284308682238649579e-01 2.568617364477299159e-02 9.999999999999985567e-01 8.998944239447367321e-01 2.502639401381567819e-02 0.000000000000000000e+00
1.317500000000000000e+02 8.665122580274138286e-01 1.334877419725846726e-01 2.669754839451693451e-02 9.999999999999984457e-01 8.960608431737169255e-01 2.598478920657062985e-02 0.000000000000000000e+00
1.318000000000000114e+02 8.613757991235012623e-01 1.386242008764970723e-01 2.772484017529941447e-02 9.999999999999983347e-01 8.921753067944395710e-01 2.695617330138996154e-02 0.000000000000000000e+00
1.318499999999999943e+02 8.561610872957134966e-01 1.438389127042849491e-01 2.876778254085698983e-02 9.999999999999984457e-01 8.882392115866161175e-01 2.794019710334583878e-02 0.000000000000000000e+00
1.319000000000000057e+02 8.508694715324457425e-01 1.491305284675528697e-01 2.982610569351057395e-02 9.999999999999986677e-01 8.842539640214938101e-01 2.893650899462642256e-02 0.000000000000000000e+00
1.319500000000000171e+02 8.455023172223387062e-01 1.544976827776600725e-01 3.089953655553201450e-02 9.999999999999987788e-01 8.802209796120360474e-01 2.994475509699084242e-02 0.000000000000000000e+00
1.320000000000000000e+02 8.400610058432382843e-01 1.599389941567602724e-01 3.198779883135205448e-02 9.999999999999985567e-01 8.761416821820239287e-01 3.096457945449387211e-02 0.000000000000000000e+00
1.320500000000000114e+02 8.345469339536720765e-01 1.654530660463265912e-01 3.309061320926531824e-02 9.999999999999986677e-01 8.720175023842776652e-01 3.199562440393045881e-02 0.000000000000000000e+00
1.320999999999999943e+02 8.289615126399105804e-01 1.710384873600881428e-01 3.420769747201762856e-02 9.999999999999986677e-01 8.678498768598287283e-01 3.303753078504266527e-02 0.000000000000000000e+00
1.321500000000000057e+02 8.233061673797279489e-01 1.766938326202704967e-01 3.533876652405409935e-02 9.999999999999984457e-01 8.636402480091195377e-01 3.408993799771996985e-02 0.000000000000000000e+00
1.322000000000000171e+02 8.175823375454901454e-01 1.824176624545084668e-01 3.648353249090169337e-02 9.999999999999986677e-01 8.593900629921711332e-01 3.515248425195707793e-02 0.000000000000000000e+00
1.322500000000000000e+02 8.117914758834829936e-01 1.882085241165154521e-01 3.764170482330309042e-02 9.999999999999984457e-01 8.551007729325318385e-01 3.622480676686688772e-02 0.000000000000000000e+00
1.323000000000000114e+02 8.059350474270625675e-01 1.940649525729359892e-01 3.881299051458719784e-02 9.999999999999985567e-01 8.507738313710752065e-01 3.730654215723105960e-02 0.000000000000000000e+00
1.323499999999999943e+02 8.000145294231700843e-01 1.999854705768283614e-01 3.999709411536567227e-02 9.999999999999984457e-01 8.464106941555106234e-01 3.839732646112219150e-02 0.000000000000000000e+00
1.324000000000000057e+02 7.940314108552405381e-01 2.059685891447579631e-01 4.119371782895159262e-02 9.999999999999984457e-01 8.420128186252354707e-01 3.949679534369099354e-02 0.000000000000000000e+00
1.324500000000000171e+02 7.879871922410979224e-01 2.120128077589006343e-01 4.240256155178012687e-02 9.999999999999985567e-01 8.375816631072137142e-01 4.060458422319643962e-02 0.000000000000000000e+00
1.325000000000000000e+02 7.818833844023325153e-01 2.181166155976660415e-01 4.362332311953320829e-02 9.999999999999985567e-01 8.331186852901044659e-01 4.172032867747375862e-02 0.000000000000000000e+00
1.325500000000000114e+02 7.757215080247726879e-01 2.242784919752258133e-01 4.485569839504516265e-02 9.999999999999984457e-01 8.286253416146843742e-01 4.284366459632876073e-02 0.000000000000000000e+00
1.325999999999999943e+02 7.695030935273599049e-01 2.304969064726386518e-01 4.609938129452773037e-02 9.999999999999985567e-01 8.241030870765403415e-01 4.397422823086477583e-02 0.000000000000000000e+00
1.326500000000000057e+02 7.632296805514289240e-01 2.367703194485698548e-01 4.735406388971397096e-02 9.999999999999987788e-01 8.195533742892645579e-01 4.511165642768370787e-02 0.000000000000000000e+00
1.327000000000000171e+02 7.569028175319871821e-01 2.430971824680114302e-01 4.861943649360228603e-02 9.999999999999986677e-01 8.149776528871290893e-01 4.625558677821758197e-02 0.000000000000000000e+00
1.327500000000000000e+02 7.505240604759546574e-01 2.494759395240439548e-01 4.989518790480879096e-02 9.999999999999986677e-01 8.103773679794815665e-01 4.740565800512946265e-02 0.000000000000000000e+00
1.328000000000000114e+02 7.440949728724778334e-01 2.559050271275209454e-01 5.118100542550418908e-02 9.999999999999987788e-01 8.057539600304068905e-01 4.856150999239811777e-02 0.000000000000000000e+00
1.328499999999999943e+02 7.376171253439807174e-01 2.623828746560180614e-01 5.247657493120361227e-02 9.999999999999987788e-01 8.011088643470523074e-01 4.972278391323675661e-02 0.000000000000000000e+00
1.329000000000000057e+02 7.310920953668783584e-01 2.689079046331205314e-01 5.378158092662410628e-02 9.999999999999988898e-01 7.964435104753591066e-01 5.088912238116007070e-02 0.000000000000000000e+00
1.329500000000000171e+02 7.245214663299731628e-01 2.754785336700255050e-01 5.509570673400510099e-02 9.999999999999986677e-01 7.917593211284965626e-01 5.206016971787572056e-02 0.000000000000000000e+00
1.330000000000000000e+02 7.179068267283463811e-01 2.820931732716525087e-01 5.641863465433050173e-02 9.999999999999988898e-01 7.870577112148171572e-01 5.323557219629554416e-02 0.000000000000000000e+00
1.330500000000000114e+02 7.112497701445414933e-01 2.887502298554572855e-01 5.775004597109145710e-02 9.999999999999987788e-01 7.823400878146238302e-01 5.441497804634389673e-02 0.000000000000000000e+00
1.330999999999999943e+02 7.045518947307599644e-01 2.954481052692387033e-01 5.908962105384774066e-02 9.999999999999986677e-01 7.776078494491686088e-01 5.559803763770768820e-02 0.000000000000000000e+00
1.331500000000000057e+02 6.978148031405579932e-01 3.021851968594407856e-01 6.043703937188815711e-02 9.999999999999987788e-01 7.728623858354648490e-01 5.678440354113363508e-02 0.000000000000000000e+00
1.332000000000000171e+02 6.910401012009783628e-01 3.089598987990202494e-01 6.179197975980404989e-02 9.999999999999986677e-01 7.681050764813158738e-01 5.797373087967087890e-02 0.000000000000000000e+00
1.332500000000000000e+02 6.842293974983575389e-01 3.157706025016410178e-01 6.315412050032820357e-02 9.999999999999985567e-01 7.633372902206316812e-01 5.916567744484192704e-02 0.000000000000000000e+00
1.333000000000000114e+02 6.773843033197499697e-01 3.226156966802487536e-01 6.452313933604975071e-02 9.999999999999986677e-01 7.585603851471506287e-01 6.035990371321218323e-02 0.000000000000000000e+00
1.333499999999999943e+02 6.705064321331051236e-01 3.294935678668936552e-01 6.589871357337873103e-02 9.999999999999987788e-01 7.537757079156617301e-01 6.155607302108442175e-02 0.000000000000000000e+00
1.334000000000000057e+02 6.635973994919346364e-01 3.364026005080641979e-01 6.728052010161283958e-02 9.999999999999988898e-01 7.489845935583541170e-01 6.275385161041131810e-02 0.000000000000000000e+00
1.334500000000000171e+02 6.566588216587261329e-01 3.433411783412726459e-01 6.866823566825452918e-02 9.999999999999987788e-01 7.441883641545763428e-01 6.395290896135574776e-02 0.000000000000000000e+00
1.335000000000000000e+02 6.496923153732723222e-01 3.503076846267264011e-01 7.006153692534528021e-02 9.999999999999986677e-01 7.393883285936758698e-01 6.515291785158086602e-02 0.000000000000000000e+00
1.335500000000000114e+02 6.426994977636451001e-01 3.573005022363540117e-01 7.146010044727080235e-02 9.999999999999991118e-01 7.345857824858271767e-01 6.635355437854305316e-02 0.000000000000000000e+00
1.335999999999999943e+02 6.356819858756248554e-01 3.643180141243740344e-01 7.286360282487480688e-02 9.999999999999988898e-01 7.297820075888774571e-01 6.755449810278049694e-02 0.000000000000000000e+00
1.336500000000000057e+02 6.286413965314699981e-01 3.713586034685290027e-01 7.427172069370580054e-02 9.999999999999990008e-01 7.249782716383006420e-01 6.875543209042468684e-02 0.000000000000000000e+00
1.337000000000000171e+02 6.215793449983555430e-01 3.784206550016433468e-01 7.568413100032866936e-02 9.999999999999988898e-01 7.201758272016743900e-01 6.995604319958126371e-02 0.000000000000000000e+00
1.337500000000000000e+02 6.144974448305683401e-01 3.855025551694307717e-01 7.710051103388615434e-02 9.999999999999991118e-01 7.153759115355023956e-01 7.115602211612427619e-02 0.000000000000000000e+00
1.338000000000000114e+02 6.073973077780780994e-01 3.926026922219208459e-01 7.852053844438416919e-02 9.999999999999988898e-01 7.105797465086537423e-01 7.235506337283643952e-02 0.000000000000000000e+00
1.338499999999999943e+02 6.002805433611316799e-01 3.997194566388673209e-01 7.994389132777346418e-02 9.999999999999990008e-01 7.057885381736650476e-01 7.355286545658361319e-02 0.000000000000000000e+00
1.339000000000000057e+02 5.931487587492273450e-01 4.068512412507716003e-01 8.137024825015432006e-02 9.999999999999988898e-01 7.010034766436910036e-01 7.474913083907712419e-02 0.000000000000000000e+00
1.339500000000000171e+02 5.860035574713998718e-01 4.139964425285991290e-01 8.279928850571982579e-02 9.999999999999990008e-01 6.962257351386389459e-01 7.594356621534013863e-02 0.000000000000000000e+00
1.340000000000000000e+02 5.788465392726872549e-01 4.211534607273118014e-01 8.423069214546236028e-02 9.999999999999991118e-01 6.914564698745184756e-01 7.713588253137025619e-02 0.000000000000000000e+00
1.340500000000000114e+02 5.716793000463071817e-01 4.283206999536917636e-01 8.566413999073835273e-02 9.999999999999988898e-01 6.866968200199500272e-01 7.832579499501235443e-02 0.000000000000000000e+00
1.340999999999999943e+02 5.645034314355966698e-01 4.354965685644021645e-01 8.709931371288043289e-02 9.999999999999988898e-01 6.819479074116049366e-01 7.951302314709864094e-02 0.000000000000000000e+00
1.341500000000000057e+02 5.573205208065258320e-01 4.426794791934729467e-01 8.853589583869458934e-02 9.999999999999987788e-01 6.772108365094046123e-01 8.069729087264873590e-02 0.000000000000000000e+00
1.342000000000000171e+02 5.501321499881255406e-01 4.498678500118732937e-01 8.997357000237465874e-02 9.999999999999988898e-01 6.724866936319759958e-01 8.187832659200589003e-02 0.000000000000000000e+00
1.342500000000000000e+02 5.429398950979205107e-01 4.570601049020783790e-01 9.141202098041567581e-02 9.999999999999988898e-01 6.677765468491436707e-01 8.305586328771397131e-02 0.000000000000000000e+00
1.343000000000000114e+02 5.357453265092059214e-01 4.642546734907929129e-01 9.285093469815858258e-02 9.999999999999988898e-01 6.630814459682063955e-01 8.422963850794826235e-02 0.000000000000000000e+00
1.343499999999999943e+02 5.285500084778014251e-01 4.714499915221972981e-01 9.428999830443945962e-02 9.999999999999986677e-01 6.584024223937429143e-01 8.539939440156414652e-02 0.000000000000000000e+00
1.344000000000000057e+02 5.213554992357208873e-01 4.786445007642781135e-01 9.572890015285562271e-02 9.999999999999990008e-01 6.537404891637237370e-01 8.656487770906895474e-02 0.000000000000000000e+00
1.344500000000000171e+02 5.141633497982125434e-01 4.858366502017863464e-01 9.716733004035726928e-02 9.999999999999988898e-01 6.490966403901888837e-01 8.772583990245265417e-02 0.000000000000000000e+00
1.345000000000000000e+02 5.069751037057338428e-01 4.930248962942651580e-01 9.860497925885303161e-02 9.999999999999990008e-01 6.444718511443159326e-01 8.888203721392089196e-02 0.000000000000000000e+00
1.345500000000000114e+02 4.997922970188178882e-01 5.002077029811811126e-01 1.000415405962362114e-01 9.999999999999990008e-01 6.398670774554799934e-01 9.003323063612989063e-02 0.000000000000000000e+00
1.345999999999999943e+02 4.926164580033471352e-01 5.073835419966519211e-01 1.014767083993303731e-01 9.999999999999991118e-01 6.352832563026050705e-01 9.117918592434860747e-02 0.000000000000000000e+00
1.346500000000000057e+02 4.854491072802540885e-01 5.145508927197448568e-01 1.029101785439489603e-01 9.999999999999988898e-01 6.307213057227121222e-01 9.231967356932185842e-02 0.000000000000000000e+00
1.347000000000000171e+02 4.782917568273985509e-01 5.217082431726003389e-01 1.043416486345200567e-01 9.999999999999988898e-01 6.261821244717374890e-01 9.345446888206550284e-02 0.000000000000000000e+00
1.347500000000000000e+02 4.711459095645612605e-01 5.288540904354377403e-01 1.057708180870875481e-01 9.999999999999990008e-01 6.216665919154810149e-01 9.458335202112962137e-02 0.000000000000000000e+00
1.348000000000000114e+02 4.640130593534316783e-01 5.359869406465672670e-01 1.071973881293134534e-01 9.999999999999988898e-01 6.171755680295979429e-01 9.570610799260038937e-02 0.000000000000000000e+00
1.348499999999999943e+02 4.568946908132747176e-01 5.431053091867241722e-01 1.086210618373448233e-01 9.999999999999988898e-01 6.127098934655109685e-01 9.682252663362213296e-02 0.000000000000000000e+00
1.349000000000000057e+02 4.497922793586346391e-01 5.502077206413641397e-01 1.100415441282728279e-01 9.999999999999987788e-01 6.082703897641725810e-01 9.793240255895671598e-02 0.000000000000000000e+00
1.349500000000000171e+02 4.427072906120148588e-01 5.572927093879840310e-01 1.114585418775967951e-01 9.999999999999988898e-01 6.038578591929798511e-01 9.903553520175489844e-02 0.000000000000000000e+00
1.350000000000000000e+02 4.356411797486673398e-01 5.643588202513316610e-01 1.128717640502663322e-01 9.999999999999990008e-01 5.994730846982933015e-01 1.001317288254265359e-01 0.000000000000000000e+00
1.350500000000000114e+02 4.285953914926995401e-01 5.714046085072993497e-01 1.142809217014598699e-01 9.999999999999988898e-01 5.951168299056590616e-01 1.012207925235850958e-01 0.000000000000000000e+00
1.350999999999999943e+02 4.215713600380392445e-01 5.784286399619598118e-01 1.156857279923919624e-01 9.999999999999991118e-01 5.907898391803336757e-01 1.023025402049164562e-01 0.000000000000000000e+00
1.351500000000000057e+02 4.145705089808817689e-01 5.854294910191171208e-01 1.170858982038234242e-01 9.999999999999988898e-01 5.864928379875224973e-01 1.033767905031192508e-01 0.000000000000000000e+00
1.352000000000000171e+02 4.075942511435857174e-01 5.924057488564132834e-01 1.184811497712826567e-01 9.999999999999990008e-01 5.822265328305534782e-01 1.044433667923615194e-01 0.000000000000000000e+00
1.352500000000000000e+02 4.006439877466240751e-01 5.993560122533749812e-01 1.198712024506750073e-01 9.999999999999991118e-01 5.779916113293356306e-01 1.055020971676659813e-01 0.000000000000000000e+00
1.353000000000000114e+02 3.937211083609150064e-01 6.062788916390839944e-01 1.212557783278168100e-01 9.999999999999990008e-01 5.737887422344785104e-01 1.065528144413802475e-01 0.000000000000000000e+00
1.353499999999999943e+02 3.868269908883183450e-01 6.131730091116804893e-01 1.226346018223360979e-01 9.999999999999988898e-01 5.696185754494811349e-01 1.075953561376296053e-01 0.000000000000000000e+00
1.354000000000000057e+02 3.799630014427731184e-01 6.200369985572257159e-01 1.240073997114451432e-01 9.999999999999988898e-01 5.654817424700456785e-01 1.086295643824884694e-01 0.000000000000000000e+00
1.354500000000000171e+02 3.731304944695040260e-01 6.268695055304949193e-01 1.253739011060989728e-01 9.999999999999988898e-01 5.613788564473211062e-01 1.096552858881695985e-01 0.000000000000000000e+00
1.355000000000000000e+02 3.663308119149810138e-01 6.336691880850178205e-01 1.267338376170035752e-01 9.999999999999988898e-01 5.573105123678765427e-01 1.106723719080307533e-01 0.000000000000000000e+00
1.355500000000000114e+02 3.595652830710755476e-01 6.404347169289235087e-01 1.280869433857846906e-01 9.999999999999991118e-01 5.532772871366957723e-01 1.116806782158259320e-01 0.000000000000000000e+00
1.355999999999999943e+02 3.528352245750874250e-01 6.471647754249115758e-01 1.294329550849823152e-01 9.999999999999990008e-01 5.492797395771941149e-01 1.126800651057013464e-01 0.000000000000000000e+00
1.356500000000000057e+02 3.461419403188230048e-01 6.538580596811758294e-01 1.307716119362351548e-01 9.999999999999988898e-01 5.453184107802900860e-01 1.136703973049273675e-01 0.000000000000000000e+00
1.357000000000000171e+02 3.394867216376903918e-01 6.605132783623082204e-01 1.321026556724616552e-01 9.999999999999986677e-01 5.413938244530178689e-01 1.146515438867454079e-01 0.000000000000000000e+00
1.357500000000000000e+02 3.328708467399952853e-01 6.671291532600034380e-01 1.334258306520006987e-01 9.999999999999986677e-01 5.375064870225654268e-01 1.156233782443585323e-01 0.000000000000000000e+00
1.358000000000000114e+02 3.262955803613368788e-01 6.737044196386618999e-01 1.347408839277323689e-01 9.999999999999987788e-01 5.336568879059246928e-01 1.165857780235187158e-01 0.000000000000000000e+00
1.358499999999999943e+02 3.197621737646336726e-01 6.802378262353649951e-01 1.360475652470730101e-01 9.999999999999986677e-01 5.298454995099074472e-01 1.175386251225230133e-01 0.000000000000000000e+00
1.359000000000000057e+02 3.132718647075003471e-01 6.867281352924983207e-01 1.373456270584996752e-01 9.999999999999986677e-01 5.260727773920808037e-01 1.184818056519796603e-01 0.000000000000000000e+00
1.359500000000000171e+02 3.068258775577764053e-01 6.931741224422225400e-01 1.386348244884444969e-01 9.999999999999988898e-01 5.223391609148457793e-01 1.194152097712884303e-01 0.000000000000000000e+00
1.360000000000000000e+02 3.004254231085616289e-01 6.995745768914372054e-01 1.399149153782874300e-01 9.999999999999988898e-01 5.186450732119272100e-01 1.203387316970180587e-01 0.000000000000000000e+00
1.360500000000000114e+02 2.940716980593093277e-01 7.059283019406894510e-01 1.411856603881379013e-01 9.999999999999987788e-01 5.149909216700977455e-01 1.212522695824754249e-01 0.000000000000000000e+00
1.360999999999999943e+02 2.877658849948012687e-01 7.122341150051975101e-01 1.424468230010395020e-01 9.999999999999987788e-01 5.113770979649302495e-01 1.221557255087672988e-01 0.000000000000000000e+00
1.361500000000000057e+02 2.815091523781190763e-01 7.184908476218796469e-01 1.436981695243759183e-01 9.999999999999986677e-01 5.078039780989547225e-01 1.230490054752611806e-01 0.000000000000000000e+00
1.362000000000000171e+02 2.753026546025878485e-01 7.246973453974109303e-01 1.449394690794821861e-01 9.999999999999987788e-01 5.042719230928588425e-01 1.239320192267851645e-01 0.000000000000000000e+00
1.362500000000000000e+02 2.691475320974284213e-01 7.308524679025701909e-01 1.461704935805140382e-01 9.999999999999986677e-01 5.007812790479858611e-01 1.248046802380033959e-01 0.000000000000000000e+00
1.363000000000000114e+02 2.630449107841125733e-01 7.369550892158860389e-01 1.473910178431772078e-01 9.999999999999986677e-01 4.973323776535109042e-01 1.256669055866221629e-01 0.000000000000000000e+00
1.363499999999999943e+02 2.569959019892439911e-01 7.430040980107546211e-01 1.486008196021509353e-01 9.999999999999986677e-01 4.939255363570124735e-01 1.265186159107467567e-01 0.000000000000000000e+00
1.364000000000000057e+02 2.510016024445302918e-01 7.489983975554683759e-01 1.497996795110936863e-01 9.999999999999986677e-01 4.905610583644572920e-01 1.273597354088855382e-01 0.000000000000000000e+00
1.364500000000000171e+02 2.450630943059062816e-01 7.549369056940922196e-01 1.509873811388184328e-01 9.999999999999984457e-01 4.872392330909074976e-01 1.281901917272730007e-01 0.000000000000000000e+00
1.365000000000000000e+02 2.391814453793550399e-01 7.608185546206436278e-01 1.521637109241287256e-01 9.999999999999986677e-01 4.839603366240126103e-01 1.290099158439967086e-01 0.000000000000000000e+00
1.365500000000000114e+02 2.333577087389476223e-01 7.666422912610509899e-01 1.533284582522101980e-01 9.999999999999986677e-01 4.807246319448051364e-01 1.298188420137985910e-01 0.000000000000000000e+00
1.365999999999999943e+02 2.275929225285986679e-01 7.724070774713998055e-01 1.544814154942799611e-01 9.999999999999984457e-01 4.775323693770368028e-01 1.306169076557406883e-01 0.000000000000000000e+00
1.366500000000000057e+02 2.218881099619905428e-01 7.781118900380079584e-01 1.556223780076015917e-01 9.999999999999984457e-01 4.743837865874351856e-01 1.314040533531410648e-01 0.000000000000000000e+00
1.367000000000000171e+02 2.162442793306487421e-01 7.837557206693499534e-01 1.567511441338699796e-01 9.999999999999986677e-01 4.712791087630056053e-01 1.321802228092484599e-01 0.000000000000000000e+00
1.367500000000000000e+02 2.106624242195551111e-01 7.893375757804432791e-01 1.578675151560886558e-01 9.999999999999984457e-01 4.682185493847351720e-01 1.329453626538160682e-01 0.000000000000000000e+00
1.368000000000000114e+02 2.051435233784785761e-01 7.948564766215199251e-01 1.589712953243039850e-01 9.999999999999984457e-01 4.652023102164045687e-01 1.336994224458987190e-01 0.000000000000000000e+00
1.368499999999999943e+02 1.996885404276657061e-01 8.003114595723328506e-01 1.600622919144665812e-01 9.999999999999985567e-01 4.622305819580497244e-01 1.344423545104874440e-01 0.000000000000000000e+00
1.369000000000000057e+02 1.942984238479661674e-01 8.057015761520323061e-01 1.611403152304064501e-01 9.999999999999984457e-01 4.593035442996742934e-01 1.351741139250812740e-01 0.000000000000000000e+00
1.369500000000000171e+02 1.889741069822177821e-01 8.110258930177807191e-01 1.622051786035561549e-01 9.999999999999984457e-01 4.564213659593421291e-01 1.358946585101643567e-01 0.000000000000000000e+00
1.370000000000000000e+02 1.837165081910197006e-01 8.162834918089789671e-01 1.632566983617957934e-01 9.999999999999986677e-01 4.535842054216425723e-01 1.366039486445892182e-01 0.000000000000000000e+00
1.370500000000000114e+02 1.785265309449270421e-01 8.214734690550715701e-01 1.642946938110143029e-01 9.999999999999986677e-01 4.507922110191301956e-01 1.373019472452173262e-01 0.000000000000000000e+00
1.370999999999999943e+02 1.734050635086680225e-01 8.265949364913305342e-01 1.653189872982661068e-01 9.999999999999985567e-01 4.480455215332096452e-01 1.379886196166974777e-01 0.000000000000000000e+00
1.371500000000000057e+02 1.683529789049274528e-01 8.316470210950710484e-01 1.663294042190142097e-01 9.999999999999984457e-01 4.453442663963922965e-01 1.386639334009018010e-01 0.000000000000000000e+00
1.372000000000000171e+02 1.633711349143673885e-01 8.366288650856312792e-01 1.673257730171262558e-01 9.999999999999986677e-01 4.426885656923073009e-01 1.393278585769230637e-01 0.000000000000000000e+00
1.372500000000000000e+02 1.584603741617635342e-01 8.415396258382351613e-01 1.683079251676470323e-01 9.999999999999986677e-01 4.400785306240869721e-01 1.399803673439781460e-01 0.000000000000000000e+00
1.373000000000000114e+02 1.536215243424141341e-01 8.463784756575845059e-01 1.692756951315169123e-01 9.999999999999986677e-01 4.375142639495911423e-01 1.406214340126021034e-01 0.000000000000000000e+00
1.373499999999999943e+02 1.488553979673131744e-01 8.511446020326853823e-01 1.702289204065370876e-01 9.999999999999985567e-01 4.349958602660652374e-01 1.412510349334835935e-01 0.000000000000000000e+00
1.374000000000000057e+02 1.441627922893736202e-01 8.558372077106252140e-01 1.711674415421250428e-01 9.999999999999988898e-01 4.325234064540478540e-01 1.418691483864879255e-01 0.000000000000000000e+00
1.374500000000000171e+02 1.395444893034469003e-01 8.604555106965516842e-01 1.720911021393103368e-01 9.999999999999985567e-01 4.300969816774079524e-01 1.424757545806479009e-01 0.000000000000000000e+00
1.375000000000000000e+02 1.350012557840968852e-01 8.649987442159015050e-01 1.729997488431803121e-01 9.999999999999984457e-01 4.277166575886517386e-01 1.430708356028369543e-01 0.000000000000000000e+00
1.375500000000000114e+02 1.305338435435517142e-01 8.694661564564467593e-01 1.738932312912893630e-01 9.999999999999984457e-01 4.253824990191389932e-01 1.436543752452151546e-01 0.000000000000000000e+00
1.375999999999999943e+02 1.261429892993670143e-01 8.738570107006315979e-01 1.747714021401263196e-01 9.999999999999986677e-01 4.230945640185067580e-01 1.442263589953731995e-01 0.000000000000000000e+00
1.376500000000000057e+02 1.218294145618029761e-01 8.781705854381954834e-01 1.756341170876390967e-01 9.999999999999984457e-01 4.208529044532904884e-01 1.447867738866772669e-01 0.000000000000000000e+00
1.377000000000000171e+02 1.175938256340969823e-01 8.824061743659015189e-01 1.764812348731802927e-01 9.999999999999984457e-01 4.186575660392760079e-01 1.453356084901809009e-01 0.000000000000000000e+00
1.377500000000000000e+02 1.134369136254220062e-01 8.865630863745765922e-01 1.773126172749153184e-01 9.999999999999985567e-01 4.165085884137676442e-01 1.458728528965579918e-01 0.000000000000000000e+00
1.378000000000000114e+02 1.093593546748581474e-01 8.906406453251403121e-01 1.781281290650280624e-01 9.999999999999984457e-01 4.144060058132063573e-01 1.463984985466982858e-01 0.000000000000000000e+00
1.378499999999999943e+02 1.053618099501673067e-01 8.946381900498312501e-01 1.789276380099662500e-01 9.999999999999985567e-01 4.123498471121879727e-01 1.469125382219529097e-01 0.000000000000000000e+00
1.379000000000000057e+02 1.014449255115887488e-01 8.985550744884098773e-01 1.797110148976819866e-01 9.999999999999986677e-01 4.103401363962993487e-01 1.474149659009250657e-01 0.000000000000000000e+00
1.379500000000000171e+02 9.760933231185481285e-02 9.023906676881437994e-01 1.804781335376287599e-01 9.999999999999986677e-01 4.083768930685888199e-01 1.479057767328526840e-01 0.000000000000000000e+00
1.380000000000000000e+02 9.385564619910455320e-02 9.061443538008941978e-01 1.812288707601788507e-01 9.999999999999987788e-01 4.064601318663067508e-01 1.483849670334231874e-01 0.000000000000000000e+00
1.380500000000000114e+02 9.018446808534420767e-02 9.098155319146544739e-01 1.819631063829308948e-01 9.999999999999986677e-01 4.045898634044063913e-01 1.488525341488982912e-01 0.000000000000000000e+00
1.380999999999999943e+02 8.659638404487733643e-02 9.134036159551212064e-01 1.826807231910242413e-01 9.999999999999985567e-01 4.027660943241314073e-01 1.493084764189670233e-01 0.000000000000000000e+00
1.381500000000000057e+02 8.309196517558814499e-02 9.169080348244105227e-01 1.833816069648820934e-01 9.999999999999986677e-01 4.009888277368898746e-01 1.497527930657774065e-01 0.000000000000000000e+00
1.382000000000000171e+02 7.967176759865673974e-02 9.203282324013419835e-01 1.840656464802684078e-01 9.999999999999986677e-01 3.992580634166126852e-01 1.501854841458467038e-01 0.000000000000000000e+00
1.382500000000000000e+02 7.633633245874350826e-02 9.236636675412551734e-01 1.847327335082510347e-01 9.999999999999986677e-01 3.975737978008519469e-01 1.506065505497869161e-01 0.000000000000000000e+00
1.383000000000000114e+02 7.308618604164943133e-02 9.269138139583493752e-01 1.853827627916698750e-01 9.999999999999987788e-01 3.959360243744122210e-01 1.510159939063968337e-01 0.000000000000000000e+00
1.383499999999999943e+02 6.992183992938132142e-02 9.300781600706173879e-01 1.860156320141234665e-01 9.999999999999986677e-01 3.943447339427881837e-01 1.514138165143028292e-01 0.000000000000000000e+00
1.384000000000000057e+02 6.684379087333240654e-02 9.331562091266663028e-01 1.866312418253332495e-01 9.999999999999986677e-01 3.927999149176522042e-01 1.518000212705868379e-01 0.000000000000000000e+00
1.384500000000000171e+02 6.385252079489582566e-02 9.361474792051027727e-01 1.872294958410205545e-01 9.999999999999985567e-01 3.913015535754990060e-01 1.521746116061251375e-01 0.000000000000000000e+00
1.385000000000000000e+02 6.094849678545893878e-02 9.390515032145396734e-01 1.878103006429079347e-01 9.999999999999986677e-01 3.898496340576428354e-01 1.525375914855891801e-01 0.000000000000000000e+00
1.385500000000000114e+02 5.813217118940057493e-02 9.418678288105980512e-01 1.883735657621196102e-01 9.999999999999986677e-01 3.884441386295119925e-01 1.528889653426219186e-01 0.000000000000000000e+00
1.385999999999999943e+02 5.540398177671962410e-02 9.445960182232790991e-01 1.889192036446558087e-01 9.999999999999986677e-01 3.870850480218253620e-01 1.532287379945435624e-01 0.000000000000000000e+00
1.386500000000000057e+02 5.276435163417816238e-02 9.472356483658206372e-01 1.894471296731641274e-01 9.999999999999987788e-01 3.857723415976984094e-01 1.535569146005753005e-01 0.000000000000000000e+00
1.387000000000000171e+02 5.021368916778826824e-02 9.497863108322104342e-01 1.899572621664420979e-01 9.999999999999986677e-01 3.845059976300944649e-01 1.538735005924762866e-01 0.000000000000000000e+00
1.387500000000000000e+02 4.775238810288597729e-02 9.522476118971126002e-01 1.904495223794225311e-01 9.999999999999985567e-01 3.832859933022629284e-01 1.541785016744341708e-01 0.000000000000000000e+00
1.388000000000000114e+02 4.538082755084921899e-02 9.546191724491495112e-01 1.909238344898299133e-01 9.999999999999987788e-01 3.821123049033392505e-01 1.544719237741651041e-01 0.000000000000000000e+00
1.388499999999999943e+02 4.309937216888994754e-02 9.569006278311089631e-01 1.913801255662218037e-01 9.999999999999988898e-01 3.809849081492422962e-01 1.547537729626893288e-01 0.000000000000000000e+00
1.389000000000000057e+02 4.090837207015703136e-02 9.590916279298417058e-01 1.918183255859683412e-01 9.999999999999987788e-01 3.799037783047049532e-01 1.550240554238236645e-01 0.000000000000000000e+00
1.389500000000000171e+02 3.880816282788080579e-02 9.611918371721182019e-01 1.922383674344236293e-01 9.999999999999990008e-01 3.788688904232159205e-01 1.552827773941959089e-01 0.000000000000000000e+00
1.390000000000000000e+02 3.679906547561201391e-02 9.632009345243869314e-01 1.926401869048773863e-01 9.999999999999988898e-01 3.778802193482638794e-01 1.555299451629339469e-01 0.000000000000000000e+00
1.390500000000000114e+02 3.488138657172533408e-02 9.651186134282735418e-01 1.930237226856547084e-01 9.999999999999988898e-01 3.769377398872659213e-01 1.557655650281834225e-01 0.000000000000000000e+00
1.390999999999999943e+02 3.305541832726685558e-02 9.669445816727317844e-01 1.933889163345463569e-01 9.999999999999986677e-01 3.760414270616606047e-01 1.559896432345847517e-01 0.000000000000000000e+00
1.391500000000000057e+02 3.132143853127350441e-02 9.686785614687252188e-01 1.937357122937450327e-01 9.999999999999986677e-01 3.751912562215276026e-01 1.562021859446180161e-01 0.000000000000000000e+00
1.392000000000000171e+02 2.967971055718698556e-02 9.703202894428117897e-01 1.940640578885623468e-01 9.999999999999987788e-01 3.743872032164738406e-01 1.564031991958814427e-01 0.000000000000000000e+00
1.392500000000000000e+02 2.813048336321929965e-02 9.718695166367796734e-01 1.943739033273559347e-01 9.999999999999990008e-01 3.736292443969741472e-01 1.565926889007563938e-01 0.000000000000000000e+00
1.393000000000000114e+02 2.667399156602964089e-02 9.733260084339692142e-01 1.946652016867938539e-01 9.999999999999988898e-01 3.729173567917175580e-01 1.567706608020705272e-01 0.000000000000000000e+00
1.393499999999999943e+02 2.531045551735242732e-02 9.746895444826464416e-01 1.949379088965292883e-01 9.999999999999988898e-01 3.722515182578229886e-01 1.569371204355441696e-01 0.000000000000000000e+00
1.394000000000000057e+02 2.404008124843356325e-02 9.759599187515652918e-01 1.951919837503130473e-01 9.999999999999988898e-01 3.716317076035196565e-01 1.570920730991200165e-01 0.000000000000000000e+00
1.394500000000000171e+02 2.286306047613140963e-02 9.771369395238673761e-01 1.954273879047734863e-01 9.999999999999987788e-01 3.710579046765491995e-01 1.572355238308626169e-01 0.000000000000000000e+00
1.395000000000000000e+02 2.177957060666160100e-02 9.782204293933371986e-01 1.956440858786674397e-01 9.999999999999987788e-01 3.705300903741482466e-01 1.573674774064628690e-01 0.000000000000000000e+00
1.395500000000000114e+02 2.078977481860606880e-02 9.792102251813927793e-01 1.958420450362785559e-01 9.999999999999988898e-01 3.700482468128870606e-01 1.574879382967781516e-01 0.000000000000000000e+00
1.395999999999999943e+02 1.989382207768331662e-02 9.801061779223154691e-01 1.960212355844631049e-01 9.999999999999987788e-01 3.696123573967873832e-01 1.575969106508030571e-01 0.000000000000000000e+00
1.396500000000000057e+02 1.909184710593197012e-02 9.809081528940668537e-01 1.961816305788133818e-01 9.999999999999987788e-01 3.692224069157915012e-01 1.576943982710520553e-01 0.000000000000000000e+00
1.397000000000000171e+02 1.838397038548443899e-02 9.816160296145143294e-01 1.963232059229028659e-01 9.999999999999987788e-01 3.688783815732065152e-01 1.577804046066982879e-01 0.000000000000000000e+00
1.397500000000000000e+02 1.777029817458209218e-02 9.822297018254166900e-01 1.964459403650833380e-01 9.999999999999987788e-01 3.685802690171589568e-01 1.578549327457101914e-01 0.000000000000000000e+00
1.398000000000000114e+02 1.725092257585943492e-02 9.827490774241396387e-01 1.965498154848279166e-01 9.999999999999991118e-01 3.683280584638849997e-01 1.579179853840286529e-01 0.000000000000000000e+00
1.398499999999999943e+02 1.682592150299381389e-02 9.831740784970049996e-01 1.966348156994009999e-01 9.999999999999987788e-01 3.681217407128056229e-01 1.579695648217985249e-01 0.000000000000000000e+00
1.399000000000000057e+02 1.649535867558338254e-02 9.835046413244155072e-01 1.967009282648831126e-01 9.999999999999988898e-01 3.679613081911267125e-01 1.580096729522182386e-01 0.000000000000000000e+00
1.399500000000000171e+02 1.625928362169529184e-02 9.837407163783035147e-01 1.967481432756607029e-01 9.999999999999987788e-01 3.678467549583530616e-01 1.580383112604116513e-01 0.000000000000000000e+00
1.400000000000000000e+02 1.611773171547420044e-02 9.838822682845247414e-01 1.967764536569049372e-01 9.999999999999988898e-01 3.677780767589015065e-01 1.580554808102745679e-01 0.000000000000000000e+00
1.400500000000000114e+02 1.607072417295318453e-02 9.839292758270457018e-01 1.967858551654091404e-01 9.999999999999988898e-01 3.677552710423136473e-01 1.580611822394215327e-01 0.000000000000000000e+00
1.400999999999999943e+02 1.611826803574016587e-02 9.838817319642587655e-01 1.967763463928517420e-01 9.999999999999988898e-01 3.677783369589765483e-01 1.580554157602557797e-01 0.000000000000000000e+00
1.401500000000000057e+02 1.626035617529480309e-02 9.837396438247042463e-01 1.967479287649408493e-01 9.999999999999990008e-01 3.678472753638464821e-01 1.580381811590383101e-01 0.000000000000000000e+00
1.402000000000000171e+02 1.649696730760531055e-02 9.835030326923934751e-01 1.967006065384787061e-01 9.999999999999987788e-01 3.679620888268170797e-01 1.580094777932956607e-01 0.000000000000000000e+00
1.402500000000000000e+02 1.682806598141362714e-02 9.831719340185853806e-01 1.966343868037170872e-01 9.999999999999990008e-01 3.681227816120385965e-01 1.579693045969902954e-01 0.000000000000000000e+00
1.403000000000000114e+02 1.725360256970730199e-02 9.827463974302916849e-01 1.965492794860583259e-01 9.999999999999990008e-01 3.683293596535751058e-01 1.579176600866061542e-01 0.000000000000000000e+00
1.403499999999999943e+02 1.777351327068115577e-02 9.822264867293178936e-01 1.964452973458635787e-01 9.999999999999990008e-01 3.685818305408942730e-01 1.578545423647763624e-01 0.000000000000000000e+00
1.404000000000000057e+02 1.838772010836145845e-02 9.816122798916373515e-01 1.963224559783274814e-01 9.999999999999987788e-01 3.688802035012372915e-01 1.577799491246905939e-01 0.000000000000000000e+00
1.404500000000000171e+02 1.909613091343198565e-02 9.809038690865670151e-01 1.961807738173134141e-01 9.999999999999990008e-01 3.692244893269082673e-01 1.576938776682728638e-01 0.000000000000000000e+00
1.405000000000000000e+02 1.989863931736240987e-02 9.801013606826367575e-01 1.960202721365273404e-01 9.999999999999991118e-01 3.696147003400921394e-01 1.575963249149769096e-01 0.000000000000000000e+00
1.405500000000000114e+02 2.079512474848896342e-02 9.792048752515101206e-01 1.958409750503020130e-01 9.999999999999991118e-01 3.700508503552523143e-01 1.574872874111868659e-01 0.000000000000000000e+00
1.405999999999999943e+02 2.178545242042602761e-02 9.782145475795728240e-01 1.956429095159145648e-01 9.999999999999988898e-01 3.705329546362384763e-01 1.573667613409403254e-01 0.000000000000000000e+00
1.406500000000000057e+02 2.286947330938047043e-02 9.771305266906185061e-01 1.954261053381237123e-01 9.999999999999990008e-01 3.710610297739597163e-01 1.572347425565099877e-01 0.000000000000000000e+00
1.407000000000000171e+02 2.404702414665167015e-02 9.759529758533471711e-01 1.951905951706694453e-01 9.999999999999988898e-01 3.716350936236007541e-01 1.570912265940997421e-01 0.000000000000000000e+00
1.407500000000000000e+02 2.531792741392826368e-02 9.746820725860707579e-01 1.949364145172141627e-01 9.999999999999990008e-01 3.722551652706933001e-01 1.569362086823266056e-01 0.000000000000000000e+00
1.408000000000000114e+02 2.668199131700286358e-02 9.733180086829962274e-01 1.946636017365992455e-01 9.999999999999991118e-01 3.729212649303509930e-01 1.567696837674121824e-01 0.000000000000000000e+00
1.408499999999999943e+02 2.813900976270893722e-02 9.718609902372901121e-01 1.943721980474580335e-01 9.999999999999990008e-01 3.736334138373390013e-01 1.565916465406651803e-01 0.000000000000000000e+00
1.409000000000000057e+02 2.968876234360745547e-02 9.703112376563916008e-01 1.940622475312783202e-01 9.999999999999991118e-01 3.743916340832078582e-01 1.564020914791979522e-01 0.000000000000000000e+00
1.409500000000000171e+02 3.133101433699164717e-02 9.686689856630076312e-01 1.937337971326015262e-01 9.999999999999993339e-01 3.751959486068652816e-01 1.562010128482836102e-01 0.000000000000000000e+00
1.410000000000000000e+02 3.306551667641100672e-02 9.669344833235882231e-01 1.933868966647176446e-01 9.999999999999992228e-01 3.760463810493139825e-01 1.559884047376714489e-01 0.000000000000000000e+00
1.410500000000000114e+02 3.489200591283170283e-02 9.651079940871676310e-01 1.930215988174335262e-01 9.999999999999993339e-01 3.769429556810116599e-01 1.557642610797470295e-01 0.000000000000000000e+00
1.410999999999999943e+02 3.681020419530790094e-02 9.631897958046911068e-01 1.926379591609382325e-01 9.999999999999990008e-01 3.778856971367599571e-01 1.555285757158099413e-01 0.000000000000000000e+00
1.411500000000000057e+02 3.881981926434872887e-02 9.611801807356503691e-01 1.922360361471300849e-01 9.999999999999991118e-01 3.788746303272825244e-01 1.552813424181792856e-01 0.000000000000000000e+00
1.412000000000000171e+02 4.092054444759847531e-02 9.590794555524007059e-01 1.918158911104801412e-01 9.999999999999992228e-01 3.799097804089736630e-01 1.550225548977565149e-01 0.000000000000000000e+00
1.412500000000000000e+02 4.311205859934423568e-02 9.568879414006548068e-01 1.913775882801309614e-01 9.999999999999990008e-01 3.809911725482579836e-01 1.547522068629354208e-01 0.000000000000000000e+00
1.413000000000000114e+02 4.539402606674587670e-02 9.546059739332533045e-01 1.909211947866506498e-01 9.999999999999992228e-01 3.821188318390892347e-01 1.544702920402276081e-01 0.000000000000000000e+00
1.413499999999999943e+02 4.776609667753276001e-02 9.522339033224663796e-01 1.904467806644932759e-01 9.999999999999991118e-01 3.832927829541531994e-01 1.541768042614616308e-01 0.000000000000000000e+00
1.414000000000000057e+02 5.022790573675237763e-02 9.497720942632468244e-01 1.899544188526493538e-01 9.999999999999992228e-01 3.845130500980032950e-01 1.538717374754990930e-01 0.000000000000000000e+00
1.414500000000000171e+02 5.277907401701630724e-02 9.472209259829827976e-01 1.894441851965965595e-01 9.999999999999991118e-01 3.857796569427778266e-01 1.535550857643054601e-01 0.000000000000000000e+00
1.415000000000000000e+02 5.541920766941112186e-02 9.445807923305880038e-01 1.889161584661175897e-01 9.999999999999991118e-01 3.870926263230123343e-01 1.532268434192468332e-01 0.000000000000000000e+00
1.415500000000000114e+02 5.814789820037929297e-02 9.418521017996197564e-01 1.883704203599239624e-01 9.999999999999990008e-01 3.884519801340932110e-01 1.528870049664766140e-01 0.000000000000000000e+00
1.415999999999999943e+02 6.096472246747913770e-02 9.390352775325196966e-01 1.878070555065039504e-01 9.999999999999988898e-01 3.898577389232105173e-01 1.525355652691972874e-01 0.000000000000000000e+00
1.416500000000000057e+02 6.386924267726305782e-02 9.361307573227359846e-01 1.872261514645471858e-01 9.999999999999990008e-01 3.913099218552087422e-01 1.521725195361977312e-01 0.000000000000000000e+00
1.417000000000000171e+02 6.686100637355209264e-02 9.331389936264469220e-01 1.866277987252893955e-01 9.999999999999990008e-01 3.928085466314962804e-01 1.517978633421258605e-01 0.000000000000000000e+00
1.417500000000000000e+02 6.993954632611025513e-02 9.300604536738887873e-01 1.860120907347777575e-01 9.999999999999990008e-01 3.943536291113823866e-01 1.514115927221543478e-01 0.000000000000000000e+00
1.418000000000000114e+02 7.310438051214399047e-02 9.268956194878550381e-01 1.853791238975709965e-01 9.999999999999990008e-01 3.959451832153831896e-01 1.510137041961541471e-01 0.000000000000000000e+00
1.418499999999999943e+02 7.635501212616906119e-02 9.236449878738297592e-01 1.847289975747659629e-01 9.999999999999987788e-01 3.975832204424305516e-01 1.506041948893923066e-01 0.000000000000000000e+00
1.419000000000000057e+02 7.969092957819244594e-02 9.203090704218064300e-01 1.840618140843612860e-01 9.999999999999988898e-01 3.992677498292318550e-01 1.501830625426919530e-01 0.000000000000000000e+00
1.419500000000000171e+02 8.311160648537023465e-02 9.168883935146288078e-01 1.833776787029257616e-01 9.999999999999990008e-01 4.009987778818188131e-01 1.497503055295452412e-01 0.000000000000000000e+00
1.420000000000000000e+02 8.661650154982343530e-02 9.133834984501756349e-01 1.826766996900351381e-01 9.999999999999991118e-01 4.027763081148992286e-01 1.493059229712751235e-01 0.000000000000000000e+00
1.420500000000000114e+02 9.020505852609156383e-02 9.097949414739076035e-01 1.819589882947815207e-01 9.999999999999991118e-01 4.046003409844466936e-01 1.488499147538882572e-01 0.000000000000000000e+00
1.420999999999999943e+02 9.387670625816295356e-02 9.061232937418361999e-01 1.812246587483672400e-01 9.999999999999991118e-01 4.064708733210813385e-01 1.483822816697296099e-01 0.000000000000000000e+00
1.421500000000000057e+02 9.763085867844681354e-02 9.023691413215523260e-01 1.804738282643104652e-01 9.999999999999991118e-01 4.083878982575477323e-01 1.479030254356130114e-01 0.000000000000000000e+00
1.422000000000000171e+02 1.014669148049220648e-01 8.985330851950767972e-01 1.797066170390153594e-01 9.999999999999988898e-01 4.103514051943217278e-01 1.474121487014194987e-01 0.000000000000000000e+00
1.422500000000000000e+02 1.053842586306403956e-01 8.946157413693583971e-01 1.789231482738716794e-01 9.999999999999987788e-01 4.123613792837317327e-01 1.469096551790670113e-01 0.000000000000000000e+00
1.423000000000000114e+02 1.093822590455012234e-01 8.906177409544977497e-01 1.781235481908995388e-01 9.999999999999990008e-01 4.144178013674149064e-01 1.463955496581462179e-01 0.000000000000000000e+00
1.423499999999999943e+02 1.134602699166038925e-01 8.865397300833949279e-01 1.773079460166789856e-01 9.999999999999987788e-01 4.165206473656875574e-01 1.458698381585780413e-01 0.000000000000000000e+00
1.424000000000000057e+02 1.176176300928588880e-01 8.823823699071400295e-01 1.764764739814280170e-01 9.999999999999988898e-01 4.186698881250391913e-01 1.453325279687401328e-01 0.000000000000000000e+00
1.424500000000000171e+02 1.218536634048777295e-01 8.781463365951212019e-01 1.756292673190242293e-01 9.999999999999988898e-01 4.208654894143756264e-01 1.447836276464060379e-01 0.000000000000000000e+00
1.425000000000000000e+02 1.261676785942100198e-01 8.738323214057888144e-01 1.747664642811577740e-01 9.999999999999988898e-01 4.231074114540100961e-01 1.442231471364974205e-01 0.000000000000000000e+00
1.425500000000000114e+02 1.305589691634784222e-01 8.694410308365205786e-01 1.738882061673041046e-01 9.999999999999990008e-01 4.253956087249778917e-01 1.436510978187554577e-01 0.000000000000000000e+00
1.425999999999999943e+02 1.350268134987233914e-01 8.649731865012755261e-01 1.729946373002551052e-01 9.999999999999988898e-01 4.277300294619749699e-01 1.430674926345061881e-01 0.000000000000000000e+00
1.426500000000000057e+02 1.395704748978413290e-01 8.604295251021576441e-01 1.720859050204315288e-01 9.999999999999990008e-01 4.301106153310113589e-01 1.424723461672471048e-01 0.000000000000000000e+00
1.427000000000000171e+02 1.441892015705671104e-01 8.558107984294318626e-01 1.711621596858863836e-01 9.999999999999990008e-01 4.325373014294021101e-01 1.418656746426494031e-01 0.000000000000000000e+00
1.427500000000000000e+02 1.488822266132191485e-01 8.511177733867800743e-01 1.702235546773560038e-01 9.999999999999992228e-01 4.350100160101263991e-01 1.412474959974683308e-01 0.000000000000000000e+00
1.428000000000000114e+02 1.536487678189504547e-01 8.463512321810486849e-01 1.692702464362097481e-01 9.999999999999991118e-01 4.375286799592864595e-01 1.406178300101783019e-01 0.000000000000000000e+00
1.428499999999999943e+02 1.584880277768942469e-01 8.415119722231048094e-01 1.683023944446209730e-01 9.999999999999991118e-01 4.400932066084861649e-01 1.399766983478783755e-01 0.000000000000000000e+00
1.429000000000000057e+02 1.633991939721663456e-01 8.366008060278327108e-01 1.673201612055665310e-01 9.999999999999991118e-01 4.427035011456638136e-01 1.393241247135839633e-01 0.000000000000000000e+00
1.429500000000000171e+02 1.683814387864349393e-01 8.316185612135642558e-01 1.663237122427128623e-01 9.999999999999992228e-01 4.453594606039031345e-01 1.386601348490241470e-01 0.000000000000000000e+00
1.430000000000000000e+02 1.734339194965985875e-01 8.265660805034005243e-01 1.653132161006801160e-01 9.999999999999991118e-01 4.480609737582921803e-01 1.379847565604268855e-01 0.000000000000000000e+00
1.430500000000000114e+02 1.785557781297216484e-01 8.214442218702775467e-01 1.642888443740554982e-01 9.999999999999992228e-01 4.508079204259188288e-01 1.372980198935202234e-01 0.000000000000000000e+00
1.430999999999999943e+02 1.837461414322379416e-01 8.162538585677612257e-01 1.632507717135522340e-01 9.999999999999991118e-01 4.536001714400145768e-01 1.365999571399962864e-01 0.000000000000000000e+00
1.431500000000000057e+02 1.890041210910929359e-01 8.109958789089061204e-01 1.621991757817812241e-01 9.999999999999991118e-01 4.564375879326581509e-01 1.358906030168353929e-01 0.000000000000000000e+00
1.432000000000000171e+02 1.943288137485610634e-01 8.056711862514381872e-01 1.611342372502876374e-01 9.999999999999992228e-01 4.593200212375605496e-01 1.351699946906097793e-01 0.000000000000000000e+00
1.432500000000000000e+02 1.997193010032552452e-01 8.002806989967439222e-01 1.600561397993487955e-01 9.999999999999991118e-01 4.622473128800151931e-01 1.344381717799961184e-01 0.000000000000000000e+00
1.433000000000000114e+02 2.051746493647866321e-01 7.948253506352126463e-01 1.589650701270425293e-01 9.999999999999993339e-01 4.652192939699688057e-01 1.336951765075077014e-01 0.000000000000000000e+00
1.433499999999999943e+02 2.106939100628779926e-01 7.893060899371212580e-01 1.578612179874242516e-01 9.999999999999992228e-01 4.682357850161322776e-01 1.329410537459668473e-01 0.000000000000000000e+00
1.434000000000000057e+02 2.162761193503753843e-01 7.837238806496238386e-01 1.567447761299247677e-01 9.999999999999992228e-01 4.712965953751960813e-01 1.321758511562008964e-01 0.000000000000000000e+00
1.434500000000000171e+02 2.219202985885268542e-01 7.780797014114724242e-01 1.556159402822944737e-01 9.999999999999993339e-01 4.744015229447934301e-01 1.313996192638015592e-01 0.000000000000000000e+00
1.435000000000000000e+02 2.276254542469916820e-01 7.723745457530075686e-01 1.544749091506015248e-01 9.999999999999992228e-01 4.775503541635052196e-01 1.306124114591236118e-01 0.000000000000000000e+00
1.435500000000000114e+02 2.333905779140813541e-01 7.666094220859178687e-01 1.533218844171835848e-01 9.999999999999992228e-01 4.807428637374854263e-01 1.298142840656285601e-01 0.000000000000000000e+00
1.435999999999999943e+02 2.392146461053806517e-01 7.607853538946185434e-01 1.521570707789237087e-01 9.999999999999992228e-01 4.839788139986122562e-01 1.290052965003468388e-01 0.000000000000000000e+00
1.436500000000000057e+02 2.450966204322303221e-01 7.549033795677689840e-01 1.509806759135537968e-01 9.999999999999993339e-01 4.872579548043793340e-01 1.281855112989050693e-01 0.000000000000000000e+00
1.437000000000000171e+02 2.510354478778628606e-01 7.489645521221364177e-01 1.497929104244272724e-01 9.999999999999993339e-01 4.905800229382845101e-01 1.273549942654287892e-01 0.000000000000000000e+00
1.437500000000000000e+02 2.570300608017550004e-01 7.429699391982441670e-01 1.485939878396488334e-01 9.999999999999991118e-01 4.939447420929327648e-01 1.265138144767667117e-01 0.000000000000000000e+00
1.438000000000000114e+02 2.630793769519710334e-01 7.369206230480283004e-01 1.473841246096056490e-01 9.999999999999993339e-01 4.973518228063578683e-01 1.256620442984104358e-01 0.000000000000000000e+00
1.438499999999999943e+02 2.691822994122746171e-01 7.308177005877247723e-01 1.461635401175449545e-01 9.999999999999993339e-01 5.008009617377949807e-01 1.247997595655511577e-01 0.000000000000000000e+00
1.439000000000000057e+02 2.753377164946304578e-01 7.246622835053689871e-01 1.449324567010737974e-01 9.999999999999994449e-01 5.042918416239431378e-01 1.239270395940141184e-01 0.000000000000000000e+00
1.439500000000000171e+02 2.815445022269082442e-01 7.184554977730911451e-01 1.436910995546182290e-01 9.999999999999993339e-01 5.078241306905590946e-01 1.230439673273601431e-01 0.000000000000000000e+00
1.440000000000000000e+02 2.878015164158347350e-01 7.121984835841645989e-01 1.424396967168329309e-01 9.999999999999993339e-01 5.113974825206967223e-01 1.221506293698257223e-01 0.000000000000000000e+00
1.440500000000000114e+02 2.941076046470341154e-01 7.058923953529652184e-01 1.411784790705930548e-01 9.999999999999993339e-01 5.150115360546462240e-01 1.212471159863383330e-01 0.000000000000000000e+00
1.440999999999999943e+02 3.004615983465595552e-01 6.995384016534398341e-01 1.399076803306879557e-01 9.999999999999993339e-01 5.186659151485677466e-01 1.203335212128579801e-01 0.000000000000000000e+00
1.441500000000000057e+02 3.068623145439515199e-01 6.931376854560478140e-01 1.386275370912095628e-01 9.999999999999993339e-01 5.223602281679138315e-01 1.194099429580214450e-01 0.000000000000000000e+00
1.442000000000000171e+02 3.133085563279486285e-01 6.866914436720505943e-01 1.373382887344101189e-01 9.999999999999992228e-01 5.260940677625052242e-01 1.184764830593735829e-01 0.000000000000000000e+00
1.442500000000000000e+02 3.197991131223911765e-01 6.802008868776079353e-01 1.360401773755215982e-01 9.999999999999991118e-01 5.298670105229933425e-01 1.175332473692515672e-01 0.000000000000000000e+00
1.443000000000000114e+02 3.263327606862327368e-01 6.736672393137665971e-01 1.347334478627533194e-01 9.999999999999993339e-01 5.336786169808669378e-01 1.165803457547831684e-01 0.000000000000000000e+00
1.443499999999999943e+02 3.329082611619216814e-01 6.670917388380775970e-01 1.334183477676155194e-01 9.999999999999993339e-01 5.375284314799902985e-01 1.156178921300023421e-01 0.000000000000000000e+00
1.444000000000000057e+02 3.395243630150451275e-01 6.604756369849542619e-01 1.320951273969908635e-01 9.999999999999993339e-01 5.414159815119847785e-01 1.146460046220037221e-01 0.000000000000000000e+00
1.444500000000000171e+02 3.461798011117260265e-01 6.538201988882732518e-01 1.307640397776546615e-01 9.999999999999993339e-01 5.453407777236255471e-01 1.136648055690935161e-01 0.000000000000000000e+00
1.445000000000000000e+02 3.528732973448718280e-01 6.471267026551275059e-01 1.294253405310255012e-01 9.999999999999993339e-01 5.493023135187513617e-01 1.126744216203120763e-01 0.000000000000000000e+00
1.445500000000000114e+02 3.596035606693007702e-01 6.403964393306984526e-01 1.280792878661397016e-01 9.999999999999992228e-01 5.533000650189645597e-01 1.116749837452587768e-01 0.000000000000000000e+00
1.445999999999999943e+02 3.663692871125372452e-01 6.336307128874620886e-01 1.267261425774924288e-01 9.999999999999993339e-01 5.573334910511261731e-01 1.106666272372183735e-01 0.000000000000000000e+00
1.446500000000000057e+02 3.731691599099235535e-01 6.268308400900757249e-01 1.253661680180151450e-01 9.999999999999993339e-01 5.614020326643889280e-01 1.096494918339026847e-01 0.000000000000000000e+00
1.447000000000000171e+02 3.800018492647490587e-01 6.199981507352503307e-01 1.239996301470500661e-01 9.999999999999993339e-01 5.655051129245148855e-01 1.086237217688711953e-01 0.000000000000000000e+00
1.447500000000000000e+02 3.868660131380904921e-01 6.131339868619087863e-01 1.226267973723817462e-01 9.999999999999993339e-01 5.696421367605533082e-01 1.075894658098615897e-01 0.000000000000000000e+00
1.448000000000000114e+02 3.937602974644701659e-01 6.062397025355290570e-01 1.212479405071058003e-01 9.999999999999992228e-01 5.738124908486352815e-01 1.065468772878410963e-01 0.000000000000000000e+00
1.448499999999999943e+02 4.006833361518284953e-01 5.993166638481708386e-01 1.198633327696341788e-01 9.999999999999993339e-01 5.780155436119575052e-01 1.054961140970105404e-01 0.000000000000000000e+00
1.449000000000000057e+02 4.076337512169677657e-01 5.923662487830314571e-01 1.184732497566062803e-01 9.999999999999992228e-01 5.822506450546131029e-01 1.044373387363466410e-01 0.000000000000000000e+00
1.449500000000000171e+02 4.146101526731564846e-01 5.853898473268428493e-01 1.170779694653685810e-01 9.999999999999993339e-01 5.865171262781074812e-01 1.033707184304730464e-01 0.000000000000000000e+00
1.450000000000000000e+02 4.216111389618528715e-01 5.783888610381462403e-01 1.156777722076292592e-01 9.999999999999991118e-01 5.908142995770355732e-01 1.022964251057410373e-01 0.000000000000000000e+00
1.450500000000000114e+02 4.286352975977259505e-01 5.713647024022733278e-01 1.142729404804546656e-01 9.999999999999993339e-01 5.951414583356586796e-01 1.012146354160852468e-01 0.000000000000000000e+00
1.450999999999999943e+02 4.356812051757527615e-01 5.643187948242465168e-01 1.128637589648492923e-01 9.999999999999993339e-01 5.994978770247713085e-01 1.001255307438071035e-01 0.000000000000000000e+00
1.451500000000000057e+02 4.427474274315351122e-01 5.572525725684640552e-01 1.114505145136928110e-01 9.999999999999991118e-01 6.038828111777291285e-01 9.902929720556764848e-02 0.000000000000000000e+00
1.452000000000000171e+02 4.498325194026306928e-01 5.501674805973686411e-01 1.100334961194737171e-01 9.999999999999993339e-01 6.082954970205393108e-01 9.792612574486510291e-02 0.000000000000000000e+00
1.452500000000000000e+02 4.569350253733353573e-01 5.430649746266638100e-01 1.086129949253327731e-01 9.999999999999991118e-01 6.127351514195602533e-01 9.681621214510985340e-02 0.000000000000000000e+00
1.453000000000000114e+02 4.640534799019646606e-01 5.359465200980345623e-01 1.071893040196069125e-01 9.999999999999992228e-01 6.172009720339260985e-01 9.569975699151837822e-02 0.000000000000000000e+00
1.453499999999999943e+02 4.711864079356080648e-01 5.288135920643910470e-01 1.057627184128782094e-01 9.999999999999991118e-01 6.216921373128483364e-01 9.457696567178784652e-02 0.000000000000000000e+00
1.454000000000000057e+02 4.783323248161844288e-01 5.216676751838147386e-01 1.043335350367629588e-01 9.999999999999991118e-01 6.262078064961092982e-01 9.344804837597260605e-02 0.000000000000000000e+00
1.454500000000000171e+02 4.854897365841551182e-01 5.145102634158440491e-01 1.029020526831688209e-01 9.999999999999991118e-01 6.307471195127252184e-01 9.231322012181862602e-02 0.000000000000000000e+00
1.455000000000000000e+02 4.926571397279238540e-01 5.073428602720755354e-01 1.014685720544151182e-01 9.999999999999993339e-01 6.353091966971508020e-01 9.117270082571221623e-02 0.000000000000000000e+00
1.455500000000000114e+02 4.998330222117496335e-01 5.001669777882498114e-01 1.000333955576499512e-01 9.999999999999994449e-01 6.398931391818758474e-01 9.002671520453094101e-02 0.000000000000000000e+00
1.455999999999999943e+02 5.070158638997301903e-01 4.929841361002690325e-01 9.859682722005380651e-02 9.999999999999992228e-01 6.444980290042551241e-01 8.887549274893613571e-02 0.000000000000000000e+00
1.456500000000000057e+02 5.142041365558348565e-01 4.857958634441644774e-01 9.715917268883289548e-02 9.999999999999993339e-01 6.491229291065289120e-01 8.771926772336768874e-02 0.000000000000000000e+00
1.457000000000000171e+02 5.213963040506222058e-01 4.786036959493769616e-01 9.572073918987539232e-02 9.999999999999991118e-01 6.537668833749855635e-01 8.655827915625352587e-02 0.000000000000000000e+00
1.457500000000000000e+02 5.285908223965656294e-01 4.714091776034337600e-01 9.428183552068675199e-02 9.999999999999993339e-01 6.584289164296910357e-01 8.539277089257717168e-02 0.000000000000000000e+00
1.458000000000000114e+02 5.357861402636980852e-01 4.642138597363013042e-01 9.284277194726026083e-02 9.999999999999993339e-01 6.631080339193992090e-01 8.422299152015011448e-02 0.000000000000000000e+00
1.458499999999999943e+02 5.429806999148466540e-01 4.570193000851527354e-01 9.140386001703054708e-02 9.999999999999993339e-01 6.678032229549601961e-01 8.304919426125989546e-02 0.000000000000000000e+00
1.459000000000000057e+02 5.501729372215138358e-01 4.498270627784856091e-01 8.996541255569712181e-02 9.999999999999994449e-01 6.725134521154119138e-01 8.187163697114695216e-02 0.000000000000000000e+00
1.459500000000000171e+02 5.573612817664186370e-01 4.426387182335805859e-01 8.852774364671611718e-02 9.999999999999992228e-01 6.772376715007429882e-01 8.069058212481418357e-02 0.000000000000000000e+00
1.460000000000000000e+02 5.645441571493530208e-01 4.354558428506460910e-01 8.709116857012921820e-02 9.999999999999991118e-01 6.819748127950994165e-01 7.950629680122504872e-02 0.000000000000000000e+00
1.460500000000000114e+02 5.717199810502610058e-01 4.282800189497382171e-01 8.565600378994764341e-02 9.999999999999992228e-01 6.867237892864641591e-01 7.831905267838387696e-02 0.000000000000000000e+00
1.460999999999999943e+02 5.788871665303583214e-01 4.211128334696409570e-01 8.422256669392819139e-02 9.999999999999993339e-01 6.914834966937474237e-01 7.712912582656306082e-02 0.000000000000000000e+00
1.461500000000000057e+02 5.860441221548732260e-01 4.139558778451260523e-01 8.279117556902521047e-02 9.999999999999993339e-01 6.962528132401583081e-01 7.593679668996032583e-02 0.000000000000000000e+00
1.462000000000000171e+02 5.931892520277228797e-01 4.068107479722762876e-01 8.136214959445525752e-02 9.999999999999991118e-01 7.010305996790350269e-01 7.474235008024118776e-02 0.000000000000000000e+00
1.462500000000000000e+02 6.003209562384577147e-01 3.996790437615413416e-01 7.993580875230826832e-02 9.999999999999991118e-01 7.058156996042853626e-01 7.354607509892858996e-02 0.000000000000000000e+00
1.463000000000000114e+02 6.074376307080486814e-01 3.925623692919502639e-01 7.851247385839005277e-02 9.999999999999988898e-01 7.106069392972134136e-01 7.234826517569659110e-02 0.000000000000000000e+00
1.463499999999999943e+02 6.145376685960579621e-01 3.854623314039412607e-01 7.709246628078825214e-02 9.999999999999992228e-01 7.154031288094051533e-01 7.114921779764865617e-02 0.000000000000000000e+00
1.464000000000000057e+02 6.216194606302749559e-01 3.783805393697242669e-01 7.567610787394485339e-02 9.999999999999992228e-01 7.202030622143283933e-01 6.994923444641783228e-02 0.000000000000000000e+00
1.464500000000000171e+02 6.286813951113567889e-01 3.713186048886421564e-01 7.426372097772843128e-02 9.999999999999988898e-01 7.250055176116076971e-01 6.874862059709799245e-02 0.000000000000000000e+00
1.465000000000000000e+02 6.357218583675550150e-01 3.642781416324439303e-01 7.285562832648878606e-02 9.999999999999988898e-01 7.298092575583479125e-01 6.754768561041293862e-02 0.000000000000000000e+00
1.465500000000000114e+02 6.427392346322343686e-01 3.572607653677647988e-01 7.145215307355295975e-02 9.999999999999991118e-01 7.346130289711700900e-01 6.634674275720738035e-02 0.000000000000000000e+00
1.465999999999999943e+02 6.497319073237656228e-01 3.502680926762333224e-01 7.005361853524666449e-02 9.999999999999988898e-01 7.394155642454881550e-01 6.514610893862789187e-02 0.000000000000000000e+00
1.466500000000000057e+02 6.566982596381264470e-01 3.433017403618726648e-01 6.866034807237453297e-02 9.999999999999991118e-01 7.442155817889405389e-01 6.394610455276479588e-02 0.000000000000000000e+00
1.467000000000000171e+02 6.636366745488729846e-01 3.363633254511261272e-01 6.727266509022522545e-02 9.999999999999991118e-01 7.490117860213716394e-01 6.274705349465700688e-02 0.000000000000000000e+00
1.467500000000000000e+02 6.705455351980735834e-01 3.294544648019254174e-01 6.589089296038508348e-02 9.999999999999990008e-01 7.538028678208418265e-01 6.154928304478946011e-02 0.000000000000000000e+00
1.468000000000000114e+02 6.774232249377892812e-01 3.225767750622099417e-01 6.451535501244198834e-02 9.999999999999992228e-01 7.585875046526361354e-01 6.035312383684086901e-02 0.000000000000000000e+00
1.468499999999999943e+02 6.842681284008423903e-01 3.157318715991566660e-01 6.314637431983133320e-02 9.999999999999991118e-01 7.633643615926779535e-01 5.915890960183042141e-02 0.000000000000000000e+00
1.469000000000000057e+02 6.910786323231599138e-01 3.089213676768390315e-01 6.178427353536780631e-02 9.999999999999988898e-01 7.681320921654924971e-01 5.796697695862677857e-02 0.000000000000000000e+00
1.469500000000000171e+02 6.978531255439984760e-01 3.021468744560007469e-01 6.042937489120014938e-02 9.999999999999992228e-01 7.728893383444566112e-01 5.677766541388574312e-02 0.000000000000000000e+00
1.470000000000000000e+02 7.045899993637598779e-01 2.954100006362389563e-01 5.908200012724779127e-02 9.999999999999988898e-01 7.776347310206094265e-01 5.559131724484756010e-02 0.000000000000000000e+00
1.470500000000000114e+02 7.112876476888883026e-01 2.887123523111106982e-01 5.774247046222213964e-02 9.999999999999990008e-01 7.823668903214469061e-01 5.440827741963817632e-02 0.000000000000000000e+00
1.470999999999999943e+02 7.179444680248534549e-01 2.820555319751455459e-01 5.641110639502910917e-02 9.999999999999990008e-01 7.870844266348689944e-01 5.322889334128266814e-02 0.000000000000000000e+00
1.471500000000000057e+02 7.245588623875832690e-01 2.754411376124155098e-01 5.508822752248310195e-02 9.999999999999987788e-01 7.917859416345159884e-01 5.205351459137091269e-02 0.000000000000000000e+00
1.472000000000000171e+02 7.311292373059817828e-01 2.688707626940170514e-01 5.377415253880341028e-02 9.999999999999988898e-01 7.964700282827803512e-01 5.088249292930482892e-02 0.000000000000000000e+00
1.472500000000000000e+02 7.376540042038692846e-01 2.623459957961293831e-01 5.246919915922587663e-02 9.999999999999986677e-01 8.011352713925181668e-01 4.971618215187037504e-02 0.000000000000000000e+00
1.473000000000000114e+02 7.441315795525487164e-01 2.558684204474501178e-01 5.117368408949002356e-02 9.999999999999988898e-01 8.057802480137946644e-01 4.855493799655123677e-02 0.000000000000000000e+00
1.473499999999999943e+02 7.505603859593819038e-01 2.494396140406168749e-01 4.988792280812337498e-02 9.999999999999987788e-01 8.104035286479608358e-01 4.739911783800968698e-02 0.000000000000000000e+00
1.474000000000000057e+02 7.569388530030520812e-01 2.430611469969468086e-01 4.861222939938936172e-02 9.999999999999988898e-01 8.150036782702541061e-01 4.624908043243637634e-02 0.000000000000000000e+00
1.474500000000000171e+02 7.632654172375057389e-01 2.367345827624928178e-01 4.734691655249856357e-02 9.999999999999985567e-01 8.195792563354117322e-01 4.510518591614698369e-02 0.000000000000000000e+00
1.475000000000000000e+02 7.695385226542584833e-01 2.304614773457402954e-01 4.609229546914805908e-02 9.999999999999987788e-01 8.241288175356542567e-01 4.396779561608635256e-02 0.000000000000000000e+00
1.475500000000000114e+02 7.757566207730055563e-01 2.242433792269932225e-01 4.484867584539864449e-02 9.999999999999987788e-01 8.286509121137413114e-01 4.283727197156457500e-02 0.000000000000000000e+00
1.475999999999999943e+02 7.819181719638973460e-01 2.180818280361013217e-01 4.361636560722026434e-02 9.999999999999986677e-01 8.331440874663907925e-01 4.171397813340222555e-02 0.000000000000000000e+00
1.476500000000000057e+02 7.880216460423876690e-01 2.119783539576108877e-01 4.239567079152217755e-02 9.999999999999985567e-01 8.376068889293225572e-01 4.059827776766927743e-02 0.000000000000000000e+00
1.477000000000000171e+02 7.940655223056994894e-01 2.059344776942992339e-01 4.118689553885984678e-02 9.999999999999986677e-01 8.420378598352670219e-01 3.949053504118318209e-02 0.000000000000000000e+00
1.477500000000000000e+02 8.000482900407149822e-01 1.999517099592837410e-01 3.999034199185674820e-02 9.999999999999986677e-01 8.464355424650260584e-01 3.839111438374339519e-02 0.000000000000000000e+00
1.478000000000000114e+02 8.059684486927360947e-01 1.940315513072626841e-01 3.880631026145253681e-02 9.999999999999987788e-01 8.507984783937450057e-01 3.730038040156367224e-02 0.000000000000000000e+00
1.478499999999999943e+02 8.118245093075646679e-01 1.881754906924340554e-01 3.763509813848681107e-02 9.999999999999986677e-01 8.551252103800842663e-01 3.621869740497885015e-02 0.000000000000000000e+00
1.479000000000000057e+02 8.176149948298032655e-01 1.823850051701955688e-01 3.647700103403911376e-02 9.999999999999988898e-01 8.594142827893436198e-01 3.514642930266402565e-02 0.000000000000000000e+00
1.479500000000000171e+02 8.233384402370587107e-01 1.766615597629400680e-01 3.533231195258801360e-02 9.999999999999987788e-01 8.636642418314235403e-01 3.408393954214402471e-02 0.000000000000000000e+00
1.480000000000000000e+02 8.289933929871980967e-01 1.710066070128007931e-01 3.420132140256015862e-02 9.999999999999988898e-01 8.678736365555569376e-01 3.303159086111066844e-02 0.000000000000000000e+00
1.480500000000000114e+02 8.345784135508873547e-01 1.654215864491115351e-01 3.308431728982230702e-02 9.999999999999988898e-01 8.720410195825466504e-01 3.198974510436326801e-02 0.000000000000000000e+00
1.480999999999999943e+02 8.400920766242477855e-01 1.599079233757511043e-01 3.198158467515022085e-02 9.999999999999988898e-01 8.761649488177936096e-01 3.095876279555150046e-02 0.000000000000000000e+00
1.481500000000000057e+02 8.455329712038273104e-01 1.544670287961713573e-01 3.089340575923427146e-02 9.999999999999986677e-01 8.802439875664056501e-01 2.993900310839847992e-02 0.000000000000000000e+00
1.482000000000000171e+02 8.508997009369105857e-01 1.491002990630879710e-01 2.982005981261759420e-02 9.999999999999985567e-01 8.842767052279778550e-01 2.893082369300542869e-02 0.000000000000000000e+00
1.482500000000000000e+02 8.561908843661509838e-01 1.438091156338477949e-01 2.876182312676955899e-02 9.999999999999987788e-01 8.882616779664996853e-01 2.793458050837497458e-02 0.000000000000000000e+00
1.483000000000000114e+02 8.614051560560649357e-01 1.385948439439338431e-01 2.771896878878676862e-02 9.999999999999987788e-01 8.921974902713267763e-01 2.695062743216820877e-02 0.000000000000000000e+00
1.483499999999999943e+02 8.665411671916298797e-01 1.334588328083688435e-01 2.669176656167376871e-02 9.999999999999986677e-01 8.960827358713597812e-01 2.597931603215996102e-02 0.000000000000000000e+00
1.484000000000000057e+02 8.715975856600717275e-01 1.284024143399270512e-01 2.568048286798541024e-02 9.999999999999987788e-01 8.999160178932854581e-01 2.502099552667853832e-02 0.000000000000000000e+00
1.484500000000000171e+02 8.765730964777642686e-01 1.234269035222346211e-01 2.468538070444692423e-02 9.999999999999988898e-01 9.036959498821485193e-01 2.407601252946276957e-02 0.000000000000000000e+00
1.485000000000000000e+02 8.814664022571137014e-01 1.185335977428850218e-01 2.370671954857700436e-02 9.999999999999986677e-01 9.074211565556927761e-01 2.314471086107670883e-02 0.000000000000000000e+00
1.485500000000000114e+02 8.862762243417866559e-01 1.137237756582121229e-01 2.274475513164242457e-02 9.999999999999987788e-01 9.110902755148715393e-01 2.222743112128202497e-02 0.000000000000000000e+00
1.485999999999999943e+02 8.910013029121176542e-01 1.089986970878811801e-01 2.179973941757623601e-02 9.999999999999988898e-01 9.147019574186362467e-01 2.132451064534084118e-02 0.000000000000000000e+00
1.486500000000000057e+02 8.956403973222571979e-01 1.043596026777415808e-01 2.087192053554831617e-02 9.999999999999987788e-01 9.182548667340272308e-01 2.043628331649311250e-02 0.000000000000000000e+00
1.487000000000000171e+02 9.001922863554845389e-01 9.980771364451440641e-02 1.996154272890288128e-02 9.999999999999988898e-01 9.217476824127335266e-01 1.956307939681652466e-02 0.000000000000000000e+00
1.487500000000000000e+02 9.046557693234786868e-01 9.534423067652009198e-02 1.906884613530401840e-02 9.999999999999987788e-01 9.251790995355988478e-01 1.870522511610020477e-02 0.000000000000000000e+00
1.488000000000000114e+02 9.090296664528791926e-01 9.097033354711958619e-02 1.819406670942391724e-02 9.999999999999987788e-01 9.285478299466805030e-01 1.786304251332979792e-02 0.000000000000000000e+00
1.488499999999999943e+02 9.133128190395067847e-01 8.668718096049216060e-02 1.733743619209843212e-02 9.999999999999988898e-01 9.318526025936062496e-01 1.703684935159833699e-02 0.000000000000000000e+00
1.489000000000000057e+02 9.175040897855617494e-01 8.249591021443708483e-02 1.649918204288741697e-02 9.999999999999988898e-01 9.350921644531244858e-01 1.622695888671877446e-02 0.000000000000000000e+00
1.489500000000000171e+02 9.216023635307515338e-01 7.839763646924735596e-02 1.567952729384947119e-02 9.999999999999988898e-01 9.382652816499098547e-01 1.543367958752243571e-02 0.000000000000000000e+00
1.490000000000000000e+02 9.256065479493428283e-01 7.439345205065589495e-02 1.487869041013117899e-02 9.999999999999986677e-01 9.413707405971891706e-01 1.465731485070259979e-02 0.000000000000000000e+00
1.490500000000000114e+02 9.295155736317300965e-01 7.048442636826884877e-02 1.409688527365376975e-02 9.999999999999988898e-01 9.444073481714029272e-01 1.389816295714918319e-02 0.000000000000000000e+00
1.490999999999999943e+02 9.333283944102612750e-01 6.667160558973761475e-02 1.333432111794752295e-02 9.999999999999988898e-01 9.473739326022632135e-01 1.315651684943412031e-02 0.000000000000000000e+00
1.491500000000000057e+02 9.370439878658634036e-01 6.295601213413548614e-02 1.259120242682709723e-02 9.999999999999988898e-01 9.502693443409728769e-01 1.243266391475670099e-02 0.000000000000000000e+00
1.492000000000000171e+02 9.406613561384020716e-01 5.933864386159698467e-02 1.186772877231939693e-02 9.999999999999991118e-01 9.530924573787118437e-01 1.172688565532194888e-02 0.000000000000000000e+00
1.492500000000000000e+02 9.441795260154975944e-01 5.582047398450140641e-02 1.116409479690028128e-02 9.999999999999990008e-01 9.558421694208628638e-01 1.103945764478420598e-02 0.000000000000000000e+00
1.493000000000000114e+02 9.475975492132444611e-01 5.240245078675459522e-02 1.048049015735091904e-02 9.999999999999991118e-01 9.585174026576580575e-01 1.037064933558538501e-02 0.000000000000000000e+00
1.493499999999999943e+02 9.509145027676151329e-01 4.908549723238397888e-02 9.817099446476795777e-03 9.999999999999991118e-01 9.611171045218298570e-01 9.720723869542454224e-03 0.000000000000000000e+00
1.494000000000000057e+02 9.541294898269782054e-01 4.587051017302085087e-02 9.174102034604170175e-03 9.999999999999991118e-01 9.636402489802389226e-01 9.089937754940182607e-03 0.000000000000000000e+00
1.494500000000000171e+02 9.572416397630792995e-01 4.275836023691970134e-02 8.551672047383940267e-03 9.999999999999990008e-01 9.660858367443039274e-01 8.478540813923922739e-03 0.000000000000000000e+00
1.495000000000000000e+02 9.602501084054424485e-01 3.974989159455655230e-02 7.949978318911310460e-03 9.999999999999990008e-01 9.684528959301424988e-01 7.886776017464297225e-03 0.000000000000000000e+00
1.495500000000000114e+02 9.631540783817464924e-01 3.684592161825234191e-02 7.369184323650468382e-03 9.999999999999988898e-01 9.707404827594033891e-01 7.314879310149062508e-03 0.000000000000000000e+00
1.495999999999999943e+02 9.659527598276291815e-01 3.404724017236987477e-02 6.809448034473974953e-03 9.999999999999991118e-01 9.729476827235215008e-01 6.763079319119542389e-03 0.000000000000000000e+00
1.496500000000000057e+02 9.686453905005032450e-01 3.135460949949570031e-02 6.270921899899140062e-03 9.999999999999988898e-01 9.750736108019707471e-01 6.231597299507235163e-03 0.000000000000000000e+00
1.497000000000000171e+02 9.712312359755596036e-01 2.876876402443939718e-02 5.753752804887879435e-03 9.999999999999990008e-01 9.771174120429466647e-01 5.720646989263260089e-03 0.000000000000000000e+00
1.497500000000000000e+02 9.737095899722816306e-01 2.629041002771725921e-02 5.258082005543451842e-03 9.999999999999988898e-01 9.790782622256792855e-01 5.230434443580085808e-03 0.000000000000000000e+00
1.498000000000000114e+02 9.760797749480962793e-01 2.392022505190272152e-02 4.784045010380544305e-03 9.999999999999990008e-01 9.809553688428241935e-01 4.761157789293876154e-03 0.000000000000000000e+00
1.498499999999999943e+02 9.783411421926454521e-01 2.165885780735343769e-02 4.331771561470687537e-03 9.999999999999988898e-01 9.827479712924114263e-01 4.313007176897066218e-03 0.000000000000000000e+00
1.499000000000000057e+02 9.804930719924247473e-01 1.950692800757408696e-02 3.901385601514817392e-03 9.999999999999988898e-01 9.844553414009157288e-01 3.886164649770997102e-03 0.000000000000000000e+00
1.499500000000000171e+02 9.825349739672467608e-01 1.746502603275218446e-02 3.493005206550436892e-03 9.999999999999988898e-01 9.860767840557637109e-01 3.480803986059005477e-03 0.000000000000000000e+00
1.500000000000000000e+02 9.844662875171690253e-01 1.553371248283003103e-02 3.106742496566006206e-03 9.999999999999991118e-01 9.876116379539476853e-01 3.097090511513025772e-03 0.000000000000000000e+00
1.500500000000000114e+02 9.862864818918742893e-01 1.371351810812465599e-02 2.742703621624931198e-03 9.999999999999988898e-01 9.890592757676512914e-01 2.735181058087114269e-03 0.000000000000000000e+00
1.500999999999999943e+02 9.879950563307181577e-01 1.200494366928067658e-02 2.400988733856135315e-03 9.999999999999988898e-01 9.904191046111143759e-01 2.395223847221333597e-03 0.000000000000000000e+00
1.501500000000000057e+02 9.895915404127872961e-01 1.040845958721170472e-02 2.081691917442340944e-03 9.999999999999990008e-01 9.916905666361340854e-01 2.077358340966414460e-03 0.000000000000000000e+00
1.502000000000000171e+02 9.910754943308360820e-01 8.924505669163085297e-03 1.784901133832617059e-03 9.999999999999991118e-01 9.928731395012918570e-01 1.781715124676969174e-03 0.000000000000000000e+00
1.502500000000000000e+02 9.924465089499887593e-01 7.553491050010241459e-03 1.510698210002048292e-03 9.999999999999990008e-01 9.939663365567309450e-01 1.508415860817208026e-03 0.000000000000000000e+00
1.503000000000000114e+02 9.937042059328834442e-01 6.295794067115723092e-03 1.259158813423144618e-03 9.999999999999991118e-01 9.949697072204343185e-01 1.257573194891350998e-03 0.000000000000000000e+00
1.503499999999999943e+02 9.948482380687020399e-01 5.151761931297127450e-03 1.030352386259425490e-03 9.999999999999991118e-01 9.958828375045610803e-01 1.029290623859677655e-03 0.000000000000000000e+00
1.504000000000000057e+02 9.958782893836274352e-01 4.121710616371843106e-03 8.243421232743686211e-04 9.999999999999993339e-01 9.967053502190273973e-01 8.236624452430894297e-04 0.000000000000000000e+00
1.504500000000000171e+02 9.967940751871250393e-01 3.205924812874072494e-03 6.411849625748144987e-04 9.999999999999991118e-01 9.974369051770300976e-01 6.407737057424096883e-04 0.000000000000000000e+00
1.505000000000000000e+02 9.975953422317282993e-01 2.404657768270701546e-03 4.809315536541403091e-04 9.999999999999990008e-01 9.980771995133175256e-01 4.807001216705675305e-04 0.000000000000000000e+00
1.505500000000000114e+02 9.982818689075582119e-01 1.718131092441066432e-03 3.436262184882132864e-04 9.999999999999993339e-01 9.986259679918851884e-01 3.435080020286293448e-04 0.000000000000000000e+00
1.505999999999999943e+02 9.988534652660149282e-01 1.146534733984239107e-03 2.293069467968478214e-04 9.999999999999991118e-01 9.990829830922205446e-01 2.292542269448124680e-04 0.000000000000000000e+00
1.506500000000000057e+02 9.993099730681316295e-01 6.900269318674268071e-04 1.380053863734853614e-04 9.999999999999991118e-01 9.994480551863341722e-01 1.379862034163925795e-04 0.000000000000000000e+00
1.507000000000000171e+02 9.996512659321358241e-01 3.487340678634542890e-04 6.974681357269085780e-05 9.999999999999993339e-01 9.997210327541756758e-01 6.974181145601854445e-05 0.000000000000000000e+00
1.507500000000000000e+02 9.998772493713933285e-01 1.227506286058388518e-04 2.455012572116777037e-05 9.999999999999991118e-01 9.999018024586165954e-01 2.454938534577217604e-05 0.000000000000000000e+00
1.508000000000000114e+02 9.999878607898710081e-01 1.213921012821472800e-05 2.427842025642945600e-06 9.999999999999992228e-01 9.999902892058788462e-01 2.427698530206017923e-06 0.000000000000000000e+00
1.508499999999999943e+02 9.999830695469908992e-01 1.693045300843465384e-05 3.386090601686930768e-06 9.999999999999993339e-01 9.999864562340480267e-01 3.385941487908741300e-06 0.000000000000000000e+00
1.509000000000000057e+02 9.998628769808055594e-01 1.371230191937744536e-04 2.742460383875489072e-05 9.999999999999993339e-01 9.998903051430676481e-01 2.742371423301144678e-05 0.000000000000000000e+00
1.509500000000000171e+02 9.996273163763139680e-01 3.726836236853103834e-04 7.453672473706207668e-05 9.999999999999993339e-01 9.997018758745852551e-01 7.453103135359973811e-05 0.000000000000000000e+00
1.510000000000000000e+02 9.992764529650618455e-01 7.235470349373218646e-04 1.447094069874643729e-04 9.999999999999991118e-01 9.994212466861502886e-01 1.446883284623451263e-04 0.000000000000000000e+00
1.510500000000000114e+02 9.988103839055254562e-01 1.189616094473822105e-03 2.379232188947644211e-04 9.999999999999993339e-01 9.990485341028813027e-01 2.378664742796029118e-04 0.000000000000000000e+00
1.510999999999999943e+02 9.982292382282474952e-01 1.770761771751894198e-03 3.541523543503788396e-04 9.999999999999993339e-01 9.985838928293385708e-01 3.540267926652826565e-04 0.000000000000000000e+00
1.511500000000000057e+02 9.975331767766005830e-01 2.466823223398750820e-03 4.933646446797501639e-04 9.999999999999993339e-01 9.980275156069848830e-01 4.931210982537212505e-04 0.000000000000000000e+00
1.512000000000000171e+02 9.967223921511451090e-01 3.277607848854446893e-03 6.555215697708893785e-04 9.999999999999995559e-01 9.973796331010703620e-01 6.550917247323503109e-04 0.000000000000000000e+00
1.512500000000000000e+02 9.957971086222601187e-01 4.202891377739215173e-03 8.405782755478430346e-04 9.999999999999993339e-01 9.966405137366209921e-01 8.398715658446898524e-04 0.000000000000000000e+00
1.513000000000000114e+02 9.947575820069871622e-01 5.242417993012171706e-03 1.048483598602434341e-03 9.999999999999993339e-01 9.958104634285440682e-01 1.047384142863926797e-03 0.000000000000000000e+00
1.513499999999999943e+02 9.936040995894356298e-01 6.395900410563759575e-03 1.279180082112751915e-03 9.999999999999993339e-01 9.948898254211090419e-01 1.277543644722654729e-03 0.000000000000000000e+00
1.514000000000000057e+02 9.923369799992861617e-01 7.663020000713283153e-03 1.532604000142656631e-03 9.999999999999994449e-01 9.938789800486190762e-01 1.530254987845142915e-03 0.000000000000000000e+00
1.514500000000000171e+02 9.909565730278783180e-01 9.043426972120960361e-03 1.808685394424192072e-03 9.999999999999993339e-01 9.927783443476775327e-01 1.805413913080526839e-03 0.000000000000000000e+00
1.515000000000000000e+02 9.894632595068435510e-01 1.053674049315583838e-02 2.107348098631167677e-03 9.999999999999993339e-01 9.915883718130614755e-01 2.102907046734558711e-03 0.000000000000000000e+00
1.515500000000000114e+02 9.878574511668407609e-01 1.214254883315862843e-02 2.428509766631725686e-03 9.999999999999993339e-01 9.903095521129151591e-01 2.422611971771126103e-03 0.000000000000000000e+00
1.515999999999999943e+02 9.861395904290656267e-01 1.386040957093381820e-02 2.772081914186763640e-03 9.999999999999994449e-01 9.889424106524123959e-01 2.764397336896825576e-03 0.000000000000000000e+00
1.516500000000000057e+02 9.843101501717604895e-01 1.568984982823873331e-02 3.137969965647746662e-03 9.999999999999992228e-01 9.874875081111492703e-01 3.128122972212600463e-03 0.000000000000000000e+00
1.517000000000000171e+02 9.823696335998899354e-01 1.763036640010956502e-02 3.526073280021913003e-03 9.999999999999995559e-01 9.859454401821460268e-01 3.513639954463408741e-03 0.000000000000000000e+00
1.517500000000000000e+02 9.803185740517952329e-01 1.968142594820421198e-02 3.936285189640842397e-03 9.999999999999994449e-01 9.843168371540873540e-01 3.920790711478089503e-03 0.000000000000000000e+00
1.518000000000000114e+02 9.781575346332053167e-01 2.184246536679396167e-02 4.368493073358792333e-03 9.999999999999993339e-01 9.826023631917374379e-01 4.349409202065563328e-03 0.000000000000000000e+00
1.518499999999999943e+02 9.758871080643234386e-01 2.411289193567589528e-02 4.822578387135179057e-03 9.999999999999993339e-01 9.808027160413964607e-01 4.799320989650796357e-03 0.000000000000000000e+00
1.519000000000000057e+02 9.735079164643594130e-01 2.649208353563997642e-02 5.298416707127995284e-03 9.999999999999993339e-01 9.789186265764009409e-01 5.270343355899662421e-03 0.000000000000000000e+00
1.519500000000000171e+02 9.710206110706476323e-01 2.897938892935159050e-02 5.795877785870318100e-03 9.999999999999992228e-01 9.769508582111797734e-01 5.762285447204969907e-03 0.000000000000000000e+00
1.520000000000000000e+02 9.684258718124033605e-01 3.157412818759586237e-02 6.314825637519172474e-03 9.999999999999992228e-01 9.749002060967290051e-01 6.274948475817664593e-03 0.000000000000000000e+00
1.520500000000000114e+02 9.657244071869810487e-01 3.427559281301839622e-02 6.855118562603679244e-03 9.999999999999994449e-01 9.727674968775179565e-01 6.808125780620444961e-03 0.000000000000000000e+00
1.520999999999999943e+02 9.629169539816405665e-01 3.708304601835882286e-02 7.416609203671764572e-03 9.999999999999993339e-01 9.705535880807479865e-01 7.361602979812932254e-03 0.000000000000000000e+00
1.521500000000000057e+02 9.600042768576421137e-01 3.999572314235727566e-02 7.999144628471455132e-03 9.999999999999993339e-01 9.682593673094125331e-01 7.935158172646786939e-03 0.000000000000000000e+00
1.522000000000000171e+02 9.569871679541394061e-01 4.301283204586003883e-02 8.602566409172007766e-03 9.999999999999994449e-01 9.658857515119064763e-01 8.528562122023297665e-03 0.000000000000000000e+00
1.522500000000000000e+02 9.538664467237686351e-01 4.613355327623053226e-02 9.226710655246106452e-03 9.999999999999991118e-01 9.634336866505486263e-01 9.141578337362767093e-03 0.000000000000000000e+00
1.523000000000000114e+02 9.506429596317952369e-01 4.935704036820393048e-02 9.871408073640786096e-03 9.999999999999991118e-01 9.609041470232790871e-01 9.773963244180138010e-03 0.000000000000000000e+00
1.523499999999999943e+02 9.473175795950107281e-01 5.268242040498860579e-02 1.053648408099772116e-02 9.999999999999993339e-01 9.582981342316692075e-01 1.042546644208260619e-02 0.000000000000000000e+00
1.524000000000000057e+02 9.438912056321652200e-01 5.610879436783400287e-02 1.122175887356680057e-02 9.999999999999992228e-01 9.556166765475844205e-01 1.109583086310382202e-02 0.000000000000000000e+00
1.524500000000000171e+02 9.403647626413194072e-01 5.963523735868003772e-02 1.192704747173600754e-02 9.999999999999994449e-01 9.528608284623479863e-01 1.178479288441291496e-02 0.000000000000000000e+00
1.525000000000000000e+02 9.367392010981745454e-01 6.326079890182467746e-02 1.265215978036493549e-02 9.999999999999992228e-01 9.500316699941061538e-01 1.249208250147337655e-02 0.000000000000000000e+00
1.525500000000000114e+02 9.330154963626385856e-01 6.698450363736063728e-02 1.339690072747212746e-02 9.999999999999992228e-01 9.471303054581184933e-01 1.321742363547030036e-02 0.000000000000000000e+00
1.525999999999999943e+02 9.291946483518900290e-01 7.080535164810913829e-02 1.416107032962182766e-02 9.999999999999991118e-01 9.441578628859091937e-01 1.396053427852260616e-02 0.000000000000000000e+00
1.526500000000000057e+02 9.252776812830029174e-01 7.472231871699624994e-02 1.494446374339924999e-02 9.999999999999991118e-01 9.411154935091023965e-01 1.472112662272432801e-02 0.000000000000000000e+00
1.527000000000000171e+02 9.212656433604351491e-01 7.873435663956401820e-02 1.574687132791280364e-02 9.999999999999991118e-01 9.380043710359055043e-01 1.549890724102354067e-02 0.000000000000000000e+00
1.527500000000000000e+02 9.171596059972666470e-01 8.284039400273252030e-02 1.656807880054650406e-02 9.999999999999991118e-01 9.348256903120537586e-01 1.629357742198647360e-02 0.000000000000000000e+00
1.528000000000000114e+02 9.129606634532024811e-01 8.703933654679668619e-02 1.740786730935933724e-02 9.999999999999991118e-01 9.315806666925492419e-01 1.710483332686260627e-02 0.000000000000000000e+00
1.528499999999999943e+02 9.086699325879986633e-01 9.133006741200072609e-02 1.826601348240014522e-02 9.999999999999993339e-01 9.282705355574134565e-01 1.793236611064656302e-02 0.000000000000000000e+00
1.529000000000000057e+02 9.042885525117747569e-01 9.571144748822452142e-02 1.914228949764490428e-02 9.999999999999993339e-01 9.248965515072259391e-01 1.877586212319343195e-02 0.000000000000000000e+00
1.529500000000000171e+02 8.998176837970751629e-01 1.001823162029241709e-01 2.003646324058483419e-02 9.999999999999993339e-01 9.214599870474543541e-01 1.963500323813633514e-02 0.000000000000000000e+00
1.530000000000000000e+02 8.952585079983025329e-01 1.047414920016967455e-01 2.094829840033934909e-02 9.999999999999993339e-01 9.179621317776448519e-01 2.050946705558870375e-02 0.000000000000000000e+00
1.530500000000000114e+02 8.906122274620196233e-01 1.093877725379796551e-01 2.187755450759593101e-02 9.999999999999993339e-01 9.144042920313814049e-01 2.139892699215457592e-02 0.000000000000000000e+00
1.530999999999999943e+02 8.858800649147050565e-01 1.141199350852942218e-01 2.282398701705884436e-02 9.999999999999993339e-01 9.107877899564842394e-01 2.230305251087886728e-02 0.000000000000000000e+00
1.531500000000000057e+02 8.810632627672574380e-01 1.189367372327418404e-01 2.378734744654836808e-02 9.999999999999993339e-01 9.071139623735263724e-01 2.322150940661833404e-02 0.000000000000000000e+00
1.532000000000000171e+02 8.761630824193077371e-01 1.238369175806916522e-01 2.476738351613833045e-02 9.999999999999993339e-01 9.033841596443537014e-01 2.415396008891148791e-02 0.000000000000000000e+00
1.532500000000000000e+02 8.711808041421229554e-01 1.288191958578763230e-01 2.576383917157526460e-02 9.999999999999993339e-01 8.995997454619183431e-01 2.510006363452033096e-02 0.000000000000000000e+00
1.533000000000000114e+02 8.661177266062453084e-01 1.338822733937541920e-01 2.677645467875083840e-02 9.999999999999995559e-01 8.957620958585228443e-01 2.605947603536919177e-02 0.000000000000000000e+00
1.533499999999999943e+02 8.609751663793511200e-01 1.390248336206481583e-01 2.780496672412963166e-02 9.999999999999993339e-01 8.918725983475828123e-01 2.703185041310421019e-02 0.000000000000000000e+00
1.534000000000000057e+02 8.557544569486748021e-01 1.442455430513245318e-01 2.884910861026490636e-02 9.999999999999993339e-01 8.879326504049810387e-01 2.801683739875465359e-02 0.000000000000000000e+00
1.534500000000000171e+02 8.504569486269518697e-01 1.495430513730477973e-01 2.990861027460955945e-02 9.999999999999996669e-01 8.839436593144814891e-01 2.901408517137953752e-02 0.000000000000000000e+00
1.535000000000000000e+02 8.450840080729088433e-01 1.549159919270906571e-01 3.098319838541813143e-02 9.999999999999995559e-01 8.799070412519366391e-01 3.002323968701573961e-02 0.000000000000000000e+00
1.535500000000000114e+02 8.396370180078536194e-01 1.603629819921459365e-01 3.207259639842918730e-02 9.999999999999995559e-01 8.758242206779022210e-01 3.104394483052434067e-02 0.000000000000000000e+00
1.536000000000000227e+02 8.341173760359276157e-01 1.658826239640717737e-01 3.317652479281435474e-02 9.999999999999993339e-01 8.716966285966359917e-01 3.207584285084091880e-02 0.000000000000000000e+00
1.536500000000000057e+02 8.285264943878590804e-01 1.714735056121405310e-01 3.429470112242810620e-02 9.999999999999995559e-01 8.675257021616460396e-01 3.311857445958839991e-02 0.000000000000000000e+00
1.537000000000000171e+02 8.228657996354340476e-01 1.771342003645656749e-01 3.542684007291313497e-02 9.999999999999997780e-01 8.633128841804308395e-01 3.417177895489218603e-02 0.000000000000000000e+00
1.537500000000000000e+02 8.171367323086586865e-01 1.828632676913410915e-01 3.657265353826821830e-02 9.999999999999997780e-01 8.590596222694260042e-01 3.523509443264339486e-02 0.000000000000000000e+00
1.538000000000000114e+02 8.113407460334274290e-01 1.886592539665721269e-01 3.773185079331442537e-02 9.999999999999995559e-01 8.547673676418017230e-01 3.630815808954946516e-02 0.000000000000000000e+00
1.538500000000000227e+02 8.054793067639474113e-01 1.945206932360521446e-01 3.890413864721042891e-02 9.999999999999995559e-01 8.504375739955567504e-01 3.739060650111070139e-02 0.000000000000000000e+00
1.539000000000000057e+02 7.995538927120714456e-01 2.004461072879282213e-01 4.008922145758564426e-02 9.999999999999996669e-01 8.460716974030976223e-01 3.848207564922547647e-02 0.000000000000000000e+00
1.539500000000000171e+02 7.935659938139317804e-01 2.064340061860681086e-01 4.128680123721362172e-02 9.999999999999998890e-01 8.416711953346502906e-01 3.958220116633730246e-02 0.000000000000000000e+00
1.540000000000000000e+02 7.875171114283134877e-01 2.124828885716864568e-01 4.249657771433729136e-02 1.000000000000000000e+00 8.372375261244023870e-01 4.069061846889929224e-02 0.000000000000000000e+00
1.540500000000000114e+02 7.814087570593578613e-01 2.185912429406419721e-01 4.371824858812839443e-02 9.999999999999997780e-01 8.327721472617074516e-01 4.180696318457303301e-02 0.000000000000000000e+00
1.541000000000000227e+02 7.752424521788409129e-01 2.247575478211588651e-01 4.495150956423177302e-02 9.999999999999997780e-01 8.282765151403403969e-01 4.293087121491480362e-02 0.000000000000000000e+00
1.541500000000000057e+02 7.690197279385611040e-01 2.309802720614387295e-01 4.619605441228774589e-02 9.999999999999997780e-01 8.237520846096371141e-01 4.406197884759061045e-02 0.000000000000000000e+00
1.542000000000000171e+02 7.627421248002304033e-01 2.372578751997692081e-01 4.745157503995384163e-02 9.999999999999995559e-01 8.192003082029041261e-01 4.519992294927385745e-02 0.000000000000000000e+00
1.542500000000000000e+02 7.564111917124410889e-01 2.435888082875586891e-01 4.871776165751173782e-02 9.999999999999997780e-01 8.146226351165054558e-01 4.634434122087351809e-02 0.000000000000000000e+00
1.543000000000000114e+02 7.500284852190000073e-01 2.499715147809997151e-01 4.999430295619994302e-02 9.999999999999997780e-01 8.100205100576620687e-01 4.749487248558438568e-02 0.000000000000000000e+00
1.543500000000000227e+02 7.435955694305779184e-01 2.564044305694215820e-01 5.128088611388431639e-02 9.999999999999995559e-01 8.053953732060225024e-01 4.865115669849426339e-02 0.000000000000000000e+00
1.544000000000000057e+02 7.371140155006128403e-01 2.628859844993866601e-01 5.257719689987733203e-02 9.999999999999995559e-01 8.007486594046556716e-01 4.981283514883598496e-02 0.000000000000000000e+00
1.544500000000000171e+02 7.305854015070324392e-01 2.694145984929671722e-01 5.388291969859343444e-02 9.999999999999995559e-01 7.960817978352231483e-01 5.097955054119412271e-02 0.000000000000000000e+00
1.545000000000000000e+02 7.240113111204895535e-01 2.759886888795101689e-01 5.519773777590203379e-02 9.999999999999997780e-01 7.913962104760706717e-01 5.215094738098223492e-02 0.000000000000000000e+00
1.545500000000000114e+02 7.173933332188386913e-01 2.826066667811608091e-01 5.652133335623216182e-02 9.999999999999995559e-01 7.866933116299098527e-01 5.332667209252244661e-02 0.000000000000000000e+00
1.546000000000000227e+02 7.107330617922759108e-01 2.892669382077237006e-01 5.785338764154474012e-02 9.999999999999995559e-01 7.819745078024415985e-01 5.450637304938949629e-02 0.000000000000000000e+00
1.546500000000000057e+02 7.040320954243494134e-01 2.959679045756499760e-01 5.919358091512999520e-02 9.999999999999993339e-01 7.772411968965561302e-01 5.568970077586086337e-02 0.000000000000000000e+00
1.547000000000000171e+02 6.972920370514801292e-01 3.027079629485193712e-01 6.054159258970387425e-02 9.999999999999995559e-01 7.724947678807159157e-01 5.687630802982093781e-02 0.000000000000000000e+00
1.547500000000000000e+02 6.905144926213003798e-01 3.094855073786989541e-01 6.189710147573979082e-02 9.999999999999993339e-01 7.677365993403254540e-01 5.806585016491854628e-02 0.000000000000000000e+00
1.548000000000000114e+02 6.837010709417385979e-01 3.162989290582610136e-01 6.325978581165220271e-02 9.999999999999995559e-01 7.629680593047769577e-01 5.925798517380566344e-02 0.000000000000000000e+00
1.548500000000000227e+02 6.768533835042142011e-01 3.231466164957852438e-01 6.462932329915704877e-02 9.999999999999994449e-01 7.581905050385955303e-01 6.045237374035103417e-02 0.000000000000000000e+00
1.549000000000000057e+02 6.699730440666957776e-01 3.300269559333035563e-01 6.600539118666071126e-02 9.999999999999993339e-01 7.534052823987880121e-01 6.164867940030289983e-02 0.000000000000000000e+00
1.549500000000000171e+02 6.630616682155940911e-01 3.369383317844054648e-01 6.738766635688109297e-02 9.999999999999995559e-01 7.486137253972651173e-01 6.284656865068363740e-02 0.000000000000000000e+00
1.550000000000000000e+02 6.561208721712633585e-01 3.438791278287361974e-01 6.877582556574723949e-02 9.999999999999995559e-01 7.438171550195256110e-01 6.404571124511851399e-02 0.000000000000000000e+00
1.550500000000000114e+02 6.491522727290166550e-01 3.508477272709828454e-01 7.016954545419656908e-02 9.999999999999995559e-01 7.390168791626879896e-01 6.524578020932791933e-02 0.000000000000000000e+00
1.551000000000000227e+02 6.421574870320322370e-01 3.578425129679671524e-01 7.156850259359343047e-02 9.999999999999993339e-01 7.342141923980000096e-01 6.644645190049991434e-02 0.000000000000000000e+00
1.551500000000000057e+02 6.351381322602253077e-01 3.648618677397741372e-01 7.297237354795482744e-02 9.999999999999994449e-01 7.294103755119017984e-01 6.764740612202448100e-02 0.000000000000000000e+00
1.552000000000000171e+02 6.280958250670892751e-01 3.719041749329099478e-01 7.438083498658198955e-02 9.999999999999992228e-01 7.246066950282077368e-01 6.884832624294799641e-02 0.000000000000000000e+00
1.552500000000000000e+02 6.210321805142183793e-01 3.789678194857809546e-01 7.579356389715619091e-02 9.999999999999993339e-01 7.198044022693368404e-01 7.004889943266569274e-02 0.000000000000000000e+00
1.553000000000000114e+02 6.139488120433902463e-01 3.860511879566091986e-01 7.721023759132183972e-02 9.999999999999994449e-01 7.150047333302689267e-01 7.124881666743268505e-02 0.000000000000000000e+00
1.553500000000000227e+02 6.068473312482410842e-01 3.931526687517580831e-01 7.863053375035161663e-02 9.999999999999991118e-01 7.102089088792623572e-01 7.244777278018434130e-02 0.000000000000000000e+00
1.554000000000000057e+02 5.997293476244218713e-01 4.002706523755772405e-01 8.005413047511544811e-02 9.999999999999991118e-01 7.054181338425122849e-01 7.364546653937185938e-02 0.000000000000000000e+00
1.554500000000000171e+02 5.925964680085968883e-01 4.074035319914023900e-01 8.148070639828047801e-02 9.999999999999993339e-01 7.006335969918121576e-01 7.484160075204686347e-02 0.000000000000000000e+00
1.555000000000000000e+02 5.854502955634957040e-01 4.145497044365034633e-01 8.290994088730069267e-02 9.999999999999991118e-01 6.958564701775045158e-01 7.603588245562380166e-02 0.000000000000000000e+00
1.555500000000000114e+02 5.782924297552021198e-01 4.217075702447969920e-01 8.434151404895939841e-02 9.999999999999991118e-01 6.910879083105052612e-01 7.722802292237361532e-02 0.000000000000000000e+00
1.556000000000000227e+02 5.711244661674035328e-01 4.288755338325958566e-01 8.577510676651917132e-02 9.999999999999993339e-01 6.863290492391379560e-01 7.841773769021542773e-02 0.000000000000000000e+00
1.556500000000000057e+02 5.639479962601173790e-01 4.360520037398818438e-01 8.721040074797636876e-02 9.999999999999992228e-01 6.815810135446620510e-01 7.960474661383440398e-02 0.000000000000000000e+00
1.557000000000000171e+02 5.567646069379775797e-01 4.432353930620216986e-01 8.864707861240433973e-02 9.999999999999993339e-01 6.768449042668347460e-01 8.078877393329124412e-02 0.000000000000000000e+00
1.557500000000000000e+02 5.495758795094737303e-01 4.504241204905254370e-01 9.008482409810508740e-02 9.999999999999991118e-01 6.721218062631805212e-01 8.196954843420478642e-02 0.000000000000000000e+00
1.558000000000000114e+02 5.423833896522253228e-01 4.576166103477738445e-01 9.152332206955476890e-02 9.999999999999991118e-01 6.674127861871754774e-01 8.314680345320604737e-02 0.000000000000000000e+00
1.558500000000000227e+02 5.351887072927969946e-01 4.648112927072023393e-01 9.296225854144046785e-02 9.999999999999993339e-01 6.627188924377279688e-01 8.432027689056793840e-02 0.000000000000000000e+00
1.559000000000000057e+02 5.279933963423975030e-01 4.720066036576017754e-01 9.440132073152035508e-02 9.999999999999993339e-01 6.580411550663123332e-01 8.548971123342184730e-02 0.000000000000000000e+00
1.559500000000000171e+02 5.207990144815107803e-01 4.792009855184886646e-01 9.584019710369773293e-02 9.999999999999994449e-01 6.533805856531622602e-01 8.665485358670936555e-02 0.000000000000000000e+00
1.560000000000000000e+02 5.136071120608496354e-01 4.863928879391496429e-01 9.727857758782992859e-02 9.999999999999993339e-01 6.487381767949769173e-01 8.781545580125571515e-02 0.000000000000000000e+00
1.560500000000000114e+02 5.064192320294542693e-01 4.935807679705450646e-01 9.871615359410901291e-02 9.999999999999993339e-01 6.441149020727284791e-01 8.897127448181781084e-02 0.000000000000000000e+00
1.561000000000000227e+02 4.992369098790007675e-01 5.007630901209986218e-01 1.001526180241997244e-01 9.999999999999993339e-01 6.395117160430617842e-01 9.012207098923449844e-02 0.000000000000000000e+00
1.561500000000000057e+02 4.920616733578108137e-01 5.079383266421886312e-01 1.015876653284377151e-01 9.999999999999994449e-01 6.349295542688626615e-01 9.126761143278427912e-02 0.000000000000000000e+00
1.562000000000000171e+02 4.848950424887846222e-01 5.151049575112145451e-01 1.030209915022429201e-01 9.999999999999991118e-01 6.303693333208758576e-01 9.240766666978098010e-02 0.000000000000000000e+00
1.562500000000000000e+02 4.777385284548765765e-01 5.222614715451225909e-01 1.044522943090245293e-01 9.999999999999991118e-01 6.258319504250640097e-01 9.354201239373392818e-02 0.000000000000000000e+00
1.563000000000000114e+02 4.705936334459869252e-01 5.294063665540125196e-01 1.058812733108024928e-01 9.999999999999994449e-01 6.213182834235134733e-01 9.467042914412156229e-02 0.000000000000000000e+00
1.563500000000000227e+02 4.634618506475727262e-01 5.365381493524266077e-01 1.073076298704853104e-01 9.999999999999993339e-01 6.168291907757981196e-01 9.579270230605042846e-02 0.000000000000000000e+00
1.564000000000000057e+02 4.563446639731743026e-01 5.436553360268250312e-01 1.087310672053650173e-01 9.999999999999993339e-01 6.123655116937427589e-01 9.690862207656425475e-02 0.000000000000000000e+00
1.564500000000000171e+02 4.492435482304830141e-01 5.507564517695162642e-01 1.101512903539032528e-01 9.999999999999993339e-01 6.079280662550007319e-01 9.801798343624974763e-02 0.000000000000000000e+00
1.565000000000000000e+02 4.421599681369184354e-01 5.578400318630807320e-01 1.115680063726161575e-01 9.999999999999991118e-01 6.035176552216250379e-01 9.912058619459367115e-02 0.000000000000000000e+00
1.565500000000000114e+02 4.350953780153740680e-01 5.649046219846254324e-01 1.129809243969250865e-01 9.999999999999995559e-01 5.991350600235714197e-01 1.002162349941070896e-01 0.000000000000000000e+00
1.566000000000000227e+02 4.280512217942454289e-01 5.719487782057539604e-01 1.143897556411507810e-01 9.999999999999993339e-01 5.947810427587156834e-01 1.013047393103210236e-01 0.000000000000000000e+00
1.566500000000000057e+02 4.210289328458325375e-01 5.789710671541670184e-01 1.157942134308334037e-01 9.999999999999995559e-01 5.904563463464623796e-01 1.023859134133843496e-01 0.000000000000000000e+00
1.567000000000000171e+02 4.140299340870216005e-01 5.859700659129779554e-01 1.171940131825955911e-01 9.999999999999995559e-01 5.861616948144168227e-01 1.034595762963957249e-01 0.000000000000000000e+00
1.567500000000000000e+02 4.070556373814450679e-01 5.929443626185543215e-01 1.185888725237108643e-01 9.999999999999993339e-01 5.818977932090753091e-01 1.045255516977311033e-01 0.000000000000000000e+00
1.568000000000000114e+02 4.001074429927350407e-01 5.998925570072644042e-01 1.199785114014528808e-01 9.999999999999994449e-01 5.776653276800629566e-01 1.055836680799841915e-01 0.000000000000000000e+00
1.568500000000000227e+02 3.931867395831254997e-01 6.068132604168738897e-01 1.213626520833747668e-01 9.999999999999993339e-01 5.734649654806948105e-01 1.066337586298262419e-01 0.000000000000000000e+00
1.569000000000000057e+02 3.862949041491252067e-01 6.137050958508740717e-01 1.227410191701748254e-01 9.999999999999993339e-01 5.692973550614218725e-01 1.076756612346444625e-01 0.000000000000000000e+00
1.569500000000000171e+02 3.794333020158566772e-01 6.205666979841426567e-01 1.241133395968285202e-01 9.999999999999993339e-01 5.651631265459349240e-01 1.087092183635162135e-01 0.000000000000000000e+00
1.570000000000000000e+02 3.726032866631424079e-01 6.273967133368568705e-01 1.254793426673713741e-01 9.999999999999993339e-01 5.610628916782146591e-01 1.097342770804462658e-01 0.000000000000000000e+00
1.570500000000000114e+02 3.658061989951001958e-01 6.341938010048991936e-01 1.268387602009798387e-01 9.999999999999993339e-01 5.569972440553392357e-01 1.107506889861651356e-01 0.000000000000000000e+00
1.571000000000000227e+02 3.590433673010837712e-01 6.409566326989157847e-01 1.281913265397831569e-01 9.999999999999995559e-01 5.529667591522070547e-01 1.117583102119481531e-01 0.000000000000000000e+00
1.571500000000000057e+02 3.523161072414225936e-01 6.476838927585768513e-01 1.295367785517153592e-01 9.999999999999994449e-01 5.489719943480734221e-01 1.127570014129815890e-01 0.000000000000000000e+00
1.572000000000000171e+02 3.456257217847720775e-01 6.543742782152273119e-01 1.308748556430454624e-01 9.999999999999993339e-01 5.450134894632604476e-01 1.137466276341848326e-01 0.000000000000000000e+00
1.572500000000000000e+02 3.389735013326553581e-01 6.610264986673439758e-01 1.322052997334687841e-01 9.999999999999993339e-01 5.410917668292211102e-01 1.147270582926946531e-01 0.000000000000000000e+00
1.573000000000000114e+02 3.323607229844594557e-01 6.676392770155398226e-01 1.335278554031079645e-01 9.999999999999993339e-01 5.372073315933879600e-01 1.156981671016529406e-01 0.000000000000000000e+00
1.573500000000000227e+02 3.257886503987544313e-01 6.742113496012447360e-01 1.348422699202489472e-01 9.999999999999991118e-01 5.333606718412017278e-01 1.166598320396995264e-01 0.000000000000000000e+00
1.574000000000000057e+02 3.192585337932821177e-01 6.807414662067170497e-01 1.361482932413434210e-01 9.999999999999991118e-01 5.295522585961042195e-01 1.176119353509738757e-01 0.000000000000000000e+00
1.574500000000000171e+02 3.127716098952125212e-01 6.872283901047868682e-01 1.374456780209573625e-01 9.999999999999993339e-01 5.257825462004828143e-01 1.185543634498792548e-01 0.000000000000000000e+00
1.575000000000000000e+02 3.063291021405823988e-01 6.936708978594169350e-01 1.387341795718833870e-01 9.999999999999993339e-01 5.220519727321804027e-01 1.194870068169548716e-01 0.000000000000000000e+00
1.575500000000000114e+02 2.999322201859901393e-01 7.000677798140092500e-01 1.400135559628018500e-01 9.999999999999993339e-01 5.183609601416389046e-01 1.204097599645902322e-01 0.000000000000000000e+00
1.576000000000000227e+02 2.935821595979440368e-01 7.064178404020551305e-01 1.412835680804110372e-01 9.999999999999991118e-01 5.147099146073271791e-01 1.213225213481681636e-01 0.000000000000000000e+00
1.576500000000000057e+02 2.872801018527402772e-01 7.127198981472591122e-01 1.425439796294518113e-01 9.999999999999993339e-01 5.110992265359737274e-01 1.222251933660065265e-01 0.000000000000000000e+00
1.577000000000000171e+02 2.810272143199292749e-01 7.189727856800700589e-01 1.437945571360140229e-01 9.999999999999993339e-01 5.075292707215651733e-01 1.231176823196086373e-01 0.000000000000000000e+00
1.577500000000000000e+02 2.748246504091587661e-01 7.251753495908406233e-01 1.450350699181681136e-01 9.999999999999993339e-01 5.040004070651129542e-01 1.239998982337217059e-01 0.000000000000000000e+00
1.578000000000000114e+02 2.686735494268291946e-01 7.313264505731700282e-01 1.462652901146340167e-01 9.999999999999992228e-01 5.005129805456957071e-01 1.248717548635760316e-01 0.000000000000000000e+00
1.578500000000000227e+02 2.625750361226849017e-01 7.374249638773144877e-01 1.474849927754628975e-01 9.999999999999993339e-01 4.970673217850223313e-01 1.257331695537443617e-01 0.000000000000000000e+00
1.579000000000000057e+02 2.565302206693527154e-01 7.434697793306466185e-01 1.486939558661293237e-01 9.999999999999993339e-01 4.936637470964103658e-01 1.265840632258973530e-01 0.000000000000000000e+00
1.579500000000000171e+02 2.505401986590751751e-01 7.494598013409242698e-01 1.498919602681848540e-01 9.999999999999994449e-01 4.903025585168215295e-01 1.274243603707945482e-01 0.000000000000000000e+00
1.580000000000000000e+02 2.446060511876959054e-01 7.553939488123034840e-01 1.510787897624606968e-01 9.999999999999993339e-01 4.869840445187907929e-01 1.282539888703022324e-01 0.000000000000000000e+00
1.580500000000000114e+02 2.387288449750512576e-01 7.612711550249482428e-01 1.522542310049896375e-01 9.999999999999995559e-01 4.837084800996487854e-01 1.290728799750877620e-01 0.000000000000000000e+00
1.581000000000000227e+02 2.329096318998795379e-01 7.670903681001197683e-01 1.534180736200239648e-01 9.999999999999993339e-01 4.804761273239839814e-01 1.298809681690039353e-01 0.000000000000000000e+00
1.581500000000000057e+02 2.271494489225356350e-01 7.728505510774635878e-01 1.545701102154927176e-01 9.999999999999992228e-01 4.772872355286958412e-01 1.306781911178259703e-01 0.000000000000000000e+00
1.582000000000000171e+02 2.214493180849813614e-01 7.785506819150178615e-01 1.557101363830035723e-01 9.999999999999992228e-01 4.741420413229893160e-01 1.314644896692526155e-01 0.000000000000000000e+00
1.582500000000000000e+02 2.158102465502429457e-01 7.841897534497563882e-01 1.568379506899512665e-01 9.999999999999993339e-01 4.710407690179116980e-01 1.322398077455220200e-01 0.000000000000000000e+00
1.583000000000000114e+02 2.102332268375814439e-01 7.897667731624178344e-01 1.579533546324835558e-01 9.999999999999993339e-01 4.679836311427794660e-01 1.330040922143050641e-01 0.000000000000000000e+00
1.583500000000000227e+02 2.047192365002027115e-01 7.952807634997965947e-01 1.590561526999593189e-01 9.999999999999993339e-01 4.649708286477652330e-01 1.337572928380586501e-01 0.000000000000000000e+00
1.584000000000000057e+02 1.992692379588168194e-01 8.007307620411824312e-01 1.601461524082364862e-01 9.999999999999992228e-01 4.620025513993700761e-01 1.344993621501574255e-01 0.000000000000000000e+00
1.584500000000000171e+02 1.938841785014863150e-01 8.061158214985129078e-01 1.612231642997025705e-01 9.999999999999992228e-01 4.590789781817145587e-01 1.352302554545712909e-01 0.000000000000000000e+00
1.585000000000000000e+02 1.885649902986093474e-01 8.114350097013900420e-01 1.622870019402780084e-01 9.999999999999993339e-01 4.562002768616580384e-01 1.359499307845854210e-01 0.000000000000000000e+00
1.585500000000000114e+02 1.833125906350995815e-01 8.166874093648999189e-01 1.633374818729799727e-01 9.999999999999995559e-01 4.533666051663090557e-01 1.366583487084226667e-01 0.000000000000000000e+00
1.586000000000000227e+02 1.781278818036849676e-01 8.218721181963142275e-01 1.643744236392628566e-01 9.999999999999992228e-01 4.505781106775068601e-01 1.373554723306232295e-01 0.000000000000000000e+00
1.586500000000000057e+02 1.730117508646664970e-01 8.269882491353328646e-01 1.653976498270665618e-01 9.999999999999993339e-01 4.478349314960488603e-01 1.380412671259877155e-01 0.000000000000000000e+00
1.587000000000000171e+02 1.679650696388275410e-01 8.320349303611718206e-01 1.664069860722343641e-01 9.999999999999993339e-01 4.451371963018118105e-01 1.387157009245469919e-01 0.000000000000000000e+00
1.587500000000000000e+02 1.629886947103432460e-01 8.370113052896560601e-01 1.674022610579312120e-01 9.999999999999993339e-01 4.424850243898958979e-01 1.393787439025259700e-01 0.000000000000000000e+00
1.588000000000000114e+02 1.580834676002443040e-01 8.419165323997551686e-01 1.683833064799510337e-01 9.999999999999994449e-01 4.398785263883701058e-01 1.400303684029074180e-01 0.000000000000000000e+00
1.588500000000000227e+02 1.532502148538016917e-01 8.467497851461978087e-01 1.693499570292395506e-01 9.999999999999995559e-01 4.373178043475452470e-01 1.406705489131136189e-01 0.000000000000000000e+00
1.589000000000000057e+02 1.484897477811950306e-01 8.515102522188042755e-01 1.703020504437608440e-01 9.999999999999993339e-01 4.348029523311052746e-01 1.412992619172236397e-01 0.000000000000000000e+00
1.589500000000000171e+02 1.438028624336888106e-01 8.561971375663104400e-01 1.712394275132620991e-01 9.999999999999992228e-01 4.323340566161068543e-01 1.419164858459732170e-01 0.000000000000000000e+00
1.590000000000000000e+02 1.391903396036540397e-01 8.608096603963453219e-01 1.721619320792690533e-01 9.999999999999993339e-01 4.299111956930322109e-01 1.425222010767419056e-01 0.000000000000000000e+00
1.590500000000000114e+02 1.346529449260204514e-01 8.653470550739789102e-01 1.730694110147957820e-01 9.999999999999993339e-01 4.275344407317016038e-01 1.431163898170745574e-01 0.000000000000000000e+00
1.591000000000000227e+02 1.301914290918091965e-01 8.698085709081901928e-01 1.739617141816380275e-01 9.999999999999993339e-01 4.252038559748028690e-01 1.436990360062992411e-01 0.000000000000000000e+00
1.591500000000000057e+02 1.258065276271166655e-01 8.741934723728828072e-01 1.748386944745765614e-01 9.999999999999994449e-01 4.229194990428203904e-01 1.442701252392948608e-01 0.000000000000000000e+00
1.592000000000000171e+02 1.214989608476387817e-01 8.785010391523606632e-01 1.757002078304721326e-01 9.999999999999994449e-01 4.206814213391170676e-01 1.448296446652206915e-01 0.000000000000000000e+00
1.592500000000000000e+02 1.172694338586884322e-01 8.827305661413109572e-01 1.765461132282621914e-01 9.999999999999993339e-01 4.184896680499430865e-01 1.453775829875141867e-01 0.000000000000000000e+00
1.593000000000000114e+02 1.131186366039546171e-01 8.868813633960448417e-01 1.773762726792089683e-01 9.999999999999994449e-01 4.163442783659435098e-01 1.459139304085140809e-01 0.000000000000000000e+00
1.593500000000000227e+02 1.090472441187737840e-01 8.909527558812257997e-01 1.781905511762451599e-01 9.999999999999995559e-01 4.142452861062169145e-01 1.464386784734457436e-01 0.000000000000000000e+00
1.594000000000000057e+02 1.050559163941224561e-01 8.949440836058769611e-01 1.789888167211753922e-01 9.999999999999994449e-01 4.121927197858369363e-01 1.469518200535407382e-01 0.000000000000000000e+00
1.594500000000000171e+02 1.011452983072250178e-01 8.988547016927744826e-01 1.797709403385548965e-01 9.999999999999995559e-01 4.101866031549798453e-01 1.474533492112549971e-01 0.000000000000000000e+00
1.595000000000000000e+02 9.731601962269703643e-02 9.026839803773023529e-01 1.805367960754604706e-01 9.999999999999993339e-01 4.082269552197478890e-01 1.479432611950629861e-01 0.000000000000000000e+00
1.595500000000000114e+02 9.356869501355813412e-02 9.064313049864414218e-01 1.812862609972882844e-01 9.999999999999995559e-01 4.063137903375833027e-01 1.484215524156041466e-01 0.000000000000000000e+00
1.596000000000000227e+02 8.990392429334075064e-02 9.100960757066589579e-01 1.820192151413317916e-01 9.999999999999996669e-01 4.044471188439436315e-01 1.488882202890140505e-01 0.000000000000000000e+00
1.596500000000000057e+02 8.632229237687968904e-02 9.136777076231197281e-01 1.827355415246239567e-01 9.999999999999994449e-01 4.026269470880889934e-01 1.493432632279777239e-01 0.000000000000000000e+00
1.597000000000000171e+02 8.282436919296506939e-02 9.171756308070344588e-01 1.834351261614068918e-01 9.999999999999995559e-01 4.008532779586085337e-01 1.497866805103478249e-01 0.000000000000000000e+00
1.597500000000000000e+02 7.941070968755316317e-02 9.205892903124466287e-01 1.841178580624893146e-01 9.999999999999997780e-01 3.991261109508916771e-01 1.502184722622770530e-01 0.000000000000000000e+00
1.598000000000000114e+02 7.608185383214226272e-02 9.239181461678575014e-01 1.847836292335715003e-01 9.999999999999997780e-01 3.974454422048595004e-01 1.506386394487851110e-01 0.000000000000000000e+00
1.598500000000000227e+02 7.283832681487104055e-02 9.271616731851286541e-01 1.854323346370257419e-01 9.999999999999996669e-01 3.958112650395333443e-01 1.510471837401166362e-01 0.000000000000000000e+00
1.599000000000000057e+02 6.968063907437467563e-02 9.303193609256249497e-01 1.860638721851249899e-01 9.999999999999996669e-01 3.942235700363113104e-01 1.514441074909221585e-01 0.000000000000000000e+00
1.599500000000000171e+02 6.660928620750146412e-02 9.333907137924981612e-01 1.866781427584996433e-01 9.999999999999996669e-01 3.926823454799158730e-01 1.518294136300210040e-01 0.000000000000000000e+00
1.600000000000000000e+02 6.362474897456971146e-02 9.363752510254299555e-01 1.872750502050860022e-01 9.999999999999996669e-01 3.911875774707180287e-01 1.522031056323204790e-01 0.000000000000000000e+00
1.600500000000000114e+02 6.072749330287214448e-02 9.392725066971274739e-01 1.878545013394254948e-01 9.999999999999996669e-01 3.897392499400186838e-01 1.525651875149953152e-01 0.000000000000000000e+00
1.601000000000000227e+02 5.791797044015715296e-02 9.420820295598425487e-01 1.884164059119685097e-01 9.999999999999996669e-01 3.883373450770971624e-01 1.529156637307257094e-01 0.000000000000000000e+00
1.601500000000000057e+02 5.519661702644145657e-02 9.448033829735582589e-01 1.889606765947116629e-01 9.999999999999996669e-01 3.869818434618061964e-01 1.532545391345484509e-01 0.000000000000000000e+00
1.602000000000000171e+02 5.256385500769897301e-02 9.474361449923007772e-01 1.894872289984601554e-01 9.999999999999997780e-01 3.856727244084770523e-01 1.535818188978807231e-01 0.000000000000000000e+00
1.602500000000000000e+02 5.002009164283356679e-02 9.499799083571660585e-01 1.899959816714332228e-01 9.999999999999996669e-01 3.844099660996069812e-01 1.538975084750982270e-01 0.000000000000000000e+00
1.603000000000000114e+02 4.756571950583444314e-02 9.524342804941654528e-01 1.904868560988330906e-01 9.999999999999998890e-01 3.831935455945986169e-01 1.542016136013503458e-01 0.000000000000000000e+00
1.603500000000000227e+02 4.520111661435322753e-02 9.547988833856466684e-01 1.909597766771293226e-01 9.999999999999998890e-01 3.820234391723242307e-01 1.544941402069189285e-01 0.000000000000000000e+00
1.604000000000000057e+02 4.292664650612653537e-02 9.570733534938733467e-01 1.914146706987746582e-01 9.999999999999998890e-01 3.808996224764485405e-01 1.547750943808878510e-01 0.000000000000000000e+00
1.604500000000000171e+02 4.074265816555189268e-02 9.592573418344479963e-01 1.918514683668895993e-01 9.999999999999998890e-01 3.798220707838356747e-01 1.550444823040410813e-01 0.000000000000000000e+00
1.605000000000000000e+02 3.864948603151054096e-02 9.613505139684891398e-01 1.922701027936978280e-01 9.999999999999996669e-01 3.787907591265672891e-01 1.553023102183581639e-01 0.000000000000000000e+00
1.605500000000000114e+02 3.664745000010032061e-02 9.633525499998993880e-01 1.926705099999798665e-01 9.999999999999996669e-01 3.778056623017218008e-01 1.555485844245695359e-01 0.000000000000000000e+00
1.606000000000000227e+02 3.473685554137425496e-02 9.652631444586254883e-01 1.930526288917250866e-01 9.999999999999997780e-01 3.768667551587411291e-01 1.557833112103147177e-01 0.000000000000000000e+00
1.606500000000000057e+02 3.291799375359067553e-02 9.670820062464091649e-01 1.934164012492818330e-01 9.999999999999998890e-01 3.759740127186326220e-01 1.560064968203418445e-01 0.000000000000000000e+00
1.607000000000000171e+02 3.119114130728369363e-02 9.688088586927159351e-01 1.937617717385431981e-01 9.999999999999996669e-01 3.751274103906420687e-01 1.562181474023394689e-01 0.000000000000000000e+00
1.607500000000000000e+02 2.955656045247776961e-02 9.704434395475219910e-01 1.940886879095043982e-01 9.999999999999997780e-01 3.743269240563983913e-01 1.564182689859003883e-01 0.000000000000000000e+00
1.608000000000000114e+02 2.801449902459987595e-02 9.719855009753997077e-01 1.943971001950799415e-01 9.999999999999995559e-01 3.735725300876512889e-01 1.566068674780871639e-01 0.000000000000000000e+00
1.608500000000000227e+02 2.656519055618107930e-02 9.734348094438185495e-01 1.946869618887637210e-01 9.999999999999996669e-01 3.728642055922853360e-01 1.567839486019286521e-01 0.000000000000000000e+00
1.609000000000000057e+02 2.520885429104119044e-02 9.747911457089584175e-01 1.949582291417916724e-01 9.999999999999995559e-01 3.722019284901287861e-01 1.569495178774678035e-01 0.000000000000000000e+00
1.609500000000000171e+02 2.394569514972767418e-02 9.760543048502721142e-01 1.952108609700544117e-01 9.999999999999997780e-01 3.715856776808705297e-01 1.571035805797823814e-01 0.000000000000000000e+00
1.610000000000000000e+02 2.277590373453280970e-02 9.772240962654668017e-01 1.954448192530933714e-01 9.999999999999995559e-01 3.710154330837052705e-01 1.572461417290736685e-01 0.000000000000000000e+00
1.610500000000000114e+02 2.169965634432897278e-02 9.783003436556708676e-01 1.956600687311341735e-01 9.999999999999998890e-01 3.704911756732245931e-01 1.573772060816938656e-01 0.000000000000000000e+00
1.611000000000000227e+02 2.071711507346546410e-02 9.792828849265342583e-01 1.958565769853068406e-01 9.999999999999997780e-01 3.700128876729237293e-01 1.574967780817690677e-01 0.000000000000000000e+00
1.611500000000000057e+02 1.982842778332518860e-02 9.801715722166746136e-01 1.960343144433349116e-01 9.999999999999997780e-01 3.695805525930965230e-01 1.576048618517258970e-01 0.000000000000000000e+00
1.612000000000000171e+02 1.903372809086668546e-02 9.809662719091329919e-01 1.961932543818266095e-01 9.999999999999996669e-01 3.691941553356691275e-01 1.577014611660827459e-01 0.000000000000000000e+00
1.612500000000000000e+02 1.833313537050228897e-02 9.816668646294977041e-01 1.963333729258995297e-01 1.000000000000000000e+00 3.688536822030644147e-01 1.577865794492339102e-01 0.000000000000000000e+00
1.613000000000000114e+02 1.772675478971801402e-02 9.822732452102816980e-01 1.964546490420563396e-01 9.999999999999996669e-01 3.685591209665134982e-01 1.578602197583716393e-01 0.000000000000000000e+00
1.613500000000000227e+02 1.721467735841011176e-02 9.827853226415896870e-01 1.965570645283179485e-01 9.999999999999997780e-01 3.683104609629714865e-01 1.579223847592571561e-01 0.000000000000000000e+00
1.614000000000000057e+02 1.679697988987084029e-02 9.832030201101291667e-01 1.966406040220258222e-01 1.000000000000000000e+00 3.681076931200055191e-01 1.579730767199986341e-01 0.000000000000000000e+00
1.614500000000000171e+02 1.647372500249784724e-02 9.835262749975021146e-01 1.967052549995004229e-01 1.000000000000000000e+00 3.679508099886685812e-01 1.580122975028328824e-01 0.000000000000000000e+00
1.615000000000000000e+02 1.624496112671675735e-02 9.837550388732831941e-01 1.967510077746566499e-01 1.000000000000000000e+00 3.678398057527635934e-01 1.580400485618091155e-01 0.000000000000000000e+00
1.615500000000000114e+02 1.611072254790994057e-02 9.838892774520899831e-01 1.967778554904179855e-01 9.999999999999998890e-01 3.677746762939033687e-01 1.580563309265241578e-01 0.000000000000000000e+00
1.616000000000000227e+02 1.607102938363475994e-02 9.839289706163650839e-01 1.967857941232730168e-01 9.999999999999998890e-01 3.677554191916232451e-01 1.580611452020941887e-01 0.000000000000000000e+00
1.616500000000000057e+02 1.612588757770422668e-02 9.838741124222958323e-01 1.967748224844591554e-01 1.000000000000000000e+00 3.677820337274522178e-01 1.580544915681369456e-01 0.000000000000000000e+00
1.617000000000000171e+02 1.627528890637708336e-02 9.837247110936229166e-01 1.967449422187245722e-01 1.000000000000000000e+00 3.678545208883517437e-01 1.580363697779120780e-01 0.000000000000000000e+00
1.617500000000000000e+02 1.651921099185160377e-02 9.834807890081481707e-01 1.966961578016296341e-01 9.999999999999997780e-01 3.679728833785295694e-01 1.580067791553675938e-01 0.000000000000000000e+00
1.618000000000000114e+02 1.685761728529351633e-02 9.831423827147062200e-01 1.966284765429412440e-01 9.999999999999997780e-01 3.681371255895400374e-01 1.579657186026149907e-01 0.000000000000000000e+00
1.618500000000000227e+02 1.729045706252243381e-02 9.827095429374774760e-01 1.965419085874954841e-01 9.999999999999998890e-01 3.683472535848784646e-01 1.579131866037803977e-01 0.000000000000000000e+00
1.619000000000000057e+02 1.781766542636282341e-02 9.821823345736371280e-01 1.964364669147274367e-01 1.000000000000000000e+00 3.686032750822894055e-01 1.578491812294276486e-01 0.000000000000000000e+00
1.619500000000000171e+02 1.843916330348574495e-02 9.815608366965142828e-01 1.963121673393028455e-01 1.000000000000000000e+00 3.689051994337463336e-01 1.577737001415634166e-01 0.000000000000000000e+00
1.620000000000000000e+02 1.915485742542036296e-02 9.808451425745795538e-01 1.961690285149159108e-01 9.999999999999998890e-01 3.692530375467638626e-01 1.576867406133090344e-01 0.000000000000000000e+00
1.620500000000000114e+02 1.996464032554982893e-02 9.800353596744502127e-01 1.960070719348900314e-01 1.000000000000000000e+00 3.696468018640240993e-01 1.575882995339939752e-01 0.000000000000000000e+00
1.621000000000000227e+02 2.086839033363216064e-02 9.791316096663676971e-01 1.958263219332735394e-01 9.999999999999998890e-01 3.700865063139789357e-01 1.574783734215052799e-01 0.000000000000000000e+00
1.621500000000000057e+02 2.186597156220729601e-02 9.781340284377926242e-01 1.956268056875585248e-01 9.999999999999998890e-01 3.705721662699997809e-01 1.573569584325000548e-01 0.000000000000000000e+00
1.622000000000000171e+02 2.295723388471351128e-02 9.770427661152863985e-01 1.954085532230572797e-01 9.999999999999998890e-01 3.711037984140838630e-01 1.572240503964790481e-01 0.000000000000000000e+00
1.622500000000000000e+02 2.414201293181051852e-02 9.758579870681893809e-01 1.951715974136378762e-01 9.999999999999998890e-01 3.716814207049315977e-01 1.570796448237671006e-01 0.000000000000000000e+00
1.623000000000000114e+02 2.542013008201042534e-02 9.745798699179895053e-01 1.949159739835978900e-01 9.999999999999998890e-01 3.723050523157573344e-01 1.569237369210606803e-01 0.000000000000000000e+00
1.623500000000000227e+02 2.679139243512767068e-02 9.732086075648721524e-01 1.946417215129744305e-01 9.999999999999997780e-01 3.729747135569815297e-01 1.567563216107546176e-01 0.000000000000000000e+00
1.624000000000000057e+02 2.825559278941908864e-02 9.717444072105807518e-01 1.943488814421161504e-01 9.999999999999998890e-01 3.736904257178880751e-01 1.565773935705279951e-01 0.000000000000000000e+00
1.624500000000000171e+02 2.981250963135581925e-02 9.701874903686438234e-01 1.940374980737287758e-01 9.999999999999996669e-01 3.744522109570288526e-01 1.563869472607427868e-01 0.000000000000000000e+00
1.625000000000000000e+02 3.146190713302535885e-02 9.685380928669742318e-01 1.937076185733948575e-01 9.999999999999995559e-01 3.752600922831630936e-01 1.561849769292092405e-01 0.000000000000000000e+00
1.625500000000000114e+02 3.320353511361460314e-02 9.667964648863849320e-01 1.933592929772769975e-01 9.999999999999995559e-01 3.761140933918150631e-01 1.559714766520462481e-01 0.000000000000000000e+00
1.626000000000000227e+02 3.503712900900662203e-02 9.649628709909929825e-01 1.929925741981985965e-01 9.999999999999995559e-01 3.770142385874222235e-01 1.557464403531444441e-01 0.000000000000000000e+00
1.626500000000000057e+02 3.696240985349653896e-02 9.630375901465032529e-01 1.926075180293006506e-01 9.999999999999997780e-01 3.779605525125919185e-01 1.555098618718520342e-01 0.000000000000000000e+00
1.627000000000000171e+02 3.897908427671797904e-02 9.610209157232816324e-01 1.922041831446563154e-01 9.999999999999995559e-01 3.789530601102641949e-01 1.552617349724339513e-01 0.000000000000000000e+00
1.627500000000000000e+02 4.108684449143535505e-02 9.589131555085644854e-01 1.917826311017128971e-01 9.999999999999998890e-01 3.799917865494064073e-01 1.550020533626484120e-01 0.000000000000000000e+00
1.628000000000000114e+02 4.328536822452488247e-02 9.567146317754748885e-01 1.913429263550949777e-01 9.999999999999997780e-01 3.810767570092607470e-01 1.547308107476848271e-01 0.000000000000000000e+00
1.628500000000000227e+02 4.557431869893566884e-02 9.544256813010640883e-01 1.908851362602128066e-01 9.999999999999997780e-01 3.822079965412089053e-01 1.544480008646977875e-01 0.000000000000000000e+00
1.629000000000000057e+02 4.795334462046858121e-02 9.520466553795312592e-01 1.904093310759062407e-01 9.999999999999998890e-01 3.833855297710148102e-01 1.541536175572463252e-01 0.000000000000000000e+00
1.629500000000000171e+02 5.042208017679223470e-02 9.495779198232077167e-01 1.899155839646415322e-01 1.000000000000000000e+00 3.846093808870699182e-01 1.538476547782325343e-01 0.000000000000000000e+00
1.630000000000000000e+02 5.298014501306765739e-02 9.470198549869321969e-01 1.894039709973864283e-01 9.999999999999998890e-01 3.858795735010474015e-01 1.535301066247381496e-01 0.000000000000000000e+00
1.630500000000000114e+02 5.562714413917543149e-02 9.443728558608244228e-01 1.888745711721648846e-01 9.999999999999998890e-01 3.871961304047805141e-01 1.532009673988048715e-01 0.000000000000000000e+00
1.631000000000000227e+02 5.836266792798191355e-02 9.416373320720178297e-01 1.883274664144035659e-01 9.999999999999997780e-01 3.885590733692256271e-01 1.528602316576936071e-01 0.000000000000000000e+00
1.631500000000000057e+02 6.118629210663306672e-02 9.388137078933667112e-01 1.877627415786733422e-01 9.999999999999997780e-01 3.899684228243579520e-01 1.525078942939105398e-01 0.000000000000000000e+00
1.632000000000000171e+02 6.409757775620165965e-02 9.359024222437981599e-01 1.871804844487596209e-01 9.999999999999997780e-01 3.914241978548547718e-01 1.521439505362863209e-01 0.000000000000000000e+00
1.632500000000000000e+02 6.709607128152730859e-02 9.329039287184726081e-01 1.865807857436945216e-01 9.999999999999998890e-01 3.929264160226167979e-01 1.517683959943458283e-01 0.000000000000000000e+00
1.633000000000000114e+02 7.018130429526864278e-02 9.298186957047310797e-01 1.859637391409462159e-01 9.999999999999997780e-01 3.944750930723407434e-01 1.513812267319148419e-01 0.000000000000000000e+00
1.633500000000000227e+02 7.335279363163144106e-02 9.266472063683683924e-01 1.853294412736736785e-01 9.999999999999997780e-01 3.960702427134055181e-01 1.509824393216486482e-01 0.000000000000000000e+00
1.634000000000000057e+02 7.661004134556581580e-02 9.233899586544338511e-01 1.846779917308867813e-01 9.999999999999996669e-01 3.977118762407538255e-01 1.505720309398115853e-01 0.000000000000000000e+00
1.634500000000000171e+02 7.995253471244588572e-02 9.200474652875539894e-01 1.840094930575107979e-01 9.999999999999998890e-01 3.994000025301755463e-01 1.501499993674561273e-01 0.000000000000000000e+00
1.635000000000000000e+02 8.337974620281354832e-02 9.166202537971862574e-01 1.833240507594372515e-01 9.999999999999997780e-01 4.011346278706101054e-01 1.497163430323474875e-01 0.000000000000000000e+00
1.635500000000000114e+02 8.689113334317782877e-02 9.131088666568221157e-01 1.826217733313644231e-01 1.000000000000000000e+00 4.029157555690078274e-01 1.492710611077480709e-01 0.000000000000000000e+00
1.636000000000000227e+02 9.048613873575388211e-02 9.095138612642459375e-01 1.819027722528491764e-01 9.999999999999997780e-01 4.047433857834053517e-01 1.488141535541486760e-01 0.000000000000000000e+00
1.636500000000000057e+02 9.416419007621698589e-02 9.058358099237828753e-01 1.811671619847565751e-01 9.999999999999998890e-01 4.066175150371803548e-01 1.483456212407049113e-01 0.000000000000000000e+00
1.637000000000000171e+02 9.792470015311934006e-02 9.020752998468806183e-01 1.804150599693761237e-01 1.000000000000000000e+00 4.085381362044638864e-01 1.478654659488840284e-01 0.000000000000000000e+00
1.637500000000000000e+02 1.017670668344419771e-01 8.982329331655578564e-01 1.796465866331115602e-01 9.999999999999997780e-01 4.105052383942959238e-01 1.473736904014260329e-01 0.000000000000000000e+00
1.638000000000000114e+02 1.056906729196177702e-01 8.943093270803820216e-01 1.788618654160764043e-01 9.999999999999997780e-01 4.125188064338728422e-01 1.468702983915317895e-01 0.000000000000000000e+00
1.638500000000000227e+02 1.096948861355508120e-01 8.903051138644488827e-01 1.780610227728897654e-01 9.999999999999996669e-01 4.145788207876906495e-01 1.463552948030773238e-01 0.000000000000000000e+00
1.639000000000000057e+02 1.137790591941834351e-01 8.862209408058163707e-01 1.772441881611632741e-01 9.999999999999997780e-01 4.166852569500703596e-01 1.458286857624824240e-01 0.000000000000000000e+00
1.639500000000000171e+02 1.179425297926854493e-01 8.820574702073141760e-01 1.764114940414628352e-01 9.999999999999996669e-01 4.188380853950122162e-01 1.452904786512469459e-01 0.000000000000000000e+00
1.640000000000000000e+02 1.221846206103188587e-01 8.778153793896809054e-01 1.755630758779361811e-01 9.999999999999997780e-01 4.210372715271969990e-01 1.447406821182007364e-01 0.000000000000000000e+00
1.640500000000000114e+02 1.265046391854026397e-01 8.734953608145969994e-01 1.746990721629194110e-01 9.999999999999996669e-01 4.232827750954085699e-01 1.441793062261478575e-01 0.000000000000000000e+00
1.641000000000000227e+02 1.309018778412321393e-01 8.690981221587676941e-01 1.738196244317535277e-01 9.999999999999997780e-01 4.255745501435165279e-01 1.436063624641208680e-01 0.000000000000000000e+00
1.641500000000000057e+02 1.353756138056390335e-01 8.646243861943605502e-01 1.729248772388721211e-01 9.999999999999995559e-01 4.279125443480047974e-01 1.430218639129987868e-01 0.000000000000000000e+00
1.642000000000000171e+02 1.399251092200496926e-01 8.600748907799499188e-01 1.720149781559899838e-01 9.999999999999995559e-01 4.302966988741489529e-01 1.424258252814627479e-01 0.000000000000000000e+00
1.642500000000000000e+02 1.445496111395032923e-01 8.554503888604960693e-01 1.710900777720992250e-01 9.999999999999993339e-01 4.327269483722951393e-01 1.418182629069262013e-01 0.000000000000000000e+00
1.643000000000000114e+02 1.492483514682195478e-01 8.507516485317800914e-01 1.701503297063560183e-01 9.999999999999996669e-01 4.352032204691492212e-01 1.411991948827126808e-01 0.000000000000000000e+00
1.643500000000000227e+02 1.540205467909951109e-01 8.459794532090045838e-01 1.691958906418009057e-01 9.999999999999996669e-01 4.377254355558297116e-01 1.405686411110425582e-01 0.000000000000000000e+00
1.644000000000000057e+02 1.588653985411264680e-01 8.411346014588729769e-01 1.682269202917746065e-01 9.999999999999994449e-01 4.402935062743759675e-01 1.399266234314059942e-01 0.000000000000000000e+00
1.644500000000000171e+02 1.637820930478441350e-01 8.362179069521555874e-01 1.672435813904311064e-01 9.999999999999997780e-01 4.429073371722898056e-01 1.392731657069275486e-01 0.000000000000000000e+00
1.645000000000000000e+02 1.687698015362931458e-01 8.312301984637062713e-01 1.662460396927412654e-01 9.999999999999994449e-01 4.455668247025256212e-01 1.386082938243685947e-01 0.000000000000000000e+00
1.645500000000000114e+02 1.738276801133169236e-01 8.261723198866827156e-01 1.652344639773365431e-01 9.999999999999996669e-01 4.482718569638323158e-01 1.379320357590418933e-01 0.000000000000000000e+00
1.646000000000000227e+02 1.789548695734829442e-01 8.210451304265165007e-01 1.642090260853033001e-01 9.999999999999994449e-01 4.510223131060089319e-01 1.372444217234977670e-01 0.000000000000000000e+00
1.646500000000000057e+02 1.841504955065169369e-01 8.158495044934827023e-01 1.631699008986965405e-01 9.999999999999996669e-01 4.538180631921047148e-01 1.365454842019737935e-01 0.000000000000000000e+00
1.647000000000000171e+02 1.894136684517981062e-01 8.105863315482014775e-01 1.621172663096402955e-01 9.999999999999995559e-01 4.566589675666312687e-01 1.358352581083421551e-01 0.000000000000000000e+00
1.647500000000000000e+02 1.947434839002803453e-01 8.052565160997191551e-01 1.610513032199438199e-01 9.999999999999995559e-01 4.595448768374922333e-01 1.351137807906269139e-01 0.000000000000000000e+00
1.648000000000000114e+02 2.001390222979284039e-01 7.998609777020713185e-01 1.599721955404142526e-01 9.999999999999997780e-01 4.624756317986622456e-01 1.343810920503344108e-01 0.000000000000000000e+00
1.648500000000000227e+02 2.055993489304712429e-01 7.944006510695283962e-01 1.588801302139056792e-01 9.999999999999996669e-01 4.654510627041206217e-01 1.336372343239698446e-01 0.000000000000000000e+00
1.649000000000000057e+02 2.111235138513697374e-01 7.888764861486299296e-01 1.577752972297259970e-01 9.999999999999996669e-01 4.684709892410778842e-01 1.328822526897305289e-01 0.000000000000000000e+00
1.649500000000000171e+02 2.167105521845280880e-01 7.832894478154714957e-01 1.566578895630942880e-01 9.999999999999995559e-01 4.715352198291885566e-01 1.321161950427028609e-01 0.000000000000000000e+00
1.650000000000000000e+02 2.223594841546201739e-01 7.776405158453794098e-01 1.555281031690758931e-01 9.999999999999995559e-01 4.746435514906587882e-01 1.313391121273352891e-01 0.000000000000000000e+00
1.650500000000000114e+02 2.280693150874499031e-01 7.719306849125497916e-01 1.543861369825099694e-01 9.999999999999996669e-01 4.777957698484788240e-01 1.305510575378802940e-01 0.000000000000000000e+00
1.651000000000000227e+02 2.338390354043207997e-01 7.661609645956788395e-01 1.532321929191357568e-01 9.999999999999996669e-01 4.809916485917443696e-01 1.297520878520639076e-01 0.000000000000000000e+00
1.651500000000000057e+02 2.396676203989819287e-01 7.603323796010177382e-01 1.520664759202035587e-01 9.999999999999996669e-01 4.842309491682073030e-01 1.289422627079481742e-01 0.000000000000000000e+00
1.652000000000000171e+02 2.455540305810111623e-01 7.544459694189886712e-01 1.508891938837977342e-01 9.999999999999997780e-01 4.875134203694569957e-01 1.281216449076357511e-01 0.000000000000000000e+00
1.652500000000000000e+02 2.514972118239525156e-01 7.485027881760473178e-01 1.497005576352094525e-01 9.999999999999997780e-01 4.908387979558310188e-01 1.272903005110422592e-01 0.000000000000000000e+00
1.653000000000000114e+02 2.574960953653426254e-01 7.425039046346570970e-01 1.485007809269314194e-01 9.999999999999997780e-01 4.942068046564301875e-01 1.264482988358924531e-01 0.000000000000000000e+00
1.653500000000000227e+02 2.635495978304258635e-01 7.364504021695739144e-01 1.472900804339147829e-01 9.999999999999997780e-01 4.976171499757774397e-01 1.255957125060556401e-01 0.000000000000000000e+00
1.654000000000000057e+02 2.696566210841661038e-01 7.303433789158336742e-01 1.460686757831667348e-01 9.999999999999997780e-01 5.010695294861922111e-01 1.247326176284519195e-01 0.000000000000000000e+00
1.654500000000000171e+02 2.758160523394997954e-01 7.241839476604999826e-01 1.448367895320999965e-01 9.999999999999997780e-01 5.045636248016373004e-01 1.238590937995906610e-01 0.000000000000000000e+00
1.655000000000000000e+02 2.820267645561356784e-01 7.179732354438641551e-01 1.435946470887728421e-01 9.999999999999997780e-01 5.080991029854814434e-01 1.229752242536296392e-01 0.000000000000000000e+00
1.655500000000000114e+02 2.882876164550233211e-01 7.117123835449765679e-01 1.423424767089953025e-01 9.999999999999998890e-01 5.116756165140985413e-01 1.220810958714753508e-01 0.000000000000000000e+00
1.656000000000000227e+02 2.945974525284209555e-01 7.054025474715788224e-01 1.410805094943157756e-01 9.999999999999997780e-01 5.152928032470236452e-01 1.211767991882440609e-01 0.000000000000000000e+00
1.656500000000000057e+02 3.009551030599671995e-01 6.990448969400325785e-01 1.398089793880065157e-01 9.999999999999997780e-01 5.189502857766047361e-01 1.202624285558487743e-01 0.000000000000000000e+00
1.657000000000000171e+02 3.073593839373022774e-01 6.926406160626974451e-01 1.385281232125394890e-01 9.999999999999997780e-01 5.226476713071358526e-01 1.193380821732160091e-01 0.000000000000000000e+00
1.657500000000000000e+02 3.138090972394369516e-01 6.861909027605628264e-01 1.372381805521125653e-01 9.999999999999997780e-01 5.263845512024982742e-01 1.184038621993753898e-01 0.000000000000000000e+00
1.658000000000000114e+02 3.203030313568310805e-01 6.796969686431686419e-01 1.359393937286337284e-01 9.999999999999997780e-01 5.301605008170460209e-01 1.174598747957384670e-01 0.000000000000000000e+00
1.658500000000000227e+02 3.268399609913681947e-01 6.731600390086317498e-01 1.346320078017263500e-01 1.000000000000000000e+00 5.339750794955901991e-01 1.165062301261024363e-01 0.000000000000000000e+00
1.659000000000000057e+02 3.334186472391811873e-01 6.665813527608186462e-01 1.333162705521637181e-01 9.999999999999997780e-01 5.378278302738458416e-01 1.155430424315385118e-01 0.000000000000000000e+00
1.659500000000000171e+02 3.400378374016566063e-01 6.599621625983431716e-01 1.319924325196686343e-01 9.999999999999997780e-01 5.417182793442816280e-01 1.145704301639295791e-01 0.000000000000000000e+00
1.660000000000000000e+02 3.466962653793914662e-01 6.533037346206083118e-01 1.306607469241216624e-01 9.999999999999997780e-01 5.456459360036627348e-01 1.135885159990842747e-01 0.000000000000000000e+00
1.660500000000000114e+02 3.533926521025033685e-01 6.466073478974962985e-01 1.293214695794992486e-01 9.999999999999996669e-01 5.496102923108134863e-01 1.125974269222966007e-01 0.000000000000000000e+00
1.661000000000000227e+02 3.601257055327073964e-01 6.398742944672921595e-01 1.279748588934584430e-01 9.999999999999995559e-01 5.536108230836835897e-01 1.115972942290790748e-01 0.000000000000000000e+00
1.661500000000000057e+02 3.668941207081893308e-01 6.331058792918103917e-01 1.266211758583620783e-01 9.999999999999997780e-01 5.576469858308583660e-01 1.105882535422853807e-01 0.000000000000000000e+00
1.662000000000000171e+02 3.736965797794840616e-01 6.263034202205155498e-01 1.252606840441031211e-01 9.999999999999995559e-01 5.617182201574665301e-01 1.095704449606333397e-01 0.000000000000000000e+00
1.662500000000000000e+02 3.805317519743042776e-01 6.194682480256954449e-01 1.238936496051391001e-01 9.999999999999997780e-01 5.658239477398739892e-01 1.085440130650314750e-01 0.000000000000000000e+00
1.663000000000000114e+02 3.873982943811690727e-01 6.126017056188306498e-01 1.225203411237661411e-01 9.999999999999997780e-01 5.699635720815817708e-01 1.075091069796045296e-01 0.000000000000000000e+00
1.663500000000000227e+02 3.942948520246365995e-01 6.057051479753630119e-01 1.211410295950726135e-01 9.999999999999995559e-01 5.741364784640879959e-01 1.064658803839780010e-01 0.000000000000000000e+00
1.664000000000000057e+02 4.012200578693643771e-01 5.987799421306352343e-01 1.197559884261270580e-01 9.999999999999995559e-01 5.783420339444472758e-01 1.054144915138881949e-01 0.000000000000000000e+00
1.664500000000000171e+02 4.081725330166605104e-01 5.918274669833389900e-01 1.183654933966677980e-01 9.999999999999995559e-01 5.825795870237442386e-01 1.043551032440639403e-01 0.000000000000000000e+00
1.665000000000000000e+02 4.151508864428139489e-01 5.848491135571856070e-01 1.169698227114371325e-01 9.999999999999995559e-01 5.868484673469375190e-01 1.032878831632656064e-01 0.000000000000000000e+00
1.665500000000000114e+02 4.221537158202520179e-01 5.778462841797477045e-01 1.155692568359495409e-01 9.999999999999997780e-01 5.911479857406285454e-01 1.022130035648428775e-01 0.000000000000000000e+00
1.666000000000000227e+02 4.291796078569170003e-01 5.708203921430826666e-01 1.141640784286165333e-01 9.999999999999996669e-01 5.954774341363373580e-01 1.011306414659156605e-01 0.000000000000000000e+00
1.666500000000000057e+02 4.362271382962780164e-01 5.637728617037216505e-01 1.127545723407443190e-01 9.999999999999996669e-01 5.998360855705107131e-01 1.000409786073723217e-01 0.000000000000000000e+00
1.667000000000000171e+02 4.432948720522314479e-01 5.567051279477680525e-01 1.113410255895536105e-01 9.999999999999995559e-01 6.042231941053822775e-01 9.894420147365443063e-02 0.000000000000000000e+00
1.667500000000000000e+02 4.503813631965324915e-01 5.496186368034672309e-01 1.099237273606934462e-01 9.999999999999997780e-01 6.086379944056038438e-01 9.784050139859905293e-02 0.000000000000000000e+00
1.668000000000000114e+02 4.574851552896176399e-01 5.425148447103820271e-01 1.085029689420763943e-01 9.999999999999996669e-01 6.130797018620811611e-01 9.673007453447972359e-02 0.000000000000000000e+00
1.668500000000000227e+02 4.646047822065478283e-01 5.353952177934517831e-01 1.070790435586903566e-01 9.999999999999995559e-01 6.175475126619537347e-01 9.561312183451159408e-02 0.000000000000000000e+00
1.669000000000000057e+02 4.717387681588198767e-01 5.282612318411796792e-01 1.056522463682359469e-01 9.999999999999995559e-01 6.220406037863813742e-01 9.448984905340465645e-02 0.000000000000000000e+00
1.669500000000000171e+02 4.788856277458812261e-01 5.211143722541183854e-01 1.042228744508236771e-01 9.999999999999995559e-01 6.265581330095365553e-01 9.336046674761587505e-02 0.000000000000000000e+00
1.670000000000000000e+02 4.860438662067286253e-01 5.139561337932709861e-01 1.027912267586542083e-01 9.999999999999995559e-01 6.310992386881205674e-01 9.222519032796985816e-02 0.000000000000000000e+00
1.670500000000000114e+02 4.932119792968623906e-01 5.067880207031372208e-01 1.013576041406274442e-01 9.999999999999995559e-01 6.356630396508153868e-01 9.108424008729618104e-02 0.000000000000000000e+00
1.671000000000000227e+02 5.003884544402035228e-01 4.996115455597960331e-01 9.992230911195920662e-02 9.999999999999995559e-01 6.402486355822583075e-01 8.993784110443543700e-02 0.000000000000000000e+00
1.671500000000000057e+02 5.075717709006798417e-01 4.924282290993198252e-01 9.848564581986396504e-02 9.999999999999996669e-01 6.448551070598462776e-01 8.878622323503845837e-02 0.000000000000000000e+00
1.672000000000000171e+02 5.147603997851536439e-01 4.852396002148459675e-01 9.704792004296919350e-02 9.999999999999995559e-01 6.494815155547161156e-01 8.762962111132097109e-02 0.000000000000000000e+00
1.672500000000000000e+02 5.219528043847103671e-01 4.780471956152892998e-01 9.560943912305785997e-02 9.999999999999996669e-01 6.541269034658840908e-01 8.646827413352896341e-02 0.000000000000000000e+00
1.673000000000000114e+02 5.291474399556518327e-01 4.708525600443477788e-01 9.417051200886955575e-02 9.999999999999995559e-01 6.587902938492316007e-01 8.530242653769208594e-02 0.000000000000000000e+00
1.673500000000000227e+02 5.363427547723713662e-01 4.636572452276283007e-01 9.273144904552566015e-02 9.999999999999996669e-01 6.634706909696727051e-01 8.413232725758180985e-02 0.000000000000000000e+00
1.674000000000000057e+02 5.435371906508724704e-01 4.564628093491271410e-01 9.129256186982542820e-02 9.999999999999995559e-01 6.681670805309603001e-01 8.295822986725991111e-02 0.000000000000000000e+00
1.674500000000000171e+02 5.507291829487803714e-01 4.492708170512194066e-01 8.985416341024388132e-02 9.999999999999997780e-01 6.728784296756943339e-01 8.178039258107643039e-02 0.000000000000000000e+00
1.675000000000000000e+02 5.579171607880143435e-01 4.420828392119854899e-01 8.841656784239709799e-02 9.999999999999997780e-01 6.776036870903315856e-01 8.059907822741710359e-02 0.000000000000000000e+00
1.675500000000000114e+02 5.650995471463279296e-01 4.349004528536717928e-01 8.698009057073435857e-02 9.999999999999997780e-01 6.823417829213443975e-01 7.941455426966390063e-02 0.000000000000000000e+00
1.676000000000000227e+02 5.722747593958119605e-01 4.277252406041878730e-01 8.554504812083757459e-02 9.999999999999997780e-01 6.870916291328000858e-01 7.822709271679999243e-02 0.000000000000000000e+00
1.676500000000000057e+02 5.794412103195135666e-01 4.205587896804860448e-01 8.411175793609720897e-02 9.999999999999995559e-01 6.918521201347420657e-01 7.703696996631451133e-02 0.000000000000000000e+00
1.677000000000000171e+02 5.865973081307720438e-01 4.134026918692276786e-01 8.268053837384553573e-02 9.999999999999997780e-01 6.966221327943098451e-01 7.584446680142255259e-02 0.000000000000000000e+00
1.677500000000000000e+02 5.937414565954211021e-01 4.062585434045787314e-01 8.125170868091574627e-02 9.999999999999997780e-01 7.014005265247128529e-01 7.464986836882178678e-02 0.000000000000000000e+00
1.678000000000000114e+02 6.008720553671454967e-01 3.991279446328543923e-01 7.982558892657087846e-02 9.999999999999998890e-01 7.061861434930587489e-01 7.345346412673532666e-02 0.000000000000000000e+00
1.678500000000000227e+02 6.079875001304495541e-01 3.920124998695503904e-01 7.840249997391007808e-02 1.000000000000000000e+00 7.109778087107806455e-01 7.225554782230483863e-02 0.000000000000000000e+00
1.679000000000000057e+02 6.150861839471333248e-01 3.849138160528664532e-01 7.698276321057329064e-02 9.999999999999997780e-01 7.157743310621172972e-01 7.105641723447067570e-02 0.000000000000000000e+00
1.679500000000000171e+02 6.221664973676059862e-01 3.778335026323939583e-01 7.556670052647879166e-02 1.000000000000000000e+00 7.205745033881068018e-01 6.985637415297331343e-02 0.000000000000000000e+00
1.680000000000000000e+02 6.292268284896526120e-01 3.707731715103473880e-01 7.415463430206947759e-02 1.000000000000000000e+00 7.253771025407057538e-01 6.865572436482356156e-02 0.000000000000000000e+00
1.680500000000000114e+02 6.362655634245858449e-01 3.637344365754141551e-01 7.274688731508283102e-02 1.000000000000000000e+00 7.301808898293404848e-01 6.745477754266487880e-02 0.000000000000000000e+00
1.681000000000000227e+02 6.432810862436003640e-01 3.567189137563994694e-01 7.134378275127989388e-02 9.999999999999997780e-01 7.349846109621515078e-01 6.625384725946212305e-02 0.000000000000000000e+00
1.681500000000000057e+02 6.502717804551904068e-01 3.497282195448095377e-01 6.994564390896190753e-02 1.000000000000000000e+00 7.397869973472482874e-01 6.505325066318792815e-02 0.000000000000000000e+00
1.682000000000000171e+02 6.572360292609221721e-01 3.427639707390775503e-01 6.855279414781551006e-02 9.999999999999997780e-01 7.445867663226483080e-01 6.385330841933792301e-02 0.000000000000000000e+00
1.682500000000000000e+02 6.641722155827363139e-01 3.358277844172632975e-01 6.716555688345265951e-02 9.999999999999995559e-01 7.493826211856863262e-01 6.265434470357839070e-02 0.000000000000000000e+00
1.683000000000000114e+02 6.710787225714789361e-01 3.289212774285207863e-01 6.578425548570415726e-02 9.999999999999997780e-01 7.541732517885958442e-01 6.145668705285103200e-02 0.000000000000000000e+00
1.683500000000000227e+02 6.779539335208846218e-01 3.220460664791152672e-01 6.440921329582305344e-02 9.999999999999998890e-01 7.589573344848268288e-01 6.026066637879328586e-02 0.000000000000000000e+00
1.684000000000000057e+02 6.847962333444095329e-01 3.152037666555901341e-01 6.304075333111802681e-02 9.999999999999996669e-01 7.637335335742544418e-01 5.906661660643637568e-02 0.000000000000000000e+00
1.684500000000000171e+02 6.916040089705635108e-01 3.083959910294362117e-01 6.167919820588724233e-02 9.999999999999997780e-01 7.685005017073668343e-01 5.787487457315827755e-02 0.000000000000000000e+00
1.685000000000000000e+02 6.983756493602537585e-01 3.016243506397459084e-01 6.032487012794918169e-02 9.999999999999996669e-01 7.732568799063354037e-01 5.668578002341614214e-02 0.000000000000000000e+00
1.685500000000000114e+02 7.051095460213793187e-01 2.948904539786204038e-01 5.897809079572408075e-02 9.999999999999997780e-01 7.780012982603802252e-01 5.549967543490491595e-02 0.000000000000000000e+00
1.686000000000000227e+02 7.118040929660282012e-01 2.881959070339717988e-01 5.763918140679435975e-02 1.000000000000000000e+00 7.827323759591525709e-01 5.431690601021184339e-02 0.000000000000000000e+00
1.686500000000000057e+02 7.184576881671566051e-01 2.815423118328433394e-01 5.630846236656866788e-02 1.000000000000000000e+00 7.874487228461978239e-01 5.313781928845053709e-02 0.000000000000000000e+00
1.687000000000000171e+02 7.250687340199087894e-01 2.749312659800909331e-01 5.498625319601818662e-02 9.999999999999997780e-01 7.921489399415081456e-01 5.196276501462294278e-02 0.000000000000000000e+00
1.687500000000000000e+02 7.316356373642587396e-01 2.683643626357409828e-01 5.367287252714819656e-02 9.999999999999997780e-01 7.968316194720223011e-01 5.079209513199441084e-02 0.000000000000000000e+00
1.688000000000000114e+02 7.381568100072096739e-01 2.618431899927900486e-01 5.236863799855800972e-02 9.999999999999997780e-01 8.014953456716505942e-01 4.962616358208734452e-02 0.000000000000000000e+00
1.688500000000000227e+02 7.446306687425010562e-01 2.553693312574986662e-01 5.107386625149973325e-02 9.999999999999997780e-01 8.061386949079367703e-01 4.846532627301580742e-02 0.000000000000000000e+00
1.689000000000000057e+02 7.510556368303998864e-01 2.489443631695997805e-01 4.978887263391995610e-02 9.999999999999996669e-01 8.107602373883229241e-01 4.730994065291926898e-02 0.000000000000000000e+00
1.689500000000000171e+02 7.574301444111463111e-01 2.425698555888533559e-01 4.851397111777067117e-02 9.999999999999996669e-01 8.153585376709746591e-01 4.616036558225632136e-02 0.000000000000000000e+00
1.690000000000000000e+02 7.637526285546167859e-01 2.362473714453830476e-01 4.724947428907660951e-02 9.999999999999997780e-01 8.199321547386089204e-01 4.501696131534775602e-02 0.000000000000000000e+00
1.690500000000000114e+02 7.700215337828147932e-01 2.299784662171849847e-01 4.599569324343699694e-02 9.999999999999997780e-01 8.244796429104455093e-01 4.388008927238861573e-02 0.000000000000000000e+00
1.691000000000000227e+02 7.762353122117120474e-01 2.237646877882876195e-01 4.475293755765752390e-02 9.999999999999996669e-01 8.289995520997757161e-01 4.275011197505607791e-02 0.000000000000000000e+00
1.691500000000000057e+02 7.823924250398210933e-01 2.176075749601785736e-01 4.352151499203571472e-02 9.999999999999996669e-01 8.334904296637827281e-01 4.162739258405431797e-02 0.000000000000000000e+00
1.692000000000000171e+02 7.884913428190230000e-01 2.115086571809768334e-01 4.230173143619536669e-02 9.999999999999997780e-01 8.379508207655556040e-01 4.051229480861109206e-02 0.000000000000000000e+00
1.692500000000000000e+02 7.945305455735164335e-01 2.054694544264831779e-01 4.109389088529663558e-02 9.999999999999995559e-01 8.423792685699451610e-01 3.940518285751370281e-02 0.000000000000000000e+00
1.693000000000000114e+02 8.005085232727325861e-01 1.994914767272670808e-01 3.989829534545341616e-02 9.999999999999996669e-01 8.467743152067093160e-01 3.830642119832266407e-02 0.000000000000000000e+00
1.693500000000000227e+02 8.064237762538539744e-01 1.935762237461458035e-01 3.871524474922916070e-02 9.999999999999997780e-01 8.511345023340968208e-01 3.721637441647580868e-02 0.000000000000000000e+00
1.694000000000000057e+02 8.122748165548612231e-01 1.877251834451384993e-01 3.754503668902769986e-02 9.999999999999997780e-01 8.554583729224680688e-01 3.613540676938299667e-02 0.000000000000000000e+00
1.694500000000000171e+02 8.180601680219294902e-01 1.819398319780704543e-01 3.638796639561409085e-02 1.000000000000000000e+00 8.597444714095435758e-01 3.506388214761411992e-02 0.000000000000000000e+00
1.695000000000000000e+02 8.237783665762945517e-01 1.762216334237051707e-01 3.524432668474103414e-02 9.999999999999997780e-01 8.639913441895965551e-01 3.400216395260085428e-02 0.000000000000000000e+00
1.695500000000000114e+02 8.294279605451024828e-01 1.705720394548973506e-01 3.411440789097947013e-02 9.999999999999997780e-01 8.681975404288910791e-01 3.295061489277720940e-02 0.000000000000000000e+00
1.696000000000000227e+02 8.350075115647501711e-01 1.649924884352496623e-01 3.299849768704993247e-02 9.999999999999997780e-01 8.723616132444441673e-01 3.190959668888894429e-02 0.000000000000000000e+00
1.696500000000000057e+02 8.405155954751696301e-01 1.594844045248303144e-01 3.189688090496606288e-02 1.000000000000000000e+00 8.764821209965966142e-01 3.087946975085084297e-02 0.000000000000000000e+00
1.697000000000000171e+02 8.459508023528580223e-01 1.540491976471417002e-01 3.080983952942834003e-02 9.999999999999997780e-01 8.805576273456796610e-01 2.986059316358008128e-02 0.000000000000000000e+00
1.697500000000000000e+02 8.513117369635494480e-01 1.486882630364505520e-01 2.973765260729011040e-02 1.000000000000000000e+00 8.845867022012520176e-01 2.885332444968698520e-02 0.000000000000000000e+00
1.698000000000000114e+02 8.565970189991843897e-01 1.434029810008155548e-01 2.868059620016311095e-02 1.000000000000000000e+00 8.885679222438208624e-01 2.785801943904476358e-02 0.000000000000000000e+00
1.698500000000000227e+02 8.618052843917993755e-01 1.381947156082002914e-01 2.763894312164005829e-02 9.999999999999996669e-01 8.924998727919881691e-01 2.687503180200295078e-02 0.000000000000000000e+00
1.699000000000000057e+02 8.669351856093033826e-01 1.330648143906965064e-01 2.661296287813930128e-02 9.999999999999998890e-01 8.963811482610034576e-01 2.590471293474912520e-02 0.000000000000000000e+00
1.699500000000000171e+02 8.719853918312329144e-01 1.280146081687669191e-01 2.560292163375338381e-02 9.999999999999997780e-01 9.002103525162348241e-01 2.494741187094129398e-02 0.000000000000000000e+00
1.700000000000000000e+02 8.769545893278467563e-01 1.230454106721531882e-01 2.460908213443063763e-02 1.000000000000000000e+00 9.039860998432195371e-01 2.400347503919511225e-02 0.000000000000000000e+00
1.700500000000000114e+02 8.818414822025854027e-01 1.181585177974145418e-01 2.363170355948290835e-02 1.000000000000000000e+00 9.077070160150597644e-01 2.307324599623505196e-02 0.000000000000000000e+00
1.701000000000000227e+02 8.866447932892200789e-01 1.133552067107798655e-01 2.267104134215597311e-02 1.000000000000000000e+00 9.113717396771904289e-01 2.215706508070239625e-02 0.000000000000000000e+00
1.701500000000000057e+02 8.913632642092345071e-01 1.086367357907652709e-01 2.172734715815305417e-02 9.999999999999997780e-01 9.149789224537768773e-01 2.125526938655578416e-02 0.000000000000000000e+00
1.702000000000000171e+02 8.959956557662577259e-01 1.040043442337421076e-01 2.080086884674842151e-02 9.999999999999997780e-01 9.185272298846116623e-01 2.036819252884708095e-02 0.000000000000000000e+00
1.702500000000000000e+02 9.005407482890200876e-01 9.945925171097991235e-02 1.989185034219598247e-02 1.000000000000000000e+00 9.220153421048579157e-01 1.949616447378553497e-02 0.000000000000000000e+00
1.703000000000000114e+02 9.049973427649303792e-01 9.500265723506956528e-02 1.900053144701391306e-02 1.000000000000000000e+00 9.254419555740445169e-01 1.863951110648886730e-02 0.000000000000000000e+00
1.703500000000000227e+02 9.093642610217174127e-01 9.063573897828247627e-02 1.812714779565649525e-02 9.999999999999998890e-01 9.288057833798499807e-01 1.779855415503750135e-02 0.000000000000000000e+00
1.704000000000000057e+02 9.136403459962402218e-01 8.635965400375977818e-02 1.727193080075195564e-02 1.000000000000000000e+00 9.321055558508676286e-01 1.697361103728310672e-02 0.000000000000000000e+00
1.704500000000000171e+02 9.178244620065680870e-01 8.217553799343163545e-02 1.643510759868632709e-02 9.999999999999997780e-01 9.353400213074872793e-01 1.616499467312818017e-02 0.000000000000000000e+00
1.705000000000000000e+02 9.219154957190655031e-01 7.808450428093444140e-02 1.561690085618688828e-02 1.000000000000000000e+00 9.385079475346601585e-01 1.537301311633496731e-02 0.000000000000000000e+00
1.705500000000000114e+02 9.259123565781034459e-01 7.408764342189622099e-02 1.481752868437924420e-02 9.999999999999996669e-01 9.416081225002217447e-01 1.459796937494457422e-02 0.000000000000000000e+00
1.706000000000000227e+02 9.298139769442080871e-01 7.018602305579157985e-02 1.403720461115831597e-02 9.999999999999996669e-01 9.446393546715935452e-01 1.384016133210160156e-02 0.000000000000000000e+00
1.706500000000000057e+02 9.336193124079300576e-01 6.638068759206972036e-02 1.327613751841394407e-02 9.999999999999997780e-01 9.476004738996656185e-01 1.309988152508358844e-02 0.000000000000000000e+00
1.707000000000000171e+02 9.373273424863907133e-01 6.267265751360912018e-02 1.253453150272182404e-02 9.999999999999997780e-01 9.504903325101700107e-01 1.237741687245748866e-02 0.000000000000000000e+00
1.707500000000000000e+02 9.409370712373278378e-01 5.906292876267205116e-02 1.181258575253441023e-02 9.999999999999998890e-01 9.533078063288847881e-01 1.167304841777878563e-02 0.000000000000000000e+00
1.708000000000000114e+02 9.444475273488764921e-01 5.555247265112334132e-02 1.111049453022466826e-02 9.999999999999997780e-01 9.560517948851150472e-01 1.098705127872123127e-02 0.000000000000000000e+00
1.708500000000000227e+02 9.478577644304001515e-01 5.214223556959968198e-02 1.042844711391993640e-02 9.999999999999997780e-01 9.587212222445361531e-01 1.031969443886593743e-02 0.000000000000000000e+00
1.709000000000000057e+02 9.511668615573191099e-01 4.883313844268072357e-02 9.766627688536144714e-03 9.999999999999997780e-01 9.613150379205303020e-01 9.671240519867417562e-03 0.000000000000000000e+00
1.709500000000000171e+02 9.543739239226862736e-01 4.562607607731361536e-02 9.125215215462723073e-03 9.999999999999998890e-01 9.638322179607681228e-01 9.041945509807945008e-03 0.000000000000000000e+00
1.710000000000000000e+02 9.574780829205638000e-01 4.252191707943608900e-02 8.504383415887217801e-03 9.999999999999998890e-01 9.662717651310116507e-01 8.432058717247066515e-03 0.000000000000000000e+00
1.710500000000000114e+02 9.604784963979881018e-01 3.952150360201162060e-02 7.904300720402324121e-03 9.999999999999997780e-01 9.686327096562616923e-01 7.841822585934554377e-03 0.000000000000000000e+00
1.711000000000000227e+02 9.633743491228022870e-01 3.662565087719726886e-02 7.325130175439453772e-03 9.999999999999995559e-01 9.709141100395936030e-01 7.271472490101591434e-03 0.000000000000000000e+00
1.711500000000000057e+02 9.661648533821655116e-01 3.383514661783409982e-02 6.767029323566819965e-03 9.999999999999995559e-01 9.731150540649828873e-01 6.721236483754252158e-03 0.000000000000000000e+00
1.712000000000000171e+02 9.688492490646973820e-01 3.115075093530234041e-02 6.230150187060468081e-03 9.999999999999997780e-01 9.752346589812276312e-01 6.191335254693067051e-03 0.000000000000000000e+00
1.712500000000000000e+02 9.714268038743558709e-01 2.857319612564412914e-02 5.714639225128825828e-03 1.000000000000000000e+00 9.772720721562544455e-01 5.681981960936367815e-03 0.000000000000000000e+00
1.713000000000000114e+02 9.738968137666004221e-01 2.610318623339935584e-02 5.220637246679871168e-03 9.999999999999997780e-01 9.792264718407586166e-01 5.193382039810332841e-03 0.000000000000000000e+00
1.713500000000000227e+02 9.762586034385244416e-01 2.374139656147550292e-02 4.748279312295100585e-03 1.000000000000000000e+00 9.810970679977165654e-01 4.725733000570835236e-03 0.000000000000000000e+00
1.714000000000000057e+02 9.785115264051952311e-01 2.148847359480482444e-02 4.297694718960964888e-03 1.000000000000000000e+00 9.828831024882263012e-01 4.279224377943421226e-03 0.000000000000000000e+00
1.714500000000000171e+02 9.806549651810442247e-01 1.934503481895583077e-02 3.869006963791166154e-03 1.000000000000000000e+00 9.845838496462848699e-01 3.854037588428773850e-03 0.000000000000000000e+00
1.715000000000000000e+02 9.826883317060634004e-01 1.731166829393671058e-02 3.462333658787342117e-03 1.000000000000000000e+00 9.861986169981182826e-01 3.450345750470427183e-03 0.000000000000000000e+00
1.715500000000000114e+02 9.846110676909595183e-01 1.538893230904059273e-02 3.077786461808118545e-03 1.000000000000000000e+00 9.877267458564028546e-01 3.068313535899277675e-03 0.000000000000000000e+00
1.716000000000000227e+02 9.864226446906165791e-01 1.357735530938347646e-02 2.715471061876695291e-03 1.000000000000000000e+00 9.891676115284935289e-01 2.708097117876606501e-03 0.000000000000000000e+00
1.716500000000000057e+02 9.881225642599212877e-01 1.187743574007887881e-02 2.375487148015775762e-03 1.000000000000000222e+00 9.905206237973707140e-01 2.369844050657307199e-03 0.000000000000000000e+00
1.717000000000000171e+02 9.897103583639061952e-01 1.028964163609397131e-02 2.057928327218794262e-03 1.000000000000000222e+00 9.917852275866617662e-01 2.053693103334569298e-03 0.000000000000000000e+00
1.717500000000000000e+02 9.911855895644846592e-01 8.814410435515340758e-03 1.762882087103068152e-03 1.000000000000000000e+00 9.929609032935716728e-01 1.759774176607095241e-03 0.000000000000000000e+00
1.718000000000000114e+02 9.925478510905311191e-01 7.452148909468936377e-03 1.490429781893787275e-03 1.000000000000000000e+00 9.940471670352315492e-01 1.488208241192103595e-03 0.000000000000000000e+00
1.718500000000000227e+02 9.937967670013945209e-01 6.203232998605590076e-03 1.240646599721118015e-03 1.000000000000000000e+00 9.950435710431028147e-01 1.239107239224309775e-03 0.000000000000000000e+00
1.719000000000000057e+02 9.949319925135909903e-01 5.068007486409009665e-03 1.013601497281801933e-03 1.000000000000000000e+00 9.959497041885904123e-01 1.012573952852395195e-03 0.000000000000000000e+00
1.719500000000000171e+02 9.959532140671208955e-01 4.046785932879104486e-03 8.093571865758208972e-04 1.000000000000000000e+00 9.967651921228987133e-01 8.087019692753276380e-04 0.000000000000000000e+00
1.720000000000000000e+02 9.968601493851518835e-01 3.139850614848060939e-03 6.279701229696121878e-04 1.000000000000000000e+00 9.974896975258071841e-01 6.275756185481993219e-04 0.000000000000000000e+00
1.720500000000000114e+02 9.976525476729982689e-01 2.347452327001731121e-03 4.694904654003462241e-04 1.000000000000000000e+00 9.981229204491722795e-01 4.692698877069179791e-04 0.000000000000000000e+00
1.721000000000000227e+02 9.983301897722218765e-01 1.669810227778179001e-03 3.339620455556358003e-04 1.000000000000000000e+00 9.986645985692977900e-01 3.338503576755649034e-04 0.000000000000000000e+00
1.721500000000000057e+02 9.988928881774749025e-01 1.107111822525042033e-03 2.214223645050084066e-04 1.000000000000000000e+00 9.991145072846688846e-01 2.213731788327809368e-04 0.000000000000000000e+00
1.722000000000000171e+02 9.993404871095573627e-01 6.595128904426927896e-04 1.319025780885385579e-04 1.000000000000000000e+00 9.994724599087327910e-01 1.318850228167935546e-04 0.000000000000000000e+00
1.722500000000000000e+02 9.996728626590057898e-01 3.271373409943767463e-04 6.542746819887534926e-05 1.000000000000000222e+00 9.997383078791557409e-01 6.542303021107577455e-05 0.000000000000000000e+00
1.723000000000000114e+02 9.998899228034269226e-01 1.100771965731328628e-04 2.201543931462657255e-05 1.000000000000000000e+00 9.999119408107871587e-01 2.201479730322079668e-05 0.000000000000000000e+00
1.723500000000000227e+02 9.999916074138605060e-01 8.392586139382984811e-06 1.678517227876596962e-06 9.999999999999998890e-01 9.999932865713127006e-01 1.678357171835185137e-06 0.000000000000000000e+00
1.724000000000000057e+02 9.999778883267714802e-01 2.211167322851981254e-05 4.422334645703962508e-06 1.000000000000000000e+00 9.999823113688957044e-01 4.422157776077941351e-06 0.000000000000000000e+00
1.724500000000000171e+02 9.998487693524150677e-01 1.512306475848212983e-04 3.024612951696425966e-05 9.999999999999998890e-01 9.998790197697514648e-01 3.024505756213907552e-05 0.000000000000000000e+00
1.725000000000000000e+02 9.996042862454312949e-01 3.957137545687605673e-04 7.914275091375211346e-05 1.000000000000000000e+00 9.996834546800925647e-01 7.913632997684865692e-05 0.000000000000000000e+00
1.725500000000000114e+02 9.992445067097448508e-01 7.554932902550937079e-04 1.510986580510187416e-04 1.000000000000000000e+00 9.993956973203909078e-01 1.510756699022641129e-04 0.000000000000000000e+00
1.726000000000000227e+02 9.987695303712029737e-01 1.230469628797081771e-03 2.460939257594163543e-04 1.000000000000000000e+00 9.990158671732247697e-01 2.460332066938049692e-04 0.000000000000000000e+00
1.726500000000000057e+02 9.981794887229960000e-01 1.820511277003944439e-03 3.641022554007888878e-04 1.000000000000000000e+00 9.985441218903555738e-01 3.639695274111009690e-04 0.000000000000000000e+00
1.727000000000000171e+02 9.974745450682269698e-01 2.525454931772974643e-03 5.050909863545949285e-04 1.000000000000000000e+00 9.979806571513203384e-01 5.048357121699061914e-04 0.000000000000000000e+00
1.727500000000000000e+02 9.966548944608641936e-01 3.345105539135917461e-03 6.690211078271834921e-04 1.000000000000000000e+00 9.973257065506611063e-01 6.685733623347114938e-04 0.000000000000000000e+00
1.728000000000000114e+02 9.957207636153841968e-01 4.279236384615858757e-03 8.558472769231717514e-04 1.000000000000000000e+00 9.965795414215443682e-01 8.551146446138991773e-04 0.000000000000000000e+00
1.728500000000000227e+02 9.946724107863480491e-01 5.327589213652006439e-03 1.065517842730401288e-03 1.000000000000000000e+00 9.957424705719870595e-01 1.064382357003227112e-03 0.000000000000000000e+00
1.729000000000000057e+02 9.935101256872463926e-01 6.489874312753662888e-03 1.297974862550732578e-03 1.000000000000000000e+00 9.948148401257431717e-01 1.296289968564201880e-03 0.000000000000000000e+00
1.729500000000000171e+02 9.922342293676006397e-01 7.765770632399138229e-03 1.553154126479827646e-03 9.999999999999997780e-01 9.937970332751003832e-01 1.550741681224891829e-03 0.000000000000000000e+00
1.730000000000000000e+02 9.908450740182596084e-01 9.154925981740280605e-03 1.830985196348056121e-03 9.999999999999998890e-01 9.926894698730736044e-01 1.827632531731599331e-03 0.000000000000000000e+00
1.730500000000000114e+02 9.893430428708672730e-01 1.065695712913261595e-02 2.131391425826523189e-03 9.999999999999998890e-01 9.914926062331589351e-01 2.126848441710261009e-03 0.000000000000000000e+00
1.731000000000000227e+02 9.877285500441073118e-01 1.227144995589263266e-02 2.454289991178526531e-03 1.000000000000000000e+00 9.902069348155579931e-01 2.448266296110493487e-03 0.000000000000000000e+00
1.731500000000000057e+02 9.860020403101655839e-01 1.399795968983430505e-02 2.799591937966861011e-03 9.999999999999998890e-01 9.888329837437639380e-01 2.791754064059005086e-03 0.000000000000000000e+00
1.732000000000000171e+02 9.841639889049426104e-01 1.583601109505727855e-02 3.167202219011455711e-03 9.999999999999998890e-01 9.873713164304588341e-01 3.157170892385273257e-03 0.000000000000000000e+00
1.732500000000000000e+02 9.822149013759013947e-01 1.778509862409849429e-02 3.557019724819698858e-03 9.999999999999998890e-01 9.858225312681561103e-01 3.544367182960970683e-03 0.000000000000000000e+00
1.733000000000000114e+02 9.801553133752920477e-01 1.984468662470789679e-02 3.968937324941579359e-03 1.000000000000000000e+00 9.841872611861204323e-01 3.953184703469886721e-03 0.000000000000000000e+00
1.733500000000000227e+02 9.779857902947109993e-01 2.201420970528888965e-02 4.402841941057777930e-03 9.999999999999998890e-01 9.824661729385544273e-01 4.383456765361379293e-03 0.000000000000000000e+00
1.734000000000000057e+02 9.757069271448202130e-01 2.429307285517962045e-02 4.858614571035924090e-03 9.999999999999997780e-01 9.806599668701294625e-01 4.835008282467637836e-03 0.000000000000000000e+00
1.734500000000000171e+02 9.733193483224787945e-01 2.668065167752114997e-02 5.336130335504229993e-03 1.000000000000000000e+00 9.787693764160873000e-01 5.307655895978169794e-03 0.000000000000000000e+00
1.735000000000000000e+02 9.708237072762813114e-01 2.917629272371879967e-02 5.835258544743759934e-03 1.000000000000000000e+00 9.767951674300306975e-01 5.801208142492332576e-03 0.000000000000000000e+00
1.735500000000000114e+02 9.682206861550457511e-01 3.177931384495430445e-02 6.355862768990860889e-03 1.000000000000000000e+00 9.747381375215947719e-01 6.315465619601301830e-03 0.000000000000000000e+00
1.736000000000000227e+02 9.655109956562488716e-01 3.448900434375096191e-02 6.897800868750192382e-03 9.999999999999997780e-01 9.725991157504837448e-01 6.850221062379062073e-03 0.000000000000000000e+00
1.736500000000000057e+02 9.626953747599077404e-01 3.730462524009214853e-02 7.460925048018429706e-03 9.999999999999998890e-01 9.703789620327150089e-01 7.405259491821230416e-03 0.000000000000000000e+00
1.737000000000000171e+02 9.597745902323843170e-01 4.022540976761551645e-02 8.045081953523103291e-03 9.999999999999997780e-01 9.680785662048438933e-01 7.980358448789011058e-03 0.000000000000000000e+00
1.737500000000000000e+02 9.567494363481053865e-01 4.325056365189455798e-02 8.650112730378911596e-03 1.000000000000000000e+00 9.656988475089923751e-01 8.575288122751906217e-03 0.000000000000000000e+00
1.738000000000000114e+02 9.536207346570402255e-01 4.637926534295983005e-02 9.275853068591966011e-03 1.000000000000000000e+00 9.632407541138819917e-01 9.189811471529503797e-03 0.000000000000000000e+00
1.738500000000000227e+02 9.503893337136911645e-01 4.961066628630883546e-02 9.922133257261767092e-03 1.000000000000000000e+00 9.607052625027917570e-01 9.823684374302052089e-03 0.000000000000000000e+00
1.739000000000000057e+02 9.470561084262965057e-01 5.294389157370349430e-02 1.058877831474069886e-02 1.000000000000000000e+00 9.580933762927570374e-01 1.047665592681075453e-02 0.000000000000000000e+00
1.739500000000000171e+02 9.436219598438400080e-01 5.637804015615976994e-02 1.127560803123195399e-02 9.999999999999997780e-01 9.554061258463852901e-01 1.114846853840368614e-02 0.000000000000000000e+00
1.740000000000000000e+02 9.400878148588233119e-01 5.991218514117657712e-02 1.198243702823531542e-02 9.999999999999998890e-01 9.526445676545292063e-01 1.183885808636770710e-02 0.000000000000000000e+00
1.740500000000000114e+02 9.364546259101144132e-01 6.354537408988558678e-02 1.270907481797711736e-02 1.000000000000000000e+00 9.498097836781170811e-01 1.254755408047072106e-02 0.000000000000000000e+00
1.741000000000000227e+02 9.327233702272099691e-01 6.727662977279003087e-02 1.345532595455800617e-02 1.000000000000000000e+00 9.469028800172973881e-01 1.327427999567565298e-02 0.000000000000000000e+00
1.741500000000000057e+02 9.288950496398382661e-01 7.110495036016156734e-02 1.422099007203231347e-02 9.999999999999997780e-01 9.439249865702655784e-01 1.401875335743361407e-02 0.000000000000000000e+00
1.742000000000000171e+02 9.249706902390220087e-01 7.502930976097776927e-02 1.500586195219555385e-02 9.999999999999997780e-01 9.408772563337163275e-01 1.478068591657092333e-02 0.000000000000000000e+00
1.742500000000000000e+02 9.209513420674944051e-01 7.904865793250531736e-02 1.580973158650106347e-02 9.999999999999997780e-01 9.377608647202718695e-01 1.555978381993204651e-02 0.000000000000000000e+00
1.743000000000000114e+02 9.168380782699349085e-01 8.316192173006498045e-02 1.663238434601299609e-02 9.999999999999998890e-01 9.345770081045462474e-01 1.635574797386346590e-02 0.000000000000000000e+00
1.743500000000000227e+02 9.126319948913578228e-01 8.736800510864201064e-02 1.747360102172840213e-02 9.999999999999997780e-01 9.313269034703370863e-01 1.716827413241574576e-02 0.000000000000000000e+00
1.744000000000000057e+02 9.083342105222933505e-01 9.166578947770648300e-02 1.833315789554129660e-02 9.999999999999997780e-01 9.280117876955000789e-01 1.799705307612500110e-02 0.000000000000000000e+00
1.744500000000000171e+02 9.039458659977215316e-01 9.605413400227830190e-02 1.921082680045566038e-02 9.999999999999997780e-01 9.246329168676613586e-01 1.884177078308466730e-02 0.000000000000000000e+00
1.745000000000000000e+02 8.994681234668630010e-01 1.005318765331367215e-01 2.010637530662734429e-02 9.999999999999997780e-01 9.211915647405387597e-01 1.970210881486530660e-02 0.000000000000000000e+00
1.745500000000000114e+02 8.949021661271908679e-01 1.050978338728089656e-01 2.101956677456179312e-02 9.999999999999997780e-01 9.176890222820781595e-01 2.057774442948047400e-02 0.000000000000000000e+00
1.746000000000000227e+02 8.902491979052784554e-01 1.097508020947213225e-01 2.195016041894426451e-02 9.999999999999997780e-01 9.141265970560720211e-01 2.146835073598199820e-02 0.000000000000000000e+00
1.746500000000000057e+02 8.855104431389051456e-01 1.144895568610945769e-01 2.289791137221891537e-02 9.999999999999997780e-01 9.105056124776089721e-01 2.237359688059776391e-02 0.000000000000000000e+00
1.747000000000000171e+02 8.806871456540859011e-01 1.193128543459137658e-01 2.386257086918275316e-02 9.999999999999996669e-01 9.068274063307562027e-01 2.329314841731095972e-02 0.000000000000000000e+00
1.747500000000000000e+02 8.757805683258541585e-01 1.242194316741457305e-01 2.484388633482914610e-02 9.999999999999998890e-01 9.030933300472743230e-01 2.422666748818140883e-02 0.000000000000000000e+00
1.748000000000000114e+02 8.707919928731029380e-01 1.292080071268966734e-01 2.584160142537933469e-02 9.999999999999995559e-01 8.993047483271294773e-01 2.517381291821763414e-02 0.000000000000000000e+00
1.748500000000000227e+02 8.657227194351657662e-01 1.342772805648337342e-01 2.685545611296674684e-02 9.999999999999995559e-01 8.954630382025489110e-01 2.613424044936277571e-02 0.000000000000000000e+00
1.749000000000000057e+02 8.605740658489801076e-01 1.394259341510195593e-01 2.788518683020391187e-02 9.999999999999996669e-01 8.915695878984000178e-01 2.710760302540000943e-02 0.000000000000000000e+00
1.749500000000000171e+02 8.553473668919333583e-01 1.446526331080663641e-01 2.893052662161327282e-02 9.999999999999997780e-01 8.876257956416904182e-01 2.809355108957742320e-02 0.000000000000000000e+00
1.750000000000000000e+02 8.500439741837091390e-01 1.499560258162907500e-01 2.999120516325815000e-02 9.999999999999998890e-01 8.836330694925831342e-01 2.909173262685422687e-02 0.000000000000000000e+00
1.750500000000000114e+02 8.446652556882214835e-01 1.553347443117783500e-01 3.106694886235566999e-02 9.999999999999997780e-01 8.795928263404662051e-01 3.010179341488346955e-02 0.000000000000000000e+00
1.751000000000000227e+02 8.392125952861952953e-01 1.607874047138044271e-01 3.215748094276088542e-02 9.999999999999997780e-01 8.755064911633921865e-01 3.112337720915195685e-02 0.000000000000000000e+00
1.751500000000000057e+02 8.336873916706019072e-01 1.663126083293978152e-01 3.326252166587956305e-02 9.999999999999997780e-01 8.713754953841668094e-01 3.215612615395831847e-02 0.000000000000000000e+00
1.752000000000000171e+02 8.280910582341929338e-01 1.719089417658067886e-01 3.438178835316135773e-02 9.999999999999997780e-01 8.672012766945541573e-01 3.319968082636149537e-02 0.000000000000000000e+00
1.752500000000000000e+02 8.224250226239318007e-01 1.775749773760679218e-01 3.551499547521358435e-02 9.999999999999997780e-01 8.629852782593178118e-01 3.425368043517057481e-02 0.000000000000000000e+00
1.753000000000000114e+02 8.166907264994514026e-01 1.833092735005481533e-01 3.666185470010963066e-02 9.999999999999995559e-01 8.587289481307994743e-01 3.531776296730014530e-02 0.000000000000000000e+00
1.753500000000000227e+02 8.108896243646993574e-01 1.891103756353001986e-01 3.782207512706003971e-02 9.999999999999995559e-01 8.544337376091889480e-01 3.639156559770277688e-02 0.000000000000000000e+00
1.754000000000000057e+02 8.050231831281088324e-01 1.949768168718907235e-01 3.899536337437814471e-02 9.999999999999995559e-01 8.501011005982903601e-01 3.747472485042743773e-02 0.000000000000000000e+00
1.754500000000000171e+02 7.990928819448289699e-01 2.009071180551705305e-01 4.018142361103410609e-02 9.999999999999995559e-01 8.457324933509178244e-01 3.856687666227055777e-02 0.000000000000000000e+00
1.755000000000000000e+02 7.931002117258406647e-01 2.068997882741588357e-01 4.137995765483176713e-02 9.999999999999995559e-01 8.413293735019254926e-01 3.966765662451864766e-02 0.000000000000000000e+00
1.755500000000000114e+02 7.870466745959949773e-01 2.129533254040047452e-01 4.259066508080094904e-02 9.999999999999997780e-01 8.368931992965150668e-01 4.077670017587126106e-02 0.000000000000000000e+00
1.756000000000000227e+02 7.809337827874579530e-01 2.190662172125418250e-01 4.381324344250836500e-02 9.999999999999997780e-01 8.324254280883671697e-01 4.189364297790822145e-02 0.000000000000000000e+00
1.756500000000000057e+02 7.747630585786208224e-01 2.252369414213789556e-01 4.504738828427579111e-02 9.999999999999997780e-01 8.279275162518472397e-01 4.301812093703823864e-02 0.000000000000000000e+00
1.757000000000000171e+02 7.685360338288836912e-01 2.314639661711159757e-01 4.629279323422319514e-02 9.999999999999996669e-01 8.234009184328654474e-01 4.414977039178369367e-02 0.000000000000000000e+00
1.757500000000000000e+02 7.622542497973733289e-01 2.377457502026264491e-01 4.754915004052528982e-02 9.999999999999997780e-01 8.188470870764813503e-01 4.528822823087969712e-02 0.000000000000000000e+00
1.758000000000000114e+02 7.559192559338724360e-01 2.440807440661271754e-01 4.881614881322543509e-02 9.999999999999995559e-01 8.142674709242063713e-01 4.643313226894846268e-02 0.000000000000000000e+00
1.758500000000000227e+02 7.495326093571544890e-01 2.504673906428450669e-01 5.009347812856901339e-02 9.999999999999995559e-01 8.096635143306588622e-01 4.758412141733531914e-02 0.000000000000000000e+00
1.759000000000000057e+02 7.430958747718320323e-01 2.569041252281675791e-01 5.138082504563351582e-02 9.999999999999995559e-01 8.050366571480579436e-01 4.874083571298554185e-02 0.000000000000000000e+00
1.759500000000000171e+02 7.366106239323344518e-01 2.633893760676653262e-01 5.267787521353306524e-02 9.999999999999997780e-01 8.003883338352880683e-01 4.990291654117801068e-02 0.000000000000000000e+00
1.760000000000000000e+02 7.300784353862708187e-01 2.699215646137290148e-01 5.398431292274580295e-02 9.999999999999997780e-01 7.957199730606434596e-01 5.107000673483916980e-02 0.000000000000000000e+00
1.760500000000000114e+02 7.235008931368600571e-01 2.764991068631397764e-01 5.529982137262795527e-02 9.999999999999997780e-01 7.910329961295213819e-01 5.224175096761969617e-02 0.000000000000000000e+00
1.761000000000000227e+02 7.168795864768504611e-01 2.831204135231493724e-01 5.662408270462987447e-02 9.999999999999997780e-01 7.863288167774119541e-01 5.341779580564705310e-02 0.000000000000000000e+00
1.761500000000000057e+02 7.102161097774940535e-01 2.897838902225055580e-01 5.795677804450111159e-02 9.999999999999995559e-01 7.816088408902854834e-01 5.459778977742867773e-02 0.000000000000000000e+00
1.762000000000000171e+02 7.035120620770043409e-01 2.964879379229951040e-01 5.929758758459902079e-02 9.999999999999994449e-01 7.768744657852064694e-01 5.578138355369843121e-02 0.000000000000000000e+00
1.762500000000000000e+02 6.967690465123086430e-01 3.032309534876909130e-01 6.064619069753818259e-02 9.999999999999995559e-01 7.721270795951967747e-01 5.696823010120084102e-02 0.000000000000000000e+00
1.763000000000000114e+02 6.899886691996555133e-01 3.100113308003440982e-01 6.200226616006881963e-02 9.999999999999995559e-01 7.673680600367838167e-01 5.815798499080407358e-02 0.000000000000000000e+00
1.763500000000000227e+02 6.831725391963100469e-01 3.168274608036894535e-01 6.336549216073789070e-02 9.999999999999995559e-01 7.625987743650504136e-01 5.935030640873744517e-02 0.000000000000000000e+00
1.764000000000000057e+02 6.763222681686966720e-01 3.236777318313027729e-01 6.473554636626055458e-02 9.999999999999994449e-01 7.578205789678692517e-01 6.054485525803272872e-02 0.000000000000000000e+00
1.764500000000000171e+02 6.694394701661374736e-01 3.305605298338620823e-01 6.611210596677241647e-02 9.999999999999995559e-01 7.530348189185921415e-01 6.174129527035198545e-02 0.000000000000000000e+00
1.765000000000000000e+02 6.625257607545276262e-01 3.374742392454718742e-01 6.749484784909437485e-02 9.999999999999995559e-01 7.482428271559207200e-01 6.293929321101984775e-02 0.000000000000000000e+00
1.765500000000000114e+02 6.555827561566053285e-01 3.444172438433942829e-01 6.888344876867885658e-02 9.999999999999995559e-01 7.434459236159399742e-01 6.413851909601503420e-02 0.000000000000000000e+00
1.766000000000000227e+02 6.486120732480878948e-01 3.513879267519115501e-01 7.027758535038231003e-02 9.999999999999994449e-01 7.386454152279440244e-01 6.533864619301403553e-02 0.000000000000000000e+00
1.766500000000000057e+02 6.416153291562158856e-01 3.583846708437837814e-01 7.167693416875675627e-02 9.999999999999996669e-01 7.338425954800263940e-01 6.653935112999341539e-02 0.000000000000000000e+00
1.767000000000000171e+02 6.345941411882162209e-01 3.654058588117833906e-01 7.308117176235667811e-02 9.999999999999995559e-01 7.290387441947017155e-01 6.774031395132461275e-02 0.000000000000000000e+00
1.767500000000000000e+02 6.275501257876683336e-01 3.724498742123311112e-01 7.448997484246622225e-02 9.999999999999994449e-01 7.242351266461620751e-01 6.894121833845949510e-02 0.000000000000000000e+00
1.768000000000000114e+02 6.204848978527778280e-01 3.795151021472217834e-01 7.590302042944435668e-02 9.999999999999995559e-01 7.194329929484897246e-01 7.014175176287758273e-02 0.000000000000000000e+00
1.768500000000000227e+02 6.134000707358838733e-01 3.865999292641156271e-01 7.731998585282312542e-02 9.999999999999995559e-01 7.146335780552519612e-01 7.134160548618700970e-02 0.000000000000000000e+00
1.769000000000000057e+02 6.062972558462526029e-01 3.937027441537468975e-01 7.874054883074937949e-02 9.999999999999995559e-01 7.098381014008079415e-01 7.254047464979804238e-02 0.000000000000000000e+00
1.769500000000000171e+02 5.991780626450118330e-01 4.008219373549876119e-01 8.016438747099752238e-02 9.999999999999994449e-01 7.050477667869267107e-01 7.373805830326835009e-02 0.000000000000000000e+00
1.770000000000000000e+02 5.920440975961104302e-01 4.079559024038889592e-01 8.159118048077779184e-02 9.999999999999993339e-01 7.002637616117205477e-01 7.493405959706987696e-02 0.000000000000000000e+00
1.770500000000000114e+02 5.848969635367633479e-01 4.151030364632360414e-01 8.302060729264720829e-02 9.999999999999993339e-01 6.954872563859412216e-01 7.612818590351470849e-02 0.000000000000000000e+00
1.771000000000000227e+02 5.777382596774798262e-01 4.222617403225198407e-01 8.445234806450396814e-02 9.999999999999996669e-01 6.907194047329986430e-01 7.732014881675035312e-02 0.000000000000000000e+00
1.771500000000000057e+02 5.705695812675387613e-01 4.294304187324607391e-01 8.588608374649214783e-02 9.999999999999995559e-01 6.859613431605898759e-01 7.850966420985254490e-02 0.000000000000000000e+00
1.772000000000000171e+02 5.633925195789705187e-01 4.366074804210290372e-01 8.732149608420580744e-02 9.999999999999995559e-01 6.812141909942823759e-01 7.969645225142940603e-02 0.000000000000000000e+00
1.772500000000000000e+02 5.562086610058440961e-01 4.437913389941555709e-01 8.875826779883111417e-02 9.999999999999996669e-01 6.764790498213064662e-01 8.088023754467339732e-02 0.000000000000000000e+00
1.773000000000000114e+02 5.490195863760709560e-01 4.509804136239287109e-01 9.019608272478574218e-02 9.999999999999996669e-01 6.717570030612660670e-01 8.206074923468348326e-02 0.000000000000000000e+00
1.773500000000000227e+02 5.418268709513025527e-01 4.581731290486970587e-01 9.163462580973941174e-02 9.999999999999995559e-01 6.670491159660746350e-01 8.323772100848134126e-02 0.000000000000000000e+00
1.774000000000000057e+02 5.346320841916050171e-01 4.653679158083945389e-01 9.307358316167890777e-02 9.999999999999995559e-01 6.623564355204594190e-01 8.441089111988514526e-02 0.000000000000000000e+00
1.774500000000000171e+02 5.274367896719592830e-01 4.725632103280402729e-01 9.451264206560805459e-02 9.999999999999995559e-01 6.576799904223363802e-01 8.558000239441591883e-02 0.000000000000000000e+00
1.775000000000000000e+02 5.202425444531498799e-01 4.797574555468495094e-01 9.595149110936990189e-02 9.999999999999993339e-01 6.530207907604653750e-01 8.674480230988368401e-02 0.000000000000000000e+00
1.775500000000000114e+02 5.130508982606795110e-01 4.869491017393201560e-01 9.738982034786403119e-02 9.999999999999996669e-01 6.483798276320458243e-01 8.790504309198854394e-02 0.000000000000000000e+00
1.776000000000000227e+02 5.058633934770108143e-01 4.941366065229887972e-01 9.882732130459775943e-02 9.999999999999995559e-01 6.437580731392401612e-01 8.906048171518997358e-02 0.000000000000000000e+00
1.776500000000000057e+02 4.986815650068422978e-01 5.013184349931574246e-01 1.002636869986314738e-01 9.999999999999997780e-01 6.391564803716954790e-01 9.021087990707614412e-02 0.000000000000000000e+00
1.777000000000000171e+02 4.915069401175756747e-01 5.084930598824238812e-01 1.016986119764847762e-01 9.999999999999995559e-01 6.345759834791026011e-01 9.135600413022436361e-02 0.000000000000000000e+00
1.777500000000000000e+02 4.843410381357209915e-01 5.156589618642787309e-01 1.031317923728557462e-01 9.999999999999997780e-01 6.300174975332927252e-01 9.249562561667681870e-02 0.000000000000000000e+00
1.778000000000000114e+02 4.771853694878393504e-01 5.228146305121603721e-01 1.045629261024320633e-01 9.999999999999997780e-01 6.254819182378105191e-01 9.362952044054739797e-02 0.000000000000000000e+00
1.778500000000000227e+02 4.700414356596258059e-01 5.299585643403736945e-01 1.059917128680747389e-01 9.999999999999995559e-01 6.209701219179183385e-01 9.475746952052042926e-02 0.000000000000000000e+00
1.779000000000000057e+02 4.629107291404663260e-01 5.370892708595331744e-01 1.074178541719066349e-01 9.999999999999995559e-01 6.164829655305120726e-01 9.587925861737200961e-02 0.000000000000000000e+00
1.779500000000000171e+02 4.557947332115089289e-01 5.442052667884905715e-01 1.088410533576981143e-01 9.999999999999995559e-01 6.120212868522766358e-01 9.699467828693088267e-02 0.000000000000000000e+00
1.780000000000000000e+02 4.486949219451691895e-01 5.513050780548303109e-01 1.102610156109660733e-01 9.999999999999995559e-01 6.075859044747826676e-01 9.810352388130434698e-02 0.000000000000000000e+00
1.780500000000000114e+02 4.416127591871270575e-01 5.583872408128726095e-01 1.116774481625745219e-01 9.999999999999996669e-01 6.031776176531563616e-01 9.920559558671093736e-02 0.000000000000000000e+00
1.781000000000000227e+02 4.345496984340134206e-01 5.654503015659861909e-01 1.130900603131972382e-01 9.999999999999995559e-01 5.987972063019655344e-01 1.003006984245086441e-01 0.000000000000000000e+00
1.781500000000000057e+02 4.275071828243063865e-01 5.724928171756932249e-01 1.144985634351386450e-01 9.999999999999995559e-01 5.944454309995682584e-01 1.013886422501079493e-01 0.000000000000000000e+00
1.782000000000000171e+02 4.204866449289555441e-01 5.795133550710440673e-01 1.159026710142088135e-01 9.999999999999995559e-01 5.901230332475324580e-01 1.024692416881169271e-01 0.000000000000000000e+00
1.782500000000000000e+02 4.134895069283979208e-01 5.865104930716016352e-01 1.173020986143203381e-01 9.999999999999995559e-01 5.858307356045902026e-01 1.035423160988524771e-01 0.000000000000000000e+00
1.783000000000000114e+02 4.065171797180057722e-01 5.934828202819936172e-01 1.186965640563987234e-01 9.999999999999993339e-01 5.815692416613003068e-01 1.046076895846749649e-01 0.000000000000000000e+00
1.783500000000000227e+02 3.995710626304260771e-01 6.004289373695734788e-01 1.200857874739146847e-01 9.999999999999995559e-01 5.773392360908069509e-01 1.056651909772982900e-01 0.000000000000000000e+00
1.784000000000000057e+02 3.926525434355685462e-01 6.073474565644310097e-01 1.214694913128862019e-01 9.999999999999995559e-01 5.731413846488331298e-01 1.067146538377917592e-01 0.000000000000000000e+00
1.784500000000000171e+02 3.857629982250304623e-01 6.142370017749689826e-01 1.228474003549938076e-01 9.999999999999994449e-01 5.689763343787427319e-01 1.077559164053143725e-01 0.000000000000000000e+00
1.785000000000000000e+02 3.789037915281165958e-01 6.210962084718827381e-01 1.242192416943765365e-01 9.999999999999993339e-01 5.648447139937430306e-01 1.087888215015642701e-01 0.000000000000000000e+00
1.785500000000000114e+02 3.720762758112788893e-01 6.279237241887205556e-01 1.255847448377441222e-01 9.999999999999994449e-01 5.607471338433009933e-01 1.098132165391747933e-01 0.000000000000000000e+00
1.786000000000000227e+02 3.652817909611111857e-01 6.347182090388880926e-01 1.269436418077776185e-01 9.999999999999993339e-01 5.566841861205146236e-01 1.108289534698713857e-01 0.000000000000000000e+00
1.786500000000000057e+02 3.585216642814552657e-01 6.414783357185440682e-01 1.282956671437088247e-01 9.999999999999993339e-01 5.526564448642807825e-01 1.118358887839298321e-01 0.000000000000000000e+00
1.787000000000000171e+02 3.517972104523885979e-01 6.482027895476107915e-01 1.296405579095221694e-01 9.999999999999993339e-01 5.486644660563368969e-01 1.128338834859158035e-01 0.000000000000000000e+00
1.787500000000000000e+02 3.451097315560871515e-01 6.548902684439122934e-01 1.309780536887824587e-01 9.999999999999994449e-01 5.447087882029733041e-01 1.138228029492567017e-01 0.000000000000000000e+00
1.788000000000000114e+02 3.384605169754938969e-01 6.615394830245056035e-01 1.323078966049011096e-01 9.999999999999995559e-01 5.407899322975527889e-01 1.148025169256118305e-01 0.000000000000000000e+00
1.788500000000000227e+02 3.318508427240758341e-01 6.681491572759237219e-01 1.336298314551847555e-01 9.999999999999995559e-01 5.369084021843247845e-01 1.157728994539188178e-01 0.000000000000000000e+00
1.789000000000000057e+02 3.252819714001415896e-01 6.747180285998579663e-01 1.349436057199716044e-01 9.999999999999995559e-01 5.330646846045103970e-01 1.167338288488724285e-01 0.000000000000000000e+00
1.789500000000000171e+02 3.187551521802872156e-01 6.812448478197121737e-01 1.362489695639424458e-01 9.999999999999993339e-01 5.292592492144294614e-01 1.176851876963926485e-01 0.000000000000000000e+00
1.790000000000000000e+02 3.122716207936571120e-01 6.877283792063424439e-01 1.375456758412684777e-01 9.999999999999995559e-01 5.254925491685992212e-01 1.186268627078502225e-01 0.000000000000000000e+00
1.790500000000000114e+02 3.058325996828998306e-01 6.941674003170996698e-01 1.388334800634199451e-01 9.999999999999995559e-01 5.217650212436778512e-01 1.195587446890805650e-01 0.000000000000000000e+00
1.791000000000000227e+02 2.994392973677306724e-01 7.005607026322688835e-01 1.401121405264537656e-01 9.999999999999995559e-01 5.180770862095934737e-01 1.204807284476016455e-01 0.000000000000000000e+00
1.791500000000000057e+02 2.930929082974034205e-01 7.069070917025960243e-01 1.413814183405192049e-01 9.999999999999994449e-01 5.144291490164663028e-01 1.213927127458834521e-01 0.000000000000000000e+00
1.792000000000000171e+02 2.867946128506996262e-01 7.132053871492999297e-01 1.426410774298599859e-01 9.999999999999995559e-01 5.108215987946020942e-01 1.222946003013494903e-01 0.000000000000000000e+00
1.792500000000000000e+02 2.805455773186671942e-01 7.194544226813324173e-01 1.438908845362664723e-01 9.999999999999995559e-01 5.072548091993778208e-01 1.231862977001555448e-01 0.000000000000000000e+00
1.793000000000000114e+02 2.743469541099969322e-01 7.256530458900025682e-01 1.451306091780005247e-01 9.999999999999995559e-01 5.037291389560349941e-01 1.240677152609912515e-01 0.000000000000000000e+00
1.793500000000000227e+02 2.681998813779707946e-01 7.318001186220285392e-01 1.463600237244057078e-01 9.999999999999993339e-01 5.002449319570004826e-01 1.249387670107498932e-01 0.000000000000000000e+00
1.794000000000000057e+02 2.621054827145042343e-01 7.378945172854953771e-01 1.475789034570990643e-01 9.999999999999995559e-01 4.968025177290257832e-01 1.257993705677435681e-01 0.000000000000000000e+00
1.794500000000000171e+02 2.560648671487590899e-01 7.439351328512402439e-01 1.487870265702480599e-01 9.999999999999993339e-01 4.934022114373299850e-01 1.266494471406675038e-01 0.000000000000000000e+00
1.795000000000000000e+02 2.500791291419838802e-01 7.499208708580153981e-01 1.499841741716030907e-01 9.999999999999993339e-01 4.900443140109550511e-01 1.274889214972612650e-01 0.000000000000000000e+00
1.795500000000000114e+02 2.441493487488411718e-01 7.558506512511581343e-01 1.511701302502316269e-01 9.999999999999993339e-01 4.867291129149148854e-01 1.283177217712712925e-01 0.000000000000000000e+00
1.796000000000000227e+02 2.382765915483224528e-01 7.617234084516768533e-01 1.523446816903353818e-01 9.999999999999993339e-01 4.834568821264434435e-01 1.291357794683891391e-01 0.000000000000000000e+00
1.796500000000000057e+02 2.324619082353537314e-01 7.675380917646457135e-01 1.535076183529291427e-01 9.999999999999994449e-01 4.802278827594921862e-01 1.299430293101269673e-01 0.000000000000000000e+00
1.797000000000000171e+02 2.267063345960853293e-01 7.732936654039140878e-01 1.546587330807828176e-01 9.999999999999994449e-01 4.770423631440104950e-01 1.307394092139974040e-01 0.000000000000000000e+00
1.797500000000000000e+02 2.210108915070791435e-01 7.789891084929201348e-01 1.557978216985840270e-01 9.999999999999993339e-01 4.739005588431636773e-01 1.315248602892091223e-01 0.000000000000000000e+00
1.798000000000000114e+02 2.153765850319618314e-01 7.846234149680375580e-01 1.569246829936075116e-01 9.999999999999993339e-01 4.708026933350277221e-01 1.322993266662431111e-01 0.000000000000000000e+00
1.798500000000000227e+02 2.098044065772890210e-01 7.901955934227102851e-01 1.580391186845420681e-01 9.999999999999993339e-01 4.677489781731524188e-01 1.330627554567119231e-01 0.000000000000000000e+00
1.799000000000000057e+02 2.042953324990511021e-01 7.957046675009482595e-01 1.591409335001896519e-01 9.999999999999993339e-01 4.647396135047592858e-01 1.338150966238102202e-01 0.000000000000000000e+00
1.799500000000000171e+02 1.988503240261202121e-01 8.011496759738792051e-01 1.602299351947758521e-01 9.999999999999994449e-01 4.617747883369769935e-01 1.345563029157557933e-01 0.000000000000000000e+00
1.800000000000000000e+02 1.934703272602721624e-01 8.065296727397273102e-01 1.613059345479454509e-01 9.999999999999994449e-01 4.588546805368534653e-01 1.352863298657866475e-01 0.000000000000000000e+00
1.800500000000000114e+02 1.881562732225237344e-01 8.118437267774756272e-01 1.623687453554951143e-01 9.999999999999993339e-01 4.559794571934530083e-01 1.360051357016367757e-01 0.000000000000000000e+00
1.801000000000000227e+02 1.829090781004819588e-01 8.170909218995172640e-01 1.634181843799034639e-01 9.999999999999992228e-01 4.531492752189750228e-01 1.367126811952562859e-01 0.000000000000000000e+00
1.801500000000000057e+02 1.777296429927820720e-01 8.222703570072170676e-01 1.644540714014434135e-01 9.999999999999991118e-01 4.503642814876303024e-01 1.374089296280924521e-01 0.000000000000000000e+00
1.802000000000000171e+02 1.726188537610532925e-01 8.273811462389459859e-01 1.654762292477892083e-01 9.999999999999993339e-01 4.476246133889980605e-01 1.380938466527505126e-01 0.000000000000000000e+00
1.802500000000000000e+02 1.675775810295595802e-01 8.324224189704396704e-01 1.664844837940879230e-01 9.999999999999992228e-01 4.449303988342322436e-01 1.387674002914419669e-01 0.000000000000000000e+00
1.803000000000000114e+02 1.626066802017165080e-01 8.373933197982827981e-01 1.674786639596565485e-01 9.999999999999993339e-01 4.422817563894836379e-01 1.394295609026291183e-01 0.000000000000000000e+00
1.803500000000000227e+02 1.577069916972166919e-01 8.422930083027824200e-01 1.684586016605564840e-01 9.999999999999991118e-01 4.396787960447727239e-01 1.400803009888068329e-01 0.000000000000000000e+00
1.804000000000000057e+02 1.528793408832527234e-01 8.471206591167466105e-01 1.694241318233493110e-01 9.999999999999993339e-01 4.371216192144167789e-01 1.407195951963958191e-01 0.000000000000000000e+00
1.804500000000000171e+02 1.481245378729253714e-01 8.518754621270738792e-01 1.703750924254147647e-01 9.999999999999992228e-01 4.346103193944917953e-01 1.413474201513770789e-01 0.000000000000000000e+00
1.805000000000000000e+02 1.434433775198632188e-01 8.565566224801359763e-01 1.713113244960272064e-01 9.999999999999992228e-01 4.321449822385504680e-01 1.419637544403624108e-01 0.000000000000000000e+00
1.805500000000000114e+02 1.388366394213806920e-01 8.611633605786186418e-01 1.722326721157237395e-01 9.999999999999993339e-01 4.297256855856363966e-01 1.425685786035909008e-01 0.000000000000000000e+00
1.806000000000000227e+02 1.343050880954012316e-01 8.656949119045981300e-01 1.731389823809196260e-01 9.999999999999993339e-01 4.273525001307166837e-01 1.431618749673208568e-01 0.000000000000000000e+00
1.806500000000000057e+02 1.298494730762339566e-01 8.701505269237654883e-01 1.740301053847531088e-01 9.999999999999994449e-01 4.250254895390706000e-01 1.437436276152323500e-01 0.000000000000000000e+00
1.807000000000000171e+02 1.254705287005990211e-01 8.745294712994002850e-01 1.749058942598800681e-01 9.999999999999993339e-01 4.227447109983795692e-01 1.443138222504051216e-01 0.000000000000000000e+00
1.807500000000000000e+02 1.211689740922172742e-01 8.788310259077822817e-01 1.757662051815564452e-01 9.999999999999995559e-01 4.205102154261234904e-01 1.448724461434691413e-01 0.000000000000000000e+00
1.808000000000000114e+02 1.169455131617955640e-01 8.830544868382037560e-01 1.766108973676407401e-01 9.999999999999993339e-01 4.183220474696226487e-01 1.454194881325943378e-01 0.000000000000000000e+00
1.808500000000000227e+02 1.128008347144410645e-01 8.871991652855582000e-01 1.774398330571116400e-01 9.999999999999992228e-01 4.161802459414414290e-01 1.459549385146396427e-01 0.000000000000000000e+00
1.809000000000000057e+02 1.087356126526481809e-01 8.912643873473511391e-01 1.782528774694702167e-01 9.999999999999993339e-01 4.140848441937364233e-01 1.464787889515658803e-01 0.000000000000000000e+00
1.809500000000000171e+02 1.047505057885444735e-01 8.952494942114550547e-01 1.790498988422909998e-01 9.999999999999995559e-01 4.120358704106275582e-01 1.469910323973431243e-01 0.000000000000000000e+00
1.810000000000000000e+02 1.008461578176193807e-01 8.991538421823799254e-01 1.798307684364759962e-01 9.999999999999993339e-01 4.100333479828895955e-01 1.474916630042776011e-01 0.000000000000000000e+00
1.810500000000000114e+02 9.702319731870612252e-02 9.029768026812932114e-01 1.805953605362586312e-01 9.999999999999993339e-01 4.080772955079429720e-01 1.479806761230142709e-01 0.000000000000000000e+00
1.811000000000000227e+02 9.328223781085559496e-02 9.067177621891436834e-01 1.813435524378287367e-01 9.999999999999993339e-01 4.061677270155191199e-01 1.484580682461202061e-01 0.000000000000000000e+00
1.811500000000000057e+02 8.962387799306206770e-02 9.103761220069372939e-01 1.820752244013874588e-01 9.999999999999993339e-01 4.043046525219409770e-01 1.489238368695147419e-01 0.000000000000000000e+00
1.812000000000000171e+02 8.604870161417331464e-02 9.139512983858257833e-01 1.827902596771651678e-01 9.999999999999991118e-01 4.024880781202523905e-01 1.493779804699368885e-01 0.000000000000000000e+00
1.812500000000000000e+02 8.255727743409833896e-02 9.174427225659009810e-01 1.834885445131801962e-01 9.999999999999993339e-01 4.007180064523968577e-01 1.498204983869007856e-01 0.000000000000000000e+00
1.813000000000000114e+02 7.915015922502544043e-02 9.208498407749737824e-01 1.841699681549947565e-01 9.999999999999992228e-01 3.989944367224500521e-01 1.502513908193874592e-01 0.000000000000000000e+00
1.813500000000000227e+02 7.582788580145802260e-02 9.241721141985412835e-01 1.848344228397082456e-01 9.999999999999993339e-01 3.973173648131035351e-01 1.506706587967241162e-01 0.000000000000000000e+00
1.814000000000000057e+02 7.259098124655846695e-02 9.274090187534409502e-01 1.854818037506881789e-01 9.999999999999994449e-01 3.956867838418055561e-01 1.510783040395486110e-01 0.000000000000000000e+00
1.814500000000000171e+02 6.943995484735226986e-02 9.305600451526472305e-01 1.861120090305294350e-01 9.999999999999995559e-01 3.941026842067936742e-01 1.514743289483015676e-01 0.000000000000000000e+00
1.815000000000000000e+02 6.637530104561020772e-02 9.336246989543892649e-01 1.867249397908778419e-01 9.999999999999994449e-01 3.925650540435361435e-01 1.518587364891159641e-01 0.000000000000000000e+00
1.815500000000000114e+02 6.339749944135092408e-02 9.366025005586484653e-01 1.873205001117296820e-01 9.999999999999993339e-01 3.910738792636891392e-01 1.522315301840777013e-01 0.000000000000000000e+00
1.816000000000000227e+02 6.050701481020697575e-02 9.394929851897924067e-01 1.878985970379584702e-01 9.999999999999993339e-01 3.896291436198727198e-01 1.525927140950318062e-01 0.000000000000000000e+00
1.816500000000000057e+02 5.770429730080095521e-02 9.422957026991982676e-01 1.884591405398396424e-01 9.999999999999992228e-01 3.882308291943143419e-01 1.529422927014214284e-01 0.000000000000000000e+00
1.817000000000000171e+02 5.498978241496175340e-02 9.450102175850374486e-01 1.890020435170075008e-01 9.999999999999992228e-01 3.868789164553084192e-01 1.532802708861728813e-01 0.000000000000000000e+00
1.817500000000000000e+02 5.236389095702478208e-02 9.476361090429743506e-01 1.895272218085948812e-01 9.999999999999991118e-01 3.855733846492221950e-01 1.536066538376944512e-01 0.000000000000000000e+00
1.818000000000000114e+02 4.982702903912487880e-02 9.501729709608743857e-01 1.900345941921748882e-01 9.999999999999992228e-01 3.843142118567435817e-01 1.539214470358140907e-01 0.000000000000000000e+00
1.818500000000000227e+02 4.737958809386306341e-02 9.526204119061359998e-01 1.905240823812272000e-01 9.999999999999991118e-01 3.831013750370400039e-01 1.542246562407399990e-01 0.000000000000000000e+00
1.819000000000000057e+02 4.502194504451462881e-02 9.549780549554844900e-01 1.909956109910969091e-01 9.999999999999991118e-01 3.819348504366264496e-01 1.545162873908433876e-01 0.000000000000000000e+00
1.819500000000000171e+02 4.275446230201900011e-02 9.572455376979802644e-01 1.914491075395960418e-01 9.999999999999992228e-01 3.808146136571243234e-01 1.547963465857188914e-01 0.000000000000000000e+00
1.820000000000000000e+02 4.057748772126543862e-02 9.594225122787336524e-01 1.918845024557467305e-01 9.999999999999991118e-01 3.797406399727051851e-01 1.550648400068236898e-01 0.000000000000000000e+00
1.820500000000000114e+02 3.849135460693227373e-02 9.615086453930667965e-01 1.923017290786133704e-01 9.999999999999991118e-01 3.787129043847639598e-01 1.553217739038089962e-01 0.000000000000000000e+00
1.821000000000000227e+02 3.649638172659784574e-02 9.635036182734011412e-01 1.927007236546802171e-01 9.999999999999990008e-01 3.777313816630966659e-01 1.555671545842258197e-01 0.000000000000000000e+00
1.821500000000000057e+02 3.459287345992634322e-02 9.654071265400726576e-01 1.930814253080145315e-01 9.999999999999990008e-01 3.767960466824694654e-01 1.558009883293826336e-01 0.000000000000000000e+00
1.822000000000000171e+02 3.278111978752398098e-02 9.672188802124750406e-01 1.934437760424950192e-01 9.999999999999990008e-01 3.759068744857461120e-01 1.560232813785634720e-01 0.000000000000000000e+00
1.822500000000000000e+02 3.106139626065719528e-02 9.689386037393419304e-01 1.937877207478683750e-01 9.999999999999991118e-01 3.750638405295255162e-01 1.562340398676186071e-01 0.000000000000000000e+00
1.823000000000000114e+02 2.943396400608326580e-02 9.705660359939158877e-01 1.941132071987831664e-01 9.999999999999991118e-01 3.742669207207265925e-01 1.564332698198183380e-01 0.000000000000000000e+00
1.823500000000000227e+02 2.789906974493868916e-02 9.721009302550600584e-01 1.944201860510120228e-01 9.999999999999987788e-01 3.735160914680473732e-01 1.566209771329881428e-01 0.000000000000000000e+00
1.824000000000000057e+02 2.645694592123686364e-02 9.735430540787620712e-01 1.947086108157524142e-01 9.999999999999988898e-01 3.728113299483155618e-01 1.567971675129211095e-01 0.000000000000000000e+00
1.824500000000000171e+02 2.510781066829410532e-02 9.748921893317047394e-01 1.949784378663409479e-01 9.999999999999988898e-01 3.721526141556770750e-01 1.569618464610807451e-01 0.000000000000000000e+00
1.825000000000000000e+02 2.385186779549180319e-02 9.761481322045071352e-01 1.952296264409014159e-01 9.999999999999988898e-01 3.715399230733771874e-01 1.571150192316557170e-01 0.000000000000000000e+00
1.825500000000000114e+02 2.268930679082703170e-02 9.773106932091718546e-01 1.954621386418343709e-01 9.999999999999988898e-01 3.709732366879723298e-01 1.572566908280069176e-01 0.000000000000000000e+00
1.826000000000000227e+02 2.162030285410451377e-02 9.783796971458944558e-01 1.956759394291788801e-01 9.999999999999990008e-01 3.704525360655502864e-01 1.573868659836124562e-01 0.000000000000000000e+00
1.826500000000000057e+02 2.064501698830580392e-02 9.793549830116932142e-01 1.958709966023386428e-01 9.999999999999990008e-01 3.699778035283355915e-01 1.575055491179161160e-01 0.000000000000000000e+00
1.827000000000000171e+02 1.976359595022303059e-02 9.802364040497759667e-01 1.960472808099552045e-01 9.999999999999990008e-01 3.695490226971500092e-01 1.576127443257125116e-01 0.000000000000000000e+00
1.827500000000000000e+02 1.897617225164577315e-02 9.810238277483531721e-01 1.962047655496706455e-01 9.999999999999988898e-01 3.691661785817185737e-01 1.577084553545703705e-01 0.000000000000000000e+00
1.828000000000000114e+02 1.828286416107209600e-02 9.817171358389267244e-01 1.963434271677853560e-01 9.999999999999987788e-01 3.688292575850009025e-01 1.577926856037497882e-01 0.000000000000000000e+00
1.828500000000000227e+02 1.768377575868432944e-02 9.823162242413143730e-01 1.964632448482628857e-01 9.999999999999986677e-01 3.685382476052705969e-01 1.578654380986823647e-01 0.000000000000000000e+00
1.829000000000000057e+02 1.717899695659367426e-02 9.828210030434050282e-01 1.965642006086810167e-01 9.999999999999986677e-01 3.682931380986659287e-01 1.579267154753335178e-01 0.000000000000000000e+00
1.829500000000000171e+02 1.676860346827146325e-02 9.832313965317274196e-01 1.966462793063454839e-01 9.999999999999988898e-01 3.680939201204493361e-01 1.579765199698876521e-01 0.000000000000000000e+00
1.830000000000000000e+02 1.645265681110546704e-02 9.835473431888932527e-01 1.967094686377786616e-01 9.999999999999986677e-01 3.679405863441305713e-01 1.580148534139673433e-01 0.000000000000000000e+00
1.830500000000000114e+02 1.623120432026964322e-02 9.837687956797291911e-01 1.967537591359458382e-01 9.999999999999988898e-01 3.678331310814841326e-01 1.580417172296289530e-01 0.000000000000000000e+00
1.831000000000000227e+02 1.610427918947291218e-02 9.838957208105258978e-01 1.967791441621051796e-01 9.999999999999987788e-01 3.677715503487948290e-01 1.580571124128012928e-01 0.000000000000000000e+00
1.831500000000000057e+02 1.607190044073488269e-02 9.839280995592638579e-01 1.967856199118527827e-01 9.999999999999987788e-01 3.677558418573576016e-01 1.580610395356605857e-01 0.000000000000000000e+00
1.832000000000000171e+02 1.613407292139873786e-02 9.838659270786000999e-01 1.967731854157200311e-01 9.999999999999988898e-01 3.677860050206699372e-01 1.580534987448325157e-01 0.000000000000000000e+00
1.832500000000000000e+02 1.629078730862240296e-02 9.837092126913765666e-01 1.967418425382753133e-01 9.999999999999990008e-01 3.678620409560346416e-01 1.580344897609913535e-01 0.000000000000000000e+00
1.833000000000000114e+02 1.654202012918948653e-02 9.834579798708092957e-01 1.966915959741618591e-01 9.999999999999987788e-01 3.679839524985026311e-01 1.580040118753743283e-01 0.000000000000000000e+00
1.833500000000000227e+02 1.688773373970945541e-02 9.831122662602892470e-01 1.966224532520578494e-01 9.999999999999986677e-01 3.681517441729491580e-01 1.579620639567627105e-01 0.000000000000000000e+00
1.834000000000000057e+02 1.732787632022087312e-02 9.826721236797780756e-01 1.965344247359556151e-01 9.999999999999990008e-01 3.683654221706871845e-01 1.579086444573282177e-01 0.000000000000000000e+00
1.834500000000000171e+02 1.786238187533318103e-02 9.821376181246654902e-01 1.964275236249330980e-01 9.999999999999986677e-01 3.686249943343921642e-01 1.578437514164019451e-01 0.000000000000000000e+00
1.835000000000000000e+02 1.849117023444945412e-02 9.815088297655494287e-01 1.963017659531098857e-01 9.999999999999988898e-01 3.689304701392335240e-01 1.577673824651916190e-01 0.000000000000000000e+00
1.835500000000000114e+02 1.921414703224287590e-02 9.807858529677560000e-01 1.961571705935512000e-01 9.999999999999988898e-01 3.692818606183379537e-01 1.576795348454154977e-01 0.000000000000000000e+00
1.836000000000000227e+02 2.003120370277455126e-02 9.799687962972242206e-01 1.959937592594448441e-01 9.999999999999987788e-01 3.696791783265989673e-01 1.575802054183502721e-01 0.000000000000000000e+00
1.836500000000000057e+02 2.094221747547262910e-02 9.790577825245261323e-01 1.958115565049052265e-01 9.999999999999987788e-01 3.701224373030500003e-01 1.574693906742374860e-01 0.000000000000000000e+00
1.837000000000000171e+02 2.194705136305962270e-02 9.780529486369393677e-01 1.956105897273878735e-01 9.999999999999990008e-01 3.706116530259790931e-01 1.573470867435052267e-01 0.000000000000000000e+00
1.837500000000000000e+02 2.304555413884338405e-02 9.769544458611554294e-01 1.953908891722310748e-01 9.999999999999987788e-01 3.711468422905339071e-01 1.572132894273665094e-01 0.000000000000000000e+00
1.838000000000000114e+02 2.423756032887674355e-02 9.757624396711219728e-01 1.951524879342244057e-01 9.999999999999986677e-01 3.717280231424087145e-01 1.570679942143978214e-01 0.000000000000000000e+00
1.838500000000000227e+02 2.552289020748978177e-02 9.744771097925088998e-01 1.948954219585017911e-01 9.999999999999986677e-01 3.723552148455827604e-01 1.569111962886043099e-01 0.000000000000000000e+00
1.839000000000000057e+02 2.690134977053405124e-02 9.730986502294647345e-01 1.946197300458929469e-01 9.999999999999987788e-01 3.730284377782581151e-01 1.567428905554354712e-01 0.000000000000000000e+00
1.839500000000000171e+02 2.837273071217627507e-02 9.716272692878225037e-01 1.943254538575645007e-01 9.999999999999987788e-01 3.737477133263497064e-01 1.565630716684126011e-01 0.000000000000000000e+00
1.840000000000000000e+02 2.993681040907711019e-02 9.700631895909217484e-01 1.940126379181843497e-01 9.999999999999988898e-01 3.745130637137404350e-01 1.563717340715649051e-01 0.000000000000000000e+00
1.840500000000000114e+02 3.159335191942951038e-02 9.684066480805695321e-01 1.936813296161138953e-01 9.999999999999990008e-01 3.753245119927241524e-01 1.561688720018189480e-01 0.000000000000000000e+00
1.841000000000000227e+02 3.334210395551270162e-02 9.666578960444862645e-01 1.933315792088972640e-01 9.999999999999990008e-01 3.761820819013914075e-01 1.559544795246521620e-01 0.000000000000000000e+00
1.841500000000000057e+02 3.518280084319414663e-02 9.648171991568046391e-01 1.929634398313609389e-01 9.999999999999987788e-01 3.770857977873950939e-01 1.557285505531512404e-01 0.000000000000000000e+00
1.842000000000000171e+02 3.711516250281536589e-02 9.628848374971834545e-01 1.925769674994367020e-01 9.999999999999987788e-01 3.780356843459182214e-01 1.554910789135204585e-01 0.000000000000000000e+00
1.842500000000000000e+02 3.913889444191202133e-02 9.608611055580867921e-01 1.921722211116173584e-01 9.999999999999987788e-01 3.790317665212766807e-01 1.552420583696808298e-01 0.000000000000000000e+00
1.843000000000000114e+02 4.125368775167184004e-02 9.587463122483269595e-01 1.917492624496653919e-01 9.999999999999987788e-01 3.800740694813963261e-01 1.549814826296509185e-01 0.000000000000000000e+00
1.843500000000000227e+02 4.345921904784369461e-02 9.565407809521551119e-01 1.913081561904310113e-01 9.999999999999987788e-01 3.811626183805002510e-01 1.547093454048749372e-01 0.000000000000000000e+00
1.844000000000000057e+02 4.575515043399829007e-02 9.542448495660005303e-01 1.908489699132001061e-01 9.999999999999987788e-01 3.822974382807546312e-01 1.544256404298113283e-01 0.000000000000000000e+00
1.844500000000000171e+02 4.814112948977978396e-02 9.518588705102191128e-01 1.903717741020438114e-01 9.999999999999988898e-01 3.834785537979064074e-01 1.541303615505233982e-01 0.000000000000000000e+00
1.845000000000000000e+02 5.061678926717354948e-02 9.493832107328253889e-01 1.898766421465650778e-01 9.999999999999988898e-01 3.847059890458802700e-01 1.538235027385299325e-01 0.000000000000000000e+00
1.845500000000000114e+02 5.318174828242516056e-02 9.468182517175736113e-01 1.893636503435147111e-01 9.999999999999987788e-01 3.859797675817890350e-01 1.535050581045527551e-01 0.000000000000000000e+00
1.846000000000000227e+02 5.583561042858144891e-02 9.441643895714174617e-01 1.888328779142834923e-01 9.999999999999988898e-01 3.872999120944262685e-01 1.531750219763934329e-01 0.000000000000000000e+00
1.846500000000000057e+02 5.857796494760496298e-02 9.414220350523938574e-01 1.882844070104787715e-01 9.999999999999987788e-01 3.886664443129875246e-01 1.528333889217531327e-01 0.000000000000000000e+00
1.847000000000000171e+02 6.140838642760702154e-02 9.385916135723917364e-01 1.877183227144783584e-01 9.999999999999987788e-01 3.900793845867400744e-01 1.524801538533149814e-01 0.000000000000000000e+00
1.847500000000000000e+02 6.432643480031184635e-02 9.356735651996870295e-01 1.871347130399373948e-01 9.999999999999988898e-01 3.915387518420913593e-01 1.521153120394771741e-01 0.000000000000000000e+00
1.848000000000000114e+02 6.733165533159091165e-02 9.326683446684078671e-01 1.865336689336815623e-01 9.999999999999987788e-01 3.930445635144148020e-01 1.517388591213963134e-01 0.000000000000000000e+00
1.848500000000000227e+02 7.042357851287436854e-02 9.295764214871243825e-01 1.859152842974248765e-01 9.999999999999987788e-01 3.945968351613220459e-01 1.513507912096694885e-01 0.000000000000000000e+00
1.849000000000000057e+02 7.360172003506733340e-02 9.263982799649315147e-01 1.852796559929862918e-01 9.999999999999988898e-01 3.961955803783891450e-01 1.509511049054027276e-01 0.000000000000000000e+00
1.849500000000000171e+02 7.686558080131572490e-02 9.231344191986828873e-01 1.846268838397365775e-01 9.999999999999986677e-01 3.978408103039999255e-01 1.505397974240000325e-01 0.000000000000000000e+00
1.850000000000000000e+02 8.021464692489142789e-02 9.197853530751074480e-01 1.839570706150214785e-01 9.999999999999988898e-01 3.995325335672698652e-01 1.501168666081825476e-01 0.000000000000000000e+00
1.850500000000000114e+02 8.364838972290099262e-02 9.163516102770976612e-01 1.832703220554195434e-01 9.999999999999986677e-01 4.012707562332616384e-01 1.496823109416846043e-01 0.000000000000000000e+00
1.851000000000000227e+02 8.716626559963946974e-02 9.128337344003591980e-01 1.825667468800718507e-01 9.999999999999986677e-01 4.030554813396443059e-01 1.492361296650889513e-01 0.000000000000000000e+00
1.851500000000000057e+02 9.076771600240894633e-02 9.092322839975897075e-01 1.818464567995179415e-01 9.999999999999986677e-01 4.048867088350545096e-01 1.487783227912363726e-01 0.000000000000000000e+00
1.852000000000000171e+02 9.445216746292636745e-02 9.055478325370722725e-01 1.811095665074144434e-01 9.999999999999986677e-01 4.067644350076097814e-01 1.483088912480975685e-01 0.000000000000000000e+00
1.852500000000000000e+02 9.821903159650213766e-02 9.017809684034966411e-01 1.803561936806993282e-01 9.999999999999987788e-01 4.086886523944939786e-01 1.478278369013765192e-01 0.000000000000000000e+00
1.853000000000000114e+02 1.020677051002728819e-01 8.979322948997257026e-01 1.795864589799451294e-01 9.999999999999985567e-01 4.106593497580401375e-01 1.473351625604899795e-01 0.000000000000000000e+00
1.853500000000000227e+02 1.059975696518920540e-01 8.940024303481064472e-01 1.788004860696212894e-01 9.999999999999984457e-01 4.126765115826057650e-01 1.468308721043485587e-01 0.000000000000000000e+00
1.854000000000000057e+02 1.100079918164383053e-01 8.899920081835601682e-01 1.779984016367120447e-01 9.999999999999984457e-01 4.147401179967955542e-01 1.463149705008011114e-01 0.000000000000000000e+00
1.854500000000000171e+02 1.140983231305610496e-01 8.859016768694374377e-01 1.771803353738874987e-01 9.999999999999984457e-01 4.168501441797178853e-01 1.457874639550705287e-01 0.000000000000000000e+00
1.855000000000000000e+02 1.182679001090462673e-01 8.817320998909522478e-01 1.763464199781904496e-01 9.999999999999985567e-01 4.190065601783298788e-01 1.452483599554175442e-01 0.000000000000000000e+00
1.855500000000000114e+02 1.225160442448230552e-01 8.774839557551755709e-01 1.754967911510351142e-01 9.999999999999986677e-01 4.212093309066877178e-01 1.446976672733280567e-01 0.000000000000000000e+00
1.856000000000000227e+02 1.268420619485201017e-01 8.731579380514784550e-01 1.746315876102956799e-01 9.999999999999985567e-01 4.234584157158610140e-01 1.441353960710347326e-01 0.000000000000000000e+00
1.856500000000000057e+02 1.312452443871867935e-01 8.687547556128116799e-01 1.737509511225623360e-01 9.999999999999984457e-01 4.257537681447130518e-01 1.435615579638217232e-01 0.000000000000000000e+00
1.857000000000000171e+02 1.357248676027544010e-01 8.642751323972441835e-01 1.728550264794488367e-01 9.999999999999985567e-01 4.280953354741159900e-01 1.429761661314709886e-01 0.000000000000000000e+00
1.857500000000000000e+02 1.402801925471845179e-01 8.597198074528139555e-01 1.719439614905627911e-01 9.999999999999984457e-01 4.304830583536602973e-01 1.423792354115848979e-01 0.000000000000000000e+00
1.858000000000000114e+02 1.449104650824894203e-01 8.550895349175091642e-01 1.710179069835018328e-01 9.999999999999985567e-01 4.329168708016654654e-01 1.417707822995836198e-01 0.000000000000000000e+00
1.858500000000000227e+02 1.496149159612004953e-01 8.503850840387980892e-01 1.700770168077596067e-01 9.999999999999985567e-01 4.353966999706141983e-01 1.411508250073464643e-01 0.000000000000000000e+00
1.859000000000000057e+02 1.543927606398632357e-01 8.456072393601352655e-01 1.691214478720270420e-01 9.999999999999984457e-01 4.379224655786845277e-01 1.405193836053288681e-01 0.000000000000000000e+00
1.859500000000000171e+02 1.592431993569322357e-01 8.407568006430663488e-01 1.681513601286132586e-01 9.999999999999985567e-01 4.404940797710916178e-01 1.398764800572270817e-01 0.000000000000000000e+00
1.860000000000000000e+02 1.641654172469333983e-01 8.358345827530653249e-01 1.671669165506130539e-01 9.999999999999986677e-01 4.431114464929215013e-01 1.392221383767696108e-01 0.000000000000000000e+00
1.860500000000000114e+02 1.691585843417701684e-01 8.308414156582283328e-01 1.661682831316456666e-01 9.999999999999984457e-01 4.457744614688096130e-01 1.385563846327975968e-01 0.000000000000000000e+00
1.861000000000000227e+02 1.742218555705927485e-01 8.257781444294056694e-01 1.651556288858811450e-01 9.999999999999984457e-01 4.484830121237212697e-01 1.378792469690696687e-01 0.000000000000000000e+00
1.861500000000000057e+02 1.793543706293279361e-01 8.206456293706707594e-01 1.641291258741341408e-01 9.999999999999986677e-01 4.512369768830508110e-01 1.371907557792372834e-01 0.000000000000000000e+00
1.862000000000000171e+02 1.845552539196554376e-01 8.154447460803428971e-01 1.630889492160685905e-01 9.999999999999983347e-01 4.540362251448841202e-01 1.364909437137789561e-01 0.000000000000000000e+00
1.862500000000000000e+02 1.898236147824209907e-01 8.101763852175775105e-01 1.620352770435155021e-01 9.999999999999984457e-01 4.568806165661434271e-01 1.357798458584641155e-01 0.000000000000000000e+00
1.863000000000000114e+02 1.951585475180433182e-01 8.048414524819552662e-01 1.609682904963910532e-01 9.999999999999985567e-01 4.597700009382730268e-01 1.350574997654317155e-01 0.000000000000000000e+00
1.863500000000000227e+02 2.005591313869233561e-01 7.994408686130751729e-01 1.598881737226150457e-01 9.999999999999985567e-01 4.627042181834735146e-01 1.343239454541315936e-01 0.000000000000000000e+00
1.864000000000000057e+02 2.060244305768031969e-01 7.939755694231953598e-01 1.587951138846390720e-01 9.999999999999985567e-01 4.656830977963014595e-01 1.335792255509246351e-01 0.000000000000000000e+00
1.864500000000000171e+02 2.115534939973872930e-01 7.884465060026111249e-01 1.576893012005222139e-01 9.999999999999984457e-01 4.687064585903616409e-01 1.328233853524095620e-01 0.000000000000000000e+00
1.865000000000000000e+02 2.171453555710915750e-01 7.828546444289069539e-01 1.565709288857813908e-01 9.999999999999985567e-01 4.717741082130232910e-01 1.320564729467441634e-01 0.000000000000000000e+00
1.865500000000000114e+02 2.227990343372242554e-01 7.772009656627743013e-01 1.554401931325548603e-01 9.999999999999985567e-01 4.748858427857249875e-01 1.312785393035687254e-01 0.000000000000000000e+00
1.866000000000000227e+02 2.285135344519636791e-01 7.714864655480346833e-01 1.542972931096069367e-01 9.999999999999983347e-01 4.780414469039626635e-01 1.304896382740093064e-01 0.000000000000000000e+00
1.866500000000000057e+02 2.342878451999701739e-01 7.657121548000280775e-01 1.531424309600056266e-01 9.999999999999982236e-01 4.812406934096514766e-01 1.296898266475871309e-01 0.000000000000000000e+00
1.867000000000000171e+02 2.401209408183410110e-01 7.598790591816573237e-01 1.519758118363314647e-01 9.999999999999983347e-01 4.844833427066861375e-01 1.288791643233284656e-01 0.000000000000000000e+00
1.867500000000000000e+02 2.460117806204422664e-01 7.539882193795560683e-01 1.507976438759112137e-01 9.999999999999983347e-01 4.877691426999142266e-01 1.280577143250214434e-01 0.000000000000000000e+00
1.868000000000000114e+02 2.519593093015564111e-01 7.480406906984418125e-01 1.496081381396883736e-01 9.999999999999982236e-01 4.910978281672138124e-01 1.272255429581965469e-01 0.000000000000000000e+00
1.868500000000000227e+02 2.579624569467366402e-01 7.420375430532616390e-01 1.484075086106523278e-01 9.999999999999982236e-01 4.944691207308910541e-01 1.263827198172772504e-01 0.000000000000000000e+00
1.869000000000000057e+02 2.640201390404172677e-01 7.359798609595811225e-01 1.471959721919162134e-01 9.999999999999984457e-01 4.978827288129354378e-01 1.255293177967661267e-01 0.000000000000000000e+00
1.869500000000000171e+02 2.701312564348914425e-01 7.298687435651068922e-01 1.459737487130213784e-01 9.999999999999983347e-01 5.013383469322524322e-01 1.246654132669368781e-01 0.000000000000000000e+00
1.870000000000000000e+02 2.762946952031339332e-01 7.237053047968644570e-01 1.447410609593728914e-01 9.999999999999984457e-01 5.048356556297899367e-01 1.237910860925525020e-01 0.000000000000000000e+00
1.870500000000000114e+02 2.825093271351983293e-01 7.174906728648000609e-01 1.434981345729600122e-01 9.999999999999984457e-01 5.083743209057561829e-01 1.229064197735609543e-01 0.000000000000000000e+00
1.871000000000000227e+02 2.887740098193786742e-01 7.112259901806197160e-01 1.422451980361239543e-01 9.999999999999984457e-01 5.119539940573540893e-01 1.220115014856614777e-01 0.000000000000000000e+00
1.871500000000000057e+02 2.950875866422200677e-01 7.049124133577783224e-01 1.409824826715556645e-01 9.999999999999984457e-01 5.155743116787874225e-01 1.211064220803031305e-01 0.000000000000000000e+00
1.872000000000000171e+02 3.014488868478578110e-01 6.985511131521404682e-01 1.397102226304280936e-01 9.999999999999982236e-01 5.192348952831190578e-01 1.201912761792202494e-01 0.000000000000000000e+00
1.872500000000000000e+02 3.078567253196608511e-01 6.921432746803374281e-01 1.384286549360674856e-01 9.999999999999982236e-01 5.229353508124766625e-01 1.192661622968808482e-01 0.000000000000000000e+00
1.873000000000000114e+02 3.143099029772683517e-01 6.856900970227299830e-01 1.371380194045460077e-01 9.999999999999983347e-01 5.266752684852981092e-01 1.183311828786755004e-01 0.000000000000000000e+00
1.873500000000000227e+02 3.208072071010077964e-01 6.791927928989904828e-01 1.358385585797980966e-01 9.999999999999982236e-01 5.304542224080279755e-01 1.173864443979930200e-01 0.000000000000000000e+00
1.874000000000000057e+02 3.273474113322880630e-01 6.726525886677103827e-01 1.345305177335420765e-01 9.999999999999984457e-01 5.342717705743278422e-01 1.164320573564180533e-01 0.000000000000000000e+00
1.874500000000000171e+02 3.339292757148512036e-01 6.660707242851471310e-01 1.332141448570294262e-01 9.999999999999983347e-01 5.381274547643549733e-01 1.154681363089112706e-01 0.000000000000000000e+00
1.875000000000000000e+02 3.405515466647507372e-01 6.594484533352475975e-01 1.318896906670495306e-01 9.999999999999983347e-01 5.420207998798624027e-01 1.144948000300344271e-01 0.000000000000000000e+00
1.875500000000000114e+02 3.472129569821443273e-01 6.527870430178539518e-01 1.305574086035707904e-01 9.999999999999982236e-01 5.459513139390832492e-01 1.135121715152291877e-01 0.000000000000000000e+00
1.876000000000000227e+02 3.539122265122063848e-01 6.460877734877921164e-01 1.292175546975584122e-01 9.999999999999984457e-01 5.499184876863653093e-01 1.125203780784086866e-01 0.000000000000000000e+00
1.876500000000000057e+02 3.606480621952073973e-01 6.393519378047909374e-01 1.278703875609581986e-01 9.999999999999983347e-01 5.539217945392621578e-01 1.115195513651844605e-01 0.000000000000000000e+00
1.877000000000000171e+02 3.674191580724631145e-01 6.325808419275352756e-01 1.265161683855070551e-01 9.999999999999984457e-01 5.579606905822024343e-01 1.105098273544494053e-01 0.000000000000000000e+00
1.877500000000000000e+02 3.742241954330755016e-01 6.257758045669228331e-01 1.251551609133845777e-01 9.999999999999983347e-01 5.620346141249473737e-01 1.094913464687631566e-01 0.000000000000000000e+00
1.878000000000000114e+02 3.810618425573132351e-01 6.189381574426853216e-01 1.237876314885370532e-01 9.999999999999985567e-01 5.661429854435579001e-01 1.084642536391105250e-01 0.000000000000000000e+00
1.878500000000000227e+02 3.879307554770043964e-01 6.120692445229941603e-01 1.224138489045988321e-01 9.999999999999985567e-01 5.702852066615657911e-01 1.074286983346085383e-01 0.000000000000000000e+00
1.879000000000000057e+02 3.948295782383290931e-01 6.051704217616693526e-01 1.210340843523338705e-01 9.999999999999984457e-01 5.744606616164668056e-01 1.063848345958832986e-01 0.000000000000000000e+00
1.879500000000000171e+02 4.017569429018312821e-01 5.982430570981672746e-01 1.196486114196334549e-01 9.999999999999985567e-01 5.786687158597271230e-01 1.053328210350682054e-01 0.000000000000000000e+00
1.880000000000000000e+02 4.087114696623321830e-01 5.912885303376663737e-01 1.182577060675332747e-01 9.999999999999985567e-01 5.829087165210462551e-01 1.042728208697384362e-01 0.000000000000000000e+00
1.880500000000000114e+02 4.156917667790450133e-01 5.843082332209534879e-01 1.168616466441906865e-01 9.999999999999984457e-01 5.871799918090083725e-01 1.032050020477478930e-01 0.000000000000000000e+00
1.881000000000000227e+02 4.226964309146995502e-01 5.773035690852990065e-01 1.154607138170598013e-01 9.999999999999985567e-01 5.914818510996644463e-01 1.021295372250838884e-01 0.000000000000000000e+00
1.881500000000000057e+02 4.297240478466022306e-01 5.702759521533962150e-01 1.140551904306792430e-01 9.999999999999984457e-01 5.958135848420370584e-01 1.010466037894907493e-01 0.000000000000000000e+00
1.882000000000000171e+02 4.367731924813778033e-01 5.632268075186208645e-01 1.126453615037241729e-01 9.999999999999986677e-01 6.001744645523010568e-01 9.995638386192474967e-02 0.000000000000000000e+00
1.882500000000000000e+02 4.438424289021039026e-01 5.561575710978944320e-01 1.112315142195788864e-01 9.999999999999983347e-01 6.045637427973632461e-01 9.885906430065920236e-02 0.000000000000000000e+00
1.883000000000000114e+02 4.509303105612012530e-01 5.490696894387971927e-01 1.098139378877594496e-01 9.999999999999984457e-01 6.089806528520254059e-01 9.775483678699364853e-02 0.000000000000000000e+00
1.883500000000000227e+02 4.580353801598256447e-01 5.419646198401728565e-01 1.083929239680345713e-01 9.999999999999984457e-01 6.134244086013894703e-01 9.664389784965263241e-02 0.000000000000000000e+00
1.884000000000000057e+02 4.651561706960641862e-01 5.348438293039342595e-01 1.069687658607868519e-01 9.999999999999984457e-01 6.178942047171653851e-01 9.552644882070866761e-02 0.000000000000000000e+00
1.884500000000000171e+02 4.722912056140001757e-01 5.277087943859983810e-01 1.055417588771996873e-01 9.999999999999985567e-01 6.223892166575333285e-01 9.440269583561665401e-02 0.000000000000000000e+00
1.885000000000000000e+02 4.794389988054686413e-01 5.205610011945296378e-01 1.041122002389059387e-01 9.999999999999982236e-01 6.269086006673156852e-01 9.327284983317107869e-02 0.000000000000000000e+00
1.885500000000000114e+02 4.865980549039435332e-01 5.134019450960547459e-01 1.026803890192109492e-01 9.999999999999982236e-01 6.314514937004084283e-01 9.213712657489789293e-02 0.000000000000000000e+00
1.886000000000000227e+02 4.937668690551941242e-01 5.062331309448042660e-01 1.012466261889608532e-01 9.999999999999984457e-01 6.360170131150589823e-01 9.099574672123524055e-02 0.000000000000000000e+00
1.886500000000000057e+02 5.009439278676923735e-01 4.990560721323059057e-01 9.981121442646118114e-02 9.999999999999982236e-01 6.406042570549794757e-01 8.984893573625514496e-02 0.000000000000000000e+00
1.887000000000000171e+02 5.081277099151044752e-01 4.918722900848937485e-01 9.837445801697874970e-02 9.999999999999982236e-01 6.452123045826335668e-01 8.869692385434160831e-02 0.000000000000000000e+00
1.887500000000000000e+02 5.153166857362625475e-01 4.846833142637357872e-01 9.693666285274715744e-02 9.999999999999983347e-01 6.498402156792191242e-01 8.753994608019521895e-02 0.000000000000000000e+00
1.888000000000000114e+02 5.225093180155931938e-01 4.774906819844051964e-01 9.549813639688103928e-02 9.999999999999984457e-01 6.544870312837260951e-01 8.637824217906846236e-02 0.000000000000000000e+00
1.888500000000000227e+02 5.297040616725434692e-01 4.702959383274549210e-01 9.405918766549098420e-02 9.999999999999984457e-01 6.591517731093594623e-01 8.521205672266013442e-02 0.000000000000000000e+00
1.889000000000000057e+02 5.368993642664552368e-01 4.631006357335432089e-01 9.262012714670864177e-02 9.999999999999984457e-01 6.638334438770486789e-01 8.404163903073781638e-02 0.000000000000000000e+00
1.889500000000000171e+02 5.440936670101409467e-01 4.559063329898574435e-01 9.118126659797148870e-02 9.999999999999984457e-01 6.685310277972255077e-01 8.286724305069362306e-02 0.000000000000000000e+00
1.890000000000000000e+02 5.512854047981876615e-01 4.487145952018106732e-01 8.974291904036213463e-02 9.999999999999983347e-01 6.732434905811049974e-01 8.168912735472375064e-02 0.000000000000000000e+00
1.890500000000000114e+02 5.584730062897208525e-01 4.415269937102775377e-01 8.830539874205550754e-02 9.999999999999984457e-01 6.779697794846090142e-01 8.050755512884773257e-02 0.000000000000000000e+00
1.891000000000000227e+02 5.656548942487177323e-01 4.343451057512806579e-01 8.686902115025613158e-02 9.999999999999984457e-01 6.827088234040122883e-01 7.932279414899691405e-02 0.000000000000000000e+00
1.891500000000000057e+02 5.728294855298727839e-01 4.271705144701257173e-01 8.543410289402514346e-02 9.999999999999984457e-01 6.874595328363568569e-01 7.813511679091078577e-02 0.000000000000000000e+00
1.892000000000000171e+02 5.799951924128623482e-01 4.200048075871359865e-01 8.400096151742719730e-02 9.999999999999983347e-01 6.922208007382151251e-01 7.694479981544621872e-02 0.000000000000000000e+00
1.892500000000000000e+02 5.871504227616904936e-01 4.128495772383078410e-01 8.256991544766156821e-02 9.999999999999983347e-01 6.969915026224708932e-01 7.575212434438227671e-02 0.000000000000000000e+00
1.893000000000000114e+02 5.942935800475934727e-01 4.057064199524046400e-01 8.114128399048092799e-02 9.999999999999981126e-01 7.017704965755870994e-01 7.455737585610322515e-02 0.000000000000000000e+00
1.893500000000000227e+02 6.014230638012045826e-01 3.985769361987936965e-01 7.971538723975873930e-02 9.999999999999982236e-01 7.065566235798518280e-01 7.336084410503702913e-02 0.000000000000000000e+00
1.894000000000000057e+02 6.085372694363984092e-01 3.914627305635998145e-01 7.829254611271996289e-02 9.999999999999982236e-01 7.113487073410037498e-01 7.216282316474904868e-02 0.000000000000000000e+00
1.894500000000000171e+02 6.156345896274267870e-01 3.843654103725716031e-01 7.687308207451432063e-02 9.999999999999984457e-01 7.161455553544485708e-01 7.096361116138785730e-02 0.000000000000000000e+00
1.895000000000000000e+02 6.227134147034538714e-01 3.772865852965442968e-01 7.545731705930885935e-02 9.999999999999982236e-01 7.209459592088952595e-01 6.976351019777618512e-02 0.000000000000000000e+00
1.895500000000000114e+02 6.297721326495971939e-01 3.702278673504008633e-01 7.404557347008017265e-02 9.999999999999980016e-01 7.257486945873112827e-01 6.856282635317219321e-02 0.000000000000000000e+00
1.896000000000000227e+02 6.368091295344916469e-01 3.631908704655065212e-01 7.263817409310130424e-02 9.999999999999982236e-01 7.305525216751970197e-01 6.736186958120073121e-02 0.000000000000000000e+00
1.896500000000000057e+02 6.438227894281313146e-01 3.561772105718669090e-01 7.123544211437338181e-02 9.999999999999982236e-01 7.353561851052921039e-01 6.616095372367697403e-02 0.000000000000000000e+00
1.897000000000000171e+02 6.508114955865692552e-01 3.491885044134288019e-01 6.983770088268576037e-02 9.999999999999980016e-01 7.401584149942936897e-01 6.496039625142656371e-02 0.000000000000000000e+00
1.897500000000000000e+02 6.577736311354461796e-01 3.422263688645521551e-01 6.844527377291043102e-02 9.999999999999983347e-01 7.449579275612269180e-01 6.376051810969328437e-02 0.000000000000000000e+00
1.898000000000000114e+02 6.647075790700207598e-01 3.352924209299773528e-01 6.705848418599547056e-02 9.999999999999981126e-01 7.497534251274654560e-01 6.256164371813362213e-02 0.000000000000000000e+00
1.898500000000000227e+02 6.716117226067291890e-01 3.283882773932689236e-01 6.567765547865378473e-02 9.999999999999981126e-01 7.545435965190996352e-01 6.136410087022511894e-02 0.000000000000000000e+00
1.899000000000000057e+02 6.784844452867913045e-01 3.215155547132067526e-01 6.430311094264135052e-02 9.999999999999980016e-01 7.593271172698740079e-01 6.016822068253151884e-02 0.000000000000000000e+00
1.899500000000000171e+02 6.853241319311050850e-01 3.146758680688929721e-01 6.293517361377859443e-02 9.999999999999980016e-01 7.641026505298726956e-01 5.897433736753182609e-02 0.000000000000000000e+00
1.900000000000000000e+02 6.921291695571950564e-01 3.078708304428029452e-01 6.157416608856058904e-02 9.999999999999980016e-01 7.688688480024675753e-01 5.778278799938310617e-02 0.000000000000000000e+00
1.900500000000000114e+02 6.988979473819969535e-01 3.011020526180011037e-01 6.022041052360022073e-02 9.999999999999980016e-01 7.736243499472741370e-01 5.659391251318147270e-02 0.000000000000000000e+00
1.901000000000000227e+02 7.056288571438018575e-01 2.943711428561962551e-01 5.887422857123925102e-02 9.999999999999981126e-01 7.783677856022890307e-01 5.540805359942776315e-02 0.000000000000000000e+00
1.901500000000000057e+02 7.123202932995224002e-01 2.876797067004757680e-01 5.753594134009515360e-02 9.999999999999982236e-01 7.830977735731875500e-01 5.422555660670313332e-02 0.000000000000000000e+00
1.902000000000000171e+02 7.189706539148478237e-01 2.810293460851503999e-01 5.620586921703007999e-02 9.999999999999982236e-01 7.878129227470387352e-01 5.304676931324034395e-02 0.000000000000000000e+00
1.902500000000000000e+02 7.255783416598874380e-01 2.744216583401107301e-01 5.488433166802214602e-02 9.999999999999982236e-01 7.925118334135543563e-01 5.187204164661143868e-02 0.000000000000000000e+00
1.903000000000000114e+02 7.321417638164824382e-01 2.678582361835157855e-01 5.357164723670315709e-02 9.999999999999982236e-01 7.971930972737810706e-01 5.070172568155476012e-02 0.000000000000000000e+00
1.903500000000000227e+02 7.386593326249111247e-01 2.613406673750867659e-01 5.226813347501735318e-02 9.999999999999978906e-01 8.018552979498101418e-01 4.953617551254749923e-02 0.000000000000000000e+00
1.904000000000000057e+02 7.451294654846953858e-01 2.548705345153026713e-01 5.097410690306053427e-02 9.999999999999980016e-01 8.064970114448702931e-01 4.837574713878244753e-02 0.000000000000000000e+00
1.904500000000000171e+02 7.515505859492906948e-01 2.484494140507073623e-01 4.968988281014147246e-02 9.999999999999980016e-01 8.111168072473982082e-01 4.722079818815046875e-02 0.000000000000000000e+00
1.905000000000000000e+02 7.579211246407939750e-01 2.420788753592040266e-01 4.841577507184080531e-02 9.999999999999980016e-01 8.157132494514326426e-01 4.607168763714187404e-02 0.000000000000000000e+00
1.905500000000000114e+02 7.642395192541919791e-01 2.357604807458060781e-01 4.715209614916121561e-02 9.999999999999980016e-01 8.202848967622832221e-01 4.492877580942920834e-02 0.000000000000000000e+00
1.906000000000000227e+02 7.705042149935701357e-01 2.294957850064280325e-01 4.589915700128560649e-02 9.999999999999982236e-01 8.248303032092642040e-01 4.379242419768398370e-02 0.000000000000000000e+00
1.906500000000000057e+02 7.767136646896907193e-01 2.232863353103076154e-01 4.465726706206152308e-02 9.999999999999983347e-01 8.293480185133135230e-01 4.266299537167165395e-02 0.000000000000000000e+00
1.907000000000000171e+02 7.828663300572392680e-01 2.171336699427589556e-01 4.342673398855179112e-02 9.999999999999982236e-01 8.338365896061197269e-01 4.154085259847010991e-02 0.000000000000000000e+00
1.907500000000000000e+02 7.889606823560131321e-01 2.110393176439850915e-01 4.220786352879701830e-02 9.999999999999982236e-01 8.382945615032580955e-01 4.042635962418550388e-02 0.000000000000000000e+00
1.908000000000000114e+02 7.949952024192192823e-01 2.050047975807789413e-01 4.100095951615578826e-02 9.999999999999982236e-01 8.427204773490400980e-01 3.931988066274000326e-02 0.000000000000000000e+00
1.908500000000000227e+02 8.009683811567951395e-01 1.990316188432031397e-01 3.980632376864062794e-02 9.999999999999982236e-01 8.471128793516413680e-01 3.822178016208968576e-02 0.000000000000000000e+00
1.909000000000000057e+02 8.068787197061985106e-01 1.931212802937995465e-01 3.862425605875990930e-02 9.999999999999980016e-01 8.514703091255727552e-01 3.713242271860683896e-02 0.000000000000000000e+00
1.909500000000000171e+02 8.127247308661463832e-01 1.872752691338519515e-01 3.745505382677039030e-02 9.999999999999983347e-01 8.557913095672126103e-01 3.605217260819688213e-02 0.000000000000000000e+00
1.910000000000000000e+02 8.185049394324721561e-01 1.814950605675261230e-01 3.629901211350522461e-02 9.999999999999982236e-01 8.600744253310567133e-01 3.498139366723584942e-02 0.000000000000000000e+00
1.910500000000000114e+02 8.242178823182699787e-01 1.757821176817281339e-01 3.515642353634562678e-02 9.999999999999981126e-01 8.643182030421335815e-01 3.392044923946662544e-02 0.000000000000000000e+00
1.911000000000000227e+02 8.298621090104122411e-01 1.701378909895859270e-01 3.402757819791718541e-02 9.999999999999982236e-01 8.685211923017206459e-01 3.286970192456985240e-02 0.000000000000000000e+00
1.911500000000000057e+02 8.354361820604296884e-01 1.645638179395683687e-01 3.291276358791367374e-02 9.999999999999980016e-01 8.726819463767940821e-01 3.182951340580150029e-02 0.000000000000000000e+00
1.912000000000000171e+02 8.409386783266447063e-01 1.590613216733535729e-01 3.181226433467071457e-02 9.999999999999982236e-01 8.767990239521317175e-01 3.080024401196709838e-02 0.000000000000000000e+00
1.912500000000000000e+02 8.463681890632951399e-01 1.536318109367029727e-01 3.072636218734059455e-02 9.999999999999981126e-01 8.808709892669588370e-01 2.978225268326032196e-02 0.000000000000000000e+00
1.913000000000000114e+02 8.517233202489872257e-01 1.482766797510109980e-01 2.965533595020219959e-02 9.999999999999982236e-01 8.848964127654116441e-01 2.877589680864712715e-02 0.000000000000000000e+00
1.913500000000000227e+02 8.570026928522186394e-01 1.429973071477794178e-01 2.859946142955588355e-02 9.999999999999980016e-01 8.888738718129987060e-01 2.778153204675035820e-02 0.000000000000000000e+00
1.914000000000000057e+02 8.622049439115072600e-01 1.377950560884910747e-01 2.755901121769821494e-02 9.999999999999983347e-01 8.928019521893488797e-01 2.679951195266279743e-02 0.000000000000000000e+00
1.914500000000000171e+02 8.673287271775139695e-01 1.326712728224840876e-01 2.653425456449681752e-02 9.999999999999980016e-01 8.966792490687258699e-01 2.583018773281856723e-02 0.000000000000000000e+00
1.915000000000000000e+02 8.723727131869821738e-01 1.276272868130159943e-01 2.552545736260319886e-02 9.999999999999982236e-01 9.005043671627380730e-01 2.487390820931549562e-02 0.000000000000000000e+00
1.915500000000000114e+02 8.773355896905286055e-01 1.226644103094695626e-01 2.453288206189391252e-02 9.999999999999982236e-01 9.042759217370613944e-01 2.393101956573465833e-02 0.000000000000000000e+00
1.916000000000000227e+02 8.822160620953114485e-01 1.177839379046866086e-01 2.355678758093732172e-02 9.999999999999980016e-01 9.079925393434834513e-01 2.300186516412915452e-02 0.000000000000000000e+00
1.916500000000000057e+02 8.870128546147111326e-01 1.129871453852870911e-01 2.259742907705741821e-02 9.999999999999982236e-01 9.116528595501250942e-01 2.208678511246875767e-02 0.000000000000000000e+00
1.917000000000000171e+02 8.917247103843780609e-01 1.082752896156199962e-01 2.165505792312399924e-02 9.999999999999980016e-01 9.152555351332076761e-01 2.118611621669810180e-02 0.000000000000000000e+00
1.917500000000000000e+02 8.963503917888734351e-01 1.036496082111248995e-01 2.072992164222497991e-02 9.999999999999983347e-01 9.187992328015344157e-01 2.030019179961642037e-02 0.000000000000000000e+00
1.918000000000000114e+02 9.008886807185376711e-01 9.911131928146049708e-02 1.982226385629209942e-02 9.999999999999982236e-01 9.222826338873157948e-01 1.942934152817108254e-02 0.000000000000000000e+00
1.918500000000000227e+02 9.053383796511402792e-01 9.466162034885788890e-02 1.893232406977157778e-02 9.999999999999982236e-01 9.257044359629644781e-01 1.857389100925889783e-02 0.000000000000000000e+00
1.919000000000000057e+02 9.096983120605711681e-01 9.030168793942722205e-02 1.806033758788544441e-02 9.999999999999984457e-01 9.290633535111939567e-01 1.773416162220153511e-02 0.000000000000000000e+00
1.919500000000000171e+02 9.139673225632874987e-01 8.603267743671066947e-02 1.720653548734213389e-02 9.999999999999982236e-01 9.323581182477576057e-01 1.691047043806062633e-02 0.000000000000000000e+00
1.920000000000000000e+02 9.181442772576863254e-01 8.185572274231195378e-02 1.637114454846239076e-02 9.999999999999982236e-01 9.355874800520078693e-01 1.610312998699805695e-02 0.000000000000000000e+00
1.920500000000000114e+02 9.222280644366036562e-01 7.777193556339462299e-02 1.555438711267892460e-02 9.999999999999982236e-01 9.387502080622297518e-01 1.531244798444258461e-02 0.000000000000000000e+00
1.921000000000000227e+02 9.262175952998330519e-01 7.378240470016506070e-02 1.475648094003301214e-02 9.999999999999981126e-01 9.418450918402322403e-01 1.453872703994197116e-02 0.000000000000000000e+00
1.921500000000000057e+02 9.301118040342950533e-01 6.988819596570300385e-02 1.397763919314060077e-02 9.999999999999980016e-01 9.448709415417952950e-01 1.378226461455120400e-02 0.000000000000000000e+00
1.922000000000000171e+02 9.339096481383348802e-01 6.609035186166317688e-02 1.321807037233263538e-02 9.999999999999980016e-01 9.478265888011192519e-01 1.304335279972020610e-02 0.000000000000000000e+00
1.922500000000000000e+02 9.376101089165113089e-01 6.238989108348663715e-02 1.247797821669732743e-02 9.999999999999980016e-01 9.507108875870913245e-01 1.232227810322720878e-02 0.000000000000000000e+00
1.923000000000000114e+02 9.412121922962708442e-01 5.878780770372710185e-02 1.175756154074542037e-02 9.999999999999980016e-01 9.535227155309717872e-01 1.161932111725706880e-02 0.000000000000000000e+00
1.923500000000000227e+02 9.447149289186937970e-01 5.528507108130409353e-02 1.105701421626081871e-02 9.999999999999978906e-01 9.562609741031723454e-01 1.093475647420693621e-02 0.000000000000000000e+00
1.924000000000000057e+02 9.481173744166676576e-01 5.188262558333045504e-02 1.037652511666609101e-02 9.999999999999981126e-01 9.589245893759865691e-01 1.026885265600339242e-02 0.000000000000000000e+00
1.924500000000000171e+02 9.514186097990381397e-01 4.858139020095991745e-02 9.716278040191983489e-03 9.999999999999980016e-01 9.615125127746504408e-01 9.621871806337415831e-03 0.000000000000000000e+00
1.925000000000000000e+02 9.546177422439114935e-01 4.538225775608639712e-02 9.076451551217279423e-03 9.999999999999978906e-01 9.640237223697274427e-01 8.994069407568182697e-03 0.000000000000000000e+00
1.925500000000000114e+02 9.577139052120959839e-01 4.228609478790196219e-02 8.457218957580392438e-03 9.999999999999980016e-01 9.664572230913625051e-01 8.385694227159413636e-03 0.000000000000000000e+00
1.926000000000000227e+02 9.607062586790408032e-01 3.929374132095708738e-02 7.858748264191417476e-03 9.999999999999978906e-01 9.688120473823265133e-01 7.796988154418420247e-03 0.000000000000000000e+00
1.926500000000000057e+02 9.635939894705414233e-01 3.640601052945641181e-02 7.281202105891282361e-03 9.999999999999977796e-01 9.710872558942714727e-01 7.228186026432180389e-03 0.000000000000000000e+00
1.927000000000000171e+02 9.663763119709185556e-01 3.362368802907939047e-02 6.724737605815878094e-03 9.999999999999980016e-01 9.732819386490308977e-01 6.679515337742325011e-03 0.000000000000000000e+00
1.927500000000000000e+02 9.690524682382199995e-01 3.094753176177772458e-02 6.189506352355544916e-03 9.999999999999977796e-01 9.753952152590590341e-01 6.151196185235262293e-03 0.000000000000000000e+00
1.928000000000000114e+02 9.716217281982184595e-01 2.837827180177915354e-02 5.675654360355830708e-03 9.999999999999975575e-01 9.774262355026398508e-01 5.643441124340065063e-03 0.000000000000000000e+00
1.928500000000000227e+02 9.740833899677397989e-01 2.591661003225803617e-02 5.183322006451607233e-03 9.999999999999977796e-01 9.793741799822530680e-01 5.156455004436769421e-03 0.000000000000000000e+00
1.929000000000000057e+02 9.764367804455943434e-01 2.356321955440360272e-02 4.712643910880720544e-03 9.999999999999980016e-01 9.812382611022918422e-01 4.690434724427081092e-03 0.000000000000000000e+00
1.929500000000000171e+02 9.786812554070501990e-01 2.131874459294746949e-02 4.263748918589493897e-03 9.999999999999976685e-01 9.830177232612286042e-01 4.245569184692881901e-03 0.000000000000000000e+00
1.930000000000000000e+02 9.808161996667742466e-01 1.918380033322342193e-02 3.836760066644684386e-03 9.999999999999976685e-01 9.847118433704211693e-01 3.822039157394746273e-03 0.000000000000000000e+00
1.930500000000000114e+02 9.828410274131613722e-01 1.715897258683651838e-02 3.431794517367303676e-03 9.999999999999978906e-01 9.863199314830017883e-01 3.420017129249586750e-03 0.000000000000000000e+00
1.931000000000000227e+02 9.847551826516142137e-01 1.524481734838351032e-02 3.048963469676702065e-03 9.999999999999977796e-01 9.878413315363049341e-01 3.039667115923814188e-03 0.000000000000000000e+00
1.931500000000000057e+02 9.865581392734794619e-01 1.344186072651826214e-02 2.688372145303652427e-03 9.999999999999977796e-01 9.892754215168612086e-01 2.681144620784745546e-03 0.000000000000000000e+00
1.932000000000000171e+02 9.882494011947705603e-01 1.175059880522716371e-02 2.350119761045432742e-03 9.999999999999977796e-01 9.906216139235535234e-01 2.344596519111653843e-03 0.000000000000000000e+00
1.932500000000000000e+02 9.898285027043193240e-01 1.017149729567845551e-02 2.034299459135691102e-03 9.999999999999977796e-01 9.918793563591583595e-01 2.030160910210450885e-03 0.000000000000000000e+00
1.933000000000000114e+02 9.912950087334295723e-01 8.704991266567929653e-03 1.740998253313585931e-03 9.999999999999975575e-01 9.930481319923423200e-01 1.737967001914480711e-03 0.000000000000000000e+00
1.933500000000000227e+02 9.926485149140252817e-01 7.351485085972386813e-03 1.470297017194477363e-03 9.999999999999976685e-01 9.941274597422053994e-01 1.468135064448718684e-03 0.000000000000000000e+00
1.934000000000000057e+02 9.938886477031487754e-01 6.111352296848671095e-03 1.222270459369734219e-03 9.999999999999974465e-01 9.951168946505954960e-01 1.220776337351173278e-03 0.000000000000000000e+00
1.934500000000000171e+02 9.950150647087632194e-01 4.984935291234282584e-03 9.969870582468565168e-04 9.999999999999975575e-01 9.960160284028883870e-01 9.959928992779539837e-04 0.000000000000000000e+00
1.935000000000000000e+02 9.960274547966011527e-01 3.972545203396460334e-03 7.945090406792920668e-04 9.999999999999975575e-01 9.968244895256667126e-01 7.938776185833822325e-04 0.000000000000000000e+00
1.935500000000000114e+02 9.969255381357183809e-01 3.074461864279176559e-03 6.148923728558353119e-04 9.999999999999975575e-01 9.975419435910491961e-01 6.145141022377606076e-04 0.000000000000000000e+00
1.936000000000000227e+02 9.977090663584184949e-01 2.290933641579118163e-03 4.581867283158236326e-04 9.999999999999975575e-01 9.981680935318604231e-01 4.579766170349584679e-04 0.000000000000000000e+00
1.936500000000000057e+02 9.983778227490091028e-01 1.622177250988343644e-03 3.244354501976687288e-04 9.999999999999974465e-01 9.987026799400776644e-01 3.243300149806467754e-04 0.000000000000000000e+00
1.937000000000000171e+02 9.989316222659602174e-01 1.068377734037284643e-03 2.136755468074569286e-04 9.999999999999975575e-01 9.991454811517925805e-01 2.136297120519011763e-04 0.000000000000000000e+00
1.937500000000000000e+02 9.993703115903977974e-01 6.296884095996491126e-04 1.259376819199298225e-04 9.999999999999974465e-01 9.994963134208255662e-01 1.259216447936751615e-04 0.000000000000000000e+00
1.938000000000000114e+02 9.996937692704036538e-01 3.062307295939592500e-04 6.124614591879184999e-05 9.999999999999975575e-01 9.997550311282387137e-01 6.124221794037736826e-05 0.000000000000000000e+00
1.938500000000000227e+02 9.999019057551038481e-01 9.809424489359841459e-05 1.961884897871968292e-05 9.999999999999974465e-01 9.999215268517722688e-01 1.961828705698838275e-05 0.000000000000000000e+00
1.939000000000000057e+02 9.999946633898910697e-01 5.336610106321248992e-06 1.067322021264249798e-06 9.999999999999973355e-01 9.999957314243415052e-01 1.067143914679498482e-06 0.000000000000000000e+00
1.939500000000000171e+02 9.999720164795432575e-01 2.798352045418894818e-05 5.596704090837789636e-06 9.999999999999974465e-01 9.999776140170258953e-01 5.596495743607648760e-06 0.000000000000000000e+00
1.940000000000000000e+02 9.998339713072510460e-01 1.660286927465670637e-04 3.320573854931341273e-05 9.999999999999975575e-01 9.998671821637067358e-01 3.320445907337834038e-05 0.000000000000000000e+00
1.940500000000000114e+02 9.995805661018505317e-01 4.194338981469702965e-04 8.388677962939405930e-05 9.999999999999975575e-01 9.996644817376271197e-01 8.387956559328195428e-05 0.000000000000000000e+00
1.941000000000000227e+02 9.992118710359151335e-01 7.881289640823685438e-04 1.576257928164737088e-04 9.999999999999975575e-01 9.993695969206022323e-01 1.576007698495082883e-04 0.000000000000000000e+00
1.941500000000000057e+02 9.987279882026081079e-01 1.272011797389394072e-03 2.544023594778788144e-04 9.999999999999975575e-01 9.989826501503447087e-01 2.543374624138842435e-04 0.000000000000000000e+00
1.942000000000000171e+02 9.981290515596163981e-01 1.870948440380881816e-03 3.741896880761763633e-04 9.999999999999973355e-01 9.985038020281711280e-01 3.740494929572752564e-04 0.000000000000000000e+00
1.942500000000000000e+02 9.974152268674010280e-01 2.584773132596474010e-03 5.169546265192948020e-04 9.999999999999975575e-01 9.979332511707398323e-01 5.166872073151033929e-04 0.000000000000000000e+00
1.943000000000000114e+02 9.965867116314398588e-01 3.413288368557532149e-03 6.826576737115064297e-04 9.999999999999973355e-01 9.972712340945416587e-01 6.821914763646474500e-04 0.000000000000000000e+00
1.943500000000000227e+02 9.956437350131834840e-01 4.356264986813962459e-03 8.712529973627924917e-04 9.999999999999974465e-01 9.965180250468647083e-01 8.704937382838774619e-04 0.000000000000000000e+00
1.944000000000000057e+02 9.945865577033179417e-01 5.413442296679504828e-03 1.082688459335900966e-03 9.999999999999974465e-01 9.956739357287729408e-01 1.081516067806829193e-03 0.000000000000000000e+00
1.944500000000000171e+02 9.934154718420449282e-01 6.584528157952407312e-03 1.316905631590481462e-03 9.999999999999973355e-01 9.947393151353673968e-01 1.315171216158205663e-03 0.000000000000000000e+00
1.945000000000000000e+02 9.921308008950525670e-01 7.869199104944823997e-03 1.573839820988964799e-03 9.999999999999973355e-01 9.937145493101082749e-01 1.571362672472992415e-03 0.000000000000000000e+00
1.945500000000000114e+02 9.907328994645960840e-01 9.267100535401417982e-03 1.853420107080283596e-03 9.999999999999975575e-01 9.926000609473673020e-01 1.849984763158230450e-03 0.000000000000000000e+00
1.946000000000000227e+02 9.892221531706670845e-01 1.077784682933041749e-02 2.155569365866083498e-03 9.999999999999975575e-01 9.913963091540736183e-01 2.150922711481650061e-03 0.000000000000000000e+00
1.946500000000000057e+02 9.875989785061954906e-01 1.240102149380195584e-02 2.480204298760391168e-03 9.999999999999974465e-01 9.901037891568187366e-01 2.474052710795350118e-03 0.000000000000000000e+00
1.947000000000000171e+02 9.858638226227766088e-01 1.413617737722083767e-02 2.827235475444167534e-03 9.999999999999974465e-01 9.887230318542444829e-01 2.819242036438929146e-03 0.000000000000000000e+00
1.947500000000000000e+02 9.840171631001285446e-01 1.598283689986879086e-02 3.196567379973758172e-03 9.999999999999973355e-01 9.872546033611570016e-01 3.186349159710817700e-03 0.000000000000000000e+00
1.948000000000000114e+02 9.820595078120186727e-01 1.794049218797888479e-02 3.588098437595776957e-03 9.999999999999975575e-01 9.856991047394658700e-01 3.575223815133595374e-03 0.000000000000000000e+00
1.948500000000000227e+02 9.799913947316652996e-01 2.000860526833209141e-02 4.001721053666418282e-03 9.999999999999973355e-01 9.840571715771373462e-01 3.985707105715722426e-03 0.000000000000000000e+00
1.949000000000000057e+02 9.778133915596445291e-01 2.218660844035297286e-02 4.437321688070594572e-03 9.999999999999975575e-01 9.823294732583652822e-01 4.417631685408741904e-03 0.000000000000000000e+00
1.949500000000000171e+02 9.755260955752788066e-01 2.447390442471858440e-02 4.894780884943716881e-03 9.999999999999973355e-01 9.805167126773187691e-01 4.870821830670366698e-03 0.000000000000000000e+00
1.950000000000000000e+02 9.731301334175136430e-01 2.686986658248374793e-02 5.373973316496749586e-03 9.999999999999973355e-01 9.786196257748707161e-01 5.345093556282383418e-03 0.000000000000000000e+00
1.950500000000000114e+02 9.706261607980635198e-01 2.937383920193409326e-02 5.874767840386818651e-03 9.999999999999975575e-01 9.766389809424883550e-01 5.840254764377978899e-03 0.000000000000000000e+00
1.951000000000000227e+02 9.680148620769124523e-01 3.198513792308510517e-02 6.397027584617021034e-03 9.999999999999975575e-01 9.745755782219437391e-01 6.356105444514143291e-03 0.000000000000000000e+00
1.951500000000000057e+02 9.652969501376769124e-01 3.470304986232047861e-02 6.940609972464095723e-03 9.999999999999973355e-01 9.724302490599554538e-01 6.892437735011195526e-03 0.000000000000000000e+00
1.952000000000000171e+02 9.624731661078006484e-01 3.752683389219690913e-02 7.505366778439381825e-03 9.999999999999975575e-01 9.702038556930012714e-01 7.449036076749752412e-03 0.000000000000000000e+00
1.952500000000000000e+02 9.595442789353096913e-01 4.045572106468775520e-02 8.091144212937551039e-03 9.999999999999974465e-01 9.678972903288438623e-01 8.025677417789107287e-03 0.000000000000000000e+00
1.953000000000000114e+02 9.565110849972221496e-01 4.348891500277535238e-02 8.697783000555070476e-03 9.999999999999975575e-01 9.655114744249586600e-01 8.622131393760402648e-03 0.000000000000000000e+00
1.953500000000000227e+02 9.533744079314533382e-01 4.662559206854405280e-02 9.325118413708810561e-03 9.999999999999973355e-01 9.630473583492442646e-01 9.238160412689008436e-03 0.000000000000000000e+00
1.954000000000000057e+02 9.501350983366214642e-01 4.986490166337592678e-02 9.972980332675185355e-03 9.999999999999973355e-01 9.605059207023296519e-01 9.873519824417647736e-03 0.000000000000000000e+00
1.954500000000000171e+02 9.467940332027598993e-01 5.320596679723760269e-02 1.064119335944752054e-02 9.999999999999975575e-01 9.578881672728095653e-01 1.052795818179768847e-02 0.000000000000000000e+00
1.955000000000000000e+02 9.433521155669954972e-01 5.664788443300206033e-02 1.132957688660041207e-02 9.999999999999975575e-01 9.551951304137321630e-01 1.120121739656700782e-02 0.000000000000000000e+00
1.955500000000000114e+02 9.398102742866693005e-01 6.018972571332825705e-02 1.203794514266565141e-02 9.999999999999975575e-01 9.524278685830825930e-01 1.189303285422940205e-02 0.000000000000000000e+00
1.956000000000000227e+02 9.361694637389201823e-01 6.383053626107720868e-02 1.276610725221544174e-02 9.999999999999973355e-01 9.495874656534283309e-01 1.260313358664297799e-02 0.000000000000000000e+00
1.956500000000000057e+02 9.324306631198094886e-01 6.756933688018801343e-02 1.351386737603760269e-02 9.999999999999975575e-01 9.466750296708797974e-01 1.333124258228009923e-02 0.000000000000000000e+00
1.957000000000000171e+02 9.285948761215946368e-01 7.140512387840275421e-02 1.428102477568055084e-02 9.999999999999973355e-01 9.436916922821516618e-01 1.407707692946215741e-02 0.000000000000000000e+00
1.957500000000000000e+02 9.246631306721515564e-01 7.533686932784611212e-02 1.506737386556922242e-02 9.999999999999976685e-01 9.406386082120005154e-01 1.484034794699994921e-02 0.000000000000000000e+00
1.958000000000000114e+02 9.206364786232578146e-01 7.936352137673963192e-02 1.587270427534792638e-02 9.999999999999974465e-01 9.375169545412253003e-01 1.562076136469373738e-02 0.000000000000000000e+00
1.958500000000000227e+02 9.165159949660935945e-01 8.348400503390390748e-02 1.669680100678078150e-02 9.999999999999975575e-01 9.343279293595714297e-01 1.641801766010719463e-02 0.000000000000000000e+00
1.959000000000000057e+02 9.123027774714494997e-01 8.769722252854800226e-02 1.753944450570960045e-02 9.999999999999975575e-01 9.310727511418297464e-01 1.723181221454263626e-02 0.000000000000000000e+00
1.959500000000000171e+02 9.079979464415168788e-01 9.200205355848062316e-02 1.840041071169612463e-02 9.999999999999975575e-01 9.277526582606977490e-01 1.806183543482562867e-02 0.000000000000000000e+00
1.960000000000000000e+02 9.036026443603508707e-01 9.639735563964663134e-02 1.927947112792932627e-02 9.999999999999975575e-01 9.243689081823885934e-01 1.890777295440293146e-02 0.000000000000000000e+00
1.960500000000000114e+02 8.991180351025666040e-01 1.008819648974310090e-01 2.017639297948620181e-02 9.999999999999975575e-01 9.209227761472323914e-01 1.976930596319197847e-02 0.000000000000000000e+00
1.961000000000000227e+02 8.945453034521119173e-01 1.054546965478855847e-01 2.109093930957711693e-02 9.999999999999975575e-01 9.174155543585656991e-01 2.064611141035864114e-02 0.000000000000000000e+00
1.961500000000000057e+02 8.898856549128371096e-01 1.101143450871605589e-01 2.202286901743211178e-02 9.999999999999976685e-01 9.138485516235816952e-01 2.153786209410464905e-02 0.000000000000000000e+00
1.962000000000000171e+02 8.851403152951855535e-01 1.148596847048119485e-01 2.297193694096238969e-02 9.999999999999975575e-01 9.102230924317857852e-01 2.244422689205362656e-02 0.000000000000000000e+00
1.962500000000000000e+02 8.803105300212324957e-01 1.196894699787651173e-01 2.393789399575302346e-02 9.999999999999975575e-01 9.065405158156142340e-01 2.336487104609650395e-02 0.000000000000000000e+00
1.963000000000000114e+02 8.753975634246718984e-01 1.246024365753256591e-01 2.492048731506513182e-02 9.999999999999975575e-01 9.028021742134536565e-01 2.429945644663664486e-02 0.000000000000000000e+00
1.963500000000000227e+02 8.704026986348729622e-01 1.295973013651247063e-01 2.591946027302494127e-02 9.999999999999976685e-01 8.990094332618921991e-01 2.524764168452703350e-02 0.000000000000000000e+00
1.964000000000000057e+02 8.653272371032808552e-01 1.346727628967167578e-01 2.693455257934335156e-02 9.999999999999975575e-01 8.951636708031495138e-01 2.620908229921270483e-02 0.000000000000000000e+00
1.964500000000000171e+02 8.601724981054219565e-01 1.398275018945757675e-01 2.796550037891515350e-02 9.999999999999977796e-01 8.912662760329697065e-01 2.718343099175765665e-02 0.000000000000000000e+00
1.965000000000000000e+02 8.549398177568372503e-01 1.450601822431604737e-01 2.901203644863209474e-02 9.999999999999977796e-01 8.873186479743613297e-01 2.817033800640974042e-02 0.000000000000000000e+00
1.965500000000000114e+02 8.496305489184113879e-01 1.503694510815864471e-01 3.007389021631728943e-02 9.999999999999977796e-01 8.833221953224059675e-01 2.916945116939859833e-02 0.000000000000000000e+00
1.966000000000000227e+02 8.442460607177978416e-01 1.557539392821999380e-01 3.115078785643998760e-02 9.999999999999977796e-01 8.792783355328573913e-01 3.018041611678573197e-02 0.000000000000000000e+00
1.966500000000000057e+02 8.387877382696764528e-01 1.612122617303213268e-01 3.224245234606426536e-02 9.999999999999977796e-01 8.751884942180703231e-01 3.120287644548248862e-02 0.000000000000000000e+00
1.967000000000000171e+02 8.332569814940469222e-01 1.667430185059509684e-01 3.334860370119019368e-02 9.999999999999978906e-01 8.710541034063821186e-01 3.223647414840456055e-02 0.000000000000000000e+00
1.967500000000000000e+02 8.276552048526768512e-01 1.723447951473208728e-01 3.446895902946417456e-02 9.999999999999977796e-01 8.668766011371716873e-01 3.328084971570715450e-02 0.000000000000000000e+00
1.968000000000000114e+02 8.219838370703900221e-01 1.780161629296078685e-01 3.560323258592157369e-02 9.999999999999978906e-01 8.626574309787490291e-01 3.433564225531281905e-02 0.000000000000000000e+00
1.968500000000000227e+02 8.162443207458905947e-01 1.837556792541072959e-01 3.675113585082145917e-02 9.999999999999978906e-01 8.583980411737848204e-01 3.540048970655387123e-02 0.000000000000000000e+00
1.969000000000000057e+02 8.104381115043568506e-01 1.895618884956409844e-01 3.791237769912819688e-02 9.999999999999977796e-01 8.540998834490970415e-01 3.647502913772581595e-02 0.000000000000000000e+00
1.969500000000000171e+02 8.045666772130594113e-01 1.954333227869384237e-01 3.908666455738768475e-02 9.999999999999977796e-01 8.497644118821900960e-01 3.755889702945255926e-02 0.000000000000000000e+00
1.970000000000000000e+02 7.986314979138195991e-01 2.013685020861782915e-01 4.027370041723565830e-02 9.999999999999978906e-01 8.453930827961050332e-01 3.865172930097382498e-02 0.000000000000000000e+00
1.970500000000000114e+02 7.926340652890730976e-01 2.073659347109249595e-01 4.147318694218499191e-02 9.999999999999980016e-01 8.409873537872846194e-01 3.975316155317894229e-02 0.000000000000000000e+00
1.971000000000000227e+02 7.865758823723170146e-01 2.134241176276810426e-01 4.268482352553620851e-02 9.999999999999980016e-01 8.365486832034954023e-01 4.086282919912624656e-02 0.000000000000000000e+00
1.971500000000000057e+02 7.804584622639993974e-01 2.195415377359988263e-01 4.390830754719976525e-02 9.999999999999982236e-01 8.320785284307083973e-01 4.198036789232299087e-02 0.000000000000000000e+00
1.972000000000000171e+02 7.742833279434663263e-01 2.257166720565317863e-01 4.514333441130635727e-02 9.999999999999981126e-01 8.275783456285850104e-01 4.310541359285383761e-02 0.000000000000000000e+00
1.972500000000000000e+02 7.680520119929679090e-01 2.319479880070302036e-01 4.638959760140604072e-02 9.999999999999981126e-01 8.230495893015578046e-01 4.423760267461065293e-02 0.000000000000000000e+00
1.973000000000000114e+02 7.617660562160090132e-01 2.382339437839892105e-01 4.764678875679784209e-02 9.999999999999982236e-01 8.184937115124516493e-01 4.537657212188719175e-02 0.000000000000000000e+00
1.973500000000000227e+02 7.554270108424544494e-01 2.445729891575437742e-01 4.891459783150875484e-02 9.999999999999982236e-01 8.139121608968441501e-01 4.652195977578905961e-02 0.000000000000000000e+00
1.974000000000000057e+02 7.490364336107248056e-01 2.509635663892734181e-01 5.019271327785468362e-02 9.999999999999982236e-01 8.093063814813176160e-01 4.767340462967070702e-02 0.000000000000000000e+00
1.974500000000000171e+02 7.425958897403864833e-01 2.574041102596116848e-01 5.148082205192233696e-02 9.999999999999982236e-01 8.046778126464046998e-01 4.883054683839890830e-02 0.000000000000000000e+00
1.975000000000000000e+02 7.361069514143487869e-01 2.638930485856494368e-01 5.277860971712988736e-02 9.999999999999982236e-01 8.000278883334810409e-01 4.999302791662981610e-02 0.000000000000000000e+00
1.975500000000000114e+02 7.295711976636393148e-01 2.704288023363590754e-01 5.408576046727181508e-02 9.999999999999984457e-01 7.953580367169289511e-01 5.116049082076784549e-02 0.000000000000000000e+00
1.976000000000000227e+02 7.229902130483892853e-01 2.770097869516088829e-01 5.540195739032177658e-02 9.999999999999982236e-01 7.906696786830212931e-01 5.233258032924476694e-02 0.000000000000000000e+00
1.976500000000000057e+02 7.163655872474751218e-01 2.836344127525231018e-01 5.672688255050462036e-02 9.999999999999982236e-01 7.859642273291150838e-01 5.350894316772131926e-02 0.000000000000000000e+00
1.977000000000000171e+02 7.096989149724586277e-01 2.903010850275397625e-01 5.806021700550795250e-02 9.999999999999984457e-01 7.812430878542846457e-01 5.468922803642893571e-02 0.000000000000000000e+00
1.977500000000000000e+02 7.029917954435620508e-01 2.970082045564362283e-01 5.940164091128724566e-02 9.999999999999982236e-01 7.765076567556006282e-01 5.587308581109994010e-02 0.000000000000000000e+00
1.978000000000000114e+02 6.962458321754186885e-01 3.037541678245797572e-01 6.075083356491595143e-02 9.999999999999984457e-01 7.717593215179571198e-01 5.706016962051081720e-02 0.000000000000000000e+00
1.978500000000000227e+02 6.894626316231859953e-01 3.105373683768122839e-01 6.210747367536245678e-02 9.999999999999982236e-01 7.669994591593535249e-01 5.825013521016170898e-02 0.000000000000000000e+00
1.979000000000000057e+02 6.826438030156308789e-01 3.173561969843674557e-01 6.347123939687349115e-02 9.999999999999983347e-01 7.622294360405711400e-01 5.944264098985731215e-02 0.000000000000000000e+00
1.979500000000000171e+02 6.757909581921114350e-01 3.242090418078868996e-01 6.484180836157737993e-02 9.999999999999983347e-01 7.574506076741329696e-01 6.063734808146683392e-02 0.000000000000000000e+00
1.980000000000000000e+02 6.689057111716121273e-01 3.310942888283863184e-01 6.621885776567726367e-02 9.999999999999984457e-01 7.526643180729659655e-01 6.183392048175859884e-02 0.000000000000000000e+00
1.980500000000000114e+02 6.619896777563135659e-01 3.380103222436847688e-01 6.760206444873695375e-02 9.999999999999983347e-01 7.478718993487902811e-01 6.303202516280251300e-02 0.000000000000000000e+00
1.981000000000000227e+02 6.550444743091247135e-01 3.449555256908737322e-01 6.899110513817474644e-02 9.999999999999984457e-01 7.430746705103317140e-01 6.423133237241715476e-02 0.000000000000000000e+00
1.981500000000000057e+02 6.480717176840968818e-01 3.519282823159014528e-01 7.038565646318029057e-02 9.999999999999983347e-01 7.382739373906792579e-01 6.543151565233026878e-02 0.000000000000000000e+00
1.982000000000000171e+02 6.410730250167606670e-01 3.589269749832377232e-01 7.178539499664754464e-02 9.999999999999984457e-01 7.334709924301014983e-01 6.663225189247469482e-02 0.000000000000000000e+00
1.982500000000000000e+02 6.340500133922120085e-01 3.659499866077864372e-01 7.318999732155728744e-02 9.999999999999984457e-01 7.286671142023445347e-01 6.783322144941394960e-02 0.000000000000000000e+00
1.983000000000000114e+02 6.270042993344211446e-01 3.729957006655773566e-01 7.459914013311547132e-02 9.999999999999984457e-01 7.238635669798431094e-01 6.903410825503927817e-02 0.000000000000000000e+00
1.983500000000000227e+02 6.199374977034772805e-01 3.800625022965209432e-01 7.601250045930418864e-02 9.999999999999982236e-01 7.190615997689309147e-01 7.023460005776735460e-02 0.000000000000000000e+00
1.984000000000000057e+02 6.128512216597659101e-01 3.871487783402324800e-01 7.742975566804649601e-02 9.999999999999984457e-01 7.142624462766780091e-01 7.143438843083058098e-02 0.000000000000000000e+00
1.984500000000000171e+02 6.057470824543752519e-01 3.942529175456230273e-01 7.885058350912460545e-02 9.999999999999982236e-01 7.094673247300923302e-01 7.263316881747697296e-02 0.000000000000000000e+00
1.985000000000000000e+02 5.986266891552659564e-01 4.013733108447323228e-01 8.027466216894646456e-02 9.999999999999982236e-01 7.046774375463912277e-01 7.383064061340227635e-02 0.000000000000000000e+00
1.985500000000000114e+02 5.914916481447731744e-01 4.085083518552251602e-01 8.170167037104503205e-02 9.999999999999983347e-01 6.998939709630584982e-01 7.502650725923545871e-02 0.000000000000000000e+00
1.986000000000000227e+02 5.843435620640502481e-01 4.156564379359481420e-01 8.313128758718962841e-02 9.999999999999984457e-01 6.951180942466423929e-01 7.622047643833948505e-02 0.000000000000000000e+00
1.986500000000000057e+02 5.771840297826245081e-01 4.228159702173736600e-01 8.456319404347473201e-02 9.999999999999982236e-01 6.903509596688844896e-01 7.741226008277893311e-02 0.000000000000000000e+00
1.987000000000000171e+02 5.700146462300633710e-01 4.299853537699349637e-01 8.599707075398699274e-02 9.999999999999983347e-01 6.855937023967647592e-01 7.860157440080886571e-02 0.000000000000000000e+00
1.987500000000000000e+02 5.628370021316423388e-01 4.371629978683558293e-01 8.743259957367116586e-02 9.999999999999982236e-01 6.808474402788941005e-01 7.978813993027653040e-02 0.000000000000000000e+00
1.988000000000000114e+02 5.556526836355111243e-01 4.443473163644870438e-01 8.886946327289740877e-02 9.999999999999982236e-01 6.761132736067133608e-01 8.097168159832171530e-02 0.000000000000000000e+00
1.988500000000000227e+02 5.484632712346915184e-01 4.515367287653065942e-01 9.030734575306131884e-02 9.999999999999981126e-01 6.713922844570821002e-01 8.215192888572953045e-02 0.000000000000000000e+00
1.989000000000000057e+02 5.412703397221155788e-01 4.587296602778825894e-01 9.174593205557651787e-02 9.999999999999982236e-01 6.666855366643522629e-01 8.332861583391200366e-02 0.000000000000000000e+00
1.989500000000000171e+02 5.340754580845012978e-01 4.659245419154969814e-01 9.318490838309939628e-02 9.999999999999982236e-01 6.619940757766545891e-01 8.450148105583642211e-02 0.000000000000000000e+00
1.990000000000000000e+02 5.268801892195255077e-01 4.731198107804726605e-01 9.462396215609453209e-02 9.999999999999982236e-01 6.573189289596703677e-01 8.567026776008246358e-02 0.000000000000000000e+00
1.990500000000000114e+02 5.196860897728320383e-01 4.803139102271661298e-01 9.606278204543322596e-02 9.999999999999982236e-01 6.526611048993434805e-01 8.683472377516418539e-02 0.000000000000000000e+00
1.991000000000000227e+02 5.124947090132957461e-01 4.875052909867025330e-01 9.750105819734050661e-02 9.999999999999982236e-01 6.480215932829659353e-01 8.799460167925858556e-02 0.000000000000000000e+00
1.991500000000000057e+02 5.053075887453489790e-01 4.946924112546491337e-01 9.893848225092982673e-02 9.999999999999981126e-01 6.434013647604811537e-01 8.914965880987978097e-02 0.000000000000000000e+00
1.992000000000000171e+02 4.981262632628002951e-01 5.018737367371981506e-01 1.003747473474396190e-01 9.999999999999984457e-01 6.388013709375957028e-01 9.029965726560112982e-02 0.000000000000000000e+00
1.992500000000000000e+02 4.909522590523608399e-01 5.090477409476373838e-01 1.018095481895274768e-01 9.999999999999982236e-01 6.342225444050341165e-01 9.144436389874152638e-02 0.000000000000000000e+00
1.993000000000000114e+02 4.837870948477852595e-01 5.162129051522129641e-01 1.032425810304425928e-01 9.999999999999982236e-01 6.296657987593495820e-01 9.258355031016264614e-02 0.000000000000000000e+00
1.993500000000000227e+02 4.766322805119264649e-01 5.233677194880717032e-01 1.046735438976143517e-01 9.999999999999982236e-01 6.251320282522828675e-01 9.371699293692935251e-02 0.000000000000000000e+00
1.994000000000000057e+02 4.694893168587582211e-01 5.305106831412400581e-01 1.061021366282480227e-01 9.999999999999982236e-01 6.206221077462783509e-01 9.484447306343045392e-02 0.000000000000000000e+00
1.994500000000000171e+02 4.623596956461433760e-01 5.376403043538549031e-01 1.075280608707709917e-01 9.999999999999982236e-01 6.161368927153400010e-01 9.596577682116505525e-02 0.000000000000000000e+00
1.995000000000000000e+02 4.552448993113634157e-01 5.447551006886347524e-01 1.089510201377269505e-01 9.999999999999982236e-01 6.116772193742603392e-01 9.708069515643498459e-02 0.000000000000000000e+00
1.995500000000000114e+02 4.481464011423185734e-01 5.518535988576798168e-01 1.103707197715359523e-01 9.999999999999984457e-01 6.072439048102359349e-01 9.818902379744107178e-02 0.000000000000000000e+00
1.996000000000000227e+02 4.410656643261301468e-01 5.589343356738679658e-01 1.117868671347735932e-01 9.999999999999981126e-01 6.028377468049621601e-01 9.929056329875951548e-02 0.000000000000000000e+00
1.996500000000000057e+02 4.340041416067929037e-01 5.659958583932054310e-01 1.131991716786410751e-01 9.999999999999983347e-01 5.984595238176837473e-01 1.003851190455791187e-01 0.000000000000000000e+00
1.997000000000000171e+02 4.269632752851628688e-01 5.730367247148354659e-01 1.146073449429670932e-01 9.999999999999983347e-01 5.941099949851876838e-01 1.014725012537031346e-01 0.000000000000000000e+00
1.997500000000000000e+02 4.199444970716155745e-01 5.800555029283827047e-01 1.160111005856765409e-01 9.999999999999982236e-01 5.897899002613667951e-01 1.025525249346583706e-01 0.000000000000000000e+00
1.998000000000000114e+02 4.129492281626584438e-01 5.870507718373398909e-01 1.174101543674679893e-01 9.999999999999983347e-01 5.854999607259061545e-01 1.036250098185235030e-01 0.000000000000000000e+00
1.998500000000000227e+02 4.059788787066539451e-01 5.940211212933443896e-01 1.188042242586688779e-01 9.999999999999983347e-01 5.812408784924422145e-01 1.046897803768895158e-01 0.000000000000000000e+00
1.999000000000000057e+02 3.990348472129596757e-01 6.009651527870385479e-01 1.201930305574077096e-01 9.999999999999982236e-01 5.770133368000310847e-01 1.057466657999922843e-01 0.000000000000000000e+00
1.999500000000000171e+02 3.921185205481805824e-01 6.078814794518178077e-01 1.215762958903635615e-01 9.999999999999984457e-01 5.728180000145591810e-01 1.067954999963602464e-01 0.000000000000000000e+00
2.000000000000000000e+02 3.852312739545229459e-01 6.147687260454753888e-01 1.229537452090950778e-01 9.999999999999983347e-01 5.686555137089716050e-01 1.078361215727571404e-01 0.000000000000000000e+00
