# time(fs)  P_C0(t)
0.000000000000e+00 1.000000000000e+00
5.000000000000e-01 9.942407672623e-01
1.000000000000e+00 9.770970543518e-01
1.500000000000e+00 9.489676021005e-01
2.000000000000e+00 9.105063436464e-01
2.500000000000e+00 8.626067367349e-01
3.000000000000e+00 8.063803899752e-01
3.500000000000e+00 7.431305249560e-01
4.000000000000e+00 6.743209443478e-01
4.500000000000e+00 6.015412855926e-01
5.000000000000e+00 5.264694276457e-01
5.500000000000e+00 4.508319823059e-01
6.000000000000e+00 3.763638405262e-01
6.500000000000e+00 3.047677571064e-01
7.000000000000e+00 2.376749444744e-01
7.500000000000e+00 1.766076087785e-01
8.000000000000e+00 1.229443008527e-01
8.500000000000e+00 7.788887302563e-02
9.000000000000e+00 4.244373300121e-02
9.500000000000e+00 1.738797134646e-02
1.000000000000e+01 3.260812971939e-03
1.050000000000e+01 3.507090658097e-04
1.100000000000e+01 8.690247954526e-03
1.150000000000e+01 2.805692496455e-02
1.200000000000e+01 5.797967601369e-02
1.250000000000e+01 9.775095055556e-02
1.300000000000e+01 1.464439794684e-01
1.350000000000e+01 2.029347849364e-01
1.400000000000e+01 2.659283842823e-01
1.450000000000e+01 3.339885595650e-01
1.500000000000e+01 4.055705005817e-01
1.550000000000e+01 4.790555812732e-01
1.600000000000e+01 5.527874985896e-01
1.650000000000e+01 6.251089883992e-01
1.700000000000e+01 6.943983344915e-01
1.750000000000e+01 7.591049033262e-01
1.800000000000e+01 8.177829679222e-01
1.850000000000e+01 8.691231280110e-01
1.900000000000e+01 9.119806890511e-01
1.950000000000e+01 9.454004286146e-01
2.000000000000e+01 9.686372536888e-01
2.050000000000e+01 9.811723352490e-01
2.100000000000e+01 9.827243957371e-01
2.150000000000e+01 9.732559195053e-01
2.200000000000e+01 9.529741545416e-01
2.250000000000e+01 9.223268745475e-01
2.300000000000e+01 8.819929723428e-01
2.350000000000e+01 8.328680571946e-01
2.400000000000e+01 7.760453285545e-01
2.450000000000e+01 7.127920952744e-01
2.500000000000e+01 6.445224010323e-01
2.550000000000e+01 5.727663017422e-01
2.600000000000e+01 4.991364173852e-01
2.650000000000e+01 4.252924472185e-01
2.700000000000e+01 3.529043919386e-01
2.750000000000e+01 2.836152674135e-01
2.800000000000e+01 2.190041205142e-01
2.850000000000e+01 1.605501670223e-01
2.900000000000e+01 1.095988634923e-01
2.950000000000e+01 6.733069858046e-02
3.000000000000e+01 3.473344438362e-02
3.050000000000e+01 1.257854490478e-02
3.100000000000e+01 1.402237515385e-03
3.150000000000e+01 1.491905394636e-03
3.200000000000e+01 1.287804610995e-02
3.250000000000e+01 3.533211600418e-02
3.300000000000e+01 6.837037461622e-02
3.350000000000e+01 1.112637111587e-01
3.400000000000e+01 1.630532896490e-01
3.450000000000e+01 2.225717044423e-01
3.500000000000e+01 2.884691975943e-01
3.550000000000e+01 3.592443576823e-01
3.600000000000e+01 4.332786002903e-01
3.650000000000e+01 5.088736269725e-01
3.700000000000e+01 5.842909754015e-01
3.750000000000e+01 6.577927113556e-01
3.800000000000e+01 7.276822753808e-01
3.850000000000e+01 7.923444848494e-01
3.900000000000e+01 8.502837064558e-01
3.950000000000e+01 9.001592548687e-01
4.000000000000e+01 9.408171394170e-01
4.050000000000e+01 9.713173706512e-01
4.100000000000e+01 9.909561499861e-01
4.150000000000e+01 9.992823953024e-01
4.200000000000e+01 9.961081997267e-01
4.250000000000e+01 9.815129757036e-01
4.300000000000e+01 9.558411975238e-01
4.350000000000e+01 9.196938180843e-01
4.400000000000e+01 8.739135952468e-01
4.450000000000e+01 8.195647152673e-01
4.500000000000e+01 7.579072412280e-01
4.550000000000e+01 6.903670394450e-01
4.600000000000e+01 6.185019432353e-01
4.650000000000e+01 5.439649985907e-01
4.700000000000e+01 4.684656983166e-01
4.750000000000e+01 3.937301488743e-01
4.800000000000e+01 3.214611270769e-01
4.850000000000e+01 2.532989722515e-01
4.900000000000e+01 1.907842244829e-01
4.950000000000e+01 1.353228627406e-01
5.000000000000e+01 8.815492025672e-02
5.050000000000e+01 5.032716110309e-02
5.100000000000e+01 2.267039452307e-02
5.150000000000e+01 5.781885422575e-03
5.200000000000e+01 1.319387802979e-05
5.250000000000e+01 5.463646927477e-03
5.300000000000e+01 2.197951554369e-02
5.350000000000e+01 4.915884162436e-02
5.400000000000e+01 8.636173689352e-02
5.450000000000e+01 1.327258602918e-01
5.500000000000e+01 1.871866748791e-01
5.550000000000e+01 2.485019912377e-01
5.600000000000e+01 3.152802232160e-01
5.650000000000e+01 3.860117145698e-01
5.700000000000e+01 4.591024422856e-01
5.750000000000e+01 5.329093643907e-01
5.800000000000e+01 6.057766569119e-01
5.850000000000e+01 6.760720761007e-01
5.900000000000e+01 7.422226876969e-01
5.950000000000e+01 8.027492242736e-01
6.000000000000e+01 8.562983639086e-01
6.050000000000e+01 9.016722677899e-01
6.100000000000e+01 9.378547700170e-01
6.150000000000e+01 9.640336789184e-01
6.200000000000e+01 9.796187246809e-01
6.250000000000e+01 9.842547719649e-01
6.300000000000e+01 9.778300073347e-01
6.350000000000e+01 9.604789085802e-01
6.400000000000e+01 9.325799050130e-01
6.450000000000e+01 8.947477431559e-01
6.500000000000e+01 8.478206793134e-01
6.550000000000e+01 7.928427275775e-01
6.600000000000e+01 7.310412970095e-01
6.650000000000e+01 6.638006530221e-01
6.700000000000e+01 5.926317332540e-01
6.750000000000e+01 5.191389352862e-01
6.800000000000e+01 4.449845702006e-01
6.850000000000e+01 3.718517400622e-01
6.900000000000e+01 3.014064468777e-01
6.950000000000e+01 2.352597736096e-01
7.000000000000e+01 1.749309928206e-01
7.050000000000e+01 1.218124542852e-01
7.100000000000e+01 7.713707863636e-02
7.150000000000e+01 4.194923952013e-02
7.200000000000e+01 1.707975205822e-02
7.250000000000e+01 3.125601484402e-03
7.300000000000e+01 4.349440528940e-04
7.350000000000e+01 9.097794707081e-03
7.400000000000e+01 2.894268511415e-02
7.450000000000e+01 5.953943457481e-02
7.500000000000e+01 1.002080285040e-01
7.550000000000e+01 1.500334484760e-01
7.600000000000e+01 2.078861482891e-01
7.650000000000e+01 2.724477262820e-01
7.700000000000e+01 3.422412093346e-01
7.750000000000e+01 4.156652425601e-01
7.800000000000e+01 4.910313742613e-01
7.850000000000e+01 5.666035414884e-01
7.900000000000e+01 6.406388001227e-01
7.950000000000e+01 7.114283068261e-01
8.000000000000e+01 7.773375496864e-01
8.050000000000e+01 8.368448404460e-01
8.100000000000e+01 8.885771235053e-01
8.150000000000e+01 9.313422243237e-01
8.200000000000e+01 9.641567505313e-01
8.250000000000e+01 9.862689704200e-01
8.300000000000e+01 9.971761223234e-01
8.350000000000e+01 9.966357510089e-01
8.400000000000e+01 9.846708195072e-01
8.450000000000e+01 9.615685024673e-01
8.500000000000e+01 9.278727257173e-01
8.550000000000e+01 8.843706718354e-01
8.600000000000e+01 8.320736190061e-01
8.650000000000e+01 7.721926163442e-01
8.700000000000e+01 7.061096197795e-01
8.750000000000e+01 6.353448155658e-01
8.800000000000e+01 5.615209411980e-01
8.850000000000e+01 4.863254743191e-01
8.900000000000e+01 4.114715980960e-01
8.950000000000e+01 3.386588662411e-01
9.000000000000e+01 2.695344827067e-01
9.050000000000e+01 2.056560810728e-01
9.100000000000e+01 1.484568383011e-01
9.150000000000e+01 9.921368883848e-02
9.200000000000e+01 5.901932041336e-02
9.250000000000e+01 2.875853492998e-02
9.300000000000e+01 9.089449486503e-03
9.350000000000e+01 4.298966616345e-04
9.400000000000e+01 2.949262759864e-03
9.450000000000e+01 1.656588053145e-02
9.500000000000e+01 4.094997167898e-02
9.550000000000e+01 7.553201670958e-02
9.600000000000e+01 1.195163176164e-01
9.650000000000e+01 1.718994144218e-01
9.700000000000e+01 2.314929214410e-01
9.750000000000e+01 2.969502645899e-01
9.800000000000e+01 3.667967282497e-01
9.850000000000e+01 4.394621599252e-01
9.900000000000e+01 5.133156337931e-01
9.950000000000e+01 5.867013405904e-01
1.000000000000e+02 6.579749513578e-01
1.005000000000e+02 7.255396963535e-01
1.010000000000e+02 7.878814079130e-01
1.015000000000e+02 8.436017969282e-01
1.020000000000e+02 8.914492666295e-01
1.025000000000e+02 9.303466140449e-01
1.030000000000e+02 9.594150282993e-01
1.035000000000e+02 9.779938651306e-01
1.040000000000e+02 9.856557577531e-01
1.045000000000e+02 9.822167144892e-01
1.050000000000e+02 9.677409521841e-01
1.055000000000e+02 9.425403198779e-01
1.060000000000e+02 9.071682778999e-01
1.065000000000e+02 8.624085115839e-01
1.070000000000e+02 8.092583741021e-01
1.075000000000e+02 7.489074672052e-01
1.080000000000e+02 6.827117795009e-01
1.085000000000e+02 6.121639067547e-01
1.090000000000e+02 5.388599749758e-01
1.095000000000e+02 4.644639721607e-01
1.100000000000e+02 3.906702660516e-01
1.105000000000e+02 3.191651408231e-01
1.110000000000e+02 2.515882232211e-01
1.115000000000e+02 1.894946866801e-01
1.120000000000e+02 1.343191191153e-01
1.125000000000e+02 8.734191570700e-02
1.130000000000e+02 4.965901191422e-02
1.135000000000e+02 2.215570463619e-02
1.140000000000e+02 5.485221957701e-03
1.145000000000e+02 5.259598481453e-05
1.150000000000e+02 6.004271203842e-03
1.155000000000e+02 2.322374544644e-02
1.160000000000e+02 5.133339525895e-02
1.165000000000e+02 8.970248599554e-02
1.170000000000e+02 1.374612133024e-01
1.175000000000e+02 1.935204710195e-01
1.180000000000e+02 2.565968951106e-01
1.185000000000e+02 3.252425981490e-01
1.190000000000e+02 3.978788880012e-01
1.195000000000e+02 4.728331611610e-01
1.200000000000e+02 5.483780786902e-01
1.205000000000e+02 6.227720733361e-01
1.210000000000e+02 6.943002018528e-01
1.215000000000e+02 7.613143478563e-01
1.220000000000e+02 8.222717979202e-01
1.225000000000e+02 8.757712565303e-01
1.230000000000e+02 9.205854326684e-01
1.235000000000e+02 9.556894201688e-01
1.240000000000e+02 9.802842029678e-01
1.245000000000e+02 9.938147417361e-01
1.250000000000e+02 9.959822365450e-01
1.255000000000e+02 9.867503072373e-01
1.260000000000e+02 9.663449849288e-01
1.265000000000e+02 9.352485604247e-01
1.270000000000e+02 8.941874841990e-01
1.275000000000e+02 8.441146541159e-01
1.280000000000e+02 7.861865577123e-01
1.285000000000e+02 7.217358525048e-01
1.290000000000e+02 6.522400677976e-01
1.295000000000e+02 5.792871927883e-01
1.300000000000e+02 5.045389769178e-01
1.305000000000e+02 4.296928085127e-01
1.310000000000e+02 3.564430565497e-01
1.315000000000e+02 2.864427581210e-01
1.320000000000e+02 2.212665117113e-01
1.325000000000e+02 1.623753949992e-01
1.330000000000e+02 1.110846672346e-01
1.335000000000e+02 6.853494231830e-02
1.340000000000e+02 3.566743175968e-02
1.345000000000e+02 1.320375909312e-02
1.350000000000e+02 1.630741580285e-03
1.355000000000e+02 1.190423598742e-03
1.360000000000e+02 1.187553146000e-02
1.365000000000e+02 3.343040385987e-02
1.370000000000e+02 6.535733795065e-02
1.375000000000e+02 1.069281801835e-01
1.380000000000e+02 1.572008854681e-01
1.385000000000e+02 2.150406695105e-01
1.390000000000e+02 2.791452889108e-01
1.395000000000e+02 3.480739030316e-01
1.400000000000e+02 4.202789019319e-01
1.405000000000e+02 4.941400267555e-01
1.410000000000e+02 5.680000637072e-01
1.415000000000e+02 6.402013608053e-01
1.420000000000e+02 7.091223985115e-01
1.425000000000e+02 7.732136414914e-01
1.430000000000e+02 8.310319093897e-01
1.435000000000e+02 8.812725296874e-01
1.440000000000e+02 9.227985753272e-01
1.445000000000e+02 9.546665435206e-01
1.450000000000e+02 9.761478994450e-01
1.455000000000e+02 9.867459885817e-01
1.460000000000e+02 9.862079131632e-01
1.465000000000e+02 9.745310702203e-01
1.470000000000e+02 9.519641593762e-01
1.475000000000e+02 9.190025858808e-01
1.480000000000e+02 8.763783061714e-01
1.485000000000e+02 8.250442870078e-01
1.490000000000e+02 7.661538722833e-01
1.495000000000e+02 7.010354711002e-01
1.500000000000e+02 6.311630937188e-01
1.505000000000e+02 5.581233655935e-01
1.510000000000e+02 4.835797410609e-01
1.515000000000e+02 4.092347146616e-01
1.520000000000e+02 3.367908871374e-01
1.525000000000e+02 2.679117828021e-01
1.530000000000e+02 2.041833336043e-01
1.535000000000e+02 1.470769416855e-01
1.540000000000e+02 9.791500605818e-02
1.545000000000e+02 5.783975026665e-02
1.550000000000e+02 2.778611729456e-02
1.555000000000e+02 8.459406914487e-03
1.560000000000e+02 3.182211535489e-04
1.565000000000e+02 3.563158157469e-03
1.570000000000e+02 1.813155658792e-02
1.575000000000e+02 4.369844532509e-02
1.580000000000e+02 7.968370054561e-02
1.585000000000e+02 1.252652582952e-01
1.590000000000e+02 1.793980796573e-01
1.595000000000e+02 2.408384216682e-01
1.600000000000e+02 3.081728342200e-01
1.605000000000e+02 3.798511849763e-01
1.610000000000e+02 4.542229140696e-01
1.615000000000e+02 5.295756407642e-01
1.620000000000e+02 6.041751874906e-01
1.625000000000e+02 6.763060541352e-01
1.630000000000e+02 7.443113679426e-01
1.635000000000e+02 8.066313518800e-01
1.640000000000e+02 8.618393961130e-01
1.645000000000e+02 9.086748819644e-01
1.650000000000e+02 9.460719933491e-01
1.655000000000e+02 9.731838546285e-01
1.660000000000e+02 9.894014530591e-01
1.665000000000e+02 9.943669351364e-01
1.670000000000e+02 9.879810055000e-01
1.675000000000e+02 9.704043009180e-01
1.680000000000e+02 9.420527564095e-01
1.685000000000e+02 9.035871221349e-01
1.690000000000e+02 8.558969247986e-01
1.695000000000e+02 8.000792928104e-01
1.700000000000e+02 7.374131775260e-01
1.705000000000e+02 6.693296011896e-01
1.710000000000e+02 5.973786438285e-01
1.715000000000e+02 5.231939449275e-01
1.720000000000e+02 4.484555403592e-01
1.725000000000e+02 3.748518803767e-01
1.730000000000e+02 3.040418805868e-01
1.735000000000e+02 2.376178452281e-01
1.740000000000e+02 1.770700716966e-01
1.745000000000e+02 1.237538983327e-01
1.750000000000e+02 7.885989552431e-02
1.755000000000e+02 4.338782493661e-02
1.760000000000e+02 1.812490504125e-02
1.765000000000e+02 3.628825101029e-03
1.770000000000e+02 2.158464374736e-04
1.775000000000e+02 7.954221262302e-03
1.780000000000e+02 2.666304766814e-02
1.785000000000e+02 5.591656659289e-02
1.790000000000e+02 9.505379467817e-02
1.795000000000e+02 1.431932778505e-01
1.800000000000e+02 1.992526459927e-01
1.805000000000e+02 2.619725509872e-01
1.810000000000e+02 3.299444803494e-01
1.815000000000e+02 4.016418581704e-01
1.820000000000e+02 4.754537755990e-01
1.825000000000e+02 5.497206359103e-01
1.830000000000e+02 6.227709555258e-01
1.835000000000e+02 6.929585331597e-01
1.840000000000e+02 7.586991854173e-01
1.845000000000e+02 8.185062492740e-01
1.850000000000e+02 8.710240702816e-01
1.855000000000e+02 9.150587302029e-01
1.860000000000e+02 9.496053188406e-01
1.865000000000e+02 9.738711215765e-01
1.870000000000e+02 9.872941756789e-01
1.875000000000e+02 9.895567435150e-01
1.880000000000e+02 9.805933577960e-01
1.885000000000e+02 9.605932109057e-01
1.890000000000e+02 9.299967848836e-01
1.895000000000e+02 8.894867481480e-01
1.900000000000e+02 8.399732766422e-01
1.905000000000e+02 7.825740877324e-01
1.910000000000e+02 7.185896016595e-01
1.915000000000e+02 6.494737644580e-01
1.920000000000e+02 5.768011748227e-01
1.925000000000e+02 5.022312524418e-01
1.930000000000e+02 4.274702640630e-01
1.935000000000e+02 3.542320836229e-01
1.940000000000e+02 2.841986021768e-01
1.945000000000e+02 2.189807206597e-01
1.950000000000e+02 1.600808528134e-01
1.955000000000e+02 1.088578366556e-01
1.960000000000e+02 6.649510103288e-02
1.965000000000e+02 3.397286012715e-02
1.970000000000e+02 1.204501493923e-02
1.975000000000e+02 1.221329014749e-03
1.980000000000e+02 1.755318823321e-03
1.985000000000e+02 1.363816049939e-02
1.990000000000e+02 3.659876773915e-02
1.995000000000e+02 7.011004440151e-02
2.000000000000e+02 1.134011638066e-01
2.005000000000e+02 1.654755788997e-01
2.010000000000e+02 2.251343272883e-01
2.015000000000e+02 2.910040663616e-01
2.020000000000e+02 3.615691596434e-01
2.025000000000e+02 4.352070391325e-01
2.030000000000e+02 5.102259920568e-01
2.035000000000e+02 5.849044660377e-01
2.040000000000e+02 6.575309553038e-01
2.045000000000e+02 7.264435228524e-01
2.050000000000e+02 7.900680291990e-01
2.055000000000e+02 8.469541768152e-01
2.060000000000e+02 8.958085391729e-01
2.065000000000e+02 9.355238225753e-01
2.070000000000e+02 9.652037052993e-01
2.075000000000e+02 9.841827092271e-01
2.080000000000e+02 9.920406810656e-01
2.085000000000e+02 9.886115901996e-01
2.090000000000e+02 9.739864848448e-01
2.095000000000e+02 9.485105841435e-01
2.100000000000e+02 9.127746179081e-01
2.105000000000e+02 8.676006548129e-01
2.110000000000e+02 8.140227811122e-01
2.115000000000e+02 7.532631029113e-01
2.120000000000e+02 6.867036434306e-01
2.125000000000e+02 6.158547908007e-01
2.130000000000e+02 5.423210202725e-01
2.135000000000e+02 4.677646663245e-01
2.140000000000e+02 3.938685543770e-01
2.145000000000e+02 3.222983184360e-01
2.150000000000e+02 2.546652301148e-01
2.155000000000e+02 1.924903465404e-01
2.160000000000e+02 1.371707504096e-01
2.165000000000e+02 8.994860587613e-02
2.170000000000e+02 5.188369028484e-02
2.175000000000e+02 2.382998540614e-02
2.180000000000e+02 6.416824372310e-03
2.185000000000e+02 3.499367327584e-05
2.190000000000e+02 4.828085180624e-03
2.195000000000e+02 2.068928315169e-02
2.200000000000e+02 4.726365751655e-02
2.205000000000e+02 8.395591952342e-02
2.210000000000e+02 1.299434810967e-01
2.215000000000e+02 1.841945471521e-01
2.220000000000e+02 2.454908627165e-01
2.225000000000e+02 3.124546360887e-01
2.230000000000e+02 3.835790674669e-01
2.235000000000e+02 4.572618313958e-01
2.240000000000e+02 5.318407928503e-01
2.245000000000e+02 6.056311824208e-01
2.250000000000e+02 6.769634173377e-01
2.255000000000e+02 7.442207331517e-01
2.260000000000e+02 8.058757866738e-01
2.265000000000e+02 8.605254048247e-01
2.270000000000e+02 9.069226865427e-01
2.275000000000e+02 9.440057156240e-01
2.280000000000e+02 9.709222106724e-01
2.285000000000e+02 9.870495231402e-01
2.290000000000e+02 9.920094942021e-01
2.295000000000e+02 9.856777939807e-01
2.300000000000e+02 9.681874900773e-01
2.305000000000e+02 9.399267237418e-01
2.310000000000e+02 9.015305083427e-01
2.315000000000e+02 8.538668028272e-01
2.320000000000e+02 7.980171492126e-01
2.325000000000e+02 7.352522943840e-01
2.330000000000e+02 6.670033391868e-01
2.335000000000e+02 5.948290687333e-01
2.340000000000e+02 5.203802139800e-01
2.345000000000e+02 4.453614732771e-01
2.350000000000e+02 3.714921814925e-01
2.355000000000e+02 3.004665517038e-01
2.360000000000e+02 2.339144291330e-01
2.365000000000e+02 1.733634883782e-01
2.370000000000e+02 1.202037731162e-01
2.375000000000e+02 7.565542300304e-02
2.380000000000e+02 4.074035678204e-02
2.385000000000e+02 1.625858554451e-02
2.390000000000e+02 2.769718109380e-03
2.395000000000e+02 5.800945160060e-04
2.400000000000e+02 9.735846947129e-03
2.405000000000e+02 3.002204360464e-02
2.410000000000e+02 6.096792389502e-02
2.415000000000e+02 1.018580865713e-01
2.420000000000e+02 1.517493499940e-01
2.425000000000e+02 2.094928690333e-01
2.430000000000e+02 2.737609696917e-01
2.435000000000e+02 3.430780533003e-01
2.440000000000e+02 4.158548296902e-01
2.445000000000e+02 4.904250651789e-01
2.450000000000e+02 5.650839780501e-01
2.455000000000e+02 6.381273824656e-01
2.460000000000e+02 7.078906718004e-01
2.465000000000e+02 7.727867440979e-01
2.470000000000e+02 8.313420049807e-01
2.475000000000e+02 8.822296357296e-01
2.480000000000e+02 9.242993846900e-01
2.485000000000e+02 9.566032266378e-01
2.490000000000e+02 9.784163348846e-01
2.495000000000e+02 9.892529221011e-01
2.500000000000e+02 9.888766253402e-01
2.505000000000e+02 9.773052356659e-01
2.510000000000e+02 9.548097002855e-01
2.515000000000e+02 9.219074522873e-01
2.520000000000e+02 8.793502473142e-01
2.525000000000e+02 8.281068051637e-01
2.530000000000e+02 7.693406650786e-01
2.535000000000e+02 7.043837642319e-01
2.540000000000e+02 6.347063377927e-01
2.545000000000e+02 5.618838144011e-01
2.550000000000e+02 4.875614416155e-01
2.555000000000e+02 4.134174209548e-01
2.560000000000e+02 3.411253608550e-01
2.565000000000e+02 2.723168678300e-01
2.570000000000e+02 2.085450912745e-01
2.575000000000e+02 1.512500158653e-01
2.580000000000e+02 1.017262578836e-01
2.585000000000e+02 6.109406871696e-02
2.590000000000e+02 3.027418130621e-02
2.595000000000e+02 9.967054596151e-03
2.600000000000e+02 6.369786224911e-04
2.605000000000e+02 2.501400377668e-03
2.610000000000e+02 1.552571996420e-02
2.615000000000e+02 3.942368982740e-02
2.620000000000e+02 7.366342930600e-02
2.625000000000e+02 1.174789447220e-01
2.630000000000e+02 1.698869242204e-01
2.635000000000e+02 2.297084590993e-01
2.640000000000e+02 2.955952319843e-01
2.645000000000e+02 3.660596094050e-01
2.650000000000e+02 4.395079845338e-01
2.655000000000e+02 5.142766373223e-01
2.660000000000e+02 5.886693160317e-01
2.665000000000e+02 6.609956980085e-01
2.670000000000e+02 7.296098599054e-01
2.675000000000e+02 7.929478794591e-01
2.680000000000e+02 8.495637030151e-01
2.685000000000e+02 8.981624453775e-01
2.690000000000e+02 9.376303409064e-01
2.695000000000e+02 9.670606362140e-01
2.700000000000e+02 9.857748039615e-01
2.705000000000e+02 9.933385622552e-01
2.710000000000e+02 9.895723026767e-01
2.715000000000e+02 9.745556593235e-01
2.720000000000e+02 9.486260883220e-01
2.725000000000e+02 9.123714687648e-01
2.730000000000e+02 8.666168784124e-01
2.735000000000e+02 8.124058371931e-01
2.740000000000e+02 7.509764449515e-01
2.745000000000e+02 6.837329636001e-01
2.750000000000e+02 6.122135045804e-01
2.755000000000e+02 5.380545774340e-01
2.760000000000e+02 4.629533318310e-01
2.765000000000e+02 3.886283815624e-01
2.770000000000e+02 3.167801333320e-01
2.775000000000e+02 2.490515547533e-01
2.780000000000e+02 1.869903045334e-01
2.785000000000e+02 1.320131137234e-01
2.790000000000e+02 8.537325109871e-02
2.795000000000e+02 4.813182972658e-02
2.800000000000e+02 2.113361763447e-02
2.805000000000e+02 4.987905723882e-03
2.810000000000e+02 5.486358343710e-05
2.815000000000e+02 6.437681833483e-03
2.820000000000e+02 2.398066147778e-02
2.825000000000e+02 5.227326994736e-02
2.830000000000e+02 9.066004359599e-02
2.835000000000e+02 1.382560807586e-01
2.840000000000e+02 1.939677413376e-01
2.845000000000e+02 2.565180512060e-01
2.850000000000e+02 3.244762051368e-01
2.855000000000e+02 3.962904727352e-01
2.860000000000e+02 4.703237397598e-01
2.865000000000e+02 5.448908636261e-01
2.870000000000e+02 6.182969876661e-01
2.875000000000e+02 6.888759442307e-01
2.880000000000e+02 7.550278819491e-01
2.885000000000e+02 8.152552768265e-01
2.890000000000e+02 8.681965294972e-01
2.895000000000e+02 9.126564105278e-01
2.900000000000e+02 9.476326906033e-01
2.905000000000e+02 9.723383808282e-01
2.910000000000e+02 9.862191081500e-01
2.915000000000e+02 9.889652597995e-01
2.920000000000e+02 9.805186462564e-01
2.925000000000e+02 9.610735521631e-01
2.930000000000e+02 9.310721663412e-01
2.935000000000e+02 8.911945031854e-01
2.940000000000e+02 8.423430458291e-01
2.945000000000e+02 7.856224542974e-01
2.950000000000e+02 7.223147872248e-01
2.955000000000e+02 6.538507815898e-01
2.960000000000e+02 5.817778194705e-01
2.965000000000e+02 5.077252824021e-01
2.970000000000e+02 4.333680511009e-01
2.975000000000e+02 3.603889499333e-01
2.980000000000e+02 2.904409606224e-01
2.985000000000e+02 2.251100376858e-01
2.990000000000e+02 1.658793486276e-01
2.995000000000e+02 1.140957349701e-01
3.000000000000e+02 7.093914610111e-02
3.005000000000e+02 3.739573729479e-02
3.010000000000e+02 1.423524712473e-02
3.015000000000e+02 1.993179165529e-03
3.020000000000e+02 9.582100474584e-04
3.025000000000e+02 1.116513256955e-02
3.030000000000e+02 3.239352096880e-02
3.035000000000e+02 6.417217811852e-02
3.040000000000e+02 1.057892941298e-01
3.045000000000e+02 1.563081154542e-01
3.050000000000e+02 2.145877961269e-01
3.055000000000e+02 2.793089812643e-01
3.060000000000e+02 3.490035602999e-01
3.065000000000e+02 4.220879265570e-01
3.070000000000e+02 4.968989932235e-01
3.075000000000e+02 5.717321459747e-01
3.080000000000e+02 6.448802613501e-01
3.085000000000e+02 7.146728890881e-01
3.090000000000e+02 7.795146870309e-01
3.095000000000e+02 8.379222094570e-01
3.100000000000e+02 8.885581837893e-01
3.105000000000e+02 9.302624659379e-01
3.110000000000e+02 9.620789399461e-01
3.115000000000e+02 9.832777213787e-01
3.120000000000e+02 9.933721338260e-01
3.125000000000e+02 9.921300513153e-01
3.130000000000e+02 9.795793332672e-01
3.135000000000e+02 9.560072195566e-01
3.140000000000e+02 9.219536976600e-01
3.145000000000e+02 8.781989981312e-01
3.150000000000e+02 8.257455150627e-01
3.155000000000e+02 7.657945811903e-01
3.160000000000e+02 6.997186495182e-01
3.165000000000e+02 6.290295417106e-01
3.170000000000e+02 5.553435153331e-01
3.175000000000e+02 4.803439751150e-01
3.180000000000e+02 4.057427060256e-01
3.185000000000e+02 3.332405369821e-01
3.190000000000e+02 2.644883528524e-01
3.195000000000e+02 2.010493591149e-01
3.200000000000e+02 1.443634686825e-01
3.205000000000e+02 9.571462512276e-02
3.210000000000e+02 5.620180246730e-02
3.215000000000e+02 2.671433106477e-02
3.220000000000e+02 7.912093962533e-03
3.225000000000e+02 2.110218440144e-04
3.230000000000e+02 3.774189569218e-03
3.235000000000e+02 1.850868695365e-02
3.240000000000e+02 4.406830371237e-02
3.245000000000e+02 7.986193658667e-02
3.250000000000e+02 1.250674985525e-01
3.255000000000e+02 1.786509884835e-01
3.260000000000e+02 2.393902672819e-01
3.265000000000e+02 3.059029855806e-01
3.270000000000e+02 3.766780206218e-01
3.275000000000e+02 4.501097074401e-01
3.280000000000e+02 5.245340932822e-01
3.285000000000e+02 5.982664051323e-01
3.290000000000e+02 6.696388988145e-01
3.295000000000e+02 7.370382545408e-01
3.300000000000e+02 7.989416977650e-01
3.305000000000e+02 8.539510552782e-01
3.310000000000e+02 9.008240038000e-01
3.315000000000e+02 9.385018307928e-01
3.320000000000e+02 9.661331034954e-01
3.325000000000e+02 9.830927306702e-01
3.330000000000e+02 9.889960005103e-01
3.335000000000e+02 9.837072856388e-01
3.340000000000e+02 9.673432200570e-01
3.345000000000e+02 9.402702710848e-01
3.350000000000e+02 9.030967495082e-01
3.355000000000e+02 8.566594209654e-01
3.360000000000e+02 8.020049987161e-01
3.365000000000e+02 7.403669099962e-01
3.370000000000e+02 6.731378328504e-01
3.375000000000e+02 6.018385954473e-01
3.380000000000e+02 5.280841133083e-01
3.385000000000e+02 4.535471096982e-01
3.390000000000e+02 3.799204189151e-01
3.395000000000e+02 3.088787099254e-01
3.400000000000e+02 2.420404875643e-01
3.405000000000e+02 1.809312295544e-01
3.410000000000e+02 1.269484994689e-01
3.415000000000e+02 8.132983846733e-02
3.420000000000e+02 4.512418259547e-02
3.425000000000e+02 1.916747855015e-02
3.430000000000e+02 4.063080390901e-03
3.435000000000e+02 1.674045142690e-04
3.440000000000e+02 7.581202485893e-03
3.445000000000e+02 2.614668361037e-02
3.450000000000e+02 5.545058431413e-02
3.455000000000e+02 9.483314266874e-02
3.460000000000e+02 1.434027970359e-01
3.465000000000e+02 2.000562913075e-01
3.470000000000e+02 2.635037389862e-01
3.475000000000e+02 3.322980777624e-01
3.480000000000e+02 4.048682384603e-01
3.485000000000e+02 4.795552601187e-01
3.490000000000e+02 5.546505090770e-01
3.495000000000e+02 6.284351062877e-01
3.500000000000e+02 6.992196352339e-01
3.505000000000e+02 7.653831937517e-01
3.510000000000e+02 8.254108671049e-01
3.515000000000e+02 8.779287365769e-01
3.520000000000e+02 9.217355967275e-01
3.525000000000e+02 9.558306338524e-01
3.530000000000e+02 9.794364160047e-01
3.535000000000e+02 9.920166586710e-01
3.540000000000e+02 9.932883568588e-01
3.545000000000e+02 9.832280106462e-01
3.550000000000e+02 9.620718136224e-01
3.555000000000e+02 9.303098184369e-01
3.560000000000e+02 8.886742371655e-01
3.565000000000e+02 8.381221727782e-01
3.570000000000e+02 7.798132082076e-01
3.575000000000e+02 7.150823982096e-01
3.580000000000e+02 6.454093135766e-01
3.585000000000e+02 5.723838749316e-01
3.590000000000e+02 4.976697824103e-01
3.595000000000e+02 4.229663966645e-01
3.600000000000e+02 3.499699549662e-01
3.605000000000e+02 2.803350134800e-01
3.610000000000e+02 2.156369932571e-01
3.615000000000e+02 1.573366739503e-01
3.620000000000e+02 1.067474268643e-01
3.625000000000e+02 6.500590939285e-02
3.630000000000e+02 3.304685810741e-02
3.635000000000e+02 1.158252004515e-02
3.640000000000e+02 1.087153541493e-03
3.645000000000e+02 1.786913903534e-03
3.650000000000e+02 1.365531800949e-02
3.655000000000e+02 3.641435823951e-02
3.660000000000e+02 6.954121265332e-02
3.665000000000e+02 1.122803775722e-01
3.670000000000e+02 1.636609331015e-01
3.675000000000e+02 2.225185438642e-01
3.680000000000e+02 2.875216983097e-01
3.685000000000e+02 3.572016022003e-01
3.690000000000e+02 4.299850667785e-01
3.695000000000e+02 5.042296709624e-01
3.700000000000e+02 5.782604307052e-01
3.705000000000e+02 6.504071781441e-01
3.710000000000e+02 7.190418388234e-01
3.715000000000e+02 7.826147973403e-01
3.720000000000e+02 8.396895601701e-01
3.725000000000e+02 8.889749588872e-01
3.730000000000e+02 9.293541869454e-01
3.735000000000e+02 9.599100277919e-01
3.740000000000e+02 9.799457102880e-01
3.745000000000e+02 9.890009178668e-01
3.750000000000e+02 9.868625790047e-01
3.755000000000e+02 9.735701765991e-01
3.760000000000e+02 9.494154307066e-01
3.765000000000e+02 9.149363305673e-01
3.770000000000e+02 8.709056155154e-01
3.775000000000e+02 8.183139277159e-01
3.780000000000e+02 7.583479800291e-01
3.785000000000e+02 6.923641970062e-01
3.790000000000e+02 6.218583934009e-01
3.795000000000e+02 5.484321500319e-01
3.800000000000e+02 4.737566289220e-01
3.805000000000e+02 3.995346361188e-01
3.810000000000e+02 3.274617895339e-01
3.815000000000e+02 2.591876789152e-01
3.820000000000e+02 1.962779145100e-01
3.825000000000e+02 1.401779493723e-01
3.830000000000e+02 9.217952740791e-02
3.835000000000e+02 5.339055548384e-02
3.840000000000e+02 2.470912413204e-02
3.845000000000e+02 6.802309021531e-03
3.850000000000e+02 9.027641837001e-05
3.855000000000e+02 4.736092797543e-03
3.860000000000e+02 2.064150451595e-02
3.865000000000e+02 4.744881129875e-02
3.870000000000e+02 8.454881079172e-02
3.875000000000e+02 1.310946443458e-01
3.880000000000e+02 1.860212303411e-01
3.885000000000e+02 2.480698345241e-01
3.890000000000e+02 3.158172006550e-01
3.895000000000e+02 3.877085526084e-01
3.900000000000e+02 4.620936839690e-01
3.905000000000e+02 5.372652756361e-01
3.910000000000e+02 6.114985280372e-01
3.915000000000e+02 6.830911636347e-01
3.920000000000e+02 7.504028482902e-01
3.925000000000e+02 8.118930967943e-01
3.930000000000e+02 8.661567679613e-01
3.935000000000e+02 9.119563168825e-01
3.940000000000e+02 9.482500544563e-01
3.945000000000e+02 9.742157648171e-01
3.950000000000e+02 9.892691469606e-01
3.955000000000e+02 9.930766745495e-01
3.960000000000e+02 9.855626041340e-01
3.965000000000e+02 9.669100032355e-01
3.970000000000e+02 9.375558122639e-01
3.975000000000e+02 8.981800944741e-01
3.980000000000e+02 8.496897626617e-01
3.985000000000e+02 7.931971968691e-01
3.990000000000e+02 7.299942811441e-01
3.995000000000e+02 6.615224869019e-01
4.000000000000e+02 5.893397136529e-01
4.005000000000e+02 5.150846632467e-01
4.010000000000e+02 4.404395702724e-01
4.015000000000e+02 3.670921383303e-01
4.020000000000e+02 2.966975394505e-01
4.025000000000e+02 2.308413223933e-01
4.030000000000e+02 1.710040457191e-01
4.035000000000e+02 1.185284045376e-01
4.040000000000e+02 7.458955723272e-02
4.045000000000e+02 4.016928195391e-02
4.050000000000e+02 1.603450422479e-02
4.055000000000e+02 2.720638734071e-03
4.060000000000e+02 5.200824372317e-04
4.065000000000e+02 9.476084736326e-03
4.070000000000e+02 2.938210595834e-02
4.075000000000e+02 5.978665981905e-02
4.080000000000e+02 1.000035211797e-01
4.085000000000e+02 1.491270692327e-01
4.090000000000e+02 2.060524302396e-01
4.095000000000e+02 2.694999849284e-01
4.100000000000e+02 3.380437153425e-01
4.105000000000e+02 4.101427858907e-01
4.110000000000e+02 4.841756850041e-01
4.115000000000e+02 5.584761984228e-01
4.120000000000e+02 6.313704438154e-01
4.125000000000e+02 7.012141700794e-01
4.130000000000e+02 7.664295139969e-01
4.135000000000e+02 8.255404123963e-01
4.140000000000e+02 8.772058898349e-01
4.145000000000e+02 9.202504800359e-01
4.150000000000e+02 9.536910935243e-01
4.155000000000e+02 9.767597134972e-01
4.160000000000e+02 9.889213859109e-01
4.165000000000e+02 9.898870667768e-01
4.170000000000e+02 9.796209980423e-01
4.175000000000e+02 9.583424012035e-01
4.180000000000e+02 9.265214026358e-01
4.185000000000e+02 8.848692339353e-01
4.190000000000e+02 8.343228815263e-01
4.195000000000e+02 7.760244893809e-01
4.200000000000e+02 7.112959438193e-01
4.205000000000e+02 6.416091868601e-01
4.210000000000e+02 5.685529113845e-01
4.215000000000e+02 4.937963845423e-01
4.220000000000e+02 4.190512226469e-01
4.225000000000e+02 3.460319989456e-01
4.230000000000e+02 2.764166031584e-01
4.235000000000e+02 2.118072871178e-01
4.240000000000e+02 1.536933233349e-01
4.245000000000e+02 1.034161725937e-01
4.250000000000e+02 6.213800311052e-02
4.255000000000e+02 3.081432839897e-02
4.260000000000e+02 1.017143543215e-02
4.265000000000e+02 6.891612248343e-04
4.270000000000e+02 2.589447403543e-03
4.275000000000e+02 1.583096195913e-02
4.280000000000e+02 4.010992884856e-02
4.285000000000e+02 7.486715336128e-02
4.290000000000e+02 1.193010782778e-01
4.295000000000e+02 1.723865569332e-01
4.300000000000e+02 2.328988883729e-01
4.305000000000e+02 2.994425306377e-01
4.310000000000e+02 3.704837942905e-01
4.315000000000e+02 4.443867225960e-01
4.320000000000e+02 5.194512897527e-01
4.325000000000e+02 5.939529960972e-01
4.330000000000e+02 6.661829104615e-01
4.335000000000e+02 7.344872053532e-01
4.340000000000e+02 7.973052501720e-01
4.345000000000e+02 8.532053704016e-01
4.350000000000e+02 9.009174451449e-01
4.355000000000e+02 9.393615994254e-01
4.360000000000e+02 9.676723488200e-01
4.365000000000e+02 9.852176692442e-01
4.370000000000e+02 9.916125908473e-01
4.375000000000e+02 9.867270485321e-01
4.380000000000e+02 9.706878590783e-01
4.385000000000e+02 9.438748327119e-01
4.390000000000e+02 9.069111618592e-01
4.395000000000e+02 8.606483585853e-01
4.400000000000e+02 8.061461319818e-01
4.405000000000e+02 7.446477050272e-01
4.410000000000e+02 6.775511650671e-01
4.415000000000e+02 6.063775214065e-01
4.420000000000e+02 5.327362062951e-01
4.425000000000e+02 4.582888010628e-01
4.430000000000e+02 3.847117969435e-01
4.435000000000e+02 3.136592102564e-01
4.440000000000e+02 2.467258644878e-01
4.445000000000e+02 1.854121281652e-01
4.450000000000e+02 1.310908582285e-01
4.455000000000e+02 8.497724510433e-02
4.460000000000e+02 4.810218929040e-02
4.465000000000e+02 2.128976149647e-02
4.470000000000e+02 5.139210913097e-03
4.475000000000e+02 1.189070517613e-05
4.480000000000e+02 6.023368116478e-03
4.485000000000e+02 2.304088040290e-02
4.490000000000e+02 5.068618899383e-02
4.495000000000e+02 8.834377460840e-02
4.500000000000e+02 1.351742073321e-01
4.505000000000e+02 1.901324196849e-01
4.510000000000e+02 2.519905092676e-01
4.515000000000e+02 3.193646024334e-01
4.520000000000e+02 3.907452233227e-01
4.525000000000e+02 4.645305352307e-01
4.530000000000e+02 5.390617552570e-01
4.535000000000e+02 6.126599900553e-01
4.540000000000e+02 6.836637016448e-01
4.545000000000e+02 7.504659888821e-01
4.550000000000e+02 8.115508633359e-01
4.555000000000e+02 8.655277086743e-01
4.560000000000e+02 9.111631406984e-01
4.565000000000e+02 9.474095309010e-01
4.570000000000e+02 9.734295195526e-01
4.575000000000e+02 9.886159240783e-01
4.580000000000e+02 9.926065436664e-01
4.585000000000e+02 9.852934700076e-01
4.590000000000e+02 9.668266347011e-01
4.595000000000e+02 9.376114536753e-01
4.600000000000e+02 8.983005650900e-01
4.605000000000e+02 8.497797964149e-01
4.610000000000e+02 7.931486353225e-01
4.615000000000e+02 7.296956141093e-01
4.620000000000e+02 6.608691449919e-01
4.625000000000e+02 5.882444602731e-01
4.630000000000e+02 5.134874136896e-01
4.635000000000e+02 4.383159841927e-01
4.640000000000e+02 3.644603883194e-01
4.645000000000e+02 2.936227500366e-01
4.650000000000e+02 2.274372959173e-01
4.655000000000e+02 1.674320378335e-01
4.660000000000e+02 1.149928748025e-01
4.665000000000e+02 7.133099071135e-02
4.670000000000e+02 3.745434661550e-02
4.675000000000e+02 1.414396706556e-02
4.680000000000e+02 1.935602047710e-03
4.685000000000e+02 1.107212760358e-03
4.690000000000e+02 1.167258420442e-02
4.695000000000e+02 3.338121441284e-02
4.700000000000e+02 6.572447329773e-02
4.705000000000e+02 1.079478678569e-01
4.710000000000e+02 1.590690991416e-01
4.715000000000e+02 2.179014540392e-01
4.720000000000e+02 2.830819453772e-01
4.725000000000e+02 3.531035005037e-01
4.730000000000e+02 4.263504041998e-01
4.735000000000e+02 5.011361288221e-01
4.740000000000e+02 5.757426345547e-01
4.745000000000e+02 6.484601965108e-01
4.750000000000e+02 7.176268133564e-01
4.755000000000e+02 7.816662737000e-01
4.760000000000e+02 8.391240005395e-01
4.765000000000e+02 8.886998589072e-01
4.770000000000e+02 9.292771952460e-01
4.775000000000e+02 9.599474763506e-01
4.780000000000e+02 9.800300079306e-01
4.785000000000e+02 9.890863347885e-01
4.790000000000e+02 9.869290529651e-01
4.795000000000e+02 9.736248956480e-01
4.800000000000e+02 9.494920859491e-01
4.805000000000e+02 9.150920777767e-01
4.810000000000e+02 8.712159281480e-01
4.815000000000e+02 8.188656579227e-01
4.820000000000e+02 7.592310609282e-01
4.825000000000e+02 6.936625120319e-01
4.830000000000e+02 6.236404015123e-01
4.835000000000e+02 5.507418850789e-01
4.840000000000e+02 4.766056854725e-01
4.845000000000e+02 4.028957124358e-01
4.850000000000e+02 3.312642829955e-01
4.855000000000e+02 2.633157237249e-01
4.860000000000e+02 2.005711214651e-01
4.865000000000e+02 1.444349595697e-01
4.870000000000e+02 9.616433396095e-02
4.875000000000e+02 5.684138811409e-02
4.880000000000e+02 2.734953961558e-02
4.885000000000e+02 8.353994317841e-03
4.890000000000e+02 2.869585998288e-04
4.895000000000e+02 3.337867146318e-03
4.900000000000e+02 1.744884438430e-02
4.905000000000e+02 4.231551373728e-02
4.910000000000e+02 7.739316175370e-02
4.915000000000e+02 1.219081555988e-01
4.920000000000e+02 1.748744041467e-01
4.925000000000e+02 2.351145468202e-01
4.930000000000e+02 3.012854523755e-01
4.935000000000e+02 3.719075140056e-01
4.940000000000e+02 4.453971395243e-01
4.945000000000e+02 5.201017580145e-01
4.950000000000e+02 5.943365992057e-01
4.955000000000e+02 6.664224508560e-01
4.960000000000e+02 7.347235642736e-01
4.965000000000e+02 7.976848603136e-01
4.970000000000e+02 8.538675888541e-01
4.975000000000e+02 9.019826147190e-01
4.980000000000e+02 9.409205425852e-01
4.985000000000e+02 9.697779524886e-01
4.990000000000e+02 9.878790954192e-01
4.995000000000e+02 9.947924940110e-01
5.000000000000e+02 9.903420046885e-01
5.005000000000e+02 9.746120225713e-01
5.010000000000e+02 9.479466461652e-01
5.015000000000e+02 9.109427621827e-01
5.020000000000e+02 8.644371581608e-01
5.025000000000e+02 8.094879180773e-01
5.030000000000e+02 7.473504999187e-01
5.035000000000e+02 6.794490301543e-01
5.040000000000e+02 6.073434744273e-01
5.045000000000e+02 5.326934528335e-01
5.050000000000e+02 4.572195586529e-01
5.055000000000e+02 3.826631084788e-01
5.060000000000e+02 3.107452971913e-01
5.065000000000e+02 2.431267515135e-01
5.070000000000e+02 1.813684702122e-01
5.075000000000e+02 1.268951072451e-01
5.080000000000e+02 8.096149708766e-02
5.085000000000e+02 4.462324053684e-02
5.090000000000e+02 1.871206673976e-02
5.095000000000e+02 3.816565860852e-03
5.100000000000e+02 2.687501286331e-04
5.105000000000e+02 8.136752849212e-03
5.110000000000e+02 2.722381953105e-02
5.115000000000e+02 5.707358690463e-02
5.120000000000e+02 9.698148874789e-02
5.125000000000e+02 1.460119763425e-01
5.130000000000e+02 2.030211001530e-01
5.135000000000e+02 2.666838716280e-01
5.140000000000e+02 3.355257130795e-01
5.145000000000e+02 4.079572120739e-01
5.150000000000e+02 4.823113266391e-01
5.155000000000e+02 5.568821402454e-01
5.160000000000e+02 6.299642415429e-01
5.165000000000e+02 6.998918032398e-01
5.170000000000e+02 7.650764565438e-01
5.175000000000e+02 8.240431010031e-01
5.180000000000e+02 8.754628525093e-01
5.185000000000e+02 9.181824124115e-01
5.190000000000e+02 9.512492355163e-01
5.195000000000e+02 9.739319813266e-01
5.200000000000e+02 9.857358482183e-01
5.205000000000e+02 9.864125112886e-01
5.210000000000e+02 9.759645083495e-01
5.215000000000e+02 9.546440420892e-01
5.220000000000e+02 9.229462871260e-01
5.225000000000e+02 8.815974061004e-01
5.230000000000e+02 8.315375869701e-01
5.235000000000e+02 7.738995124688e-01
5.240000000000e+02 7.099827607864e-01
5.245000000000e+02 6.412247127253e-01
5.250000000000e+02 5.691686040493e-01
5.255000000000e+02 4.954294118233e-01
5.260000000000e+02 4.216582999320e-01
5.265000000000e+02 3.495063714859e-01
5.270000000000e+02 2.805884845241e-01
5.275000000000e+02 2.164478824870e-01
5.280000000000e+02 1.585223726380e-01
5.285000000000e+02 1.081127544229e-01
5.290000000000e+02 6.635415610770e-02
5.295000000000e+02 3.419088260004e-02
5.300000000000e+02 1.235531078954e-02
5.305000000000e+02 1.351291895762e-03
5.310000000000e+02 1.442434105919e-03
5.315000000000e+02 1.264554435930e-02
5.320000000000e+02 3.472940673775e-02
5.325000000000e+02 6.721896803901e-02
5.330000000000e+02 1.094048903951e-01
5.335000000000e+02 1.603583181347e-01
5.340000000000e+02 2.189505935196e-01
5.345000000000e+02 2.838775457784e-01
5.350000000000e+02 3.536878723554e-01
5.355000000000e+02 4.268150330001e-01
5.360000000000e+02 5.016119887215e-01
5.365000000000e+02 5.763880411878e-01
5.370000000000e+02 6.494469662542e-01
5.375000000000e+02 7.191255900305e-01
5.380000000000e+02 7.838319292014e-01
5.385000000000e+02 8.420820105782e-01
5.390000000000e+02 8.925344992025e-01
5.395000000000e+02 9.340223001724e-01
5.400000000000e+02 9.655803566959e-01
5.405000000000e+02 9.864689449666e-01
5.410000000000e+02 9.961918639858e-01
5.415000000000e+02 9.945090334736e-01
5.420000000000e+02 9.814431429525e-01
5.425000000000e+02 9.572801368644e-01
5.430000000000e+02 9.225634706364e-01
5.435000000000e+02 8.780822270035e-01
5.440000000000e+02 8.248533364666e-01
5.445000000000e+02 7.640982961984e-01
5.450000000000e+02 6.972149237343e-01
5.455000000000e+02 6.257448112866e-01
5.460000000000e+02 5.513372596625e-01
5.465000000000e+02 4.757105641855e-01
5.470000000000e+02 4.006115958724e-01
5.475000000000e+02 3.277746672287e-01
5.480000000000e+02 2.588806919580e-01
5.485000000000e+02 1.955176409926e-01
5.490000000000e+02 1.391432636671e-01
5.495000000000e+02 9.105098361348e-02
5.500000000000e+02 5.233979572437e-02
5.505000000000e+02 2.388888584985e-02
5.510000000000e+02 6.337571813264e-03
5.515000000000e+02 7.102648575823e-05
5.520000000000e+02 5.212095080227e-03
5.525000000000e+02 2.161936376539e-02
5.530000000000e+02 4.889147957167e-02
5.535000000000e+02 8.637756671548e-02
5.540000000000e+02 1.331934361002e-01
5.545000000000e+02 1.882431467518e-01
5.550000000000e+02 2.502453537797e-01
5.555000000000e+02 3.177637700883e-01
5.560000000000e+02 3.892409808549e-01
5.565000000000e+02 4.630347824765e-01
5.570000000000e+02 5.374561723359e-01
5.575000000000e+02 6.108080927310e-01
5.580000000000e+02 6.814240314486e-01
5.585000000000e+02 7.477056018543e-01
5.590000000000e+02 8.081582657186e-01
5.595000000000e+02 8.614244204199e-01
5.600000000000e+02 9.063131465216e-01
5.605000000000e+02 9.418259995572e-01
5.610000000000e+02 9.671783285135e-01
5.615000000000e+02 9.818157103291e-01
5.620000000000e+02 9.854252019714e-01
5.625000000000e+02 9.779412267335e-01
5.630000000000e+02 9.595460268121e-01
5.635000000000e+02 9.306647277175e-01
5.640000000000e+02 8.919551695624e-01
5.645000000000e+02 8.442927639791e-01
5.650000000000e+02 7.887507317663e-01
5.655000000000e+02 7.265761640541e-01
5.660000000000e+02 6.591624277202e-01
5.665000000000e+02 5.880185031220e-01
5.670000000000e+02 5.147358982066e-01
5.675000000000e+02 4.409538272195e-01
5.680000000000e+02 3.683233740703e-01
5.685000000000e+02 2.984713796734e-01
5.690000000000e+02 2.329647989807e-01
5.695000000000e+02 1.732762668333e-01
5.700000000000e+02 1.207515921441e-01
5.705000000000e+02 7.657986725649e-02
5.710000000000e+02 4.176683384484e-02
5.715000000000e+02 1.711208865778e-02
5.720000000000e+02 3.190642290442e-03
5.725000000000e+02 3.392626715859e-04
5.730000000000e+02 8.647943008467e-03
5.735000000000e+02 2.795673275174e-02
5.740000000000e+02 5.785806121438e-02
5.745000000000e+02 9.770456859748e-02
5.750000000000e+02 1.466223404213e-01
5.755000000000e+02 2.035293210913e-01
5.760000000000e+02 2.671585631428e-01
5.765000000000e+02 3.360858533767e-01
5.770000000000e+02 4.087611485473e-01
5.775000000000e+02 4.835431543926e-01
5.780000000000e+02 5.587362955396e-01
5.785000000000e+02 6.326292528859e-01
5.790000000000e+02 7.035341919202e-01
5.795000000000e+02 7.698257722790e-01
5.800000000000e+02 8.299790172409e-01
5.805000000000e+02 8.826051330474e-01
5.810000000000e+02 9.264844023632e-01
5.815000000000e+02 9.605953337559e-01
5.820000000000e+02 9.841393289296e-01
5.825000000000e+02 9.965602300430e-01
5.830000000000e+02 9.975582286019e-01
5.835000000000e+02 9.870977522337e-01
5.840000000000e+02 9.654090927705e-01
5.845000000000e+02 9.329836945688e-01
5.850000000000e+02 8.905631816766e-01
5.855000000000e+02 8.391223618610e-01
5.860000000000e+02 7.798466001170e-01
5.865000000000e+02 7.141040996604e-01
5.870000000000e+02 6.434137603181e-01
5.875000000000e+02 5.694093988535e-01
5.880000000000e+02 4.938012097316e-01
5.885000000000e+02 4.183354154154e-01
5.890000000000e+02 3.447531004912e-01
5.895000000000e+02 2.747492424557e-01
5.900000000000e+02 2.099329435101e-01
5.905000000000e+02 1.517898325166e-01
5.910000000000e+02 1.016475456667e-01
5.915000000000e+02 6.064511030413e-02
5.920000000000e+02 2.970695140503e-02
5.925000000000e+02 9.522117700462e-03
5.930000000000e+02 5.291879883943e-04
5.935000000000e+02 2.907171897629e-03
5.940000000000e+02 1.657256743611e-02
5.945000000000e+02 4.118258436466e-02
5.950000000000e+02 7.614439196873e-02
5.955000000000e+02 1.206301061127e-01
5.960000000000e+02 1.735970971774e-01
5.965000000000e+02 2.338130807775e-01
5.970000000000e+02 2.998853496829e-01
5.975000000000e+02 3.702934202161e-01
5.980000000000e+02 4.434243010020e-01
5.985000000000e+02 5.176095471982e-01
5.990000000000e+02 5.911632394034e-01
5.995000000000e+02 6.624200230743e-01
6.000000000000e+02 7.297723605561e-01
6.005000000000e+02 7.917061824976e-01
6.010000000000e+02 8.468341767965e-01
6.015000000000e+02 8.939260193339e-01
6.020000000000e+02 9.319349294856e-01
6.025000000000e+02 9.600200224343e-01
6.030000000000e+02 9.775640273689e-01
6.035000000000e+02 9.841860434368e-01
6.040000000000e+02 9.797491116300e-01
6.045000000000e+02 9.643624885471e-01
6.050000000000e+02 9.383786152695e-01
6.055000000000e+02 9.023848796751e-01
6.060000000000e+02 8.571903718119e-01
6.065000000000e+02 8.038079280562e-01
6.070000000000e+02 7.434318494536e-01
6.075000000000e+02 6.774117617335e-01
6.080000000000e+02 6.072231580239e-01
6.085000000000e+02 5.344352293148e-01
6.090000000000e+02 4.606766413950e-01
6.095000000000e+02 3.875999595071e-01
6.100000000000e+02 3.168454525804e-01
6.105000000000e+02 2.500050269367e-01
6.110000000000e+02 1.885870441844e-01
6.115000000000e+02 1.339827691231e-01
6.120000000000e+02 8.743517048048e-02
6.125000000000e+02 5.001075997235e-02
6.130000000000e+02 2.257510353487e-02
6.135000000000e+02 5.772572864059e-03
6.140000000000e+02 1.082617907766e-05
6.145000000000e+02 5.450415308534e-03
6.150000000000e+02 2.199981303061e-02
6.155000000000e+02 4.931604173257e-02
6.160000000000e+02 8.681096390767e-02
6.165000000000e+02 1.336631691670e-01
6.170000000000e+02 1.888352640111e-01
6.175000000000e+02 2.510962425719e-01
6.180000000000e+02 3.190484920801e-01
6.185000000000e+02 3.911588692336e-01
6.190000000000e+02 4.657931762587e-01
6.195000000000e+02 5.412532714768e-01
6.200000000000e+02 6.158159716442e-01
6.205000000000e+02 6.877728448972e-01
6.210000000000e+02 7.554699560712e-01
6.215000000000e+02 8.173466121938e-01
6.220000000000e+02 8.719721662017e-01
6.225000000000e+02 9.180799717820e-01
6.230000000000e+02 9.545976414455e-01
6.235000000000e+02 9.806728423760e-01
6.240000000000e+02 9.956939685441e-01
6.245000000000e+02 9.993051504798e-01
6.250000000000e+02 9.914152028607e-01
6.255000000000e+02 9.722002610006e-01
6.260000000000e+02 9.421000162967e-01
6.265000000000e+02 9.018076232837e-01
6.270000000000e+02 8.522535125652e-01
6.275000000000e+02 7.945834999215e-01
6.280000000000e+02 7.301317278877e-01
6.285000000000e+02 6.603891078633e-01
6.290000000000e+02 5.869680446113e-01
6.295000000000e+02 5.115643176533e-01
6.300000000000e+02 4.359170630192e-01
6.305000000000e+02 3.617678422837e-01
6.310000000000e+02 2.908198028081e-01
6.315000000000e+02 2.246979234301e-01
6.320000000000e+02 1.649113040995e-01
6.325000000000e+02 1.128183975814e-01
6.330000000000e+02 6.959599839361e-02
6.335000000000e+02 3.621270139013e-02
6.340000000000e+02 1.340742305366e-02
6.345000000000e+02 1.673446285292e-03
6.350000000000e+02 1.248308183856e-03
6.355000000000e+02 1.210970400977e-02
6.360000000000e+02 3.397743328384e-02
6.365000000000e+02 6.632126965267e-02
6.370000000000e+02 1.083744984196e-01
6.375000000000e+02 1.591527377624e-01
6.380000000000e+02 2.174775445188e-01
6.385000000000e+02 2.820042053244e-01
6.390000000000e+02 3.512530307136e-01
6.395000000000e+02 4.236434047337e-01
6.400000000000e+02 4.975297964455e-01
6.405000000000e+02 5.712389125325e-01
6.410000000000e+02 6.431071618448e-01
6.415000000000e+02 7.115176123035e-01
6.420000000000e+02 7.749356471206e-01
6.425000000000e+02 8.319425693401e-01
6.430000000000e+02 8.812664596786e-01
6.435000000000e+02 9.218096607743e-01
6.440000000000e+02 9.526723393966e-01
6.445000000000e+02 9.731716650685e-01
6.450000000000e+02 9.828562370263e-01
6.455000000000e+02 9.815154897317e-01
6.460000000000e+02 9.691839085043e-01
6.465000000000e+02 9.461399896530e-01
6.470000000000e+02 9.128999822057e-01
6.475000000000e+02 8.702065495243e-01
6.480000000000e+02 8.190125873531e-01
6.485000000000e+02 7.604605288679e-01
6.490000000000e+02 6.958575557729e-01
6.495000000000e+02 6.266472161623e-01
6.500000000000e+02 5.543780234707e-01
6.505000000000e+02 4.806696751207e-01
6.510000000000e+02 4.071775832141e-01
6.515000000000e+02 3.355564515942e-01
6.520000000000e+02 2.674236626790e-01
6.525000000000e+02 2.043232525899e-01
6.530000000000e+02 1.476912533604e-01
6.535000000000e+02 9.882316565573e-02
6.540000000000e+02 5.884429404500e-02
6.545000000000e+02 2.868362918728e-02
6.550000000000e+02 9.051897551446e-03
6.555000000000e+02 4.243200224676e-04
6.560000000000e+02 3.028526934116e-03
6.565000000000e+02 1.683797017914e-02
6.570000000000e+02 4.157105493946e-02
6.575000000000e+02 7.669608660176e-02
6.580000000000e+02 1.214419952939e-01
6.585000000000e+02 1.748146642787e-01
6.590000000000e+02 2.356185525270e-01
6.595000000000e+02 3.024831697001e-01
6.600000000000e+02 3.738938371273e-01
6.605000000000e+02 4.482260547465e-01
6.610000000000e+02 5.237826948408e-01
6.615000000000e+02 5.988331618718e-01
6.620000000000e+02 6.716535965708e-01
6.625000000000e+02 7.405671639533e-01
6.630000000000e+02 8.039834506785e-01
6.635000000000e+02 8.604360082229e-01
6.640000000000e+02 9.086171148250e-01
6.645000000000e+02 9.474088906098e-01
6.650000000000e+02 9.759099853906e-01
6.655000000000e+02 9.934571652899e-01
6.660000000000e+02 9.996412498356e-01
6.665000000000e+02 9.943169921522e-01
6.670000000000e+02 9.776066474589e-01
6.675000000000e+02 9.498971350289e-01
6.680000000000e+02 9.118308615669e-01
6.685000000000e+02 8.642904350125e-01
6.690000000000e+02 8.083776525357e-01
6.695000000000e+02 7.453872905985e-01
6.700000000000e+02 6.767763544108e-01
6.705000000000e+02 6.041295553797e-01
6.710000000000e+02 5.291218752938e-01
6.715000000000e+02 4.534791427026e-01
6.720000000000e+02 3.789375887566e-01
6.725000000000e+02 3.072033658214e-01
6.730000000000e+02 2.399130025836e-01
6.735000000000e+02 1.785957347947e-01
6.740000000000e+02 1.246385928276e-01
6.745000000000e+02 7.925504791192e-02
6.750000000000e+02 4.345792098240e-02
6.755000000000e+02 1.803714462411e-02
6.760000000000e+02 3.542843078798e-03
6.765000000000e+02 2.740613406848e-04
6.770000000000e+02 8.273335736053e-03
6.775000000000e+02 2.732715873809e-02
6.780000000000e+02 5.697225363966e-02
6.785000000000e+02 9.650744336977e-02
6.790000000000e+02 1.450107751329e-01
6.795000000000e+02 2.013614512170e-01
6.800000000000e+02 2.642660183431e-01
6.805000000000e+02 3.322881849638e-01
6.810000000000e+02 4.038815690876e-01
6.815000000000e+02 4.774246292337e-01
6.820000000000e+02 5.512569982369e-01
6.825000000000e+02 6.237164237207e-01
6.830000000000e+02 6.931755196435e-01
6.835000000000e+02 7.580775496242e-01
6.840000000000e+02 8.169704938132e-01
6.845000000000e+02 8.685386956499e-01
6.850000000000e+02 9.116314417166e-01
6.855000000000e+02 9.452878956084e-01
6.860000000000e+02 9.687578839184e-01
6.865000000000e+02 9.815181175986e-01
6.870000000000e+02 9.832835236858e-01
6.875000000000e+02 9.740134592034e-01
6.880000000000e+02 9.539126795422e-01
6.885000000000e+02 9.234270363300e-01
6.890000000000e+02 8.832339832630e-01
6.895000000000e+02 8.342280710936e-01
6.900000000000e+02 7.775017134330e-01
6.905000000000e+02 7.143216016309e-01
6.910000000000e+02 6.461012381471e-01
6.915000000000e+02 5.743701418199e-01
6.920000000000e+02 5.007403536125e-01
6.925000000000e+02 4.268709360708e-01
6.930000000000e+02 3.544312122017e-01
6.935000000000e+02 2.850635282433e-01
6.940000000000e+02 2.203463483991e-01
6.945000000000e+02 1.617584968687e-01
6.950000000000e+02 1.106453524438e-01
6.955000000000e+02 6.818777297184e-02
6.960000000000e+02 3.537448086195e-02
6.965000000000e+02 1.297857674625e-02
6.970000000000e+02 1.538767106381e-03
6.975000000000e+02 1.345794305724e-03
6.980000000000e+02 1.243444575678e-02
6.985000000000e+02 3.458139508289e-02
6.990000000000e+02 6.730899478017e-02
6.995000000000e+02 1.098950001244e-01
7.000000000000e+02 1.613880613155e-01
7.005000000000e+02 2.206286787773e-01
7.010000000000e+02 2.862751789448e-01
7.015000000000e+02 3.568341385989e-01
7.020000000000e+02 4.306945686138e-01
7.025000000000e+02 5.061650663254e-01
7.030000000000e+02 5.815130628410e-01
7.035000000000e+02 6.550052301025e-01
7.040000000000e+02 7.249480745889e-01
7.045000000000e+02 7.897277315979e-01
7.050000000000e+02 8.478479868749e-01
7.055000000000e+02 8.979655909091e-01
7.060000000000e+02 9.389219947258e-01
7.065000000000e+02 9.697707228812e-01
7.070000000000e+02 9.897997073837e-01
7.075000000000e+02 9.985480324506e-01
7.080000000000e+02 9.958166809077e-01
7.085000000000e+02 9.816730247015e-01
7.090000000000e+02 9.564489601685e-01
7.095000000000e+02 9.207327489566e-01
7.100000000000e+02 8.753547833491e-01
7.105000000000e+02 8.213676458430e-01
7.110000000000e+02 7.600209730567e-01
7.115000000000e+02 6.927317596740e-01
7.120000000000e+02 6.210508458955e-01
7.125000000000e+02 5.466264191552e-01
7.130000000000e+02 4.711654256036e-01
7.135000000000e+02 3.963938278277e-01
7.140000000000e+02 3.240166618402e-01
7.145000000000e+02 2.556788386889e-01
7.150000000000e+02 1.929276049547e-01
7.155000000000e+02 1.371775233144e-01
7.160000000000e+02 8.967876135471e-02
7.165000000000e+02 5.148938632848e-02
7.170000000000e+02 2.345225847571e-02
7.175000000000e+02 6.176998957230e-03
7.180000000000e+02 2.738368955100e-05
7.185000000000e+02 5.114384709693e-03
7.190000000000e+02 2.129494944235e-02
7.195000000000e+02 4.817647848614e-02
7.200000000000e+02 8.512683720743e-02
7.205000000000e+02 1.312896181266e-01
7.210000000000e+02 1.856042621101e-01
7.215000000000e+02 2.468305486324e-01
7.220000000000e+02 3.135768804378e-01
7.225000000000e+02 3.843317169258e-01
7.230000000000e+02 4.574974543692e-01
7.235000000000e+02 5.314260100819e-01
7.240000000000e+02 6.044553420489e-01
7.245000000000e+02 6.749461252552e-01
7.250000000000e+02 7.413178105902e-01
7.255000000000e+02 8.020833112853e-01
7.260000000000e+02 8.558815946830e-01
7.265000000000e+02 9.015075028352e-01
7.270000000000e+02 9.379381831733e-01
7.275000000000e+02 9.643555791572e-01
7.280000000000e+02 9.801645093372e-01
7.285000000000e+02 9.850059504536e-01
7.290000000000e+02 9.787652347499e-01
7.295000000000e+02 9.615749722196e-01
7.300000000000e+02 9.338126135491e-01
7.305000000000e+02 8.960926774643e-01
7.310000000000e+02 8.492537752943e-01
7.315000000000e+02 7.943406740147e-01
7.320000000000e+02 7.325817448583e-01
7.325000000000e+02 6.653622457234e-01
7.330000000000e+02 5.941939800107e-01
7.335000000000e+02 5.206819599612e-01
7.340000000000e+02 4.464887770224e-01
7.345000000000e+02 3.732974431417e-01
7.350000000000e+02 3.027735133025e-01
7.355000000000e+02 2.365273294276e-01
7.360000000000e+02 1.760772375413e-01
7.365000000000e+02 1.228146228046e-01
7.370000000000e+02 7.797158009968e-02
7.375000000000e+02 4.259199105129e-02
7.380000000000e+02 1.750671219049e-02
7.385000000000e+02 3.313494209485e-03
7.390000000000e+02 3.621504900266e-04
7.395000000000e+02 8.745376264571e-03
7.400000000000e+02 2.829549045181e-02
7.405000000000e+02 5.858723338559e-02
7.410000000000e+02 9.894660870530e-02
7.415000000000e+02 1.484656102946e-01
7.420000000000e+02 2.060225292131e-01
7.425000000000e+02 2.703073950418e-01
7.430000000000e+02 3.398519748598e-01
7.435000000000e+02 4.130636349406e-01
7.440000000000e+02 4.882622686597e-01
7.445000000000e+02 5.637194120481e-01
7.450000000000e+02 6.376986084491e-01
7.455000000000e+02 7.084960477185e-01
7.460000000000e+02 7.744804945453e-01
7.465000000000e+02 8.341315352977e-01
7.470000000000e+02 8.860752129570e-01
7.475000000000e+02 9.291161842408e-01
7.480000000000e+02 9.622656201540e-01
7.485000000000e+02 9.847641785003e-01
7.490000000000e+02 9.960995014021e-01
7.495000000000e+02 9.960178290463e-01
7.500000000000e+02 9.845294688837e-01
7.505000000000e+02 9.619080132165e-01
7.510000000000e+02 9.286833532869e-01
7.515000000000e+02 8.856286904195e-01
7.520000000000e+02 8.337418904093e-01
7.525000000000e+02 7.742216623978e-01
7.530000000000e+02 7.084391645437e-01
7.535000000000e+02 6.379057429479e-01
7.540000000000e+02 5.642375951844e-01
7.545000000000e+02 4.891182136146e-01
7.550000000000e+02 4.142595053873e-01
7.555000000000e+02 3.413625050599e-01
7.560000000000e+02 2.720785923908e-01
7.565000000000e+02 2.079721027155e-01
7.570000000000e+02 1.504851717475e-01
7.575000000000e+02 1.009055924522e-01
7.580000000000e+02 6.033838090708e-02
7.585000000000e+02 2.968165334723e-02
7.590000000000e+02 9.607310546896e-03
7.595000000000e+02 5.469111303999e-04
7.600000000000e+02 2.682995247304e-03
7.605000000000e+02 1.594599707746e-02
7.610000000000e+02 4.001676162077e-02
7.615000000000e+02 7.433456072281e-02
7.620000000000e+02 1.181103876690e-01
7.625000000000e+02 1.703452010603e-01
7.630000000000e+02 2.298526889257e-01
7.635000000000e+02 2.952860347289e-01
7.640000000000e+02 3.651680893756e-01
7.645000000000e+02 4.379242886373e-01
7.650000000000e+02 5.119176042893e-01
7.655000000000e+02 5.854847803810e-01
7.660000000000e+02 6.569730837012e-01
7.665000000000e+02 7.247767898387e-01
7.670000000000e+02 7.873726332839e-01
7.675000000000e+02 8.433534714864e-01
7.680000000000e+02 8.914594484041e-01
7.685000000000e+02 9.306059922401e-01
7.690000000000e+02 9.599080441094e-01
7.695000000000e+02 9.786999884138e-01
7.700000000000e+02 9.865508406721e-01
7.705000000000e+02 9.832743432095e-01
7.710000000000e+02 9.689337219852e-01
7.715000000000e+02 9.438409672925e-01
7.720000000000e+02 9.085506152249e-01
7.725000000000e+02 8.638481236147e-01
7.730000000000e+02 8.107330534034e-01
7.735000000000e+02 7.503973816821e-01
7.740000000000e+02 6.841993835164e-01
7.745000000000e+02 6.136336235522e-01
7.750000000000e+02 5.402976927740e-01
7.755000000000e+02 4.658564081923e-01
7.760000000000e+02 3.920042613149e-01
7.765000000000e+02 3.204269529439e-01
7.770000000000e+02 2.527628852841e-01
7.775000000000e+02 1.905654961618e-01
7.780000000000e+02 1.352673132971e-01
7.785000000000e+02 8.814657859044e-02
7.790000000000e+02 5.029724331248e-02
7.795000000000e+02 2.260306555064e-02
7.800000000000e+02 5.716452487458e-03
7.805000000000e+02 4.258385352087e-05
7.810000000000e+02 5.729231546812e-03
7.815000000000e+02 2.266255678200e-02
7.820000000000e+02 5.046902349364e-02
7.825000000000e+02 8.852341867631e-02
7.830000000000e+02 1.359628207468e-01
7.835000000000e+02 1.917062098406e-01
7.840000000000e+02 2.544792731872e-01
7.845000000000e+02 3.228438282012e-01
7.850000000000e+02 3.952311693185e-01
7.855000000000e+02 4.699785451294e-01
7.860000000000e+02 5.453678928552e-01
7.865000000000e+02 6.196658998684e-01
7.870000000000e+02 6.911644284379e-01
7.875000000000e+02 7.582203310619e-01
7.880000000000e+02 8.192936998924e-01
7.885000000000e+02 8.729836343353e-01
7.890000000000e+02 9.180606747272e-01
7.895000000000e+02 9.534951352128e-01
7.900000000000e+02 9.784806730984e-01
7.905000000000e+02 9.924525521185e-01
7.910000000000e+02 9.951001898332e-01
7.915000000000e+02 9.863737211241e-01
7.920000000000e+02 9.664844566311e-01
7.925000000000e+02 9.358992630550e-01
7.930000000000e+02 8.953290377001e-01
7.935000000000e+02 8.457115887610e-01
7.940000000000e+02 7.881893622517e-01
7.945000000000e+02 7.240825731096e-01
7.950000000000e+02 6.548583992350e-01
7.955000000000e+02 5.820969809770e-01
7.960000000000e+02 5.074550332157e-01
7.965000000000e+02 4.326279217268e-01
7.970000000000e+02 3.593110794213e-01
7.975000000000e+02 2.891616414111e-01
7.980000000000e+02 2.237611611741e-01
7.985000000000e+02 1.645802344034e-01
7.990000000000e+02 1.129458038142e-01
7.995000000000e+02 7.001184897114e-02
8.000000000000e+02 3.673408211697e-02
8.005000000000e+02 1.384917620670e-02
8.010000000000e+02 1.858947238713e-03
8.015000000000e+02 1.019801928769e-03
8.020000000000e+02 1.133764621903e-02
8.025000000000e+02 3.256833245565e-02
8.030000000000e+02 6.422360561363e-02
8.035000000000e+02 1.055823939139e-01
8.040000000000e+02 1.557071786409e-01
8.045000000000e+02 2.134650738534e-01
8.050000000000e+02 2.775531507526e-01
8.055000000000e+02 3.465274553100e-01
8.060000000000e+02 4.188350927934e-01
8.065000000000e+02 4.928486902730e-01
8.070000000000e+02 5.669024991088e-01
8.075000000000e+02 6.393293646756e-01
8.080000000000e+02 7.084977708195e-01
8.085000000000e+02 7.728481622638e-01
8.090000000000e+02 8.309277595874e-01
8.095000000000e+02 8.814231085639e-01
8.100000000000e+02 9.231896482850e-01
8.105000000000e+02 9.552776401619e-01
8.110000000000e+02 9.769538718037e-01
8.115000000000e+02 9.877186348639e-01
8.120000000000e+02 9.873175728907e-01
8.125000000000e+02 9.757481023446e-01
8.130000000000e+02 9.532602253422e-01
8.135000000000e+02 9.203516741319e-01
8.140000000000e+02 8.777574523640e-01
8.145000000000e+02 8.264339642345e-01
8.150000000000e+02 7.675380467464e-01
8.155000000000e+02 7.024013397665e-01
8.160000000000e+02 6.325005403324e-01
8.165000000000e+02 5.594241889229e-01
8.170000000000e+02 4.848367234373e-01
8.175000000000e+02 4.104406089201e-01
8.180000000000e+02 3.379374054542e-01
8.185000000000e+02 2.689886712800e-01
8.190000000000e+02 2.051776117920e-01
8.195000000000e+02 1.479723767246e-01
8.200000000000e+02 9.869187736011e-02
8.205000000000e+02 5.847494325763e-02
8.210000000000e+02 2.825356476816e-02
8.215000000000e+02 8.730875006124e-03
8.220000000000e+02 3.644150668095e-04
8.225000000000e+02 3.355101766287e-03
8.230000000000e+02 1.764218108383e-02
8.235000000000e+02 4.290430627285e-02
8.240000000000e+02 7.856673098230e-02
8.245000000000e+02 1.238144585890e-01
8.250000000000e+02 1.776110432036e-01
8.255000000000e+02 2.387225993646e-01
8.260000000000e+02 3.057464499117e-01
8.265000000000e+02 3.771437283688e-01
8.270000000000e+02 4.512751562794e-01
8.275000000000e+02 5.264391398664e-01
8.280000000000e+02 6.009112760288e-01
8.285000000000e+02 6.729843263534e-01
8.290000000000e+02 7.410077101891e-01
8.295000000000e+02 8.034255838851e-01
8.300000000000e+02 8.588126123872e-01
8.305000000000e+02 9.059066002627e-01
8.310000000000e+02 9.436372300263e-01
8.315000000000e+02 9.711502540235e-01
8.320000000000e+02 9.878265993490e-01
8.325000000000e+02 9.932959701958e-01
8.330000000000e+02 9.874446653629e-01
8.335000000000e+02 9.704174668826e-01
8.340000000000e+02 9.426135954076e-01
8.345000000000e+02 9.046768656698e-01
8.350000000000e+02 8.574803077475e-01
8.355000000000e+02 8.021056439871e-01
8.360000000000e+02 7.398181245554e-01
8.365000000000e+02 6.720373243433e-01
8.370000000000e+02 6.003045883831e-01
8.375000000000e+02 5.262478805660e-01
8.380000000000e+02 4.515448401537e-01
8.385000000000e+02 3.778848817808e-01
8.390000000000e+02 3.069311871193e-01
8.395000000000e+02 2.402834303353e-01
8.400000000000e+02 1.794420555270e-01
8.405000000000e+02 1.257748833802e-01
8.410000000000e+02 8.048676756594e-02
8.415000000000e+02 4.459295042268e-02
8.420000000000e+02 1.889668385642e-02
8.425000000000e+02 3.971587087934e-03
8.430000000000e+02 1.491098026357e-04
8.435000000000e+02 7.511359539960e-03
8.440000000000e+02 2.588943792612e-02
8.445000000000e+02 5.486731377760e-02
8.450000000000e+02 9.379114437135e-02
8.455000000000e+02 1.417838414463e-01
8.460000000000e+02 1.977645678865e-01
8.465000000000e+02 2.604727465922e-01
8.470000000000e+02 3.284960667479e-01
8.475000000000e+02 4.003018863903e-01
8.480000000000e+02 4.742713555952e-01
8.485000000000e+02 5.487355233230e-01
8.490000000000e+02 6.220126443105e-01
8.495000000000e+02 6.924458716038e-01
8.500000000000e+02 7.584405062099e-01
8.505000000000e+02 8.184999785797e-01
8.510000000000e+02 8.712597575175e-01
8.515000000000e+02 9.155184205538e-01
8.520000000000e+02 9.502651754926e-01
8.525000000000e+02 9.747031948974e-01
8.530000000000e+02 9.882682125688e-01
8.535000000000e+02 9.906419320374e-01
8.540000000000e+02 9.817599097783e-01
8.545000000000e+02 9.618136980016e-01
8.550000000000e+02 9.312471608580e-01
8.555000000000e+02 8.907470108812e-01
8.560000000000e+02 8.412277463922e-01
8.565000000000e+02 7.838113022434e-01
8.570000000000e+02 7.198018524321e-01
8.575000000000e+02 6.506563205723e-01
8.580000000000e+02 5.779512599164e-01
8.585000000000e+02 5.033468557193e-01
8.590000000000e+02 4.285488766835e-01
8.595000000000e+02 3.552694569253e-01
8.600000000000e+02 2.851876235970e-01
8.605000000000e+02 2.199104969426e-01
8.610000000000e+02 1.609360785019e-01
8.615000000000e+02 1.096185094663e-01
8.620000000000e+02 6.713662550506e-02
8.625000000000e+02 3.446655791163e-02
8.630000000000e+02 1.235903555477e-02
8.635000000000e+02 1.321930176590e-03
8.640000000000e+02 1.608461904573e-03
8.645000000000e+02 1.321134564685e-02
8.650000000000e+02 3.586301581877e-02
8.655000000000e+02 6.904192031343e-02
8.660000000000e+02 1.119847285512e-01
8.665000000000e+02 1.637041565897e-01
8.670000000000e+02 2.230119782599e-01
8.675000000000e+02 2.885466684921e-01
8.680000000000e+02 3.588050164894e-01
8.685000000000e+02 4.321769547595e-01
8.690000000000e+02 5.069827774696e-01
8.695000000000e+02 5.815118696591e-01
8.700000000000e+02 6.540620386423e-01
8.705000000000e+02 7.229785308845e-01
8.710000000000e+02 7.866918315839e-01
8.715000000000e+02 8.437533795230e-01
8.720000000000e+02 8.928683851409e-01
8.725000000000e+02 9.329250136249e-01
8.730000000000e+02 9.630192849529e-01
8.735000000000e+02 9.824751468019e-01
8.740000000000e+02 9.908592913682e-01
8.745000000000e+02 9.879904104936e-01
8.750000000000e+02 9.739427120706e-01
8.755000000000e+02 9.490436514758e-01
8.760000000000e+02 9.138659617622e-01
8.765000000000e+02 8.692141926822e-01
8.770000000000e+02 8.161060886119e-01
8.775000000000e+02 7.557492466652e-01
8.780000000000e+02 6.895135965039e-01
8.785000000000e+02 6.189003307263e-01
8.790000000000e+02 5.455079876270e-01
8.795000000000e+02 4.709964453773e-01
8.800000000000e+02 3.970496273733e-01
8.805000000000e+02 3.253377420389e-01
8.810000000000e+02 2.574798866153e-01
8.815000000000e+02 1.950078334096e-01
8.820000000000e+02 1.393317890642e-01
8.825000000000e+02 9.170887334652e-02
8.830000000000e+02 5.321500462977e-02
8.835000000000e+02 2.472080591374e-02
8.840000000000e+02 6.872059321652e-03
8.845000000000e+02 7.514015234942e-05
8.850000000000e+02 4.487755624171e-03
8.855000000000e+02 2.001520041012e-02
8.860000000000e+02 4.631222309881e-02
8.865000000000e+02 8.279047709056e-02
8.870000000000e+02 1.286314085285e-01
8.875000000000e+02 1.828043150702e-01
8.880000000000e+02 2.440891950993e-01
8.885000000000e+02 3.111038997384e-01
8.890000000000e+02 3.823350021445e-01
8.895000000000e+02 4.561717122481e-01
8.900000000000e+02 5.309420924188e-01
8.905000000000e+02 6.049507723537e-01
8.910000000000e+02 6.765173213398e-01
8.915000000000e+02 7.440144142137e-01
8.920000000000e+02 8.059049246767e-01
8.925000000000e+02 8.607770966152e-01
8.930000000000e+02 9.073769807096e-01
8.935000000000e+02 9.446373794821e-01
8.940000000000e+02 9.717026180679e-01
8.945000000000e+02 9.879485490257e-01
8.950000000000e+02 9.929973055570e-01
8.955000000000e+02 9.867264362886e-01
8.960000000000e+02 9.692721836326e-01
8.965000000000e+02 9.410268036559e-01
8.970000000000e+02 9.026299651499e-01
8.975000000000e+02 8.549544057446e-01
8.980000000000e+02 7.990861599993e-01
8.985000000000e+02 7.362998049164e-01
8.990000000000e+02 6.680292889436e-01
8.995000000000e+02 5.958350180675e-01
9.000000000000e+02 5.213679642753e-01
9.005000000000e+02 4.463316349643e-01
9.010000000000e+02 3.724427949086e-01
9.015000000000e+02 3.013918636419e-01
9.020000000000e+02 2.348039197610e-01
9.025000000000e+02 1.742012294190e-01
9.030000000000e+02 1.209681794967e-01
9.035000000000e+02 7.631943760329e-02
9.040000000000e+02 4.127208265176e-02
9.045000000000e+02 1.662235338028e-02
9.050000000000e+02 2.927550340119e-03
9.055000000000e+02 4.935024928426e-04
9.060000000000e+02 9.367875850758e-03
9.065000000000e+02 2.933946201090e-02
9.070000000000e+02 5.994344250040e-02
9.075000000000e+02 1.004724841328e-01
9.080000000000e+02 1.499933845285e-01
9.085000000000e+02 2.073688588653e-01
9.090000000000e+02 2.712839417980e-01
9.095000000000e+02 3.402763750166e-01
9.100000000000e+02 4.127702633342e-01
9.105000000000e+02 4.871122123766e-01
9.110000000000e+02 5.616091101798e-01
9.115000000000e+02 6.345666841573e-01
9.120000000000e+02 7.043279543251e-01
9.125000000000e+02 7.693107131806e-01
9.130000000000e+02 8.280431916761e-01
9.135000000000e+02 8.791971181962e-01
9.140000000000e+02 9.216174419872e-01
9.145000000000e+02 9.543480722934e-01
9.150000000000e+02 9.766530775144e-01
9.155000000000e+02 9.880328927687e-01
9.160000000000e+02 9.882351968972e-01
9.165000000000e+02 9.772602386732e-01
9.170000000000e+02 9.553605142289e-01
9.175000000000e+02 9.230348208994e-01
9.180000000000e+02 8.810168343245e-01
9.185000000000e+02 8.302584732951e-01
9.190000000000e+02 7.719084282094e-01
9.195000000000e+02 7.072863319507e-01
9.200000000000e+02 6.378531445891e-01
9.205000000000e+02 5.651784037633e-01
9.210000000000e+02 4.909050594277e-01
9.215000000000e+02 4.167126635622e-01
9.220000000000e+02 3.442797214201e-01
9.225000000000e+02 2.752460302285e-01
9.230000000000e+02 2.111758334433e-01
9.235000000000e+02 1.535226036203e-01
9.240000000000e+02 1.035962347666e-01
9.245000000000e+02 6.253337622314e-02
9.250000000000e+02 3.127157542984e-02
9.255000000000e+02 1.052781746524e-02
9.260000000000e+02 7.819564502618e-04
9.265000000000e+02 2.265429459130e-03
9.270000000000e+02 1.495552951081e-02
9.275000000000e+02 3.857539276523e-02
9.280000000000e+02 7.259972871860e-02
9.285000000000e+02 1.162661936486e-01
9.290000000000e+02 1.685921796117e-01
9.295000000000e+02 2.283966668225e-01
9.300000000000e+02 2.943266691698e-01
9.305000000000e+02 3.648876937416e-01
9.310000000000e+02 4.384775383332e-01
9.315000000000e+02 5.134226684179e-01
9.320000000000e+02 5.880163492936e-01
9.325000000000e+02 6.605576618886e-01
9.330000000000e+02 7.293905035552e-01
9.335000000000e+02 7.929416690519e-01
9.340000000000e+02 8.497571223518e-01
9.345000000000e+02 8.985356068482e-01
9.350000000000e+02 9.381587993408e-01
9.355000000000e+02 9.677172907551e-01
9.360000000000e+02 9.865317721165e-01
9.365000000000e+02 9.941689157134e-01
9.370000000000e+02 9.904515659432e-01
9.375000000000e+02 9.754629890194e-01
9.380000000000e+02 9.495450721714e-01
9.385000000000e+02 9.132905076205e-01
9.390000000000e+02 8.675291408058e-01
9.395000000000e+02 8.133088023730e-01
9.400000000000e+02 7.518710757226e-01
9.405000000000e+02 6.846225730946e-01
9.410000000000e+02 6.131024001139e-01
9.415000000000e+02 5.389465787666e-01
9.420000000000e+02 4.638502696697e-01
9.425000000000e+02 3.895286845257e-01
9.430000000000e+02 3.176776076759e-01
9.435000000000e+02 2.499344511413e-01
9.440000000000e+02 1.878407505200e-01
9.445000000000e+02 1.328069702335e-01
9.450000000000e+02 8.608042712734e-02
9.455000000000e+02 4.871706301855e-02
9.460000000000e+02 2.155770168989e-02
9.465000000000e+02 5.209316577790e-03
9.470000000000e+02 3.171492041190e-05
9.475000000000e+02 6.129915493094e-03
9.480000000000e+02 2.335236349855e-02
9.485000000000e+02 5.129499096717e-02
9.490000000000e+02 8.931099737008e-02
9.495000000000e+02 1.365260961390e-01
9.500000000000e+02 1.918588513103e-01
9.505000000000e+02 2.540456171747e-01
9.510000000000e+02 3.216694949133e-01
9.515000000000e+02 3.931926356868e-01
9.520000000000e+02 4.669911510608e-01
9.525000000000e+02 5.413918401291e-01
9.530000000000e+02 6.147099090498e-01
9.535000000000e+02 6.852868431838e-01
9.540000000000e+02 7.515275946922e-01
9.545000000000e+02 8.119362688373e-01
9.550000000000e+02 8.651495296168e-01
9.555000000000e+02 9.099669987700e-01
9.560000000000e+02 9.453779902194e-01
9.565000000000e+02 9.705840032206e-01
9.570000000000e+02 9.850164900723e-01
9.575000000000e+02 9.883495163217e-01
9.580000000000e+02 9.805070409554e-01
9.585000000000e+02 9.616646589333e-01
9.590000000000e+02 9.322457664158e-01
9.595000000000e+02 8.929122278928e-01
9.600000000000e+02 8.445497418766e-01
9.605000000000e+02 7.882482156171e-01
9.610000000000e+02 7.252775672169e-01
9.615000000000e+02 6.570594734371e-01
9.620000000000e+02 5.851356713149e-01
9.625000000000e+02 5.111334996031e-01
9.630000000000e+02 4.367294302091e-01
9.635000000000e+02 3.636113887503e-01
9.640000000000e+02 2.934406957997e-01
9.645000000000e+02 2.278144752938e-01
9.650000000000e+02 1.682293733616e-01
9.655000000000e+02 1.160474090490e-01
9.660000000000e+02 7.246473823846e-02
9.665000000000e+02 3.848405388862e-02
9.670000000000e+02 1.489127044203e-02
9.675000000000e+02 2.237049211028e-03
9.680000000000e+02 8.236164122350e-04
9.685000000000e+02 1.069720844672e-02
9.690000000000e+02 3.164635246098e-02
9.695000000000e+02 6.320605697451e-02
9.700000000000e+02 1.046678504786e-01
9.705000000000e+02 1.550954686220e-01
9.710000000000e+02 2.133458562689e-01
9.715000000000e+02 2.780950226842e-01
9.720000000000e+02 3.478681696892e-01
9.725000000000e+02 4.210734069444e-01
9.730000000000e+02 4.960382784151e-01
9.735000000000e+02 5.710482521079e-01
9.740000000000e+02 6.443862733347e-01
9.745000000000e+02 7.143724517224e-01
9.750000000000e+02 7.794029448878e-01
9.755000000000e+02 8.379871175483e-01
9.760000000000e+02 8.887820936737e-01
9.765000000000e+02 9.306238801557e-01
9.770000000000e+02 9.625543220217e-01
9.775000000000e+02 9.838432493325e-01
9.780000000000e+02 9.940052920528e-01
9.785000000000e+02 9.928109683870e-01
9.790000000000e+02 9.802917909154e-01
9.795000000000e+02 9.567392797866e-01
9.800000000000e+02 9.226979193970e-01
9.805000000000e+02 8.789522406354e-01
9.810000000000e+02 8.265083511235e-01
9.815000000000e+02 7.665703673973e-01
9.820000000000e+02 7.005123223518e-01
9.825000000000e+02 6.298462256007e-01
9.830000000000e+02 5.561870412399e-01
9.835000000000e+02 4.812154148880e-01
9.840000000000e+02 4.066390283846e-01
9.845000000000e+02 3.341534854126e-01
9.850000000000e+02 2.654036342505e-01
9.855000000000e+02 2.019462152745e-01
9.860000000000e+02 1.452146815655e-01
9.865000000000e+02 9.648698239820e-02
9.870000000000e+02 5.685702339616e-02
9.875000000000e+02 2.721042581897e-02
9.880000000000e+02 8.205103410623e-03
9.885000000000e+02 2.570611067607e-04
9.890000000000e+02 3.531698580437e-03
9.895000000000e+02 1.794077597915e-02
9.900000000000e+02 4.314507217507e-02
9.905000000000e+02 7.856264021961e-02
9.910000000000e+02 1.233824431215e-01
9.915000000000e+02 1.765830380316e-01
9.920000000000e+02 2.369558706328e-01
9.925000000000e+02 3.031326459779e-01
9.930000000000e+02 3.736161588641e-01
9.935000000000e+02 4.468138974580e-01
9.940000000000e+02 5.210736793651e-01
9.945000000000e+02 5.947205404524e-01
9.950000000000e+02 6.660940739561e-01
9.955000000000e+02 7.335854109735e-01
9.960000000000e+02 7.956730432052e-01
9.965000000000e+02 8.509567145701e-01
9.970000000000e+02 8.981886493909e-01
9.975000000000e+02 9.363014405191e-01
9.980000000000e+02 9.644319899843e-01
9.985000000000e+02 9.819409763151e-01
9.990000000000e+02 9.884274151523e-01
9.995000000000e+02 9.837379815552e-01
1.000000000000e+03 9.679708716996e-01
1.000500000000e+03 9.414740965171e-01
1.001000000000e+03 9.048382181336e-01
1.001500000000e+03 8.588836594786e-01
1.002000000000e+03 8.046428358276e-01
1.002500000000e+03 7.433374718835e-01
1.003000000000e+03 6.763515768639e-01
1.003500000000e+03 6.052006505087e-01
1.004000000000e+03 5.314977825844e-01
1.004500000000e+03 4.569173851070e-01
1.005000000000e+03 3.831573580908e-01
1.005500000000e+03 3.119005343119e-01
1.006000000000e+03 2.447762749089e-01
1.006500000000e+03 1.833230944581e-01
1.007000000000e+03 1.289531807734e-01
1.007500000000e+03 8.291964086857e-02
1.008000000000e+03 4.628725051149e-02
1.008500000000e+03 1.990741144579e-02
1.009000000000e+03 4.397928917123e-03
1.009500000000e+03 1.281145021283e-04
1.010000000000e+03 7.209597713023e-03
1.010500000000e+03 2.549309720927e-02
1.011000000000e+03 5.457126185067e-02
1.011500000000e+03 9.378754673284e-02
1.012000000000e+03 1.422509434151e-01
1.012500000000e+03 1.988562405674e-01
1.013000000000e+03 2.623093549884e-01
1.013500000000e+03 3.311571470602e-01
1.014000000000e+03 4.038210225944e-01
1.014500000000e+03 4.786335278407e-01
1.015000000000e+03 5.538770687662e-01
1.015500000000e+03 6.278238317634e-01
1.016000000000e+03 6.987759521839e-01
1.016500000000e+03 7.651049704861e-01
1.017000000000e+03 8.252896334814e-01
1.017500000000e+03 8.779511397281e-01
1.018000000000e+03 9.218849924078e-01
1.018500000000e+03 9.560887082320e-01
1.019000000000e+03 9.797847347235e-01
1.019500000000e+03 9.924380477168e-01
1.020000000000e+03 9.937680328643e-01
1.020500000000e+03 9.837543957256e-01
1.021000000000e+03 9.626369908728e-01
1.021500000000e+03 9.309096075216e-01
1.022000000000e+03 8.893078936599e-01
1.022500000000e+03 8.387917388264e-01
1.023000000000e+03 7.805225641928e-01
1.023500000000e+03 7.158360843257e-01
1.024000000000e+03 6.462112053497e-01
1.024500000000e+03 5.732358070025e-01
1.025000000000e+03 4.985702196907e-01
1.025500000000e+03 4.239092510083e-01
1.026000000000e+03 3.509436387785e-01
1.026500000000e+03 2.813218095738e-01
1.027000000000e+03 2.166128033571e-01
1.027500000000e+03 1.582711874519e-01
1.028000000000e+03 1.076047278700e-01
1.028500000000e+03 6.574551494622e-02
1.029000000000e+03 3.362515526348e-02
1.029500000000e+03 1.195454533709e-02
1.030000000000e+03 1.208636840640e-03
1.030500000000e+03 1.616490831074e-03
1.031000000000e+03 1.315680193541e-02
1.031500000000e+03 3.555895528664e-02
1.032000000000e+03 6.830956149023e-02
1.032500000000e+03 1.106643003130e-01
1.033000000000e+03 1.616647941902e-01
1.033500000000e+03 2.201601299607e-01
1.034000000000e+03 2.848325531551e-01
1.034500000000e+03 3.542267752282e-01
1.035000000000e+03 4.267822616563e-01
1.035500000000e+03 5.008678089093e-01
1.036000000000e+03 5.748176719582e-01
1.036500000000e+03 6.469684718582e-01
1.037000000000e+03 7.156960956635e-01
1.037500000000e+03 7.794517988031e-01
1.038000000000e+03 8.367967332677e-01
1.038500000000e+03 8.864341534399e-01
1.039000000000e+03 9.272385949154e-01
1.039500000000e+03 9.582813796659e-01
1.040000000000e+03 9.788518726769e-01
1.040500000000e+03 9.884739997135e-01
1.041000000000e+03 9.869176318592e-01
1.041500000000e+03 9.742045483855e-01
1.042000000000e+03 9.506088035046e-01
1.042500000000e+03 9.166514425467e-01
1.043000000000e+03 8.730896367652e-01
1.043500000000e+03 8.209004307436e-01
1.044000000000e+03 7.612594195616e-01
1.044500000000e+03 6.955147916526e-01
1.045000000000e+03 6.251572847553e-01
1.045500000000e+03 5.517867037147e-01
1.046000000000e+03 4.770757373441e-01
1.046500000000e+03 4.027318846093e-01
1.047000000000e+03 3.304583557260e-01
1.047500000000e+03 2.619148494964e-01
1.048000000000e+03 1.986791228438e-01
1.048500000000e+03 1.422102611189e-01
1.049000000000e+03 9.381452788321e-02
1.049500000000e+03 5.461462078686e-02
1.050000000000e+03 2.552308663992e-02
1.050500000000e+03 7.220555292206e-03
1.051000000000e+03 1.393405369748e-04
1.051500000000e+03 4.452829561716e-03
1.052000000000e+03 2.007094359608e-02
1.052500000000e+03 4.664180488227e-02
1.053000000000e+03 8.355959277033e-02
1.053500000000e+03 1.299784186625e-01
1.054000000000e+03 1.848318998356e-01
1.054500000000e+03 2.468579699294e-01
1.055000000000e+03 3.146283330325e-01
1.055500000000e+03 3.865818523751e-01
1.056000000000e+03 4.610610669269e-01
1.056500000000e+03 5.363509522627e-01
1.057000000000e+03 6.107189880550e-01
1.057500000000e+03 6.824555648110e-01
1.058000000000e+03 7.499137577279e-01
1.058500000000e+03 8.115475157296e-01
1.059000000000e+03 8.659473581152e-01
1.059500000000e+03 9.118727383678e-01
1.060000000000e+03 9.482803224644e-01
1.060500000000e+03 9.743475348545e-01
1.061000000000e+03 9.894908460566e-01
1.061500000000e+03 9.933784081294e-01
1.062000000000e+03 9.859367843877e-01
1.062500000000e+03 9.673516638813e-01
1.063000000000e+03 9.380625955093e-01
1.063500000000e+03 8.987519175226e-01
1.064000000000e+03 8.503281920859e-01
1.064500000000e+03 7.939045783950e-01
1.065000000000e+03 7.307726887718e-01
1.065500000000e+03 6.623725679119e-01
1.066000000000e+03 5.902595141885e-01
1.066500000000e+03 5.160685223472e-01
1.067000000000e+03 4.414771682670e-01
1.067500000000e+03 3.681677784265e-01
1.068000000000e+03 2.977897295681e-01
1.068500000000e+03 2.319227083763e-01
1.069000000000e+03 1.720417278451e-01
1.069500000000e+03 1.194846477794e-01
1.070000000000e+03 7.542288312940e-02
1.070500000000e+03 4.083590745279e-02
1.071000000000e+03 1.649007168109e-02
1.071500000000e+03 2.922162557477e-03
1.072000000000e+03 4.280227008518e-04
1.072500000000e+03 9.056447277195e-03
1.073000000000e+03 2.860846274203e-02
1.073500000000e+03 5.864198300120e-02
1.074000000000e+03 9.848172948128e-02
1.074500000000e+03 1.472341957779e-01
1.075000000000e+03 2.038073364287e-01
1.075500000000e+03 2.669345645264e-01
1.076000000000e+03 3.352025558136e-01
1.076500000000e+03 4.070822790198e-01
1.077000000000e+03 4.809626047666e-01
1.077500000000e+03 5.551857896277e-01
1.078000000000e+03 6.280840889916e-01
1.078500000000e+03 6.980167231798e-01
1.079000000000e+03 7.634064067072e-01
1.079500000000e+03 8.227746512781e-01
1.080000000000e+03 8.747750695567e-01
1.080500000000e+03 9.182239391560e-01
1.081000000000e+03 9.521273346176e-01
1.081500000000e+03 9.757041990266e-01
1.082000000000e+03 9.884048056314e-01
1.082500000000e+03 9.899241523324e-01
1.083000000000e+03 9.802099367450e-01
1.083500000000e+03 9.594648748810e-01
1.084000000000e+03 9.281432501389e-01
1.084500000000e+03 8.869417087134e-01
1.085000000000e+03 8.367844498887e-01
1.085500000000e+03 7.788030918735e-01
1.086000000000e+03 7.143116226631e-01
1.086500000000e+03 6.447769674874e-01
1.087000000000e+03 5.717858164677e-01
1.087500000000e+03 4.970084549218e-01
1.088000000000e+03 4.221604213928e-01
1.088500000000e+03 3.489628822346e-01
1.089000000000e+03 2.791026543311e-01
1.089500000000e+03 2.141928275011e-01
1.090000000000e+03 1.557349342796e-01
1.090500000000e+03 1.050835866488e-01
1.091000000000e+03 6.341444714192e-02
1.091500000000e+03 3.169632655462e-02
1.092000000000e+03 1.066810392112e-02
1.092500000000e+03 8.210487910640e-04
1.093000000000e+03 2.386994087707e-03
1.093500000000e+03 1.533266342840e-02
1.094000000000e+03 3.936030358628e-02
1.094500000000e+03 7.391461496999e-02
1.095000000000e+03 1.181958149293e-01
1.095500000000e+03 1.711785147391e-01
1.096000000000e+03 2.316359455345e-01
1.096500000000e+03 2.981689353048e-01
1.097000000000e+03 3.692389219047e-01
1.097500000000e+03 4.432041891067e-01
1.098000000000e+03 5.183584365268e-01
1.098500000000e+03 5.929707417164e-01
1.099000000000e+03 6.653259449787e-01
1.099500000000e+03 7.337644850131e-01
1.100000000000e+03 7.967207359744e-01
1.100500000000e+03 8.527589428969e-01
1.101000000000e+03 9.006059210537e-01
1.101500000000e+03 9.391797733368e-01
1.102000000000e+03 9.676139853748e-01
1.102500000000e+03 9.852763776680e-01
1.103000000000e+03 9.917825240274e-01
1.103500000000e+03 9.870033823779e-01
1.104000000000e+03 9.710670238786e-01
1.104500000000e+03 9.443544856633e-01
1.105000000000e+03 9.074899078765e-01
1.105500000000e+03 8.613252438942e-01
1.106000000000e+03 8.069199508505e-01
1.106500000000e+03 7.455161733883e-01
1.107000000000e+03 6.785100249871e-01
1.107500000000e+03 6.074196467373e-01
1.108000000000e+03 5.338507820510e-01
1.108500000000e+03 4.594606469292e-01
1.109000000000e+03 3.859208989299e-01
1.109500000000e+03 3.148805141736e-01
1.110000000000e+03 2.479293711864e-01
1.110500000000e+03 1.865633140486e-01
1.111000000000e+03 1.321514263005e-01
1.111500000000e+03 8.590619272784e-02
1.112000000000e+03 4.885715993180e-02
1.112500000000e+03 2.182863004158e-02
1.113000000000e+03 5.421836643631e-03
1.113500000000e+03 1.959584932539e-06
1.114000000000e+03 5.690237366787e-03
1.114500000000e+03 2.236133397914e-02
1.115000000000e+03 4.964601281664e-02
1.115500000000e+03 8.693906532384e-02
1.116000000000e+03 1.334123378130e-01
1.116500000000e+03 1.880325980412e-01
1.117000000000e+03 2.495838851880e-01
1.117500000000e+03 3.166938944361e-01
1.118000000000e+03 3.878638620325e-01
1.118500000000e+03 4.615013400365e-01
1.119000000000e+03 5.359551836068e-01
1.119500000000e+03 6.095520191102e-01
1.120000000000e+03 6.806334200374e-01
1.120500000000e+03 7.475929910031e-01
1.121000000000e+03 8.089125491906e-01
1.121500000000e+03 8.631965983295e-01
1.122000000000e+03 9.092043133974e-01
1.122500000000e+03 9.458782949433e-01
1.123000000000e+03 9.723694102198e-01
1.123500000000e+03 9.880571135884e-01
1.124000000000e+03 9.925647300079e-01
1.124500000000e+03 9.857692913185e-01
1.125000000000e+03 9.678056335644e-01
1.125500000000e+03 9.390645923438e-01
1.126000000000e+03 9.001852693159e-01
1.126500000000e+03 8.520414833342e-01
1.127000000000e+03 7.957226607403e-01
1.127500000000e+03 7.325095574826e-01
1.128000000000e+03 6.638453371675e-01
1.128500000000e+03 5.913026501760e-01
1.129000000000e+03 5.165474660582e-01
1.129500000000e+03 4.413005012156e-01
1.130000000000e+03 3.672971535769e-01
1.130500000000e+03 2.962469031227e-01
1.131000000000e+03 2.297931600037e-01
1.131500000000e+03 1.694745394919e-01
1.132000000000e+03 1.166885147821e-01
1.132500000000e+03 7.265834509427e-02
1.133000000000e+03 3.840409886471e-02
1.133500000000e+03 1.471849189205e-02
1.134000000000e+03 2.148140834168e-03
1.134500000000e+03 9.806965999165e-04
1.135000000000e+03 1.123817374536e-02
1.135500000000e+03 3.267663508176e-02
1.136000000000e+03 6.479222975966e-02
1.136500000000e+03 1.068334226225e-01
1.137000000000e+03 1.578190971183e-01
1.137500000000e+03 2.165620678369e-01
1.138000000000e+03 2.816974057881e-01
1.138500000000e+03 3.517148634101e-01
1.139000000000e+03 4.249945899911e-01
1.139500000000e+03 4.998452540783e-01
1.140000000000e+03 5.745436391442e-01
1.140500000000e+03 6.473747532551e-01
1.141000000000e+03 7.166714928681e-01
1.141500000000e+03 7.808529246229e-01
1.142000000000e+03 8.384602958226e-01
1.142500000000e+03 8.881899523873e-01
1.143000000000e+03 9.289224299339e-01
1.143500000000e+03 9.597470865072e-01
1.144000000000e+03 9.799817611369e-01
1.144500000000e+03 9.891870674641e-01
1.145000000000e+03 9.871750626893e-01
1.145500000000e+03 9.740121655659e-01
1.146000000000e+03 9.500163297967e-01
1.146500000000e+03 9.157486078284e-01
1.147000000000e+03 8.719993618908e-01
1.147500000000e+03 8.197694916840e-01
1.148000000000e+03 7.602471493232e-01
1.148500000000e+03 6.947805003221e-01
1.149000000000e+03 6.248471632837e-01
1.149500000000e+03 5.520210197526e-01
1.150000000000e+03 4.779371288733e-01
1.150500000000e+03 4.042555090312e-01
1.151000000000e+03 3.326245606836e-01
1.151500000000e+03 2.646449015871e-01
1.152000000000e+03 2.018343682720e-01
1.152500000000e+03 1.455949066705e-01
1.153000000000e+03 9.718203129261e-02
1.153500000000e+03 5.767747721938e-02
1.154000000000e+03 2.796560355623e-02
1.154500000000e+03 8.714032027238e-03
1.155000000000e+03 3.589211933758e-04
1.155500000000e+03 3.095186604869e-03
1.156000000000e+03 1.687188128445e-02
1.156500000000e+03 4.139285058710e-02
1.157000000000e+03 7.612267209714e-02
1.157500000000e+03 1.202977862763e-01
1.158000000000e+03 1.729426186602e-01
1.158500000000e+03 2.328903911839e-01
1.159000000000e+03 2.988082205396e-01
1.159500000000e+03 3.692260072062e-01
1.160000000000e+03 4.425685318796e-01
1.160500000000e+03 5.171900985779e-01
1.161000000000e+03 5.914109975588e-01
1.161500000000e+03 6.635550084338e-01
1.162000000000e+03 7.319871261691e-01
1.162500000000e+03 7.951506717210e-01
1.163000000000e+03 8.516029461075e-01
1.163500000000e+03 9.000486027255e-01
1.164000000000e+03 9.393699482853e-01
1.164500000000e+03 9.686534378133e-01
1.165000000000e+03 9.872117033608e-01
1.165500000000e+03 9.946005482917e-01
1.166000000000e+03 9.906304477077e-01
1.166500000000e+03 9.753722185377e-01
1.167000000000e+03 9.491566573907e-01
1.167500000000e+03 9.125680872810e-01
1.168000000000e+03 8.664319022243e-01
1.168500000000e+03 8.117963476336e-01
1.169000000000e+03 7.499089203593e-01
1.169500000000e+03 6.821879110365e-01
1.170000000000e+03 6.101897391061e-01
1.170500000000e+03 5.355728436251e-01
1.171000000000e+03 4.600589873644e-01
1.171500000000e+03 3.853929046702e-01
1.172000000000e+03 3.133012727416e-01
1.172500000000e+03 2.454520096615e-01
1.173000000000e+03 1.834148996685e-01
1.173500000000e+03 1.286245166559e-01
1.174000000000e+03 8.234636130557e-02
1.174500000000e+03 4.564704709324e-02
1.175000000000e+03 1.936926779188e-02
1.175500000000e+03 4.112156942495e-03
1.176000000000e+03 2.175115520004e-04
1.176500000000e+03 7.762201964456e-03
1.177000000000e+03 2.655693172988e-02
1.177500000000e+03 5.615134990740e-02
1.178000000000e+03 9.584535811477e-02
1.178500000000e+03 1.447063002676e-01
1.179000000000e+03 2.015915785376e-01
1.179500000000e+03 2.651761084730e-01
1.180000000000e+03 3.339839127693e-01
1.180500000000e+03 4.064230596835e-01
1.181000000000e+03 4.808230805850e-01
1.181500000000e+03 5.554739530403e-01
1.182000000000e+03 6.286657118339e-01
1.182500000000e+03 6.987277503046e-01
1.183000000000e+03 7.640668976407e-01
1.183500000000e+03 8.232034029047e-01
1.184000000000e+03 8.748040216534e-01
1.184500000000e+03 9.177114836306e-01
1.185000000000e+03 9.509697174462e-01
1.185500000000e+03 9.738443173313e-01
1.186000000000e+03 9.858378548887e-01
1.186500000000e+03 9.866997620066e-01
1.187000000000e+03 9.764306366713e-01
1.187500000000e+03 9.552809483300e-01
1.188000000000e+03 9.237442409723e-01
1.188500000000e+03 8.825450477540e-01
1.189000000000e+03 8.326218386592e-01
1.189500000000e+03 7.751054205886e-01
1.190000000000e+03 7.112932959261e-01
1.190500000000e+03 6.426205600137e-01
1.191000000000e+03 5.706279792482e-01
1.191500000000e+03 4.969279392566e-01
1.192000000000e+03 4.231689865538e-01
1.192500000000e+03 3.509997072720e-01
1.193000000000e+03 2.820326930953e-01
1.193500000000e+03 2.178093377554e-01
1.194000000000e+03 1.597661877635e-01
1.194500000000e+03 1.092035389590e-01
1.195000000000e+03 6.725692648009e-02
1.195500000000e+03 3.487210057736e-02
1.196000000000e+03 1.278401498623e-02
1.196500000000e+03 1.500279099859e-03
1.197000000000e+03 1.289440877454e-03
1.197500000000e+03 1.217437526985e-02
1.198000000000e+03 3.393095411558e-02
1.198500000000e+03 6.609206929935e-02
1.199000000000e+03 1.079569730080e-01
1.199500000000e+03 1.586057888764e-01
1.200000000000e+03 2.169189376522e-01
1.200500000000e+03 2.816011127946e-01
1.201000000000e+03 3.512093374780e-01
1.201500000000e+03 4.241845371332e-01
1.202000000000e+03 4.988859734401e-01
1.202500000000e+03 5.736278089477e-01
1.203000000000e+03 6.467170086771e-01
1.203500000000e+03 7.164917382826e-01
1.204000000000e+03 7.813593895554e-01
1.204500000000e+03 8.398333548359e-01
1.205000000000e+03 8.905676833618e-01
1.205500000000e+03 9.323887853921e-01
1.206000000000e+03 9.643234041329e-01
1.206500000000e+03 9.856221505382e-01
1.207000000000e+03 9.957779907380e-01
1.207500000000e+03 9.945391883666e-01
1.208000000000e+03 9.819163319657e-01
1.208500000000e+03 9.581832179213e-01
1.209000000000e+03 9.238715085763e-01
1.209500000000e+03 8.797592393446e-01
1.210000000000e+03 8.268534036609e-01
1.210500000000e+03 7.663669961469e-01
1.211000000000e+03 6.996910380754e-01
1.211500000000e+03 6.283622409212e-01
1.212000000000e+03 5.540270795398e-01
1.212500000000e+03 4.784031428558e-01
1.213000000000e+03 4.032387038547e-01
1.213500000000e+03 3.302714998737e-01
1.214000000000e+03 2.611877371219e-01
1.214500000000e+03 1.975823291846e-01
1.215000000000e+03 1.409213480780e-01
1.215500000000e+03 9.250760907143e-02
1.216000000000e+03 5.345022866323e-02
1.216500000000e+03 2.463889117301e-02
1.217000000000e+03 6.723436523201e-03
1.217500000000e+03 9.924349408908e-05
1.218000000000e+03 4.898733145156e-03
1.218500000000e+03 2.098916050797e-02
1.219000000000e+03 4.797670356671e-02
1.219500000000e+03 8.521670139824e-02
1.220000000000e+03 1.318297424647e-01
1.220500000000e+03 1.867231634350e-01
1.221000000000e+03 2.486173921580e-01
1.221500000000e+03 3.160764586080e-01
1.222000000000e+03 3.875419072178e-01
1.222500000000e+03 4.613692748823e-01
1.223000000000e+03 5.358662521341e-01
1.223500000000e+03 6.093316210840e-01
1.224000000000e+03 6.800940624071e-01
1.224500000000e+03 7.465499441729e-01
1.225000000000e+03 8.071992462203e-01
1.225500000000e+03 8.606788332469e-01
1.226000000000e+03 9.057923655396e-01
1.226500000000e+03 9.415362258125e-01
1.227000000000e+03 9.671209411707e-01
1.227500000000e+03 9.819876880378e-01
1.228000000000e+03 9.858195821109e-01
1.228500000000e+03 9.785475723305e-01
1.229000000000e+03 9.603508749273e-01
1.229500000000e+03 9.316519984313e-01
1.230000000000e+03 8.931065210059e-01
1.230500000000e+03 8.455878857445e-01
1.231000000000e+03 7.901675760542e-01
1.231500000000e+03 7.280911206331e-01
1.232000000000e+03 6.607504548016e-01
1.232500000000e+03 5.896532311870e-01
1.233000000000e+03 5.163897274001e-01
1.233500000000e+03 4.425980408882e-01
1.234000000000e+03 3.699282912810e-01
1.234500000000e+03 3.000065680200e-01
1.235000000000e+03 2.343993657957e-01
1.235500000000e+03 1.745792421801e-01
1.236000000000e+03 1.218924109750e-01
1.236500000000e+03 7.752895116874e-02
1.237000000000e+03 4.249626536312e-02
1.237500000000e+03 1.759636334863e-02
1.238000000000e+03 3.407476683590e-03
1.238500000000e+03 2.704293946191e-04
1.239000000000e+03 8.280099117699e-03
1.239500000000e+03 2.728220332816e-02
1.240000000000e+03 5.687553817197e-02
1.240500000000e+03 9.641968451889e-02
1.241000000000e+03 1.450480791952e-01
1.241500000000e+03 2.016862311710e-01
1.242000000000e+03 2.650747452664e-01
1.242500000000e+03 3.337967023797e-01
1.243000000000e+03 4.063088381314e-01
1.243500000000e+03 4.809758640308e-01
1.244000000000e+03 5.561071896142e-01
1.244500000000e+03 6.299952332085e-01
1.245000000000e+03 7.009544554326e-01
1.245500000000e+03 7.673602154782e-01
1.246000000000e+03 8.276865372606e-01
1.246500000000e+03 8.805418818729e-01
1.247000000000e+03 9.247020550758e-01
1.247500000000e+03 9.591394336748e-01
1.248000000000e+03 9.830477719313e-01
1.248500000000e+03 9.958619471219e-01
1.249000000000e+03 9.972721199737e-01
1.249500000000e+03 9.872319181800e-01
1.250000000000e+03 9.659603962546e-01
1.250500000000e+03 9.339376788425e-01
1.251000000000e+03 8.918943530980e-01
1.251500000000e+03 8.407948345041e-01
1.252000000000e+03 7.818150850411e-01
1.252500000000e+03 7.163152084900e-01
1.253000000000e+03 6.458075806406e-01
1.253500000000e+03 5.719212883685e-01
1.254000000000e+03 4.963637475707e-01
1.254500000000e+03 4.208804429263e-01
1.255000000000e+03 3.472137803199e-01
1.255500000000e+03 2.770620641528e-01
1.256000000000e+03 2.120396060785e-01
1.256500000000e+03 1.536389393061e-01
1.257000000000e+03 1.031960545095e-01
1.257500000000e+03 6.185949149958e-02
1.258000000000e+03 3.056401767042e-02
1.258500000000e+03 1.000950298635e-02
1.259000000000e+03 6.454656102159e-04
1.259500000000e+03 2.661616136005e-03
1.260000000000e+03 1.598457605928e-02
1.260500000000e+03 4.028079185874e-02
1.261000000000e+03 7.496551412002e-02
1.261500000000e+03 1.192175655408e-01
1.262000000000e+03 1.719994861145e-01
1.262500000000e+03 2.320825216068e-01
1.263000000000e+03 2.980758153373e-01
1.263500000000e+03 3.684590755190e-01
1.264000000000e+03 4.416179225048e-01
1.264500000000e+03 5.158810732527e-01
1.265000000000e+03 5.895584944611e-01
1.265500000000e+03 6.609796508748e-01
1.266000000000e+03 7.285309904965e-01
1.266500000000e+03 7.906918425223e-01
1.267000000000e+03 8.460679551393e-01
1.267500000000e+03 8.934219669507e-01
1.268000000000e+03 9.317001854221e-01
1.268500000000e+03 9.600551361919e-01
1.269000000000e+03 9.778634458459e-01
1.269500000000e+03 9.847387255081e-01
1.270000000000e+03 9.805392310203e-01
1.270500000000e+03 9.653701853951e-01
1.271000000000e+03 9.395807585953e-01
1.271500000000e+03 9.037558066670e-01
1.272000000000e+03 8.587025751759e-01
1.272500000000e+03 8.054326692686e-01
1.273000000000e+03 7.451396831938e-01
1.273500000000e+03 6.791729646447e-01
1.274000000000e+03 6.090080627202e-01
1.274500000000e+03 5.362144718495e-01
1.275000000000e+03 4.624213367294e-01
1.275500000000e+03 3.892818245789e-01
1.276000000000e+03 3.184369000227e-01
1.276500000000e+03 2.514792541706e-01
1.277000000000e+03 1.899181424178e-01
1.277500000000e+03 1.351458747167e-01
1.278000000000e+03 8.840667732609e-02
1.278500000000e+03 5.076860619481e-02
1.279000000000e+03 2.309913926567e-02
1.279500000000e+03 6.045008437975e-03
1.280000000000e+03 1.675232036159e-05
1.280500000000e+03 5.178379140215e-03
1.281000000000e+03 2.144242656870e-02
1.281500000000e+03 4.847059334255e-02
1.282000000000e+03 8.567999843356e-02
1.282500000000e+03 1.322549994248e-01
1.283000000000e+03 1.871643753402e-01
1.283500000000e+03 2.491835532993e-01
1.284000000000e+03 3.169214361351e-01
1.284500000000e+03 3.888512726679e-01
1.285000000000e+03 4.633449068865e-01
1.285500000000e+03 5.387096499729e-01
1.286000000000e+03 6.132269428004e-01
1.286500000000e+03 6.851919188926e-01
1.287000000000e+03 7.529529409919e-01
1.287500000000e+03 8.149501701407e-01
1.288000000000e+03 8.697522355163e-01
1.288500000000e+03 9.160901067072e-01
1.289000000000e+03 9.528873274213e-01
1.289500000000e+03 9.792858497366e-01
1.290000000000e+03 9.946668093174e-01
1.290500000000e+03 9.986657021170e-01
1.291000000000e+03 9.911815589715e-01
1.291500000000e+03 9.723798626044e-01
1.292000000000e+03 9.426891079489e-01
1.292500000000e+03 9.027910670259e-01
1.293000000000e+03 8.536049794161e-01
1.293500000000e+03 7.962660441608e-01
1.294000000000e+03 7.320987342460e-01
1.294500000000e+03 6.625855866322e-01
1.295000000000e+03 5.893322352693e-01
1.295500000000e+03 5.140295485251e-01
1.296000000000e+03 4.384138033646e-01
1.296500000000e+03 3.642258745401e-01
1.297000000000e+03 2.931704369580e-01
1.297500000000e+03 2.268761728475e-01
1.298000000000e+03 1.668579429952e-01
1.298500000000e+03 1.144818242116e-01
1.299000000000e+03 7.093383547219e-02
1.299500000000e+03 3.719307526525e-02
1.300000000000e+03 1.400987581945e-02
1.300500000000e+03 1.889449510965e-03
1.301000000000e+03 1.081362735308e-03
1.301500000000e+03 1.157502683790e-02
1.302000000000e+03 3.310124831414e-02
1.302500000000e+03 6.513973533799e-02
1.303000000000e+03 1.069323184283e-01
1.303500000000e+03 1.575015130620e-01
1.304000000000e+03 2.156739342894e-01
1.304500000000e+03 2.801079702913e-01
1.305000000000e+03 3.493250354049e-01
1.305500000000e+03 4.217436547500e-01
1.306000000000e+03 4.957155831397e-01
1.306500000000e+03 5.695631307484e-01
1.307000000000e+03 6.416168569383e-01
1.307500000000e+03 7.102528010299e-01
1.308000000000e+03 7.739284436871e-01
1.308500000000e+03 8.312166336936e-01
1.309000000000e+03 8.808367705526e-01
1.309500000000e+03 9.216826018936e-01
1.310000000000e+03 9.528460741790e-01
1.310500000000e+03 9.736367637785e-01
1.311000000000e+03 9.835965111292e-01
1.311500000000e+03 9.825089815644e-01
1.312000000000e+03 9.704039805830e-01
1.312500000000e+03 9.475564570839e-01
1.313000000000e+03 9.144802337200e-01
1.313500000000e+03 8.719166074231e-01
1.314000000000e+03 8.208180638137e-01
1.314500000000e+03 7.623274451661e-01
1.315000000000e+03 6.977530014942e-01
1.315500000000e+03 6.285398367841e-01
1.316000000000e+03 5.562383361633e-01
1.316500000000e+03 4.824702236012e-01
1.317000000000e+03 4.088929523573e-01
1.317500000000e+03 3.371631707537e-01
1.318000000000e+03 2.689000327971e-01
1.318500000000e+03 2.056491359075e-01
1.319000000000e+03 1.488478655992e-01
1.319500000000e+03 9.979290898837e-02
1.320000000000e+03 5.961066497816e-02
1.320500000000e+03 2.923122900546e-02
1.321000000000e+03 9.366564524990e-03
1.321500000000e+03 4.933926696670e-04
1.322000000000e+03 2.841236845271e-03
1.322500000000e+03 1.638595187099e-02
1.323000000000e+03 4.084894957957e-02
1.323500000000e+03 7.570220687128e-02
1.324000000000e+03 1.201790107300e-01
1.324500000000e+03 1.732902606879e-01
1.325000000000e+03 2.338460158704e-01
1.325500000000e+03 3.004818445338e-01
1.326000000000e+03 3.716894122974e-01
1.326500000000e+03 4.458506346245e-01
1.327000000000e+03 5.212746226853e-01
1.327500000000e+03 5.962365725854e-01
1.328000000000e+03 6.690176887226e-01
1.328500000000e+03 7.379451947975e-01
1.329000000000e+03 8.014314724071e-01
1.329500000000e+03 8.580113780072e-01
1.330000000000e+03 9.063768246826e-01
1.330500000000e+03 9.454077749567e-01
1.331000000000e+03 9.741988736910e-01
1.331500000000e+03 9.920810539130e-01
1.332000000000e+03 9.986375706369e-01
1.332500000000e+03 9.937140551225e-01
1.333000000000e+03 9.774223309312e-01
1.333500000000e+03 9.501378894596e-01
1.334000000000e+03 9.124910820653e-01
1.334500000000e+03 8.653522440136e-01
1.335000000000e+03 8.098111178578e-01
1.335500000000e+03 7.471510863153e-01
1.336000000000e+03 6.788188532975e-01
1.336500000000e+03 6.063903230121e-01
1.337000000000e+03 5.315335180779e-01
1.337500000000e+03 4.559694460258e-01
1.338000000000e+03 3.814318678636e-01
1.338500000000e+03 3.096269416029e-01
1.339000000000e+03 2.421937077556e-01
1.339500000000e+03 1.806663532956e-01
1.340000000000e+03 1.264391368439e-01
1.340500000000e+03 8.073478275451e-02
1.341000000000e+03 4.457705781451e-02
1.341500000000e+03 1.876813440161e-02
1.342000000000e+03 3.871221410418e-03
1.342500000000e+03 1.988125700124e-04
1.343000000000e+03 7.806764550598e-03
1.343500000000e+03 2.649427811798e-02
1.344000000000e+03 5.580971802343e-02
1.344500000000e+03 9.506207461752e-02
1.345000000000e+03 1.433377453641e-01
1.345500000000e+03 1.995222001229e-01
1.346000000000e+03 2.623259925339e-01
1.346500000000e+03 3.303144928511e-01
1.347000000000e+03 4.019406465039e-01
1.347500000000e+03 4.755800083827e-01
1.348000000000e+03 5.495672658496e-01
1.348500000000e+03 6.222334438053e-01
1.349000000000e+03 6.919429825108e-01
1.349500000000e+03 7.571298926495e-01
1.350000000000e+03 8.163322214491e-01
1.350500000000e+03 8.682241074681e-01
1.351000000000e+03 9.116447585698e-01
1.351500000000e+03 9.456237563775e-01
1.352000000000e+03 9.694021694834e-01
1.352500000000e+03 9.824490454770e-01
1.353000000000e+03 9.844729467638e-01
1.353500000000e+03 9.754282956104e-01
1.354000000000e+03 9.555163982279e-01
1.354500000000e+03 9.251811243342e-01
1.355000000000e+03 8.850993258686e-01
1.355500000000e+03 8.361661846797e-01
1.356000000000e+03 7.794757823464e-01
1.356500000000e+03 7.162972841449e-01
1.357000000000e+03 6.480472217361e-01
1.357500000000e+03 5.762584437677e-01
1.358000000000e+03 5.025463784352e-01
1.358500000000e+03 4.285733156100e-01
1.359000000000e+03 3.560114666714e-01
1.359500000000e+03 2.865055963516e-01
1.360000000000e+03 2.216360414091e-01
1.360500000000e+03 1.628829346791e-01
1.361000000000e+03 1.115924393980e-01
1.361500000000e+03 6.894576706520e-02
1.362000000000e+03 3.593170265912e-02
1.362500000000e+03 1.332329397516e-02
1.363000000000e+03 1.659278211126e-03
1.363500000000e+03 1.230719912884e-03
1.364000000000e+03 1.207322187309e-02
1.364500000000e+03 3.396494675614e-02
1.365000000000e+03 6.643055481390e-02
1.365500000000e+03 1.087510250650e-01
1.366000000000e+03 1.599791870860e-01
1.366500000000e+03 2.189606516332e-01
1.367000000000e+03 2.843596943385e-01
1.367500000000e+03 3.546895213130e-01
1.368000000000e+03 4.283462322436e-01
1.368500000000e+03 5.036456986949e-01
1.369000000000e+03 5.788624958472e-01
1.369500000000e+03 6.522699672889e-01
1.370000000000e+03 7.221804666916e-01
1.370500000000e+03 7.869848085619e-01
1.371000000000e+03 8.451899734715e-01
1.371500000000e+03 8.954541510952e-01
1.372000000000e+03 9.366182663469e-01
1.372500000000e+03 9.677332182894e-01
1.373000000000e+03 9.880821662470e-01
1.373500000000e+03 9.971973198216e-01
1.374000000000e+03 9.948708260302e-01
1.374500000000e+03 9.811594938375e-01
1.375000000000e+03 9.563832498929e-01
1.375500000000e+03 9.211173751290e-01
1.376000000000e+03 8.761787257655e-01
1.376500000000e+03 8.226062900534e-01
1.377000000000e+03 7.616365698420e-01
1.377500000000e+03 6.946744001622e-01
1.378000000000e+03 6.232599273428e-01
1.378500000000e+03 5.490325540818e-01
1.379000000000e+03 4.736927264018e-01
1.379500000000e+03 3.989624810840e-01
1.380000000000e+03 3.265456923889e-01
1.380500000000e+03 2.580889535612e-01
1.381000000000e+03 1.951440023541e-01
1.381500000000e+03 1.391325519515e-01
1.382000000000e+03 9.131432083300e-02
1.382500000000e+03 5.275896965652e-02
1.383000000000e+03 2.432255269264e-02
1.383500000000e+03 6.628978662126e-03
1.384000000000e+03 5.685404976407e-05
1.384500000000e+03 4.731954316412e-03
1.385000000000e+03 2.052543803834e-02
1.385500000000e+03 4.705778897569e-02
1.386000000000e+03 8.370834430324e-02
1.386500000000e+03 1.296301464451e-01
1.387000000000e+03 1.837697434900e-01
1.387500000000e+03 2.448914612108e-01
1.388000000000e+03 3.116055798964e-01
1.388500000000e+03 3.823997730892e-01
1.389000000000e+03 4.556731037881e-01
1.389500000000e+03 5.297718276468e-01
1.390000000000e+03 6.030262223967e-01
1.390500000000e+03 6.737876484301e-01
1.391000000000e+03 7.404650469179e-01
1.391500000000e+03 8.015600987574e-01
1.392000000000e+03 8.557002993250e-01
1.392500000000e+03 9.016692497923e-01
1.393000000000e+03 9.384335246358e-01
1.393500000000e+03 9.651655458434e-01
1.394000000000e+03 9.812619760267e-01
1.394500000000e+03 9.863572337091e-01
1.395000000000e+03 9.803318331141e-01
1.395500000000e+03 9.633153560985e-01
1.396000000000e+03 9.356839737910e-01
1.396500000000e+03 8.980525481224e-01
1.397000000000e+03 8.512614568135e-01
1.397500000000e+03 7.963583974504e-01
1.398000000000e+03 7.345755349053e-01
1.398500000000e+03 6.673024593464e-01
1.399000000000e+03 5.960555172358e-01
1.399500000000e+03 5.224441628751e-01
1.400000000000e+03 4.481350511201e-01
1.400500000000e+03 3.748146509037e-01
1.401000000000e+03 3.041512024215e-01
1.401500000000e+03 2.377568667458e-01
1.402000000000e+03 1.771509240823e-01
1.402500000000e+03 1.237248650169e-01
1.403000000000e+03 7.871018763389e-02
1.403500000000e+03 4.314966235444e-02
1.404000000000e+03 1.787275638467e-02
1.404500000000e+03 3.475821899237e-03
1.405000000000e+03 3.075481724570e-04
1.405500000000e+03 8.460059915228e-03
1.406000000000e+03 2.776591471548e-02
1.406500000000e+03 5.780111470124e-02
1.407000000000e+03 9.789410468577e-02
1.407500000000e+03 1.471405847000e-01
1.408000000000e+03 2.044238227055e-01
1.408500000000e+03 2.684400171445e-01
1.409000000000e+03 3.377281325576e-01
1.409500000000e+03 4.107035182235e-01
1.410000000000e+03 4.856945228802e-01
1.410500000000e+03 5.609812408229e-01
1.411000000000e+03 6.348354683316e-01
1.411500000000e+03 7.055609161206e-01
1.412000000000e+03 7.715327144304e-01
1.412500000000e+03 8.312352627988e-01
1.413000000000e+03 8.832975161692e-01
1.413500000000e+03 9.265248617927e-01
1.414000000000e+03 9.599268256662e-01
1.414500000000e+03 9.827399507482e-01
1.415000000000e+03 9.944453090618e-01
1.415500000000e+03 9.947802428120e-01
1.416000000000e+03 9.837440721206e-01
1.416500000000e+03 9.615976551642e-01
1.417000000000e+03 9.288568363676e-01
1.417500000000e+03 8.862799659598e-01
1.418000000000e+03 8.348498158070e-01
1.418500000000e+03 7.757503484533e-01
1.419000000000e+03 7.103389154309e-01
1.419500000000e+03 6.401145644369e-01
1.420000000000e+03 5.666832204753e-01
1.420500000000e+03 4.917205718656e-01
1.421000000000e+03 4.169335368206e-01
1.421500000000e+03 3.440212095964e-01
1.422000000000e+03 2.746361868211e-01
1.422500000000e+03 2.103471552010e-01
1.423000000000e+03 1.526035822219e-01
1.423500000000e+03 1.027032933887e-01
1.424000000000e+03 6.176364460846e-02
1.424500000000e+03 3.069690894216e-02
1.425000000000e+03 1.019039541095e-02
1.425500000000e+03 6.917064735983e-04
1.426000000000e+03 2.399422956125e-03
1.426500000000e+03 1.525938324185e-02
1.427000000000e+03 3.896660017528e-02
1.427500000000e+03 7.297273694099e-02
1.428000000000e+03 1.164989446251e-01
1.428500000000e+03 1.685537514945e-01
1.429000000000e+03 2.279555893225e-01
1.429500000000e+03 2.933594471860e-01
1.430000000000e+03 3.632870596049e-01
1.430500000000e+03 4.361599651283e-01
1.431000000000e+03 5.103347145139e-01
1.431500000000e+03 5.841394653941e-01
1.432000000000e+03 6.559111733966e-01
1.432500000000e+03 7.240325784391e-01
1.433000000000e+03 7.869681895281e-01
1.433500000000e+03 8.432984917290e-01
1.434000000000e+03 8.917516347563e-01
1.434500000000e+03 9.312319132844e-01
1.435000000000e+03 9.608444138134e-01
1.435500000000e+03 9.799152807309e-01
1.436000000000e+03 9.880071438063e-01
1.436500000000e+03 9.849293492481e-01
1.437000000000e+03 9.707427449389e-01
1.437500000000e+03 9.457588855382e-01
1.438000000000e+03 9.105336427068e-01
1.438500000000e+03 8.658553273896e-01
1.439000000000e+03 8.127275524340e-01
1.439500000000e+03 7.523471822170e-01
1.440000000000e+03 6.860778288047e-01
1.440500000000e+03 6.154194587625e-01
1.441000000000e+03 5.419747685900e-01
1.441500000000e+03 4.674130673902e-01
1.442000000000e+03 3.934324705601e-01
1.442500000000e+03 3.217212560963e-01
1.443000000000e+03 2.539192639737e-01
1.443500000000e+03 1.915802276908e-01
1.444000000000e+03 1.361359149214e-01
1.444500000000e+03 8.886292091680e-02
1.445000000000e+03 5.085290432870e-02
1.445500000000e+03 2.298698128794e-02
1.446000000000e+03 5.914901349397e-03
1.446500000000e+03 3.952032813305e-05
1.447000000000e+03 5.506962478960e-03
1.447500000000e+03 2.220273093718e-02
1.448000000000e+03 4.975388402424e-02
1.448500000000e+03 8.753724951736e-02
1.449000000000e+03 1.346935030109e-01
1.449500000000e+03 1.901467938074e-01
1.450000000000e+03 2.526294661899e-01
1.450500000000e+03 3.207112989382e-01
1.451000000000e+03 3.928325749925e-01
1.451500000000e+03 4.673401990882e-01
1.452000000000e+03 5.425260065977e-01
1.452500000000e+03 6.166663536249e-01
1.453000000000e+03 6.880620479502e-01
1.453500000000e+03 7.550776736236e-01
1.454000000000e+03 8.161793787182e-01
1.454500000000e+03 8.699702356421e-01
1.455000000000e+03 9.152223451621e-01
1.455500000000e+03 9.509049371917e-01
1.456000000000e+03 9.762078211235e-01
1.456500000000e+03 9.905596533708e-01
1.457000000000e+03 9.936406166046e-01
1.457500000000e+03 9.853892406856e-01
1.458000000000e+03 9.660032358756e-01
1.458500000000e+03 9.359343510358e-01
1.459000000000e+03 8.958774095923e-01
1.459500000000e+03 8.467538107279e-01
1.460000000000e+03 7.896899092888e-01
1.460500000000e+03 7.259908024910e-01
1.461000000000e+03 6.571101521366e-01
1.461500000000e+03 5.846167556230e-01
1.462000000000e+03 5.101586459649e-01
1.462500000000e+03 4.354255492016e-01
1.463000000000e+03 3.621105562683e-01
1.463500000000e+03 2.918718754640e-01
1.464000000000e+03 2.262955213802e-01
1.464500000000e+03 1.668597671994e-01
1.465000000000e+03 1.149021406943e-01
1.465500000000e+03 7.158968149288e-02
1.466000000000e+03 3.789309990854e-02
1.466500000000e+03 1.456538771737e-02
1.467000000000e+03 2.125330893262e-03
1.467500000000e+03 8.462656337915e-04
1.468000000000e+03 1.075030437030e-02
1.468500000000e+03 3.160814020729e-02
1.469000000000e+03 6.294441871194e-02
1.469500000000e+03 1.040485475045e-01
1.470000000000e+03 1.539906989336e-01
1.470500000000e+03 2.116426514115e-01
1.471000000000e+03 2.757030127736e-01
1.471500000000e+03 3.447262762380e-01
1.472000000000e+03 4.171550778978e-01
1.472500000000e+03 4.913549557308e-01
1.473000000000e+03 5.656508553084e-01
1.473500000000e+03 6.383645877454e-01
1.474000000000e+03 7.078524219726e-01
1.474500000000e+03 7.725419867046e-01
1.475000000000e+03 8.309676679373e-01
1.475500000000e+03 8.818037154176e-01
1.476000000000e+03 9.238943160868e-01
1.476500000000e+03 9.562799533900e-01
1.477000000000e+03 9.782194476032e-01
1.477500000000e+03 9.892071626754e-01
1.478000000000e+03 9.889849679140e-01
1.478500000000e+03 9.775486561596e-01
1.479000000000e+03 9.551486416601e-01
1.479500000000e+03 9.222848881478e-01
1.480000000000e+03 8.796961478743e-01
1.480500000000e+03 8.283437226537e-01
1.481000000000e+03 7.693900853131e-01
1.481500000000e+03 7.041728212250e-01
1.482000000000e+03 6.341744618881e-01
1.482500000000e+03 5.609888828773e-01
1.483000000000e+03 4.862850242657e-01
1.483500000000e+03 4.117687604649e-01
1.484000000000e+03 3.391437963477e-01
1.484500000000e+03 2.700724959000e-01
1.485000000000e+03 2.061375574845e-01
1.485500000000e+03 1.488054355900e-01
1.486000000000e+03 9.939237263806e-02
1.486500000000e+03 5.903384681015e-02
1.487000000000e+03 2.865816404631e-02
1.487500000000e+03 8.964826211682e-03
1.488000000000e+03 4.081951772629e-04
1.488500000000e+03 3.186847014738e-03
1.489000000000e+03 1.723887476703e-02
1.489500000000e+03 4.224325578197e-02
1.490000000000e+03 7.762725401670e-02
1.490500000000e+03 1.225796827647e-01
1.491000000000e+03 1.760697126258e-01
1.491500000000e+03 2.368707768852e-01
1.492000000000e+03 3.035890050557e-01
1.492500000000e+03 3.746955083490e-01
1.493000000000e+03 4.485617508349e-01
1.493500000000e+03 5.234971692100e-01
1.494000000000e+03 5.977881540936e-01
1.494500000000e+03 6.697374776694e-01
1.495000000000e+03 7.377032467260e-01
1.495500000000e+03 8.001364766458e-01
1.496000000000e+03 8.556164199687e-01
1.496500000000e+03 9.028828415397e-01
1.497000000000e+03 9.408645092211e-01
1.497500000000e+03 9.687032625674e-01
1.498000000000e+03 9.857731291977e-01
1.498500000000e+03 9.916940769941e-01
1.499000000000e+03 9.863401167833e-01
1.499500000000e+03 9.698416016397e-01
1.500000000000e+03 9.425817022504e-01
1.500500000000e+03 9.051871698156e-01
1.501000000000e+03 8.585136257333e-01
1.501500000000e+03 8.036257380628e-01
1.502000000000e+03 7.417727559251e-01
1.502500000000e+03 6.743599723591e-01
1.503000000000e+03 6.029167717585e-01
1.503500000000e+03 5.290619883427e-01
1.504000000000e+03 4.544673559468e-01
1.504500000000e+03 3.808198659037e-01
1.505000000000e+03 3.097838685703e-01
1.505500000000e+03 2.429637548847e-01
1.506000000000e+03 1.818680376313e-01
1.506500000000e+03 1.278756182880e-01
1.507000000000e+03 8.220497538946e-02
1.507500000000e+03 4.588694533686e-02
1.508000000000e+03 1.974168798709e-02
1.508500000000e+03 4.360338719299e-03
1.509000000000e+03 9.174784114937e-05
1.509500000000e+03 7.034599124676e-03
1.510000000000e+03 2.503508409619e-02
1.510500000000e+03 5.369018962331e-02
1.511000000000e+03 9.235653571226e-02
1.511500000000e+03 1.401645805524e-01
1.512000000000e+03 1.960378931537e-01
1.512500000000e+03 2.587170827395e-01
1.513000000000e+03 3.267878707179e-01
1.513500000000e+03 3.987126977366e-01
1.514000000000e+03 4.728651771558e-01
1.514500000000e+03 5.475666391074e-01
1.515000000000e+03 6.211239577867e-01
1.515500000000e+03 6.918678202174e-01
1.516000000000e+03 7.581905784360e-01
1.516500000000e+03 8.185828295914e-01
1.517000000000e+03 8.716678901969e-01
1.517500000000e+03 9.162333716130e-01
1.518000000000e+03 9.512591231458e-01
1.518500000000e+03 9.759408860910e-01
1.519000000000e+03 9.897090950298e-01
1.519500000000e+03 9.922423699628e-01
1.520000000000e+03 9.834753620751e-01
1.520500000000e+03 9.636007445123e-01
1.521000000000e+03 9.330652745223e-01
1.521500000000e+03 8.925599915358e-01
1.522000000000e+03 8.430047538914e-01
1.522500000000e+03 7.855274515338e-01
1.523000000000e+03 7.214383597665e-01
1.523500000000e+03 6.522002167376e-01
1.524000000000e+03 5.793947116928e-01
1.524500000000e+03 5.046861594504e-01
1.525000000000e+03 4.297832065382e-01
1.525500000000e+03 3.563994642028e-01
1.526000000000e+03 2.862139914954e-01
1.526500000000e+03 2.208325571826e-01
1.527000000000e+03 1.617505919324e-01
1.527500000000e+03 1.103187025493e-01
1.528000000000e+03 6.771155893452e-02
1.528500000000e+03 3.490088343398e-02
1.529000000000e+03 1.263317340646e-02
1.529500000000e+03 1.412673786793e-03
1.530000000000e+03 1.489990004842e-03
1.530500000000e+03 1.285659617217e-02
1.531000000000e+03 3.524535241504e-02
1.531500000000e+03 6.813700220540e-02
1.532000000000e+03 1.107724791174e-01
1.532500000000e+03 1.621707161678e-01
1.533000000000e+03 2.211515230389e-01
1.533500000000e+03 2.863629801822e-01
1.534000000000e+03 3.563126966921e-01
1.534500000000e+03 4.294021932446e-01
1.535000000000e+03 5.039636041278e-01
1.535500000000e+03 5.782978447975e-01
1.536000000000e+03 6.507133642226e-01
1.536500000000e+03 7.195645948783e-01
1.537000000000e+03 7.832892273345e-01
1.537500000000e+03 8.404434702494e-01
1.538000000000e+03 8.897345091110e-01
1.538500000000e+03 9.300494465872e-01
1.539000000000e+03 9.604800921234e-01
1.539500000000e+03 9.803430660673e-01
1.540000000000e+03 9.891947918976e-01
1.540500000000e+03 9.868410663731e-01
1.541000000000e+03 9.733410190536e-01
1.541500000000e+03 9.490053969426e-01
1.542000000000e+03 9.143892343409e-01
1.542500000000e+03 8.702790897942e-01
1.543000000000e+03 8.176751488341e-01
1.543500000000e+03 7.577686007312e-01
1.544000000000e+03 6.919147976632e-01
1.544500000000e+03 6.216027935869e-01
1.545000000000e+03 5.484219361728e-01
1.545500000000e+03 4.740262468706e-01
1.546000000000e+03 4.000973706238e-01
1.546500000000e+03 3.283069068749e-01
1.547000000000e+03 2.602789469162e-01
1.547500000000e+03 1.975536390362e-01
1.548000000000e+03 1.415525822489e-01
1.548500000000e+03 9.354681211093e-02
1.549000000000e+03 5.462808875263e-02
1.549500000000e+03 2.568412874366e-02
1.550000000000e+03 7.378339941063e-03
1.550500000000e+03 1.345235567285e-04
1.551000000000e+03 4.126902023976e-03
1.551500000000e+03 1.927571690025e-02
1.552000000000e+03 4.524852019071e-02
1.552500000000e+03 8.146715758248e-02
1.553000000000e+03 1.271203157033e-01
1.553500000000e+03 1.811813803672e-01
1.554000000000e+03 2.424312316228e-01
1.554500000000e+03 3.094854870221e-01
1.555000000000e+03 3.808255996070e-01
1.555500000000e+03 4.548331242644e-01
1.556000000000e+03 5.298263876812e-01
1.556500000000e+03 6.040987353156e-01
1.557000000000e+03 6.759574853312e-01
1.557500000000e+03 7.437626957865e-01
1.558000000000e+03 8.059648483906e-01
1.558500000000e+03 8.611405704176e-01
1.559000000000e+03 9.080255557054e-01
1.559500000000e+03 9.455439055952e-01
1.560000000000e+03 9.728331899239e-01
1.560500000000e+03 9.892646251564e-01
1.561000000000e+03 9.944578792344e-01
1.561500000000e+03 9.882901380942e-01
1.562000000000e+03 9.708992040497e-01
1.562500000000e+03 9.426805380228e-01
1.563000000000e+03 9.042783023806e-01
1.563500000000e+03 8.565706052256e-01
1.564000000000e+03 8.006492867026e-01
1.564500000000e+03 7.377947196243e-01
1.565000000000e+03 6.694462170353e-01
1.565500000000e+03 5.971687451881e-01
1.566000000000e+03 5.226167289476e-01
1.566500000000e+03 4.474958057249e-01
1.567000000000e+03 3.735234318203e-01
1.567500000000e+03 3.023892704561e-01
1.568000000000e+03 2.357162932068e-01
1.568500000000e+03 1.750235060599e-01
1.569000000000e+03 1.216911686984e-01
1.569500000000e+03 7.692931200764e-02
1.570000000000e+03 4.175027611573e-02
1.570500000000e+03 1.694589177380e-02
1.571000000000e+03 3.069814275976e-03
1.571500000000e+03 4.253943925830e-04
1.572000000000e+03 9.059338253277e-03
1.572500000000e+03 2.876127109029e-02
1.573000000000e+03 5.906918168868e-02
1.573500000000e+03 9.928058862567e-02
1.574000000000e+03 1.484691391291e-01
1.574500000000e+03 2.055062296147e-01
1.575000000000e+03 2.690871263779e-01
1.575500000000e+03 3.377609677992e-01
1.576000000000e+03 4.099639477832e-01
1.576500000000e+03 4.840549153768e-01
1.577000000000e+03 5.583525788189e-01
1.577500000000e+03 6.311734741109e-01
1.578000000000e+03 7.008698489251e-01
1.578500000000e+03 7.658666218792e-01
1.579000000000e+03 8.246966044712e-01
1.579500000000e+03 8.760332171641e-01
1.580000000000e+03 9.187199910771e-01
1.580500000000e+03 9.517962209039e-01
1.581000000000e+03 9.745182212725e-01
1.581500000000e+03 9.863757358938e-01
1.582000000000e+03 9.871031544166e-01
1.582500000000e+03 9.766853037884e-01
1.583000000000e+03 9.553576968724e-01
1.583500000000e+03 9.236012388735e-01
1.584000000000e+03 8.821315095337e-01
1.584500000000e+03 8.318828538575e-01
1.585000000000e+03 7.739876241992e-01
1.585500000000e+03 7.097510197892e-01
1.586000000000e+03 6.406220642626e-01
1.586500000000e+03 5.681613456109e-01
1.587000000000e+03 4.940062145598e-01
1.587500000000e+03 4.198341951560e-01
1.588000000000e+03 3.473254040033e-01
1.588500000000e+03 2.781248011100e-01
1.589000000000e+03 2.138051048212e-01
1.589500000000e+03 1.558311953589e-01
1.590000000000e+03 1.055268058188e-01
1.590500000000e+03 6.404425629479e-02
1.591000000000e+03 3.233792655421e-02
1.591500000000e+03 1.114208631772e-02
1.592000000000e+03 9.536109265105e-04
1.592500000000e+03 2.020005696231e-03
1.593000000000e+03 1.433304654022e-02
1.593500000000e+03 3.762821986844e-02
1.594000000000e+03 7.139001397714e-02
1.594500000000e+03 1.148629800471e-01
1.595000000000e+03 1.670683465500e-01
1.595500000000e+03 2.268258395530e-01
1.596000000000e+03 2.927802363342e-01
1.596500000000e+03 3.634320640941e-01
1.597000000000e+03 4.371717524008e-01
1.597500000000e+03 5.123164602078e-01
1.598000000000e+03 5.871487282298e-01
1.598500000000e+03 6.599560573868e-01
1.599000000000e+03 7.290704853771e-01
1.599500000000e+03 7.929072274192e-01
1.600000000000e+03 8.500014641835e-01
1.600500000000e+03 8.990423998182e-01
1.601000000000e+03 9.389037750008e-01
1.601500000000e+03 9.686701026473e-01
1.602000000000e+03 9.876579954064e-01
1.602500000000e+03 9.954320717347e-01
1.603000000000e+03 9.918150582678e-01
1.603500000000e+03 9.768918469463e-01
1.604000000000e+03 9.510074122901e-01
1.604500000000e+03 9.147586434715e-01
1.605000000000e+03 8.689802935042e-01
1.605500000000e+03 8.147253901126e-01
1.606000000000e+03 7.532405859227e-01
1.606500000000e+03 6.859370461658e-01
1.607000000000e+03 6.143575770285e-01
1.607500000000e+03 5.401407845225e-01
1.608000000000e+03 4.649831202965e-01
1.608500000000e+03 3.905997155917e-01
1.609000000000e+03 3.186849268360e-01
1.609500000000e+03 2.508735157824e-01
1.610000000000e+03 1.887033641846e-01
1.610500000000e+03 1.335805785625e-01
1.611000000000e+03 8.674777633829e-02
1.611500000000e+03 4.925626232926e-02
1.612000000000e+03 2.194270683677e-02
1.612500000000e+03 5.410825981488e-03
1.613000000000e+03 1.844451399617e-05
1.613500000000e+03 5.870194181937e-03
1.614000000000e+03 2.281596999611e-02
1.614500000000e+03 5.045513554673e-02
1.615000000000e+03 8.814633988238e-02
1.615500000000e+03 1.350226851998e-01
1.616000000000e+03 1.900118692906e-01
1.616500000000e+03 2.518608216301e-01
1.617000000000e+03 3.191642591612e-01
1.617500000000e+03 3.903965088089e-01
1.618000000000e+03 4.639458798467e-01
1.618500000000e+03 5.381508212957e-01
1.619000000000e+03 6.113370681596e-01
1.619500000000e+03 6.818549656485e-01
1.620000000000e+03 7.481161625699e-01
1.620500000000e+03 8.086288833837e-01
1.621000000000e+03 8.620310223512e-01
1.621500000000e+03 9.071203519406e-01
1.622000000000e+03 9.428812000575e-01
1.622500000000e+03 9.685070255347e-01
1.623000000000e+03 9.834184071691e-01
1.623500000000e+03 9.872760569191e-01
1.624000000000e+03 9.799885709414e-01
1.624500000000e+03 9.617147411668e-01
1.625000000000e+03 9.328603631619e-01
1.625500000000e+03 8.940695911063e-01
1.626000000000e+03 8.462110057595e-01
1.626500000000e+03 7.903586741556e-01
1.627000000000e+03 7.277685882956e-01
1.627500000000e+03 6.598509721361e-01
1.628000000000e+03 5.881390395316e-01
1.628500000000e+03 5.142548684355e-01
1.629000000000e+03 4.398731265934e-01
1.629500000000e+03 3.666834393994e-01
1.630000000000e+03 2.963522298695e-01
1.630500000000e+03 2.304848825903e-01
1.631000000000e+03 1.705890868588e-01
1.631500000000e+03 1.180401985526e-01
1.632000000000e+03 7.404942518376e-02
1.632500000000e+03 3.963558442201e-02
1.633000000000e+03 1.560111374362e-02
1.633500000000e+03 2.512918980616e-03
1.634000000000e+03 6.885441074257e-04
1.634500000000e+03 1.018802569276e-02
1.635000000000e+03 3.081166570532e-02
1.635500000000e+03 6.210381871302e-02
1.636000000000e+03 1.033626472518e-01
1.636500000000e+03 1.536556557895e-01
1.637000000000e+03 2.118406728959e-01
1.637500000000e+03 2.765918167066e-01
1.638000000000e+03 3.464298540601e-01
1.638500000000e+03 4.197562523670e-01
1.639000000000e+03 4.948901283209e-01
1.639500000000e+03 5.701072218735e-01
1.640000000000e+03 6.436799696264e-01
1.640500000000e+03 7.139177206330e-01
1.641000000000e+03 7.792061306692e-01
1.641500000000e+03 8.380447885576e-01
1.642000000000e+03 8.890821699491e-01
1.642500000000e+03 9.311470789050e-01
1.643000000000e+03 9.632758241021e-01
1.643500000000e+03 9.847344821381e-01
1.644000000000e+03 9.950357224075e-01
1.644500000000e+03 9.939498030406e-01
1.645000000000e+03 9.815094917624e-01
1.645500000000e+03 9.580088153434e-01
1.646000000000e+03 9.239956925385e-01
1.646500000000e+03 8.802586540219e-01
1.647000000000e+03 8.278079949471e-01
1.647500000000e+03 7.678518377123e-01
1.648000000000e+03 7.017677010384e-01
1.648500000000e+03 6.310702736723e-01
1.649000000000e+03 5.573761746140e-01
1.649500000000e+03 4.823665449219e-01
1.650000000000e+03 4.077483577490e-01
1.650500000000e+03 3.352153527578e-01
1.651000000000e+03 2.664094984665e-01
1.651500000000e+03 2.028838621036e-01
1.652000000000e+03 1.460677223295e-01
1.652500000000e+03 9.723469739016e-02
1.653000000000e+03 5.747458193722e-02
1.653500000000e+03 2.766949230106e-02
1.654000000000e+03 8.474815008949e-03
1.654500000000e+03 3.053396051627e-04
1.655000000000e+03 3.326837161816e-03
1.655500000000e+03 1.745322312935e-02
1.656000000000e+03 4.234932006932e-02
1.656500000000e+03 7.743911498256e-02
1.657000000000e+03 1.219192897754e-01
1.657500000000e+03 1.747776941061e-01
1.658000000000e+03 2.348163293309e-01
1.658500000000e+03 3.006783221957e-01
1.659000000000e+03 3.708782886919e-01
1.659500000000e+03 4.438354232058e-01
1.660000000000e+03 5.179085966015e-01
1.660500000000e+03 5.914327098432e-01
1.661000000000e+03 6.627555274424e-01
1.661500000000e+03 7.302742077574e-01
1.662000000000e+03 7.924707547091e-01
1.662500000000e+03 8.479456378500e-01
1.663000000000e+03 8.954488642656e-01
1.663500000000e+03 9.339078361453e-01
1.664000000000e+03 9.624513911478e-01
1.664500000000e+03 9.804294980295e-01
1.665000000000e+03 9.874281662814e-01
1.665500000000e+03 9.832792244340e-01
1.666000000000e+03 9.680647257361e-01
1.666500000000e+03 9.421158504051e-01
1.667000000000e+03 9.060062886944e-01
1.667500000000e+03 8.605402065532e-01
1.668000000000e+03 8.067350134100e-01
1.668500000000e+03 7.457992672709e-01
1.669000000000e+03 6.791061632989e-01
1.669500000000e+03 6.081631559219e-01
1.670000000000e+03 5.345783586751e-01
1.670500000000e+03 4.600244480112e-01
1.671000000000e+03 3.862008648582e-01
1.671500000000e+03 3.147951587010e-01
1.672000000000e+03 2.474443515840e-01
1.672500000000e+03 1.856972122276e-01
1.673000000000e+03 1.309783224843e-01
1.673500000000e+03 8.455478906477e-02
1.674000000000e+03 4.750640295677e-02
1.674500000000e+03 2.069997781218e-02
1.675000000000e+03 4.768508084549e-03
1.675500000000e+03 9.567958274353e-05
1.676000000000e+03 6.806141816400e-03
1.676500000000e+03 2.476181586178e-02
1.677000000000e+03 5.356436682065e-02
1.677500000000e+03 9.256381993711e-02
1.678000000000e+03 1.408731480167e-01
1.678500000000e+03 1.973885089803e-01
1.679000000000e+03 2.608146703045e-01
1.679500000000e+03 3.296950256399e-01
1.680000000000e+03 4.024454918043e-01
1.680500000000e+03 4.773914749450e-01
1.681000000000e+03 5.528070158071e-01
1.681500000000e+03 6.269551679819e-01
1.682000000000e+03 6.981286314655e-01
1.682500000000e+03 7.646896576133e-01
1.683000000000e+03 8.251082609004e-01
1.683500000000e+03 8.779978172065e-01
1.684000000000e+03 9.221471962837e-01
1.684500000000e+03 9.565486657094e-01
1.685000000000e+03 9.804209123062e-01
1.685500000000e+03 9.932266516907e-01
1.686000000000e+03 9.946844336208e-01
1.686500000000e+03 9.847743963951e-01
1.687000000000e+03 9.637378736385e-01
1.687500000000e+03 9.320709073061e-01
1.688000000000e+03 8.905118676840e-01
1.688500000000e+03 8.400235207354e-01
1.689000000000e+03 7.817700118935e-01
1.689500000000e+03 7.170893502179e-01
1.690000000000e+03 6.474620752007e-01
1.690500000000e+03 5.744768683022e-01
1.691000000000e+03 4.997939311481e-01
1.691500000000e+03 4.251069913176e-01
1.692000000000e+03 3.521048145220e-01
1.692500000000e+03 2.824330990537e-01
1.693000000000e+03 2.176576054331e-01
1.693500000000e+03 1.592293325230e-01
1.694000000000e+03 1.084524926164e-01
1.694500000000e+03 6.645596422939e-02
1.695000000000e+03 3.416881462181e-02
1.695500000000e+03 1.230038695423e-02
1.696000000000e+03 1.325341808793e-03
1.696500000000e+03 1.473932126329e-03
1.697000000000e+03 1.272767677798e-02
1.697500000000e+03 3.482048340255e-02
1.698000000000e+03 6.724515791994e-02
1.698500000000e+03 1.092651283350e-01
1.699000000000e+03 1.599311058875e-01
1.699500000000e+03 2.181023089293e-01
1.700000000000e+03 2.824717855674e-01
1.700500000000e+03 3.515952914035e-01
1.701000000000e+03 4.239231096319e-01
1.701500000000e+03 4.978341434174e-01
1.702000000000e+03 5.716715655074e-01
1.702500000000e+03 6.437792782098e-01
1.703000000000e+03 7.125384186190e-01
1.703500000000e+03 7.764031398186e-01
1.704000000000e+03 8.339349088337e-01
1.704500000000e+03 8.838345865481e-01
1.705000000000e+03 9.249715935785e-01
1.705500000000e+03 9.564095188355e-01
1.706000000000e+03 9.774275938356e-01
1.706500000000e+03 9.875375349133e-01
1.707000000000e+03 9.864953463936e-01
1.707500000000e+03 9.743077791337e-01
1.708000000000e+03 9.512332491073e-01
1.708500000000e+03 9.177771379230e-01
1.709000000000e+03 8.746815191644e-01
1.709500000000e+03 8.229094787659e-01
1.710000000000e+03 7.636243215806e-01
1.710500000000e+03 6.981640769987e-01
1.711000000000e+03 6.280118310072e-01
1.711500000000e+03 5.547625173666e-01
1.712000000000e+03 4.800868937764e-01
1.712500000000e+03 4.056935071494e-01
1.713000000000e+03 3.332895129493e-01
1.713500000000e+03 2.645412547172e-01
1.714000000000e+03 2.010355297938e-01
1.714500000000e+03 1.442424644882e-01
1.715000000000e+03 9.548089604581e-02
1.715500000000e+03 5.588710967292e-02
1.716000000000e+03 2.638770732689e-02
1.716500000000e+03 7.677292276623e-03
1.717000000000e+03 2.015417009126e-04
1.717500000000e+03 4.146111396454e-03
1.718000000000e+03 1.943167524512e-02
1.718500000000e+03 4.571525112448e-02
1.719000000000e+03 8.239780844730e-02
1.719500000000e+03 1.286379947494e-01
1.720000000000e+03 1.833716641234e-01
1.720500000000e+03 2.453367430630e-01
1.721000000000e+03 3.131028337051e-01
1.721500000000e+03 3.851048342595e-01
1.722000000000e+03 4.596797550926e-01
1.722500000000e+03 5.351058292077e-01
1.723000000000e+03 6.096429600667e-01
1.723500000000e+03 6.815735191549e-01
1.724000000000e+03 7.492425012200e-01
1.724500000000e+03 8.110960665753e-01
1.725000000000e+03 8.657175464542e-01
1.725500000000e+03 9.118600575218e-01
1.726000000000e+03 9.484749630513e-01
1.726500000000e+03 9.747355281918e-01
1.727000000000e+03 9.900552417525e-01
1.727500000000e+03 9.941004134777e-01
1.728000000000e+03 9.867967998622e-01
1.728500000000e+03 9.683301592160e-01
1.729000000000e+03 9.391407839018e-01
1.729500000000e+03 8.999122006324e-01
1.730000000000e+03 8.515543648142e-01
1.730500000000e+03 7.951817989967e-01
1.731000000000e+03 7.320872357180e-01
1.731500000000e+03 6.637114191831e-01
1.732000000000e+03 5.916097965493e-01
1.732500000000e+03 5.174168869790e-01
1.733000000000e+03 4.428091543578e-01
1.733500000000e+03 3.694672277787e-01
1.734000000000e+03 2.990383127514e-01
1.734500000000e+03 2.330996166696e-01
1.735000000000e+03 1.731235754874e-01
1.735500000000e+03 1.204456164215e-01
1.736000000000e+03 7.623512553924e-02
1.736500000000e+03 4.147021130307e-02
1.737000000000e+03 1.691676754700e-02
1.737500000000e+03 3.112243985937e-03
1.738000000000e+03 3.544313129003e-04
1.738500000000e+03 8.695463174512e-03
1.739000000000e+03 2.794113074541e-02
1.739500000000e+03 5.765549903587e-02
1.740000000000e+03 9.717070915674e-02
1.740500000000e+03 1.456017490792e-01
1.741000000000e+03 2.018658784252e-01
1.741500000000e+03 2.647063019045e-01
1.742000000000e+03 3.327196023868e-01
1.742500000000e+03 4.043863695511e-01
1.743000000000e+03 4.781043947046e-01
1.743500000000e+03 5.522237477930e-01
1.744000000000e+03 6.250830098971e-01
1.744500000000e+03 6.950459045812e-01
1.745000000000e+03 7.605375551706e-01
1.745500000000e+03 8.200795931650e-01
1.746000000000e+03 8.723233560978e-01
1.746500000000e+03 9.160804416411e-01
1.747000000000e+03 9.503499287298e-01
1.747500000000e+03 9.743416358209e-01
1.748000000000e+03 9.874948606218e-01
1.748500000000e+03 9.894921338398e-01
1.749000000000e+03 9.802676205353e-01
1.749500000000e+03 9.600099148114e-01
1.750000000000e+03 9.291590948333e-01
1.750500000000e+03 8.883980331106e-01
1.751000000000e+03 8.386380888152e-01
1.751500000000e+03 7.809994416198e-01
1.752000000000e+03 7.167864568290e-01
1.752500000000e+03 6.474585960424e-01
1.753000000000e+03 5.745975028254e-01
1.753500000000e+03 4.998709954862e-01
1.754000000000e+03 4.249947859626e-01
1.754500000000e+03 3.516928120724e-01
1.755000000000e+03 2.816571176898e-01
1.755500000000e+03 2.165082397283e-01
1.756000000000e+03 1.577570609292e-01
1.756500000000e+03 1.067690627422e-01
1.757000000000e+03 6.473186311060e-02
1.757500000000e+03 3.262685063268e-02
1.758000000000e+03 1.120563089978e-02
1.758500000000e+03 9.718851828323e-04
1.759000000000e+03 2.169108917789e-03
1.759500000000e+03 1.477455121759e-02
1.760000000000e+03 3.849952085393e-02
1.760500000000e+03 7.279606312404e-02
1.761000000000e+03 1.168698502826e-01
1.761500000000e+03 1.696989703092e-01
1.762000000000e+03 2.300581491768e-01
1.762500000000e+03 2.965478047315e-01
1.763000000000e+03 3.676272095403e-01
1.763500000000e+03 4.416509390363e-01
1.764000000000e+03 5.169077025921e-01
1.764500000000e+03 5.916606008721e-01
1.765000000000e+03 6.641878241137e-01
1.765500000000e+03 7.328228034142e-01
1.766000000000e+03 7.959928502431e-01
1.766500000000e+03 8.522553672398e-01
1.767000000000e+03 9.003307840503e-01
1.767500000000e+03 9.391314631397e-01
1.768000000000e+03 9.677859291594e-01
1.768500000000e+03 9.856578982857e-01
1.769000000000e+03 9.923597172229e-01
1.769500000000e+03 9.877599615141e-01
1.770000000000e+03 9.719850855517e-01
1.770500000000e+03 9.454151584423e-01
1.771000000000e+03 9.086738571016e-01
1.771500000000e+03 8.626130173649e-01
1.772000000000e+03 8.082921625989e-01
1.772500000000e+03 7.469535348620e-01
1.773000000000e+03 6.799932441386e-01
1.773500000000e+03 6.089292251255e-01
1.774000000000e+03 5.353667475003e-01
1.774500000000e+03 4.609622642228e-01
1.775000000000e+03 3.873864030891e-01
1.775500000000e+03 3.162869100282e-01
1.776000000000e+03 2.492523391874e-01
1.776500000000e+03 1.877772558436e-01
1.777000000000e+03 1.332296748484e-01
1.777500000000e+03 8.682140113298e-02
1.778000000000e+03 4.958187135835e-02
1.778500000000e+03 2.233601867166e-02
1.779000000000e+03 5.686597368935e-03
1.779500000000e+03 1.312680408012e-06
1.780000000000e+03 5.405004449847e-03
1.780500000000e+03 2.177703368845e-02
1.781000000000e+03 4.875391934582e-02
1.781500000000e+03 8.573717057029e-02
1.782000000000e+03 1.319061586530e-01
1.782500000000e+03 1.862357741555e-01
1.783000000000e+03 2.475185198375e-01
1.783500000000e+03 3.143906003120e-01
1.784000000000e+03 3.853614863778e-01
1.784500000000e+03 4.588463570820e-01
1.785000000000e+03 5.332007573536e-01
1.785500000000e+03 6.067567548750e-01
1.786000000000e+03 6.778598382327e-01
1.786500000000e+03 7.449057705946e-01
1.787000000000e+03 8.063766004697e-01
1.787500000000e+03 8.608750344148e-01
1.788000000000e+03 9.071563967647e-01
1.788500000000e+03 9.441574388703e-01
1.789000000000e+03 9.710213150966e-01
1.789500000000e+03 9.871181145707e-01
1.790000000000e+03 9.920604255354e-01
1.790500000000e+03 9.857135119169e-01
1.791000000000e+03 9.681997974779e-01
1.791500000000e+03 9.398974795051e-01
1.792000000000e+03 9.014332285906e-01
1.792500000000e+03 8.536690706160e-01
1.793000000000e+03 7.976836881169e-01
1.793500000000e+03 7.347485170832e-01
1.794000000000e+03 6.662991481999e-01
1.794500000000e+03 5.939026647412e-01
1.795000000000e+03 5.192216591240e-01
1.795500000000e+03 4.439757631258e-01
1.796000000000e+03 3.699015999092e-01
1.796500000000e+03 2.987121167771e-01
1.797000000000e+03 2.320562839846e-01
1.797500000000e+03 1.714801458563e-01
1.798000000000e+03 1.183901851930e-01
1.798500000000e+03 7.401991098562e-02
1.799000000000e+03 3.940050368065e-02
1.799500000000e+03 1.533625364195e-02
1.800000000000e+03 2.385409517522e-03
1.800500000000e+03 8.469172108107e-04
1.801000000000e+03 1.075338082734e-02
1.801500000000e+03 3.187041853776e-02
1.802000000000e+03 6.370242323885e-02
1.802500000000e+03 1.055045748566e-01
1.803000000000e+03 1.563007927266e-01
1.803500000000e+03 2.149071671763e-01
1.804000000000e+03 2.799602733412e-01
1.804500000000e+03 3.499496511159e-01
1.805000000000e+03 4.232536360452e-01
1.805500000000e+03 4.981776494497e-01
1.806000000000e+03 5.729940038543e-01
1.806500000000e+03 6.459822528953e-01
1.807000000000e+03 7.154691134817e-01
1.807500000000e+03 7.798670115889e-01
1.808000000000e+03 8.377103503572e-01
1.808500000000e+03 8.876886682814e-01
1.809000000000e+03 9.286759436864e-01
1.809500000000e+03 9.597554064761e-01
1.810000000000e+03 9.802393360414e-01
1.810500000000e+03 9.896834516628e-01
1.811000000000e+03 9.878956352042e-01
1.811500000000e+03 9.749388617188e-01
1.812000000000e+03 9.511283483674e-01
1.812500000000e+03 9.170230625232e-01
1.813000000000e+03 8.734118532102e-01
1.813500000000e+03 8.212945835468e-01
1.814000000000e+03 7.618587435128e-01
1.814500000000e+03 6.964521104536e-01
1.815000000000e+03 6.265520980558e-01
1.815500000000e+03 5.537324922424e-01
1.816000000000e+03 4.796283142057e-01
1.816500000000e+03 4.058995765536e-01
1.817000000000e+03 3.341947086249e-01
1.817500000000e+03 2.661144219478e-01
1.818000000000e+03 2.031767674459e-01
1.818500000000e+03 1.467841031281e-01
1.819000000000e+03 9.819264584945e-02
1.819500000000e+03 5.848522425941e-02
1.820000000000e+03 2.854778357154e-02
1.820500000000e+03 9.050117344044e-03
1.821000000000e+03 4.312183628838e-04
1.821500000000e+03 2.889551101557e-03
1.822000000000e+03 1.637845335489e-02
1.822500000000e+03 4.060677576836e-02
1.823000000000e+03 7.504476642173e-02
1.823500000000e+03 1.189351047581e-01
1.824000000000e+03 1.713088864782e-01
1.824500000000e+03 2.310062600824e-01
1.825000000000e+03 2.967013182795e-01
1.825500000000e+03 3.669307551958e-01
1.826000000000e+03 4.401257151638e-01
1.826500000000e+03 5.146461826787e-01
1.827000000000e+03 5.888171978431e-01
1.827500000000e+03 6.609661291715e-01
1.828000000000e+03 7.294601977087e-01
1.828500000000e+03 7.927434246778e-01
1.829000000000e+03 8.493721706095e-01
1.829500000000e+03 8.980484481621e-01
1.830000000000e+03 9.376502241813e-01
1.830500000000e+03 9.672579791772e-01
1.831000000000e+03 9.861768638977e-01
1.831500000000e+03 9.939538821836e-01
1.832000000000e+03 9.903896352849e-01
1.832500000000e+03 9.755442832958e-01
1.833000000000e+03 9.497375117353e-01
1.833500000000e+03 9.135424325138e-01
1.834000000000e+03 8.677734951096e-01
1.834500000000e+03 8.134686319571e-01
1.835000000000e+03 7.518660077974e-01
1.835500000000e+03 6.843758820125e-01
1.836000000000e+03 6.125482216828e-01
1.836500000000e+03 5.380368174587e-01
1.837000000000e+03 4.625607507461e-01
1.837500000000e+03 3.878641361465e-01
1.838000000000e+03 3.156751149951e-01
1.838500000000e+03 2.476651024114e-01
1.839000000000e+03 1.854092903510e-01
1.839500000000e+03 1.303493824880e-01
1.840000000000e+03 8.375948379960e-02
1.840500000000e+03 4.671598984714e-02
1.841000000000e+03 2.007221999487e-02
1.841500000000e+03 4.438418031860e-03
1.842000000000e+03 1.676062506317e-04
1.842500000000e+03 7.347628933541e-03
1.843000000000e+03 2.579956271847e-02
1.843500000000e+03 5.508250897736e-02
1.844000000000e+03 9.450462176390e-02
1.844500000000e+03 1.431400686210e-01
1.845000000000e+03 1.998514748580e-01
1.845500000000e+03 2.633172688248e-01
1.846000000000e+03 3.320632296136e-01
1.846500000000e+03 4.044974424737e-01
1.847000000000e+03 4.789477931696e-01
1.847500000000e+03 5.537010820952e-01
1.848000000000e+03 6.270428129485e-01
1.848500000000e+03 6.972967091109e-01
1.849000000000e+03 7.628630330169e-01
1.849500000000e+03 8.222548282474e-01
1.850000000000e+03 8.741312690635e-01
1.850500000000e+03 9.173273850666e-01
1.851000000000e+03 9.508795269773e-01
1.851500000000e+03 9.740460499657e-01
1.852000000000e+03 9.863228104328e-01
1.852500000000e+03 9.874531972590e-01
1.853000000000e+03 9.774325461696e-01
1.853500000000e+03 9.565069128673e-01
1.854000000000e+03 9.251663041585e-01
1.854500000000e+03 8.841325838517e-01
1.855000000000e+03 8.343423795419e-01
1.855500000000e+03 7.769254156053e-01
1.856000000000e+03 7.131787853841e-01
1.856500000000e+03 6.445377504234e-01
1.857000000000e+03 5.725437160348e-01
1.857500000000e+03 4.988100798608e-01
1.858000000000e+03 4.249866833584e-01
1.858500000000e+03 3.527236151952e-01
1.859000000000e+03 2.836351207364e-01
1.859500000000e+03 2.192643634790e-01
1.860000000000e+03 1.610497628695e-01
1.860500000000e+03 1.102935991760e-01
1.861000000000e+03 6.813353046798e-02
1.861500000000e+03 3.551761012588e-02
1.862000000000e+03 1.318332637067e-02
1.862500000000e+03 1.641108977397e-03
1.863000000000e+03 1.162663511065e-03
1.863500000000e+03 1.177440117918e-02
1.864000000000e+03 3.325613389057e-02
1.864500000000e+03 6.514510068454e-02
1.865000000000e+03 1.067452848378e-01
1.865500000000e+03 1.571418723443e-01
1.866000000000e+03 2.152205939684e-01
1.866500000000e+03 2.796915866968e-01
1.867000000000e+03 3.491173083580e-01
1.867500000000e+03 4.219439437252e-01
1.868000000000e+03 4.965356538939e-01
1.868500000000e+03 5.712109455107e-01
1.869000000000e+03 6.442803747491e-01
1.869500000000e+03 7.140847549511e-01
1.870000000000e+03 7.790330083774e-01
1.870500000000e+03 8.376387931572e-01
1.871000000000e+03 8.885550473360e-01
1.871500000000e+03 9.306056236579e-01
1.872000000000e+03 9.628132413432e-01
1.872500000000e+03 9.844230542697e-01
1.873000000000e+03 9.949212274486e-01
1.873500000000e+03 9.940480238163e-01
1.874000000000e+03 9.818050287836e-01
1.874500000000e+03 9.584562778303e-01
1.875000000000e+03 9.245231993168e-01
1.875500000000e+03 8.807734368226e-01
1.876000000000e+03 8.282037686655e-01
1.876500000000e+03 7.680174925594e-01
1.877000000000e+03 7.015967863424e-01
1.877500000000e+03 6.304706872916e-01
1.878000000000e+03 5.562794486715e-01
1.878500000000e+03 4.807361295257e-01
1.879000000000e+03 4.055863491419e-01
1.879500000000e+03 3.325671888522e-01
1.880000000000e+03 2.633662491535e-01
1.880500000000e+03 1.995818686514e-01
1.881000000000e+03 1.426854830523e-01
1.881500000000e+03 9.398704797931e-02
1.882000000000e+03 5.460437042950e-02
1.882500000000e+03 2.543709242824e-02
1.883000000000e+03 7.145949871865e-03
1.883500000000e+03 1.377931683001e-04
1.884000000000e+03 4.556708099660e-03
1.884500000000e+03 2.028141954651e-02
1.885000000000e+03 4.692900183718e-02
1.885500000000e+03 8.386476191519e-02
1.886000000000e+03 1.302180096096e-01
1.886500000000e+03 1.849032870830e-01
1.887000000000e+03 2.466465007109e-01
1.887500000000e+03 3.140152863454e-01
1.888000000000e+03 3.854528457852e-01
1.888500000000e+03 4.593144201859e-01
1.889000000000e+03 5.339055164465e-01
1.889500000000e+03 6.075209758363e-01
1.890000000000e+03 6.784839702307e-01
1.890500000000e+03 7.451840295283e-01
1.891000000000e+03 8.061132429659e-01
1.891500000000e+03 8.598998351733e-01
1.892000000000e+03 9.053383928631e-01
1.892500000000e+03 9.414161074645e-01
1.893000000000e+03 9.673345000342e-01
1.893500000000e+03 9.825262046371e-01
1.894000000000e+03 9.866665021369e-01
1.894500000000e+03 9.796794152578e-01
1.895000000000e+03 9.617382951042e-01
1.895500000000e+03 9.332609466582e-01
1.896000000000e+03 8.948994538231e-01
1.896500000000e+03 8.475249713668e-01
1.897000000000e+03 7.922078499796e-01
1.897500000000e+03 7.301935500995e-01
1.898000000000e+03 6.628748791099e-01
1.898500000000e+03 5.917611539768e-01
1.899000000000e+03 5.184449467547e-01
1.899500000000e+03 4.445671131177e-01
1.900000000000e+03 3.717808338125e-01
1.900500000000e+03 3.017154155819e-01
1.901000000000e+03 2.359406014503e-01
1.901500000000e+03 1.759321304760e-01
1.902000000000e+03 1.230392641738e-01
1.902500000000e+03 7.845496106431e-02
1.903000000000e+03 4.318933255081e-02
1.903500000000e+03 1.804695303211e-02
1.904000000000e+03 3.608525388787e-03
1.904500000000e+03 2.173206258601e-04
1.905000000000e+03 7.970718413050e-03
1.905500000000e+03 2.671707482716e-02
1.906000000000e+03 5.605803620044e-02
1.906500000000e+03 9.535630536752e-02
1.907000000000e+03 1.437487507158e-01
1.907500000000e+03 2.001646315581e-01
1.908000000000e+03 2.633485978056e-01
1.908500000000e+03 3.318880103869e-01
1.909000000000e+03 4.042440239891e-01
1.909500000000e+03 4.787857782614e-01
1.910000000000e+03 5.538269602577e-01
1.910500000000e+03 6.276639322742e-01
1.911000000000e+03 6.986145675580e-01
1.911500000000e+03 7.650569038013e-01
1.912000000000e+03 8.254667123370e-01
1.912500000000e+03 8.784530907880e-01
1.913000000000e+03 9.227912190525e-01
1.913500000000e+03 9.574514728560e-01
1.914000000000e+03 9.816241650845e-01
1.914500000000e+03 9.947392811841e-01
1.915000000000e+03 9.964806892044e-01
1.915500000000e+03 9.867944348517e-01
1.916000000000e+03 9.658908740791e-01
1.916500000000e+03 9.342405465963e-01
1.917000000000e+03 8.925638492601e-01
1.917500000000e+03 8.418147243527e-01
1.918000000000e+03 7.831587299144e-01
1.918500000000e+03 7.179460033060e-01
1.919000000000e+03 6.476797608442e-01
1.919500000000e+03 5.739810919063e-01
1.920000000000e+03 4.985509020118e-01
1.920500000000e+03 4.231299331240e-01
1.921000000000e+03 3.494578388291e-01
1.921500000000e+03 2.792323155284e-01
1.922000000000e+03 2.140692878468e-01
1.922500000000e+03 1.554651171682e-01
1.923000000000e+03 1.047617475888e-01
1.923500000000e+03 6.311562528103e-02
1.924000000000e+03 3.147112768922e-02
1.924500000000e+03 1.053912114650e-02
1.925000000000e+03 7.811328643943e-04
1.925500000000e+03 2.399479676404e-03
1.926000000000e+03 1.533354552224e-02
1.926500000000e+03 3.926224662618e-02
1.927000000000e+03 7.361257183113e-02
1.927500000000e+03 1.175739396083e-01
1.928000000000e+03 1.701179765829e-01
1.928500000000e+03 2.300231983289e-01
1.929000000000e+03 2.959039645758e-01
1.929500000000e+03 3.662429900980e-01
1.930000000000e+03 4.394266211819e-01
1.930500000000e+03 5.137820368075e-01
1.931000000000e+03 5.876155040420e-01
1.931500000000e+03 6.592508085083e-01
1.932000000000e+03 7.270669926416e-01
1.932500000000e+03 7.895345655937e-01
1.933000000000e+03 8.452493975888e-01
1.933500000000e+03 8.929635764592e-01
1.934000000000e+03 9.316125828405e-01
1.934500000000e+03 9.603382307893e-01
1.935000000000e+03 9.785069200324e-01
1.935500000000e+03 9.857228522434e-01
1.936000000000e+03 9.818359742648e-01
1.936500000000e+03 9.669445237842e-01
1.937000000000e+03 9.413921654590e-01
1.937500000000e+03 9.057598158316e-01
1.938000000000e+03 8.608523618008e-01
1.938500000000e+03 8.076805781876e-01
1.939000000000e+03 7.474386436322e-01
1.939500000000e+03 6.814777393534e-01
1.940000000000e+03 6.112762909871e-01
1.940500000000e+03 5.384074788545e-01
1.941000000000e+03 4.645046956209e-01
1.941500000000e+03 3.912256716866e-01
1.942000000000e+03 3.202160170300e-01
1.942500000000e+03 2.530729431996e-01
1.943000000000e+03 1.913099301181e-01
1.943500000000e+03 1.363230891533e-01
1.944000000000e+03 8.935994629917e-02
1.944500000000e+03 5.149132740916e-02
1.945000000000e+03 2.358697142846e-02
1.945500000000e+03 6.295428002206e-03
1.946000000000e+03 2.871353523930e-05
1.946500000000e+03 4.952105704703e-03
1.947000000000e+03 2.097935209099e-02
1.947500000000e+03 4.777345564898e-02
1.948000000000e+03 8.475308024272e-02
1.948500000000e+03 1.311044957702e-01
1.949000000000e+03 1.857988570970e-01
1.949500000000e+03 2.476144869217e-01
1.950000000000e+03 3.151637128148e-01
1.950500000000e+03 3.869236960428e-01
1.951000000000e+03 4.612705874473e-01
1.951500000000e+03 5.365162565577e-01
1.952000000000e+03 6.109467670477e-01
1.952500000000e+03 6.828617169039e-01
1.953000000000e+03 7.506135274906e-01
1.953500000000e+03 8.126457534053e-01
1.954000000000e+03 8.675294958020e-01
1.954500000000e+03 9.139970358524e-01
1.955000000000e+03 9.509718621845e-01
1.955500000000e+03 9.775943452093e-01
1.956000000000e+03 9.932424107901e-01
1.956500000000e+03 9.975466833087e-01
1.957000000000e+03 9.903997009709e-01
1.957500000000e+03 9.719589507813e-01
1.958000000000e+03 9.426436231909e-01
1.958500000000e+03 9.031251428586e-01
1.959000000000e+03 8.543116880015e-01
1.959500000000e+03 7.973270621144e-01
1.960000000000e+03 7.334844242262e-01
1.960500000000e+03 6.642555132963e-01
1.961000000000e+03 5.912361153590e-01
1.961500000000e+03 5.161086153292e-01
1.962000000000e+03 4.406025465723e-01
1.962500000000e+03 3.664540985156e-01
1.963000000000e+03 2.953655645739e-01
1.963500000000e+03 2.289657090498e-01
1.964000000000e+03 1.687720029245e-01
1.964500000000e+03 1.161556254817e-01
1.965000000000e+03 7.231005338980e-02
1.965500000000e+03 3.822396358338e-02
1.966000000000e+03 1.465906381285e-02
1.966500000000e+03 2.133338529805e-03
1.967000000000e+03 9.100613621488e-04
1.967500000000e+03 1.099278264246e-02
1.968000000000e+03 3.212635513711e-02
1.968500000000e+03 6.380391707338e-02
1.969000000000e+03 1.052796124050e-01
1.969500000000e+03 1.555866973213e-01
1.970000000000e+03 2.135605623338e-01
1.970500000000e+03 2.778660933459e-01
1.971000000000e+03 3.470287050945e-01
1.971500000000e+03 4.194683078107e-01
1.972000000000e+03 4.935354138780e-01
1.972500000000e+03 5.675485563389e-01
1.973000000000e+03 6.398321752773e-01
1.973500000000e+03 7.087541311062e-01
1.974000000000e+03 7.727620246760e-01
1.974500000000e+03 8.304175420073e-01
1.975000000000e+03 8.804280946292e-01
1.975500000000e+03 9.216750936033e-01
1.976000000000e+03 9.532382743127e-01
1.976500000000e+03 9.744155782380e-01
1.977000000000e+03 9.847381951332e-01
1.977500000000e+03 9.839804723271e-01
1.978000000000e+03 9.721645053065e-01
1.978500000000e+03 9.495593333289e-01
1.979000000000e+03 9.166747737000e-01
1.979500000000e+03 8.742500367242e-01
1.980000000000e+03 8.232373683931e-01
1.980500000000e+03 7.647810680407e-01
1.981000000000e+03 7.001923217850e-01
1.981500000000e+03 6.309203780859e-01
1.982000000000e+03 5.585206678094e-01
1.982500000000e+03 4.846205363228e-01
1.983000000000e+03 4.108833081650e-01
1.983500000000e+03 3.389714446164e-01
1.984000000000e+03 2.705095799124e-01
1.984500000000e+03 2.070482321791e-01
1.985000000000e+03 1.500289797332e-01
1.985500000000e+03 1.007518716926e-01
1.986000000000e+03 6.034580394664e-02
1.986500000000e+03 2.974253738967e-02
1.987000000000e+03 9.654965644759e-03
1.987500000000e+03 5.601550769586e-04
1.988000000000e+03 2.687582021970e-03
1.988500000000e+03 1.601288254226e-02
1.989000000000e+03 4.025731065537e-02
1.989500000000e+03 7.489297432024e-02
1.990000000000e+03 1.191537872119e-01
1.990500000000e+03 1.720519414539e-01
1.991000000000e+03 2.323995752182e-01
1.991500000000e+03 2.988351827131e-01
1.992000000000e+03 3.698541958930e-01
1.992500000000e+03 4.438430604964e-01
1.993000000000e+03 5.191160367837e-01
1.993500000000e+03 5.939538803930e-01
1.994000000000e+03 6.666435034608e-01
1.994500000000e+03 7.355176824514e-01
1.995000000000e+03 7.989938684274e-01
1.995500000000e+03 8.556111684240e-01
1.996000000000e+03 9.040646033679e-01
1.996500000000e+03 9.432358079247e-01
1.997000000000e+03 9.722194195403e-01
1.997500000000e+03 9.903445058180e-01
1.998000000000e+03 9.971904987411e-01
1.998500000000e+03 9.925972379840e-01
1.999000000000e+03 9.766688702020e-01
1.999500000000e+03 9.497715028314e-01
2.000000000000e+03 9.125246655272e-01
