# time(fs)  photon_number
0.000000000000e+00 1.000000000000e+00
5.000000000000e-01 9.942407672625e-01
1.000000000000e+00 9.770970543653e-01
1.500000000000e+00 9.489676022537e-01
2.000000000000e+00 9.105063444968e-01
2.500000000000e+00 8.626067399284e-01
3.000000000000e+00 8.063803993296e-01
3.500000000000e+00 7.431305480147e-01
4.000000000000e+00 6.743209943979e-01
4.500000000000e+00 6.015413840874e-01
5.000000000000e+00 5.264696069227e-01
5.500000000000e+00 4.508322884450e-01
6.000000000000e+00 3.763643361574e-01
6.500000000000e+00 3.047685239543e-01
7.000000000000e+00 2.376760854205e-01
7.500000000000e+00 1.766092492304e-01
8.000000000000e+00 1.229465892376e-01
8.500000000000e+00 7.789198026724e-02
9.000000000000e+00 4.244785089725e-02
9.500000000000e+00 1.739330982878e-02
1.000000000000e+01 3.267596306841e-03
1.050000000000e+01 3.591711260040e-04
1.100000000000e+01 8.700626766122e-03
1.150000000000e+01 2.806945679532e-02
1.200000000000e+01 5.799458931827e-02
1.250000000000e+01 9.776846012515e-02
1.300000000000e+01 1.464642811437e-01
1.350000000000e+01 2.029580512309e-01
1.400000000000e+01 2.659547612285e-01
1.450000000000e+01 3.340181650390e-01
1.500000000000e+01 4.056034242835e-01
1.550000000000e+01 4.790918864491e-01
1.600000000000e+01 5.528272254760e-01
1.650000000000e+01 6.251521592594e-01
1.700000000000e+01 6.944449600079e-01
1.750000000000e+01 7.591549900094e-01
1.800000000000e+01 8.178365261152e-01
1.850000000000e+01 8.691801799992e-01
1.900000000000e+01 9.120412767514e-01
1.950000000000e+01 9.454646203069e-01
2.000000000000e+01 9.687051492764e-01
2.050000000000e+01 9.812440695860e-01
2.100000000000e+01 9.828001396483e-01
2.150000000000e+01 9.733358782341e-01
2.200000000000e+01 9.530585634932e-01
2.250000000000e+01 9.224159923466e-01
2.300000000000e+01 8.820870713760e-01
2.350000000000e+01 8.329674119649e-01
2.400000000000e+01 7.761502023181e-01
2.450000000000e+01 7.129027255539e-01
2.500000000000e+01 6.446389846991e-01
2.550000000000e+01 5.728889804257e-01
2.600000000000e+01 4.992652639904e-01
2.650000000000e+01 4.254274543188e-01
2.700000000000e+01 3.530454627518e-01
2.750000000000e+01 2.837622099680e-01
2.800000000000e+01 2.191566454783e-01
2.850000000000e+01 1.607078894975e-01
2.900000000000e+01 1.097613088858e-01
2.950000000000e+01 6.749731246221e-02
3.000000000000e+01 3.490360603191e-02
3.050000000000e+01 1.275158404130e-02
3.100000000000e+01 1.577453554796e-03
3.150000000000e+01 1.668588383465e-03
3.200000000000e+01 1.305549841966e-02
3.250000000000e+01 3.550967377950e-02
3.300000000000e+01 6.854742796649e-02
3.350000000000e+01 1.114397221201e-01
3.400000000000e+01 1.632278070383e-01
3.450000000000e+01 2.227443748630e-01
3.500000000000e+01 2.886397720420e-01
3.550000000000e+01 3.594126934126e-01
3.600000000000e+01 4.334446578536e-01
3.650000000000e+01 5.090374625723e-01
3.700000000000e+01 5.844527289809e-01
3.750000000000e+01 6.579525910495e-01
3.800000000000e+01 7.278405391752e-01
3.850000000000e+01 7.925014204512e-01
3.900000000000e+01 8.504396104888e-01
3.950000000000e+01 9.003144125664e-01
4.000000000000e+01 9.409718059744e-01
4.050000000000e+01 9.714717553275e-01
4.100000000000e+01 9.911104039180e-01
4.150000000000e+01 9.994366038037e-01
4.200000000000e+01 9.962623796134e-01
4.250000000000e+01 9.816670779214e-01
4.300000000000e+01 9.559951150642e-01
4.350000000000e+01 9.198473988826e-01
4.400000000000e+01 8.740666594723e-01
4.450000000000e+01 8.197170761575e-01
4.500000000000e+01 7.580587283999e-01
4.550000000000e+01 6.905175234529e-01
4.600000000000e+01 6.186513600396e-01
4.650000000000e+01 5.441133725705e-01
4.700000000000e+01 4.686131624977e-01
4.750000000000e+01 3.938769611564e-01
4.800000000000e+01 3.216076814235e-01
4.850000000000e+01 2.534458040454e-01
4.900000000000e+01 1.909320095369e-01
4.950000000000e+01 1.354724097739e-01
5.000000000000e+01 8.830715698607e-02
5.050000000000e+01 5.048311443339e-02
5.100000000000e+01 2.283116564168e-02
5.150000000000e+01 5.948620883356e-03
5.200000000000e+01 1.870539913860e-04
5.250000000000e+01 5.645772937979e-03
5.300000000000e+01 2.217099716666e-02
5.350000000000e+01 4.936068652129e-02
5.400000000000e+01 8.657484359123e-02
5.450000000000e+01 1.329509958945e-01
5.500000000000e+01 1.874244586926e-01
5.550000000000e+01 2.487528851320e-01
5.600000000000e+01 3.155445292104e-01
5.650000000000e+01 3.862895797541e-01
5.700000000000e+01 4.593938708023e-01
5.750000000000e+01 5.332142358313e-01
5.800000000000e+01 6.060947501290e-01
5.850000000000e+01 6.764030971413e-01
5.900000000000e+01 7.425663003236e-01
5.950000000000e+01 8.031050813848e-01
6.000000000000e+01 8.566661381004e-01
6.050000000000e+01 9.020516793237e-01
6.100000000000e+01 9.382456105752e-01
6.150000000000e+01 9.644358297362e-01
6.200000000000e+01 9.800321679268e-01
6.250000000000e+01 9.846795945926e-01
6.300000000000e+01 9.782663970275e-01
6.350000000000e+01 9.609271418337e-01
6.400000000000e+01 9.330403278331e-01
6.450000000000e+01 8.952207452619e-01
6.500000000000e+01 8.483066631091e-01
6.550000000000e+01 7.933420734664e-01
6.600000000000e+01 7.315543268643e-01
6.650000000000e+01 6.643275937629e-01
6.700000000000e+01 5.931726825309e-01
6.750000000000e+01 5.196938312013e-01
6.800000000000e+01 4.455531668368e-01
6.850000000000e+01 3.724335903267e-01
6.900000000000e+01 3.020008938217e-01
6.950000000000e+01 2.358659509733e-01
7.000000000000e+01 1.755478350950e-01
7.050000000000e+01 1.224387160991e-01
7.100000000000e+01 7.777136279938e-02
7.150000000000e+01 4.259003259815e-02
7.200000000000e+01 1.772546595806e-02
7.250000000000e+01 3.774619196017e-03
7.300000000000e+01 1.085667460413e-03
7.350000000000e+01 9.748692248238e-03
7.400000000000e+01 2.959233704851e-02
7.450000000000e+01 6.018657371794e-02
7.500000000000e+01 1.008515744931e-01
7.550000000000e+01 1.506725339433e-01
7.600000000000e+01 2.085201357183e-01
7.650000000000e+01 2.730762147865e-01
7.700000000000e+01 3.428640311084e-01
7.750000000000e+01 4.162824492774e-01
7.800000000000e+01 4.916432142185e-01
7.850000000000e+01 5.672104287628e-01
7.900000000000e+01 6.412412774389e-01
7.950000000000e+01 7.120270041536e-01
8.000000000000e+01 7.779331408211e-01
8.050000000000e+01 8.374379999387e-01
8.100000000000e+01 8.891684862898e-01
8.150000000000e+01 9.319323502604e-01
8.200000000000e+01 9.647460958259e-01
8.250000000000e+01 9.868578675180e-01
8.300000000000e+01 9.977647694303e-01
8.350000000000e+01 9.972242118719e-01
8.400000000000e+01 9.852590335390e-01
8.450000000000e+01 9.621563047315e-01
8.500000000000e+01 9.284598757480e-01
8.550000000000e+01 8.849568897712e-01
8.600000000000e+01 8.326586270954e-01
8.650000000000e+01 7.727761835612e-01
8.700000000000e+01 7.066916070817e-01
8.750000000000e+01 6.359252192510e-01
8.800000000000e+01 5.620999318738e-01
8.850000000000e+01 4.869034291906e-01
8.900000000000e+01 4.120491245918e-01
8.950000000000e+01 3.392368154183e-01
9.000000000000e+01 2.701139513910e-01
9.050000000000e+01 2.062384022594e-01
9.100000000000e+01 1.490435599463e-01
9.150000000000e+01 9.980654178127e-02
9.200000000000e+01 5.962017673666e-02
9.250000000000e+01 2.936935858586e-02
9.300000000000e+01 9.712241433055e-03
9.350000000000e+01 1.066637069496e-03
9.400000000000e+01 3.601853027562e-03
9.450000000000e+01 1.723608788855e-02
9.500000000000e+01 4.163937905170e-02
9.550000000000e+01 7.624198027873e-02
9.600000000000e+01 1.202479341240e-01
9.650000000000e+01 1.726534997985e-01
9.700000000000e+01 2.322700017562e-01
9.750000000000e+01 2.977505796991e-01
9.800000000000e+01 3.676202478620e-01
9.850000000000e+01 4.403086111712e-01
9.900000000000e+01 5.141845387736e-01
9.950000000000e+01 5.875920618637e-01
1.000000000000e+02 6.588867429005e-01
1.005000000000e+02 7.264717572373e-01
1.010000000000e+02 7.888329357877e-01
1.015000000000e+02 8.445720384009e-01
1.020000000000e+02 8.924375617881e-01
1.025000000000e+02 9.313524326697e-01
1.030000000000e+02 9.604379957463e-01
1.035000000000e+02 9.790337764094e-01
1.040000000000e+02 9.867125789518e-01
1.045000000000e+02 9.832905713778e-01
1.050000000000e+02 9.688321065178e-01
1.055000000000e+02 9.436491345985e-01
1.060000000000e+02 9.082951730462e-01
1.065000000000e+02 8.635539132505e-01
1.070000000000e+02 8.104226591940e-01
1.075000000000e+02 7.500909070034e-01
1.080000000000e+02 6.839144851656e-01
1.085000000000e+02 6.133857798422e-01
1.090000000000e+02 5.401006658297e-01
1.095000000000e+02 4.657228486717e-01
1.100000000000e+02 3.919463947793e-01
1.105000000000e+02 3.204572818593e-01
1.110000000000e+02 2.528948394861e-01
1.115000000000e+02 1.908139676068e-01
1.120000000000e+02 1.356490179374e-01
1.125000000000e+02 8.868019885939e-02
1.130000000000e+02 5.100331841755e-02
1.135000000000e+02 2.350361280382e-02
1.140000000000e+02 6.834320363017e-03
1.145000000000e+02 1.400555380683e-03
1.150000000000e+02 7.348914008653e-03
1.155000000000e+02 2.456310950750e-02
1.160000000000e+02 5.266578887064e-02
1.165000000000e+02 9.102653157377e-02
1.170000000000e+02 1.387758776776e-01
1.175000000000e+02 1.948250809796e-01
1.180000000000e+02 2.578911375682e-01
1.185000000000e+02 3.265265050866e-01
1.190000000000e+02 3.991528071228e-01
1.195000000000e+02 4.740977139084e-01
1.200000000000e+02 5.496341079277e-01
1.205000000000e+02 6.240205835384e-01
1.210000000000e+02 6.955422950121e-01
1.215000000000e+02 7.625511585423e-01
1.220000000000e+02 8.235044309626e-01
1.225000000000e+02 8.770007306514e-01
1.230000000000e+02 9.218126330697e-01
1.235000000000e+02 9.569150626000e-01
1.240000000000e+02 9.815088111881e-01
1.245000000000e+02 9.950386395595e-01
1.250000000000e+02 9.972055548780e-01
1.255000000000e+02 9.879730057018e-01
1.260000000000e+02 9.675668868727e-01
1.265000000000e+02 9.364693993826e-01
1.270000000000e+02 8.954069592309e-01
1.275000000000e+02 8.453324909424e-01
1.280000000000e+02 7.874025722212e-01
1.285000000000e+02 7.229500130340e-01
1.290000000000e+02 6.534525526227e-01
1.295000000000e+02 5.804984394522e-01
1.300000000000e+02 5.057497204313e-01
1.305000000000e+02 4.309041060049e-01
1.310000000000e+02 3.576562966298e-01
1.315000000000e+02 2.876596539945e-01
1.320000000000e+02 2.224890779314e-01
1.325000000000e+02 1.636059085863e-01
1.330000000000e+02 1.123256147172e-01
1.335000000000e+02 6.978895499748e-02
1.340000000000e+02 3.693721213186e-02
1.345000000000e+02 1.449200185226e-02
1.350000000000e+02 2.940052932934e-03
1.355000000000e+02 2.523242745998e-03
1.360000000000e+02 1.323405802174e-02
1.365000000000e+02 3.481653474196e-02
1.370000000000e+02 6.677261669773e-02
1.375000000000e+02 1.083737612414e-01
1.380000000000e+02 1.586775150324e-01
1.385000000000e+02 2.165486837989e-01
1.390000000000e+02 2.806846298108e-01
1.395000000000e+02 3.496441501881e-01
1.400000000000e+02 4.218793194947e-01
1.405000000000e+02 4.957696222540e-01
1.410000000000e+02 5.696576558938e-01
1.415000000000e+02 6.418856528474e-01
1.420000000000e+02 7.108320526361e-01
1.425000000000e+02 7.749473511143e-01
1.430000000000e+02 8.327884648966e-01
1.435000000000e+02 8.830508743724e-01
1.440000000000e+02 9.245978485159e-01
1.445000000000e+02 9.564861085864e-01
1.450000000000e+02 9.779873552336e-01
1.455000000000e+02 9.886051636445e-01
1.460000000000e+02 9.880868431280e-01
1.465000000000e+02 9.764299595350e-01
1.470000000000e+02 9.538833295187e-01
1.475000000000e+02 9.209424128714e-01
1.480000000000e+02 8.783391508291e-01
1.485000000000e+02 8.270264218161e-01
1.490000000000e+02 7.681574089554e-01
1.495000000000e+02 7.030602929455e-01
1.500000000000e+02 6.332087967055e-01
1.505000000000e+02 5.601892115933e-01
1.510000000000e+02 4.856646261628e-01
1.515000000000e+02 4.113371546882e-01
1.520000000000e+02 3.389090216268e-01
1.525000000000e+02 2.700433977743e-01
1.530000000000e+02 2.063259024608e-01
1.535000000000e+02 1.492276826520e-01
1.540000000000e+02 1.000709537083e-01
1.545000000000e+02 5.999783792554e-02
1.550000000000e+02 2.994326652898e-02
1.555000000000e+02 1.061261992787e-02
1.560000000000e+02 2.464671721746e-03
1.565000000000e+02 5.700276785433e-03
1.570000000000e+02 2.025710583409e-02
1.575000000000e+02 4.581058171655e-02
1.580000000000e+02 8.178102016972e-02
1.585000000000e+02 1.273468239684e-01
1.590000000000e+02 1.814634284980e-01
1.595000000000e+02 2.428875528892e-01
1.600000000000e+02 3.102061779578e-01
1.605000000000e+02 3.818695539351e-01
1.610000000000e+02 4.562274406280e-01
1.615000000000e+02 5.315677029297e-01
1.620000000000e+02 6.061563276436e-01
1.625000000000e+02 6.782778948641e-01
1.630000000000e+02 7.462755293990e-01
1.635000000000e+02 8.085893749890e-01
1.640000000000e+02 8.637926756424e-01
1.645000000000e+02 9.106246129226e-01
1.650000000000e+02 9.480191334610e-01
1.655000000000e+02 9.751291047728e-01
1.660000000000e+02 9.913452565828e-01
1.665000000000e+02 9.963094959432e-01
1.670000000000e+02 9.899223237975e-01
1.675000000000e+02 9.723442245430e-01
1.680000000000e+02 9.439910448033e-01
1.685000000000e+02 9.055235193330e-01
1.690000000000e+02 8.578312372917e-01
1.695000000000e+02 8.020114678335e-01
1.700000000000e+02 7.393433772735e-01
1.705000000000e+02 6.712582686282e-01
1.710000000000e+02 5.993065561855e-01
1.715000000000e+02 5.251222515471e-01
1.720000000000e+02 4.503857824128e-01
1.725000000000e+02 3.767859908452e-01
1.730000000000e+02 3.059821639515e-01
1.735000000000e+02 2.395669373669e-01
1.740000000000e+02 1.790308815186e-01
1.745000000000e+02 1.257295336519e-01
1.750000000000e+02 8.085357651421e-02
1.755000000000e+02 4.540278918107e-02
1.760000000000e+02 2.016430866660e-02
1.765000000000e+02 5.695644713063e-03
1.770000000000e+02 2.312786582916e-03
1.775000000000e+02 1.008363188540e-02
1.780000000000e+02 2.882685555187e-02
1.785000000000e+02 5.811622408434e-02
1.790000000000e+02 9.729024813459e-02
1.795000000000e+02 1.454669572499e-01
1.800000000000e+02 2.015634760827e-01
1.805000000000e+02 2.643199832529e-01
1.810000000000e+02 3.323275440214e-01
1.815000000000e+02 4.040592275276e-01
1.820000000000e+02 4.779038499889e-01
1.825000000000e+02 5.522016282683e-01
1.830000000000e+02 6.252809847461e-01
1.835000000000e+02 6.954957154879e-01
1.840000000000e+02 7.612617201007e-01
1.845000000000e+02 8.210924940221e-01
1.850000000000e+02 8.736326026374e-01
1.855000000000e+02 9.176883916839e-01
1.860000000000e+02 9.522552396250e-01
1.865000000000e+02 9.765407245557e-01
1.870000000000e+02 9.899831597987e-01
1.875000000000e+02 9.922650474431e-01
1.880000000000e+02 9.833211060144e-01
1.885000000000e+02 9.633406452804e-01
1.890000000000e+02 9.327641855653e-01
1.895000000000e+02 8.922743482506e-01
1.900000000000e+02 8.427811755175e-01
1.905000000000e+02 7.854021677708e-01
1.910000000000e+02 7.214374534037e-01
1.915000000000e+02 6.523406244198e-01
1.920000000000e+02 5.796858797631e-01
1.925000000000e+02 5.051322130446e-01
1.930000000000e+02 4.303854599433e-01
1.935000000000e+02 3.571590805142e-01
1.940000000000e+02 2.871345909953e-01
1.945000000000e+02 2.219225770036e-01
1.950000000000e+02 1.630252143866e-01
1.955000000000e+02 1.118011951573e-01
1.960000000000e+02 6.943390428349e-02
1.965000000000e+02 3.690361964343e-02
1.970000000000e+02 1.496441385655e-02
1.975000000000e+02 4.126325205558e-03
1.980000000000e+02 4.643238272995e-03
1.985000000000e+02 1.650677647018e-02
1.990000000000e+02 3.944636195313e-02
1.995000000000e+02 7.293544736966e-02
2.000000000000e+02 1.162037724771e-01
2.005000000000e+02 1.682553509403e-01
2.010000000000e+02 2.278917524969e-01
2.015000000000e+02 2.937401168521e-01
2.020000000000e+02 3.642852215263e-01
2.025000000000e+02 4.379048293371e-01
2.030000000000e+02 5.129074646851e-01
2.035000000000e+02 5.875717131516e-01
2.040000000000e+02 6.601861073071e-01
2.045000000000e+02 7.290886536192e-01
2.050000000000e+02 7.927050708192e-01
2.055000000000e+02 8.495848482976e-01
2.060000000000e+02 8.984342926825e-01
2.065000000000e+02 9.381458098373e-01
2.070000000000e+02 9.678227657119e-01
2.075000000000e+02 9.867993800594e-01
2.080000000000e+02 9.946552289273e-01
2.085000000000e+02 9.912240618212e-01
2.090000000000e+02 9.765967741612e-01
2.095000000000e+02 9.511185117859e-01
2.100000000000e+02 9.153800185232e-01
2.105000000000e+02 8.702034671838e-01
2.110000000000e+02 8.166231358758e-01
2.115000000000e+02 7.558614027607e-01
2.120000000000e+02 6.893006310574e-01
2.125000000000e+02 6.184516004459e-01
2.130000000000e+02 5.449192095978e-01
2.135000000000e+02 4.703662263261e-01
2.140000000000e+02 3.964758962083e-01
2.145000000000e+02 3.249142372105e-01
2.150000000000e+02 2.572928469693e-01
2.155000000000e+02 1.951330313892e-01
2.160000000000e+02 1.398320288463e-01
2.165000000000e+02 9.263205453632e-02
2.170000000000e+02 5.459282561383e-02
2.175000000000e+02 2.656815115811e-02
2.180000000000e+02 9.187083271952e-03
2.185000000000e+02 2.840028496324e-03
2.190000000000e+02 7.670114062011e-03
2.195000000000e+02 2.356999323236e-02
2.200000000000e+02 5.018416012780e-02
2.205000000000e+02 8.691672902758e-02
2.210000000000e+02 1.329445183114e-01
2.215000000000e+02 1.872351670428e-01
2.220000000000e+02 2.485699048150e-01
2.225000000000e+02 3.155704949440e-01
2.230000000000e+02 3.867297794252e-01
2.235000000000e+02 4.604451731844e-01
2.240000000000e+02 5.350543868536e-01
2.245000000000e+02 6.088726032172e-01
2.250000000000e+02 6.802302940237e-01
2.255000000000e+02 7.475108422293e-01
2.260000000000e+02 8.091871307921e-01
2.265000000000e+02 8.638562734331e-01
2.270000000000e+02 9.102716954829e-01
2.275000000000e+02 9.473718238146e-01
2.280000000000e+02 9.743047132649e-01
2.285000000000e+02 9.904480217836e-01
2.290000000000e+02 9.954238462783e-01
2.295000000000e+02 9.891080438043e-01
2.300000000000e+02 9.716337860270e-01
2.305000000000e+02 9.433892260598e-01
2.310000000000e+02 9.050092928576e-01
2.315000000000e+02 8.573617661011e-01
2.320000000000e+02 8.015279205707e-01
2.325000000000e+02 7.387781599540e-01
2.330000000000e+02 6.705431824712e-01
2.335000000000e+02 5.983813314006e-01
2.340000000000e+02 5.239428795180e-01
2.345000000000e+02 4.489320749729e-01
2.350000000000e+02 3.750678349387e-01
2.355000000000e+02 3.040440107506e-01
2.360000000000e+02 2.374901629785e-01
2.365000000000e+02 1.769337763704e-01
2.370000000000e+02 1.237648129028e-01
2.375000000000e+02 7.920344694152e-02
2.380000000000e+02 4.427175106467e-02
2.385000000000e+02 1.977000631888e-02
2.390000000000e+02 6.258198993415e-03
2.395000000000e+02 4.043140316104e-03
2.400000000000e+02 1.317150906484e-02
2.405000000000e+02 3.342897352788e-02
2.410000000000e+02 6.434540226726e-02
2.415000000000e+02 1.052060265596e-01
2.420000000000e+02 1.550682749711e-01
2.425000000000e+02 2.127838658817e-01
2.430000000000e+02 2.770256202649e-01
2.435000000000e+02 3.463183476695e-01
2.440000000000e+02 4.190730657120e-01
2.445000000000e+02 4.936237395893e-01
2.450000000000e+02 5.682656746909e-01
2.455000000000e+02 6.412946633580e-01
2.460000000000e+02 7.110459765907e-01
2.465000000000e+02 7.759323029261e-01
2.470000000000e+02 8.344797690815e-01
2.475000000000e+02 8.853612291149e-01
2.480000000000e+02 9.274260791215e-01
2.485000000000e+02 9.597259408493e-01
2.490000000000e+02 9.815356577093e-01
2.495000000000e+02 9.923691578802e-01
2.500000000000e+02 9.919898587883e-01
2.505000000000e+02 9.804154123254e-01
2.510000000000e+02 9.579167178528e-01
2.515000000000e+02 9.250112575045e-01
2.520000000000e+02 8.824509327962e-01
2.525000000000e+02 8.312047005191e-01
2.530000000000e+02 7.724364169560e-01
2.535000000000e+02 7.074784004912e-01
2.540000000000e+02 6.378013118161e-01
2.545000000000e+02 5.649810265934e-01
2.550000000000e+02 4.906632363320e-01
2.555000000000e+02 4.165265583848e-01
2.560000000000e+02 3.442449647075e-01
2.565000000000e+02 2.754503509470e-01
2.570000000000e+02 2.116960624733e-01
2.575000000000e+02 1.544221723172e-01
2.580000000000e+02 1.049232681237e-01
2.585000000000e+02 6.431945190532e-02
2.590000000000e+02 3.353118859538e-02
2.595000000000e+02 1.325855839408e-02
2.600000000000e+02 3.965375172349e-03
2.605000000000e+02 5.868530428227e-03
2.610000000000e+02 1.893281140829e-02
2.615000000000e+02 4.287132508773e-02
2.620000000000e+02 7.715153900423e-02
2.625000000000e+02 1.210068278428e-01
2.630000000000e+02 1.734532936455e-01
2.635000000000e+02 2.333115101084e-01
2.640000000000e+02 2.992327301622e-01
2.645000000000e+02 3.697289934256e-01
2.650000000000e+02 4.432064785527e-01
2.655000000000e+02 5.180013672461e-01
2.660000000000e+02 5.924174237666e-01
2.665000000000e+02 6.647644479293e-01
2.670000000000e+02 7.333967322252e-01
2.675000000000e+02 7.967506458941e-01
2.680000000000e+02 8.533804810951e-01
2.685000000000e+02 9.019917288940e-01
2.690000000000e+02 9.414710052655e-01
2.695000000000e+02 9.709119187977e-01
2.700000000000e+02 9.896362609336e-01
2.705000000000e+02 9.972100045016e-01
2.710000000000e+02 9.934537146856e-01
2.715000000000e+02 9.784471057251e-01
2.720000000000e+02 9.525276134738e-01
2.725000000000e+02 9.162829951529e-01
2.730000000000e+02 8.705381097216e-01
2.735000000000e+02 8.163361716695e-01
2.740000000000e+02 7.549149041607e-01
2.745000000000e+02 6.876781408904e-01
2.750000000000e+02 6.161635365404e-01
2.755000000000e+02 5.420071404379e-01
2.760000000000e+02 4.669056644537e-01
2.765000000000e+02 3.925773322960e-01
2.770000000000e+02 3.207222316997e-01
2.775000000000e+02 2.529831026879e-01
2.780000000000e+02 1.909074838076e-01
2.785000000000e+02 1.359121043613e-01
2.790000000000e+02 8.925035509497e-02
2.795000000000e+02 5.198359409419e-02
2.800000000000e+02 2.495695079941e-02
2.805000000000e+02 8.780181594808e-03
2.810000000000e+02 3.814008225261e-03
2.815000000000e+02 1.016223853694e-02
2.820000000000e+02 2.766983109767e-02
2.825000000000e+02 5.592692462402e-02
2.830000000000e+02 9.427871331344e-02
2.835000000000e+02 1.418409135596e-01
2.840000000000e+02 1.975204393389e-01
2.845000000000e+02 2.600407857683e-01
2.850000000000e+02 3.279715155816e-01
2.855000000000e+02 3.997611538067e-01
2.860000000000e+02 4.737727235697e-01
2.865000000000e+02 5.483211020586e-01
2.870000000000e+02 6.217113411473e-01
2.875000000000e+02 6.922770823917e-01
2.880000000000e+02 7.584182010467e-01
2.885000000000e+02 8.186368378703e-01
2.890000000000e+02 8.715710199119e-01
2.895000000000e+02 9.160251309132e-01
2.900000000000e+02 9.509965668144e-01
2.905000000000e+02 9.756980002404e-01
2.910000000000e+02 9.895747776870e-01
2.915000000000e+02 9.923170821386e-01
2.920000000000e+02 9.838666096553e-01
2.925000000000e+02 9.644176286228e-01
2.930000000000e+02 9.344124123673e-01
2.935000000000e+02 8.945311572660e-01
2.940000000000e+02 8.456766169058e-01
2.945000000000e+02 7.889537959769e-01
2.950000000000e+02 7.256451532180e-01
2.955000000000e+02 6.571818588531e-01
2.960000000000e+02 5.851117366919e-01
2.965000000000e+02 5.110645927765e-01
2.970000000000e+02 4.367156896966e-01
2.975000000000e+02 3.637481672968e-01
2.980000000000e+02 2.938152355363e-01
2.985000000000e+02 2.285029731073e-01
2.990000000000e+02 1.692945557487e-01
2.995000000000e+02 1.175367109933e-01
3.000000000000e+02 7.440915169244e-02
3.005000000000e+02 4.089767973394e-02
3.010000000000e+02 1.777157491855e-02
3.015000000000e+02 5.565793339406e-03
3.020000000000e+02 4.568396505815e-03
3.025000000000e+02 1.481351886651e-02
3.030000000000e+02 3.608005960573e-02
3.035000000000e+02 6.789615715104e-02
3.040000000000e+02 1.095493744917e-01
3.045000000000e+02 1.601023930615e-01
3.050000000000e+02 2.184138855803e-01
3.055000000000e+02 2.831641168897e-01
3.060000000000e+02 3.528847094078e-01
3.065000000000e+02 4.259919092087e-01
3.070000000000e+02 5.008226024943e-01
3.075000000000e+02 5.756722627196e-01
3.080000000000e+02 6.488339578015e-01
3.085000000000e+02 7.186375162343e-01
3.090000000000e+02 7.834879416014e-01
3.095000000000e+02 8.419021774372e-01
3.100000000000e+02 8.925433586372e-01
3.105000000000e+02 9.342517410216e-01
3.110000000000e+02 9.660715760876e-01
3.115000000000e+02 9.872732917074e-01
3.120000000000e+02 9.973704493461e-01
3.125000000000e+02 9.961310716124e-01
3.130000000000e+02 9.835830675655e-01
3.135000000000e+02 9.600136238504e-01
3.140000000000e+02 9.259625738566e-01
3.145000000000e+02 8.822099010383e-01
3.150000000000e+02 8.297576726491e-01
3.155000000000e+02 7.698068328535e-01
3.160000000000e+02 7.037294061499e-01
3.165000000000e+02 6.330367702095e-01
3.170000000000e+02 5.593447489287e-01
3.175000000000e+02 4.843363495106e-01
3.180000000000e+02 4.097230200058e-01
3.185000000000e+02 3.372053348395e-01
3.190000000000e+02 2.684340248288e-01
3.195000000000e+02 2.049722550911e-01
3.200000000000e+02 1.482600196335e-01
3.205000000000e+02 9.958146642214e-02
3.210000000000e+02 6.003589299622e-02
3.215000000000e+02 3.051306226435e-02
3.220000000000e+02 1.167338345662e-02
3.225000000000e+02 3.933387022292e-03
3.230000000000e+02 7.456797523037e-03
3.235000000000e+02 2.215137834424e-02
3.240000000000e+02 4.767158946253e-02
3.245000000000e+02 8.342696765442e-02
3.250000000000e+02 1.285960103972e-01
3.255000000000e+02 1.821452231021e-01
3.260000000000e+02 2.428528768089e-01
3.265000000000e+02 3.093369223543e-01
3.270000000000e+02 3.800864192688e-01
3.275000000000e+02 4.534957648977e-01
3.280000000000e+02 5.279009527309e-01
3.285000000000e+02 6.016170495601e-01
3.290000000000e+02 6.729760593841e-01
3.295000000000e+02 7.403643381147e-01
3.300000000000e+02 8.022587369060e-01
3.305000000000e+02 8.572606828310e-01
3.310000000000e+02 9.041274528469e-01
3.315000000000e+02 9.417999594253e-01
3.320000000000e+02 9.694264425238e-01
3.325000000000e+02 9.863815511791e-01
3.330000000000e+02 9.922803971185e-01
3.335000000000e+02 9.869872704935e-01
3.340000000000e+02 9.706188220245e-01
3.345000000000e+02 9.435416343327e-01
3.350000000000e+02 9.063642257032e-01
3.355000000000e+02 8.599236496560e-01
3.360000000000e+02 8.052669710925e-01
3.365000000000e+02 7.436280121030e-01
3.370000000000e+02 6.763998654150e-01
3.375000000000e+02 6.051037687280e-01
3.380000000000e+02 5.313550166899e-01
3.385000000000e+02 4.568266571073e-01
3.390000000000e+02 3.832117724134e-01
3.395000000000e+02 3.121851850097e-01
3.400000000000e+02 2.453654446861e-01
3.405000000000e+02 1.842779571261e-01
3.410000000000e+02 1.303200941022e-01
3.415000000000e+02 8.472908837299e-02
3.420000000000e+02 4.855345994809e-02
3.425000000000e+02 2.262864619606e-02
3.430000000000e+02 7.557417572523e-03
3.435000000000e+02 3.695555338054e-03
3.440000000000e+02 1.114314972144e-02
3.445000000000e+02 2.974174913514e-02
3.450000000000e+02 5.907745617759e-02
3.455000000000e+02 9.848992741102e-02
3.460000000000e+02 1.470870946290e-01
3.465000000000e+02 2.037652889569e-01
3.470000000000e+02 2.672343190960e-01
3.475000000000e+02 3.360469346769e-01
3.480000000000e+02 4.086319981826e-01
3.485000000000e+02 4.833305970970e-01
3.490000000000e+02 5.584342543417e-01
3.495000000000e+02 6.322243417139e-01
3.500000000000e+02 7.030117694594e-01
3.505000000000e+02 7.691760162704e-01
3.510000000000e+02 8.292025782191e-01
3.515000000000e+02 8.817179521717e-01
3.520000000000e+02 9.255213281644e-01
3.525000000000e+02 9.596122445862e-01
3.530000000000e+02 9.832135577524e-01
3.535000000000e+02 9.957891910329e-01
3.540000000000e+02 9.970562551541e-01
3.545000000000e+02 9.869912673378e-01
3.550000000000e+02 9.658303390348e-01
3.555000000000e+02 9.340633464965e-01
3.560000000000e+02 8.924222416245e-01
3.565000000000e+02 8.418637988164e-01
3.570000000000e+02 7.835472234972e-01
3.575000000000e+02 7.188071664909e-01
3.580000000000e+02 6.491227926061e-01
3.585000000000e+02 5.760836393721e-01
3.590000000000e+02 5.013530709143e-01
3.595000000000e+02 4.266301811218e-01
3.600000000000e+02 3.536110287084e-01
3.605000000000e+02 2.839500942265e-01
3.610000000000e+02 2.192228357942e-01
3.615000000000e+02 1.608901870035e-01
3.620000000000e+02 1.102657883800e-01
3.625000000000e+02 6.848667449654e-02
3.630000000000e+02 3.648805436151e-02
3.635000000000e+02 1.498272525297e-02
3.640000000000e+02 4.445552220614e-03
3.645000000000e+02 5.103329622805e-03
3.650000000000e+02 1.693022000006e-02
3.655000000000e+02 3.964884198609e-02
3.660000000000e+02 7.273695548015e-02
3.665000000000e+02 1.154395714917e-01
3.670000000000e+02 1.667861983265e-01
3.675000000000e+02 2.256128273394e-01
3.680000000000e+02 2.905881623460e-01
3.685000000000e+02 3.602435087552e-01
3.690000000000e+02 4.330056631043e-01
3.695000000000e+02 5.072320822178e-01
3.700000000000e+02 5.812475647172e-01
3.705000000000e+02 6.533816468281e-01
3.710000000000e+02 7.220058998608e-01
3.715000000000e+02 7.855703186207e-01
3.720000000000e+02 8.426380082890e-01
3.725000000000e+02 8.919174117103e-01
3.730000000000e+02 9.322913689780e-01
3.735000000000e+02 9.628423658900e-01
3.740000000000e+02 9.828734061805e-01
3.745000000000e+02 9.919240330808e-01
3.750000000000e+02 9.897811271439e-01
3.755000000000e+02 9.764842175507e-01
3.760000000000e+02 9.523251612662e-01
3.765000000000e+02 9.178421661750e-01
3.770000000000e+02 8.738082582815e-01
3.775000000000e+02 8.212144166513e-01
3.780000000000e+02 7.612477203510e-01
3.785000000000e+02 6.952649665069e-01
3.790000000000e+02 6.247623250903e-01
3.795000000000e+02 5.513416915336e-01
3.800000000000e+02 4.766744803408e-01
3.805000000000e+02 4.024636692533e-01
3.810000000000e+02 3.304049523088e-01
3.815000000000e+02 2.621478897106e-01
3.820000000000e+02 1.992579516227e-01
3.825000000000e+02 1.431803411312e-01
3.830000000000e+02 9.520644846547e-02
3.835000000000e+02 5.644373451647e-02
3.840000000000e+02 2.778976762730e-02
3.845000000000e+02 9.911045027386e-03
3.850000000000e+02 3.227121130564e-03
3.855000000000e+02 7.900441712609e-03
3.860000000000e+02 2.383214864090e-02
3.865000000000e+02 5.066397764811e-02
3.870000000000e+02 8.778622518364e-02
3.875000000000e+02 1.343516133946e-01
3.880000000000e+02 1.892947385908e-01
3.885000000000e+02 2.513566519277e-01
3.890000000000e+02 3.191139951099e-01
3.895000000000e+02 3.910120020412e-01
3.900000000000e+02 4.654005825291e-01
3.905000000000e+02 5.405726289030e-01
3.910000000000e+02 6.148036327551e-01
3.915000000000e+02 6.863916683230e-01
3.920000000000e+02 7.536967921035e-01
3.925000000000e+02 8.151789251555e-01
3.930000000000e+02 8.694333247172e-01
3.935000000000e+02 9.152228139628e-01
3.940000000000e+02 9.515060211910e-01
3.945000000000e+02 9.774609801235e-01
3.950000000000e+02 9.925035584946e-01
3.955000000000e+02 9.963003095837e-01
3.960000000000e+02 9.887754773365e-01
3.965000000000e+02 9.701120266659e-01
3.970000000000e+02 9.407467127637e-01
3.975000000000e+02 9.013593432180e-01
3.980000000000e+02 8.528565209780e-01
3.985000000000e+02 7.963502815634e-01
3.990000000000e+02 7.331321515177e-01
3.995000000000e+02 6.646432545010e-01
4.000000000000e+02 5.924411745788e-01
4.005000000000e+02 5.181643516540e-01
4.010000000000e+02 4.434948305631e-01
4.015000000000e+02 3.701202125513e-01
4.020000000000e+02 2.996956655938e-01
4.025000000000e+02 2.338068387099e-01
4.030000000000e+02 1.739344958230e-01
4.035000000000e+02 1.214216380175e-01
4.040000000000e+02 7.744382069821e-02
4.045000000000e+02 4.298329591916e-02
4.050000000000e+02 1.880752194276e-02
4.055000000000e+02 5.452484005679e-03
4.060000000000e+02 3.211164481595e-03
4.065000000000e+02 1.212738936685e-02
4.070000000000e+02 3.199516350347e-02
4.075000000000e+02 6.236349139451e-02
4.080000000000e+02 1.025465660003e-01
4.085000000000e+02 1.516390965908e-01
4.090000000000e+02 2.085364405249e-01
4.095000000000e+02 2.719591045846e-01
4.100000000000e+02 3.404810909194e-01
4.105000000000e+02 4.125614823493e-01
4.110000000000e+02 4.865785931616e-01
4.115000000000e+02 5.608659559060e-01
4.120000000000e+02 6.337493731446e-01
4.125000000000e+02 7.035842365827e-01
4.130000000000e+02 7.687923051884e-01
4.135000000000e+02 8.278971393147e-01
4.140000000000e+02 8.795574096805e-01
4.145000000000e+02 9.225973383242e-01
4.150000000000e+02 9.560335829594e-01
4.155000000000e+02 9.790979459027e-01
4.160000000000e+02 9.912553728868e-01
4.165000000000e+02 9.922168043162e-01
4.170000000000e+02 9.819465501568e-01
4.175000000000e+02 9.606639776862e-01
4.180000000000e+02 9.288394264229e-01
4.185000000000e+02 8.871843941064e-01
4.190000000000e+02 8.366361687590e-01
4.195000000000e+02 7.783372116274e-01
4.200000000000e+02 7.136097210346e-01
4.205000000000e+02 6.439259247348e-01
4.210000000000e+02 5.708747551619e-01
4.215000000000e+02 4.961256550649e-01
4.220000000000e+02 4.213903377334e-01
4.225000000000e+02 3.483833839897e-01
4.230000000000e+02 2.787825954292e-01
4.235000000000e+02 2.141900385942e-01
4.240000000000e+02 1.560947070097e-01
4.245000000000e+02 1.058376970265e-01
4.250000000000e+02 6.458073960790e-02
4.255000000000e+02 3.327885456967e-02
4.260000000000e+02 1.265779804304e-02
4.265000000000e+02 3.196860311164e-03
4.270000000000e+02 5.117442515160e-03
4.275000000000e+02 1.837770030926e-02
4.280000000000e+02 4.267339403131e-02
4.285000000000e+02 7.744493227504e-02
4.290000000000e+02 1.218904429874e-01
4.295000000000e+02 1.749845574698e-01
4.300000000000e+02 2.355024519465e-01
4.305000000000e+02 3.020485624459e-01
4.310000000000e+02 3.730892750649e-01
4.315000000000e+02 4.469887982395e-01
4.320000000000e+02 5.220473488621e-01
4.325000000000e+02 5.965407318311e-01
4.330000000000e+02 6.687603640502e-01
4.335000000000e+02 7.370527895205e-01
4.340000000000e+02 7.998577517978e-01
4.345000000000e+02 8.557439328370e-01
4.350000000000e+02 9.034415316485e-01
4.355000000000e+02 9.418709401641e-01
4.360000000000e+02 9.701668747146e-01
4.365000000000e+02 9.876974366062e-01
4.370000000000e+02 9.940777012038e-01
4.375000000000e+02 9.891775682583e-01
4.380000000000e+02 9.731237434324e-01
4.385000000000e+02 9.462958586048e-01
4.390000000000e+02 9.093168732010e-01
4.395000000000e+02 8.630380273616e-01
4.400000000000e+02 8.085187373617e-01
4.405000000000e+02 7.470019318337e-01
4.410000000000e+02 6.798854219065e-01
4.415000000000e+02 6.086899777045e-01
4.420000000000e+02 5.350248464804e-01
4.425000000000e+02 4.605514932306e-01
4.430000000000e+02 3.869463725586e-01
4.435000000000e+02 3.158635508694e-01
4.440000000000e+02 2.488979910613e-01
4.445000000000e+02 1.875502884586e-01
4.450000000000e+02 1.331936077801e-01
4.455000000000e+02 8.704351767028e-02
4.460000000000e+02 5.013135313459e-02
4.465000000000e+02 2.328165864414e-02
4.470000000000e+02 7.094177346829e-03
4.475000000000e+02 1.930756449298e-03
4.480000000000e+02 7.907437173454e-03
4.485000000000e+02 2.489189152062e-02
4.490000000000e+02 5.250625920301e-02
4.495000000000e+02 9.013532832495e-02
4.500000000000e+02 1.369398945268e-01
4.505000000000e+02 1.918750271456e-01
4.510000000000e+02 2.537128692922e-01
4.515000000000e+02 3.210695033785e-01
4.520000000000e+02 3.924353262913e-01
4.525000000000e+02 4.662083008214e-01
4.530000000000e+02 5.407293837343e-01
4.535000000000e+02 6.143193775701e-01
4.540000000000e+02 6.853164142718e-01
4.545000000000e+02 7.521132552935e-01
4.550000000000e+02 8.131935859502e-01
4.555000000000e+02 8.671664921506e-01
4.560000000000e+02 9.127983357498e-01
4.565000000000e+02 9.490412906117e-01
4.570000000000e+02 9.750578647535e-01
4.575000000000e+02 9.902408138848e-01
4.580000000000e+02 9.942279470452e-01
4.585000000000e+02 9.869114342194e-01
4.590000000000e+02 9.684413466620e-01
4.595000000000e+02 9.392232906910e-01
4.600000000000e+02 8.999101320031e-01
4.605000000000e+02 8.513879469565e-01
4.610000000000e+02 7.947564763136e-01
4.615000000000e+02 7.313044920866e-01
4.620000000000e+02 6.624806157789e-01
4.625000000000e+02 5.898602429324e-01
4.630000000000e+02 5.151093311311e-01
4.635000000000e+02 4.399458934292e-01
4.640000000000e+02 3.661001039183e-01
4.645000000000e+02 2.952739646894e-01
4.650000000000e+02 2.291015022127e-01
4.655000000000e+02 1.691104552743e-01
4.660000000000e+02 1.166863858476e-01
4.665000000000e+02 7.304008917290e-02
4.670000000000e+02 3.917910111450e-02
4.675000000000e+02 1.588400148914e-02
4.680000000000e+02 3.690094088565e-03
4.685000000000e+02 2.874910706401e-03
4.690000000000e+02 1.345184122706e-02
4.695000000000e+02 3.517003872583e-02
4.700000000000e+02 6.752059176900e-02
4.705000000000e+02 1.097487999943e-01
4.710000000000e+02 1.608722378738e-01
4.715000000000e+02 2.197041493978e-01
4.720000000000e+02 2.848815870764e-01
4.725000000000e+02 3.548975955046e-01
4.730000000000e+02 4.281366456440e-01
4.735000000000e+02 5.029124531928e-01
4.740000000000e+02 5.775072645622e-01
4.745000000000e+02 6.502116679561e-01
4.750000000000e+02 7.193639850705e-01
4.755000000000e+02 7.833883205371e-01
4.760000000000e+02 8.408303902790e-01
4.765000000000e+02 8.903903147421e-01
4.770000000000e+02 9.309516462640e-01
4.775000000000e+02 9.616059990129e-01
4.780000000000e+02 9.816727619877e-01
4.785000000000e+02 9.907134973258e-01
4.790000000000e+02 9.885407543300e-01
4.795000000000e+02 9.752211608675e-01
4.800000000000e+02 9.510727849248e-01
4.805000000000e+02 9.166568870433e-01
4.810000000000e+02 8.727643063448e-01
4.815000000000e+02 8.203968363786e-01
4.820000000000e+02 7.607440499447e-01
4.825000000000e+02 6.951561226076e-01
4.830000000000e+02 6.251132814274e-01
4.835000000000e+02 5.521925674972e-01
4.840000000000e+02 4.780326475562e-01
4.845000000000e+02 4.042974409412e-01
4.850000000000e+02 3.326393434519e-01
4.855000000000e+02 2.646628296095e-01
4.860000000000e+02 2.018891997905e-01
4.865000000000e+02 1.457232094837e-01
4.870000000000e+02 9.742227532303e-02
4.875000000000e+02 5.806889752966e-02
4.880000000000e+02 2.854687205343e-02
4.885000000000e+02 9.521789176719e-03
4.890000000000e+02 1.426229881042e-03
4.895000000000e+02 4.449978195587e-03
4.900000000000e+02 1.853546844213e-02
4.905000000000e+02 4.337858224434e-02
4.910000000000e+02 7.843480295938e-02
4.915000000000e+02 1.229306264870e-01
4.920000000000e+02 1.758800190002e-01
4.925000000000e+02 2.361056058780e-01
4.930000000000e+02 3.022641739916e-01
4.935000000000e+02 3.728759734979e-01
4.940000000000e+02 4.463572175166e-01
4.945000000000e+02 5.210551005525e-01
4.950000000000e+02 5.952845912883e-01
4.955000000000e+02 6.673662043096e-01
4.960000000000e+02 7.356639201377e-01
4.965000000000e+02 7.986224051535e-01
4.970000000000e+02 8.548026836919e-01
4.975000000000e+02 9.029154346353e-01
4.980000000000e+02 9.418511245088e-01
4.985000000000e+02 9.707062482917e-01
4.990000000000e+02 9.888050271926e-01
4.995000000000e+02 9.957160083180e-01
5.000000000000e+02 9.912631226881e-01
5.005000000000e+02 9.755308831570e-01
5.010000000000e+02 9.488635396705e-01
5.015000000000e+02 9.118581527334e-01
5.020000000000e+02 8.653516933842e-01
5.025000000000e+02 8.104024255670e-01
5.030000000000e+02 7.482659705736e-01
5.035000000000e+02 6.803665892184e-01
5.040000000000e+02 6.082643417149e-01
5.045000000000e+02 5.336188942053e-01
5.050000000000e+02 4.581508312721e-01
5.055000000000e+02 3.836014027101e-01
5.060000000000e+02 3.116916781842e-01
5.065000000000e+02 2.440821035328e-01
5.070000000000e+02 1.823334466372e-01
5.075000000000e+02 1.278700888694e-01
5.080000000000e+02 8.194656092580e-02
5.085000000000e+02 4.561814080329e-02
5.090000000000e+02 1.971622904677e-02
5.095000000000e+02 4.829095007973e-03
5.100000000000e+02 1.288451170052e-03
5.105000000000e+02 9.162164457844e-03
5.110000000000e+02 2.825325806653e-02
5.115000000000e+02 5.810519906633e-02
5.120000000000e+02 9.801331028079e-02
5.125000000000e+02 1.470419939834e-01
5.130000000000e+02 2.040473138708e-01
5.135000000000e+02 2.677043542292e-01
5.140000000000e+02 3.365386644188e-01
5.145000000000e+02 4.089610054159e-01
5.150000000000e+02 4.833045451472e-01
5.155000000000e+02 5.578636021029e-01
5.160000000000e+02 6.309330128098e-01
5.165000000000e+02 7.008471981874e-01
5.170000000000e+02 7.660180258527e-01
5.175000000000e+02 8.249706088255e-01
5.180000000000e+02 8.763762439526e-01
5.185000000000e+02 9.190817734697e-01
5.190000000000e+02 9.521347478312e-01
5.195000000000e+02 9.748038743922e-01
5.200000000000e+02 9.865943517289e-01
5.205000000000e+02 9.872578102829e-01
5.210000000000e+02 9.767967036098e-01
5.215000000000e+02 9.554631179426e-01
5.220000000000e+02 9.237520883665e-01
5.225000000000e+02 8.823896252453e-01
5.230000000000e+02 8.323157624931e-01
5.235000000000e+02 7.746630380617e-01
5.240000000000e+02 7.107309051071e-01
5.245000000000e+02 6.419566485370e-01
5.250000000000e+02 5.698834451607e-01
5.255000000000e+02 4.961262558362e-01
5.260000000000e+02 4.223362745074e-01
5.265000000000e+02 3.501646816655e-01
5.270000000000e+02 2.812264586002e-01
5.275000000000e+02 2.170650140044e-01
5.280000000000e+02 1.591183563226e-01
5.285000000000e+02 1.086875141597e-01
5.290000000000e+02 6.690786350861e-02
5.295000000000e+02 3.472396519680e-02
5.300000000000e+02 1.286844942246e-02
5.305000000000e+02 1.845407422613e-03
5.310000000000e+02 1.918664097114e-03
5.315000000000e+02 1.310521094612e-02
5.320000000000e+02 3.517397721540e-02
5.325000000000e+02 6.765001017343e-02
5.330000000000e+02 1.098240246250e-01
5.335000000000e+02 1.607671689864e-01
5.340000000000e+02 2.193507425579e-01
5.345000000000e+02 2.842704883013e-01
5.350000000000e+02 3.540749798136e-01
5.355000000000e+02 4.271975227966e-01
5.360000000000e+02 5.019909026377e-01
5.365000000000e+02 5.767642332186e-01
5.370000000000e+02 6.498211001353e-01
5.375000000000e+02 7.194981462330e-01
5.380000000000e+02 7.842032206843e-01
5.385000000000e+02 8.424522061473e-01
5.390000000000e+02 8.929036529478e-01
5.395000000000e+02 9.343903851686e-01
5.400000000000e+02 9.659473009612e-01
5.405000000000e+02 9.868346675937e-01
5.410000000000e+02 9.965563093898e-01
5.415000000000e+02 9.948722018397e-01
5.420000000000e+02 9.818051152027e-01
5.425000000000e+02 9.576410927876e-01
5.430000000000e+02 9.229236992140e-01
5.435000000000e+02 8.784421284002e-01
5.440000000000e+02 8.252134156153e-01
5.445000000000e+02 7.644591483624e-01
5.450000000000e+02 6.975772128642e-01
5.455000000000e+02 6.261092423682e-01
5.460000000000e+02 5.517045465701e-01
5.465000000000e+02 4.760813947852e-01
5.470000000000e+02 4.009865962570e-01
5.475000000000e+02 3.281543670049e-01
5.480000000000e+02 2.592654924402e-01
5.485000000000e+02 1.959077879990e-01
5.490000000000e+02 1.395388263665e-01
5.495000000000e+02 9.145184055127e-02
5.500000000000e+02 5.274562878168e-02
5.505000000000e+02 2.429918248020e-02
5.510000000000e+02 6.751635478374e-03
5.515000000000e+02 4.879947989059e-04
5.520000000000e+02 5.630964782117e-03
5.525000000000e+02 2.203902132457e-02
5.530000000000e+02 4.931073593462e-02
5.535000000000e+02 8.679519454409e-02
5.540000000000e+02 1.336082077344e-01
5.545000000000e+02 1.886538711274e-01
5.550000000000e+02 2.506509106124e-01
5.555000000000e+02 3.181631398046e-01
5.560000000000e+02 3.896332689882e-01
5.565000000000e+02 4.634192375538e-01
5.570000000000e+02 5.378321966243e-01
5.575000000000e+02 6.111752455850e-01
5.580000000000e+02 6.817820253802e-01
5.585000000000e+02 7.480542918076e-01
5.590000000000e+02 8.084976323657e-01
5.595000000000e+02 8.617545485729e-01
5.600000000000e+02 9.066341999788e-01
5.605000000000e+02 9.421381938445e-01
5.610000000000e+02 9.674819030507e-01
5.615000000000e+02 9.821109015372e-01
5.620000000000e+02 9.857122187435e-01
5.625000000000e+02 9.782202295282e-01
5.630000000000e+02 9.598171114024e-01
5.635000000000e+02 9.309279143523e-01
5.640000000000e+02 8.922103979895e-01
5.645000000000e+02 8.445398944540e-01
5.650000000000e+02 7.889895518475e-01
5.655000000000e+02 7.268064006800e-01
5.660000000000e+02 6.593837637890e-01
5.665000000000e+02 5.882305975743e-01
5.670000000000e+02 5.149384084397e-01
5.675000000000e+02 4.411464325640e-01
5.680000000000e+02 3.685057990271e-01
5.685000000000e+02 2.986434156443e-01
5.690000000000e+02 2.331263233330e-01
5.695000000000e+02 1.734272582982e-01
5.700000000000e+02 1.208921417602e-01
5.705000000000e+02 7.671018432001e-02
5.710000000000e+02 4.188724659588e-02
5.715000000000e+02 1.722303971283e-02
5.720000000000e+02 3.292679101917e-03
5.725000000000e+02 4.330235459639e-04
5.730000000000e+02 8.734139431036e-03
5.735000000000e+02 2.803612893806e-02
5.740000000000e+02 5.793145192801e-02
5.745000000000e+02 9.777275633567e-02
5.750000000000e+02 1.466861130729e-01
5.755000000000e+02 2.035894311166e-01
5.760000000000e+02 2.672157092151e-01
5.765000000000e+02 3.361406652729e-01
5.770000000000e+02 4.088141758811e-01
5.775000000000e+02 4.835948595682e-01
5.780000000000e+02 5.587870510730e-01
5.785000000000e+02 6.326793430102e-01
5.790000000000e+02 7.035838181717e-01
5.795000000000e+02 7.698750625652e-01
5.800000000000e+02 8.300280377275e-01
5.805000000000e+02 8.826539020798e-01
5.810000000000e+02 9.265329055595e-01
5.815000000000e+02 9.606435393828e-01
5.820000000000e+02 9.841872026904e-01
5.825000000000e+02 9.966077484764e-01
5.830000000000e+02 9.976053903955e-01
5.835000000000e+02 9.871445869001e-01
5.840000000000e+02 9.654556662976e-01
5.845000000000e+02 9.330301118416e-01
5.850000000000e+02 8.906095856512e-01
5.855000000000e+02 8.391689296546e-01
5.860000000000e+02 7.798935363450e-01
5.865000000000e+02 7.141516274916e-01
5.870000000000e+02 6.434621108339e-01
5.875000000000e+02 5.694587993710e-01
5.880000000000e+02 4.938518717899e-01
5.885000000000e+02 4.183875231213e-01
5.890000000000e+02 3.448067998807e-01
5.895000000000e+02 2.748046324549e-01
5.900000000000e+02 2.099900689738e-01
5.905000000000e+02 1.518486796995e-01
5.910000000000e+02 1.017080403400e-01
5.915000000000e+02 6.070711858357e-02
5.920000000000e+02 2.977028321460e-02
5.925000000000e+02 9.586532656251e-03
5.930000000000e+02 5.944033730119e-04
5.935000000000e+02 2.972872297972e-03
5.940000000000e+02 1.663841554929e-02
5.945000000000e+02 4.124823243780e-02
5.950000000000e+02 7.620949332971e-02
5.955000000000e+02 1.206943262697e-01
5.960000000000e+02 1.736601240128e-01
5.965000000000e+02 2.338746334320e-01
5.970000000000e+02 2.999451858148e-01
5.975000000000e+02 3.703513414191e-01
5.980000000000e+02 4.434801562726e-01
5.985000000000e+02 5.176632344466e-01
5.990000000000e+02 5.912147051013e-01
5.995000000000e+02 6.624692602166e-01
6.000000000000e+02 7.298194051856e-01
6.005000000000e+02 7.917511090891e-01
6.010000000000e+02 8.468770928273e-01
6.015000000000e+02 8.939670593747e-01
6.020000000000e+02 9.319742491313e-01
6.025000000000e+02 9.600577923654e-01
6.030000000000e+02 9.776004277864e-01
6.035000000000e+02 9.842212590575e-01
6.040000000000e+02 9.797833273675e-01
6.045000000000e+02 9.643958859371e-01
6.050000000000e+02 9.384113696406e-01
6.055000000000e+02 9.024171580100e-01
6.060000000000e+02 8.572223312037e-01
6.065000000000e+02 8.038397146324e-01
6.070000000000e+02 7.434635976291e-01
6.075000000000e+02 6.774435936502e-01
6.080000000000e+02 6.072551830517e-01
6.085000000000e+02 5.344675435126e-01
6.090000000000e+02 4.607093268679e-01
6.095000000000e+02 3.876330836354e-01
6.100000000000e+02 3.168790671395e-01
6.105000000000e+02 2.500391671699e-01
6.110000000000e+02 1.886217279238e-01
6.115000000000e+02 1.340179960820e-01
6.120000000000e+02 8.747092185362e-02
6.125000000000e+02 5.004699848404e-02
6.130000000000e+02 2.261177405894e-02
6.135000000000e+02 5.809603715701e-03
6.140000000000e+02 4.813113817014e-05
6.145000000000e+02 5.487896386030e-03
6.150000000000e+02 2.203736393434e-02
6.155000000000e+02 4.935355193148e-02
6.160000000000e+02 8.684832313803e-02
6.165000000000e+02 1.337002721748e-01
6.170000000000e+02 1.888720152861e-01
6.175000000000e+02 2.511325608038e-01
6.180000000000e+02 3.190843140597e-01
6.185000000000e+02 3.911941529318e-01
6.190000000000e+02 4.658279028460e-01
6.195000000000e+02 5.412874460933e-01
6.200000000000e+02 6.158496227954e-01
6.205000000000e+02 6.878060224262e-01
6.210000000000e+02 7.555027277455e-01
6.215000000000e+02 8.173790590332e-01
6.220000000000e+02 8.720043767620e-01
6.225000000000e+02 9.181120356908e-01
6.230000000000e+02 9.546296425498e-01
6.235000000000e+02 9.807048519141e-01
6.240000000000e+02 9.957260387791e-01
6.245000000000e+02 9.993373092332e-01
6.250000000000e+02 9.914474493608e-01
6.255000000000e+02 9.722325634087e-01
6.260000000000e+02 9.421323111964e-01
6.265000000000e+02 9.018398173243e-01
6.270000000000e+02 8.522854863311e-01
6.275000000000e+02 7.946151139799e-01
6.280000000000e+02 7.301628308336e-01
6.285000000000e+02 6.604195460572e-01
6.290000000000e+02 5.869976731926e-01
6.295000000000e+02 5.115930123140e-01
6.300000000000e+02 4.359447319525e-01
6.305000000000e+02 3.617944376814e-01
6.310000000000e+02 2.908453312725e-01
6.315000000000e+02 2.247224546948e-01
6.320000000000e+02 1.649349775151e-01
6.325000000000e+02 1.128414259196e-01
6.330000000000e+02 6.961866864942e-02
6.335000000000e+02 3.623537240718e-02
6.340000000000e+02 1.343051996425e-02
6.345000000000e+02 1.697451925648e-03
6.350000000000e+02 1.273751813217e-03
6.355000000000e+02 1.213714781778e-02
6.360000000000e+02 3.400745730470e-02
6.365000000000e+02 6.635445580951e-02
6.370000000000e+02 1.084114144901e-01
6.375000000000e+02 1.591939220843e-01
6.380000000000e+02 2.175234922341e-01
6.385000000000e+02 2.820553569007e-01
6.390000000000e+02 3.513097633737e-01
6.395000000000e+02 4.237060272807e-01
6.400000000000e+02 4.975985477961e-01
6.405000000000e+02 5.713139640722e-01
6.410000000000e+02 6.431886235088e-01
6.415000000000e+02 7.116055420750e-01
6.420000000000e+02 7.750300634378e-01
6.425000000000e+02 8.320434657240e-01
6.430000000000e+02 8.813738207494e-01
6.435000000000e+02 9.219234787178e-01
6.440000000000e+02 9.527926298893e-01
6.445000000000e+02 9.732984816672e-01
6.450000000000e+02 9.829896830817e-01
6.455000000000e+02 9.816557269932e-01
6.460000000000e+02 9.693311617407e-01
6.465000000000e+02 9.462945468111e-01
6.470000000000e+02 9.130621898634e-01
6.475000000000e+02 8.703768036458e-01
6.480000000000e+02 8.191913196161e-01
6.485000000000e+02 7.606481890858e-01
6.490000000000e+02 6.960545911706e-01
6.495000000000e+02 6.268540484646e-01
6.500000000000e+02 5.545950249168e-01
6.505000000000e+02 4.808971446197e-01
6.510000000000e+02 4.074157238959e-01
6.515000000000e+02 3.358053509787e-01
6.520000000000e+02 2.676832765988e-01
6.525000000000e+02 2.045933938417e-01
6.530000000000e+02 1.479715858495e-01
6.535000000000e+02 9.911320454096e-02
6.540000000000e+02 5.914341209813e-02
6.545000000000e+02 2.899106927235e-02
6.550000000000e+02 9.366790815736e-03
6.555000000000e+02 7.457090919145e-04
6.560000000000e+02 3.355393137163e-03
6.565000000000e+02 1.716926359893e-02
6.570000000000e+02 4.190572592816e-02
6.575000000000e+02 7.703311729238e-02
6.580000000000e+02 1.217804296212e-01
6.585000000000e+02 1.751536350738e-01
6.590000000000e+02 2.359573043800e-01
6.595000000000e+02 3.028210764838e-01
6.600000000000e+02 3.742304133363e-01
6.605000000000e+02 4.485609601168e-01
6.610000000000e+02 5.241157320546e-01
6.615000000000e+02 5.991642675129e-01
6.620000000000e+02 6.719828258498e-01
6.625000000000e+02 7.408946700537e-01
6.630000000000e+02 8.043094598687e-01
6.635000000000e+02 8.607607921144e-01
6.640000000000e+02 9.089409613234e-01
6.645000000000e+02 9.477320751933e-01
6.650000000000e+02 9.762327443481e-01
6.655000000000e+02 9.937796724693e-01
6.660000000000e+02 9.999635982782e-01
6.665000000000e+02 9.946391817441e-01
6.670000000000e+02 9.779285794201e-01
6.675000000000e+02 9.502186136989e-01
6.680000000000e+02 9.121516035569e-01
6.685000000000e+02 8.646100853917e-01
6.690000000000e+02 8.086958073320e-01
6.695000000000e+02 7.457035245329e-01
6.700000000000e+02 6.770902524810e-01
6.705000000000e+02 6.044407466686e-01
6.710000000000e+02 5.294300672252e-01
6.715000000000e+02 4.537841539006e-01
6.720000000000e+02 3.792393786985e-01
6.725000000000e+02 3.075020596061e-01
6.730000000000e+02 2.402089093536e-01
6.735000000000e+02 1.788893586568e-01
6.740000000000e+02 1.249306354791e-01
6.745000000000e+02 7.954640260057e-02
6.750000000000e+02 4.374965786432e-02
6.755000000000e+02 1.833048803308e-02
6.760000000000e+02 3.839141643036e-03
6.765000000000e+02 5.747522658902e-04
6.770000000000e+02 8.579904891819e-03
6.775000000000e+02 2.764109842163e-02
6.780000000000e+02 5.729502003262e-02
6.785000000000e+02 9.684041574189e-02
6.790000000000e+02 1.453552187769e-01
6.795000000000e+02 2.017184859248e-01
6.800000000000e+02 2.646365939616e-01
6.805000000000e+02 3.326730652131e-01
6.810000000000e+02 4.042813244023e-01
6.815000000000e+02 4.778396389203e-01
6.820000000000e+02 5.516874617540e-01
6.825000000000e+02 6.241623804039e-01
6.830000000000e+02 6.936368757461e-01
6.835000000000e+02 7.585541111461e-01
6.840000000000e+02 8.174620032707e-01
6.845000000000e+02 8.690448707112e-01
6.850000000000e+02 9.121520135109e-01
6.855000000000e+02 9.458226445137e-01
6.860000000000e+02 9.693066707456e-01
6.865000000000e+02 9.820809083193e-01
6.870000000000e+02 9.838604061783e-01
6.875000000000e+02 9.746046509072e-01
6.880000000000e+02 9.545185253913e-01
6.885000000000e+02 9.240479968572e-01
6.890000000000e+02 8.838706132991e-01
6.895000000000e+02 8.348809900072e-01
6.900000000000e+02 7.781715683328e-01
6.905000000000e+02 7.150090253610e-01
6.910000000000e+02 6.468068042253e-01
6.915000000000e+02 5.750943186769e-01
6.920000000000e+02 5.014834605799e-01
6.925000000000e+02 4.276331035254e-01
6.930000000000e+02 3.552123481075e-01
6.935000000000e+02 2.858632930467e-01
6.940000000000e+02 2.211641398394e-01
6.945000000000e+02 1.625934457850e-01
6.950000000000e+02 1.114963301168e-01
6.955000000000e+02 6.905340995918e-02
6.960000000000e+02 3.625319669991e-02
6.965000000000e+02 1.386861933274e-02
6.970000000000e+02 2.438260071845e-03
6.975000000000e+02 2.252790255632e-03
6.980000000000e+02 1.334698294917e-02
6.985000000000e+02 3.549755490675e-02
6.990000000000e+02 6.822695733696e-02
6.995000000000e+02 1.108130952898e-01
7.000000000000e+02 1.623048128696e-01
7.005000000000e+02 2.215428395292e-01
7.010000000000e+02 2.871857552247e-01
7.015000000000e+02 3.577404030260e-01
7.020000000000e+02 4.315960606437e-01
7.025000000000e+02 5.070615807077e-01
7.030000000000e+02 5.824046267378e-01
7.035000000000e+02 6.558920702100e-01
7.040000000000e+02 7.258305761220e-01
7.045000000000e+02 7.906063914279e-01
7.050000000000e+02 8.487233634192e-01
7.055000000000e+02 8.988382535465e-01
7.060000000000e+02 9.397924755429e-01
7.065000000000e+02 9.706394734363e-01
7.070000000000e+02 9.906670629157e-01
7.075000000000e+02 9.994141855692e-01
7.080000000000e+02 9.966816663003e-01
7.085000000000e+02 9.825367158052e-01
7.090000000000e+02 9.573110781138e-01
7.095000000000e+02 9.215928834249e-01
7.100000000000e+02 8.762124243370e-01
7.105000000000e+02 8.222222247208e-01
7.110000000000e+02 7.608719107861e-01
7.115000000000e+02 6.935785196334e-01
7.120000000000e+02 6.218929884764e-01
7.125000000000e+02 5.474636551550e-01
7.130000000000e+02 4.719976654578e-01
7.135000000000e+02 3.972212238984e-01
7.140000000000e+02 3.248396412990e-01
7.145000000000e+02 2.564981249899e-01
7.150000000000e+02 1.937442264558e-01
7.155000000000e+02 1.379928082538e-01
7.160000000000e+02 9.049431908454e-02
7.165000000000e+02 5.230707541414e-02
7.170000000000e+02 2.427414295299e-02
7.175000000000e+02 7.005294660871e-03
7.180000000000e+02 8.643970950698e-04
7.185000000000e+02 5.962447135991e-03
7.190000000000e+02 2.215634972376e-02
7.195000000000e+02 4.905339732419e-02
7.200000000000e+02 8.602128634813e-02
7.205000000000e+02 1.322033872806e-01
7.210000000000e+02 1.865388761511e-01
7.215000000000e+02 2.477872370931e-01
7.220000000000e+02 3.145565606971e-01
7.225000000000e+02 3.853349917807e-01
7.230000000000e+02 4.585246239423e-01
7.235000000000e+02 5.324770972713e-01
7.240000000000e+02 6.055301300233e-01
7.245000000000e+02 6.760442048629e-01
7.250000000000e+02 7.424386350291e-01
7.255000000000e+02 8.032262549943e-01
7.260000000000e+02 8.570460131857e-01
7.265000000000e+02 9.026927902096e-01
7.270000000000e+02 9.391438239404e-01
7.275000000000e+02 9.655811916677e-01
7.280000000000e+02 9.814098781820e-01
7.285000000000e+02 9.862710460033e-01
7.290000000000e+02 9.800502186118e-01
7.295000000000e+02 9.628801881560e-01
7.300000000000e+02 9.351385641858e-01
7.305000000000e+02 8.974399878901e-01
7.310000000000e+02 8.506231453795e-01
7.315000000000e+02 7.957328219051e-01
7.320000000000e+02 7.339973446151e-01
7.325000000000e+02 6.668018624344e-01
7.330000000000e+02 5.956580058859e-01
7.335000000000e+02 5.221705549296e-01
7.340000000000e+02 4.480018171640e-01
7.345000000000e+02 3.748344799336e-01
7.350000000000e+02 3.043337461380e-01
7.355000000000e+02 2.381095932174e-01
7.360000000000e+02 1.776800064558e-01
7.365000000000e+02 1.244360303977e-01
7.370000000000e+02 7.960945522588e-02
7.375000000000e+02 4.424390817129e-02
7.380000000000e+02 1.917005391687e-02
7.385000000000e+02 4.985523302344e-03
7.390000000000e+02 2.040088009594e-03
7.395000000000e+02 1.042648225144e-02
7.400000000000e+02 2.997714335363e-02
7.405000000000e+02 6.026700449081e-02
7.410000000000e+02 1.006223280793e-01
7.415000000000e+02 1.501354211299e-01
7.420000000000e+02 2.076849280825e-01
7.425000000000e+02 2.719612562540e-01
7.430000000000e+02 3.414965579213e-01
7.435000000000e+02 4.146985749878e-01
7.440000000000e+02 4.898875505956e-01
7.445000000000e+02 5.653353299514e-01
7.450000000000e+02 6.393057125802e-01
7.455000000000e+02 7.100950820815e-01
7.460000000000e+02 7.760723284506e-01
7.465000000000e+02 8.357170926737e-01
7.470000000000e+02 8.876554032700e-01
7.475000000000e+02 9.306918387885e-01
7.480000000000e+02 9.638374372082e-01
7.485000000000e+02 9.863326802983e-01
7.490000000000e+02 9.976650053530e-01
7.495000000000e+02 9.975804347537e-01
7.500000000000e+02 9.860890617389e-01
7.505000000000e+02 9.634642844181e-01
7.510000000000e+02 9.302358352549e-01
7.515000000000e+02 8.871768057271e-01
7.520000000000e+02 8.352850116096e-01
7.525000000000e+02 7.757591795088e-01
7.530000000000e+02 7.099705565075e-01
7.535000000000e+02 6.394306491263e-01
7.540000000000e+02 5.657558829033e-01
7.545000000000e+02 4.906300379304e-01
7.550000000000e+02 4.157653576131e-01
7.555000000000e+02 3.428632471373e-01
7.560000000000e+02 2.735754748979e-01
7.565000000000e+02 2.094667651322e-01
7.570000000000e+02 1.519796245007e-01
7.575000000000e+02 1.024021812052e-01
7.580000000000e+02 6.183973447527e-02
7.585000000000e+02 3.119061748025e-02
7.590000000000e+02 1.112687055936e-02
7.595000000000e+02 2.080106960961e-03
7.600000000000e+02 4.232832937641e-03
7.605000000000e+02 1.751536087166e-02
7.610000000000e+02 4.160833087794e-02
7.615000000000e+02 7.595073561051e-02
7.620000000000e+02 1.197532271735e-01
7.625000000000e+02 1.720163762333e-01
7.630000000000e+02 2.315534535148e-01
7.635000000000e+02 2.970172144566e-01
7.640000000000e+02 3.669300901760e-01
7.645000000000e+02 4.397171231869e-01
7.650000000000e+02 5.137409352268e-01
7.655000000000e+02 5.873379777515e-01
7.660000000000e+02 6.588552934245e-01
7.665000000000e+02 7.266870094326e-01
7.670000000000e+02 7.893097907007e-01
7.675000000000e+02 8.453165027630e-01
7.680000000000e+02 8.934473698941e-01
7.685000000000e+02 9.326179634885e-01
7.690000000000e+02 9.619434179293e-01
7.695000000000e+02 9.807583454073e-01
7.700000000000e+02 9.886320062704e-01
7.705000000000e+02 9.853783862427e-01
7.710000000000e+02 9.710609347880e-01
7.715000000000e+02 9.459918283500e-01
7.720000000000e+02 9.107257363139e-01
7.725000000000e+02 8.660481842517e-01
7.730000000000e+02 8.129587261199e-01
7.735000000000e+02 7.526492521797e-01
7.740000000000e+02 6.864778700735e-01
7.745000000000e+02 6.159389001476e-01
7.750000000000e+02 5.426296202515e-01
7.755000000000e+02 4.682144774213e-01
7.760000000000e+02 3.943875517228e-01
7.765000000000e+02 3.228341090363e-01
7.770000000000e+02 2.551921128682e-01
7.775000000000e+02 1.930145789876e-01
7.780000000000e+02 1.377336497912e-01
7.785000000000e+02 9.062723732225e-02
7.790000000000e+02 5.278903486431e-02
7.795000000000e+02 2.510262760697e-02
7.800000000000e+02 8.220344262514e-03
7.805000000000e+02 2.547385476374e-03
7.810000000000e+02 8.231643745886e-03
7.815000000000e+02 2.515949617239e-02
7.820000000000e+02 5.295770897345e-02
7.825000000000e+02 9.100144487279e-02
7.830000000000e+02 1.384282150983e-01
7.835000000000e+02 1.941574707230e-01
7.840000000000e+02 2.569153874500e-01
7.845000000000e+02 3.252642675255e-01
7.850000000000e+02 3.976358658811e-01
7.855000000000e+02 4.723678481140e-01
7.860000000000e+02 5.477425083215e-01
7.865000000000e+02 6.220268173372e-01
7.870000000000e+02 6.935128382187e-01
7.875000000000e+02 7.605575368124e-01
7.880000000000e+02 8.216210311239e-01
7.885000000000e+02 8.753023635632e-01
7.890000000000e+02 9.203719436956e-01
7.895000000000e+02 9.557998941279e-01
7.900000000000e+02 9.807796360988e-01
7.905000000000e+02 9.947461713339e-01
7.910000000000e+02 9.973886493808e-01
7.915000000000e+02 9.886569513172e-01
7.920000000000e+02 9.687621675800e-01
7.925000000000e+02 9.381709957893e-01
7.930000000000e+02 8.975942299814e-01
7.935000000000e+02 8.479696519451e-01
7.940000000000e+02 7.904397649357e-01
7.945000000000e+02 7.263249268988e-01
7.950000000000e+02 6.570925418095e-01
7.955000000000e+02 5.843230517342e-01
7.960000000000e+02 5.096735371126e-01
7.965000000000e+02 4.348397775251e-01
7.970000000000e+02 3.615176493206e-01
7.975000000000e+02 2.913647399998e-01
7.980000000000e+02 2.259630426895e-01
7.985000000000e+02 1.667835584072e-01
7.990000000000e+02 1.151535805132e-01
7.995000000000e+02 7.222736647191e-02
8.000000000000e+02 3.896081885523e-02
8.005000000000e+02 1.609070257556e-02
8.010000000000e+02 4.118821023108e-03
8.015000000000e+02 3.301462497659e-03
8.020000000000e+02 1.364431251795e-02
8.025000000000e+02 3.490290967203e-02
8.030000000000e+02 6.658860496495e-02
8.035000000000e+02 1.079798693547e-01
8.040000000000e+02 1.581386834328e-01
8.045000000000e+02 2.159316389353e-01
8.050000000000e+02 2.800552857404e-01
8.055000000000e+02 3.490651717996e-01
8.060000000000e+02 4.214079485037e-01
8.065000000000e+02 4.954558514992e-01
8.070000000000e+02 5.695428180238e-01
8.075000000000e+02 6.420014672614e-01
8.080000000000e+02 7.112001506739e-01
8.085000000000e+02 7.755792752405e-01
8.090000000000e+02 8.336861142029e-01
8.095000000000e+02 8.842073473439e-01
8.100000000000e+02 9.259986157179e-01
8.105000000000e+02 9.581104336507e-01
8.110000000000e+02 9.798098729190e-01
8.115000000000e+02 9.905975192602e-01
8.120000000000e+02 9.902192983946e-01
8.125000000000e+02 9.786728758993e-01
8.130000000000e+02 9.562084506354e-01
8.135000000000e+02 9.233238827882e-01
8.140000000000e+02 8.807542224836e-01
8.145000000000e+02 8.294558307696e-01
8.150000000000e+02 7.705854086816e-01
8.155000000000e+02 7.054743692853e-01
8.160000000000e+02 6.355990990955e-01
8.165000000000e+02 5.625477562592e-01
8.170000000000e+02 4.879843406706e-01
8.175000000000e+02 4.136108432513e-01
8.180000000000e+02 3.411283358311e-01
8.185000000000e+02 2.721978975695e-01
8.190000000000e+02 2.084022873751e-01
8.195000000000e+02 1.512092634285e-01
8.200000000000e+02 1.019374204827e-01
8.205000000000e+02 6.172536339598e-02
8.210000000000e+02 3.150496227911e-02
8.215000000000e+02 1.197934225661e-02
8.220000000000e+02 3.606151208949e-03
8.225000000000e+02 6.586524617627e-03
8.230000000000e+02 2.086003081784e-02
8.235000000000e+02 4.610573602167e-02
8.240000000000e+02 8.174938010357e-02
8.245000000000e+02 1.269765052180e-01
8.250000000000e+02 1.807512337560e-01
8.255000000000e+02 2.418402538213e-01
8.260000000000e+02 3.088414429421e-01
8.265000000000e+02 3.802164475749e-01
8.270000000000e+02 4.543264399963e-01
8.275000000000e+02 5.294701979912e-01
8.280000000000e+02 6.039235981940e-01
8.285000000000e+02 6.759795823913e-01
8.290000000000e+02 7.439876481993e-01
8.295000000000e+02 8.063919313083e-01
8.300000000000e+02 8.617669852973e-01
8.305000000000e+02 9.088504256255e-01
8.310000000000e+02 9.465716849601e-01
8.315000000000e+02 9.740762251728e-01
8.320000000000e+02 9.907446643955e-01
8.325000000000e+02 9.962064023355e-01
8.330000000000e+02 9.903474603383e-01
8.335000000000e+02 9.733123909422e-01
8.340000000000e+02 9.455002514274e-01
8.345000000000e+02 9.075547736839e-01
8.350000000000e+02 8.603489953369e-01
8.355000000000e+02 8.049647414229e-01
8.360000000000e+02 7.426674593003e-01
8.365000000000e+02 6.748770095143e-01
8.370000000000e+02 6.031351000553e-01
8.375000000000e+02 5.290701193500e-01
8.380000000000e+02 4.543601732718e-01
8.385000000000e+02 3.806951628638e-01
8.390000000000e+02 3.097387520899e-01
8.395000000000e+02 2.430910689838e-01
8.400000000000e+02 1.822529596449e-01
8.405000000000e+02 1.285925735463e-01
8.410000000000e+02 8.331500179571e-02
8.415000000000e+02 4.743561885444e-02
8.420000000000e+02 2.175769439230e-02
8.425000000000e+02 6.854747402438e-03
8.430000000000e+02 3.058011347631e-03
8.435000000000e+02 1.044926910059e-02
8.440000000000e+02 2.885920192026e-02
8.445000000000e+02 5.787127986076e-02
8.450000000000e+02 9.683110404155e-02
8.455000000000e+02 1.448609962832e-01
8.460000000000e+02 2.008795208622e-01
8.465000000000e+02 2.636255186179e-01
8.470000000000e+02 3.316861373398e-01
8.475000000000e+02 4.035282561106e-01
8.480000000000e+02 4.775326268245e-01
8.485000000000e+02 5.520299949924e-01
8.490000000000e+02 6.253384155254e-01
8.495000000000e+02 6.958009486582e-01
8.500000000000e+02 7.618229073428e-01
8.505000000000e+02 8.219078309729e-01
8.510000000000e+02 8.746913814698e-01
8.515000000000e+02 9.189723964683e-01
8.520000000000e+02 9.537403902402e-01
8.525000000000e+02 9.781988652341e-01
8.530000000000e+02 9.917838845128e-01
8.535000000000e+02 9.941774564067e-01
8.540000000000e+02 9.853153953704e-01
8.545000000000e+02 9.653894451039e-01
8.550000000000e+02 9.348435788450e-01
8.555000000000e+02 8.943645245263e-01
8.560000000000e+02 8.448666961517e-01
8.565000000000e+02 7.874718441274e-01
8.570000000000e+02 7.234838631371e-01
8.575000000000e+02 6.543593133138e-01
8.580000000000e+02 5.816743158781e-01
8.585000000000e+02 5.070885752503e-01
8.590000000000e+02 4.323073533742e-01
8.595000000000e+02 3.590422765220e-01
8.600000000000e+02 2.889718884369e-01
8.605000000000e+02 2.237028752725e-01
8.610000000000e+02 1.647328767518e-01
8.615000000000e+02 1.134157643550e-01
8.620000000000e+02 7.093021181189e-02
8.625000000000e+02 3.825230692352e-02
8.630000000000e+02 1.613285862428e-02
8.635000000000e+02 5.079941538026e-03
8.640000000000e+02 5.347094909221e-03
8.645000000000e+02 1.692745689132e-02
8.650000000000e+02 3.955397223861e-02
8.655000000000e+02 7.270566516608e-02
8.660000000000e+02 1.156198232744e-01
8.665000000000e+02 1.673097967387e-01
8.670000000000e+02 2.265879830367e-01
8.675000000000e+02 2.920934447123e-01
8.680000000000e+02 3.623234991236e-01
8.685000000000e+02 4.356685273596e-01
8.690000000000e+02 5.104491767983e-01
8.695000000000e+02 5.849550796170e-01
8.700000000000e+02 6.574841791007e-01
8.705000000000e+02 7.263817472539e-01
8.710000000000e+02 7.900781908641e-01
8.715000000000e+02 8.471247781981e-01
8.720000000000e+02 8.962264736215e-01
8.725000000000e+02 9.362711410310e-01
8.730000000000e+02 9.663544669286e-01
8.735000000000e+02 9.858000578069e-01
8.740000000000e+02 9.941742815730e-01
8.745000000000e+02 9.912955460784e-01
8.750000000000e+02 9.772378364697e-01
8.755000000000e+02 9.523284639739e-01
8.760000000000e+02 9.171401089089e-01
8.765000000000e+02 8.724773672859e-01
8.770000000000e+02 8.193581306450e-01
8.775000000000e+02 7.589902402851e-01
8.780000000000e+02 6.927439575660e-01
8.785000000000e+02 6.221208796434e-01
8.790000000000e+02 5.487200031688e-01
8.795000000000e+02 4.742016959887e-01
8.800000000000e+02 4.002503777483e-01
8.805000000000e+02 3.285367339752e-01
8.810000000000e+02 2.606802945152e-01
8.815000000000e+02 1.982131961188e-01
8.820000000000e+02 1.425459209855e-01
8.825000000000e+02 9.493575885930e-02
8.830000000000e+02 5.645868073664e-02
8.835000000000e+02 2.798523867137e-02
8.840000000000e+02 1.016101996481e-02
8.845000000000e+02 3.392086865409e-03
8.850000000000e+02 7.835726652902e-03
8.855000000000e+02 2.339672365035e-02
8.860000000000e+02 4.972924647650e-02
8.865000000000e+02 8.624432300217e-02
8.870000000000e+02 1.321227543957e-01
8.875000000000e+02 1.863332007416e-01
8.880000000000e+02 2.476550564719e-01
8.885000000000e+02 3.147056266480e-01
8.890000000000e+02 3.859710173443e-01
8.895000000000e+02 4.598400672425e-01
8.900000000000e+02 5.346405750742e-01
8.905000000000e+02 6.086770206395e-01
8.910000000000e+02 6.802689372679e-01
8.915000000000e+02 7.477890720780e-01
8.920000000000e+02 8.097004680257e-01
8.925000000000e+02 8.645916190204e-01
8.930000000000e+02 9.112088862732e-01
8.935000000000e+02 9.484854201224e-01
8.940000000000e+02 9.755659058690e-01
8.945000000000e+02 9.918265432759e-01
8.950000000000e+02 9.968897754548e-01
8.955000000000e+02 9.906334016028e-01
8.960000000000e+02 9.731938367844e-01
8.965000000000e+02 9.449634176958e-01
8.970000000000e+02 9.065817928694e-01
8.975000000000e+02 8.589215756565e-01
8.980000000000e+02 8.030685751124e-01
8.985000000000e+02 7.402970501123e-01
8.990000000000e+02 6.720405523383e-01
8.995000000000e+02 5.998590310340e-01
9.000000000000e+02 5.254029638470e-01
9.005000000000e+02 4.503753511887e-01
9.010000000000e+02 3.764924644287e-01
9.015000000000e+02 3.054442694239e-01
9.020000000000e+02 2.388554555243e-01
9.025000000000e+02 1.782479860372e-01
9.030000000000e+02 1.250060494838e-01
9.035000000000e+02 8.034423284816e-02
9.040000000000e+02 4.527965985614e-02
9.045000000000e+02 2.060874123554e-02
9.050000000000e+02 6.889072363271e-03
9.055000000000e+02 4.426889640473e-03
9.060000000000e+02 1.327036353124e-02
9.065000000000e+02 3.320886689302e-02
9.070000000000e+02 6.377821553131e-02
9.075000000000e+02 1.042717373769e-01
9.080000000000e+02 1.537568907594e-01
9.085000000000e+02 2.110970242169e-01
9.090000000000e+02 2.749777531362e-01
9.095000000000e+02 3.439373249615e-01
9.100000000000e+02 4.164002569765e-01
9.105000000000e+02 4.907134606323e-01
9.110000000000e+02 5.651840153740e-01
9.115000000000e+02 6.381177237775e-01
9.120000000000e+02 7.078575689285e-01
9.125000000000e+02 7.728212041732e-01
9.130000000000e+02 8.315366341122e-01
9.135000000000e+02 8.826752929182e-01
9.140000000000e+02 9.250817903676e-01
9.145000000000e+02 9.577996756183e-01
9.150000000000e+02 9.800926617191e-01
9.155000000000e+02 9.914608578738e-01
9.160000000000e+02 9.916516691694e-01
9.165000000000e+02 9.806651423147e-01
9.170000000000e+02 9.587536583498e-01
9.175000000000e+02 9.264159967045e-01
9.180000000000e+02 8.843859168876e-01
9.185000000000e+02 8.336155220354e-01
9.190000000000e+02 7.752537802355e-01
9.195000000000e+02 7.106206827960e-01
9.200000000000e+02 6.411776115123e-01
9.205000000000e+02 5.684945676892e-01
9.210000000000e+02 4.942149827190e-01
9.215000000000e+02 4.200188820713e-01
9.220000000000e+02 3.475852106216e-01
9.225000000000e+02 2.785541465892e-01
9.230000000000e+02 2.144902334955e-01
9.235000000000e+02 1.568471443783e-01
9.240000000000e+02 1.069348601236e-01
9.245000000000e+02 6.588999471586e-02
9.250000000000e+02 3.464993523680e-02
9.255000000000e+02 1.393138467602e-02
9.260000000000e+02 4.213802505560e-03
9.265000000000e+02 5.728133216777e-03
9.270000000000e+02 1.845109866709e-02
9.275000000000e+02 4.210520839069e-02
9.280000000000e+02 7.616451550309e-02
9.285000000000e+02 1.198660171524e-01
9.290000000000e+02 1.722264704555e-01
9.295000000000e+02 2.320642703900e-01
9.300000000000e+02 2.980259181117e-01
9.305000000000e+02 3.686164994290e-01
9.310000000000e+02 4.422334964660e-01
9.315000000000e+02 5.172031733033e-01
9.320000000000e+02 5.918187109042e-01
9.325000000000e+02 6.643792197104e-01
9.330000000000e+02 7.332287314469e-01
9.335000000000e+02 7.967942658500e-01
9.340000000000e+02 8.536220837406e-01
9.345000000000e+02 9.024112750284e-01
9.350000000000e+02 9.420438882290e-01
9.355000000000e+02 9.716108857533e-01
9.360000000000e+02 9.904333048530e-01
9.365000000000e+02 9.980781154890e-01
9.370000000000e+02 9.943683908599e-01
9.375000000000e+02 9.793875408533e-01
9.380000000000e+02 9.534774999198e-01
9.385000000000e+02 9.172309052649e-01
9.390000000000e+02 8.714774451502e-01
9.395000000000e+02 8.172646968273e-01
9.400000000000e+02 7.558339056037e-01
9.405000000000e+02 6.885912774268e-01
9.410000000000e+02 6.170754640558e-01
9.415000000000e+02 5.429220097233e-01
9.420000000000e+02 4.678255989152e-01
9.425000000000e+02 3.935009948307e-01
9.430000000000e+02 3.216435860784e-01
9.435000000000e+02 2.538904646802e-01
9.440000000000e+02 1.917829415490e-01
9.445000000000e+02 1.367313668984e-01
9.450000000000e+02 8.998306378741e-02
9.455000000000e+02 5.259410485556e-02
9.460000000000e+02 2.540556751070e-02
9.465000000000e+02 9.024793885321e-03
9.470000000000e+02 3.812061703360e-03
9.475000000000e+02 9.872943845309e-03
9.480000000000e+02 2.705650109064e-02
9.485000000000e+02 5.495931750821e-02
9.490000000000e+02 9.293525445818e-02
9.495000000000e+02 1.401106702404e-01
9.500000000000e+02 1.954047309581e-01
9.505000000000e+02 2.575543267701e-01
9.510000000000e+02 3.251430086778e-01
9.515000000000e+02 3.966332762917e-01
9.520000000000e+02 4.704014782040e-01
9.525000000000e+02 5.447745347919e-01
9.530000000000e+02 6.180676593396e-01
9.535000000000e+02 6.886222375234e-01
9.540000000000e+02 7.548430276847e-01
9.545000000000e+02 8.152338644173e-01
9.550000000000e+02 8.684310851520e-01
9.555000000000e+02 9.132339526354e-01
9.560000000000e+02 9.486314141043e-01
9.565000000000e+02 9.738246190985e-01
9.570000000000e+02 9.882447104457e-01
9.575000000000e+02 9.915655051138e-01
9.580000000000e+02 9.837107913180e-01
9.585000000000e+02 9.648560833412e-01
9.590000000000e+02 9.354247937633e-01
9.595000000000e+02 8.960789019327e-01
9.600000000000e+02 8.477043152667e-01
9.605000000000e+02 7.913912340671e-01
9.610000000000e+02 7.284099387463e-01
9.615000000000e+02 6.601825185352e-01
9.620000000000e+02 5.882511507998e-01
9.625000000000e+02 5.142436181472e-01
9.630000000000e+02 4.398368147817e-01
9.635000000000e+02 3.667190425503e-01
9.640000000000e+02 2.965519295449e-01
9.645000000000e+02 2.309328189339e-01
9.650000000000e+02 1.713584723225e-01
9.655000000000e+02 1.191909099442e-01
9.660000000000e+02 7.562616955820e-02
9.665000000000e+02 4.166670746432e-02
9.670000000000e+02 1.809808947326e-02
9.675000000000e+02 5.470528329538e-03
9.680000000000e+02 4.085718664741e-03
9.685000000000e+02 1.398930323155e-02
9.690000000000e+02 3.496917740000e-02
9.695000000000e+02 6.655970549490e-02
9.700000000000e+02 1.080517855824e-01
9.705000000000e+02 1.585085620011e-01
9.710000000000e+02 2.167864506505e-01
9.715000000000e+02 2.815610141280e-01
9.720000000000e+02 3.513571055683e-01
9.725000000000e+02 4.245825945756e-01
9.730000000000e+02 4.995648987964e-01
9.735000000000e+02 5.745894730078e-01
9.740000000000e+02 6.479393560571e-01
9.745000000000e+02 7.179348462475e-01
9.750000000000e+02 7.829723687395e-01
9.755000000000e+02 8.415616146255e-01
9.760000000000e+02 8.923600703661e-01
9.765000000000e+02 9.342041172803e-01
9.770000000000e+02 9.661359624051e-01
9.775000000000e+02 9.874257621585e-01
9.780000000000e+02 9.975884163266e-01
9.785000000000e+02 9.963946389684e-01
9.790000000000e+02 9.838760514983e-01
9.795000000000e+02 9.603241878866e-01
9.800000000000e+02 9.262834488310e-01
9.805000000000e+02 8.825381871106e-01
9.810000000000e+02 8.300942463886e-01
9.815000000000e+02 7.701554069593e-01
9.820000000000e+02 7.040953110509e-01
9.825000000000e+02 6.334255443987e-01
9.830000000000e+02 5.597606374631e-01
9.835000000000e+02 4.847808169370e-01
9.840000000000e+02 4.101933846394e-01
9.845000000000e+02 3.376936257890e-01
9.850000000000e+02 2.689261516753e-01
9.855000000000e+02 2.054475632965e-01
9.860000000000e+02 1.486912834661e-01
9.865000000000e+02 9.993534655146e-02
9.870000000000e+02 6.027385928573e-02
9.875000000000e+02 3.059275506763e-02
9.880000000000e+02 1.155036041417e-02
9.885000000000e+02 3.563178381410e-03
9.890000000000e+02 6.797172699960e-03
9.895000000000e+02 2.116471095617e-02
9.900000000000e+02 4.632719827908e-02
9.905000000000e+02 8.170330746241e-02
9.910000000000e+02 1.264825899154e-01
9.915000000000e+02 1.796441367701e-01
9.920000000000e+02 2.399798530925e-01
9.925000000000e+02 3.061218124380e-01
9.930000000000e+02 3.765730756294e-01
9.935000000000e+02 4.497412880172e-01
9.940000000000e+02 5.239743146901e-01
9.945000000000e+02 5.975971339293e-01
9.950000000000e+02 6.689491861433e-01
9.955000000000e+02 7.364213688133e-01
9.960000000000e+02 7.984918775149e-01
9.965000000000e+02 8.537601186391e-01
9.970000000000e+02 9.009779603700e-01
9.975000000000e+02 9.390776440660e-01
9.980000000000e+02 9.671957473880e-01
9.985000000000e+02 9.846926721275e-01
9.990000000000e+02 9.911672222724e-01
9.995000000000e+02 9.864659397880e-01
1.000000000000e+03 9.706869751077e-01
1.000500000000e+03 9.441783844250e-01
1.001000000000e+03 9.075308644586e-01
1.001500000000e+03 8.615650551608e-01
1.002000000000e+03 8.073136595025e-01
1.002500000000e+03 7.459987445697e-01
1.003000000000e+03 6.790046972903e-01
1.003500000000e+03 6.078474087315e-01
1.004000000000e+03 5.341403506970e-01
1.004500000000e+03 4.595582850619e-01
1.005000000000e+03 3.857994078625e-01
1.005500000000e+03 3.145467747823e-01
1.006000000000e+03 2.474298808832e-01
1.006500000000e+03 1.859872740640e-01
1.007000000000e+03 1.316310681273e-01
1.007500000000e+03 8.561418726396e-02
1.008000000000e+03 4.900111948608e-02
1.008500000000e+03 2.264288290747e-02
1.009000000000e+03 7.156817063820e-03
1.009500000000e+03 2.911703582286e-03
1.010000000000e+03 1.001859877588e-02
1.010500000000e+03 2.832762793638e-02
1.011000000000e+03 5.743085039564e-02
1.011500000000e+03 9.667115928711e-02
1.012000000000e+03 1.451570340255e-01
1.012500000000e+03 2.017828206181e-01
1.013000000000e+03 2.652540787857e-01
1.013500000000e+03 3.341174091660e-01
1.014000000000e+03 4.067940619965e-01
1.014500000000e+03 4.816165337388e-01
1.015000000000e+03 5.568672827190e-01
1.015500000000e+03 6.308186411772e-01
1.016000000000e+03 7.017729706195e-01
1.016500000000e+03 7.681021009851e-01
1.017000000000e+03 8.282851120363e-01
1.017500000000e+03 8.809435570813e-01
1.018000000000e+03 9.248732935227e-01
1.018500000000e+03 9.590721699583e-01
1.019000000000e+03 9.827629233288e-01
1.019500000000e+03 9.954107590141e-01
1.020000000000e+03 9.967352185728e-01
1.020500000000e+03 9.867160804153e-01
1.021000000000e+03 9.655931843297e-01
1.021500000000e+03 9.338602175954e-01
1.022000000000e+03 8.922526446189e-01
1.022500000000e+03 8.417300999417e-01
1.023000000000e+03 7.834536927233e-01
1.023500000000e+03 7.187587863112e-01
1.024000000000e+03 6.491239166693e-01
1.024500000000e+03 5.761365960901e-01
1.025000000000e+03 5.014568121512e-01
1.025500000000e+03 4.267790752257e-01
1.026000000000e+03 3.537938905002e-01
1.026500000000e+03 2.841495324558e-01
1.027000000000e+03 2.194149816121e-01
1.027500000000e+03 1.610448461007e-01
1.028000000000e+03 1.103470356907e-01
1.028500000000e+03 6.845388506093e-02
1.029000000000e+03 3.629733841383e-02
1.029500000000e+03 1.458871126015e-02
1.030000000000e+03 3.803439759739e-03
1.030500000000e+03 4.171115877378e-03
1.031000000000e+03 1.567099028145e-02
1.031500000000e+03 3.803300684838e-02
1.032000000000e+03 7.074431518467e-02
1.032500000000e+03 1.130610929844e-01
1.033000000000e+03 1.640254003827e-01
1.033500000000e+03 2.224866856607e-01
1.034000000000e+03 2.871274674085e-01
1.034500000000e+03 3.564926341150e-01
1.035000000000e+03 4.290217294417e-01
1.035500000000e+03 5.030835312861e-01
1.036000000000e+03 5.770121861272e-01
1.036500000000e+03 6.491441277851e-01
1.037000000000e+03 7.178549922222e-01
1.037500000000e+03 7.815957376918e-01
1.038000000000e+03 8.389271926234e-01
1.038500000000e+03 8.885522820182e-01
1.039000000000e+03 9.293452266048e-01
1.039500000000e+03 9.603770670328e-01
1.040000000000e+03 9.809369372320e-01
1.040500000000e+03 9.905485957195e-01
1.041000000000e+03 9.889818197969e-01
1.041500000000e+03 9.762583737015e-01
1.042000000000e+03 9.526523760050e-01
1.042500000000e+03 9.186850117863e-01
1.043000000000e+03 8.751136590136e-01
1.043500000000e+03 8.229156235720e-01
1.044000000000e+03 7.632668007684e-01
1.044500000000e+03 6.975157000854e-01
1.045000000000e+03 6.271533815593e-01
1.045500000000e+03 5.537799535809e-01
1.046000000000e+03 4.790683703974e-01
1.046500000000e+03 4.047263406086e-01
1.047000000000e+03 3.324572131899e-01
1.047500000000e+03 2.639207431717e-01
1.048000000000e+03 2.006946535621e-01
1.048500000000e+03 1.442379024983e-01
1.049000000000e+03 9.585653451488e-02
1.049500000000e+03 5.667294248670e-02
1.050000000000e+03 2.759929304938e-02
1.050500000000e+03 9.315774593980e-03
1.051000000000e+03 2.254215340467e-03
1.051500000000e+03 6.587492145782e-03
1.052000000000e+03 2.222501171885e-02
1.052500000000e+03 4.881439833071e-02
1.053000000000e+03 8.574936977971e-02
1.053500000000e+03 1.321836303420e-01
1.054000000000e+03 1.870504598425e-01
1.054500000000e+03 2.490875358858e-01
1.055000000000e+03 3.168663956143e-01
1.055500000000e+03 3.888258276526e-01
1.056000000000e+03 4.633083874105e-01
1.056500000000e+03 5.385991522240e-01
1.057000000000e+03 6.129657790306e-01
1.057500000000e+03 6.846988977472e-01
1.058000000000e+03 7.521518689532e-01
1.058500000000e+03 8.137789548100e-01
1.059000000000e+03 8.681709966139e-01
1.059500000000e+03 9.140877595369e-01
1.060000000000e+03 9.504861928985e-01
1.060500000000e+03 9.765439600734e-01
1.061000000000e+03 9.916777128173e-01
1.061500000000e+03 9.955557169450e-01
1.062000000000e+03 9.881045762242e-01
1.062500000000e+03 9.695099452854e-01
1.063000000000e+03 9.402112664779e-01
1.063500000000e+03 9.008907062553e-01
1.064000000000e+03 8.524566003769e-01
1.064500000000e+03 7.960218408406e-01
1.065000000000e+03 7.328777482237e-01
1.065500000000e+03 6.644640687393e-01
1.066000000000e+03 5.923358139620e-01
1.066500000000e+03 5.181277215826e-01
1.067000000000e+03 4.435171569114e-01
1.067500000000e+03 3.701862968867e-01
1.068000000000e+03 2.997844413153e-01
1.068500000000e+03 2.338912805521e-01
1.069000000000e+03 1.739819158722e-01
1.069500000000e+03 1.213943797675e-01
1.070000000000e+03 7.730033987282e-02
1.070500000000e+03 4.267959403708e-02
1.071000000000e+03 1.829887714724e-02
1.071500000000e+03 4.695404677750e-03
1.072000000000e+03 2.165475680375e-03
1.072500000000e+03 1.075835106166e-02
1.073000000000e+03 3.027551354246e-02
1.073500000000e+03 6.027530559180e-02
1.074000000000e+03 1.000828327376e-01
1.074500000000e+03 1.488049137520e-01
1.075000000000e+03 2.053497579654e-01
1.075500000000e+03 2.684509549692e-01
1.076000000000e+03 3.366952747113e-01
1.076500000000e+03 4.085536978989e-01
1.077000000000e+03 4.824150289792e-01
1.077500000000e+03 5.566213880243e-01
1.078000000000e+03 6.295048347121e-01
1.078500000000e+03 6.994243482380e-01
1.079000000000e+03 7.648023722895e-01
1.079500000000e+03 8.241601348296e-01
1.080000000000e+03 8.761509688342e-01
1.080500000000e+03 9.195908925308e-01
1.081000000000e+03 9.534857560576e-01
1.081500000000e+03 9.770543254299e-01
1.082000000000e+03 9.897467535463e-01
1.082500000000e+03 9.912579806298e-01
1.083000000000e+03 9.815357115203e-01
1.083500000000e+03 9.607827327749e-01
1.084000000000e+03 9.294534563769e-01
1.084500000000e+03 8.882447064741e-01
1.085000000000e+03 8.380808980942e-01
1.085500000000e+03 7.800938891300e-01
1.086000000000e+03 7.155979158348e-01
1.086500000000e+03 6.460601442146e-01
1.087000000000e+03 5.730674818015e-01
1.087500000000e+03 4.982903931005e-01
1.088000000000e+03 4.234445445747e-01
1.088500000000e+03 3.502511687020e-01
1.089000000000e+03 2.803970792363e-01
1.089500000000e+03 2.154952896304e-01
1.090000000000e+03 1.570471825253e-01
1.090500000000e+03 1.064071499027e-01
1.091000000000e+03 6.475057115878e-02
1.091500000000e+03 3.304592097842e-02
1.092000000000e+03 1.203170215301e-02
1.092500000000e+03 2.198782724849e-03
1.093000000000e+03 3.778584984396e-03
1.093500000000e+03 1.673742938516e-02
1.094000000000e+03 4.077718321917e-02
1.094500000000e+03 7.534220611797e-02
1.095000000000e+03 1.196324264410e-01
1.095500000000e+03 1.726222287619e-01
1.096000000000e+03 2.330846872198e-01
1.096500000000e+03 2.996205465011e-01
1.097000000000e+03 3.706912352430e-01
1.097500000000e+03 4.446550989067e-01
1.098000000000e+03 5.198059631539e-01
1.098500000000e+03 5.944130863980e-01
1.099000000000e+03 6.667615326133e-01
1.099500000000e+03 7.351919931559e-01
1.100000000000e+03 7.981391089194e-01
1.100500000000e+03 8.541673905615e-01
1.101000000000e+03 9.020039031661e-01
1.101500000000e+03 9.405669701843e-01
1.102000000000e+03 9.689902570608e-01
1.102500000000e+03 9.866417144035e-01
1.103000000000e+03 9.931369904246e-01
1.103500000000e+03 9.883470589984e-01
1.104000000000e+03 9.723999493978e-01
1.104500000000e+03 9.456766029467e-01
1.105000000000e+03 9.088010170262e-01
1.105500000000e+03 8.626249649268e-01
1.106000000000e+03 8.082076981345e-01
1.106500000000e+03 7.467911433293e-01
1.107000000000e+03 6.797711977345e-01
1.107500000000e+03 6.086658019371e-01
1.108000000000e+03 5.350805279244e-01
1.108500000000e+03 4.606724612508e-01
1.109000000000e+03 3.871131798583e-01
1.109500000000e+03 3.160516383697e-01
1.110000000000e+03 2.490777562801e-01
1.110500000000e+03 1.876874822912e-01
1.111000000000e+03 1.332500661830e-01
1.111500000000e+03 8.697821545743e-02
1.112000000000e+03 4.990174792758e-02
1.112500000000e+03 2.284527502734e-02
1.113000000000e+03 6.410365452598e-03
1.113500000000e+03 9.625464220911e-04
1.114000000000e+03 6.623401965104e-03
1.114500000000e+03 2.326792579988e-02
1.115000000000e+03 5.052718214416e-02
1.115500000000e+03 8.779622275546e-02
1.116000000000e+03 1.342471042117e-01
1.116500000000e+03 1.888467474739e-01
1.117000000000e+03 2.503792836931e-01
1.117500000000e+03 3.174724376354e-01
1.118000000000e+03 3.886274146152e-01
1.118500000000e+03 4.622516800029e-01
1.119000000000e+03 5.366939538666e-01
1.119500000000e+03 6.102806886120e-01
1.120000000000e+03 6.813532560760e-01
1.120500000000e+03 7.483050437460e-01
1.121000000000e+03 8.096176488074e-01
1.121500000000e+03 8.638953644466e-01
1.122000000000e+03 9.098971759539e-01
1.122500000000e+03 9.465655249377e-01
1.123000000000e+03 9.730511583390e-01
1.123500000000e+03 9.887334543172e-01
1.124000000000e+03 9.932357085625e-01
1.124500000000e+03 9.864349706308e-01
1.125000000000e+03 9.684661385758e-01
1.125500000000e+03 9.397201490455e-01
1.126000000000e+03 9.008362362819e-01
1.126500000000e+03 8.526883739201e-01
1.127000000000e+03 7.963661546419e-01
1.127500000000e+03 7.331505009316e-01
1.128000000000e+03 6.644847316593e-01
1.128500000000e+03 5.919416302435e-01
1.129000000000e+03 5.171872671928e-01
1.129500000000e+03 4.419424195607e-01
1.130000000000e+03 3.679424994552e-01
1.130500000000e+03 2.968969507851e-01
1.131000000000e+03 2.304490961819e-01
1.131500000000e+03 1.701374134027e-01
1.132000000000e+03 1.173591921509e-01
1.132500000000e+03 7.333746855766e-02
1.133000000000e+03 3.909205677984e-02
1.133500000000e+03 1.541539714730e-02
1.134000000000e+03 2.853820742445e-03
1.134500000000e+03 1.694694390748e-03
1.135000000000e+03 1.195976158496e-02
1.135500000000e+03 3.340483797147e-02
1.136000000000e+03 6.552585912307e-02
1.136500000000e+03 1.075711179171e-01
1.137000000000e+03 1.585593734235e-01
1.137500000000e+03 2.173033670944e-01
1.138000000000e+03 2.824381492174e-01
1.138500000000e+03 3.524535025974e-01
1.139000000000e+03 4.257296542521e-01
1.139500000000e+03 5.005753919218e-01
1.140000000000e+03 5.752676519977e-01
1.140500000000e+03 6.480916200347e-01
1.141000000000e+03 7.173803844695e-01
1.141500000000e+03 7.815532079389e-01
1.142000000000e+03 8.391515274381e-01
1.142500000000e+03 8.888718626323e-01
1.143000000000e+03 9.295948984583e-01
1.143500000000e+03 9.604101109626e-01
1.144000000000e+03 9.806354208785e-01
1.144500000000e+03 9.898314844113e-01
1.145000000000e+03 9.878103615966e-01
1.145500000000e+03 9.746384359450e-01
1.146000000000e+03 9.506335916069e-01
1.146500000000e+03 9.163567828199e-01
1.147000000000e+03 8.725982521536e-01
1.147500000000e+03 8.203587665506e-01
1.148000000000e+03 7.608263413144e-01
1.148500000000e+03 6.953490103311e-01
1.149000000000e+03 6.254042747028e-01
1.149500000000e+03 5.525659207717e-01
1.150000000000e+03 4.784689417566e-01
1.150500000000e+03 4.047733248151e-01
1.151000000000e+03 3.331274774722e-01
1.151500000000e+03 2.651320644428e-01
1.152000000000e+03 2.023050086340e-01
1.152500000000e+03 1.460483792739e-01
1.153000000000e+03 9.761784670614e-02
1.153500000000e+03 5.809532836262e-02
1.154000000000e+03 2.836538487968e-02
1.154500000000e+03 9.095850425775e-03
1.155000000000e+03 7.230981540657e-04
1.155500000000e+03 3.442251539825e-03
1.156000000000e+03 1.720255644515e-02
1.156500000000e+03 4.170802837553e-02
1.157000000000e+03 7.642338595956e-02
1.157500000000e+03 1.205851766686e-01
1.158000000000e+03 1.732178957960e-01
1.158500000000e+03 2.331547964055e-01
1.159000000000e+03 2.990629881858e-01
1.159500000000e+03 3.694723287847e-01
1.160000000000e+03 4.428075241958e-01
1.160500000000e+03 5.174227772315e-01
1.161000000000e+03 5.916382569121e-01
1.161500000000e+03 6.637776087959e-01
1.162000000000e+03 7.322056885466e-01
1.162500000000e+03 7.953656800889e-01
1.163000000000e+03 8.518147567567e-01
1.163500000000e+03 9.002574598878e-01
1.164000000000e+03 9.395760049225e-01
1.164500000000e+03 9.688567802127e-01
1.165000000000e+03 9.874123780085e-01
1.165500000000e+03 9.947985894102e-01
1.166000000000e+03 9.908259038451e-01
1.166500000000e+03 9.755651766835e-01
1.167000000000e+03 9.493472632594e-01
1.167500000000e+03 9.127565606395e-01
1.168000000000e+03 8.666185464321e-01
1.168500000000e+03 8.119815528926e-01
1.169000000000e+03 7.500931605243e-01
1.169500000000e+03 6.823717341875e-01
1.170000000000e+03 6.103737524253e-01
1.170500000000e+03 5.357576934184e-01
1.171000000000e+03 4.602453353266e-01
1.171500000000e+03 3.855814016799e-01
1.172000000000e+03 3.134925315958e-01
1.172500000000e+03 2.456465782008e-01
1.173000000000e+03 1.836132357144e-01
1.173500000000e+03 1.288269660722e-01
1.174000000000e+03 8.255314032302e-02
1.174500000000e+03 4.585822980558e-02
1.175000000000e+03 1.958477945659e-02
1.175500000000e+03 4.331773416488e-03
1.176000000000e+03 4.408648772666e-04
1.176500000000e+03 7.988791807866e-03
1.177000000000e+03 2.678614209137e-02
1.177500000000e+03 5.638247025612e-02
1.178000000000e+03 9.607760790620e-02
1.178500000000e+03 1.449388556458e-01
1.179000000000e+03 2.018235999424e-01
1.179500000000e+03 2.654067678545e-01
1.180000000000e+03 3.342124191623e-01
1.180500000000e+03 4.066486820063e-01
1.181000000000e+03 4.810451666947e-01
1.181500000000e+03 5.556919442911e-01
1.182000000000e+03 6.288791526291e-01
1.182500000000e+03 6.989362924014e-01
1.183000000000e+03 7.642702992356e-01
1.183500000000e+03 8.234015227915e-01
1.184000000000e+03 8.749968089829e-01
1.184500000000e+03 9.178989640090e-01
1.185000000000e+03 9.511519762669e-01
1.185500000000e+03 9.740214813461e-01
1.186000000000e+03 9.860100730786e-01
1.186500000000e+03 9.868671868064e-01
1.187000000000e+03 9.765934065467e-01
1.187500000000e+03 9.554391725963e-01
1.188000000000e+03 9.238979875905e-01
1.188500000000e+03 8.826943346567e-01
1.189000000000e+03 8.327666289496e-01
1.189500000000e+03 7.752456217348e-01
1.190000000000e+03 7.114287628566e-01
1.190500000000e+03 6.427511018118e-01
1.191000000000e+03 5.707533689621e-01
1.191500000000e+03 4.970479261888e-01
1.192000000000e+03 4.232833102833e-01
1.192500000000e+03 3.511081125946e-01
1.193000000000e+03 2.821349450439e-01
1.193500000000e+03 2.179052358880e-01
1.194000000000e+03 1.598555789710e-01
1.194500000000e+03 1.092863281486e-01
1.195000000000e+03 6.733308462601e-02
1.195500000000e+03 3.494166978553e-02
1.196000000000e+03 1.284711039014e-02
1.196500000000e+03 1.557087577296e-03
1.197000000000e+03 1.340216744346e-03
1.197500000000e+03 1.221943325895e-02
1.198000000000e+03 3.397066007626e-02
1.198500000000e+03 6.612682915470e-02
1.199000000000e+03 1.079872205717e-01
1.199500000000e+03 1.586319731636e-01
1.200000000000e+03 2.169415103126e-01
1.200500000000e+03 2.816205162599e-01
1.201000000000e+03 3.512259943446e-01
1.201500000000e+03 4.241988412090e-01
1.202000000000e+03 4.988982827716e-01
1.202500000000e+03 5.736384410190e-01
1.203000000000e+03 6.467262378459e-01
1.203500000000e+03 7.164997953929e-01
1.204000000000e+03 7.813664635531e-01
1.204500000000e+03 8.398395961171e-01
1.205000000000e+03 8.905732085062e-01
1.205500000000e+03 9.323936828837e-01
1.206000000000e+03 9.643277406438e-01
1.206500000000e+03 9.856259773531e-01
1.207000000000e+03 9.957813499243e-01
1.207500000000e+03 9.945421183409e-01
1.208000000000e+03 9.819188721752e-01
1.208500000000e+03 9.581854124379e-01
1.209000000000e+03 9.238734084856e-01
1.209500000000e+03 8.797609039014e-01
1.210000000000e+03 8.268549002664e-01
1.210500000000e+03 7.663683992761e-01
1.211000000000e+03 6.996924273464e-01
1.211500000000e+03 6.283636985400e-01
1.212000000000e+03 5.540286873828e-01
1.212500000000e+03 4.784049794565e-01
1.213000000000e+03 4.032408415500e-01
1.213500000000e+03 3.302740023359e-01
1.214000000000e+03 2.611906574580e-01
1.214500000000e+03 1.975857087336e-01
1.215000000000e+03 1.409252159735e-01
1.215500000000e+03 9.251198257863e-02
1.216000000000e+03 5.345511424014e-02
1.216500000000e+03 2.464428615268e-02
1.217000000000e+03 6.729331275274e-03
1.217500000000e+03 1.056238947198e-04
1.218000000000e+03 4.905583171606e-03
1.218500000000e+03 2.099646477644e-02
1.219000000000e+03 4.798444964860e-02
1.219500000000e+03 8.522488177968e-02
1.220000000000e+03 1.318383560541e-01
1.220500000000e+03 1.867322165700e-01
1.221000000000e+03 2.486268991130e-01
1.221500000000e+03 3.160864416521e-01
1.222000000000e+03 3.875523963169e-01
1.222500000000e+03 4.613803071725e-01
1.223000000000e+03 5.358778713194e-01
1.223500000000e+03 6.093438769170e-01
1.224000000000e+03 6.801070104093e-01
1.224500000000e+03 7.465636457273e-01
1.225000000000e+03 8.072137691362e-01
1.225500000000e+03 8.606942528506e-01
1.226000000000e+03 9.058087662884e-01
1.226500000000e+03 9.415537033723e-01
1.227000000000e+03 9.671396048367e-01
1.227500000000e+03 9.820076633232e-01
1.228000000000e+03 9.858410132831e-01
1.228500000000e+03 9.785706246416e-01
1.229000000000e+03 9.603757362690e-01
1.229500000000e+03 9.316788801471e-01
1.230000000000e+03 8.931356576169e-01
1.230500000000e+03 8.456195333859e-01
1.231000000000e+03 7.902020094817e-01
1.231500000000e+03 7.281286287344e-01
1.232000000000e+03 6.607913346360e-01
1.232500000000e+03 5.896977806698e-01
1.233000000000e+03 5.164382368455e-01
1.233500000000e+03 4.426507837114e-01
1.234000000000e+03 3.699855142434e-01
1.234500000000e+03 3.000684814577e-01
1.235000000000e+03 2.344661343162e-01
1.235500000000e+03 1.746509763237e-01
1.236000000000e+03 1.219691603251e-01
1.236500000000e+03 7.761069935030e-02
1.237000000000e+03 4.258292730143e-02
1.237500000000e+03 1.768778506077e-02
1.238000000000e+03 3.503437759797e-03
1.238500000000e+03 3.706481935262e-04
1.239000000000e+03 8.384240557887e-03
1.239500000000e+03 2.738988901664e-02
1.240000000000e+03 5.698635847521e-02
1.240500000000e+03 9.653321206253e-02
1.241000000000e+03 1.451638831818e-01
1.241500000000e+03 2.018038918380e-01
1.242000000000e+03 2.651938677723e-01
1.242500000000e+03 3.339169294131e-01
1.243000000000e+03 4.064298605786e-01
1.243500000000e+03 4.810974291210e-01
1.244000000000e+03 5.562291060770e-01
1.244500000000e+03 6.301173731258e-01
1.245000000000e+03 7.010767526344e-01
1.245500000000e+03 7.674826605172e-01
1.246000000000e+03 8.278091691874e-01
1.246500000000e+03 8.806647772162e-01
1.247000000000e+03 9.248253145977e-01
1.247500000000e+03 9.592631676133e-01
1.248000000000e+03 9.831720845461e-01
1.248500000000e+03 9.959869214271e-01
1.249000000000e+03 9.973978035571e-01
1.249500000000e+03 9.873583109802e-01
1.250000000000e+03 9.660874410883e-01
1.250500000000e+03 9.340652553485e-01
1.251000000000e+03 8.920222756004e-01
1.251500000000e+03 8.409228541004e-01
1.252000000000e+03 7.819428959982e-01
1.252500000000e+03 7.164424588011e-01
1.253000000000e+03 6.459338863652e-01
1.253500000000e+03 5.720462511594e-01
1.254000000000e+03 4.964869745999e-01
1.254500000000e+03 4.210015682684e-01
1.255000000000e+03 3.473324867414e-01
1.255500000000e+03 2.771781042009e-01
1.256000000000e+03 2.121528213654e-01
1.256500000000e+03 1.537492769459e-01
1.257000000000e+03 1.033035797841e-01
1.257500000000e+03 6.196439600160e-02
1.258000000000e+03 3.066662238374e-02
1.258500000000e+03 1.011025601838e-02
1.259000000000e+03 7.449345568443e-04
1.259500000000e+03 2.760475339540e-03
1.260000000000e+03 1.608358928887e-02
1.260500000000e+03 4.038079119046e-02
1.261000000000e+03 7.506737600495e-02
1.261500000000e+03 1.193221852123e-01
1.262000000000e+03 1.721077515906e-01
1.262500000000e+03 2.321952885834e-01
1.263000000000e+03 2.981938842387e-01
1.263500000000e+03 3.685831718749e-01
1.264000000000e+03 4.417486816615e-01
1.264500000000e+03 5.160190302067e-01
1.265000000000e+03 5.897040793372e-01
1.265500000000e+03 6.611331902733e-01
1.266000000000e+03 7.286927146169e-01
1.266500000000e+03 7.908618976530e-01
1.267000000000e+03 8.462464208035e-01
1.267500000000e+03 8.936088767282e-01
1.268000000000e+03 9.318955502486e-01
1.268500000000e+03 9.602589687752e-01
1.269000000000e+03 9.780757847526e-01
1.269500000000e+03 9.849596574598e-01
1.270000000000e+03 9.807689100071e-01
1.270500000000e+03 9.656088473576e-01
1.271000000000e+03 9.398287306431e-01
1.271500000000e+03 9.040135100756e-01
1.272000000000e+03 8.589705217285e-01
1.272500000000e+03 8.057114508648e-01
1.273000000000e+03 7.454299550101e-01
1.273500000000e+03 6.794754224951e-01
1.274000000000e+03 6.093234155972e-01
1.274500000000e+03 5.365434109132e-01
1.275000000000e+03 4.627645022420e-01
1.275500000000e+03 3.896397724345e-01
1.276000000000e+03 3.188100695909e-01
1.276500000000e+03 2.518679391535e-01
1.277000000000e+03 1.903224663094e-01
1.277500000000e+03 1.355657722581e-01
1.278000000000e+03 8.884188307601e-02
1.278500000000e+03 5.121865099957e-02
1.279000000000e+03 2.356335502569e-02
1.279500000000e+03 6.522541157079e-03
1.280000000000e+03 5.065830033693e-04
1.280500000000e+03 5.679351700352e-03
1.281000000000e+03 2.195328153846e-02
1.281500000000e+03 4.899000587053e-02
1.282000000000e+03 8.620661881270e-02
1.282500000000e+03 1.327874942475e-01
1.283000000000e+03 1.877014673233e-01
1.283500000000e+03 2.497240578690e-01
1.284000000000e+03 3.174642930118e-01
1.284500000000e+03 3.893955709292e-01
1.285000000000e+03 4.638899023146e-01
1.285500000000e+03 5.392547738783e-01
1.286000000000e+03 6.137718019545e-01
1.286500000000e+03 6.857362866596e-01
1.287000000000e+03 7.534967402152e-01
1.287500000000e+03 8.154934487736e-01
1.288000000000e+03 8.702951363787e-01
1.288500000000e+03 9.166328330717e-01
1.289000000000e+03 9.534301063675e-01
1.289500000000e+03 9.798288953465e-01
1.290000000000e+03 9.952102878146e-01
1.290500000000e+03 9.992097009658e-01
1.291000000000e+03 9.917260617614e-01
1.291500000000e+03 9.729247312537e-01
1.292000000000e+03 9.432340733838e-01
1.292500000000e+03 9.033357290497e-01
1.293000000000e+03 8.541488159952e-01
1.293500000000e+03 7.968084298487e-01
1.294000000000e+03 7.326389669701e-01
1.294500000000e+03 6.631229216028e-01
1.295000000000e+03 5.898659243688e-01
1.295500000000e+03 5.145588832097e-01
1.296000000000e+03 4.389381588887e-01
1.296500000000e+03 3.647447532024e-01
1.297000000000e+03 2.936835080759e-01
1.297500000000e+03 2.273833072968e-01
1.298000000000e+03 1.673592403947e-01
1.298500000000e+03 1.149776311826e-01
1.299000000000e+03 7.142475383629e-02
1.299500000000e+03 3.767995954537e-02
1.300000000000e+03 1.449381994735e-02
1.300500000000e+03 2.371763196152e-03
1.301000000000e+03 1.563538483647e-03
1.301500000000e+03 1.205869909616e-02
1.302000000000e+03 3.358814663306e-02
1.302500000000e+03 6.563163376813e-02
1.303000000000e+03 1.074309835725e-01
1.303500000000e+03 1.580086532932e-01
1.304000000000e+03 2.161911525970e-01
1.304500000000e+03 2.806367230447e-01
1.305000000000e+03 3.498665990275e-01
1.305500000000e+03 4.222991018925e-01
1.306000000000e+03 4.962857694535e-01
1.306500000000e+03 5.701486928068e-01
1.307000000000e+03 6.422182212697e-01
1.307500000000e+03 7.108702036370e-01
1.308000000000e+03 7.745619588705e-01
1.308500000000e+03 8.318662104918e-01
1.309000000000e+03 8.815022746979e-01
1.309500000000e+03 9.223638608730e-01
1.310000000000e+03 9.535429228070e-01
1.310500000000e+03 9.743490876421e-01
1.311000000000e+03 9.843242853582e-01
1.311500000000e+03 9.832523026123e-01
1.312000000000e+03 9.711630890581e-01
1.312500000000e+03 9.483317501380e-01
1.313000000000e+03 9.152722660491e-01
1.313500000000e+03 8.727260805442e-01
1.314000000000e+03 8.216458039126e-01
1.314500000000e+03 7.631743704371e-01
1.315000000000e+03 6.986200804758e-01
1.315500000000e+03 6.294280397083e-01
1.316000000000e+03 5.571485817461e-01
1.316500000000e+03 4.834033239951e-01
1.317000000000e+03 4.098495591326e-01
1.317500000000e+03 3.381437247819e-01
1.318000000000e+03 2.699047207565e-01
1.318500000000e+03 2.066778558410e-01
1.319000000000e+03 1.499002035294e-01
1.319500000000e+03 1.008681280613e-01
1.320000000000e+03 6.070770799149e-02
1.320500000000e+03 3.034873450739e-02
1.321000000000e+03 1.050289598656e-02
1.321500000000e+03 1.646679564210e-03
1.322000000000e+03 4.009425856092e-03
1.322500000000e+03 1.756686592002e-02
1.323000000000e+03 4.204035195586e-02
1.323500000000e+03 7.690186746130e-02
1.324000000000e+03 1.213847712268e-01
1.324500000000e+03 1.745000956916e-01
1.325000000000e+03 2.350580869885e-01
1.325500000000e+03 3.016945449336e-01
1.326000000000e+03 3.729013996452e-01
1.326500000000e+03 4.470608509340e-01
1.327000000000e+03 5.224823002682e-01
1.327500000000e+03 5.974412260123e-01
1.328000000000e+03 6.702190934260e-01
1.328500000000e+03 7.391433536429e-01
1.329000000000e+03 8.026265721882e-01
1.329500000000e+03 8.592037383490e-01
1.330000000000e+03 9.075668422406e-01
1.330500000000e+03 9.465958660497e-01
1.331000000000e+03 9.753854185969e-01
1.331500000000e+03 9.932663459750e-01
1.332000000000e+03 9.998217730776e-01
1.332500000000e+03 9.948971680657e-01
1.333000000000e+03 9.786041705898e-01
1.333500000000e+03 9.513180808058e-01
1.334000000000e+03 9.136690655805e-01
1.334500000000e+03 8.665272963581e-01
1.335000000000e+03 8.109823855477e-01
1.335500000000e+03 7.483176307818e-01
1.336000000000e+03 6.799797050715e-01
1.336500000000e+03 6.075445422594e-01
1.337000000000e+03 5.326802583319e-01
1.337500000000e+03 4.571080177514e-01
1.338000000000e+03 3.825617984459e-01
1.338500000000e+03 3.107480284943e-01
1.339000000000e+03 2.433060618252e-01
1.339500000000e+03 1.817704298958e-01
1.340000000000e+03 1.275357527112e-01
1.340500000000e+03 8.182511756957e-02
1.341000000000e+03 4.566264001959e-02
1.341500000000e+03 1.985081167779e-02
1.342000000000e+03 4.953117001741e-03
1.342500000000e+03 1.282269375147e-03
1.343000000000e+03 8.894279539470e-03
1.343500000000e+03 2.758843014002e-02
1.344000000000e+03 5.691309242752e-02
1.344500000000e+03 9.617718828174e-02
1.345000000000e+03 1.444669757258e-01
1.345500000000e+03 2.006677216056e-01
1.346000000000e+03 2.634897233955e-01
1.346500000000e+03 3.314980549482e-01
1.347000000000e+03 4.031453398017e-01
1.347500000000e+03 4.768068012816e-01
1.348000000000e+03 5.508168015759e-01
1.348500000000e+03 6.235060622791e-01
1.349000000000e+03 6.932387562916e-01
1.349500000000e+03 7.584486748237e-01
1.350000000000e+03 8.176737026907e-01
1.350500000000e+03 8.695878790172e-01
1.351000000000e+03 9.130303775567e-01
1.351500000000e+03 9.470308097872e-01
1.352000000000e+03 9.708303331235e-01
1.352500000000e+03 9.838981345649e-01
1.353000000000e+03 9.859429551928e-01
1.353500000000e+03 9.769194215470e-01
1.354000000000e+03 9.570290544217e-01
1.354500000000e+03 9.267159323369e-01
1.355000000000e+03 8.866570942257e-01
1.355500000000e+03 8.377478720261e-01
1.356000000000e+03 7.810824471672e-01
1.356500000000e+03 7.179300237022e-01
1.357000000000e+03 6.497071032789e-01
1.357500000000e+03 5.779464316014e-01
1.358000000000e+03 5.042632606973e-01
1.358500000000e+03 4.303196346770e-01
1.359000000000e+03 3.577874569871e-01
1.359500000000e+03 2.883111331391e-01
1.360000000000e+03 2.234706032136e-01
1.360500000000e+03 1.647455820154e-01
1.361000000000e+03 1.134818109815e-01
1.361500000000e+03 7.086009422361e-02
1.362000000000e+03 3.786884160234e-02
1.362500000000e+03 1.528077469410e-02
1.363000000000e+03 3.634367920842e-03
1.363500000000e+03 3.220498205471e-03
1.364000000000e+03 1.407466413501e-02
1.364500000000e+03 3.597501196838e-02
1.365000000000e+03 6.844627361401e-02
1.365500000000e+03 1.107695839219e-01
1.366000000000e+03 1.619980046235e-01
1.366500000000e+03 2.209774435289e-01
1.367000000000e+03 2.863725237996e-01
1.367500000000e+03 3.566968328640e-01
1.368000000000e+03 4.303468674129e-01
1.368500000000e+03 5.056388931123e-01
1.369000000000e+03 5.808478582225e-01
1.369500000000e+03 6.542474416711e-01
1.370000000000e+03 7.241502802721e-01
1.370500000000e+03 7.889474080287e-01
1.371000000000e+03 8.471459535142e-01
1.371500000000e+03 8.974041790608e-01
1.372000000000e+03 9.385630072428e-01
1.372500000000e+03 9.696732643037e-01
1.373000000000e+03 9.900179747119e-01
1.373500000000e+03 9.991291630925e-01
1.374000000000e+03 9.967987561175e-01
1.374500000000e+03 9.830833238377e-01
1.375000000000e+03 9.583025533667e-01
1.375500000000e+03 9.230315036080e-01
1.376000000000e+03 8.780868435898e-01
1.376500000000e+03 8.245074248008e-01
1.377000000000e+03 7.635296757533e-01
1.377500000000e+03 6.965584312437e-01
1.378000000000e+03 6.251339162722e-01
1.378500000000e+03 5.508956926939e-01
1.379000000000e+03 4.755444433946e-01
1.379500000000e+03 4.008025126837e-01
1.380000000000e+03 3.283741420291e-01
1.380500000000e+03 2.599063371627e-01
1.381000000000e+03 1.969512765015e-01
1.381500000000e+03 1.409311231185e-01
1.382000000000e+03 9.310603476838e-02
1.382500000000e+03 5.454608105391e-02
1.383000000000e+03 2.610767627730e-02
1.383500000000e+03 8.415023787696e-03
1.384000000000e+03 1.846945752335e-03
1.384500000000e+03 6.529344480522e-03
1.385000000000e+03 2.233341085081e-02
1.385500000000e+03 4.887956515065e-02
1.386000000000e+03 8.554698863838e-02
1.386500000000e+03 1.314884831101e-01
1.387000000000e+03 1.856502830611e-01
1.387500000000e+03 2.467963428675e-01
1.388000000000e+03 3.135365314230e-01
1.388500000000e+03 3.843580904076e-01
1.389000000000e+03 4.576596507423e-01
1.389500000000e+03 5.317870557143e-01
1.390000000000e+03 6.050702089706e-01
1.390500000000e+03 6.758601513532e-01
1.391000000000e+03 7.425655721076e-01
1.391500000000e+03 8.036879770815e-01
1.392000000000e+03 8.578547684100e-01
1.392500000000e+03 9.038495361921e-01
1.393000000000e+03 9.406389217766e-01
1.393500000000e+03 9.673954833902e-01
1.394000000000e+03 9.835160767743e-01
1.394500000000e+03 9.886353547680e-01
1.395000000000e+03 9.826340890037e-01
1.395500000000e+03 9.656421223260e-01
1.396000000000e+03 9.380358705473e-01
1.396500000000e+03 9.004304047998e-01
1.397000000000e+03 8.536662590914e-01
1.397500000000e+03 7.987912196551e-01
1.398000000000e+03 7.370374611666e-01
1.398500000000e+03 6.697944977157e-01
1.399000000000e+03 5.985785113537e-01
1.399500000000e+03 5.249987059637e-01
1.400000000000e+03 4.507214070112e-01
1.400500000000e+03 3.774326865048e-01
1.401000000000e+03 3.068003354798e-01
1.401500000000e+03 2.404360320209e-01
1.402000000000e+03 1.798585601256e-01
1.402500000000e+03 1.264589227191e-01
1.403000000000e+03 8.146816060055e-02
1.403500000000e+03 4.592863805709e-02
1.404000000000e+03 2.066948597008e-02
1.404500000000e+03 6.286805579121e-03
1.405000000000e+03 3.129132307744e-03
1.405500000000e+03 1.128854129839e-02
1.406000000000e+03 3.059764717183e-02
1.406500000000e+03 6.063261299751e-02
1.407000000000e+03 1.007221408585e-01
1.407500000000e+03 1.499622722929e-01
1.408000000000e+03 2.072366850134e-01
1.408500000000e+03 2.712420363737e-01
1.409000000000e+03 3.405177777832e-01
1.409500000000e+03 4.134797511071e-01
1.410000000000e+03 4.884567812477e-01
1.410500000000e+03 5.637294013349e-01
1.411000000000e+03 6.375697905463e-01
1.411500000000e+03 7.082819712006e-01
1.412000000000e+03 7.742413025241e-01
1.412500000000e+03 8.339323236984e-01
1.413000000000e+03 8.859840381772e-01
1.413500000000e+03 9.292017938020e-01
1.414000000000e+03 9.625949972693e-01
1.414500000000e+03 9.854000047463e-01
1.415000000000e+03 9.970976500744e-01
1.415500000000e+03 9.974250048154e-01
1.416000000000e+03 9.863811067268e-01
1.416500000000e+03 9.642265413318e-01
1.417000000000e+03 9.314769110821e-01
1.417500000000e+03 8.888903742817e-01
1.418000000000e+03 8.374495776344e-01
1.418500000000e+03 7.783384384240e-01
1.419000000000e+03 7.129143516570e-01
1.419500000000e+03 6.426765012531e-01
1.420000000000e+03 5.692310401249e-01
1.420500000000e+03 4.942539700527e-01
1.421000000000e+03 4.194525973352e-01
1.421500000000e+03 3.465264637396e-01
1.422000000000e+03 2.771286541152e-01
1.422500000000e+03 2.128283628089e-01
1.423000000000e+03 1.550755615800e-01
1.423500000000e+03 1.051685537218e-01
1.424000000000e+03 6.422512418298e-02
1.424500000000e+03 3.315790606182e-02
1.425000000000e+03 1.265448220830e-02
1.425500000000e+03 3.162629447621e-03
1.426000000000e+03 4.880994900364e-03
1.426500000000e+03 1.775537166494e-02
1.427000000000e+03 4.148061751061e-02
1.427500000000e+03 7.550813776382e-02
1.428000000000e+03 1.190587347474e-01
1.428500000000e+03 1.711405132067e-01
1.429000000000e+03 2.305714262298e-01
1.429500000000e+03 2.960059510833e-01
1.430000000000e+03 3.659653007063e-01
1.430500000000e+03 4.388705057672e-01
1.431000000000e+03 5.130776452247e-01
1.431500000000e+03 5.869144611354e-01
1.432000000000e+03 6.587175666456e-01
1.432500000000e+03 7.268694450186e-01
1.433000000000e+03 7.898344423864e-01
1.433500000000e+03 8.461929774898e-01
1.434000000000e+03 8.946732277339e-01
1.434500000000e+03 9.341796018099e-01
1.435000000000e+03 9.638173741423e-01
1.435500000000e+03 9.829129344744e-01
1.436000000000e+03 9.910291957184e-01
1.436500000000e+03 9.879758032561e-01
1.437000000000e+03 9.738138974775e-01
1.437500000000e+03 9.488552964693e-01
1.438000000000e+03 9.136560853227e-01
1.438500000000e+03 8.690047201325e-01
1.439000000000e+03 8.159048759725e-01
1.439500000000e+03 7.555533863319e-01
1.440000000000e+03 6.893137341270e-01
1.440500000000e+03 6.186856587255e-01
1.441000000000e+03 5.452715370044e-01
1.441500000000e+03 4.707402768073e-01
1.442000000000e+03 3.967895260796e-01
1.442500000000e+03 3.251070485157e-01
1.443000000000e+03 2.573321452110e-01
1.443500000000e+03 1.950180102903e-01
1.444000000000e+03 1.395958962267e-01
1.444500000000e+03 9.234193124008e-02
1.445000000000e+03 5.434737720950e-02
1.445500000000e+03 2.649304280116e-02
1.446000000000e+03 9.428474433993e-03
1.446500000000e+03 3.556439327562e-03
1.447000000000e+03 9.023092547221e-03
1.447500000000e+03 2.571408670126e-02
1.448000000000e+03 5.325674191804e-02
1.448500000000e+03 9.102824851379e-02
1.449000000000e+03 1.381697290618e-01
1.449500000000e+03 1.936058441258e-01
1.450000000000e+03 2.560694905323e-01
1.450500000000e+03 3.241310162170e-01
1.451000000000e+03 3.962312648024e-01
1.451500000000e+03 4.707176690105e-01
1.452000000000e+03 5.458825373757e-01
1.452500000000e+03 6.200026254265e-01
1.453000000000e+03 6.913790518887e-01
1.453500000000e+03 7.583766134420e-01
1.454000000000e+03 8.194615680238e-01
1.454500000000e+03 8.732369962744e-01
1.455000000000e+03 9.184749121860e-01
1.455500000000e+03 9.541443756230e-01
1.456000000000e+03 9.794349588489e-01
1.456500000000e+03 9.937750338372e-01
1.457000000000e+03 9.968444737851e-01
1.457500000000e+03 9.885814976237e-01
1.458000000000e+03 9.691835268374e-01
1.458500000000e+03 9.391020660233e-01
1.459000000000e+03 8.990317587608e-01
1.459500000000e+03 8.498939051632e-01
1.460000000000e+03 7.928148537036e-01
1.460500000000e+03 7.290997947297e-01
1.461000000000e+03 6.602025839769e-01
1.461500000000e+03 5.876923092540e-01
1.462000000000e+03 5.132173807015e-01
1.462500000000e+03 4.384679734698e-01
1.463000000000e+03 3.651376806243e-01
1.463500000000e+03 2.948852433723e-01
1.464000000000e+03 2.292972156050e-01
1.464500000000e+03 1.698523909170e-01
1.465000000000e+03 1.178887737326e-01
1.465500000000e+03 7.457381339195e-02
1.466000000000e+03 4.087854269640e-02
1.466500000000e+03 1.755617235264e-02
1.467000000000e+03 5.125592180960e-03
1.467500000000e+03 3.860121028972e-03
1.468000000000e+03 1.378173241506e-02
1.468500000000e+03 3.466086438051e-02
1.469000000000e+03 6.602180220733e-02
1.469500000000e+03 1.071535039030e-01
1.470000000000e+03 1.571256229305e-01
1.470500000000e+03 2.148093727360e-01
1.471000000000e+03 2.789027752560e-01
1.471500000000e+03 3.479597426932e-01
1.472000000000e+03 4.204223601749e-01
1.472500000000e+03 4.946556679939e-01
1.473000000000e+03 5.689841874282e-01
1.473500000000e+03 6.417293946633e-01
1.474000000000e+03 7.112473240921e-01
1.474500000000e+03 7.759654758203e-01
1.475000000000e+03 8.344182129525e-01
1.475500000000e+03 8.852798621454e-01
1.476000000000e+03 9.273947757685e-01
1.476500000000e+03 9.598036751891e-01
1.477000000000e+03 9.817656712049e-01
1.477500000000e+03 9.927754481963e-01
1.478000000000e+03 9.925752015501e-01
1.478500000000e+03 9.811610313098e-01
1.479000000000e+03 9.587836165815e-01
1.479500000000e+03 9.259431224734e-01
1.480000000000e+03 8.833784214679e-01
1.480500000000e+03 8.320508412495e-01
1.481000000000e+03 7.731227781223e-01
1.481500000000e+03 7.079316361606e-01
1.482000000000e+03 6.379596642283e-01
1.482500000000e+03 5.648003630567e-01
1.483000000000e+03 4.901222200492e-01
1.483500000000e+03 4.156305980520e-01
1.484000000000e+03 3.430286540034e-01
1.484500000000e+03 2.739781925688e-01
1.485000000000e+03 2.100613675711e-01
1.485500000000e+03 1.527441297477e-01
1.486000000000e+03 1.033422830719e-01
1.486500000000e+03 6.299095433579e-02
1.487000000000e+03 3.261820301997e-02
1.487500000000e+03 1.292340251778e-02
1.488000000000e+03 4.360911777057e-03
1.488500000000e+03 7.129431157343e-03
1.489000000000e+03 2.116730086506e-02
1.489500000000e+03 4.615385816284e-02
1.490000000000e+03 8.151682426700e-02
1.490500000000e+03 1.264455471632e-01
1.491000000000e+03 1.799097861696e-01
1.491500000000e+03 2.406835916027e-01
1.492000000000e+03 3.073737116049e-01
1.492500000000e+03 3.784518512572e-01
1.493000000000e+03 4.522900190698e-01
1.493500000000e+03 5.271981250181e-01
1.494000000000e+03 6.014629441336e-01
1.494500000000e+03 6.733875313473e-01
1.495000000000e+03 7.413301672617e-01
1.495500000000e+03 8.037419307353e-01
1.496000000000e+03 8.592020319336e-01
1.496500000000e+03 9.064500975752e-01
1.497000000000e+03 9.444146767795e-01
1.497500000000e+03 9.722373290816e-01
1.498000000000e+03 9.892917632899e-01
1.498500000000e+03 9.951976140975e-01
1.499000000000e+03 9.898285697873e-01
1.499500000000e+03 9.733146958145e-01
1.500000000000e+03 9.460389323994e-01
1.500500000000e+03 9.086278763996e-01
1.501000000000e+03 8.619370856790e-01
1.501500000000e+03 8.070312651610e-01
1.502000000000e+03 7.451598051867e-01
1.502500000000e+03 6.777282424522e-01
1.503000000000e+03 6.062662997184e-01
1.503500000000e+03 5.323932311157e-01
1.504000000000e+03 4.577812539913e-01
1.504500000000e+03 3.841178849805e-01
1.505000000000e+03 3.130680169727e-01
1.505500000000e+03 2.462365746225e-01
1.506000000000e+03 1.851325694301e-01
1.506500000000e+03 1.311353416189e-01
1.507000000000e+03 8.546372604637e-02
1.507500000000e+03 4.914881424572e-02
1.508000000000e+03 2.301090591621e-02
1.508500000000e+03 7.641152301709e-03
1.509000000000e+03 3.388292784720e-03
1.509500000000e+03 1.035077664763e-02
1.510000000000e+03 2.837444647540e-02
1.510500000000e+03 5.705584028905e-02
1.511000000000e+03 9.575104858871e-02
1.511500000000e+03 1.435899423662e-01
1.512000000000e+03 1.994954712642e-01
1.512500000000e+03 2.622076197445e-01
1.513000000000e+03 3.303115057255e-01
1.513500000000e+03 4.022690128368e-01
1.514000000000e+03 4.764532663491e-01
1.514500000000e+03 5.511851958116e-01
1.515000000000e+03 6.247713761141e-01
1.515500000000e+03 6.955423045352e-01
1.516000000000e+03 7.618902553306e-01
1.516500000000e+03 8.223058562726e-01
1.517000000000e+03 8.754125536053e-01
1.517500000000e+03 9.199981730203e-01
1.518000000000e+03 9.550428438367e-01
1.518500000000e+03 9.797426307434e-01
1.519000000000e+03 9.935283106172e-01
1.519500000000e+03 9.960788393200e-01
1.520000000000e+03 9.873291726330e-01
1.520500000000e+03 9.674722340457e-01
1.521000000000e+03 9.369549569919e-01
1.521500000000e+03 8.964684671873e-01
1.522000000000e+03 8.469326086347e-01
1.522500000000e+03 7.894751512224e-01
1.523000000000e+03 7.254061453010e-01
1.523500000000e+03 6.561880059098e-01
1.524000000000e+03 5.834020133689e-01
1.524500000000e+03 5.087120050793e-01
1.525000000000e+03 4.338261030970e-01
1.525500000000e+03 3.604573715981e-01
1.526000000000e+03 2.902843261875e-01
1.526500000000e+03 2.249122224513e-01
1.527000000000e+03 1.658360338290e-01
1.527500000000e+03 1.144059892512e-01
1.528000000000e+03 7.179648000700e-02
1.528500000000e+03 3.897906446839e-02
1.529000000000e+03 1.670020070002e-02
1.529500000000e+03 5.464223201224e-03
1.530000000000e+03 5.521953911729e-03
1.530500000000e+03 1.686520247800e-02
1.531000000000e+03 3.922727005222e-02
1.531500000000e+03 7.208942815705e-02
1.532000000000e+03 1.146932029782e-01
1.532500000000e+03 1.660581593819e-01
1.533000000000e+03 2.250047512395e-01
1.533500000000e+03 2.901816884198e-01
1.534000000000e+03 3.600971687093e-01
1.534500000000e+03 4.331532372600e-01
1.535000000000e+03 5.076824687709e-01
1.535500000000e+03 5.819861198163e-01
1.536000000000e+03 6.543728713308e-01
1.536500000000e+03 7.231972745669e-01
1.537000000000e+03 7.868970276295e-01
1.537500000000e+03 8.440282432422e-01
1.538000000000e+03 8.932979206275e-01
1.538500000000e+03 9.335929036248e-01
1.539000000000e+03 9.640046917059e-01
1.539500000000e+03 9.838495680016e-01
1.540000000000e+03 9.926836166214e-01
1.540500000000e+03 9.903123177302e-01
1.541000000000e+03 9.767945304890e-01
1.541500000000e+03 9.524407983504e-01
1.542000000000e+03 9.178060356837e-01
1.542500000000e+03 8.736767767041e-01
1.543000000000e+03 8.210532847512e-01
1.543500000000e+03 7.611269297669e-01
1.544000000000e+03 6.952533423140e-01
1.544500000000e+03 6.249219416728e-01
1.545000000000e+03 5.517225119178e-01
1.545500000000e+03 4.773095618557e-01
1.546000000000e+03 4.033652513808e-01
1.546500000000e+03 3.315616970994e-01
1.547000000000e+03 2.635234835934e-01
1.547500000000e+03 2.007912031343e-01
1.548000000000e+03 1.447868259567e-01
1.548500000000e+03 9.678166582587e-02
1.549000000000e+03 5.786765208378e-02
1.549500000000e+03 2.893255063738e-02
1.550000000000e+03 1.063969361606e-02
1.550500000000e+03 3.412682219224e-03
1.551000000000e+03 7.425421311000e-03
1.551500000000e+03 2.259772966854e-02
1.552000000000e+03 4.859664864871e-02
1.552500000000e+03 8.484344688535e-02
1.553000000000e+03 1.305261920416e-01
1.553500000000e+03 1.846176353353e-01
1.554000000000e+03 2.458980333194e-01
1.554500000000e+03 3.129824169785e-01
1.555000000000e+03 3.843517133338e-01
1.555500000000e+03 4.583870320180e-01
1.556000000000e+03 5.334063510433e-01
1.556500000000e+03 6.077027743982e-01
1.557000000000e+03 6.795834909150e-01
1.557500000000e+03 7.474085404890e-01
1.558000000000e+03 8.096284910601e-01
1.558500000000e+03 8.648201483492e-01
1.559000000000e+03 9.117194599552e-01
1.559500000000e+03 9.492508355996e-01
1.560000000000e+03 9.765521847485e-01
1.560500000000e+03 9.929950699640e-01
1.561000000000e+03 9.981994868911e-01
1.561500000000e+03 9.920429071681e-01
1.562000000000e+03 9.746633557220e-01
1.562500000000e+03 9.464564355633e-01
1.563000000000e+03 9.080663577807e-01
1.563500000000e+03 8.603711782773e-01
1.564000000000e+03 8.044625822334e-01
1.564500000000e+03 7.416206887166e-01
1.565000000000e+03 6.732844678716e-01
1.565500000000e+03 6.010184686837e-01
1.566000000000e+03 5.264766435741e-01
1.566500000000e+03 4.513641249469e-01
1.567000000000e+03 3.773978563999e-01
1.567500000000e+03 3.062670065948e-01
1.568000000000e+03 2.395940961573e-01
1.568500000000e+03 1.788977475198e-01
1.569000000000e+03 1.255579250609e-01
1.569500000000e+03 8.078446946193e-02
1.570000000000e+03 4.558964770712e-02
1.570500000000e+03 2.076534090837e-02
1.571000000000e+03 6.865378809091e-03
1.571500000000e+03 4.193405399050e-03
1.572000000000e+03 1.279652783761e-02
1.572500000000e+03 3.246486414644e-02
1.573000000000e+03 6.273696733001e-02
1.573500000000e+03 1.029109680354e-01
1.574000000000e+03 1.520611477760e-01
1.574500000000e+03 2.090595330758e-01
1.575000000000e+03 2.726019903409e-01
1.575500000000e+03 3.412382041171e-01
1.576000000000e+03 4.134048396480e-01
1.576500000000e+03 4.874611257149e-01
1.577000000000e+03 5.617260468269e-01
1.577500000000e+03 6.345163054116e-01
1.578000000000e+03 7.041842050938e-01
1.578500000000e+03 7.691546150672e-01
1.579000000000e+03 8.279602025244e-01
1.579500000000e+03 8.792741640347e-01
1.580000000000e+03 9.219397464707e-01
1.580500000000e+03 9.549959220507e-01
1.581000000000e+03 9.776986685117e-01
1.581500000000e+03 9.895374024709e-01
1.582000000000e+03 9.902462195951e-01
1.582500000000e+03 9.798097071238e-01
1.583000000000e+03 9.584632103655e-01
1.583500000000e+03 9.266875527607e-01
1.584000000000e+03 8.851983267404e-01
1.584500000000e+03 8.349299876720e-01
1.585000000000e+03 7.770150935458e-01
1.585500000000e+03 7.127591365917e-01
1.586000000000e+03 6.436115077989e-01
1.586500000000e+03 5.711332194325e-01
1.587000000000e+03 4.969620824581e-01
1.587500000000e+03 4.227760937512e-01
1.588000000000e+03 3.502558307525e-01
1.588500000000e+03 2.810466778159e-01
1.589000000000e+03 2.167217180071e-01
1.589500000000e+03 1.587461160855e-01
1.590000000000e+03 1.084437926020e-01
1.590500000000e+03 6.696714566883e-02
1.591000000000e+03 3.527051648438e-02
1.591500000000e+03 1.408801804992e-02
1.592000000000e+03 3.916254958817e-03
1.592500000000e+03 5.002357360427e-03
1.593000000000e+03 1.733763620158e-02
1.593500000000e+03 4.065704201386e-02
1.594000000000e+03 7.444447850509e-02
1.594500000000e+03 1.179438879464e-01
1.595000000000e+03 1.701758909180e-01
1.595500000000e+03 2.299596316220e-01
1.596000000000e+03 2.959393549116e-01
1.596500000000e+03 3.666151256471e-01
1.597000000000e+03 4.403769979875e-01
1.597500000000e+03 5.155418546278e-01
1.598000000000e+03 5.903920661800e-01
1.598500000000e+03 6.632150710967e-01
1.599000000000e+03 7.323429481691e-01
1.599500000000e+03 7.961910479053e-01
1.600000000000e+03 8.532947663447e-01
1.600500000000e+03 9.023435849964e-01
1.601000000000e+03 9.422115628198e-01
1.601500000000e+03 9.719835490180e-01
1.602000000000e+03 9.909764870028e-01
1.602500000000e+03 9.987552975862e-01
1.603000000000e+03 9.951429603353e-01
1.603500000000e+03 9.802245526686e-01
1.604000000000e+03 9.543451530489e-01
1.604500000000e+03 9.181016636720e-01
1.605000000000e+03 8.723287554728e-01
1.605500000000e+03 8.180792802405e-01
1.606000000000e+03 7.565996274279e-01
1.606500000000e+03 6.893006235073e-01
1.607000000000e+03 6.177246764023e-01
1.607500000000e+03 5.435099540360e-01
1.608000000000e+03 4.683524523949e-01
1.608500000000e+03 3.939668531503e-01
1.609000000000e+03 3.220470931034e-01
1.609500000000e+03 2.542275671165e-01
1.610000000000e+03 1.920458633353e-01
1.610500000000e+03 1.369078851876e-01
1.611000000000e+03 9.005615053528e-02
1.611500000000e+03 5.254197628825e-02
1.612000000000e+03 2.520215929006e-02
1.612500000000e+03 8.640653971597e-03
1.613000000000e+03 3.215627131026e-03
1.613500000000e+03 9.032143324258e-03
1.614000000000e+03 2.594060386493e-02
1.614500000000e+03 5.354093146036e-02
1.615000000000e+03 9.119236404387e-02
1.615500000000e+03 1.380285982176e-01
1.616000000000e+03 1.929779074751e-01
1.616500000000e+03 2.547877553052e-01
1.617000000000e+03 3.220533303795e-01
1.617500000000e+03 3.932493518751e-01
1.618000000000e+03 4.667644288955e-01
1.618500000000e+03 5.409372097833e-01
1.619000000000e+03 6.140935254874e-01
1.619500000000e+03 6.845837162278e-01
1.620000000000e+03 7.508193324449e-01
1.620500000000e+03 8.113084190809e-01
1.621000000000e+03 8.646886259266e-01
1.621500000000e+03 9.097574353019e-01
1.622000000000e+03 9.454988605869e-01
1.622500000000e+03 9.711060438836e-01
1.623000000000e+03 9.859992669070e-01
1.623500000000e+03 9.898389845481e-01
1.624000000000e+03 9.825335937043e-01
1.624500000000e+03 9.642417591305e-01
1.625000000000e+03 9.353692313036e-01
1.625500000000e+03 8.965602065998e-01
1.626000000000e+03 8.486833953907e-01
1.626500000000e+03 7.928130767860e-01
1.627000000000e+03 7.302055275624e-01
1.627500000000e+03 6.622713150899e-01
1.628000000000e+03 5.905440376580e-01
1.628500000000e+03 5.166461784352e-01
1.629000000000e+03 4.422528093617e-01
1.629500000000e+03 3.690539367943e-01
1.630000000000e+03 2.987163200254e-01
1.630500000000e+03 2.328456156643e-01
1.631000000000e+03 1.729497041263e-01
1.631500000000e+03 1.204040386470e-01
1.632000000000e+03 7.641982195578e-02
1.632500000000e+03 4.201576134155e-02
1.633000000000e+03 1.799407995998e-02
1.633500000000e+03 4.921372084048e-03
1.634000000000e+03 3.114784302092e-03
1.634500000000e+03 1.263388551591e-02
1.635000000000e+03 3.327845863977e-02
1.635500000000e+03 6.459230908193e-02
1.636000000000e+03 1.058730427062e-01
1.636500000000e+03 1.561876225563e-01
1.637000000000e+03 2.143933728073e-01
1.637500000000e+03 2.791639639380e-01
1.638000000000e+03 3.490197885244e-01
1.638500000000e+03 4.223620258929e-01
1.639000000000e+03 4.975095991265e-01
1.639500000000e+03 5.727381524687e-01
1.640000000000e+03 6.463201231469e-01
1.640500000000e+03 7.165649507454e-01
1.641000000000e+03 7.818584605678e-01
1.641500000000e+03 8.407004751894e-01
1.642000000000e+03 8.917397504157e-01
1.642500000000e+03 9.338053969562e-01
1.643000000000e+03 9.659340357065e-01
1.643500000000e+03 9.873920402341e-01
1.644000000000e+03 9.976923420440e-01
1.644500000000e+03 9.966054091553e-01
1.645000000000e+03 9.841641527607e-01
1.645500000000e+03 9.606626663878e-01
1.646000000000e+03 9.266488529945e-01
1.646500000000e+03 8.829111438099e-01
1.647000000000e+03 8.304596546021e-01
1.647500000000e+03 7.705022567519e-01
1.648000000000e+03 7.044161587997e-01
1.648500000000e+03 6.337156961201e-01
1.649000000000e+03 5.600171097817e-01
1.649500000000e+03 4.850011586684e-01
1.650000000000e+03 4.103744504513e-01
1.650500000000e+03 3.378303964628e-01
1.651000000000e+03 2.690106929557e-01
1.651500000000e+03 2.054682073377e-01
1.652000000000e+03 1.486321038866e-01
1.652500000000e+03 9.977598083006e-02
1.653000000000e+03 5.998971156053e-02
1.653500000000e+03 3.015558953967e-02
1.654000000000e+03 1.092927169760e-02
1.654500000000e+03 2.725901643631e-03
1.655000000000e+03 5.711674565516e-03
1.655500000000e+03 1.980098315898e-02
1.656000000000e+03 4.465916098989e-02
1.656500000000e+03 7.971071898393e-02
1.657000000000e+03 1.241528546390e-01
1.657500000000e+03 1.769739042701e-01
1.658000000000e+03 2.369763080364e-01
1.658500000000e+03 3.028035673296e-01
1.659000000000e+03 3.729705957413e-01
1.659500000000e+03 4.458967993492e-01
1.660000000000e+03 5.199411703678e-01
1.660500000000e+03 5.934386409382e-01
1.661000000000e+03 6.647369212742e-01
1.661500000000e+03 7.322330388901e-01
1.662000000000e+03 7.944088029536e-01
1.662500000000e+03 8.498644399913e-01
1.663000000000e+03 8.973496835671e-01
1.663500000000e+03 9.357916508052e-01
1.664000000000e+03 9.643189018627e-01
1.664500000000e+03 9.822811538006e-01
1.665000000000e+03 9.892642066315e-01
1.665500000000e+03 9.850997353363e-01
1.666000000000e+03 9.698697058418e-01
1.666500000000e+03 9.439052836199e-01
1.667000000000e+03 9.077802188329e-01
1.667500000000e+03 8.622988097062e-01
1.668000000000e+03 8.084786637942e-01
1.668500000000e+03 7.475285926880e-01
1.669000000000e+03 6.808220868944e-01
1.669500000000e+03 6.098669216677e-01
1.670000000000e+03 5.362715388666e-01
1.670500000000e+03 4.617089320263e-01
1.671000000000e+03 3.878788294189e-01
1.671500000000e+03 3.164690208563e-01
1.672000000000e+03 2.491167065451e-01
1.672500000000e+03 1.873707589879e-01
1.673000000000e+03 1.326557808002e-01
1.673500000000e+03 8.623881183368e-02
1.674000000000e+03 4.919948827520e-02
1.674500000000e+03 2.240438502167e-02
1.675000000000e+03 6.486181916423e-03
1.675500000000e+03 1.828186101833e-03
1.676000000000e+03 8.554619264963e-03
1.676500000000e+03 2.652694274707e-02
1.677000000000e+03 5.534634871455e-02
1.677500000000e+03 9.436239550894e-02
1.678000000000e+03 1.426876138507e-01
1.678500000000e+03 1.992177617875e-01
1.679000000000e+03 2.626572642730e-01
1.679500000000e+03 3.315492419247e-01
1.680000000000e+03 4.043094165700e-01
1.680500000000e+03 4.792630819812e-01
1.681000000000e+03 5.546842495439e-01
1.681500000000e+03 6.288360227644e-01
1.682000000000e+03 7.000112231836e-01
1.682500000000e+03 7.665722842298e-01
1.683000000000e+03 8.269894490339e-01
1.683500000000e+03 8.798763526885e-01
1.684000000000e+03 9.240221374740e-01
1.684500000000e+03 9.584193392694e-01
1.685000000000e+03 9.822868920650e-01
1.685500000000e+03 9.950877221225e-01
1.686000000000e+03 9.965405402598e-01
1.686500000000e+03 9.866255861896e-01
1.687000000000e+03 9.655842287596e-01
1.687500000000e+03 9.339124762568e-01
1.688000000000e+03 8.923485976761e-01
1.688500000000e+03 8.418551952187e-01
1.689000000000e+03 7.835961968334e-01
1.689500000000e+03 7.189093522419e-01
1.690000000000e+03 6.492749140995e-01
1.690500000000e+03 5.762812656051e-01
1.691000000000e+03 5.015883156443e-01
1.691500000000e+03 4.268895215002e-01
1.692000000000e+03 3.538734170433e-01
1.692500000000e+03 2.841855214444e-01
1.693000000000e+03 2.193914805918e-01
1.693500000000e+03 1.609422518720e-01
1.694000000000e+03 1.101420843713e-01
1.694500000000e+03 6.811997296578e-02
1.695000000000e+03 3.580517825789e-02
1.695500000000e+03 1.390730740345e-02
1.696000000000e+03 2.901345883882e-03
1.696500000000e+03 3.017919777449e-03
1.697000000000e+03 1.423895439638e-02
1.697500000000e+03 3.629878068202e-02
1.698000000000e+03 6.869062760189e-02
1.698500000000e+03 1.106783290251e-01
1.699000000000e+03 1.613129689783e-01
1.699500000000e+03 2.194540914489e-01
1.700000000000e+03 2.837950114624e-01
1.700500000000e+03 3.528916843140e-01
1.701000000000e+03 4.251945206083e-01
1.701500000000e+03 4.990824772331e-01
1.702000000000e+03 5.728987092432e-01
1.702500000000e+03 6.449870356102e-01
1.703000000000e+03 7.137284533692e-01
1.703500000000e+03 7.775769303788e-01
1.704000000000e+03 8.350937168250e-01
1.704500000000e+03 8.849794399408e-01
1.705000000000e+03 9.261032851374e-01
1.705500000000e+03 9.575286194597e-01
1.706000000000e+03 9.785344796457e-01
1.706500000000e+03 9.886324262160e-01
1.707000000000e+03 9.875783560411e-01
1.707500000000e+03 9.753789673169e-01
1.708000000000e+03 9.522926813021e-01
1.708500000000e+03 9.188249425668e-01
1.709000000000e+03 8.757179416806e-01
1.709500000000e+03 8.239349287704e-01
1.710000000000e+03 7.646394104887e-01
1.710500000000e+03 6.991696437779e-01
1.711000000000e+03 6.290089544678e-01
1.711500000000e+03 5.557525141041e-01
1.712000000000e+03 4.810713016519e-01
1.712500000000e+03 4.066740549617e-01
1.713000000000e+03 3.342680776880e-01
1.713500000000e+03 2.655198084409e-01
1.714000000000e+03 2.020160787279e-01
1.714500000000e+03 1.452269833428e-01
1.715000000000e+03 9.647126080881e-02
1.715500000000e+03 5.688503221260e-02
1.716000000000e+03 2.739467504720e-02
1.716500000000e+03 8.694515808058e-03
1.717000000000e+03 1.229913197238e-03
1.717500000000e+03 5.186175464135e-03
1.718000000000e+03 2.048361388769e-02
1.718500000000e+03 4.677888337192e-02
1.719000000000e+03 8.347260459853e-02
1.719500000000e+03 1.297231044227e-01
1.720000000000e+03 1.844659566234e-01
1.720500000000e+03 2.464388579675e-01
1.721000000000e+03 3.142112390841e-01
1.721500000000e+03 3.862178895833e-01
1.722000000000e+03 4.607957756854e-01
1.722500000000e+03 5.362231490671e-01
1.723000000000e+03 6.107599899967e-01
1.723500000000e+03 6.826887974427e-01
1.724000000000e+03 7.503547345120e-01
1.724500000000e+03 8.122041591470e-01
1.725000000000e+03 8.668206166969e-01
1.725500000000e+03 9.129574411528e-01
1.726000000000e+03 9.495662032532e-01
1.726500000000e+03 9.758203535724e-01
1.727000000000e+03 9.911335336421e-01
1.727500000000e+03 9.951721646289e-01
1.728000000000e+03 9.878620670437e-01
1.728500000000e+03 9.693890124896e-01
1.729000000000e+03 9.401932555198e-01
1.729500000000e+03 9.009582364814e-01
1.730000000000e+03 8.525937811736e-01
1.730500000000e+03 7.962142470731e-01
1.731000000000e+03 7.331121759867e-01
1.731500000000e+03 6.647281070334e-01
1.732000000000e+03 5.926172801237e-01
1.732500000000e+03 5.184140174456e-01
1.733000000000e+03 4.437946081990e-01
1.733500000000e+03 3.704395400484e-01
1.734000000000e+03 2.999959196826e-01
1.734500000000e+03 2.340409055309e-01
1.735000000000e+03 1.740469392175e-01
1.735500000000e+03 1.213495103307e-01
1.736000000000e+03 7.711812327184e-02
1.736500000000e+03 4.233105730046e-02
1.737000000000e+03 1.775442344518e-02
1.737500000000e+03 3.925926699689e-03
1.738000000000e+03 1.143640994276e-03
1.738500000000e+03 9.459999755966e-03
1.739000000000e+03 2.868109836197e-02
1.739500000000e+03 5.837129823517e-02
1.740000000000e+03 9.786301741803e-02
1.740500000000e+03 1.462714907414e-01
1.741000000000e+03 2.025141856392e-01
1.741500000000e+03 2.653344686517e-01
1.742000000000e+03 3.333290339213e-01
1.742500000000e+03 4.049785298140e-01
1.743000000000e+03 4.786807543147e-01
1.743500000000e+03 5.527857351417e-01
1.744000000000e+03 6.256319676640e-01
1.744500000000e+03 6.955830536665e-01
1.745000000000e+03 7.610639676127e-01
1.745500000000e+03 8.205961751150e-01
1.746000000000e+03 8.728308413748e-01
1.746500000000e+03 9.165793958254e-01
1.747000000000e+03 9.508407631952e-01
1.747500000000e+03 9.748246305903e-01
1.748000000000e+03 9.879701944804e-01
1.748500000000e+03 9.899599197785e-01
1.749000000000e+03 9.807279443414e-01
1.749500000000e+03 9.604628744875e-01
1.750000000000e+03 9.296048385145e-01
1.750500000000e+03 8.888367932591e-01
1.751000000000e+03 8.390702107030e-01
1.751500000000e+03 7.814254044375e-01
1.752000000000e+03 7.172068861760e-01
1.752500000000e+03 6.478742670295e-01
1.753000000000e+03 5.750093335330e-01
1.753500000000e+03 5.002800310430e-01
1.754000000000e+03 4.254021740118e-01
1.754500000000e+03 3.520997708481e-01
1.755000000000e+03 2.820648983167e-01
1.755500000000e+03 2.169180846570e-01
1.756000000000e+03 1.581701606169e-01
1.756500000000e+03 1.071865127753e-01
1.757000000000e+03 6.515462393488e-02
1.757500000000e+03 3.305571191478e-02
1.758000000000e+03 1.164118229781e-02
1.758500000000e+03 1.414494967852e-03
1.759000000000e+03 2.618911480795e-03
1.759500000000e+03 1.523144404013e-02
1.760000000000e+03 3.896317103900e-02
1.760500000000e+03 7.326592310274e-02
1.761000000000e+03 1.173451818561e-01
1.761500000000e+03 1.701788757783e-01
1.762000000000e+03 2.305416079736e-01
1.762500000000e+03 2.970337137152e-01
1.763000000000e+03 3.681144249637e-01
1.763500000000e+03 4.421383181419e-01
1.764000000000e+03 5.173941428485e-01
1.764500000000e+03 5.921450750215e-01
1.765000000000e+03 6.646694094474e-01
1.765500000000e+03 7.333007040196e-01
1.766000000000e+03 7.964664113500e-01
1.766500000000e+03 8.527240812194e-01
1.767000000000e+03 9.007942880570e-01
1.767500000000e+03 9.395895288207e-01
1.768000000000e+03 9.682384452585e-01
1.768500000000e+03 9.861048473219e-01
1.769000000000e+03 9.928011477083e-01
1.769500000000e+03 9.881959573811e-01
1.770000000000e+03 9.724157345724e-01
1.770500000000e+03 9.458405214408e-01
1.771000000000e+03 9.090939396860e-01
1.771500000000e+03 8.630277457375e-01
1.772000000000e+03 8.087013647632e-01
1.772500000000e+03 7.473569282333e-01
1.773000000000e+03 6.803904302117e-01
1.773500000000e+03 6.093196914654e-01
1.774000000000e+03 5.357498769337e-01
1.774500000000e+03 4.613373507255e-01
1.775000000000e+03 3.877526735211e-01
1.775500000000e+03 3.166435505680e-01
1.776000000000e+03 2.495985250897e-01
1.776500000000e+03 1.881121829842e-01
1.777000000000e+03 1.335525914486e-01
1.777500000000e+03 8.713163806605e-02
1.778000000000e+03 4.987886953349e-02
1.778500000000e+03 2.261935216240e-02
1.779000000000e+03 5.955991186789e-03
1.779500000000e+03 2.566543842060e-04
1.780000000000e+03 5.646349105195e-03
1.780500000000e+03 2.200460203545e-02
1.781000000000e+03 4.896808937696e-02
1.781500000000e+03 8.593846304694e-02
1.782000000000e+03 1.320952173812e-01
1.782500000000e+03 1.864133420853e-01
1.783000000000e+03 2.476854122339e-01
1.783500000000e+03 3.145476763593e-01
1.784000000000e+03 3.855096206215e-01
1.784500000000e+03 4.589864120798e-01
1.785000000000e+03 5.333335588052e-01
1.785500000000e+03 6.068830703339e-01
1.786000000000e+03 6.779803602848e-01
1.786500000000e+03 7.450211051288e-01
1.787000000000e+03 8.064872603816e-01
1.787500000000e+03 8.609814387874e-01
1.788000000000e+03 9.072588752830e-01
1.788500000000e+03 9.442562409559e-01
1.789000000000e+03 9.711166230158e-01
1.789500000000e+03 9.872100595806e-01
1.790000000000e+03 9.921491060005e-01
1.790500000000e+03 9.857990122554e-01
1.791000000000e+03 9.682822067886e-01
1.791500000000e+03 9.399769087767e-01
1.792000000000e+03 9.015098255076e-01
1.792500000000e+03 8.537430311336e-01
1.793000000000e+03 7.977552641798e-01
1.793500000000e+03 7.348180200911e-01
1.794000000000e+03 6.663669480688e-01
1.794500000000e+03 5.939691846561e-01
1.795000000000e+03 5.192873663146e-01
1.795500000000e+03 4.440411562101e-01
1.796000000000e+03 3.699671935270e-01
1.796500000000e+03 2.987784243710e-01
1.797000000000e+03 2.321237996722e-01
1.797500000000e+03 1.715493263708e-01
1.798000000000e+03 1.184614328496e-01
1.798500000000e+03 7.409355856090e-02
1.799000000000e+03 3.947680197671e-02
1.799500000000e+03 1.541536235377e-02
1.800000000000e+03 2.467391838415e-03
1.800500000000e+03 9.317384105128e-04
1.801000000000e+03 1.084091082881e-02
1.801500000000e+03 3.196043831476e-02
1.802000000000e+03 6.379463466711e-02
1.802500000000e+03 1.055986134868e-01
1.803000000000e+03 1.563962428153e-01
1.803500000000e+03 2.150035782168e-01
1.804000000000e+03 2.800571772866e-01
1.804500000000e+03 3.500465794767e-01
1.805000000000e+03 4.233501360812e-01
1.805500000000e+03 4.982732987489e-01
1.806000000000e+03 5.730884227005e-01
1.806500000000e+03 6.460751139610e-01
1.807000000000e+03 7.155601485373e-01
1.807500000000e+03 7.799560150836e-01
1.808000000000e+03 8.377971798890e-01
1.808500000000e+03 8.877732421340e-01
1.809000000000e+03 9.287582357455e-01
1.809500000000e+03 9.598354389596e-01
1.810000000000e+03 9.803171705602e-01
1.810500000000e+03 9.897591791913e-01
1.811000000000e+03 9.879693655556e-01
1.811500000000e+03 9.750107131153e-01
1.812000000000e+03 9.511984376480e-01
1.812500000000e+03 9.170914964665e-01
1.813000000000e+03 8.734787213559e-01
1.813500000000e+03 8.213599527947e-01
1.814000000000e+03 7.619226546583e-01
1.814500000000e+03 6.965145767056e-01
1.815000000000e+03 6.266131054655e-01
1.815500000000e+03 5.537920018724e-01
1.816000000000e+03 4.796862657829e-01
1.816500000000e+03 4.059558932832e-01
1.817000000000e+03 3.342493028025e-01
1.817500000000e+03 2.661672009878e-01
1.818000000000e+03 2.032276399511e-01
1.818500000000e+03 1.468329846525e-01
1.819000000000e+03 9.823946405405e-02
1.819500000000e+03 5.852992322115e-02
1.820000000000e+03 2.859032707784e-02
1.820500000000e+03 9.090491080939e-03
1.821000000000e+03 4.694309803337e-04
1.821500000000e+03 2.925634210091e-03
1.822000000000e+03 1.641246056793e-02
1.822500000000e+03 4.063878095212e-02
1.823000000000e+03 7.507486134637e-02
1.823500000000e+03 1.189633963592e-01
1.824000000000e+03 1.713354939360e-01
1.824500000000e+03 2.310313119091e-01
1.825000000000e+03 2.967249495757e-01
1.825500000000e+03 3.669531051949e-01
1.826000000000e+03 4.401469251396e-01
1.826500000000e+03 5.146663942388e-01
1.827000000000e+03 5.888365515862e-01
1.827500000000e+03 6.609847636450e-01
1.828000000000e+03 7.294782485691e-01
1.828500000000e+03 7.927610239373e-01
1.829000000000e+03 8.493894458445e-01
1.829500000000e+03 8.980655215649e-01
1.830000000000e+03 9.376672113577e-01
1.830500000000e+03 9.672749876242e-01
1.831000000000e+03 9.861939911358e-01
1.831500000000e+03 9.939712135675e-01
1.832000000000e+03 9.904072415637e-01
1.832500000000e+03 9.755622180439e-01
1.833000000000e+03 9.497558088149e-01
1.833500000000e+03 9.135611037631e-01
1.834000000000e+03 8.677925284696e-01
1.834500000000e+03 8.134879902528e-01
1.835000000000e+03 7.518856283772e-01
1.835500000000e+03 6.843956774188e-01
1.836000000000e+03 6.125680814819e-01
1.836500000000e+03 5.380566112979e-01
1.837000000000e+03 4.625803326362e-01
1.837500000000e+03 3.878833498928e-01
1.838000000000e+03 3.156938006220e-01
1.838500000000e+03 2.476831033517e-01
1.839000000000e+03 1.854264611069e-01
1.839500000000e+03 1.303655964183e-01
1.840000000000e+03 8.377464065672e-02
1.840500000000e+03 4.673002267235e-02
1.841000000000e+03 2.008510099217e-02
1.841500000000e+03 4.450163075589e-03
1.842000000000e+03 1.782777379647e-04
1.842500000000e+03 7.357336771226e-03
1.843000000000e+03 2.580846332718e-02
1.843500000000e+03 5.509080230313e-02
1.844000000000e+03 9.451254639828e-02
1.844500000000e+03 1.431478952427e-01
1.845000000000e+03 1.998594983135e-01
1.845500000000e+03 2.633257992544e-01
1.846000000000e+03 3.320725831009e-01
1.846500000000e+03 4.045079317403e-01
1.847000000000e+03 4.789597188542e-01
1.847500000000e+03 5.537147251394e-01
1.848000000000e+03 6.270584285666e-01
1.848500000000e+03 6.973145227441e-01
1.849000000000e+03 7.628832385677e-01
1.849500000000e+03 8.222775887651e-01
1.850000000000e+03 8.741567199103e-01
1.850500000000e+03 9.173556394456e-01
1.851000000000e+03 9.509106835540e-01
1.851500000000e+03 9.740802021771e-01
1.852000000000e+03 9.863600569557e-01
1.852500000000e+03 9.874936530139e-01
1.853000000000e+03 9.774763531716e-01
1.853500000000e+03 9.565542502113e-01
1.854000000000e+03 9.252173964359e-01
1.854500000000e+03 8.841877073523e-01
1.855000000000e+03 8.344018656875e-01
1.855500000000e+03 7.769896511924e-01
1.856000000000e+03 7.132482093691e-01
1.856500000000e+03 6.446128471680e-01
1.857000000000e+03 5.726250051208e-01
1.857500000000e+03 4.988981027809e-01
1.858000000000e+03 4.250819875744e-01
1.858500000000e+03 3.528267362255e-01
1.859000000000e+03 2.837465630708e-01
1.859500000000e+03 2.193845812195e-01
1.860000000000e+03 1.611791410519e-01
1.860500000000e+03 1.104324367308e-01
1.861000000000e+03 6.828202573502e-02
1.861500000000e+03 3.567584973811e-02
1.862000000000e+03 1.335127818120e-02
1.862500000000e+03 1.818619516725e-03
1.863000000000e+03 1.349460245905e-03
1.863500000000e+03 1.197009960602e-02
1.864000000000e+03 3.346024924987e-02
1.864500000000e+03 6.535706383863e-02
1.865000000000e+03 1.069644616296e-01
1.865500000000e+03 1.573675855592e-01
1.866000000000e+03 2.154521468648e-01
1.866500000000e+03 2.799282869719e-01
1.867000000000e+03 3.493584913634e-01
1.867500000000e+03 4.221889937681e-01
1.868000000000e+03 4.967840225350e-01
1.868500000000e+03 5.714621659072e-01
1.869000000000e+03 6.445340712847e-01
1.869500000000e+03 7.143406476308e-01
1.870000000000e+03 7.792909117329e-01
1.870500000000e+03 8.378986097001e-01
1.871000000000e+03 8.888167558875e-01
1.871500000000e+03 9.308692631685e-01
1.872000000000e+03 9.630788910679e-01
1.872500000000e+03 9.846908113837e-01
1.873000000000e+03 9.951911833467e-01
1.873500000000e+03 9.943202404380e-01
1.874000000000e+03 9.820795163359e-01
1.874500000000e+03 9.587329752358e-01
1.875000000000e+03 9.248019585962e-01
1.875500000000e+03 8.810540124404e-01
1.876000000000e+03 8.284858126223e-01
1.876500000000e+03 7.683005557265e-01
1.877000000000e+03 7.018803262103e-01
1.877500000000e+03 6.307540819667e-01
1.878000000000e+03 5.565620166161e-01
1.878500000000e+03 4.810171542216e-01
1.879000000000e+03 4.058651075734e-01
1.879500000000e+03 3.328429824792e-01
1.880000000000e+03 2.636384358805e-01
1.880500000000e+03 1.998498942099e-01
1.881000000000e+03 1.429489102122e-01
1.881500000000e+03 9.424558207651e-02
1.882000000000e+03 5.485787986038e-02
1.882500000000e+03 2.568562299028e-02
1.883000000000e+03 7.389732125261e-03
1.883500000000e+03 3.772423363808e-04
1.884000000000e+03 4.792416399378e-03
1.884500000000e+03 2.051414122547e-02
1.885000000000e+03 4.715963157033e-02
1.885500000000e+03 8.409430756199e-02
1.886000000000e+03 1.304475606329e-01
1.886500000000e+03 1.851339801661e-01
1.887000000000e+03 2.468794842691e-01
1.887500000000e+03 3.142516856960e-01
1.888000000000e+03 3.856937307218e-01
1.888500000000e+03 4.595607765872e-01
1.889000000000e+03 5.341582233461e-01
1.889500000000e+03 6.077807891031e-01
1.890000000000e+03 6.787515136612e-01
1.890500000000e+03 7.454597937622e-01
1.891000000000e+03 8.063975922159e-01
1.891500000000e+03 8.601930213372e-01
1.892000000000e+03 9.056405761791e-01
1.892500000000e+03 9.417273825040e-01
1.893000000000e+03 9.676549255202e-01
1.893500000000e+03 9.828558353442e-01
1.894000000000e+03 9.870054209931e-01
1.894500000000e+03 9.800277637238e-01
1.895000000000e+03 9.620962999712e-01
1.895500000000e+03 9.336289415697e-01
1.896000000000e+03 8.952778940811e-01
1.896500000000e+03 8.479144409265e-01
1.897000000000e+03 7.926090599367e-01
1.897500000000e+03 7.306073284269e-01
1.898000000000e+03 6.633021518678e-01
1.898500000000e+03 5.922029186882e-01
1.899000000000e+03 5.189022390752e-01
1.899500000000e+03 4.450409683158e-01
1.900000000000e+03 3.722722448876e-01
1.900500000000e+03 3.022252900708e-01
1.901000000000e+03 2.364697190893e-01
1.901500000000e+03 1.764811038914e-01
1.902000000000e+03 1.236085046668e-01
1.902500000000e+03 7.904465133509e-02
1.903000000000e+03 4.379940789263e-02
1.903500000000e+03 1.867709211876e-02
1.904000000000e+03 4.258151314256e-03
1.904500000000e+03 8.856123445582e-04
1.905000000000e+03 8.656632205391e-03
1.905500000000e+03 2.741937490368e-02
1.906000000000e+03 5.677533308515e-02
1.906500000000e+03 9.608710029343e-02
1.907000000000e+03 1.444914839443e-01
1.907500000000e+03 2.009177323171e-01
1.908000000000e+03 2.641105334428e-01
1.908500000000e+03 3.326573323573e-01
1.909000000000e+03 4.050194084461e-01
1.909500000000e+03 4.795660592853e-01
1.910000000000e+03 5.546111541274e-01
1.910500000000e+03 6.284512516439e-01
1.911000000000e+03 6.994044249236e-01
1.911500000000e+03 7.658489041979e-01
1.912000000000e+03 8.262606357758e-01
1.912500000000e+03 8.792488654843e-01
1.913000000000e+03 9.235888869917e-01
1.913500000000e+03 9.582511496605e-01
1.914000000000e+03 9.824259964612e-01
1.914500000000e+03 9.955433984346e-01
1.915000000000e+03 9.972871663458e-01
1.915500000000e+03 9.876032498376e-01
1.916000000000e+03 9.667018764105e-01
1.916500000000e+03 9.350534332940e-01
1.917000000000e+03 8.933781507438e-01
1.917500000000e+03 8.426298012570e-01
1.918000000000e+03 7.839737812991e-01
1.918500000000e+03 7.187600861113e-01
1.919000000000e+03 6.484918198405e-01
1.919500000000e+03 5.747899988128e-01
1.920000000000e+03 4.993555019535e-01
1.920500000000e+03 4.239290961753e-01
1.921000000000e+03 3.502505140877e-01
1.921500000000e+03 2.800175849901e-01
1.922000000000e+03 2.148464173161e-01
1.922500000000e+03 1.562336015513e-01
1.923000000000e+03 1.055213481645e-01
1.923500000000e+03 6.386639692450e-02
1.924000000000e+03 3.221343451065e-02
1.924500000000e+03 1.127363957895e-02
1.925000000000e+03 1.508841864487e-03
1.925500000000e+03 3.121638352489e-03
1.926000000000e+03 1.605165914649e-02
1.926500000000e+03 3.997802258388e-02
1.927000000000e+03 7.432786758166e-02
1.927500000000e+03 1.182907051500e-01
1.928000000000e+03 1.708381942042e-01
1.928500000000e+03 2.307488225772e-01
1.929000000000e+03 2.966368653707e-01
1.929500000000e+03 3.669849017597e-01
1.930000000000e+03 4.401790998429e-01
1.930500000000e+03 5.145464282432e-01
1.931000000000e+03 5.883929234117e-01
1.931500000000e+03 6.600421328758e-01
1.932000000000e+03 7.278728664697e-01
1.932500000000e+03 7.903554187194e-01
1.933000000000e+03 8.460854745200e-01
1.933500000000e+03 8.938149752248e-01
1.934000000000e+03 9.324793011076e-01
1.934500000000e+03 9.612202165566e-01
1.935000000000e+03 9.794041239523e-01
1.935500000000e+03 9.866352785147e-01
1.936000000000e+03 9.827637270950e-01
1.936500000000e+03 9.678878466369e-01
1.937000000000e+03 9.423514706662e-01
1.937500000000e+03 9.067357026514e-01
1.938000000000e+03 8.618456216050e-01
1.938500000000e+03 8.086921861458e-01
1.939000000000e+03 7.484697369841e-01
1.939500000000e+03 6.825295830844e-01
1.940000000000e+03 6.123502324154e-01
1.940500000000e+03 5.395048932569e-01
1.941000000000e+03 4.656269255393e-01
1.941500000000e+03 3.923739629373e-01
1.942000000000e+03 3.213914546677e-01
1.942500000000e+03 2.542763907446e-01
1.943000000000e+03 1.925419752437e-01
1.943500000000e+03 1.375839987484e-01
1.944000000000e+03 9.064963338513e-02
1.944500000000e+03 5.280933182065e-02
1.945000000000e+03 2.493245549181e-02
1.945500000000e+03 7.667187700685e-03
1.946000000000e+03 1.425204871917e-03
1.946500000000e+03 6.371485203814e-03
1.947000000000e+03 2.241952965664e-02
1.947500000000e+03 4.923215736423e-02
1.948000000000e+03 8.622791817612e-02
1.948500000000e+03 1.325930414884e-01
1.949000000000e+03 1.872987153817e-01
1.949500000000e+03 2.491233661689e-01
1.950000000000e+03 3.166794887543e-01
1.950500000000e+03 3.884444657521e-01
1.951000000000e+03 4.627947111287e-01
1.951500000000e+03 5.380423851749e-01
1.952000000000e+03 6.124738546463e-01
1.952500000000e+03 6.843890172361e-01
1.953000000000e+03 7.521405753787e-01
1.953500000000e+03 8.141723320791e-01
1.954000000000e+03 8.690555921788e-01
1.954500000000e+03 9.155227863658e-01
1.955000000000e+03 9.524974922707e-01
1.955500000000e+03 9.791201059008e-01
1.956000000000e+03 9.947685160276e-01
1.956500000000e+03 9.990732515549e-01
1.957000000000e+03 9.919267044910e-01
1.957500000000e+03 9.734861755614e-01
1.958000000000e+03 9.441706419079e-01
1.958500000000e+03 9.046513026292e-01
1.959000000000e+03 8.558361138575e-01
1.959500000000e+03 7.988486763099e-01
1.960000000000e+03 7.350019806361e-01
1.960500000000e+03 6.657676453461e-01
1.961000000000e+03 5.927413951852e-01
1.961500000000e+03 5.176056212425e-01
1.962000000000e+03 4.420899354191e-01
1.962500000000e+03 3.679306792291e-01
1.963000000000e+03 2.968303690948e-01
1.963500000000e+03 2.304180568843e-01
1.964000000000e+03 1.702115558912e-01
1.964500000000e+03 1.175824296616e-01
1.965000000000e+03 7.372456592087e-02
1.965500000000e+03 3.962706268965e-02
1.966000000000e+03 1.605204130053e-02
1.966500000000e+03 3.517874867353e-03
1.967000000000e+03 2.288184347484e-03
1.967500000000e+03 1.236681149938e-02
1.968000000000e+03 3.349883263112e-02
1.968500000000e+03 6.517753285539e-02
1.969000000000e+03 1.066571212464e-01
1.969500000000e+03 1.569708361710e-01
1.970000000000e+03 2.149539701927e-01
1.970500000000e+03 2.792712378112e-01
1.971000000000e+03 3.484478190841e-01
1.971500000000e+03 4.209033394493e-01
1.972000000000e+03 4.949879918453e-01
1.972500000000e+03 5.690199721718e-01
1.973000000000e+03 6.413233832335e-01
1.973500000000e+03 7.102657652752e-01
1.974000000000e+03 7.742944321182e-01
1.974500000000e+03 8.319708298536e-01
1.975000000000e+03 8.820021883375e-01
1.975500000000e+03 9.232698029732e-01
1.976000000000e+03 9.548533634411e-01
1.976500000000e+03 9.760508353854e-01
1.977000000000e+03 9.863934984634e-01
1.977500000000e+03 9.856558476949e-01
1.978000000000e+03 9.738601726803e-01
1.978500000000e+03 9.512757390334e-01
1.979000000000e+03 9.184126064145e-01
1.979500000000e+03 8.760102260360e-01
1.980000000000e+03 8.250210656397e-01
1.980500000000e+03 7.665896101311e-01
1.981000000000e+03 7.020271796154e-01
1.981500000000e+03 6.327830920141e-01
1.982000000000e+03 5.604127733778e-01
1.982500000000e+03 4.865434839830e-01
1.983000000000e+03 4.128383811284e-01
1.983500000000e+03 3.409596791146e-01
1.984000000000e+03 2.725316920849e-01
1.984500000000e+03 2.091045555212e-01
1.985000000000e+03 1.521194165450e-01
1.985500000000e+03 1.028758612939e-01
1.986000000000e+03 6.250230959645e-02
1.986500000000e+03 3.193005292040e-02
1.987000000000e+03 1.187154182952e-02
1.987500000000e+03 2.803444749953e-03
1.988000000000e+03 4.954902019118e-03
1.988500000000e+03 1.830128966874e-02
1.989000000000e+03 4.256368816630e-02
1.989500000000e+03 7.721412485731e-02
1.990000000000e+03 1.214865278019e-01
1.990500000000e+03 1.743931960628e-01
1.991000000000e+03 2.347464604750e-01
1.991500000000e+03 3.011850827621e-01
1.992000000000e+03 3.722048228917e-01
1.992500000000e+03 4.461924980099e-01
1.993000000000e+03 5.214627642099e-01
1.993500000000e+03 5.962967775311e-01
1.994000000000e+03 6.689818353624e-01
1.994500000000e+03 7.378510657157e-01
1.995000000000e+03 8.013222210634e-01
1.995500000000e+03 8.579346462576e-01
1.996000000000e+03 9.063835266692e-01
1.996500000000e+03 9.455505824402e-01
1.997000000000e+03 9.745304564036e-01
1.997500000000e+03 9.926521448663e-01
1.998000000000e+03 9.994949395855e-01
1.998500000000e+03 9.948984827646e-01
1.999000000000e+03 9.789666813409e-01
1.999500000000e+03 9.520653782988e-01
2.000000000000e+03 9.148138331996e-01
