# time(fs)  P_B1(t)
0.000000000000e+00 3.553442095151e-31
5.000000000000e-01 3.321841647578e-07
1.000000000000e+00 5.276958300262e-06
1.500000000000e+00 2.639689489757e-05
2.000000000000e+00 8.203999848018e-05
2.500000000000e+00 1.960149865674e-04
3.000000000000e+00 3.958523805641e-04
3.500000000000e+00 7.107586709524e-04
4.000000000000e+00 1.169390000561e-03
4.500000000000e+00 1.797583364032e-03
5.000000000000e+00 2.616186564996e-03
5.500000000000e+00 3.639122923986e-03
6.000000000000e+00 4.871813323441e-03
6.500000000000e+00 6.310057437221e-03
7.000000000000e+00 7.939449186860e-03
7.500000000000e+00 9.735370221985e-03
8.000000000000e+00 1.166357142416e-02
8.500000000000e+00 1.368131811134e-02
9.000000000000e+00 1.573904182177e-02
9.500000000000e+00 1.778241222345e-02
1.000000000000e+01 1.975471854391e-02
1.050000000000e+01 2.159943233761e-02
1.100000000000e+01 2.326281338329e-02
1.150000000000e+01 2.469641855030e-02
1.200000000000e+01 2.585937961477e-02
1.250000000000e+01 2.672032978234e-02
1.300000000000e+01 2.725887916790e-02
1.350000000000e+01 2.746656538762e-02
1.400000000000e+01 2.734723512160e-02
1.450000000000e+01 2.691684419010e-02
1.500000000000e+01 2.620269544945e-02
1.550000000000e+01 2.524216378133e-02
1.600000000000e+01 2.408098389360e-02
1.650000000000e+01 2.277119809378e-02
1.700000000000e+01 2.136887649761e-02
1.750000000000e+01 1.993173055318e-02
1.800000000000e+01 1.851674199714e-02
1.850000000000e+01 1.717792356089e-02
1.900000000000e+01 1.596431549035e-02
1.950000000000e+01 1.491830419545e-02
2.000000000000e+01 1.407432738169e-02
2.050000000000e+01 1.345800533816e-02
2.100000000000e+01 1.308571229140e-02
2.150000000000e+01 1.296457652486e-02
2.200000000000e+01 1.309287486345e-02
2.250000000000e+01 1.346076749524e-02
2.300000000000e+01 1.405130403979e-02
2.350000000000e+01 1.484162202801e-02
2.400000000000e+01 1.580425490562e-02
2.450000000000e+01 1.690846829182e-02
2.500000000000e+01 1.812155011335e-02
2.550000000000e+01 1.940999164253e-02
2.600000000000e+01 2.074051136170e-02
2.650000000000e+01 2.208089071136e-02
2.700000000000e+01 2.340060879614e-02
2.750000000000e+01 2.467128063992e-02
2.800000000000e+01 2.586691929897e-02
2.850000000000e+01 2.696405492510e-02
2.900000000000e+01 2.794175283521e-02
2.950000000000e+01 2.878157720906e-02
3.000000000000e+01 2.946754696957e-02
3.050000000000e+01 2.998612582243e-02
3.100000000000e+01 3.032627981417e-02
3.150000000000e+01 3.047962388701e-02
3.200000000000e+01 3.044066479539e-02
3.250000000000e+01 3.020713260588e-02
3.300000000000e+01 2.978037811977e-02
3.350000000000e+01 2.916580021742e-02
3.400000000000e+01 2.837325650347e-02
3.450000000000e+01 2.741740371978e-02
3.500000000000e+01 2.631791190923e-02
3.550000000000e+01 2.509949865816e-02
3.600000000000e+01 2.379173695919e-02
3.650000000000e+01 2.242860199626e-02
3.700000000000e+01 2.104773778478e-02
3.750000000000e+01 1.968944311832e-02
3.800000000000e+01 1.839539644917e-02
3.850000000000e+01 1.720715976849e-02
3.900000000000e+01 1.616452078710e-02
3.950000000000e+01 1.530374931464e-02
4.000000000000e+01 1.465585638785e-02
4.050000000000e+01 1.424495232658e-02
4.100000000000e+01 1.408680172229e-02
4.150000000000e+01 1.418766897559e-02
4.200000000000e+01 1.454353738834e-02
4.250000000000e+01 1.513976838594e-02
4.300000000000e+01 1.595124600079e-02
4.350000000000e+01 1.694302644706e-02
4.400000000000e+01 1.807148490594e-02
4.450000000000e+01 1.928592316961e-02
4.500000000000e+01 2.053057430627e-02
4.550000000000e+01 2.174691574511e-02
4.600000000000e+01 2.287618174873e-02
4.650000000000e+01 2.386195152603e-02
4.700000000000e+01 2.465268129835e-02
4.750000000000e+01 2.520404813113e-02
4.800000000000e+01 2.548098049833e-02
4.850000000000e+01 2.545926510749e-02
4.900000000000e+01 2.512664076687e-02
4.950000000000e+01 2.448331688701e-02
5.000000000000e+01 2.354188508032e-02
5.050000000000e+01 2.232662548465e-02
5.100000000000e+01 2.087224295431e-02
5.150000000000e+01 1.922210014821e-02
5.200000000000e+01 1.742604288767e-02
5.250000000000e+01 1.553793623382e-02
5.300000000000e+01 1.361304612496e-02
5.350000000000e+01 1.170541008633e-02
5.400000000000e+01 9.865340903987e-03
5.450000000000e+01 8.137199163179e-03
5.500000000000e+01 6.557554616696e-03
5.550000000000e+01 5.153833381065e-03
5.600000000000e+01 3.943519296956e-03
5.650000000000e+01 2.933945126568e-03
5.700000000000e+01 2.122674534140e-03
5.750000000000e+01 1.498441077760e-03
5.800000000000e+01 1.042577808137e-03
5.850000000000e+01 7.308424786650e-04
5.900000000000e+01 5.355205354575e-04
5.950000000000e+01 4.276723444945e-04
6.000000000000e+01 3.793834634503e-04
6.050000000000e+01 3.658776281124e-04
6.100000000000e+01 3.673614316570e-04
6.150000000000e+01 3.704868518193e-04
6.200000000000e+01 3.693417724008e-04
6.250000000000e+01 3.659079865269e-04
6.300000000000e+01 3.699590732810e-04
6.350000000000e+01 3.984050090557e-04
6.400000000000e+01 4.741243234988e-04
6.450000000000e+01 6.243559893991e-04
6.500000000000e+01 8.787501621759e-04
6.550000000000e+01 1.267197751826e-03
6.600000000000e+01 1.817572387407e-03
6.650000000000e+01 2.553523838818e-03
6.700000000000e+01 3.492459103984e-03
6.750000000000e+01 4.643836371010e-03
6.800000000000e+01 6.007878635555e-03
6.850000000000e+01 7.574789049210e-03
6.900000000000e+01 9.324520621073e-03
6.950000000000e+01 1.122712049234e-02
7.000000000000e+01 1.324363561389e-02
7.050000000000e+01 1.532753428125e-02
7.100000000000e+01 1.742656853816e-02
7.150000000000e+01 1.948497766784e-02
7.200000000000e+01 2.144591426559e-02
7.250000000000e+01 2.325396275754e-02
7.300000000000e+01 2.485761628326e-02
7.350000000000e+01 2.621158170618e-02
7.400000000000e+01 2.727879379195e-02
7.450000000000e+01 2.803203749442e-02
7.500000000000e+01 2.845510061503e-02
7.550000000000e+01 2.854340635381e-02
7.600000000000e+01 2.830410473612e-02
7.650000000000e+01 2.775563177100e-02
7.700000000000e+01 2.692677368045e-02
7.750000000000e+01 2.585529897033e-02
7.800000000000e+01 2.458624205722e-02
7.850000000000e+01 2.316993750322e-02
7.900000000000e+01 2.165991290098e-02
7.950000000000e+01 2.011075077363e-02
8.000000000000e+01 1.857602561344e-02
8.050000000000e+01 1.710641189837e-02
8.100000000000e+01 1.574804348287e-02
8.150000000000e+01 1.454118534642e-02
8.200000000000e+01 1.351925670621e-02
8.250000000000e+01 1.270822148262e-02
8.300000000000e+01 1.212633958802e-02
8.350000000000e+01 1.178425194505e-02
8.400000000000e+01 1.168535479858e-02
8.450000000000e+01 1.182640577720e-02
8.500000000000e+01 1.219829596459e-02
8.550000000000e+01 1.278691928054e-02
8.600000000000e+01 1.357407268463e-02
8.650000000000e+01 1.453832768060e-02
8.700000000000e+01 1.565582456386e-02
8.750000000000e+01 1.690095480027e-02
8.800000000000e+01 1.824691263959e-02
8.850000000000e+01 1.966611324185e-02
8.900000000000e+01 2.113048991200e-02
8.950000000000e+01 2.261169627038e-02
9.000000000000e+01 2.408124928660e-02
9.050000000000e+01 2.551065527608e-02
9.100000000000e+01 2.687156271770e-02
9.150000000000e+01 2.813598295838e-02
9.200000000000e+01 2.927661274062e-02
9.250000000000e+01 3.026728157946e-02
9.300000000000e+01 3.108353318065e-02
9.350000000000e+01 3.170333443047e-02
9.400000000000e+01 3.210788925625e-02
9.450000000000e+01 3.228251918548e-02
9.500000000000e+01 3.221755902419e-02
9.550000000000e+01 3.190920591550e-02
9.600000000000e+01 3.136025410191e-02
9.650000000000e+01 3.058064669096e-02
9.700000000000e+01 2.958777996535e-02
9.750000000000e+01 2.840650526450e-02
9.800000000000e+01 2.706878779494e-02
9.850000000000e+01 2.561300013845e-02
9.900000000000e+01 2.408284964018e-02
9.950000000000e+01 2.252596194190e-02
1.000000000000e+02 2.099216618004e-02
1.005000000000e+02 1.953154922664e-02
1.010000000000e+02 1.819236528359e-02
1.015000000000e+02 1.701890175309e-02
1.020000000000e+02 1.604941144769e-02
1.025000000000e+02 1.531422403483e-02
1.030000000000e+02 1.483414568321e-02
1.035000000000e+02 1.461924516327e-02
1.040000000000e+02 1.466810755825e-02
1.045000000000e+02 1.496761409453e-02
1.050000000000e+02 1.549327960286e-02
1.055000000000e+02 1.621014928906e-02
1.060000000000e+02 1.707422555459e-02
1.065000000000e+02 1.803436540797e-02
1.070000000000e+02 1.903456139080e-02
1.075000000000e+02 2.001649563301e-02
1.080000000000e+02 2.092223914868e-02
1.085000000000e+02 2.169695795925e-02
1.090000000000e+02 2.229148485233e-02
1.095000000000e+02 2.266462086158e-02
1.100000000000e+02 2.278504371046e-02
1.105000000000e+02 2.263272084260e-02
1.110000000000e+02 2.219975116200e-02
1.115000000000e+02 2.149059073749e-02
1.120000000000e+02 2.052165170328e-02
1.125000000000e+02 1.932029843309e-02
1.130000000000e+02 1.792329873158e-02
1.135000000000e+02 1.637481827629e-02
1.140000000000e+02 1.472407203701e-02
1.145000000000e+02 1.302276536388e-02
1.150000000000e+02 1.132246872178e-02
1.155000000000e+02 9.672072964316e-03
1.160000000000e+02 8.115466392099e-03
1.165000000000e+02 6.689560950710e-03
1.170000000000e+02 5.422773611215e-03
1.175000000000e+02 4.334041509156e-03
1.180000000000e+02 3.432417436044e-03
1.185000000000e+02 2.717257694098e-03
1.190000000000e+02 2.178979210819e-03
1.195000000000e+02 1.800329266212e-03
1.200000000000e+02 1.558081216579e-03
1.205000000000e+02 1.425044989743e-03
1.210000000000e+02 1.372263334704e-03
1.215000000000e+02 1.371254875130e-03
1.220000000000e+02 1.396163502799e-03
1.225000000000e+02 1.425680604607e-03
1.230000000000e+02 1.444621581637e-03
1.235000000000e+02 1.445060144566e-03
1.240000000000e+02 1.426951586438e-03
1.245000000000e+02 1.398207933169e-03
1.250000000000e+02 1.374221614687e-03
1.255000000000e+02 1.376868033098e-03
1.260000000000e+02 1.433049091447e-03
1.265000000000e+02 1.572867488673e-03
1.270000000000e+02 1.827543738458e-03
1.275000000000e+02 2.227203140241e-03
1.280000000000e+02 2.798667456985e-03
1.285000000000e+02 3.563385452233e-03
1.290000000000e+02 4.535627822010e-03
1.295000000000e+02 5.721056024506e-03
1.300000000000e+02 7.115752105604e-03
1.305000000000e+02 8.705769259812e-03
1.310000000000e+02 1.046723225622e-02
1.315000000000e+02 1.236698487549e-02
1.320000000000e+02 1.436375008218e-02
1.325000000000e+02 1.640973966911e-02
1.330000000000e+02 1.845262525353e-02
1.335000000000e+02 2.043776319329e-02
1.340000000000e+02 2.231055327906e-02
1.345000000000e+02 2.401880557553e-02
1.350000000000e+02 2.551499170697e-02
1.355000000000e+02 2.675826592764e-02
1.360000000000e+02 2.771615677293e-02
1.365000000000e+02 2.836585085856e-02
1.370000000000e+02 2.869501508808e-02
1.375000000000e+02 2.870213053803e-02
1.380000000000e+02 2.839633890725e-02
1.385000000000e+02 2.779682894203e-02
1.390000000000e+02 2.693181409624e-02
1.395000000000e+02 2.583717248511e-02
1.400000000000e+02 2.455483486934e-02
1.405000000000e+02 2.313101524945e-02
1.410000000000e+02 2.161438134264e-02
1.415000000000e+02 2.005425884860e-02
1.420000000000e+02 1.849895447202e-02
1.425000000000e+02 1.699426899294e-02
1.430000000000e+02 1.558225438449e-02
1.435000000000e+02 1.430024939705e-02
1.440000000000e+02 1.318020759445e-02
1.445000000000e+02 1.224831198718e-02
1.450000000000e+02 1.152485251595e-02
1.455000000000e+02 1.102432787066e-02
1.460000000000e+02 1.075572240090e-02
1.465000000000e+02 1.072290278281e-02
1.470000000000e+02 1.092507789679e-02
1.475000000000e+02 1.135726892196e-02
1.480000000000e+02 1.201074449344e-02
1.485000000000e+02 1.287338711601e-02
1.490000000000e+02 1.392997084776e-02
1.495000000000e+02 1.516234535190e-02
1.500000000000e+02 1.654953647314e-02
1.505000000000e+02 1.806778724467e-02
1.510000000000e+02 1.969057449854e-02
1.515000000000e+02 2.138864405159e-02
1.520000000000e+02 2.313011105186e-02
1.525000000000e+02 2.488067109789e-02
1.530000000000e+02 2.660396213732e-02
1.535000000000e+02 2.826210722188e-02
1.540000000000e+02 2.981645459545e-02
1.545000000000e+02 3.122851526935e-02
1.550000000000e+02 3.246108037815e-02
1.555000000000e+02 3.347948254630e-02
1.560000000000e+02 3.425294862699e-02
1.565000000000e+02 3.475597685662e-02
1.570000000000e+02 3.496966092106e-02
1.575000000000e+02 3.488287764683e-02
1.580000000000e+02 3.449325470354e-02
1.585000000000e+02 3.380784016450e-02
1.590000000000e+02 3.284340696352e-02
1.595000000000e+02 3.162634174883e-02
1.600000000000e+02 3.019208853655e-02
1.605000000000e+02 2.858414173805e-02
1.610000000000e+02 2.685260914894e-02
1.615000000000e+02 2.505239173825e-02
1.620000000000e+02 2.324105188749e-02
1.625000000000e+02 2.147646346007e-02
1.630000000000e+02 1.981435423514e-02
1.635000000000e+02 1.830586256467e-02
1.640000000000e+02 1.699523469015e-02
1.645000000000e+02 1.591778646526e-02
1.650000000000e+02 1.509824319776e-02
1.655000000000e+02 1.454955432565e-02
1.660000000000e+02 1.427225650447e-02
1.665000000000e+02 1.425443062615e-02
1.670000000000e+02 1.447226687008e-02
1.675000000000e+02 1.489121889960e-02
1.680000000000e+02 1.546769568786e-02
1.685000000000e+02 1.615120912962e-02
1.690000000000e+02 1.688686940617e-02
1.695000000000e+02 1.761809963673e-02
1.700000000000e+02 1.828942796309e-02
1.705000000000e+02 1.884920976309e-02
1.710000000000e+02 1.925213558982e-02
1.715000000000e+02 1.946139161054e-02
1.720000000000e+02 1.945035819435e-02
1.725000000000e+02 1.920375782679e-02
1.730000000000e+02 1.871819426009e-02
1.735000000000e+02 1.800205896408e-02
1.740000000000e+02 1.707481653315e-02
1.745000000000e+02 1.596571563932e-02
1.750000000000e+02 1.471200434116e-02
1.755000000000e+02 1.335675615916e-02
1.760000000000e+02 1.194643467552e-02
1.765000000000e+02 1.052833825156e-02
1.770000000000e+02 9.148071963937e-03
1.775000000000e+02 7.847190731933e-03
1.780000000000e+02 6.661146046343e-03
1.785000000000e+02 5.617649430692e-03
1.790000000000e+02 4.735539943516e-03
1.795000000000e+02 4.024212234352e-03
1.800000000000e+02 3.483627759432e-03
1.805000000000e+02 3.104896790899e-03
1.810000000000e+02 2.871384917026e-03
1.815000000000e+02 2.760266860324e-03
1.820000000000e+02 2.744424470080e-03
1.825000000000e+02 2.794566203997e-03
1.830000000000e+02 2.881433430185e-03
1.835000000000e+02 2.977955120659e-03
1.840000000000e+02 3.061217131987e-03
1.845000000000e+02 3.114124929464e-03
1.850000000000e+02 3.126658473627e-03
1.855000000000e+02 3.096643787320e-03
1.860000000000e+02 3.029995841890e-03
1.865000000000e+02 2.940419978811e-03
1.870000000000e+02 2.848592121672e-03
1.875000000000e+02 2.780869528626e-03
1.880000000000e+02 2.767611897605e-03
1.885000000000e+02 2.841215605693e-03
1.890000000000e+02 3.033980410366e-03
1.895000000000e+02 3.375937141145e-03
1.900000000000e+02 3.892766303816e-03
1.905000000000e+02 4.603931126506e-03
1.910000000000e+02 5.521134894177e-03
1.915000000000e+02 6.647192381170e-03
1.920000000000e+02 7.975380110247e-03
1.925000000000e+02 9.489301639859e-03
1.930000000000e+02 1.116327389201e-02
1.935000000000e+02 1.296321053528e-02
1.940000000000e+02 1.484795043937e-02
1.945000000000e+02 1.677095486938e-02
1.950000000000e+02 1.868227778163e-02
1.955000000000e+02 2.053070036889e-02
1.960000000000e+02 2.226591453160e-02
1.965000000000e+02 2.384064043817e-02
1.970000000000e+02 2.521257055941e-02
1.975000000000e+02 2.634604587895e-02
1.980000000000e+02 2.721338838845e-02
1.985000000000e+02 2.779583617255e-02
1.990000000000e+02 2.808405186935e-02
1.995000000000e+02 2.807820045139e-02
2.000000000000e+02 2.778761650483e-02
2.005000000000e+02 2.723010299737e-02
2.010000000000e+02 2.643092162596e-02
2.015000000000e+02 2.542154821623e-02
2.020000000000e+02 2.423827464424e-02
2.025000000000e+02 2.292074108274e-02
2.030000000000e+02 2.151047914722e-02
2.035000000000e+02 2.004953821081e-02
2.040000000000e+02 1.857925458565e-02
2.045000000000e+02 1.713920751452e-02
2.050000000000e+02 1.576638825082e-02
2.055000000000e+02 1.449459029702e-02
2.060000000000e+02 1.335401148711e-02
2.065000000000e+02 1.237104330777e-02
2.070000000000e+02 1.156821073869e-02
2.075000000000e+02 1.096421777819e-02
2.080000000000e+02 1.057405021204e-02
2.085000000000e+02 1.040908823861e-02
2.090000000000e+02 1.047718708168e-02
2.095000000000e+02 1.078269316221e-02
2.100000000000e+02 1.132637592209e-02
2.105000000000e+02 1.210526991815e-02
2.110000000000e+02 1.311243709772e-02
2.115000000000e+02 1.433667392521e-02
2.120000000000e+02 1.576220097610e-02
2.125000000000e+02 1.736838259793e-02
2.130000000000e+02 1.912953031270e-02
2.135000000000e+02 2.101484513645e-02
2.140000000000e+02 2.298855058892e-02
2.145000000000e+02 2.501025989145e-02
2.150000000000e+02 2.703560810439e-02
2.155000000000e+02 2.901716348392e-02
2.160000000000e+02 3.090561319135e-02
2.165000000000e+02 3.265119794874e-02
2.170000000000e+02 3.420534973448e-02
2.175000000000e+02 3.552246763877e-02
2.180000000000e+02 3.656175098445e-02
2.185000000000e+02 3.728899705203e-02
2.190000000000e+02 3.767826427010e-02
2.195000000000e+02 3.771330126709e-02
2.200000000000e+02 3.738864807230e-02
2.205000000000e+02 3.671032793371e-02
2.210000000000e+02 3.569606620227e-02
2.215000000000e+02 3.437499562988e-02
2.220000000000e+02 3.278683400625e-02
2.225000000000e+02 3.098054880128e-02
2.230000000000e+02 2.901255268248e-02
2.235000000000e+02 2.694450165259e-02
2.240000000000e+02 2.484079234690e-02
2.245000000000e+02 2.276587512649e-02
2.250000000000e+02 2.078151364001e-02
2.255000000000e+02 1.894412847667e-02
2.260000000000e+02 1.730236178444e-02
2.265000000000e+02 1.589499112722e-02
2.270000000000e+02 1.474930472523e-02
2.275000000000e+02 1.388002735312e-02
2.280000000000e+02 1.328885777477e-02
2.285000000000e+02 1.296464624025e-02
2.290000000000e+02 1.288420609564e-02
2.295000000000e+02 1.301371894906e-02
2.300000000000e+02 1.331066012380e-02
2.305000000000e+02 1.372614224817e-02
2.310000000000e+02 1.420755151434e-02
2.315000000000e+02 1.470133479745e-02
2.320000000000e+02 1.515578747531e-02
2.325000000000e+02 1.552369196646e-02
2.330000000000e+02 1.576466574799e-02
2.335000000000e+02 1.584709444637e-02
2.340000000000e+02 1.574954955417e-02
2.345000000000e+02 1.546162002128e-02
2.350000000000e+02 1.498412066264e-02
2.355000000000e+02 1.432867603553e-02
2.360000000000e+02 1.351671406284e-02
2.365000000000e+02 1.257793711574e-02
2.370000000000e+02 1.154836755025e-02
2.375000000000e+02 1.046808810081e-02
2.380000000000e+02 9.378813707283e-03
2.385000000000e+02 8.321439365582e-03
2.390000000000e+02 7.333708014301e-03
2.395000000000e+02 6.448133387510e-03
2.400000000000e+02 5.690295775001e-03
2.405000000000e+02 5.077604807832e-03
2.410000000000e+02 4.618594207104e-03
2.415000000000e+02 4.312780690182e-03
2.420000000000e+02 4.151084917969e-03
2.425000000000e+02 4.116778566399e-03
2.430000000000e+02 4.186890346258e-03
2.435000000000e+02 4.333976938342e-03
2.440000000000e+02 4.528143933602e-03
2.445000000000e+02 4.739188170788e-03
2.450000000000e+02 4.938727099620e-03
2.455000000000e+02 5.102183227887e-03
2.460000000000e+02 5.210502096131e-03
2.465000000000e+02 5.251499841380e-03
2.470000000000e+02 5.220760105242e-03
2.475000000000e+02 5.122028297978e-03
2.480000000000e+02 4.967082273983e-03
2.485000000000e+02 4.775090382168e-03
2.490000000000e+02 4.571498676098e-03
2.495000000000e+02 4.386516945264e-03
2.500000000000e+02 4.253296509641e-03
2.505000000000e+02 4.205910059526e-03
2.510000000000e+02 4.277254263314e-03
2.515000000000e+02 4.496998887847e-03
2.520000000000e+02 4.889701726014e-03
2.525000000000e+02 5.473197113096e-03
2.530000000000e+02 6.257348074548e-03
2.535000000000e+02 7.243229390684e-03
2.540000000000e+02 8.422782583388e-03
2.545000000000e+02 9.778955709851e-03
2.550000000000e+02 1.128631265172e-02
2.555000000000e+02 1.291207004374e-02
2.560000000000e+02 1.461749668101e-02
2.565000000000e+02 1.635959152420e-02
2.570000000000e+02 1.809294331146e-02
2.575000000000e+02 1.977166792920e-02
2.580000000000e+02 2.135131931971e-02
2.585000000000e+02 2.279067562325e-02
2.590000000000e+02 2.405331387619e-02
2.595000000000e+02 2.510890297625e-02
2.600000000000e+02 2.593416455843e-02
2.605000000000e+02 2.651347348505e-02
2.610000000000e+02 2.683909232515e-02
2.615000000000e+02 2.691105597564e-02
2.620000000000e+02 2.673674205617e-02
2.625000000000e+02 2.633017868912e-02
2.630000000000e+02 2.571115282791e-02
2.635000000000e+02 2.490418882563e-02
2.640000000000e+02 2.393746821430e-02
2.645000000000e+02 2.284175783935e-02
2.650000000000e+02 2.164940506847e-02
2.655000000000e+02 2.039344658853e-02
2.660000000000e+02 1.910686239092e-02
2.665000000000e+02 1.782199016877e-02
2.670000000000e+02 1.657009883414e-02
2.675000000000e+02 1.538110452044e-02
2.680000000000e+02 1.428339946440e-02
2.685000000000e+02 1.330375456899e-02
2.690000000000e+02 1.246725096993e-02
2.695000000000e+02 1.179719498067e-02
2.700000000000e+02 1.131497443902e-02
2.705000000000e+02 1.103982243314e-02
2.710000000000e+02 1.098846601736e-02
2.715000000000e+02 1.117465192205e-02
2.720000000000e+02 1.160855726876e-02
2.725000000000e+02 1.229610963130e-02
2.730000000000e+02 1.323825608991e-02
2.735000000000e+02 1.443023390797e-02
2.740000000000e+02 1.586090495818e-02
2.745000000000e+02 1.751222110095e-02
2.750000000000e+02 1.935888773651e-02
2.755000000000e+02 2.136828742657e-02
2.760000000000e+02 2.350071490471e-02
2.765000000000e+02 2.570995944369e-02
2.770000000000e+02 2.794425125694e-02
2.775000000000e+02 3.014756652813e-02
2.780000000000e+02 3.226126217239e-02
2.785000000000e+02 3.422598807557e-02
2.790000000000e+02 3.598380292255e-02
2.795000000000e+02 3.748040134871e-02
2.800000000000e+02 3.866734640615e-02
2.805000000000e+02 3.950419334883e-02
2.810000000000e+02 3.996038929375e-02
2.815000000000e+02 4.001683879462e-02
2.820000000000e+02 3.966703772506e-02
2.825000000000e+02 3.891769662190e-02
2.830000000000e+02 3.778879887709e-02
2.835000000000e+02 3.631306760701e-02
2.840000000000e+02 3.453484608734e-02
2.845000000000e+02 3.250842853143e-02
2.850000000000e+02 3.029590882145e-02
2.855000000000e+02 2.796464270495e-02
2.860000000000e+02 2.558444221036e-02
2.865000000000e+02 2.322463812487e-02
2.870000000000e+02 2.095115617215e-02
2.875000000000e+02 1.882375429945e-02
2.880000000000e+02 1.689356198041e-02
2.885000000000e+02 1.520104790041e-02
2.890000000000e+02 1.377452054191e-02
2.895000000000e+02 1.262923820263e-02
2.900000000000e+02 1.176717241422e-02
2.905000000000e+02 1.117743343179e-02
2.910000000000e+02 1.083733046301e-02
2.915000000000e+02 1.071400468811e-02
2.920000000000e+02 1.076654191136e-02
2.925000000000e+02 1.094844571308e-02
2.930000000000e+02 1.121033276930e-02
2.935000000000e+02 1.150270070949e-02
2.940000000000e+02 1.177861615815e-02
2.945000000000e+02 1.199617661430e-02
2.950000000000e+02 1.212061420209e-02
2.955000000000e+02 1.212593121769e-02
2.960000000000e+02 1.199598549412e-02
2.965000000000e+02 1.172497623074e-02
2.970000000000e+02 1.131731614509e-02
2.975000000000e+02 1.078691150800e-02
2.980000000000e+02 1.015590570410e-02
2.985000000000e+02 9.452972409765e-03
2.990000000000e+02 8.711269517754e-03
2.995000000000e+02 7.966183116187e-03
3.000000000000e+02 7.253001123471e-03
3.005000000000e+02 6.604658047672e-03
3.010000000000e+02 6.049685747324e-03
3.015000000000e+02 5.610490501177e-03
3.020000000000e+02 5.302055105842e-03
3.025000000000e+02 5.131137488331e-03
3.030000000000e+02 5.096006150753e-03
3.035000000000e+02 5.186719584836e-03
3.040000000000e+02 5.385923635752e-03
3.045000000000e+02 5.670109666090e-03
3.050000000000e+02 6.011249134589e-03
3.055000000000e+02 6.378698464238e-03
3.060000000000e+02 6.741253079904e-03
3.065000000000e+02 7.069222067848e-03
3.070000000000e+02 7.336395395633e-03
3.075000000000e+02 7.521783888906e-03
3.080000000000e+02 7.611027573041e-03
3.085000000000e+02 7.597389504618e-03
3.090000000000e+02 7.482278430363e-03
3.095000000000e+02 7.275272842684e-03
3.100000000000e+02 6.993649413199e-03
3.105000000000e+02 6.661448497926e-03
3.110000000000e+02 6.308136613535e-03
3.115000000000e+02 5.966948862781e-03
3.120000000000e+02 5.673011903477e-03
3.125000000000e+02 5.461359237835e-03
3.130000000000e+02 5.364954794707e-03
3.135000000000e+02 5.412837880692e-03
3.140000000000e+02 5.628492926328e-03
3.145000000000e+02 6.028531806806e-03
3.150000000000e+02 6.621755987850e-03
3.155000000000e+02 7.408641735465e-03
3.160000000000e+02 8.381265718737e-03
3.165000000000e+02 9.523662196047e-03
3.170000000000e+02 1.081257824860e-02
3.175000000000e+02 1.221857172050e-02
3.180000000000e+02 1.370737892470e-02
3.185000000000e+02 1.524146675515e-02
3.190000000000e+02 1.678167722174e-02
3.195000000000e+02 1.828887181457e-02
3.200000000000e+02 1.972548832407e-02
3.205000000000e+02 2.105693323081e-02
3.210000000000e+02 2.225274763609e-02
3.215000000000e+02 2.328750276509e-02
3.220000000000e+02 2.414140099300e-02
3.225000000000e+02 2.480057868487e-02
3.230000000000e+02 2.525712647997e-02
3.235000000000e+02 2.550885967903e-02
3.240000000000e+02 2.555888499487e-02
3.245000000000e+02 2.541501926167e-02
3.250000000000e+02 2.508912025347e-02
3.255000000000e+02 2.459638938179e-02
3.260000000000e+02 2.395470093386e-02
3.265000000000e+02 2.318400323083e-02
3.270000000000e+02 2.230582448166e-02
3.275000000000e+02 2.134290127486e-02
3.280000000000e+02 2.031893183290e-02
3.285000000000e+02 1.925844066346e-02
3.290000000000e+02 1.818672735898e-02
3.295000000000e+02 1.712986117467e-02
3.300000000000e+02 1.611467560264e-02
3.305000000000e+02 1.516871412097e-02
3.310000000000e+02 1.432007996735e-02
3.315000000000e+02 1.359714914444e-02
3.320000000000e+02 1.302811652564e-02
3.325000000000e+02 1.264035917402e-02
3.330000000000e+02 1.245961780309e-02
3.335000000000e+02 1.250901546196e-02
3.340000000000e+02 1.280795064717e-02
3.345000000000e+02 1.337091871623e-02
3.350000000000e+02 1.420632934626e-02
3.355000000000e+02 1.531539764488e-02
3.360000000000e+02 1.669119142185e-02
3.365000000000e+02 1.831791642919e-02
3.370000000000e+02 2.017051480517e-02
3.375000000000e+02 2.221463964224e-02
3.380000000000e+02 2.440705107274e-02
3.385000000000e+02 2.669645743574e-02
3.390000000000e+02 2.902480018767e-02
3.395000000000e+02 3.132895473448e-02
3.400000000000e+02 3.354279294077e-02
3.405000000000e+02 3.559952841467e-02
3.410000000000e+02 3.743424442562e-02
3.415000000000e+02 3.898648797069e-02
3.420000000000e+02 4.020280328746e-02
3.425000000000e+02 4.103907488966e-02
3.430000000000e+02 4.146255443628e-02
3.435000000000e+02 4.145345744195e-02
3.440000000000e+02 4.100603453982e-02
3.445000000000e+02 4.012904681474e-02
3.450000000000e+02 3.884560433574e-02
3.455000000000e+02 3.719235980643e-02
3.460000000000e+02 3.521808336644e-02
3.465000000000e+02 3.298167804121e-02
3.470000000000e+02 3.054972617996e-02
3.475000000000e+02 2.799368358932e-02
3.480000000000e+02 2.538685835210e-02
3.485000000000e+02 2.280132424094e-02
3.490000000000e+02 2.030492334592e-02
3.495000000000e+02 1.795850865925e-02
3.500000000000e+02 1.581356503329e-02
3.505000000000e+02 1.391032678886e-02
3.510000000000e+02 1.227648340484e-02
3.515000000000e+02 1.092653268141e-02
3.520000000000e+02 9.861805368549e-03
3.525000000000e+02 9.071148526768e-03
3.530000000000e+02 8.532218965723e-03
3.535000000000e+02 8.213305070464e-03
3.540000000000e+02 8.075567093598e-03
3.545000000000e+02 8.075564195990e-03
3.550000000000e+02 8.167922411039e-03
3.555000000000e+02 8.307992079883e-03
3.560000000000e+02 8.454346444305e-03
3.565000000000e+02 8.570984754366e-03
3.570000000000e+02 8.629122704389e-03
3.575000000000e+02 8.608479049812e-03
3.580000000000e+02 8.497998284212e-03
3.585000000000e+02 8.295983390259e-03
3.590000000000e+02 8.009647863646e-03
3.595000000000e+02 7.654130341764e-03
3.600000000000e+02 7.251046224500e-03
3.605000000000e+02 6.826676831541e-03
3.610000000000e+02 6.409916388984e-03
3.615000000000e+02 6.030109370187e-03
3.620000000000e+02 5.714914789399e-03
3.625000000000e+02 5.488329822229e-03
3.630000000000e+02 5.368992969474e-03
3.635000000000e+02 5.368867734655e-03
3.640000000000e+02 5.492382717376e-03
3.645000000000e+02 5.736074740350e-03
3.650000000000e+02 6.088749972077e-03
3.655000000000e+02 6.532145944877e-03
3.660000000000e+02 7.042046863385e-03
3.665000000000e+02 7.589777493031e-03
3.670000000000e+02 8.143978817760e-03
3.675000000000e+02 8.672552835675e-03
3.680000000000e+02 9.144655188597e-03
3.685000000000e+02 9.532613209469e-03
3.690000000000e+02 9.813653359664e-03
3.695000000000e+02 9.971335390386e-03
3.700000000000e+02 9.996609951076e-03
3.705000000000e+02 9.888440474573e-03
3.710000000000e+02 9.653957416985e-03
3.715000000000e+02 9.308141574785e-03
3.720000000000e+02 8.873061442698e-03
3.725000000000e+02 8.376715675868e-03
3.730000000000e+02 7.851554106508e-03
3.735000000000e+02 7.332768136140e-03
3.740000000000e+02 6.856452717826e-03
3.745000000000e+02 6.457746997107e-03
3.750000000000e+02 6.169058860981e-03
3.755000000000e+02 6.018470443763e-03
3.760000000000e+02 6.028407750805e-03
3.765000000000e+02 6.214639026149e-03
3.770000000000e+02 6.585644622750e-03
3.775000000000e+02 7.142377429533e-03
3.780000000000e+02 7.878408945245e-03
3.785000000000e+02 8.780433415809e-03
3.790000000000e+02 9.829082495642e-03
3.795000000000e+02 1.099998686046e-02
3.800000000000e+02 1.226501000189e-02
3.805000000000e+02 1.359357363652e-02
3.810000000000e+02 1.495399394671e-02
3.815000000000e+02 1.631475303617e-02
3.820000000000e+02 1.764563996569e-02
3.825000000000e+02 1.891870965024e-02
3.830000000000e+02 2.010902461524e-02
3.835000000000e+02 2.119516282549e-02
3.840000000000e+02 2.215949313916e-02
3.845000000000e+02 2.298823704959e-02
3.850000000000e+02 2.367135002486e-02
3.855000000000e+02 2.420226691011e-02
3.860000000000e+02 2.457756276633e-02
3.865000000000e+02 2.479658275412e-02
3.870000000000e+02 2.486109216030e-02
3.875000000000e+02 2.477499069484e-02
3.880000000000e+02 2.454412437650e-02
3.885000000000e+02 2.417621459160e-02
3.890000000000e+02 2.368090838559e-02
3.895000000000e+02 2.306993801024e-02
3.900000000000e+02 2.235736252614e-02
3.905000000000e+02 2.155985113016e-02
3.910000000000e+02 2.069695797722e-02
3.915000000000e+02 1.979133250813e-02
3.920000000000e+02 1.886880829470e-02
3.925000000000e+02 1.795831744295e-02
3.930000000000e+02 1.709158655448e-02
3.935000000000e+02 1.630258366605e-02
3.940000000000e+02 1.562670265177e-02
3.945000000000e+02 1.509969117289e-02
3.950000000000e+02 1.475634906202e-02
3.955000000000e+02 1.462904456380e-02
3.960000000000e+02 1.474611461823e-02
3.965000000000e+02 1.513023092660e-02
3.970000000000e+02 1.579682461603e-02
3.975000000000e+02 1.675266790444e-02
3.980000000000e+02 1.799471059123e-02
3.985000000000e+02 1.950926217391e-02
3.990000000000e+02 2.127159705495e-02
3.995000000000e+02 2.324604121538e-02
4.000000000000e+02 2.538657484841e-02
4.005000000000e+02 2.763795807184e-02
4.010000000000e+02 2.993735754417e-02
4.015000000000e+02 3.221642234552e-02
4.020000000000e+02 3.440372966509e-02
4.025000000000e+02 3.642749643169e-02
4.030000000000e+02 3.821843363899e-02
4.035000000000e+02 3.971260709392e-02
4.040000000000e+02 4.085416263932e-02
4.045000000000e+02 4.159777612810e-02
4.050000000000e+02 4.191069864465e-02
4.055000000000e+02 4.177428528432e-02
4.060000000000e+02 4.118492034942e-02
4.065000000000e+02 4.015428181322e-02
4.070000000000e+02 3.870892170405e-02
4.075000000000e+02 3.688917477497e-02
4.080000000000e+02 3.474744341472e-02
4.085000000000e+02 3.234594016157e-02
4.090000000000e+02 2.975399845021e-02
4.095000000000e+02 2.704508561918e-02
4.100000000000e+02 2.429366833221e-02
4.105000000000e+02 2.157208843775e-02
4.110000000000e+02 1.894760640349e-02
4.115000000000e+02 1.647975983080e-02
4.120000000000e+02 1.421816670297e-02
4.125000000000e+02 1.220087797013e-02
4.130000000000e+02 1.045335326276e-02
4.135000000000e+02 8.988098743067e-03
4.140000000000e+02 7.804969368301e-03
4.145000000000e+02 6.892101288407e-03
4.150000000000e+02 6.227405851850e-03
4.155000000000e+02 5.780526726500e-03
4.160000000000e+02 5.515137674020e-03
4.165000000000e+02 5.391441898331e-03
4.170000000000e+02 5.368725530502e-03
4.175000000000e+02 5.407818122926e-03
4.180000000000e+02 5.473321895580e-03
4.185000000000e+02 5.535488284856e-03
4.190000000000e+02 5.571643999763e-03
4.195000000000e+02 5.567097798404e-03
4.200000000000e+02 5.515491759491e-03
4.205000000000e+02 5.418594943680e-03
4.210000000000e+02 5.285570949183e-03
4.215000000000e+02 5.131781951686e-03
4.220000000000e+02 4.977218543085e-03
4.225000000000e+02 4.844665497733e-03
4.230000000000e+02 4.757727328675e-03
4.235000000000e+02 4.738843427871e-03
4.240000000000e+02 4.807420477807e-03
4.245000000000e+02 4.978199937404e-03
4.250000000000e+02 5.259961476666e-03
4.255000000000e+02 5.654640418169e-03
4.260000000000e+02 6.156910040968e-03
4.265000000000e+02 6.754249763207e-03
4.270000000000e+02 7.427489628550e-03
4.275000000000e+02 8.151792079962e-03
4.280000000000e+02 8.898005511221e-03
4.285000000000e+02 9.634302127527e-03
4.290000000000e+02 1.032799649769e-02
4.295000000000e+02 1.094743173317e-02
4.300000000000e+02 1.146381794034e-02
4.305000000000e+02 1.185291246180e-02
4.310000000000e+02 1.209644300178e-02
4.315000000000e+02 1.218319215704e-02
4.320000000000e+02 1.210968393551e-02
4.325000000000e+02 1.188043805762e-02
4.330000000000e+02 1.150778455020e-02
4.335000000000e+02 1.101125764799e-02
4.340000000000e+02 1.041661265312e-02
4.345000000000e+02 9.754530663310e-03
4.350000000000e+02 9.059092710181e-03
4.355000000000e+02 8.366115922874e-03
4.360000000000e+02 7.711449300208e-03
4.365000000000e+02 7.129325398669e-03
4.370000000000e+02 6.650856993480e-03
4.375000000000e+02 6.302755200316e-03
4.380000000000e+02 6.106328642255e-03
4.385000000000e+02 6.076803258014e-03
4.390000000000e+02 6.222980693697e-03
4.395000000000e+02 6.547231394430e-03
4.400000000000e+02 7.045797981463e-03
4.405000000000e+02 7.709366603768e-03
4.410000000000e+02 8.523849816102e-03
4.415000000000e+02 9.471314994841e-03
4.420000000000e+02 1.053098785583e-02
4.425000000000e+02 1.168026141321e-02
4.430000000000e+02 1.289564647229e-02
4.435000000000e+02 1.415360989016e-02
4.440000000000e+02 1.543126047318e-02
4.445000000000e+02 1.670685837873e-02
4.450000000000e+02 1.796014097162e-02
4.455000000000e+02 1.917247490955e-02
4.460000000000e+02 2.032685949586e-02
4.465000000000e+02 2.140781886592e-02
4.470000000000e+02 2.240122940983e-02
4.475000000000e+02 2.329413330077e-02
4.480000000000e+02 2.407458875464e-02
4.485000000000e+02 2.473160270573e-02
4.490000000000e+02 2.525518231737e-02
4.495000000000e+02 2.563652886276e-02
4.500000000000e+02 2.586838199667e-02
4.505000000000e+02 2.594550549987e-02
4.510000000000e+02 2.586528854946e-02
4.515000000000e+02 2.562842081997e-02
4.520000000000e+02 2.523958656028e-02
4.525000000000e+02 2.470811336978e-02
4.530000000000e+02 2.404850661922e-02
4.535000000000e+02 2.328080092103e-02
4.540000000000e+02 2.243066597996e-02
4.545000000000e+02 2.152921539099e-02
4.550000000000e+02 2.061248295487e-02
4.555000000000e+02 1.972055095029e-02
4.560000000000e+02 1.889633733042e-02
4.565000000000e+02 1.818407256231e-02
4.570000000000e+02 1.762752022598e-02
4.575000000000e+02 1.726801692297e-02
4.580000000000e+02 1.714242497410e-02
4.585000000000e+02 1.728110444754e-02
4.590000000000e+02 1.770601816268e-02
4.595000000000e+02 1.842908372108e-02
4.600000000000e+02 1.945087999419e-02
4.605000000000e+02 2.075980195939e-02
4.610000000000e+02 2.233173787932e-02
4.615000000000e+02 2.413031754309e-02
4.620000000000e+02 2.610775097965e-02
4.625000000000e+02 2.820624535438e-02
4.630000000000e+02 3.035995550420e-02
4.635000000000e+02 3.249739267456e-02
4.640000000000e+02 3.454418837749e-02
4.645000000000e+02 3.642608762642e-02
4.650000000000e+02 3.807202958887e-02
4.655000000000e+02 3.941716504320e-02
4.660000000000e+02 4.040565960604e-02
4.665000000000e+02 4.099313970892e-02
4.670000000000e+02 4.114865443764e-02
4.675000000000e+02 4.085604981182e-02
4.680000000000e+02 4.011468163055e-02
4.685000000000e+02 3.893942702233e-02
4.690000000000e+02 3.735999141098e-02
4.695000000000e+02 3.541954466816e-02
4.700000000000e+02 3.317275564727e-02
4.705000000000e+02 3.068332604125e-02
4.710000000000e+02 2.802115074219e-02
4.715000000000e+02 2.525925108132e-02
4.720000000000e+02 2.247063838250e-02
4.725000000000e+02 1.972526753380e-02
4.730000000000e+02 1.708723365119e-02
4.735000000000e+02 1.461234977963e-02
4.740000000000e+02 1.234622085541e-02
4.745000000000e+02 1.032290018963e-02
4.750000000000e+02 8.564181240772e-03
4.755000000000e+02 7.079541400650e-03
4.760000000000e+02 5.866718036242e-03
4.765000000000e+02 4.912862241805e-03
4.770000000000e+02 4.196184671368e-03
4.775000000000e+02 3.687982220405e-03
4.780000000000e+02 3.354915640673e-03
4.785000000000e+02 3.161397411977e-03
4.790000000000e+02 3.071946882472e-03
4.795000000000e+02 3.053375835070e-03
4.800000000000e+02 3.076681744112e-03
4.805000000000e+02 3.118547081151e-03
4.810000000000e+02 3.162369730065e-03
4.815000000000e+02 3.198780176102e-03
4.820000000000e+02 3.225633724859e-03
4.825000000000e+02 3.247498574178e-03
4.830000000000e+02 3.274691125924e-03
4.835000000000e+02 3.321936657810e-03
4.840000000000e+02 3.406754813870e-03
4.845000000000e+02 3.547684108675e-03
4.850000000000e+02 3.762466992562e-03
4.855000000000e+02 4.066316681730e-03
4.860000000000e+02 4.470379086496e-03
4.865000000000e+02 4.980488407278e-03
4.870000000000e+02 5.596294362353e-03
4.875000000000e+02 6.310813961202e-03
4.880000000000e+02 7.110432892131e-03
4.885000000000e+02 7.975352748227e-03
4.890000000000e+02 8.880452296060e-03
4.895000000000e+02 9.796505536282e-03
4.900000000000e+02 1.069167795854e-02
4.905000000000e+02 1.153320641060e-02
4.910000000000e+02 1.228915827434e-02
4.915000000000e+02 1.293016264645e-02
4.920000000000e+02 1.343100999808e-02
4.925000000000e+02 1.377202694245e-02
4.930000000000e+02 1.394014847949e-02
4.935000000000e+02 1.392963027921e-02
4.940000000000e+02 1.374236681414e-02
4.945000000000e+02 1.338780589694e-02
4.950000000000e+02 1.288247479691e-02
4.955000000000e+02 1.224915602349e-02
4.960000000000e+02 1.151577064533e-02
4.965000000000e+02 1.071404247074e-02
4.970000000000e+02 9.878026671225e-03
4.975000000000e+02 9.042590972133e-03
4.980000000000e+02 8.241936243883e-03
4.985000000000e+02 7.508236474616e-03
4.990000000000e+02 6.870466331109e-03
4.995000000000e+02 6.353468775488e-03
5.000000000000e+02 5.977296702838e-03
5.005000000000e+02 5.756842662742e-03
5.010000000000e+02 5.701750852335e-03
5.015000000000e+02 5.816587111046e-03
5.020000000000e+02 6.101226868399e-03
5.025000000000e+02 6.551408939368e-03
5.030000000000e+02 7.159395484082e-03
5.035000000000e+02 7.914675770888e-03
5.040000000000e+02 8.804653663010e-03
5.045000000000e+02 9.815265685536e-03
5.050000000000e+02 1.093148748069e-02
5.055000000000e+02 1.213770049414e-02
5.060000000000e+02 1.341790670272e-02
5.065000000000e+02 1.475579580484e-02
5.070000000000e+02 1.613468521689e-02
5.075000000000e+02 1.753736717063e-02
5.080000000000e+02 1.894590805390e-02
5.085000000000e+02 2.034145197168e-02
5.090000000000e+02 2.170408271648e-02
5.095000000000e+02 2.301279565688e-02
5.100000000000e+02 2.424562357779e-02
5.105000000000e+02 2.537994869624e-02
5.110000000000e+02 2.639301772774e-02
5.115000000000e+02 2.726265907027e-02
5.120000000000e+02 2.796818219694e-02
5.125000000000e+02 2.849142061833e-02
5.130000000000e+02 2.881786273371e-02
5.135000000000e+02 2.893780089874e-02
5.140000000000e+02 2.884741929115e-02
5.145000000000e+02 2.854973658313e-02
5.150000000000e+02 2.805532063057e-02
5.155000000000e+02 2.738269958091e-02
5.160000000000e+02 2.655840679337e-02
5.165000000000e+02 2.561661516165e-02
5.170000000000e+02 2.459833885909e-02
5.175000000000e+02 2.355020589683e-02
5.180000000000e+02 2.252283166112e-02
5.185000000000e+02 2.156885009199e-02
5.190000000000e+02 2.074068365668e-02
5.195000000000e+02 2.008815410190e-02
5.200000000000e+02 1.965605166479e-02
5.205000000000e+02 1.948178978623e-02
5.210000000000e+02 1.959327457251e-02
5.215000000000e+02 2.000711288434e-02
5.220000000000e+02 2.072727005220e-02
5.225000000000e+02 2.174426834831e-02
5.230000000000e+02 2.303499145731e-02
5.235000000000e+02 2.456312964488e-02
5.240000000000e+02 2.628026680748e-02
5.245000000000e+02 2.812757599876e-02
5.250000000000e+02 3.003805637427e-02
5.255000000000e+02 3.193921376792e-02
5.260000000000e+02 3.375606116177e-02
5.265000000000e+02 3.541429573460e-02
5.270000000000e+02 3.684349721678e-02
5.275000000000e+02 3.798018874855e-02
5.280000000000e+02 3.877060665422e-02
5.285000000000e+02 3.917303931329e-02
5.290000000000e+02 3.915961692729e-02
5.295000000000e+02 3.871746228043e-02
5.300000000000e+02 3.784914599856e-02
5.305000000000e+02 3.657242644269e-02
5.310000000000e+02 3.491929214884e-02
5.315000000000e+02 3.293436148911e-02
5.320000000000e+02 3.067272787727e-02
5.325000000000e+02 2.819736745588e-02
5.330000000000e+02 2.557624815303e-02
5.335000000000e+02 2.287929305575e-02
5.340000000000e+02 2.017535644636e-02
5.345000000000e+02 1.752936733641e-02
5.350000000000e+02 1.499978318211e-02
5.355000000000e+02 1.263647645739e-02
5.360000000000e+02 1.047915013561e-02
5.365000000000e+02 8.556346510364e-03
5.370000000000e+02 6.885079075202e-03
5.375000000000e+02 5.471081450045e-03
5.380000000000e+02 4.309632698915e-03
5.385000000000e+02 3.386886849553e-03
5.390000000000e+02 2.681607811379e-03
5.395000000000e+02 2.167190686821e-03
5.400000000000e+02 1.813837769103e-03
5.405000000000e+02 1.590752937324e-03
5.410000000000e+02 1.468221816204e-03
5.415000000000e+02 1.419456582162e-03
5.420000000000e+02 1.422102815172e-03
5.425000000000e+02 1.459330050606e-03
5.430000000000e+02 1.520456079943e-03
5.435000000000e+02 1.601085759663e-03
5.440000000000e+02 1.702776179493e-03
5.445000000000e+02 1.832269590000e-03
5.450000000000e+02 2.000361701232e-03
5.455000000000e+02 2.220494284600e-03
5.460000000000e+02 2.507176218067e-03
5.465000000000e+02 2.874345393719e-03
5.470000000000e+02 3.333784888809e-03
5.475000000000e+02 3.893700584400e-03
5.480000000000e+02 4.557554548044e-03
5.485000000000e+02 5.323229936259e-03
5.490000000000e+02 6.182580217647e-03
5.495000000000e+02 7.121389720418e-03
5.500000000000e+02 8.119745570121e-03
5.505000000000e+02 9.152794744661e-03
5.510000000000e+02 1.019183590033e-02
5.515000000000e+02 1.120567530133e-02
5.520000000000e+02 1.216216083109e-02
5.525000000000e+02 1.302979854572e-02
5.530000000000e+02 1.377935302233e-02
5.535000000000e+02 1.438533591166e-02
5.540000000000e+02 1.482729626679e-02
5.545000000000e+02 1.509084064176e-02
5.550000000000e+02 1.516832956573e-02
5.555000000000e+02 1.505921847599e-02
5.560000000000e+02 1.477003405455e-02
5.565000000000e+02 1.431399961872e-02
5.570000000000e+02 1.371034427096e-02
5.575000000000e+02 1.298334856807e-02
5.580000000000e+02 1.216119340731e-02
5.585000000000e+02 1.127468783420e-02
5.590000000000e+02 1.035595509388e-02
5.595000000000e+02 9.437154394828e-03
5.600000000000e+02 8.549308827467e-03
5.605000000000e+02 7.721298330227e-03
5.610000000000e+02 6.979061473312e-03
5.615000000000e+02 6.345032316952e-03
5.620000000000e+02 5.837820025693e-03
5.625000000000e+02 5.472120661474e-03
5.630000000000e+02 5.258833969729e-03
5.635000000000e+02 5.205344206992e-03
5.640000000000e+02 5.315914105375e-03
5.645000000000e+02 5.592135608089e-03
5.650000000000e+02 6.033380382123e-03
5.655000000000e+02 6.637197300553e-03
5.660000000000e+02 7.399612710245e-03
5.665000000000e+02 8.315301652448e-03
5.670000000000e+02 9.377613294926e-03
5.675000000000e+02 1.057845046653e-02
5.680000000000e+02 1.190802003434e-02
5.685000000000e+02 1.335448657780e-02
5.690000000000e+02 1.490357510765e-02
5.695000000000e+02 1.653817832641e-02
5.700000000000e+02 1.823802925259e-02
5.705000000000e+02 1.997950036368e-02
5.710000000000e+02 2.173558554246e-02
5.715000000000e+02 2.347611120520e-02
5.720000000000e+02 2.516820858999e-02
5.725000000000e+02 2.677706117464e-02
5.730000000000e+02 2.826692075122e-02
5.735000000000e+02 2.960236419646e-02
5.740000000000e+02 3.074974195497e-02
5.745000000000e+02 3.167875022583e-02
5.750000000000e+02 3.236404326097e-02
5.755000000000e+02 3.278679130600e-02
5.760000000000e+02 3.293608452835e-02
5.765000000000e+02 3.281008441740e-02
5.770000000000e+02 3.241683184299e-02
5.775000000000e+02 3.177463502520e-02
5.780000000000e+02 3.091198048005e-02
5.785000000000e+02 2.986693454198e-02
5.790000000000e+02 2.868603096508e-02
5.795000000000e+02 2.742266974824e-02
5.800000000000e+02 2.613508192849e-02
5.805000000000e+02 2.488394280301e-02
5.810000000000e+02 2.372974009720e-02
5.815000000000e+02 2.273002239463e-02
5.820000000000e+02 2.193666536848e-02
5.825000000000e+02 2.139329805657e-02
5.830000000000e+02 2.113302809664e-02
5.835000000000e+02 2.117659345390e-02
5.840000000000e+02 2.153104919057e-02
5.845000000000e+02 2.218907217402e-02
5.850000000000e+02 2.312893564718e-02
5.855000000000e+02 2.431517098485e-02
5.860000000000e+02 2.569989767206e-02
5.865000000000e+02 2.722476663668e-02
5.870000000000e+02 2.882342862555e-02
5.875000000000e+02 3.042441029030e-02
5.880000000000e+02 3.195425776689e-02
5.885000000000e+02 3.334079216649e-02
5.890000000000e+02 3.451631449176e-02
5.895000000000e+02 3.542059950500e-02
5.900000000000e+02 3.600352893946e-02
5.905000000000e+02 3.622723357521e-02
5.910000000000e+02 3.606764002516e-02
5.915000000000e+02 3.551535009885e-02
5.920000000000e+02 3.457581649964e-02
5.925000000000e+02 3.326881630653e-02
5.930000000000e+02 3.162726103530e-02
5.935000000000e+02 2.969541692907e-02
5.940000000000e+02 2.752663951497e-02
5.945000000000e+02 2.518075067397e-02
5.950000000000e+02 2.272120316895e-02
5.955000000000e+02 2.021218587937e-02
5.960000000000e+02 1.771582251860e-02
5.965000000000e+02 1.528960750511e-02
5.970000000000e+02 1.298420557048e-02
5.975000000000e+02 1.084171773728e-02
5.980000000000e+02 8.894486998949e-03
5.985000000000e+02 7.164484197166e-03
5.990000000000e+02 5.663280218919e-03
5.995000000000e+02 4.392576790581e-03
6.000000000000e+02 3.345236829840e-03
6.005000000000e+02 2.506728345923e-03
6.010000000000e+02 1.856874778691e-03
6.015000000000e+02 1.371790579471e-03
6.020000000000e+02 1.025874456587e-03
6.025000000000e+02 7.937342474761e-04
6.030000000000e+02 6.519265592190e-04
6.035000000000e+02 5.804103972598e-04
6.040000000000e+02 5.636358233704e-04
6.045000000000e+02 5.912147605885e-04
6.050000000000e+02 6.581496718904e-04
6.055000000000e+02 7.646251341089e-04
6.060000000000e+02 9.153954571998e-04
6.065000000000e+02 1.118826720079e-03
6.070000000000e+02 1.385672386110e-03
6.075000000000e+02 1.727676813210e-03
6.080000000000e+02 2.156109657755e-03
6.085000000000e+02 2.680335988942e-03
6.090000000000e+02 3.306521928732e-03
6.095000000000e+02 4.036564294621e-03
6.100000000000e+02 4.867315928349e-03
6.105000000000e+02 5.790157355434e-03
6.110000000000e+02 6.790941599338e-03
6.115000000000e+02 7.850313980311e-03
6.120000000000e+02 8.944384215144e-03
6.125000000000e+02 1.004570568597e-02
6.130000000000e+02 1.112449778130e-02
6.135000000000e+02 1.215003288895e-02
6.140000000000e+02 1.309210076662e-02
6.145000000000e+02 1.392246008129e-02
6.150000000000e+02 1.461618994021e-02
6.155000000000e+02 1.515286288373e-02
6.160000000000e+02 1.551747435576e-02
6.165000000000e+02 1.570108107940e-02
6.170000000000e+02 1.570112077443e-02
6.175000000000e+02 1.552140684054e-02
6.180000000000e+02 1.517181252702e-02
6.185000000000e+02 1.466767829815e-02
6.190000000000e+02 1.402899230990e-02
6.195000000000e+02 1.327940609959e-02
6.200000000000e+02 1.244515501232e-02
6.205000000000e+02 1.155395515413e-02
6.210000000000e+02 1.063394574652e-02
6.215000000000e+02 9.712738003954e-03
6.220000000000e+02 8.816619746199e-03
6.225000000000e+02 7.969949862056e-03
6.230000000000e+02 7.194759646331e-03
6.235000000000e+02 6.510560256387e-03
6.240000000000e+02 5.934338434307e-03
6.245000000000e+02 5.480707510312e-03
6.250000000000e+02 5.162168687110e-03
6.255000000000e+02 4.989429612148e-03
6.260000000000e+02 4.971723885530e-03
6.265000000000e+02 5.117076692136e-03
6.270000000000e+02 5.432468088112e-03
6.275000000000e+02 5.923856156647e-03
6.280000000000e+02 6.596036487161e-03
6.285000000000e+02 7.452331162396e-03
6.290000000000e+02 8.494118391020e-03
6.295000000000e+02 9.720231718327e-03
6.300000000000e+02 1.112627398380e-02
6.305000000000e+02 1.270390455430e-02
6.310000000000e+02 1.444016770416e-02
6.315000000000e+02 1.631693445941e-02
6.320000000000e+02 1.831052922108e-02
6.325000000000e+02 2.039160585688e-02
6.330000000000e+02 2.252532591951e-02
6.335000000000e+02 2.467187482471e-02
6.340000000000e+02 2.678733116726e-02
6.345000000000e+02 2.882488113825e-02
6.350000000000e+02 3.073634571864e-02
6.355000000000e+02 3.247396457845e-02
6.360000000000e+02 3.399235904517e-02
6.365000000000e+02 3.525057866600e-02
6.370000000000e+02 3.621412313350e-02
6.375000000000e+02 3.685682473961e-02
6.380000000000e+02 3.716247677281e-02
6.385000000000e+02 3.712610065649e-02
6.390000000000e+02 3.675475897885e-02
6.395000000000e+02 3.606784226435e-02
6.400000000000e+02 3.509678334727e-02
6.405000000000e+02 3.388418312317e-02
6.410000000000e+02 3.248236358562e-02
6.415000000000e+02 3.095139653067e-02
6.420000000000e+02 2.935668718583e-02
6.425000000000e+02 2.776621940077e-02
6.430000000000e+02 2.624759119625e-02
6.435000000000e+02 2.486498496049e-02
6.440000000000e+02 2.367622433111e-02
6.445000000000e+02 2.273006917822e-02
6.450000000000e+02 2.206389096922e-02
6.455000000000e+02 2.170185351590e-02
6.460000000000e+02 2.165369953725e-02
6.465000000000e+02 2.191421291899e-02
6.470000000000e+02 2.246339168769e-02
6.475000000000e+02 2.326732949071e-02
6.480000000000e+02 2.427976588970e-02
6.485000000000e+02 2.544423017674e-02
6.490000000000e+02 2.669667175221e-02
6.495000000000e+02 2.796844419224e-02
6.500000000000e+02 2.918949147843e-02
6.505000000000e+02 3.029157454438e-02
6.510000000000e+02 3.121137490519e-02
6.515000000000e+02 3.189331975112e-02
6.520000000000e+02 3.229198904844e-02
6.525000000000e+02 3.237398894679e-02
6.530000000000e+02 3.211920574600e-02
6.535000000000e+02 3.152138907236e-02
6.540000000000e+02 3.058804975096e-02
6.545000000000e+02 2.933969499945e-02
6.550000000000e+02 2.780845887289e-02
6.555000000000e+02 2.603621734721e-02
6.560000000000e+02 2.407230327381e-02
6.565000000000e+02 2.197095525709e-02
6.570000000000e+02 1.978864531425e-02
6.575000000000e+02 1.758143248035e-02
6.580000000000e+02 1.540248333776e-02
6.585000000000e+02 1.329988630278e-02
6.590000000000e+02 1.131486538499e-02
6.595000000000e+02 9.480472443633e-03
6.600000000000e+02 7.820806407135e-03
6.605000000000e+02 6.350775408236e-03
6.610000000000e+02 5.076385315493e-03
6.615000000000e+02 3.995507667227e-03
6.620000000000e+02 3.099053334149e-03
6.625000000000e+02 2.372456880885e-03
6.630000000000e+02 1.797361735166e-03
6.635000000000e+02 1.353388652995e-03
6.640000000000e+02 1.019869869687e-03
6.645000000000e+02 7.774385584195e-04
6.650000000000e+02 6.093771332865e-04
6.655000000000e+02 5.026474821000e-04
6.660000000000e+02 4.485500122868e-04
6.665000000000e+02 4.429848206222e-04
6.670000000000e+02 4.863156024261e-04
6.675000000000e+02 5.828633295714e-04
6.680000000000e+02 7.400805768166e-04
6.685000000000e+02 9.674771917144e-04
6.690000000000e+02 1.275382606353e-03
6.695000000000e+02 1.673638663980e-03
6.700000000000e+02 2.170318973554e-03
6.705000000000e+02 2.770566531771e-03
6.710000000000e+02 3.475631104605e-03
6.715000000000e+02 4.282172460520e-03
6.720000000000e+02 5.181876137835e-03
6.725000000000e+02 6.161406392201e-03
6.730000000000e+02 7.202697834176e-03
6.735000000000e+02 8.283564599505e-03
6.740000000000e+02 9.378585200759e-03
6.745000000000e+02 1.046020382916e-02
6.750000000000e+02 1.149997590132e-02
6.755000000000e+02 1.246987784930e-02
6.760000000000e+02 1.334359894015e-02
6.765000000000e+02 1.409773630219e-02
6.770000000000e+02 1.471282296631e-02
6.775000000000e+02 1.517413188469e-02
6.780000000000e+02 1.547221555518e-02
6.785000000000e+02 1.560315981559e-02
6.790000000000e+02 1.556855020780e-02
6.795000000000e+02 1.537516862909e-02
6.800000000000e+02 1.503445543559e-02
6.805000000000e+02 1.456178653531e-02
6.810000000000e+02 1.397562533971e-02
6.815000000000e+02 1.329661506513e-02
6.820000000000e+02 1.254667746763e-02
6.825000000000e+02 1.174817970009e-02
6.830000000000e+02 1.092322200243e-02
6.835000000000e+02 1.009308611037e-02
6.840000000000e+02 9.277868604669e-03
6.845000000000e+02 8.496306139795e-03
6.850000000000e+02 7.765781921201e-03
6.855000000000e+02 7.102486301622e-03
6.860000000000e+02 6.521690221511e-03
6.865000000000e+02 6.038079543659e-03
6.870000000000e+02 5.666091994624e-03
6.875000000000e+02 5.420196983825e-03
6.880000000000e+02 5.315062224302e-03
6.885000000000e+02 5.365559656651e-03
6.890000000000e+02 5.586576138878e-03
6.895000000000e+02 5.992610837938e-03
6.900000000000e+02 6.597160092761e-03
6.905000000000e+02 7.411910362425e-03
6.910000000000e+02 8.445779265918e-03
6.915000000000e+02 9.703862191120e-03
6.920000000000e+02 1.118635612273e-02
6.925000000000e+02 1.288754202610e-02
6.930000000000e+02 1.479491141697e-02
6.935000000000e+02 1.688852108412e-02
6.940000000000e+02 1.914065214546e-02
6.945000000000e+02 2.151583595410e-02
6.950000000000e+02 2.397129048707e-02
6.955000000000e+02 2.645778777676e-02
6.960000000000e+02 2.892094703349e-02
6.965000000000e+02 3.130292093988e-02
6.970000000000e+02 3.354441589586e-02
6.975000000000e+02 3.558696250459e-02
6.980000000000e+02 3.737533197892e-02
6.985000000000e+02 3.885997887988e-02
6.990000000000e+02 3.999938184859e-02
6.995000000000e+02 4.076215255332e-02
7.000000000000e+02 4.112878930549e-02
7.005000000000e+02 4.109296558962e-02
7.010000000000e+02 4.066226452163e-02
7.015000000000e+02 3.985829696701e-02
7.020000000000e+02 3.871617229669e-02
7.025000000000e+02 3.728332480402e-02
7.030000000000e+02 3.561773371272e-02
7.035000000000e+02 3.378560844199e-02
7.040000000000e+02 3.185864136043e-02
7.045000000000e+02 2.991095580790e-02
7.050000000000e+02 2.801589611464e-02
7.055000000000e+02 2.624281748910e-02
7.060000000000e+02 2.465403621500e-02
7.065000000000e+02 2.330209432630e-02
7.070000000000e+02 2.222747806776e-02
7.075000000000e+02 2.145690675657e-02
7.080000000000e+02 2.100227936505e-02
7.085000000000e+02 2.086033186673e-02
7.090000000000e+02 2.101302105302e-02
7.095000000000e+02 2.142861224747e-02
7.100000000000e+02 2.206341129370e-02
7.105000000000e+02 2.286404747732e-02
7.110000000000e+02 2.377018557752e-02
7.115000000000e+02 2.471752363360e-02
7.120000000000e+02 2.564091946029e-02
7.125000000000e+02 2.647748417946e-02
7.130000000000e+02 2.716948526679e-02
7.135000000000e+02 2.766691452178e-02
7.140000000000e+02 2.792959713634e-02
7.145000000000e+02 2.792874538093e-02
7.150000000000e+02 2.764789269674e-02
7.155000000000e+02 2.708317924863e-02
7.160000000000e+02 2.624299617629e-02
7.165000000000e+02 2.514703076763e-02
7.170000000000e+02 2.382478655592e-02
7.175000000000e+02 2.231367911845e-02
7.180000000000e+02 2.065682865695e-02
7.185000000000e+02 1.890068321358e-02
7.190000000000e+02 1.709261102631e-02
7.195000000000e+02 1.527859696642e-02
7.200000000000e+02 1.350116663101e-02
7.205000000000e+02 1.179764335662e-02
7.210000000000e+02 1.019881945224e-02
7.215000000000e+02 8.728094913484e-03
7.220000000000e+02 7.401106587618e-03
7.225000000000e+02 6.225840120651e-03
7.230000000000e+02 5.203187924175e-03
7.235000000000e+02 4.327890604250e-03
7.240000000000e+02 3.589778305230e-03
7.245000000000e+02 2.975213411891e-03
7.250000000000e+02 2.468627794139e-03
7.255000000000e+02 2.054046597233e-03
7.260000000000e+02 1.716496348223e-03
7.265000000000e+02 1.443207298030e-03
7.270000000000e+02 1.224537486350e-03
7.275000000000e+02 1.054567715858e-03
7.280000000000e+02 9.313409296089e-04
7.285000000000e+02 8.567447445581e-04
7.290000000000e+02 8.360604246279e-04
7.295000000000e+02 8.772237852602e-04
7.300000000000e+02 9.898620025275e-04
7.305000000000e+02 1.184183925623e-03
7.310000000000e+02 1.469809479505e-03
7.315000000000e+02 1.854625703380e-03
7.320000000000e+02 2.343752919027e-03
7.325000000000e+02 2.938694880321e-03
7.330000000000e+02 3.636732307464e-03
7.335000000000e+02 4.430601049516e-03
7.340000000000e+02 5.308475568495e-03
7.345000000000e+02 6.254256955735e-03
7.350000000000e+02 7.248143769479e-03
7.355000000000e+02 8.267445049235e-03
7.360000000000e+02 9.287579181748e-03
7.365000000000e+02 1.028319088470e-02
7.370000000000e+02 1.122931214325e-02
7.375000000000e+02 1.210249183099e-02
7.380000000000e+02 1.288182294378e-02
7.385000000000e+02 1.354980547500e-02
7.390000000000e+02 1.409299622834e-02
7.395000000000e+02 1.450241327948e-02
7.400000000000e+02 1.477368113138e-02
7.405000000000e+02 1.490692150566e-02
7.410000000000e+02 1.490641279643e-02
7.415000000000e+02 1.478005717309e-02
7.420000000000e+02 1.453870700896e-02
7.425000000000e+02 1.419541082828e-02
7.430000000000e+02 1.376464270883e-02
7.435000000000e+02 1.326157780083e-02
7.440000000000e+02 1.270147044291e-02
7.445000000000e+02 1.209918074722e-02
7.450000000000e+02 1.146888129200e-02
7.455000000000e+02 1.082395877059e-02
7.460000000000e+02 1.017710737104e-02
7.465000000000e+02 9.540592672993e-03
7.470000000000e+02 8.926648333881e-03
7.475000000000e+02 8.347954090222e-03
7.480000000000e+02 7.818133735969e-03
7.485000000000e+02 7.352206609704e-03
7.490000000000e+02 6.966926248545e-03
7.495000000000e+02 6.680945403258e-03
7.500000000000e+02 6.514757320582e-03
7.505000000000e+02 6.490378474353e-03
7.510000000000e+02 6.630756808902e-03
7.515000000000e+02 6.958910808258e-03
7.520000000000e+02 7.496826876705e-03
7.525000000000e+02 8.264164057140e-03
7.530000000000e+02 9.276834462581e-03
7.535000000000e+02 1.054554349343e-02
7.540000000000e+02 1.207438470127e-02
7.545000000000e+02 1.385958907207e-02
7.550000000000e+02 1.588852693575e-02
7.555000000000e+02 1.813905247583e-02
7.560000000000e+02 2.057926615878e-02
7.565000000000e+02 2.316775000662e-02
7.570000000000e+02 2.585430557167e-02
7.575000000000e+02 2.858119615418e-02
7.580000000000e+02 3.128486489556e-02
7.585000000000e+02 3.389807070411e-02
7.590000000000e+02 3.635235638378e-02
7.595000000000e+02 3.858073962289e-02
7.600000000000e+02 4.052049924853e-02
7.605000000000e+02 4.211591765544e-02
7.610000000000e+02 4.332083648777e-02
7.615000000000e+02 4.410088694653e-02
7.620000000000e+02 4.443526849325e-02
7.625000000000e+02 4.431796970225e-02
7.630000000000e+02 4.375835159464e-02
7.635000000000e+02 4.278104556317e-02
7.640000000000e+02 4.142515322739e-02
7.645000000000e+02 3.974277226804e-02
7.650000000000e+02 3.779690838194e-02
7.655000000000e+02 3.565886688637e-02
7.660000000000e+02 3.340524622938e-02
7.665000000000e+02 3.111467802671e-02
7.670000000000e+02 2.886447290118e-02
7.675000000000e+02 2.672733744221e-02
7.680000000000e+02 2.476832462409e-02
7.685000000000e+02 2.304216814088e-02
7.690000000000e+02 2.159113097299e-02
7.695000000000e+02 2.044347121912e-02
7.700000000000e+02 1.961259535072e-02
7.705000000000e+02 1.909693244322e-02
7.710000000000e+02 1.888052469622e-02
7.715000000000e+02 1.893429184936e-02
7.720000000000e+02 1.921789207119e-02
7.725000000000e+02 1.968207151754e-02
7.730000000000e+02 2.027137071283e-02
7.735000000000e+02 2.092703950993e-02
7.740000000000e+02 2.159000448021e-02
7.745000000000e+02 2.220373351711e-02
7.750000000000e+02 2.271685202421e-02
7.755000000000e+02 2.308538261382e-02
7.760000000000e+02 2.327450461606e-02
7.765000000000e+02 2.325975935241e-02
7.770000000000e+02 2.302766023650e-02
7.775000000000e+02 2.257570132190e-02
7.780000000000e+02 2.191179186528e-02
7.785000000000e+02 2.105317582808e-02
7.790000000000e+02 2.002492220698e-02
7.795000000000e+02 1.885809316941e-02
7.800000000000e+02 1.758771106452e-02
7.805000000000e+02 1.625065182236e-02
7.810000000000e+02 1.488359086172e-02
7.815000000000e+02 1.352111870355e-02
7.820000000000e+02 1.219412779046e-02
7.825000000000e+02 1.092855070286e-02
7.830000000000e+02 9.744504520264e-03
7.835000000000e+02 8.655868204202e-03
7.840000000000e+02 7.670291393350e-03
7.845000000000e+02 6.789605708704e-03
7.850000000000e+02 6.010585258539e-03
7.855000000000e+02 5.325982972244e-03
7.860000000000e+02 4.725754831477e-03
7.865000000000e+02 4.198375775381e-03
7.870000000000e+02 3.732149381763e-03
7.875000000000e+02 3.316418278036e-03
7.880000000000e+02 2.942593102684e-03
7.885000000000e+02 2.604933827509e-03
7.890000000000e+02 2.301037155531e-03
7.895000000000e+02 2.032006092296e-03
7.900000000000e+02 1.802301081994e-03
7.905000000000e+02 1.619294711903e-03
7.910000000000e+02 1.492572408428e-03
7.915000000000e+02 1.433038444878e-03
7.920000000000e+02 1.451898890224e-03
7.925000000000e+02 1.559600117588e-03
7.930000000000e+02 1.764802804809e-03
7.935000000000e+02 2.073467035225e-03
7.940000000000e+02 2.488114567711e-03
7.945000000000e+02 3.007320364347e-03
7.950000000000e+02 3.625468107884e-03
7.955000000000e+02 4.332784990745e-03
7.960000000000e+02 5.115650919073e-03
7.965000000000e+02 5.957157881870e-03
7.970000000000e+02 6.837877946732e-03
7.975000000000e+02 7.736784354124e-03
7.980000000000e+02 8.632260438180e-03
7.985000000000e+02 9.503126240278e-03
7.990000000000e+02 1.032961298516e-02
7.995000000000e+02 1.109422097216e-02
8.000000000000e+02 1.178240644865e-02
8.005000000000e+02 1.238305690262e-02
8.010000000000e+02 1.288873088962e-02
8.015000000000e+02 1.329565674908e-02
8.020000000000e+02 1.360350301303e-02
8.025000000000e+02 1.381495059855e-02
8.030000000000e+02 1.393511171814e-02
8.035000000000e+02 1.397085173333e-02
8.040000000000e+02 1.393007705792e-02
8.045000000000e+02 1.382105415192e-02
8.050000000000e+02 1.365182145227e-02
8.055000000000e+02 1.342974795047e-02
8.060000000000e+02 1.316127960374e-02
8.065000000000e+02 1.285189873224e-02
8.070000000000e+02 1.250630315646e-02
8.075000000000e+02 1.212879240499e-02
8.080000000000e+02 1.172382930788e-02
8.085000000000e+02 1.129672812261e-02
8.090000000000e+02 1.085440635196e-02
8.095000000000e+02 1.040612774526e-02
8.100000000000e+02 9.964159485500e-03
8.105000000000e+02 9.544267769204e-03
8.110000000000e+02 9.165983011013e-03
8.115000000000e+02 8.852578473367e-03
8.120000000000e+02 8.630723561048e-03
8.125000000000e+02 8.529794301798e-03
8.130000000000e+02 8.580847330638e-03
8.135000000000e+02 8.815288468782e-03
8.140000000000e+02 9.263291080976e-03
8.145000000000e+02 9.952041147166e-03
8.150000000000e+02 1.090390383363e-02
8.155000000000e+02 1.213461894454e-02
8.160000000000e+02 1.365163892742e-02
8.165000000000e+02 1.545272242397e-02
8.170000000000e+02 1.752488846138e-02
8.175000000000e+02 1.984382148522e-02
8.180000000000e+02 2.237379621300e-02
8.185000000000e+02 2.506816482994e-02
8.190000000000e+02 2.787041880634e-02
8.195000000000e+02 3.071580532016e-02
8.200000000000e+02 3.353344581982e-02
8.205000000000e+02 3.624887362426e-02
8.210000000000e+02 3.878688052523e-02
8.215000000000e+02 4.107454084711e-02
8.220000000000e+02 4.304426675471e-02
8.225000000000e+02 4.463674181812e-02
8.230000000000e+02 4.580358152864e-02
8.235000000000e+02 4.650957969874e-02
8.240000000000e+02 4.673441804704e-02
8.245000000000e+02 4.647374185356e-02
8.250000000000e+02 4.573953601520e-02
8.255000000000e+02 4.455977141759e-02
8.260000000000e+02 4.297732928319e-02
8.265000000000e+02 4.104824892684e-02
8.270000000000e+02 3.883937999730e-02
8.275000000000e+02 3.642555176443e-02
8.280000000000e+02 3.388639751516e-02
8.285000000000e+02 3.130299017687e-02
8.290000000000e+02 2.875445485259e-02
8.295000000000e+02 2.631472448051e-02
8.300000000000e+02 2.404959629854e-02
8.305000000000e+02 2.201422970742e-02
8.310000000000e+02 2.025120148607e-02
8.315000000000e+02 1.878920355864e-02
8.320000000000e+02 1.764243343184e-02
8.325000000000e+02 1.681069004325e-02
8.330000000000e+02 1.628015023508e-02
8.335000000000e+02 1.602476553148e-02
8.340000000000e+02 1.600818735423e-02
8.345000000000e+02 1.618610300511e-02
8.350000000000e+02 1.650884606300e-02
8.355000000000e+02 1.692413423747e-02
8.360000000000e+02 1.737978564907e-02
8.365000000000e+02 1.782627091630e-02
8.370000000000e+02 1.821897276405e-02
8.375000000000e+02 1.852004611226e-02
8.380000000000e+02 1.869979834178e-02
8.385000000000e+02 1.873753995562e-02
8.390000000000e+02 1.862188824711e-02
8.395000000000e+02 1.835053887335e-02
8.400000000000e+02 1.792955047877e-02
8.405000000000e+02 1.737221395637e-02
8.410000000000e+02 1.669759908132e-02
8.415000000000e+02 1.592888597260e-02
8.420000000000e+02 1.509159642654e-02
8.425000000000e+02 1.421184037598e-02
8.430000000000e+02 1.331468577867e-02
8.435000000000e+02 1.242274679436e-02
8.440000000000e+02 1.155506622460e-02
8.445000000000e+02 1.072634523923e-02
8.450000000000e+02 9.946547992451e-03
8.455000000000e+02 9.220882555452e-03
8.460000000000e+02 8.550134377827e-03
8.465000000000e+02 7.931305848748e-03
8.470000000000e+02 7.358496863413e-03
8.475000000000e+02 6.823947717725e-03
8.480000000000e+02 6.319157900115e-03
8.485000000000e+02 5.835992765471e-03
8.490000000000e+02 5.367694586932e-03
8.495000000000e+02 4.909724606165e-03
8.500000000000e+02 4.460377596578e-03
8.505000000000e+02 4.021128969617e-03
8.510000000000e+02 3.596695225585e-03
8.515000000000e+02 3.194810086761e-03
8.520000000000e+02 2.825739440860e-03
8.525000000000e+02 2.501576836554e-03
8.530000000000e+02 2.235376457031e-03
8.535000000000e+02 2.040191258691e-03
8.540000000000e+02 1.928089630635e-03
8.545000000000e+02 1.909224201683e-03
8.550000000000e+02 1.991021371998e-03
8.555000000000e+02 2.177550223972e-03
8.560000000000e+02 2.469115455537e-03
8.565000000000e+02 2.862101940860e-03
8.570000000000e+02 3.349079722018e-03
8.575000000000e+02 3.919159046484e-03
8.580000000000e+02 4.558566879543e-03
8.585000000000e+02 5.251400446261e-03
8.590000000000e+02 5.980500928581e-03
8.595000000000e+02 6.728382341302e-03
8.600000000000e+02 7.478147403693e-03
8.605000000000e+02 8.214324126174e-03
8.610000000000e+02 8.923563690169e-03
8.615000000000e+02 9.595151503676e-03
8.620000000000e+02 1.022129823278e-02
8.625000000000e+02 1.079719504470e-02
8.630000000000e+02 1.132083596836e-02
8.635000000000e+02 1.179262880345e-02
8.640000000000e+02 1.221483300872e-02
8.645000000000e+02 1.259087719206e-02
8.650000000000e+02 1.292461911453e-02
8.655000000000e+02 1.321961668309e-02
8.660000000000e+02 1.347847874538e-02
8.665000000000e+02 1.370235948713e-02
8.670000000000e+02 1.389065012359e-02
8.675000000000e+02 1.404090699536e-02
8.680000000000e+02 1.414903708414e-02
8.685000000000e+02 1.420974158404e-02
8.690000000000e+02 1.421719691861e-02
8.695000000000e+02 1.416593199882e-02
8.700000000000e+02 1.405184208044e-02
8.705000000000e+02 1.387326470056e-02
8.710000000000e+02 1.363203303908e-02
8.715000000000e+02 1.333441755873e-02
8.720000000000e+02 1.299186845770e-02
8.725000000000e+02 1.262147944990e-02
8.730000000000e+02 1.224610737125e-02
8.735000000000e+02 1.189410138560e-02
8.740000000000e+02 1.159861904250e-02
8.745000000000e+02 1.139653272086e-02
8.750000000000e+02 1.132695744788e-02
8.755000000000e+02 1.142945795639e-02
8.760000000000e+02 1.174201736311e-02
8.765000000000e+02 1.229887034654e-02
8.770000000000e+02 1.312831871001e-02
8.775000000000e+02 1.425065558355e-02
8.780000000000e+02 1.567632547895e-02
8.785000000000e+02 1.740444064977e-02
8.790000000000e+02 1.942175987662e-02
8.795000000000e+02 2.170221453183e-02
8.800000000000e+02 2.420703965300e-02
8.805000000000e+02 2.688553623610e-02
8.810000000000e+02 2.967645681312e-02
8.815000000000e+02 3.250997157025e-02
8.820000000000e+02 3.531013883723e-02
8.825000000000e+02 3.799777373814e-02
8.830000000000e+02 4.049358397202e-02
8.835000000000e+02 4.272142364398e-02
8.840000000000e+02 4.461150596506e-02
8.845000000000e+02 4.610341420257e-02
8.850000000000e+02 4.714875770587e-02
8.855000000000e+02 4.771333584921e-02
8.860000000000e+02 4.777869650870e-02
8.865000000000e+02 4.734300594742e-02
8.870000000000e+02 4.642118205448e-02
8.875000000000e+02 4.504428081179e-02
8.880000000000e+02 4.325816451188e-02
8.885000000000e+02 4.112151743714e-02
8.890000000000e+02 3.870330833195e-02
8.895000000000e+02 3.607982715763e-02
8.900000000000e+02 3.333144473673e-02
8.905000000000e+02 3.053925680376e-02
8.910000000000e+02 2.778177799898e-02
8.915000000000e+02 2.513184630632e-02
8.920000000000e+02 2.265388471095e-02
8.925000000000e+02 2.040164530324e-02
8.930000000000e+02 1.841653300088e-02
8.935000000000e+02 1.672657318250e-02
8.940000000000e+02 1.534605177148e-02
8.945000000000e+02 1.427581976790e-02
8.950000000000e+02 1.350421900904e-02
8.955000000000e+02 1.300855404358e-02
8.960000000000e+02 1.275700820357e-02
8.965000000000e+02 1.271088169022e-02
8.970000000000e+02 1.282701678128e-02
8.975000000000e+02 1.306027067284e-02
8.980000000000e+02 1.336590004627e-02
8.985000000000e+02 1.370173276762e-02
8.990000000000e+02 1.403002028970e-02
8.995000000000e+02 1.431888805220e-02
9.000000000000e+02 1.454332886530e-02
9.005000000000e+02 1.468571412071e-02
9.010000000000e+02 1.473582781202e-02
9.015000000000e+02 1.469045690674e-02
9.020000000000e+02 1.455259688400e-02
9.025000000000e+02 1.433035177385e-02
9.030000000000e+02 1.403562268123e-02
9.035000000000e+02 1.368268682803e-02
9.040000000000e+02 1.328677031474e-02
9.045000000000e+02 1.286271225184e-02
9.050000000000e+02 1.242380622968e-02
9.055000000000e+02 1.198088825439e-02
9.060000000000e+02 1.154171955437e-02
9.065000000000e+02 1.111068955609e-02
9.070000000000e+02 1.068884045341e-02
9.075000000000e+02 1.027419177597e-02
9.080000000000e+02 9.862322724675e-03
9.085000000000e+02 9.447153112151e-03
9.090000000000e+02 9.021851572371e-03
9.095000000000e+02 8.579792983391e-03
9.100000000000e+02 8.115486096930e-03
9.105000000000e+02 7.625397100759e-03
9.110000000000e+02 7.108604780903e-03
9.115000000000e+02 6.567237278782e-03
9.120000000000e+02 6.006658043910e-03
9.125000000000e+02 5.435388149729e-03
9.130000000000e+02 4.864772238836e-03
9.135000000000e+02 4.308414551053e-03
9.140000000000e+02 3.781428405823e-03
9.145000000000e+02 3.299555980323e-03
9.150000000000e+02 2.878224326374e-03
9.155000000000e+02 2.531607701575e-03
9.160000000000e+02 2.271765211203e-03
9.165000000000e+02 2.107916597739e-03
9.170000000000e+02 2.045908265613e-03
9.175000000000e+02 2.087907105479e-03
9.180000000000e+02 2.232342465993e-03
9.185000000000e+02 2.474097980821e-03
9.190000000000e+02 2.804936262361e-03
9.195000000000e+02 3.214122091322e-03
9.200000000000e+02 3.689194937889e-03
9.205000000000e+02 4.216830536563e-03
9.210000000000e+02 4.783724631145e-03
9.215000000000e+02 5.377430416094e-03
9.220000000000e+02 5.987084774036e-03
9.225000000000e+02 6.603966924134e-03
9.230000000000e+02 7.221845972037e-03
9.235000000000e+02 7.837090189284e-03
9.240000000000e+02 8.448529489051e-03
9.245000000000e+02 9.057082167307e-03
9.250000000000e+02 9.665176115869e-03
9.255000000000e+02 1.027601197103e-02
9.260000000000e+02 1.089272973230e-02
9.265000000000e+02 1.151755016819e-02
9.270000000000e+02 1.215096700072e-02
9.275000000000e+02 1.279106495325e-02
9.280000000000e+02 1.343303216674e-02
9.285000000000e+02 1.406892354474e-02
9.290000000000e+02 1.468771496560e-02
9.295000000000e+02 1.527566803621e-02
9.300000000000e+02 1.581700246622e-02
9.305000000000e+02 1.629484972494e-02
9.310000000000e+02 1.669243901031e-02
9.315000000000e+02 1.699444630912e-02
9.320000000000e+02 1.718842094103e-02
9.325000000000e+02 1.726619271860e-02
9.330000000000e+02 1.722515767895e-02
9.335000000000e+02 1.706934182597e-02
9.340000000000e+02 1.681015062092e-02
9.345000000000e+02 1.646672678164e-02
9.350000000000e+02 1.606585957129e-02
9.355000000000e+02 1.564141405203e-02
9.360000000000e+02 1.523327728969e-02
9.365000000000e+02 1.488584851597e-02
9.370000000000e+02 1.464612993676e-02
9.375000000000e+02 1.456150234068e-02
9.380000000000e+02 1.467729312357e-02
9.385000000000e+02 1.503426222128e-02
9.390000000000e+02 1.566614246017e-02
9.395000000000e+02 1.659737411485e-02
9.400000000000e+02 1.784116858367e-02
9.405000000000e+02 1.939802312352e-02
9.410000000000e+02 2.125478809170e-02
9.415000000000e+02 2.338436115680e-02
9.420000000000e+02 2.574605090713e-02
9.425000000000e+02 2.828661697999e-02
9.430000000000e+02 3.094195725699e-02
9.435000000000e+02 3.363937692721e-02
9.440000000000e+02 3.630034139871e-02
9.445000000000e+02 3.884358707910e-02
9.450000000000e+02 4.118844262535e-02
9.455000000000e+02 4.325819968723e-02
9.460000000000e+02 4.498336729795e-02
9.465000000000e+02 4.630464825191e-02
9.470000000000e+02 4.717548888122e-02
9.475000000000e+02 4.756407490471e-02
9.480000000000e+02 4.745467430261e-02
9.485000000000e+02 4.684826188154e-02
9.490000000000e+02 4.576239743576e-02
9.495000000000e+02 4.423036807449e-02
9.500000000000e+02 4.229964318700e-02
9.505000000000e+02 4.002972552278e-02
9.510000000000e+02 3.748951201844e-02
9.515000000000e+02 3.475430164364e-02
9.520000000000e+02 3.190260339569e-02
9.525000000000e+02 2.901290483968e-02
9.530000000000e+02 2.616055997113e-02
9.535000000000e+02 2.341494489576e-02
9.540000000000e+02 2.083701160568e-02
9.545000000000e+02 1.847734516627e-02
9.550000000000e+02 1.637479947612e-02
9.555000000000e+02 1.455575326662e-02
9.560000000000e+02 1.303399317601e-02
9.565000000000e+02 1.181119661531e-02
9.570000000000e+02 1.087795570798e-02
9.575000000000e+02 1.021525659744e-02
9.580000000000e+02 9.796307338812e-03
9.585000000000e+02 9.588593495530e-03
9.590000000000e+02 9.556034072475e-03
9.595000000000e+02 9.661111683021e-03
9.600000000000e+02 9.866859536924e-03
9.605000000000e+02 1.013860317281e-02
9.610000000000e+02 1.044537567475e-02
9.615000000000e+02 1.076094993245e-02
9.620000000000e+02 1.106445864277e-02
9.625000000000e+02 1.134060042301e-02
9.630000000000e+02 1.157945684682e-02
9.635000000000e+02 1.177596878215e-02
9.640000000000e+02 1.192913970135e-02
9.645000000000e+02 1.204104755169e-02
9.650000000000e+02 1.211575461029e-02
9.655000000000e+02 1.215820620358e-02
9.660000000000e+02 1.217320437991e-02
9.665000000000e+02 1.216453212646e-02
9.670000000000e+02 1.213428842253e-02
9.675000000000e+02 1.208247552475e-02
9.680000000000e+02 1.200685879749e-02
9.685000000000e+02 1.190309766098e-02
9.690000000000e+02 1.176512536378e-02
9.695000000000e+02 1.158573673171e-02
9.700000000000e+02 1.135732804994e-02
9.705000000000e+02 1.107272277265e-02
9.710000000000e+02 1.072601146338e-02
9.715000000000e+02 1.031333451812e-02
9.720000000000e+02 9.833541691549e-03
9.725000000000e+02 9.288672744965e-03
9.730000000000e+02 8.684217839086e-03
9.735000000000e+02 8.029133509197e-03
9.740000000000e+02 7.335608896973e-03
9.745000000000e+02 6.618595982459e-03
9.750000000000e+02 5.895135468778e-03
9.755000000000e+02 5.183525422802e-03
9.760000000000e+02 4.502391653525e-03
9.765000000000e+02 3.869726264825e-03
9.770000000000e+02 3.301963319064e-03
9.775000000000e+02 2.813157918796e-03
9.780000000000e+02 2.414327450173e-03
9.785000000000e+02 2.113001781887e-03
9.790000000000e+02 1.913013743296e-03
9.795000000000e+02 1.814543334018e-03
9.800000000000e+02 1.814410142686e-03
9.805000000000e+02 1.906589757265e-03
9.810000000000e+02 2.082912905965e-03
9.815000000000e+02 2.333891940387e-03
9.820000000000e+02 2.649609127753e-03
9.825000000000e+02 3.020595849069e-03
9.830000000000e+02 3.438631664612e-03
9.835000000000e+02 3.897397398282e-03
9.840000000000e+02 4.392926620697e-03
9.845000000000e+02 4.923814526946e-03
9.850000000000e+02 5.491161234326e-03
9.855000000000e+02 6.098246736298e-03
9.860000000000e+02 6.749955729826e-03
9.865000000000e+02 7.451990792365e-03
9.870000000000e+02 8.209930447463e-03
9.875000000000e+02 9.028203172922e-03
9.880000000000e+02 9.909058236514e-03
9.885000000000e+02 1.085161855430e-02
9.890000000000e+02 1.185109907992e-02
9.895000000000e+02 1.289826647487e-02
9.900000000000e+02 1.397920231858e-02
9.905000000000e+02 1.507541363343e-02
9.910000000000e+02 1.616431212046e-02
9.915000000000e+02 1.722005861782e-02
9.920000000000e+02 1.821474350394e-02
9.925000000000e+02 1.911984877149e-02
9.930000000000e+02 1.990791499645e-02
9.935000000000e+02 2.055431799544e-02
9.940000000000e+02 2.103904696427e-02
9.945000000000e+02 2.134836936009e-02
9.950000000000e+02 2.147626837713e-02
9.955000000000e+02 2.142554678399e-02
9.960000000000e+02 2.120850587716e-02
9.965000000000e+02 2.084712965403e-02
9.970000000000e+02 2.037273087869e-02
9.975000000000e+02 1.982504601793e-02
9.980000000000e+02 1.925079829721e-02
9.985000000000e+02 1.870178044020e-02
9.990000000000e+02 1.823253903813e-02
9.995000000000e+02 1.789776904543e-02
1.000000000000e+03 1.774954791396e-02
1.000500000000e+03 1.783455295801e-02
1.001000000000e+03 1.819141168136e-02
1.001500000000e+03 1.884833245210e-02
1.002000000000e+03 1.982115203997e-02
1.002500000000e+03 2.111191760503e-02
1.003000000000e+03 2.270809470393e-02
1.003500000000e+03 2.458246115703e-02
1.004000000000e+03 2.669371094685e-02
1.004500000000e+03 2.898775470132e-02
1.005000000000e+03 3.139966589408e-02
1.005500000000e+03 3.385618681655e-02
1.006000000000e+03 3.627867766816e-02
1.006500000000e+03 3.858636755554e-02
1.007000000000e+03 4.069974921924e-02
1.007500000000e+03 4.254395091236e-02
1.008000000000e+03 4.405191953472e-02
1.008500000000e+03 4.516725884708e-02
1.009000000000e+03 4.584658479454e-02
1.009500000000e+03 4.606128560526e-02
1.010000000000e+03 4.579860592254e-02
1.010500000000e+03 4.506200995523e-02
1.011000000000e+03 4.387081644585e-02
1.011500000000e+03 4.225913600374e-02
1.012000000000e+03 4.027417689869e-02
1.012500000000e+03 3.797401677711e-02
1.013000000000e+03 3.542496323062e-02
1.013500000000e+03 3.269864436617e-02
1.014000000000e+03 2.986898058971e-02
1.014500000000e+03 2.700919030763e-02
1.015000000000e+03 2.418897526719e-02
1.015500000000e+03 2.147201639215e-02
1.016000000000e+03 1.891388927466e-02
1.016500000000e+03 1.656048138841e-02
1.017000000000e+03 1.444696232088e-02
1.017500000000e+03 1.259732578650e-02
1.018000000000e+03 1.102448984901e-02
1.018500000000e+03 9.730911556602e-03
1.019000000000e+03 8.709645810650e-03
1.019500000000e+03 7.945757201432e-03
1.020000000000e+03 7.417978840097e-03
1.020500000000e+03 7.100504562684e-03
1.021000000000e+03 6.964800487169e-03
1.021500000000e+03 6.981328520240e-03
1.022000000000e+03 7.121087352780e-03
1.022500000000e+03 7.356894691132e-03
1.023000000000e+03 7.664356577675e-03
1.023500000000e+03 8.022494085703e-03
1.024000000000e+03 8.414022752580e-03
1.024500000000e+03 8.825304171649e-03
1.025000000000e+03 9.246010647213e-03
1.025500000000e+03 9.668561389647e-03
1.026000000000e+03 1.008740135182e-02
1.026500000000e+03 1.049820080704e-02
1.027000000000e+03 1.089705486069e-02
1.027500000000e+03 1.127975740258e-02
1.028000000000e+03 1.164121406220e-02
1.028500000000e+03 1.197504439143e-02
1.029000000000e+03 1.227340591785e-02
1.029500000000e+03 1.252705323522e-02
1.030000000000e+03 1.272562537646e-02
1.030500000000e+03 1.285813580327e-02
1.031000000000e+03 1.291362280023e-02
1.031500000000e+03 1.288190504520e-02
1.032000000000e+03 1.275437853906e-02
1.032500000000e+03 1.252478748477e-02
1.033000000000e+03 1.218990331389e-02
1.033500000000e+03 1.175005269971e-02
1.034000000000e+03 1.120944653980e-02
1.034500000000e+03 1.057627669157e-02
1.035000000000e+03 9.862564594458e-03
1.035500000000e+03 9.083764528110e-03
1.036000000000e+03 8.258142765106e-03
1.036500000000e+03 7.405970916708e-03
1.037000000000e+03 6.548586083469e-03
1.037500000000e+03 5.707380947489e-03
1.038000000000e+03 4.902792885435e-03
1.038500000000e+03 4.153362075727e-03
1.039000000000e+03 3.474924311349e-03
1.039500000000e+03 2.879995075706e-03
1.040000000000e+03 2.377388007478e-03
1.040500000000e+03 1.972094099297e-03
1.041000000000e+03 1.665429020752e-03
1.041500000000e+03 1.455436173384e-03
1.042000000000e+03 1.337513894769e-03
1.042500000000e+03 1.305218027866e-03
1.043000000000e+03 1.351177137274e-03
1.043500000000e+03 1.468048050669e-03
1.044000000000e+03 1.649434908052e-03
1.044500000000e+03 1.890695942975e-03
1.045000000000e+03 2.189568847210e-03
1.045500000000e+03 2.546557440438e-03
1.046000000000e+03 2.965038763555e-03
1.046500000000e+03 3.451069591237e-03
1.047000000000e+03 4.012893405174e-03
1.047500000000e+03 4.660171592716e-03
1.048000000000e+03 5.402984463861e-03
1.048500000000e+03 6.250667063710e-03
1.049000000000e+03 7.210560277743e-03
1.049500000000e+03 8.286768191360e-03
1.050000000000e+03 9.479017192069e-03
1.050500000000e+03 1.078171039063e-02
1.051000000000e+03 1.218326250135e-02
1.051500000000e+03 1.366578571222e-02
1.052000000000e+03 1.520517705995e-02
1.052500000000e+03 1.677163355141e-02
1.053000000000e+03 1.833059419697e-02
1.053500000000e+03 1.984407992257e-02
1.054000000000e+03 2.127237480254e-02
1.054500000000e+03 2.257596700337e-02
1.055000000000e+03 2.371764693922e-02
1.055500000000e+03 2.466464487512e-02
1.056000000000e+03 2.539068172116e-02
1.056500000000e+03 2.587780577922e-02
1.057000000000e+03 2.611789502560e-02
1.057500000000e+03 2.611371894315e-02
1.058000000000e+03 2.587947528227e-02
1.058500000000e+03 2.544074431832e-02
1.059000000000e+03 2.483383467977e-02
1.059500000000e+03 2.410452885603e-02
1.060000000000e+03 2.330627106762e-02
1.060500000000e+03 2.249787324382e-02
1.061000000000e+03 2.174084440241e-02
1.061500000000e+03 2.109647294373e-02
1.062000000000e+03 2.062280873157e-02
1.062500000000e+03 2.037170119354e-02
1.063000000000e+03 2.038605036195e-02
1.063500000000e+03 2.069741962000e-02
1.064000000000e+03 2.132414227400e-02
1.064500000000e+03 2.227002979865e-02
1.065000000000e+03 2.352375901492e-02
1.065500000000e+03 2.505898025802e-02
1.066000000000e+03 2.683515075357e-02
1.066500000000e+03 2.879905908643e-02
1.067000000000e+03 3.088696999815e-02
1.067500000000e+03 3.302728586969e-02
1.068000000000e+03 3.514359400455e-02
1.068500000000e+03 3.715794876066e-02
1.069000000000e+03 3.899422580518e-02
1.069500000000e+03 4.058138291650e-02
1.070000000000e+03 4.185646794225e-02
1.070500000000e+03 4.276722932374e-02
1.071000000000e+03 4.327420710300e-02
1.071500000000e+03 4.335221118201e-02
1.072000000000e+03 4.299112709410e-02
1.072500000000e+03 4.219602571186e-02
1.073000000000e+03 4.098659006068e-02
1.073500000000e+03 3.939590763157e-02
1.074000000000e+03 3.746870831564e-02
1.074500000000e+03 3.525915457302e-02
1.075000000000e+03 3.282831030174e-02
1.075500000000e+03 3.024142710516e-02
1.076000000000e+03 2.756519075943e-02
1.076500000000e+03 2.486506663896e-02
1.077000000000e+03 2.220287114057e-02
1.077500000000e+03 1.963467767409e-02
1.078000000000e+03 1.720914186551e-02
1.078500000000e+03 1.496630284716e-02
1.079000000000e+03 1.293688768288e-02
1.079500000000e+03 1.114211596072e-02
1.080000000000e+03 9.593973212548e-03
1.080500000000e+03 8.295896757643e-03
1.081000000000e+03 7.243797236544e-03
1.081500000000e+03 6.427324574704e-03
1.082000000000e+03 5.831279072123e-03
1.082500000000e+03 5.437066996669e-03
1.083000000000e+03 5.224105268930e-03
1.083500000000e+03 5.171090954336e-03
1.084000000000e+03 5.257067345109e-03
1.084500000000e+03 5.462238150260e-03
1.085000000000e+03 5.768503240797e-03
1.085500000000e+03 6.159711945490e-03
1.086000000000e+03 6.621651489227e-03
1.086500000000e+03 7.141807352005e-03
1.087000000000e+03 7.708947849061e-03
1.087500000000e+03 8.312596122164e-03
1.088000000000e+03 8.942458368293e-03
1.088500000000e+03 9.587877272346e-03
1.089000000000e+03 1.023737440492e-02
1.089500000000e+03 1.087833531862e-02
1.090000000000e+03 1.149687707821e-02
1.090500000000e+03 1.207792111460e-02
1.091000000000e+03 1.260547590356e-02
1.091500000000e+03 1.306311543607e-02
1.092000000000e+03 1.343462215612e-02
1.092500000000e+03 1.370474828110e-02
1.093000000000e+03 1.386003827752e-02
1.093500000000e+03 1.388964856348e-02
1.094000000000e+03 1.378609874340e-02
1.094500000000e+03 1.354589198459e-02
1.095000000000e+03 1.316995028872e-02
1.095500000000e+03 1.266382280871e-02
1.096000000000e+03 1.203764112363e-02
1.096500000000e+03 1.130581336999e-02
1.097000000000e+03 1.048646803560e-02
1.097500000000e+03 9.600676671484e-03
1.098000000000e+03 8.671501414365e-03
1.098500000000e+03 7.722926798897e-03
1.099000000000e+03 6.778744845637e-03
1.099500000000e+03 5.861467088359e-03
1.100000000000e+03 4.991336638780e-03
1.100500000000e+03 4.185507533134e-03
1.101000000000e+03 3.457447792127e-03
1.101500000000e+03 2.816607539820e-03
1.102000000000e+03 2.268375165343e-03
1.102500000000e+03 1.814324119518e-03
1.103000000000e+03 1.452731925180e-03
1.103500000000e+03 1.179332822423e-03
1.104000000000e+03 9.882476131545e-04
1.104500000000e+03 8.730200246944e-04
1.105000000000e+03 8.276793670001e-04
1.105500000000e+03 8.477451950989e-04
1.106000000000e+03 9.310915291236e-04
1.106500000000e+03 1.078595952245e-03
1.107000000000e+03 1.294512219375e-03
1.107500000000e+03 1.586523096630e-03
1.108000000000e+03 1.965451899312e-03
1.108500000000e+03 2.444635216665e-03
1.109000000000e+03 3.038984029195e-03
1.109500000000e+03 3.763784178104e-03
1.110000000000e+03 4.633308299087e-03
1.110500000000e+03 5.659328379033e-03
1.111000000000e+03 6.849629764525e-03
1.111500000000e+03 8.206632797895e-03
1.112000000000e+03 9.726226725537e-03
1.112500000000e+03 1.139691199489e-02
1.113000000000e+03 1.319933186564e-02
1.113500000000e+03 1.510625318108e-02
1.114000000000e+03 1.708303035120e-02
1.114500000000e+03 1.908855759534e-02
1.115000000000e+03 2.107668402459e-02
1.115500000000e+03 2.299803609710e-02
1.116000000000e+03 2.480216424869e-02
1.116500000000e+03 2.643990688855e-02
1.117000000000e+03 2.786584703119e-02
1.117500000000e+03 2.904072587439e-02
1.118000000000e+03 2.993367448236e-02
1.118500000000e+03 3.052412978343e-02
1.119000000000e+03 3.080331424016e-02
1.119500000000e+03 3.077517918907e-02
1.120000000000e+03 3.045673891324e-02
1.120500000000e+03 2.987775452207e-02
1.121000000000e+03 2.907976187116e-02
1.121500000000e+03 2.811447404595e-02
1.122000000000e+03 2.704162424205e-02
1.122500000000e+03 2.592634712603e-02
1.123000000000e+03 2.483622402765e-02
1.123500000000e+03 2.383813795441e-02
1.124000000000e+03 2.299509716068e-02
1.124500000000e+03 2.236319003367e-02
1.125000000000e+03 2.198882907113e-02
1.125500000000e+03 2.190642794256e-02
1.126000000000e+03 2.213663378664e-02
1.126500000000e+03 2.268520821421e-02
1.127000000000e+03 2.354261657580e-02
1.127500000000e+03 2.468434783500e-02
1.128000000000e+03 2.607194897944e-02
1.128500000000e+03 2.765472047630e-02
1.129000000000e+03 2.937198495569e-02
1.129500000000e+03 3.115581200495e-02
1.130000000000e+03 3.293405930200e-02
1.130500000000e+03 3.463357552731e-02
1.131000000000e+03 3.618340432457e-02
1.131500000000e+03 3.751783127533e-02
1.132000000000e+03 3.857912713306e-02
1.132500000000e+03 3.931985965618e-02
1.133000000000e+03 3.970467206469e-02
1.133500000000e+03 3.971145683306e-02
1.134000000000e+03 3.933188736836e-02
1.134500000000e+03 3.857130509577e-02
1.135000000000e+03 3.744799355035e-02
1.135500000000e+03 3.599190230774e-02
1.136000000000e+03 3.424291024858e-02
1.136500000000e+03 3.224873832014e-02
1.137000000000e+03 3.006263560916e-02
1.137500000000e+03 2.774096859218e-02
1.138000000000e+03 2.534084178209e-02
1.138500000000e+03 2.291786900697e-02
1.139000000000e+03 2.052419904797e-02
1.139500000000e+03 1.820687850746e-02
1.140000000000e+03 1.600661005873e-02
1.140500000000e+03 1.395693731707e-02
1.141000000000e+03 1.208386022984e-02
1.141500000000e+03 1.040585884125e-02
1.142000000000e+03 8.934280139825e-03
1.142500000000e+03 7.674023796869e-03
1.143000000000e+03 6.624448991899e-03
1.143500000000e+03 5.780416852149e-03
1.144000000000e+03 5.133381556132e-03
1.144500000000e+03 4.672447693055e-03
1.145000000000e+03 4.385321462111e-03
1.145500000000e+03 4.259097821747e-03
1.146000000000e+03 4.280843558916e-03
1.146500000000e+03 4.437956053564e-03
1.147000000000e+03 4.718297776725e-03
1.147500000000e+03 5.110125806499e-03
1.148000000000e+03 5.601852505641e-03
1.148500000000e+03 6.181686812687e-03
1.149000000000e+03 6.837214467572e-03
1.149500000000e+03 7.554979369125e-03
1.150000000000e+03 8.320126964451e-03
1.150500000000e+03 9.116164289616e-03
1.151000000000e+03 9.924880570696e-03
1.151500000000e+03 1.072645801960e-02
1.152000000000e+03 1.149978573903e-02
1.152500000000e+03 1.222297177323e-02
1.153000000000e+03 1.287403067273e-02
1.153500000000e+03 1.343170782679e-02
1.154000000000e+03 1.387638848994e-02
1.154500000000e+03 1.419102991572e-02
1.155000000000e+03 1.436205006541e-02
1.155500000000e+03 1.438010640524e-02
1.156000000000e+03 1.424070340651e-02
1.156500000000e+03 1.394457721482e-02
1.157000000000e+03 1.349781990987e-02
1.157500000000e+03 1.291172288267e-02
1.158000000000e+03 1.220233792373e-02
1.158500000000e+03 1.138977429827e-02
1.159000000000e+03 1.049726897583e-02
1.159500000000e+03 9.550083908894e-03
1.160000000000e+03 8.574297579882e-03
1.160500000000e+03 7.595566937897e-03
1.161000000000e+03 6.637939602464e-03
1.161500000000e+03 5.722794443821e-03
1.162000000000e+03 4.867981363100e-03
1.162500000000e+03 4.087218678569e-03
1.163000000000e+03 3.389789729627e-03
1.163500000000e+03 2.780560208864e-03
1.164000000000e+03 2.260315644780e-03
1.164500000000e+03 1.826395868654e-03
1.165000000000e+03 1.473581756920e-03
1.165500000000e+03 1.195170557411e-03
1.166000000000e+03 9.841610513292e-04
1.166500000000e+03 8.344598047638e-04
1.167000000000e+03 7.420156384199e-04
1.167500000000e+03 7.057916265811e-04
1.168000000000e+03 7.284924481886e-04
1.168500000000e+03 8.169793505916e-04
1.169000000000e+03 9.823245422403e-04
1.169500000000e+03 1.239480336165e-03
1.170000000000e+03 1.606564363830e-03
1.170500000000e+03 2.103789012431e-03
1.171000000000e+03 2.752089155870e-03
1.171500000000e+03 3.571525517603e-03
1.172000000000e+03 4.579560019698e-03
1.172500000000e+03 5.789312872569e-03
1.173000000000e+03 7.207917909831e-03
1.173500000000e+03 8.835092142319e-03
1.174000000000e+03 1.066202751519e-02
1.174500000000e+03 1.267069769507e-02
1.175000000000e+03 1.483365114411e-02
1.175500000000e+03 1.711433492978e-02
1.176000000000e+03 1.946796320524e-02
1.176500000000e+03 2.184291186902e-02
1.177000000000e+03 2.418258852691e-02
1.177500000000e+03 2.642769652280e-02
1.178000000000e+03 2.851878537822e-02
1.178500000000e+03 3.039895918150e-02
1.179000000000e+03 3.201660067624e-02
1.179500000000e+03 3.332796299499e-02
1.180000000000e+03 3.429948367682e-02
1.180500000000e+03 3.490968679961e-02
1.181000000000e+03 3.515055824230e-02
1.181500000000e+03 3.502830527136e-02
1.182000000000e+03 3.456344339677e-02
1.182500000000e+03 3.379018898817e-02
1.183000000000e+03 3.275517346626e-02
1.183500000000e+03 3.151553184583e-02
1.184000000000e+03 3.013645286661e-02
1.184500000000e+03 2.868830790532e-02
1.185000000000e+03 2.724349956480e-02
1.185500000000e+03 2.587318689477e-02
1.186000000000e+03 2.464405166720e-02
1.186500000000e+03 2.361526856265e-02
1.187000000000e+03 2.283583160299e-02
1.187500000000e+03 2.234237029798e-02
1.188000000000e+03 2.215756284648e-02
1.188500000000e+03 2.228922185886e-02
1.189000000000e+03 2.273009228217e-02
1.189500000000e+03 2.345836356796e-02
1.190000000000e+03 2.443886077198e-02
1.190500000000e+03 2.562484432605e-02
1.191000000000e+03 2.696031762666e-02
1.191500000000e+03 2.838271701460e-02
1.192000000000e+03 2.982584147845e-02
1.192500000000e+03 3.122287035298e-02
1.193000000000e+03 3.250931676450e-02
1.193500000000e+03 3.362577245153e-02
1.194000000000e+03 3.452031522102e-02
1.194500000000e+03 3.515047260601e-02
1.195000000000e+03 3.548466280949e-02
1.195500000000e+03 3.550306501903e-02
1.196000000000e+03 3.519790375120e-02
1.196500000000e+03 3.457316408513e-02
1.197000000000e+03 3.364378458838e-02
1.197500000000e+03 3.243440073389e-02
1.198000000000e+03 3.097773224683e-02
1.198500000000e+03 2.931272206325e-02
1.199000000000e+03 2.748254181553e-02
1.199500000000e+03 2.553257881616e-02
1.200000000000e+03 2.350851268217e-02
1.200500000000e+03 2.145457673731e-02
1.201000000000e+03 1.941208122584e-02
1.201500000000e+03 1.741825353913e-02
1.202000000000e+03 1.550542665262e-02
1.202500000000e+03 1.370058244847e-02
1.203000000000e+03 1.202523318172e-02
1.203500000000e+03 1.049560353947e-02
1.204000000000e+03 9.123058816615e-03
1.204500000000e+03 7.914712665305e-03
1.205000000000e+03 6.874141282288e-03
1.205500000000e+03 6.002130001019e-03
1.206000000000e+03 5.297382878297e-03
1.206500000000e+03 4.757135453232e-03
1.207000000000e+03 4.377624524893e-03
1.207500000000e+03 4.154385393601e-03
1.208000000000e+03 4.082365210379e-03
1.208500000000e+03 4.155859466070e-03
1.209000000000e+03 4.368295828612e-03
1.209500000000e+03 4.711904220476e-03
1.210000000000e+03 5.177323136728e-03
1.210500000000e+03 5.753198933631e-03
1.211000000000e+03 6.425836692873e-03
1.211500000000e+03 7.178958175839e-03
1.212000000000e+03 7.993614578878e-03
1.212500000000e+03 8.848289885206e-03
1.213000000000e+03 9.719215485440e-03
1.213500000000e+03 1.058089954686e-02
1.214000000000e+03 1.140685664830e-02
1.214500000000e+03 1.217050582262e-02
1.215000000000e+03 1.284618968853e-02
1.215500000000e+03 1.341025500673e-02
1.216000000000e+03 1.384212674561e-02
1.216500000000e+03 1.412530428838e-02
1.217000000000e+03 1.424821011749e-02
1.217500000000e+03 1.420482816896e-02
1.218000000000e+03 1.399508068495e-02
1.218500000000e+03 1.362490808606e-02
1.219000000000e+03 1.310603511355e-02
1.219500000000e+03 1.245542699975e-02
1.220000000000e+03 1.169446030980e-02
1.220500000000e+03 1.084785289993e-02
1.221000000000e+03 9.942414747836e-03
1.221500000000e+03 9.005694962445e-03
1.222000000000e+03 8.064609043405e-03
1.222500000000e+03 7.144133712245e-03
1.223000000000e+03 6.266154019976e-03
1.223500000000e+03 5.448538985608e-03
1.224000000000e+03 4.704508172626e-03
1.224500000000e+03 4.042333176102e-03
1.225000000000e+03 3.465396113476e-03
1.225500000000e+03 2.972603282864e-03
1.226000000000e+03 2.559127740370e-03
1.226500000000e+03 2.217431285200e-03
1.227000000000e+03 1.938495818406e-03
1.227500000000e+03 1.713177702928e-03
1.228000000000e+03 1.533587795542e-03
1.228500000000e+03 1.394395113510e-03
1.229000000000e+03 1.293954113996e-03
1.229500000000e+03 1.235164344625e-03
1.230000000000e+03 1.225986368352e-03
1.230500000000e+03 1.279558549157e-03
1.231000000000e+03 1.413884301975e-03
1.231500000000e+03 1.651087247202e-03
1.232000000000e+03 2.016260638143e-03
1.232500000000e+03 2.535965610698e-03
1.233000000000e+03 3.236458407749e-03
1.233500000000e+03 4.141748050936e-03
1.234000000000e+03 5.271601498855e-03
1.234500000000e+03 6.639622007215e-03
1.235000000000e+03 8.251527466510e-03
1.235500000000e+03 1.010374867476e-02
1.236000000000e+03 1.218245303168e-02
1.236500000000e+03 1.446307772296e-02
1.237000000000e+03 1.691042925067e-02
1.237500000000e+03 1.947937468765e-02
1.238000000000e+03 2.211611611072e-02
1.238500000000e+03 2.476000529993e-02
1.239000000000e+03 2.734582303934e-02
1.239500000000e+03 2.980641821467e-02
1.240000000000e+03 3.207557817551e-02
1.240500000000e+03 3.409098502338e-02
1.241000000000e+03 3.579710370119e-02
1.241500000000e+03 3.714784763828e-02
1.242000000000e+03 3.810887637278e-02
1.242500000000e+03 3.865939663589e-02
1.243000000000e+03 3.879336294507e-02
1.243500000000e+03 3.852000446601e-02
1.244000000000e+03 3.786364004952e-02
1.244500000000e+03 3.686278093626e-02
1.245000000000e+03 3.556855851158e-02
1.245500000000e+03 3.404255051572e-02
1.246000000000e+03 3.235411121353e-02
1.246500000000e+03 3.057733737175e-02
1.247000000000e+03 2.878782098585e-02
1.247500000000e+03 2.705935047724e-02
1.248000000000e+03 2.546072396681e-02
1.248500000000e+03 2.405283116453e-02
1.249000000000e+03 2.288614486305e-02
1.249500000000e+03 2.199873994181e-02
1.250000000000e+03 2.141492856364e-02
1.250500000000e+03 2.114456660863e-02
1.251000000000e+03 2.118305031036e-02
1.251500000000e+03 2.151198562143e-02
1.252000000000e+03 2.210047811815e-02
1.252500000000e+03 2.290696020158e-02
1.253000000000e+03 2.388144666115e-02
1.253500000000e+03 2.496809068639e-02
1.254000000000e+03 2.610790107228e-02
1.254500000000e+03 2.724147811567e-02
1.255000000000e+03 2.831163051388e-02
1.255500000000e+03 2.926574793217e-02
1.256000000000e+03 3.005782285334e-02
1.256500000000e+03 3.065003953090e-02
1.257000000000e+03 3.101387573087e-02
1.257500000000e+03 3.113069267728e-02
1.258000000000e+03 3.099181836594e-02
1.258500000000e+03 3.059815738506e-02
1.259000000000e+03 2.995938494955e-02
1.259500000000e+03 2.909280265391e-02
1.260000000000e+03 2.802194745291e-02
1.260500000000e+03 2.677505296827e-02
1.261000000000e+03 2.538346320028e-02
1.261500000000e+03 2.388009333370e-02
1.262000000000e+03 2.229802120973e-02
1.262500000000e+03 2.066927718523e-02
1.263000000000e+03 1.902388078902e-02
1.263500000000e+03 1.738915127135e-02
1.264000000000e+03 1.578929737153e-02
1.264500000000e+03 1.424527092394e-02
1.265000000000e+03 1.277485068400e-02
1.265500000000e+03 1.139290817345e-02
1.266000000000e+03 1.011179731066e-02
1.266500000000e+03 8.941804660941e-03
1.267000000000e+03 7.891597485734e-03
1.267500000000e+03 6.968612181516e-03
1.268000000000e+03 6.179335611743e-03
1.268500000000e+03 5.529445365908e-03
1.269000000000e+03 5.023790999981e-03
1.269500000000e+03 4.666215527895e-03
1.270000000000e+03 4.459233480661e-03
1.270500000000e+03 4.403597390645e-03
1.271000000000e+03 4.497797379890e-03
1.271500000000e+03 4.737547626536e-03
1.272000000000e+03 5.115318127021e-03
1.272500000000e+03 5.619969968838e-03
1.273000000000e+03 6.236547243067e-03
1.273500000000e+03 6.946269084565e-03
1.274000000000e+03 7.726751795622e-03
1.274500000000e+03 8.552474545895e-03
1.275000000000e+03 9.395483932282e-03
1.275500000000e+03 1.022631405654e-02
1.276000000000e+03 1.101508111422e-02
1.276500000000e+03 1.173269611755e-02
1.277000000000e+03 1.235212748681e-02
1.277500000000e+03 1.284963779990e-02
1.278000000000e+03 1.320591665189e-02
1.278500000000e+03 1.340703465885e-02
1.279000000000e+03 1.344515208016e-02
1.279500000000e+03 1.331892889226e-02
1.280000000000e+03 1.303360062934e-02
1.280500000000e+03 1.260070481837e-02
1.281000000000e+03 1.203746504445e-02
1.281500000000e+03 1.136586211228e-02
1.282000000000e+03 1.061144289550e-02
1.282500000000e+03 9.801935817775e-03
1.283000000000e+03 8.965756174859e-03
1.283500000000e+03 8.130493618516e-03
1.284000000000e+03 7.321477339401e-03
1.284500000000e+03 6.560511444161e-03
1.285000000000e+03 5.864863771090e-03
1.285500000000e+03 5.246576392454e-03
1.286000000000e+03 4.712146167464e-03
1.286500000000e+03 4.262600135789e-03
1.287000000000e+03 3.893964748297e-03
1.287500000000e+03 3.598101564879e-03
1.288000000000e+03 3.363856829936e-03
1.288500000000e+03 3.178449945345e-03
1.289000000000e+03 3.029007831724e-03
1.289500000000e+03 2.904139781977e-03
1.290000000000e+03 2.795441608600e-03
1.290500000000e+03 2.698819203891e-03
1.291000000000e+03 2.615530155749e-03
1.291500000000e+03 2.552857419190e-03
1.292000000000e+03 2.524350411923e-03
1.292500000000e+03 2.549595063656e-03
1.293000000000e+03 2.653503750148e-03
1.293500000000e+03 2.865146898691e-03
1.294000000000e+03 3.216178447640e-03
1.294500000000e+03 3.738935355599e-03
1.295000000000e+03 4.464315178595e-03
1.295500000000e+03 5.419553783124e-03
1.296000000000e+03 6.626036291367e-03
1.296500000000e+03 8.097277524513e-03
1.297000000000e+03 9.837203156777e-03
1.297500000000e+03 1.183884965180e-02
1.298000000000e+03 1.408358045844e-02
1.298500000000e+03 1.654088899438e-02
1.299000000000e+03 1.916882714504e-02
1.299500000000e+03 2.191506317021e-02
1.300000000000e+03 2.471853706692e-02
1.300500000000e+03 2.751164669270e-02
1.301000000000e+03 3.022286637918e-02
1.301500000000e+03 3.277967325902e-02
1.302000000000e+03 3.511163670625e-02
1.302500000000e+03 3.715351438047e-02
1.303000000000e+03 3.884819513927e-02
1.303500000000e+03 4.014933480143e-02
1.304000000000e+03 4.102354513925e-02
1.304500000000e+03 4.145201877293e-02
1.305000000000e+03 4.143150158749e-02
1.305500000000e+03 4.097455825703e-02
1.306000000000e+03 4.010911350597e-02
1.306500000000e+03 3.887728975604e-02
1.307000000000e+03 3.733359863281e-02
1.307500000000e+03 3.554257735328e-02
1.308000000000e+03 3.357598940100e-02
1.308500000000e+03 3.150973054162e-02
1.309000000000e+03 2.942059497757e-02
1.309500000000e+03 2.738306158188e-02
1.310000000000e+03 2.546625650675e-02
1.310500000000e+03 2.373123635527e-02
1.311000000000e+03 2.222871635502e-02
1.311500000000e+03 2.099734183337e-02
1.312000000000e+03 2.006257037470e-02
1.312500000000e+03 1.943619820248e-02
1.313000000000e+03 1.911652957367e-02
1.313500000000e+03 1.908915431545e-02
1.314000000000e+03 1.932826798194e-02
1.314500000000e+03 1.979844314890e-02
1.315000000000e+03 2.045674046501e-02
1.315500000000e+03 2.125503520975e-02
1.316000000000e+03 2.214242979290e-02
1.316500000000e+03 2.306762492148e-02
1.317000000000e+03 2.398113164471e-02
1.317500000000e+03 2.483722232675e-02
1.318000000000e+03 2.559553958741e-02
1.318500000000e+03 2.622230690614e-02
1.319000000000e+03 2.669111124018e-02
1.319500000000e+03 2.698325492574e-02
1.320000000000e+03 2.708769961967e-02
1.320500000000e+03 2.700064755055e-02
1.321000000000e+03 2.672482358458e-02
1.321500000000e+03 2.626853459514e-02
1.322000000000e+03 2.564458975542e-02
1.322500000000e+03 2.486916646240e-02
1.323000000000e+03 2.396070186219e-02
1.323500000000e+03 2.293887998854e-02
1.324000000000e+03 2.182377028204e-02
1.324500000000e+03 2.063515593023e-02
1.325000000000e+03 1.939207143324e-02
1.325500000000e+03 1.811254950856e-02
1.326000000000e+03 1.681355933084e-02
1.326500000000e+03 1.551110246200e-02
1.327000000000e+03 1.422042075871e-02
1.327500000000e+03 1.295626285501e-02
1.328000000000e+03 1.173315298138e-02
1.328500000000e+03 1.056560800357e-02
1.329000000000e+03 9.468255384546e-03
1.329500000000e+03 8.455815683194e-03
1.330000000000e+03 7.542927299958e-03
1.330500000000e+03 6.743807324593e-03
1.331000000000e+03 6.071759249598e-03
1.331500000000e+03 5.538554643661e-03
1.332000000000e+03 5.153730332998e-03
1.332500000000e+03 4.923854049255e-03
1.333000000000e+03 4.851818925323e-03
1.333500000000e+03 4.936229996366e-03
1.334000000000e+03 5.170943671035e-03
1.334500000000e+03 5.544814019001e-03
1.335000000000e+03 6.041688077430e-03
1.335500000000e+03 6.640676953276e-03
1.336000000000e+03 7.316711317886e-03
1.336500000000e+03 8.041370205540e-03
1.337000000000e+03 8.783952218851e-03
1.337500000000e+03 9.512739734969e-03
1.338000000000e+03 1.019639085589e-02
1.338500000000e+03 1.080538186036e-02
1.339000000000e+03 1.131341575594e-02
1.339500000000e+03 1.169871084460e-02
1.340000000000e+03 1.194508729216e-02
1.340500000000e+03 1.204277942234e-02
1.341000000000e+03 1.198891634898e-02
1.341500000000e+03 1.178763275452e-02
1.342000000000e+03 1.144979394997e-02
1.342500000000e+03 1.099234340264e-02
1.343000000000e+03 1.043730513515e-02
1.343500000000e+03 9.810496176975e-03
1.344000000000e+03 9.140024045969e-03
1.344500000000e+03 8.454659668023e-03
1.345000000000e+03 7.782186086142e-03
1.345500000000e+03 7.147826980869e-03
1.346000000000e+03 6.572856031423e-03
1.346500000000e+03 6.073478529831e-03
1.347000000000e+03 5.660060891634e-03
1.347500000000e+03 5.336762669476e-03
1.348000000000e+03 5.101600614086e-03
1.348500000000e+03 4.946946771263e-03
1.349000000000e+03 4.860434276088e-03
1.349500000000e+03 4.826217213008e-03
1.350000000000e+03 4.826506428912e-03
1.350500000000e+03 4.843283145699e-03
1.351000000000e+03 4.860077997890e-03
1.351500000000e+03 4.863695751342e-03
1.352000000000e+03 4.845766060339e-03
1.352500000000e+03 4.804008345258e-03
1.353000000000e+03 4.743113899185e-03
1.353500000000e+03 4.675169869902e-03
1.354000000000e+03 4.619576599080e-03
1.354500000000e+03 4.602440370590e-03
1.355000000000e+03 4.655456096620e-03
1.355500000000e+03 4.814326881744e-03
1.356000000000e+03 5.116797748273e-03
1.356500000000e+03 5.600407175059e-03
1.357000000000e+03 6.300080807951e-03
1.357500000000e+03 7.245705374860e-03
1.358000000000e+03 8.459826527948e-03
1.358500000000e+03 9.955611556141e-03
1.359000000000e+03 1.173520669260e-02
1.359500000000e+03 1.378859962079e-02
1.360000000000e+03 1.609307178313e-02
1.360500000000e+03 1.861329366509e-02
1.361000000000e+03 2.130208115151e-02
1.361500000000e+03 2.410179435345e-02
1.362000000000e+03 2.694632411563e-02
1.362500000000e+03 2.976357785560e-02
1.363000000000e+03 3.247834742949e-02
1.363500000000e+03 3.501541907827e-02
1.364000000000e+03 3.730277052560e-02
1.364500000000e+03 3.927469387147e-02
1.365000000000e+03 4.087468544853e-02
1.365500000000e+03 4.205795514805e-02
1.366000000000e+03 4.279342723311e-02
1.366500000000e+03 4.306513120990e-02
1.367000000000e+03 4.287291339092e-02
1.367500000000e+03 4.223243550758e-02
1.368000000000e+03 4.117446406079e-02
1.368500000000e+03 3.974349090702e-02
1.369000000000e+03 3.799575978098e-02
1.369500000000e+03 3.599680314607e-02
1.370000000000e+03 3.381861731543e-02
1.370500000000e+03 3.153661995690e-02
1.371000000000e+03 2.922654208962e-02
1.371500000000e+03 2.696140619552e-02
1.372000000000e+03 2.480873330854e-02
1.372500000000e+03 2.282810558849e-02
1.373000000000e+03 2.106918805995e-02
1.373500000000e+03 1.957028537300e-02
1.374000000000e+03 1.835747836858e-02
1.374500000000e+03 1.744435280003e-02
1.375000000000e+03 1.683230070435e-02
1.375500000000e+03 1.651134547497e-02
1.376000000000e+03 1.646141631114e-02
1.376500000000e+03 1.665397776030e-02
1.377000000000e+03 1.705390651109e-02
1.377500000000e+03 1.762150099600e-02
1.378000000000e+03 1.831450983237e-02
1.378500000000e+03 1.909007233721e-02
1.379000000000e+03 1.990647754778e-02
1.379500000000e+03 2.072466626928e-02
1.380000000000e+03 2.150942228027e-02
1.380500000000e+03 2.223022240503e-02
1.381000000000e+03 2.286173909009e-02
1.381500000000e+03 2.338401180907e-02
1.382000000000e+03 2.378232362304e-02
1.382500000000e+03 2.404683532181e-02
1.383000000000e+03 2.417204086033e-02
1.383500000000e+03 2.415611373036e-02
1.384000000000e+03 2.400021431249e-02
1.384500000000e+03 2.370782336466e-02
1.385000000000e+03 2.328415721421e-02
1.385500000000e+03 2.273570684314e-02
1.386000000000e+03 2.206992704342e-02
1.386500000000e+03 2.129508449115e-02
1.387000000000e+03 2.042025632340e-02
1.387500000000e+03 1.945545495013e-02
1.388000000000e+03 1.841184161219e-02
1.388500000000e+03 1.730198161049e-02
1.389000000000e+03 1.614008889957e-02
1.389500000000e+03 1.494220724872e-02
1.390000000000e+03 1.372627945119e-02
1.390500000000e+03 1.251206477550e-02
1.391000000000e+03 1.132087733576e-02
1.391500000000e+03 1.017513335593e-02
1.392000000000e+03 9.097712247837e-03
1.392500000000e+03 8.111153707133e-03
1.393000000000e+03 7.236729312885e-03
1.393500000000e+03 6.493441104782e-03
1.394000000000e+03 5.897010168285e-03
1.394500000000e+03 5.458924474946e-03
1.395000000000e+03 5.185616495969e-03
1.395500000000e+03 5.077837171077e-03
1.396000000000e+03 5.130283782945e-03
1.396500000000e+03 5.331525637518e-03
1.397000000000e+03 5.664254001883e-03
1.397500000000e+03 6.105862612089e-03
1.398000000000e+03 6.629343556234e-03
1.398500000000e+03 7.204461919645e-03
1.399000000000e+03 7.799152728862e-03
1.399500000000e+03 8.381066867183e-03
1.400000000000e+03 8.919179996849e-03
1.400500000000e+03 9.385371102874e-03
1.401000000000e+03 9.755875726426e-03
1.401500000000e+03 1.001252356235e-02
1.402000000000e+03 1.014368072727e-02
1.402500000000e+03 1.014483312816e-02
1.403000000000e+03 1.001876806691e-02
1.403500000000e+03 9.775335265781e-03
1.404000000000e+03 9.430794410237e-03
1.404500000000e+03 9.006782435400e-03
1.405000000000e+03 8.528958442677e-03
1.405500000000e+03 8.025405689443e-03
1.406000000000e+03 7.524887084096e-03
1.406500000000e+03 7.055061842347e-03
1.407000000000e+03 6.640775567270e-03
1.407500000000e+03 6.302533566522e-03
1.408000000000e+03 6.055257718668e-03
1.408500000000e+03 5.907411105794e-03
1.409000000000e+03 5.860552829567e-03
1.409500000000e+03 5.909359192892e-03
1.410000000000e+03 6.042118334748e-03
1.410500000000e+03 6.241675238421e-03
1.411000000000e+03 6.486774678912e-03
1.411500000000e+03 6.753723001313e-03
1.412000000000e+03 7.018267360571e-03
1.412500000000e+03 7.257574684579e-03
1.413000000000e+03 7.452183286795e-03
1.413500000000e+03 7.587798464375e-03
1.414000000000e+03 7.656809818938e-03
1.414500000000e+03 7.659422176447e-03
1.415000000000e+03 7.604313128296e-03
1.415500000000e+03 7.508757185576e-03
1.416000000000e+03 7.398187778445e-03
1.416500000000e+03 7.305202002958e-03
1.417000000000e+03 7.268047102543e-03
1.417500000000e+03 7.328660109810e-03
1.418000000000e+03 7.530360873387e-03
1.418500000000e+03 7.915322066754e-03
1.419000000000e+03 8.521956239594e-03
1.419500000000e+03 9.382368448488e-03
1.420000000000e+03 1.052002288933e-02
1.420500000000e+03 1.194776315196e-02
1.421000000000e+03 1.366630865643e-02
1.421500000000e+03 1.566332543276e-02
1.422000000000e+03 1.791313903937e-02
1.422500000000e+03 2.037712281106e-02
1.423000000000e+03 2.300475777202e-02
1.423500000000e+03 2.573532357519e-02
1.424000000000e+03 2.850014487473e-02
1.424500000000e+03 3.122528662962e-02
1.425000000000e+03 3.383456675833e-02
1.425500000000e+03 3.625273675897e-02
1.426000000000e+03 3.840867138660e-02
1.426500000000e+03 4.023840776050e-02
1.427000000000e+03 4.168788236164e-02
1.427500000000e+03 4.271523076103e-02
1.428000000000e+03 4.329253859770e-02
1.428500000000e+03 4.340696188603e-02
1.429000000000e+03 4.306116843279e-02
1.429500000000e+03 4.227308801486e-02
1.430000000000e+03 4.107499494135e-02
1.430500000000e+03 3.951198064943e-02
1.431000000000e+03 3.763990416026e-02
1.431500000000e+03 3.552293290705e-02
1.432000000000e+03 3.323080434880e-02
1.432500000000e+03 3.083594903753e-02
1.433000000000e+03 2.841061801831e-02
1.433500000000e+03 2.602415170257e-02
1.434000000000e+03 2.374051423087e-02
1.434500000000e+03 2.161619782117e-02
1.435000000000e+03 1.969857703486e-02
1.435500000000e+03 1.802476490145e-02
1.436000000000e+03 1.662099320248e-02
1.436500000000e+03 1.550250975362e-02
1.437000000000e+03 1.467395799755e-02
1.437500000000e+03 1.413018021228e-02
1.438000000000e+03 1.385736646087e-02
1.438500000000e+03 1.383445802007e-02
1.439000000000e+03 1.403470699296e-02
1.439500000000e+03 1.442729326891e-02
1.440000000000e+03 1.497890565961e-02
1.440500000000e+03 1.565520523483e-02
1.441000000000e+03 1.642210458764e-02
1.441500000000e+03 1.724681570251e-02
1.442000000000e+03 1.809863983049e-02
1.442500000000e+03 1.894949377958e-02
1.443000000000e+03 1.977418682626e-02
1.443500000000e+03 2.055047969806e-02
1.444000000000e+03 2.125897065071e-02
1.444500000000e+03 2.188286273561e-02
1.445000000000e+03 2.240767045152e-02
1.445500000000e+03 2.282092298665e-02
1.446000000000e+03 2.311191545540e-02
1.446500000000e+03 2.327154952744e-02
1.447000000000e+03 2.329229155214e-02
1.447500000000e+03 2.316826083596e-02
1.448000000000e+03 2.289544442208e-02
1.448500000000e+03 2.247201888399e-02
1.449000000000e+03 2.189874556714e-02
1.449500000000e+03 2.117939454441e-02
1.450000000000e+03 2.032114521747e-02
1.450500000000e+03 1.933490863459e-02
1.451000000000e+03 1.823551850754e-02
1.451500000000e+03 1.704174453769e-02
1.452000000000e+03 1.577609259074e-02
1.452500000000e+03 1.446437074865e-02
1.453000000000e+03 1.313501729647e-02
1.453500000000e+03 1.181820504210e-02
1.454000000000e+03 1.054475467202e-02
1.454500000000e+03 9.344906738271e-03
1.455000000000e+03 8.247016047741e-03
1.455500000000e+03 7.276242544380e-03
1.456000000000e+03 6.453318344824e-03
1.456500000000e+03 5.793470832351e-03
1.457000000000e+03 5.305576414661e-03
1.457500000000e+03 4.991608875476e-03
1.458000000000e+03 4.846430742672e-03
1.458500000000e+03 4.857956650180e-03
1.459000000000e+03 5.007695476001e-03
1.459500000000e+03 5.271654500671e-03
1.460000000000e+03 5.621565486036e-03
1.460500000000e+03 6.026370984817e-03
1.461000000000e+03 6.453890842272e-03
1.461500000000e+03 6.872575048661e-03
1.462000000000e+03 7.253240880483e-03
1.462500000000e+03 7.570690323872e-03
1.463000000000e+03 7.805108398995e-03
1.463500000000e+03 7.943154074186e-03
1.464000000000e+03 7.978672418516e-03
1.464500000000e+03 7.912978547634e-03
1.465000000000e+03 7.754689478463e-03
1.465500000000e+03 7.519107673672e-03
1.466000000000e+03 7.227188106677e-03
1.466500000000e+03 6.904147332395e-03
1.467000000000e+03 6.577796584708e-03
1.467500000000e+03 6.276699778939e-03
1.468000000000e+03 6.028270188079e-03
1.468500000000e+03 5.856925551843e-03
1.469000000000e+03 5.782419955501e-03
1.469500000000e+03 5.818461929995e-03
1.470000000000e+03 5.971712295487e-03
1.470500000000e+03 6.241233168146e-03
1.471000000000e+03 6.618432548025e-03
1.471500000000e+03 7.087518606518e-03
1.472000000000e+03 7.626446027332e-03
1.472500000000e+03 8.208305479725e-03
1.473000000000e+03 8.803078466684e-03
1.473500000000e+03 9.379655222792e-03
1.474000000000e+03 9.907994625986e-03
1.474500000000e+03 1.036129348014e-02
1.475000000000e+03 1.071802884984e-02
1.475500000000e+03 1.096374172852e-02
1.476000000000e+03 1.109244304272e-02
1.476500000000e+03 1.110754317634e-02
1.477000000000e+03 1.102223272455e-02
1.477500000000e+03 1.085927352851e-02
1.478000000000e+03 1.065019337872e-02
1.478500000000e+03 1.043391307004e-02
1.479000000000e+03 1.025486864483e-02
1.479500000000e+03 1.016072261708e-02
1.480000000000e+03 1.019978385140e-02
1.480500000000e+03 1.041827499544e-02
1.481000000000e+03 1.085759773334e-02
1.481500000000e+03 1.155174891453e-02
1.482000000000e+03 1.252503459053e-02
1.482500000000e+03 1.379021446784e-02
1.483000000000e+03 1.534718706328e-02
1.483500000000e+03 1.718229719723e-02
1.484000000000e+03 1.926831402839e-02
1.484500000000e+03 2.156509154938e-02
1.485000000000e+03 2.402088642440e-02
1.485500000000e+03 2.657427239113e-02
1.486000000000e+03 2.915655821633e-02
1.486500000000e+03 3.169458922335e-02
1.487000000000e+03 3.411379221380e-02
1.487500000000e+03 3.634131129142e-02
1.488000000000e+03 3.830907829718e-02
1.488500000000e+03 3.995666640913e-02
1.489000000000e+03 4.123378856570e-02
1.489500000000e+03 4.210232287699e-02
1.490000000000e+03 4.253777380963e-02
1.490500000000e+03 4.253010904001e-02
1.491000000000e+03 4.208394560737e-02
1.491500000000e+03 4.121809337478e-02
1.492000000000e+03 3.996449683845e-02
1.492500000000e+03 3.836664614961e-02
1.493000000000e+03 3.647755319400e-02
1.493500000000e+03 3.435740740829e-02
1.494000000000e+03 3.207103779066e-02
1.494500000000e+03 2.968531183089e-02
1.495000000000e+03 2.726659884674e-02
1.495500000000e+03 2.487841493450e-02
1.496000000000e+03 2.257935029995e-02
1.496500000000e+03 2.042135836089e-02
1.497000000000e+03 1.844846120025e-02
1.497500000000e+03 1.669589935750e-02
1.498000000000e+03 1.518972728976e-02
1.498500000000e+03 1.394683077002e-02
1.499000000000e+03 1.297532051497e-02
1.499500000000e+03 1.227523869065e-02
1.500000000000e+03 1.183950254764e-02
1.500500000000e+03 1.165500282351e-02
1.501000000000e+03 1.170377385401e-02
1.501500000000e+03 1.196415728571e-02
1.502000000000e+03 1.241189124228e-02
1.502500000000e+03 1.302107080206e-02
1.503000000000e+03 1.376494248959e-02
1.503500000000e+03 1.461651380510e-02
1.504000000000e+03 1.554897718760e-02
1.504500000000e+03 1.653596484935e-02
1.505000000000e+03 1.755166538482e-02
1.505500000000e+03 1.857084392197e-02
1.506000000000e+03 1.956881411796e-02
1.506500000000e+03 2.052141210676e-02
1.507000000000e+03 2.140501955517e-02
1.507500000000e+03 2.219667560073e-02
1.508000000000e+03 2.287430629248e-02
1.508500000000e+03 2.341708617597e-02
1.509000000000e+03 2.380593101337e-02
1.509500000000e+03 2.402410458995e-02
1.510000000000e+03 2.405790744792e-02
1.510500000000e+03 2.389740246223e-02
1.511000000000e+03 2.353712253135e-02
1.511500000000e+03 2.297670016815e-02
1.512000000000e+03 2.222135800641e-02
1.512500000000e+03 2.128220341398e-02
1.513000000000e+03 2.017627938221e-02
1.513500000000e+03 1.892633714611e-02
1.514000000000e+03 1.756031275365e-02
1.514500000000e+03 1.611050894544e-02
1.515000000000e+03 1.461250392591e-02
1.515500000000e+03 1.310382848861e-02
1.516000000000e+03 1.162247107253e-02
1.516500000000e+03 1.020528532625e-02
1.517000000000e+03 8.886385474285e-03
1.517500000000e+03 7.695620314734e-03
1.518000000000e+03 6.657216452631e-03
1.518500000000e+03 5.788675198350e-03
1.519000000000e+03 5.099995636134e-03
1.519500000000e+03 4.593279292522e-03
1.520000000000e+03 4.262750566596e-03
1.520500000000e+03 4.095202886986e-03
1.521000000000e+03 4.070854925429e-03
1.521500000000e+03 4.164575746162e-03
1.522000000000e+03 4.347414156152e-03
1.522500000000e+03 4.588347313699e-03
1.523000000000e+03 4.856148238277e-03
1.523500000000e+03 5.121262349313e-03
1.524000000000e+03 5.357580294679e-03
1.524500000000e+03 5.543998449515e-03
1.525000000000e+03 5.665669467314e-03
1.525500000000e+03 5.714862601276e-03
1.526000000000e+03 5.691376221366e-03
1.526500000000e+03 5.602471709348e-03
1.527000000000e+03 5.462327112763e-03
1.527500000000e+03 5.291038792024e-03
1.528000000000e+03 5.113227939401e-03
1.528500000000e+03 4.956334465857e-03
1.529000000000e+03 4.848701686657e-03
1.529500000000e+03 4.817570096572e-03
1.530000000000e+03 4.887106282751e-03
1.530500000000e+03 5.076593075038e-03
1.531000000000e+03 5.398899251933e-03
1.531500000000e+03 5.859331864568e-03
1.532000000000e+03 6.454952339253e-03
1.532500000000e+03 7.174410225978e-03
1.533000000000e+03 7.998317380017e-03
1.533500000000e+03 8.900152356296e-03
1.534000000000e+03 9.847651864017e-03
1.534500000000e+03 1.080461529316e-02
1.535000000000e+03 1.173302150062e-02
1.535500000000e+03 1.259533592358e-02
1.536000000000e+03 1.335687202848e-02
1.536500000000e+03 1.398806504879e-02
1.537000000000e+03 1.446651837397e-02
1.537500000000e+03 1.477869377727e-02
1.538000000000e+03 1.492113535015e-02
1.538500000000e+03 1.490114250444e-02
1.539000000000e+03 1.473683825044e-02
1.539500000000e+03 1.445661336485e-02
1.540000000000e+03 1.409796301064e-02
1.540500000000e+03 1.370576773879e-02
1.541000000000e+03 1.333010349473e-02
1.541500000000e+03 1.302369332780e-02
1.542000000000e+03 1.283913528574e-02
1.542500000000e+03 1.282605516991e-02
1.543000000000e+03 1.302833857747e-02
1.543500000000e+03 1.348159361848e-02
1.544000000000e+03 1.421098403772e-02
1.544500000000e+03 1.522955287909e-02
1.545000000000e+03 1.653713045241e-02
1.545500000000e+03 1.811988874554e-02
1.546000000000e+03 1.995056941562e-02
1.546500000000e+03 2.198937612903e-02
1.547000000000e+03 2.418548640010e-02
1.547500000000e+03 2.647910524194e-02
1.548000000000e+03 2.880395474666e-02
1.548500000000e+03 3.109007171363e-02
1.549000000000e+03 3.326677082440e-02
1.549500000000e+03 3.526562434351e-02
1.550000000000e+03 3.702331114519e-02
1.550500000000e+03 3.848419776530e-02
1.551000000000e+03 3.960253142437e-02
1.551500000000e+03 4.034414840420e-02
1.552000000000e+03 4.068762929071e-02
1.552500000000e+03 4.062486367076e-02
1.553000000000e+03 4.016101900994e-02
1.553500000000e+03 3.931393974145e-02
1.554000000000e+03 3.811303126193e-02
1.554500000000e+03 3.659770796693e-02
1.555000000000e+03 3.481550337454e-02
1.555500000000e+03 3.281995286680e-02
1.556000000000e+03 3.066836513241e-02
1.556500000000e+03 2.841959697299e-02
1.557000000000e+03 2.613193812800e-02
1.557500000000e+03 2.386119896554e-02
1.558000000000e+03 2.165907540706e-02
1.558500000000e+03 1.957184368498e-02
1.559000000000e+03 1.763941401829e-02
1.559500000000e+03 1.589474863418e-02
1.560000000000e+03 1.436362730998e-02
1.560500000000e+03 1.306472415981e-02
1.561000000000e+03 1.200994389882e-02
1.561500000000e+03 1.120495513065e-02
1.562000000000e+03 1.064985280404e-02
1.562500000000e+03 1.033988197252e-02
1.563000000000e+03 1.026616008337e-02
1.563500000000e+03 1.041634458409e-02
1.564000000000e+03 1.077520572914e-02
1.564500000000e+03 1.132507993208e-02
1.565000000000e+03 1.204619553138e-02
1.565500000000e+03 1.291687906895e-02
1.566000000000e+03 1.391366481625e-02
1.566500000000e+03 1.501134216796e-02
1.567000000000e+03 1.618298372356e-02
1.567500000000e+03 1.740000075624e-02
1.568000000000e+03 1.863227202162e-02
1.568500000000e+03 1.984838654033e-02
1.569000000000e+03 2.101603150436e-02
1.569500000000e+03 2.210254353651e-02
1.570000000000e+03 2.307562617449e-02
1.570500000000e+03 2.390421985157e-02
1.571000000000e+03 2.455949411779e-02
1.571500000000e+03 2.501591671294e-02
1.572000000000e+03 2.525234161945e-02
1.572500000000e+03 2.525304946743e-02
1.573000000000e+03 2.500866946644e-02
1.573500000000e+03 2.451691291933e-02
1.574000000000e+03 2.378305448959e-02
1.574500000000e+03 2.282010853781e-02
1.575000000000e+03 2.164866343235e-02
1.575500000000e+03 2.029635586614e-02
1.576000000000e+03 1.879698868465e-02
1.576500000000e+03 1.718931816380e-02
1.577000000000e+03 1.551555857269e-02
1.577500000000e+03 1.381967171012e-02
1.578000000000e+03 1.214552550475e-02
1.578500000000e+03 1.053501749711e-02
1.579000000000e+03 9.026265136871e-03
1.579500000000e+03 7.651964737913e-03
1.580000000000e+03 6.438014438812e-03
1.580500000000e+03 5.402483835644e-03
1.581000000000e+03 4.554994718167e-03
1.581500000000e+03 3.896554557092e-03
1.582000000000e+03 3.419858387614e-03
1.582500000000e+03 3.110047080548e-03
1.583000000000e+03 2.945882397222e-03
1.583500000000e+03 2.901273431694e-03
1.584000000000e+03 2.947066720531e-03
1.584500000000e+03 3.052994924254e-03
1.585000000000e+03 3.189667750983e-03
1.585500000000e+03 3.330484527177e-03
1.586000000000e+03 3.453350925139e-03
1.586500000000e+03 3.542092774768e-03
1.587000000000e+03 3.587477097696e-03
1.587500000000e+03 3.587773552527e-03
1.588000000000e+03 3.548817029825e-03
1.588500000000e+03 3.483562548178e-03
1.589000000000e+03 3.411155029133e-03
1.589500000000e+03 3.355567038785e-03
1.590000000000e+03 3.343885267627e-03
1.590500000000e+03 3.404349625988e-03
1.591000000000e+03 3.564265863389e-03
1.591500000000e+03 3.847922440819e-03
1.592000000000e+03 4.274644291841e-03
1.592500000000e+03 4.857109877994e-03
1.593000000000e+03 5.600043854374e-03
1.593500000000e+03 6.499376477014e-03
1.594000000000e+03 7.541933814982e-03
1.594500000000e+03 8.705691460525e-03
1.595000000000e+03 9.960590624097e-03
1.595500000000e+03 1.126988128634e-02
1.596000000000e+03 1.259192453098e-02
1.596500000000e+03 1.388235728732e-02
1.597000000000e+03 1.509649925304e-02
1.597500000000e+03 1.619186521034e-02
1.598000000000e+03 1.713063734774e-02
1.598500000000e+03 1.788195213809e-02
1.599000000000e+03 1.842386486816e-02
1.599500000000e+03 1.874487161716e-02
1.600000000000e+03 1.884489239928e-02
1.600500000000e+03 1.873564893816e-02
1.601000000000e+03 1.844040439882e-02
1.601500000000e+03 1.799306838066e-02
1.602000000000e+03 1.743670646802e-02
1.602500000000e+03 1.682152752496e-02
1.603000000000e+03 1.620245172928e-02
1.603500000000e+03 1.563638632349e-02
1.604000000000e+03 1.517935283025e-02
1.604500000000e+03 1.488361808119e-02
1.605000000000e+03 1.479498136980e-02
1.605500000000e+03 1.495036141128e-02
1.606000000000e+03 1.537581012282e-02
1.606500000000e+03 1.608505655794e-02
1.607000000000e+03 1.707865506147e-02
1.607500000000e+03 1.834377860878e-02
1.608000000000e+03 1.985466330203e-02
1.608500000000e+03 2.157367516148e-02
1.609000000000e+03 2.345293767107e-02
1.609500000000e+03 2.543642986165e-02
1.610000000000e+03 2.746244162064e-02
1.610500000000e+03 2.946625662162e-02
1.611000000000e+03 3.138292456521e-02
1.611500000000e+03 3.314998363652e-02
1.612000000000e+03 3.471000105769e-02
1.612500000000e+03 3.601281373228e-02
1.613000000000e+03 3.701737120530e-02
1.613500000000e+03 3.769310812962e-02
1.614000000000e+03 3.802080150778e-02
1.614500000000e+03 3.799289740327e-02
1.615000000000e+03 3.761332078554e-02
1.615500000000e+03 3.689680897698e-02
1.616000000000e+03 3.586783227593e-02
1.616500000000e+03 3.455918349630e-02
1.617000000000e+03 3.301033049367e-02
1.617500000000e+03 3.126563174902e-02
1.618000000000e+03 2.937251468026e-02
1.618500000000e+03 2.737970989322e-02
1.619000000000e+03 2.533562278834e-02
1.619500000000e+03 2.328690785577e-02
1.620000000000e+03 2.127729190918e-02
1.620500000000e+03 1.934667187185e-02
1.621000000000e+03 1.753049202992e-02
1.621500000000e+03 1.585938635221e-02
1.622000000000e+03 1.435905483426e-02
1.622500000000e+03 1.305032991944e-02
1.623000000000e+03 1.194938063739e-02
1.623500000000e+03 1.106799859058e-02
1.624000000000e+03 1.041391135450e-02
1.624500000000e+03 9.991074908319e-03
1.625000000000e+03 9.799906724501e-03
1.625500000000e+03 9.837434169823e-03
1.626000000000e+03 1.009734775667e-02
1.626500000000e+03 1.056996425031e-02
1.627000000000e+03 1.124211937766e-02
1.627500000000e+03 1.209702265002e-02
1.628000000000e+03 1.311411652017e-02
1.628500000000e+03 1.426898788887e-02
1.629000000000e+03 1.553338130511e-02
1.629500000000e+03 1.687535985346e-02
1.630000000000e+03 1.825965183562e-02
1.630500000000e+03 1.964820942584e-02
1.631000000000e+03 2.100099032258e-02
1.631500000000e+03 2.227695610759e-02
1.632000000000e+03 2.343526281978e-02
1.632500000000e+03 2.443660151852e-02
1.633000000000e+03 2.524463071729e-02
1.633500000000e+03 2.582742978599e-02
1.634000000000e+03 2.615889383808e-02
1.634500000000e+03 2.621998705758e-02
1.635000000000e+03 2.599977337257e-02
1.635500000000e+03 2.549615096650e-02
1.636000000000e+03 2.471623006694e-02
1.636500000000e+03 2.367631111749e-02
1.637000000000e+03 2.240144182970e-02
1.637500000000e+03 2.092455545585e-02
1.638000000000e+03 1.928521743883e-02
1.638500000000e+03 1.752803179449e-02
1.639000000000e+03 1.570078057017e-02
1.639500000000e+03 1.385238800507e-02
1.640000000000e+03 1.203081430205e-02
1.640500000000e+03 1.028099120235e-02
1.641000000000e+03 8.642912196527e-03
1.641500000000e+03 7.149983980754e-03
1.642000000000e+03 5.827732883424e-03
1.642500000000e+03 4.692941086692e-03
1.643000000000e+03 3.753263585312e-03
1.643500000000e+03 3.007349339663e-03
1.644000000000e+03 2.445460622622e-03
1.644500000000e+03 2.050554921854e-03
1.645000000000e+03 1.799765773636e-03
1.645500000000e+03 1.666194336793e-03
1.646000000000e+03 1.620903945042e-03
1.646500000000e+03 1.634996596884e-03
1.647000000000e+03 1.681644275247e-03
1.647500000000e+03 1.737949618247e-03
1.648000000000e+03 1.786519800951e-03
1.648500000000e+03 1.816654067200e-03
1.649000000000e+03 1.825068247409e-03
1.649500000000e+03 1.816107484027e-03
1.650000000000e+03 1.801429606639e-03
1.650500000000e+03 1.799174273880e-03
1.651000000000e+03 1.832665135580e-03
1.651500000000e+03 1.928721886106e-03
1.652000000000e+03 2.115684330066e-03
1.652500000000e+03 2.421269868825e-03
1.653000000000e+03 2.870397893490e-03
1.653500000000e+03 3.483118623426e-03
1.654000000000e+03 4.272779628955e-03
1.654500000000e+03 5.244550801931e-03
1.655000000000e+03 6.394408569452e-03
1.655500000000e+03 7.708653827545e-03
1.656000000000e+03 9.164006942312e-03
1.656500000000e+03 1.072828906846e-02
1.657000000000e+03 1.236166400261e-02
1.657500000000e+03 1.401838092473e-02
1.658000000000e+03 1.564892772625e-02
1.658500000000e+03 1.720247903666e-02
1.659000000000e+03 1.862950409939e-02
1.659500000000e+03 1.988438847736e-02
1.660000000000e+03 2.092792088748e-02
1.660500000000e+03 2.172950246263e-02
1.661000000000e+03 2.226895008732e-02
1.661500000000e+03 2.253778732291e-02
1.662000000000e+03 2.253994454700e-02
1.662500000000e+03 2.229182263251e-02
1.663000000000e+03 2.182170986333e-02
1.663500000000e+03 2.116857775325e-02
1.664000000000e+03 2.038031590091e-02
1.664500000000e+03 1.951149697686e-02
1.665000000000e+03 1.862078861724e-02
1.665500000000e+03 1.776814793717e-02
1.666000000000e+03 1.701194553312e-02
1.666500000000e+03 1.640616864233e-02
1.667000000000e+03 1.599784749914e-02
1.667500000000e+03 1.582483530067e-02
1.668000000000e+03 1.591405146379e-02
1.668500000000e+03 1.628027133104e-02
1.669000000000e+03 1.692551479234e-02
1.669500000000e+03 1.783905328694e-02
1.670000000000e+03 1.899802129070e-02
1.670500000000e+03 2.036858662051e-02
1.671000000000e+03 2.190760550668e-02
1.671500000000e+03 2.356466496258e-02
1.672000000000e+03 2.528439774949e-02
1.672500000000e+03 2.700894502416e-02
1.673000000000e+03 2.868043895050e-02
1.673500000000e+03 3.024338207932e-02
1.674000000000e+03 3.164681163005e-02
1.674500000000e+03 3.284615402336e-02
1.675000000000e+03 3.380469685534e-02
1.675500000000e+03 3.449463046640e-02
1.676000000000e+03 3.489763769273e-02
1.676500000000e+03 3.500503660368e-02
1.677000000000e+03 3.481750541249e-02
1.677500000000e+03 3.434443985679e-02
1.678000000000e+03 3.360301000242e-02
1.678500000000e+03 3.261699478461e-02
1.679000000000e+03 3.141547819767e-02
1.679500000000e+03 3.003149081553e-02
1.680000000000e+03 2.850067459573e-02
1.680500000000e+03 2.686003838132e-02
1.681000000000e+03 2.514685716029e-02
1.681500000000e+03 2.339775119527e-02
1.682000000000e+03 2.164796295872e-02
1.682500000000e+03 1.993083180392e-02
1.683000000000e+03 1.827744981608e-02
1.683500000000e+03 1.671646851355e-02
1.684000000000e+03 1.527401596739e-02
1.684500000000e+03 1.397367814128e-02
1.685000000000e+03 1.283649714334e-02
1.685500000000e+03 1.188094258994e-02
1.686000000000e+03 1.112282001694e-02
1.686500000000e+03 1.057509152396e-02
1.687000000000e+03 1.024759762276e-02
1.687500000000e+03 1.014668440747e-02
1.688000000000e+03 1.027475538997e-02
1.688500000000e+03 1.062978135423e-02
1.689000000000e+03 1.120481316311e-02
1.689500000000e+03 1.198755055839e-02
1.690000000000e+03 1.296002383642e-02
1.690500000000e+03 1.409844437368e-02
1.691000000000e+03 1.537327418515e-02
1.691500000000e+03 1.674955425474e-02
1.692000000000e+03 1.818751686443e-02
1.692500000000e+03 1.964348947200e-02
1.693000000000e+03 2.107107800646e-02
1.693500000000e+03 2.242259711658e-02
1.694000000000e+03 2.365069535291e-02
1.694500000000e+03 2.471010592701e-02
1.695000000000e+03 2.555943988912e-02
1.695500000000e+03 2.616292942876e-02
1.696000000000e+03 2.649202536652e-02
1.696500000000e+03 2.652675526521e-02
1.697000000000e+03 2.625675704655e-02
1.697500000000e+03 2.568191725208e-02
1.698000000000e+03 2.481256243748e-02
1.698500000000e+03 2.366917557815e-02
1.699000000000e+03 2.228163543880e-02
1.699500000000e+03 2.068800405303e-02
1.700000000000e+03 1.893291408496e-02
1.700500000000e+03 1.706563221294e-02
1.701000000000e+03 1.513789519258e-02
1.701500000000e+03 1.320163053929e-02
1.702000000000e+03 1.130668273377e-02
1.702500000000e+03 9.498667788971e-03
1.703000000000e+03 7.817073644633e-03
1.703500000000e+03 6.293711347096e-03
1.704000000000e+03 4.951602955569e-03
1.704500000000e+03 3.804367632751e-03
1.705000000000e+03 2.856138833947e-03
1.705500000000e+03 2.102014583756e-03
1.706000000000e+03 1.529011380617e-03
1.706500000000e+03 1.117462213237e-03
1.707000000000e+03 8.427723684416e-04
1.707500000000e+03 6.774248399525e-04
1.708000000000e+03 5.931116122980e-04
1.708500000000e+03 5.628589191762e-04
1.709000000000e+03 5.630143447169e-04
1.709500000000e+03 5.749714497711e-04
1.710000000000e+03 5.865230689931e-04
1.710500000000e+03 5.927566679460e-04
1.711000000000e+03 5.964328787093e-04
1.711500000000e+03 6.078199011919e-04
1.712000000000e+03 6.439899723777e-04
1.712500000000e+03 7.276175354566e-04
1.713000000000e+03 8.853500444956e-04
1.713500000000e+03 1.145849591721e-03
1.714000000000e+03 1.537625050696e-03
1.714500000000e+03 2.086788838002e-03
1.715000000000e+03 2.814878779909e-03
1.715500000000e+03 3.736883485837e-03
1.716000000000e+03 4.859599145685e-03
1.716500000000e+03 6.180427364830e-03
1.717000000000e+03 7.686698585440e-03
1.717500000000e+03 9.355575289255e-03
1.718000000000e+03 1.115455533063e-02
1.718500000000e+03 1.304256042493e-02
1.719000000000e+03 1.497156012201e-02
1.719500000000e+03 1.688864960128e-02
1.720000000000e+03 1.873847224653e-02
1.720500000000e+03 2.046585682926e-02
1.721000000000e+03 2.201852551099e-02
1.721500000000e+03 2.334972357384e-02
1.722000000000e+03 2.442062511620e-02
1.722500000000e+03 2.520238069543e-02
1.723000000000e+03 2.567769235633e-02
1.723500000000e+03 2.584182748351e-02
1.724000000000e+03 2.570301390814e-02
1.724500000000e+03 2.528219284861e-02
1.725000000000e+03 2.461214155643e-02
1.725500000000e+03 2.373601191197e-02
1.726000000000e+03 2.270536267844e-02
1.726500000000e+03 2.157778988288e-02
1.727000000000e+03 2.041428035495e-02
1.727500000000e+03 1.927642670788e-02
1.728000000000e+03 1.822364733988e-02
1.728500000000e+03 1.731055218771e-02
1.729000000000e+03 1.658458429957e-02
1.729500000000e+03 1.608404958260e-02
1.730000000000e+03 1.583662350606e-02
1.730500000000e+03 1.585839561651e-02
1.731000000000e+03 1.615348218197e-02
1.731500000000e+03 1.671420598955e-02
1.732000000000e+03 1.752181213120e-02
1.732500000000e+03 1.854766127157e-02
1.733000000000e+03 1.975481892514e-02
1.733500000000e+03 2.109994189220e-02
1.734000000000e+03 2.253535205278e-02
1.734500000000e+03 2.401118360659e-02
1.735000000000e+03 2.547749255466e-02
1.735500000000e+03 2.688622629158e-02
1.736000000000e+03 2.819296578322e-02
1.736500000000e+03 2.935837178397e-02
1.737000000000e+03 3.034928850132e-02
1.737500000000e+03 3.113948150706e-02
1.738000000000e+03 3.171000994432e-02
1.738500000000e+03 3.204925468070e-02
1.739000000000e+03 3.215264266576e-02
1.739500000000e+03 3.202212227480e-02
1.740000000000e+03 3.166545408703e-02
1.740500000000e+03 3.109538594402e-02
1.741000000000e+03 3.032878023440e-02
1.741500000000e+03 2.938575549952e-02
1.742000000000e+03 2.828889433720e-02
1.742500000000e+03 2.706255617202e-02
1.743000000000e+03 2.573231794221e-02
1.743500000000e+03 2.432454943467e-02
1.744000000000e+03 2.286611421416e-02
1.744500000000e+03 2.138417310646e-02
1.745000000000e+03 1.990605611318e-02
1.745500000000e+03 1.845916132688e-02
1.746000000000e+03 1.707083644234e-02
1.746500000000e+03 1.576820005523e-02
1.747000000000e+03 1.457786596947e-02
1.747500000000e+03 1.352554372799e-02
1.748000000000e+03 1.263550175029e-02
1.748500000000e+03 1.192989476313e-02
1.749000000000e+03 1.142797342517e-02
1.749500000000e+03 1.114520985760e-02
1.750000000000e+03 1.109238688940e-02
1.750500000000e+03 1.127470999257e-02
1.751000000000e+03 1.169100809599e-02
1.751500000000e+03 1.233309196462e-02
1.752000000000e+03 1.318533618101e-02
1.752500000000e+03 1.422454289651e-02
1.753000000000e+03 1.542013273581e-02
1.753500000000e+03 1.673469120887e-02
1.754000000000e+03 1.812487870409e-02
1.754500000000e+03 1.954268986096e-02
1.755000000000e+03 2.093702529245e-02
1.755500000000e+03 2.225551677615e-02
1.756000000000e+03 2.344652767342e-02
1.756500000000e+03 2.446123486971e-02
1.757000000000e+03 2.525568814090e-02
1.757500000000e+03 2.579273842604e-02
1.758000000000e+03 2.604372855209e-02
1.758500000000e+03 2.598984861861e-02
1.759000000000e+03 2.562307320398e-02
1.759500000000e+03 2.494661806622e-02
1.760000000000e+03 2.397487898117e-02
1.760500000000e+03 2.273284336563e-02
1.761000000000e+03 2.125499472908e-02
1.761500000000e+03 1.958375900731e-02
1.762000000000e+03 1.776756866255e-02
1.762500000000e+03 1.585864339432e-02
1.763000000000e+03 1.391060390320e-02
1.763500000000e+03 1.197604620532e-02
1.764000000000e+03 1.010420770858e-02
1.764500000000e+03 8.338852277575e-03
1.765000000000e+03 6.716489945832e-03
1.765500000000e+03 5.265028367842e-03
1.766000000000e+03 4.002928563132e-03
1.766500000000e+03 2.938908400365e-03
1.767000000000e+03 2.072205308257e-03
1.767500000000e+03 1.393376786522e-03
1.768000000000e+03 8.855854107115e-04
1.768500000000e+03 5.262861227000e-04
1.769000000000e+03 2.892094557383e-04
1.769500000000e+03 1.465164662332e-04
1.770000000000e+03 7.099066999699e-05
1.770500000000e+03 3.812990216535e-05
1.771000000000e+03 2.800693965458e-05
1.771500000000e+03 2.678164012511e-05
1.772000000000e+03 2.776846732175e-05
1.772500000000e+03 3.199034994286e-05
1.773000000000e+03 4.818124862221e-05
1.773500000000e+03 9.223369724571e-05
1.774000000000e+03 1.861218948140e-04
1.774500000000e+03 3.563635711833e-04
1.775000000000e+03 6.321128452080e-04
1.775500000000e+03 1.042999862939e-03
1.776000000000e+03 1.616849695638e-03
1.776500000000e+03 2.377421755599e-03
1.777000000000e+03 3.342311292404e-03
1.777500000000e+03 4.521146316381e-03
1.778000000000e+03 5.914197028757e-03
1.778500000000e+03 7.511491475863e-03
1.779000000000e+03 9.292502073410e-03
1.779500000000e+03 1.122643459692e-02
1.780000000000e+03 1.327311617456e-02
1.780500000000e+03 1.538444383681e-02
1.781000000000e+03 1.750632235213e-02
1.781500000000e+03 1.958099135337e-02
1.782000000000e+03 2.154961882698e-02
1.782500000000e+03 2.335502223406e-02
1.783000000000e+03 2.494437076189e-02
1.783500000000e+03 2.627172288594e-02
1.784000000000e+03 2.730026246514e-02
1.784500000000e+03 2.800411340839e-02
1.785000000000e+03 2.836963649268e-02
1.785500000000e+03 2.839614074106e-02
1.786000000000e+03 2.809597414595e-02
1.786500000000e+03 2.749399251858e-02
1.787000000000e+03 2.662643885637e-02
1.787500000000e+03 2.553929689674e-02
1.788000000000e+03 2.428620968485e-02
1.788500000000e+03 2.292607551781e-02
1.789000000000e+03 2.152044839423e-02
1.789500000000e+03 2.013087738035e-02
1.790000000000e+03 1.881631884803e-02
1.790500000000e+03 1.763074756623e-02
1.791000000000e+03 1.662107780318e-02
1.791500000000e+03 1.582548498882e-02
1.792000000000e+03 1.527219348782e-02
1.792500000000e+03 1.497876826745e-02
1.793000000000e+03 1.495191945737e-02
1.793500000000e+03 1.518780075555e-02
1.794000000000e+03 1.567275699285e-02
1.794500000000e+03 1.638445439508e-02
1.795000000000e+03 1.729331034238e-02
1.795500000000e+03 1.836412853914e-02
1.796000000000e+03 1.955784088730e-02
1.796500000000e+03 2.083325899870e-02
1.797000000000e+03 2.214874578269e-02
1.797500000000e+03 2.346373012734e-02
1.798000000000e+03 2.474000427410e-02
1.798500000000e+03 2.594276276065e-02
1.799000000000e+03 2.704136233001e-02
1.799500000000e+03 2.800980250671e-02
1.800000000000e+03 2.882694521455e-02
1.800500000000e+03 2.947650761861e-02
1.801000000000e+03 2.994687431799e-02
1.801500000000e+03 3.023078241240e-02
1.802000000000e+03 3.032493547816e-02
1.802500000000e+03 3.022960015056e-02
1.803000000000e+03 2.994823221019e-02
1.803500000000e+03 2.948716852492e-02
1.804000000000e+03 2.885540789125e-02
1.804500000000e+03 2.806448892242e-02
1.805000000000e+03 2.712845793059e-02
1.805500000000e+03 2.606390553801e-02
1.806000000000e+03 2.489003873720e-02
1.806500000000e+03 2.362874633948e-02
1.807000000000e+03 2.230461099215e-02
1.807500000000e+03 2.094482068638e-02
1.808000000000e+03 1.957893705596e-02
1.808500000000e+03 1.823848655726e-02
1.809000000000e+03 1.695635325636e-02
1.809500000000e+03 1.576596755352e-02
1.810000000000e+03 1.470030262517e-02
1.810500000000e+03 1.379070836277e-02
1.811000000000e+03 1.306562976360e-02
1.811500000000e+03 1.254927171947e-02
1.812000000000e+03 1.226028371433e-02
1.812500000000e+03 1.221054504064e-02
1.813000000000e+03 1.240413302284e-02
1.813500000000e+03 1.283655298311e-02
1.814000000000e+03 1.349429926796e-02
1.814500000000e+03 1.435480193758e-02
1.815000000000e+03 1.538679444106e-02
1.815500000000e+03 1.655111483748e-02
1.816000000000e+03 1.780192822568e-02
1.816500000000e+03 1.908833255172e-02
1.817000000000e+03 2.035628550523e-02
1.817500000000e+03 2.155076840677e-02
1.818000000000e+03 2.261808532454e-02
1.818500000000e+03 2.350818340755e-02
1.819000000000e+03 2.417687454493e-02
1.819500000000e+03 2.458783953573e-02
1.820000000000e+03 2.471430413025e-02
1.820500000000e+03 2.454029129050e-02
1.821000000000e+03 2.406137508041e-02
1.821500000000e+03 2.328488761036e-02
1.822000000000e+03 2.222955995745e-02
1.822500000000e+03 2.092460925367e-02
1.823000000000e+03 1.940831532198e-02
1.823500000000e+03 1.772615945747e-02
1.824000000000e+03 1.592862340121e-02
1.824500000000e+03 1.406876663992e-02
1.825000000000e+03 1.219971359438e-02
1.825500000000e+03 1.037218813144e-02
1.826000000000e+03 8.632230696554e-03
1.826500000000e+03 7.019223250749e-03
1.827000000000e+03 5.564329625692e-03
1.827500000000e+03 4.289434870545e-03
1.828000000000e+03 3.206638036634e-03
1.828500000000e+03 2.318320346984e-03
1.829000000000e+03 1.617776755802e-03
1.829500000000e+03 1.090365555592e-03
1.830000000000e+03 7.150999507738e-04
1.830500000000e+03 4.665792557418e-04
1.831000000000e+03 3.171372008805e-04
1.831500000000e+03 2.390719889031e-04
1.832000000000e+03 2.068180426230e-04
1.832500000000e+03 1.989231392244e-04
1.833000000000e+03 1.997066365791e-04
1.833500000000e+03 2.004940628427e-04
1.834000000000e+03 2.003492981958e-04
1.834500000000e+03 2.062563713340e-04
1.835000000000e+03 2.327366706355e-04
1.835500000000e+03 3.009220921778e-04
1.836000000000e+03 4.371382159853e-04
1.836500000000e+03 6.710819867787e-04
1.837000000000e+03 1.033703737463e-03
1.837500000000e+03 1.554922197427e-03
1.838000000000e+03 2.261312236926e-03
1.838500000000e+03 3.173907842337e-03
1.839000000000e+03 4.306257031601e-03
1.839500000000e+03 5.662851456948e-03
1.840000000000e+03 7.238032147786e-03
1.840500000000e+03 9.015445504986e-03
1.841000000000e+03 1.096809191438e-02
1.841500000000e+03 1.305897510316e-02
1.842000000000e+03 1.524232566402e-02
1.842500000000e+03 1.746533907645e-02
1.843000000000e+03 1.967033901291e-02
1.843500000000e+03 2.179725245471e-02
1.844000000000e+03 2.378626554674e-02
1.844500000000e+03 2.558051917695e-02
1.845000000000e+03 2.712870148268e-02
1.845500000000e+03 2.838740088368e-02
1.846000000000e+03 2.932309734402e-02
1.846500000000e+03 2.991369044705e-02
1.847000000000e+03 3.014948920453e-02
1.847500000000e+03 3.003361868436e-02
1.848000000000e+03 2.958183069964e-02
1.848500000000e+03 2.882173803053e-02
1.849000000000e+03 2.779152206429e-02
1.849500000000e+03 2.653819059014e-02
1.850000000000e+03 2.511548428691e-02
1.850500000000e+03 2.358154603779e-02
1.851000000000e+03 2.199647584975e-02
1.851500000000e+03 2.041989554166e-02
1.852000000000e+03 1.890864163636e-02
1.852500000000e+03 1.751469263259e-02
1.853000000000e+03 1.628341900348e-02
1.853500000000e+03 1.525222215716e-02
1.854000000000e+03 1.444960371002e-02
1.854500000000e+03 1.389468040358e-02
1.855000000000e+03 1.359713449714e-02
1.855500000000e+03 1.355756605622e-02
1.856000000000e+03 1.376819361107e-02
1.856500000000e+03 1.421383428300e-02
1.857000000000e+03 1.487308443770e-02
1.857500000000e+03 1.571961760723e-02
1.858000000000e+03 1.672351781770e-02
1.858500000000e+03 1.785257317050e-02
1.859000000000e+03 1.907346580916e-02
1.859500000000e+03 2.035280922681e-02
1.860000000000e+03 2.165800098870e-02
1.860500000000e+03 2.295787699622e-02
1.861000000000e+03 2.422317101784e-02
1.861500000000e+03 2.542679904928e-02
1.862000000000e+03 2.654400099898e-02
1.862500000000e+03 2.755238132660e-02
1.863000000000e+03 2.843189500526e-02
1.863500000000e+03 2.916482528311e-02
1.864000000000e+03 2.973579530217e-02
1.864500000000e+03 3.013184714954e-02
1.865000000000e+03 3.034261013865e-02
1.865500000000e+03 3.036056606877e-02
1.866000000000e+03 3.018140408875e-02
1.866500000000e+03 2.980444288454e-02
1.867000000000e+03 2.923308450071e-02
1.867500000000e+03 2.847525337623e-02
1.868000000000e+03 2.754376711564e-02
1.868500000000e+03 2.645658285807e-02
1.869000000000e+03 2.523686525692e-02
1.869500000000e+03 2.391282909337e-02
1.870000000000e+03 2.251732110762e-02
1.870500000000e+03 2.108712107598e-02
1.871000000000e+03 1.966196052163e-02
1.871500000000e+03 1.828327749898e-02
1.872000000000e+03 1.699274625304e-02
1.872500000000e+03 1.583063976603e-02
1.873000000000e+03 1.483409983417e-02
1.873500000000e+03 1.403540206604e-02
1.874000000000e+03 1.346031097633e-02
1.874500000000e+03 1.312662238926e-02
1.875000000000e+03 1.304298624217e-02
1.875500000000e+03 1.320809257755e-02
1.876000000000e+03 1.361028742426e-02
1.876500000000e+03 1.422766418601e-02
1.877000000000e+03 1.502865122377e-02
1.877500000000e+03 1.597308896912e-02
1.878000000000e+03 1.701376177335e-02
1.878500000000e+03 1.809832251227e-02
1.879000000000e+03 1.917152345373e-02
1.879500000000e+03 2.017764665111e-02
1.880000000000e+03 2.106301252668e-02
1.880500000000e+03 2.177843740344e-02
1.881000000000e+03 2.228151019431e-02
1.881500000000e+03 2.253856547818e-02
1.882000000000e+03 2.252624453368e-02
1.882500000000e+03 2.223255685946e-02
1.883000000000e+03 2.165738115297e-02
1.883500000000e+03 2.081237516589e-02
1.884000000000e+03 1.972029654488e-02
1.884500000000e+03 1.841376978403e-02
1.885000000000e+03 1.693356578688e-02
1.885500000000e+03 1.532648837071e-02
1.886000000000e+03 1.364298463716e-02
1.886500000000e+03 1.193461207802e-02
1.887000000000e+03 1.025150356842e-02
1.887500000000e+03 8.639971460576e-03
1.888000000000e+03 7.140383764708e-03
1.888500000000e+03 5.785429327164e-03
1.889000000000e+03 4.598865902824e-03
1.889500000000e+03 3.594816415830e-03
1.890000000000e+03 2.777646196193e-03
1.890500000000e+03 2.142419507325e-03
1.891000000000e+03 1.675899304348e-03
1.891500000000e+03 1.358021950088e-03
1.892000000000e+03 1.163750508718e-03
1.892500000000e+03 1.065187933089e-03
1.893000000000e+03 1.033816312447e-03
1.893500000000e+03 1.042721271401e-03
1.894000000000e+03 1.068662038682e-03
1.894500000000e+03 1.093857551755e-03
1.895000000000e+03 1.107376633047e-03
1.895500000000e+03 1.106044697115e-03
1.896000000000e+03 1.094809143872e-03
1.896500000000e+03 1.086538764573e-03
1.897000000000e+03 1.101267126544e-03
1.897500000000e+03 1.164923918954e-03
1.898000000000e+03 1.307629583993e-03
1.898500000000e+03 1.561655344798e-03
1.899000000000e+03 1.959171371289e-03
1.899500000000e+03 2.529919076804e-03
1.900000000000e+03 3.298948640075e-03
1.900500000000e+03 4.284559524910e-03
1.901000000000e+03 5.496570259625e-03
1.901500000000e+03 6.935024768546e-03
1.902000000000e+03 8.589417293432e-03
1.902500000000e+03 1.043848794822e-02
1.903000000000e+03 1.245060803505e-02
1.903500000000e+03 1.458474039094e-02
1.904000000000e+03 1.679192725139e-02
1.904500000000e+03 1.901722833832e-02
1.905000000000e+03 2.120200683757e-02
1.905500000000e+03 2.328644204462e-02
1.906000000000e+03 2.521213576335e-02
1.906500000000e+03 2.692467562476e-02
1.907000000000e+03 2.837602245982e-02
1.907500000000e+03 2.952660034492e-02
1.908000000000e+03 3.034698611877e-02
1.908500000000e+03 3.081911884557e-02
1.909000000000e+03 3.093697734627e-02
1.909500000000e+03 3.070670381990e-02
1.910000000000e+03 3.014618189618e-02
1.910500000000e+03 2.928410639662e-02
1.911000000000e+03 2.815860794678e-02
1.911500000000e+03 2.681551693182e-02
1.912000000000e+03 2.530636698442e-02
1.912500000000e+03 2.368624748954e-02
1.913000000000e+03 2.201161715083e-02
1.913500000000e+03 2.033818658972e-02
1.914000000000e+03 1.871896775705e-02
1.914500000000e+03 1.720257250912e-02
1.915000000000e+03 1.583182323456e-02
1.915500000000e+03 1.464271631765e-02
1.916000000000e+03 1.366375602686e-02
1.916500000000e+03 1.291565367129e-02
1.917000000000e+03 1.241136603801e-02
1.917500000000e+03 1.215642949540e-02
1.918000000000e+03 1.214953274101e-02
1.918500000000e+03 1.238326268450e-02
1.919000000000e+03 1.284495471814e-02
1.919500000000e+03 1.351758059191e-02
1.920000000000e+03 1.438061386283e-02
1.920500000000e+03 1.541082368624e-02
1.921000000000e+03 1.658296154489e-02
1.921500000000e+03 1.787032116300e-02
1.922000000000e+03 1.924516801448e-02
1.922500000000e+03 2.067905018953e-02
1.923000000000e+03 2.214301569706e-02
1.923500000000e+03 2.360777149996e-02
1.924000000000e+03 2.504382589791e-02
1.924500000000e+03 2.642165779750e-02
1.925000000000e+03 2.771195378732e-02
1.925500000000e+03 2.888594697512e-02
1.926000000000e+03 2.991588078532e-02
1.926500000000e+03 3.077560721062e-02
1.927000000000e+03 3.144131344314e-02
1.927500000000e+03 3.189235463593e-02
1.928000000000e+03 3.211215508488e-02
1.928500000000e+03 3.208912667946e-02
1.929000000000e+03 3.181754323075e-02
1.929500000000e+03 3.129830322516e-02
1.930000000000e+03 3.053951236855e-02
1.930500000000e+03 2.955682133816e-02
1.931000000000e+03 2.837346343577e-02
1.931500000000e+03 2.701995094869e-02
1.932000000000e+03 2.553340721922e-02
1.932500000000e+03 2.395653263603e-02
1.933000000000e+03 2.233622566760e-02
1.933500000000e+03 2.072190317350e-02
1.934000000000e+03 1.916358599727e-02
1.934500000000e+03 1.770983473703e-02
1.935000000000e+03 1.640563522794e-02
1.935500000000e+03 1.529034249436e-02
1.936000000000e+03 1.439579491188e-02
1.936500000000e+03 1.374470660100e-02
1.937000000000e+03 1.334943562503e-02
1.937500000000e+03 1.321120878249e-02
1.938000000000e+03 1.331986148655e-02
1.938500000000e+03 1.365412460306e-02
1.939000000000e+03 1.418246067198e-02
1.939500000000e+03 1.486442138260e-02
1.940000000000e+03 1.565246833676e-02
1.940500000000e+03 1.649417184894e-02
1.941000000000e+03 1.733467950380e-02
1.941500000000e+03 1.811932891198e-02
1.942000000000e+03 1.879626872961e-02
1.942500000000e+03 1.931894929934e-02
1.943000000000e+03 1.964834953419e-02
1.943500000000e+03 1.975481971875e-02
1.944000000000e+03 1.961944009499e-02
1.944500000000e+03 1.923482132750e-02
1.945000000000e+03 1.860530372625e-02
1.945500000000e+03 1.774654567062e-02
1.946000000000e+03 1.668452605828e-02
1.946500000000e+03 1.545401876548e-02
1.947000000000e+03 1.409662707195e-02
1.947500000000e+03 1.265849096970e-02
1.948000000000e+03 1.118779872813e-02
1.948500000000e+03 9.732244894426e-03
1.949000000000e+03 8.336579395905e-03
1.949500000000e+03 7.040386397169e-03
1.950000000000e+03 5.876217392194e-03
1.950500000000e+03 4.868181502037e-03
1.951000000000e+03 4.031068384788e-03
1.951500000000e+03 3.370047185488e-03
1.952000000000e+03 2.880950476803e-03
1.952500000000e+03 2.551117233734e-03
1.953000000000e+03 2.360735641841e-03
1.953500000000e+03 2.284596954706e-03
1.954000000000e+03 2.294147464265e-03
1.954500000000e+03 2.359708370043e-03
1.955000000000e+03 2.452723954290e-03
1.955500000000e+03 2.547897532600e-03
1.956000000000e+03 2.625082186182e-03
1.956500000000e+03 2.670808807794e-03
1.957000000000e+03 2.679356546235e-03
1.957500000000e+03 2.653298921814e-03
1.958000000000e+03 2.603490989593e-03
1.958500000000e+03 2.548496989444e-03
1.959000000000e+03 2.513491883388e-03
1.959500000000e+03 2.528701995854e-03
1.960000000000e+03 2.627477737214e-03
1.960500000000e+03 2.844113463266e-03
1.961000000000e+03 3.211544612057e-03
1.961500000000e+03 3.759059511491e-03
1.962000000000e+03 4.510162290645e-03
1.962500000000e+03 5.480714282519e-03
1.963000000000e+03 6.677464789990e-03
1.963500000000e+03 8.097059161031e-03
1.964000000000e+03 9.725584220659e-03
1.964500000000e+03 1.153867995648e-02
1.965000000000e+03 1.350221384890e-02
1.965500000000e+03 1.557348232907e-02
1.966000000000e+03 1.770287442626e-02
1.966500000000e+03 1.983590744107e-02
1.967000000000e+03 2.191552488068e-02
1.967500000000e+03 2.388453397528e-02
1.968000000000e+03 2.568805450152e-02
1.968500000000e+03 2.727585254088e-02
1.969000000000e+03 2.860444192092e-02
1.969500000000e+03 2.963885170072e-02
1.970000000000e+03 3.035397907274e-02
1.970500000000e+03 3.073547205070e-02
1.971000000000e+03 3.078011368353e-02
1.971500000000e+03 3.049570755107e-02
1.972000000000e+03 2.990049124567e-02
1.972500000000e+03 2.902212882264e-02
1.973000000000e+03 2.789635342095e-02
1.973500000000e+03 2.656534633239e-02
1.974000000000e+03 2.507594799597e-02
1.974500000000e+03 2.347779939629e-02
1.975000000000e+03 2.182150922339e-02
1.975500000000e+03 2.015693339496e-02
1.976000000000e+03 1.853163997160e-02
1.976500000000e+03 1.698961524332e-02
1.977000000000e+03 1.557024715037e-02
1.977500000000e+03 1.430760167095e-02
1.978000000000e+03 1.322998781307e-02
1.978500000000e+03 1.235978875255e-02
1.979000000000e+03 1.171352165290e-02
1.979500000000e+03 1.130207771054e-02
1.980000000000e+03 1.113108760433e-02
1.980500000000e+03 1.120135604678e-02
1.981000000000e+03 1.150931242896e-02
1.981500000000e+03 1.204743216057e-02
1.982000000000e+03 1.280459445864e-02
1.982500000000e+03 1.376635600517e-02
1.983000000000e+03 1.491513487421e-02
1.983500000000e+03 1.623031413181e-02
1.984000000000e+03 1.768828825820e-02
1.984500000000e+03 1.926248685121e-02
1.985000000000e+03 2.092341795538e-02
1.985500000000e+03 2.263877709532e-02
1.986000000000e+03 2.437366726786e-02
1.986500000000e+03 2.609096970516e-02
1.987000000000e+03 2.775189546333e-02
1.987500000000e+03 2.931673445416e-02
1.988000000000e+03 3.074580236543e-02
1.988500000000e+03 3.200056817624e-02
1.989000000000e+03 3.304492700082e-02
1.989500000000e+03 3.384656617281e-02
1.990000000000e+03 3.437835816717e-02
1.990500000000e+03 3.461970336541e-02
1.991000000000e+03 3.455773979542e-02
1.991500000000e+03 3.418833651566e-02
1.992000000000e+03 3.351679260035e-02
1.992500000000e+03 3.255817466971e-02
1.993000000000e+03 3.133724214584e-02
1.993500000000e+03 2.988793008141e-02
1.994000000000e+03 2.825238334372e-02
1.994500000000e+03 2.647956173099e-02
1.995000000000e+03 2.462346165050e-02
1.995500000000e+03 2.274102464279e-02
1.996000000000e+03 2.088982465333e-02
1.996500000000e+03 1.912564305214e-02
1.997000000000e+03 1.750005172981e-02
1.997500000000e+03 1.605812924821e-02
1.998000000000e+03 1.483643246972e-02
1.998500000000e+03 1.386133625627e-02
1.999000000000e+03 1.314783709264e-02
1.999500000000e+03 1.269889366133e-02
2.000000000000e+03 1.250534969546e-02
