# time(fs)  photon_number
0.000000000000e+00 1.000000000000e+00
5.000000000000e-01 9.942407672863e-01
1.000000000000e+00 9.770970558817e-01
1.500000000000e+00 9.489676194047e-01
2.000000000000e+00 9.105064399161e-01
2.500000000000e+00 8.626070993122e-01
3.000000000000e+00 8.063814557491e-01
3.500000000000e+00 7.431331626534e-01
4.000000000000e+00 6.743266951629e-01
4.500000000000e+00 6.015526576247e-01
5.000000000000e+00 5.264902332482e-01
5.500000000000e+00 4.508677010426e-01
6.000000000000e+00 3.764219843957e-01
6.500000000000e+00 3.048582094648e-01
7.000000000000e+00 2.378102401244e-01
7.500000000000e+00 1.768031204435e-01
8.000000000000e+00 1.232182971322e-01
8.500000000000e+00 7.826241526898e-02
9.000000000000e+00 4.294038356808e-02
9.500000000000e+00 1.803329352785e-02
1.000000000000e+01 4.081653340041e-03
1.050000000000e+01 1.374265912669e-03
1.100000000000e+01 9.942944278447e-03
1.150000000000e+01 2.956312046732e-02
1.200000000000e+01 5.976026889215e-02
1.250000000000e+01 9.982193546383e-02
1.300000000000e+01 1.488150417427e-01
1.350000000000e+01 2.056080218238e-01
1.400000000000e+01 2.688972503440e-01
1.450000000000e+01 3.372371346027e-01
1.500000000000e+01 4.090731735316e-01
1.550000000000e+01 4.827772320000e-01
1.600000000000e+01 5.566842412069e-01
1.650000000000e+01 6.291295149034e-01
1.700000000000e+01 6.984858668210e-01
1.750000000000e+01 7.631997266166e-01
1.800000000000e+01 8.218254793317e-01
1.850000000000e+01 8.730572960380e-01
1.900000000000e+01 9.157577800564e-01
1.950000000000e+01 9.489828227908e-01
2.000000000000e+01 9.720021445200e-01
2.050000000000e+01 9.843150870200e-01
2.100000000000e+01 9.856613250377e-01
2.150000000000e+01 9.760262706713e-01
2.200000000000e+01 9.556410567224e-01
2.250000000000e+01 9.249771000330e-01
2.300000000000e+01 8.847353615398e-01
2.350000000000e+01 8.358305339999e-01
2.400000000000e+01 7.793704987194e-01
2.450000000000e+01 7.166314967975e-01
2.500000000000e+01 6.490295560260e-01
2.550000000000e+01 5.780887994158e-01
2.600000000000e+01 5.054073332381e-01
2.650000000000e+01 4.326214695815e-01
2.700000000000e+01 3.613690791280e-01
2.750000000000e+01 2.932528928751e-01
2.800000000000e+01 2.298045760250e-01
2.850000000000e+01 1.724503828116e-01
2.900000000000e+01 1.224791677220e-01
2.950000000000e+01 8.101347695940e-02
3.000000000000e+01 4.898437516726e-02
3.050000000000e+01 2.711057794141e-02
3.100000000000e+01 1.588236249181e-02
3.150000000000e+01 1.555061936661e-02
3.200000000000e+01 2.612129011932e-02
3.250000000000e+01 4.735531212590e-02
3.300000000000e+01 7.877406553080e-02
3.350000000000e+01 1.196701916541e-01
3.400000000000e+01 1.691235302199e-01
3.450000000000e+01 2.260218074176e-01
3.500000000000e+01 2.890856008091e-01
3.550000000000e+01 3.568970128742e-01
3.600000000000e+01 4.279314045947e-01
3.650000000000e+01 5.005914755824e-01
3.700000000000e+01 5.732429290551e-01
3.750000000000e+01 6.442509292334e-01
3.800000000000e+01 7.120165457755e-01
3.850000000000e+01 7.750123845897e-01
3.900000000000e+01 8.318166262414e-01
3.950000000000e+01 8.811447313618e-01
4.000000000000e+01 9.218781257929e-01
4.050000000000e+01 9.530892452544e-01
4.100000000000e+01 9.740623984804e-01
4.150000000000e+01 9.843099972807e-01
4.200000000000e+01 9.835837999606e-01
4.250000000000e+01 9.718809190643e-01
4.300000000000e+01 9.494444535141e-01
4.350000000000e+01 9.167587169407e-01
4.400000000000e+01 8.745391463666e-01
4.450000000000e+01 8.237170864900e-01
4.500000000000e+01 7.654197526833e-01
4.550000000000e+01 7.009457786114e-01
4.600000000000e+01 6.317368502305e-01
4.650000000000e+01 5.593460150504e-01
4.700000000000e+01 4.854033321990e-01
4.750000000000e+01 4.115795933426e-01
4.800000000000e+01 3.395488953348e-01
4.850000000000e+01 2.709508811664e-01
4.900000000000e+01 2.073534851237e-01
4.950000000000e+01 1.502170200251e-01
5.000000000000e+01 1.008604282593e-01
5.050000000000e+01 6.043048369565e-02
5.100000000000e+01 2.987467837781e-02
5.150000000000e+01 9.918456652217e-03
5.200000000000e+01 1.047370936077e-03
5.250000000000e+01 3.494629067046e-03
5.300000000000e+01 1.723438499434e-02
5.350000000000e+01 4.198099484135e-02
5.400000000000e+01 7.719432192600e-02
5.450000000000e+01 1.220910304009e-01
5.500000000000e+01 1.756616613327e-01
5.550000000000e+01 2.366931410712e-01
5.600000000000e+01 3.037962335839e-01
5.650000000000e+01 3.754373199569e-01
5.700000000000e+01 4.499737732791e-01
5.750000000000e+01 5.256920991375e-01
5.800000000000e+01 6.008479340760e-01
5.850000000000e+01 6.737069392041e-01
5.900000000000e+01 7.425855956499e-01
5.950000000000e+01 8.058909039949e-01
6.000000000000e+01 8.621580116863e-01
6.050000000000e+01 9.100848403730e-01
6.100000000000e+01 9.485628580229e-01
6.150000000000e+01 9.767032366300e-01
6.200000000000e+01 9.938577526862e-01
6.250000000000e+01 9.996339210767e-01
6.300000000000e+01 9.939039998813e-01
6.350000000000e+01 9.768076595062e-01
6.400000000000e+01 9.487482701941e-01
6.450000000000e+01 9.103829227103e-01
6.500000000000e+01 8.626064533788e-01
6.550000000000e+01 8.065298923640e-01
6.600000000000e+01 7.434538892018e-01
6.650000000000e+01 6.748377886017e-01
6.700000000000e+01 6.022651295452e-01
6.750000000000e+01 5.274064194220e-01
6.800000000000e+01 4.519800907767e-01
6.850000000000e+01 3.777125803182e-01
6.900000000000e+01 3.062984779926e-01
6.950000000000e+01 2.393616786476e-01
7.000000000000e+01 1.784184312442e-01
7.050000000000e+01 1.248431223822e-01
7.100000000000e+01 7.983755423599e-02
7.150000000000e+01 4.440438436240e-02
7.200000000000e+01 1.932528901572e-02
7.250000000000e+01 5.144295547736e-03
7.300000000000e+01 2.156606196433e-03
7.350000000000e+01 1.040310810003e-02
7.400000000000e+01 2.967063563515e-02
7.450000000000e+01 5.949792395079e-02
7.500000000000e+01 9.918706943229e-02
7.550000000000e+01 1.478201961306e-01
7.600000000000e+01 2.042809190247e-01
7.650000000000e+01 2.672800971761e-01
7.700000000000e+01 3.353852839471e-01
7.750000000000e+01 4.070532087858e-01
7.800000000000e+01 4.806645666768e-01
7.850000000000e+01 5.545603480249e-01
7.900000000000e+01 6.270789140443e-01
7.950000000000e+01 6.965930110178e-01
8.000000000000e+01 7.615459211864e-01
8.050000000000e+01 8.204859684297e-01
8.100000000000e+01 8.720986329647e-01
8.150000000000e+01 9.152355804610e-01
8.200000000000e+01 9.489399764170e-01
8.250000000000e+01 9.724675352962e-01
8.300000000000e+01 9.853028444441e-01
8.350000000000e+01 9.871706035876e-01
8.400000000000e+01 9.780415298939e-01
8.450000000000e+01 9.581327940335e-01
8.500000000000e+01 9.279029721070e-01
8.550000000000e+01 8.880416191596e-01
8.600000000000e+01 8.394536896617e-01
8.650000000000e+01 7.832391460650e-01
8.700000000000e+01 7.206682056186e-01
8.750000000000e+01 6.531527753878e-01
8.800000000000e+01 5.822147133592e-01
8.850000000000e+01 5.094516273519e-01
8.900000000000e+01 4.365009812186e-01
8.950000000000e+01 3.650033179257e-01
9.000000000000e+01 2.965654303853e-01
9.050000000000e+01 2.327243127227e-01
9.100000000000e+01 1.749127068428e-01
9.150000000000e+01 1.244270220925e-01
9.200000000000e+01 8.239835042299e-02
9.250000000000e+01 4.976722712166e-02
9.300000000000e+01 2.726269979090e-02
9.350000000000e+01 1.538616804435e-02
9.400000000000e+01 1.440034595299e-02
9.450000000000e+01 2.432358141967e-02
9.500000000000e+01 4.492964435207e-02
9.550000000000e+01 7.575297175617e-02
9.600000000000e+01 1.160992356599e-01
9.650000000000e+01 1.650609819523e-01
9.700000000000e+01 2.215379774352e-01
9.750000000000e+01 2.842618010128e-01
9.800000000000e+01 3.518241250542e-01
9.850000000000e+01 4.227080562602e-01
9.900000000000e+01 4.953218431830e-01
9.950000000000e+01 5.680342108330e-01
1.000000000000e+02 6.392105521442e-01
1.005000000000e+02 7.072491916750e-01
1.010000000000e+02 7.706169386965e-01
1.015000000000e+02 8.278831643745e-01
1.020000000000e+02 8.777516704292e-01
1.025000000000e+02 9.190896636007e-01
1.030000000000e+02 9.509532104070e-01
1.035000000000e+02 9.726086188593e-01
1.040000000000e+02 9.835492766688e-01
1.045000000000e+02 9.835075676007e-01
1.050000000000e+02 9.724615874757e-01
1.055000000000e+02 9.506364872514e-01
1.060000000000e+02 9.185003809150e-01
1.065000000000e+02 8.767548687710e-01
1.070000000000e+02 8.263203402001e-01
1.075000000000e+02 7.683163320983e-01
1.080000000000e+02 7.040373278882e-01
1.085000000000e+02 6.349244850833e-01
1.090000000000e+02 5.625338746663e-01
1.095000000000e+02 4.885019008294e-01
1.100000000000e+02 4.145086427374e-01
1.105000000000e+02 3.422399188552e-01
1.110000000000e+02 2.733489171183e-01
1.115000000000e+02 2.094182591546e-01
1.120000000000e+02 1.519233725285e-01
1.125000000000e+02 1.021980305929e-01
1.130000000000e+02 6.140288449458e-02
1.135000000000e+02 3.049775617832e-02
1.140000000000e+02 1.021838542526e-02
1.145000000000e+02 1.058229213990e-03
1.150000000000e+02 3.255799743584e-03
1.155000000000e+02 1.678790065688e-02
1.160000000000e+02 4.136898223312e-02
1.165000000000e+02 7.645668895127e-02
1.170000000000e+02 1.212635206277e-01
1.175000000000e+02 1.747743753588e-01
1.180000000000e+02 2.357695929721e-01
1.185000000000e+02 3.028529758566e-01
1.190000000000e+02 3.744841340334e-01
1.195000000000e+02 4.490143870085e-01
1.200000000000e+02 5.247253597954e-01
1.205000000000e+02 5.998693374259e-01
1.210000000000e+02 6.727103936008e-01
1.215000000000e+02 7.415652864176e-01
1.220000000000e+02 8.048431181339e-01
1.225000000000e+02 8.610827866489e-01
1.230000000000e+02 9.089873129252e-01
1.235000000000e+02 9.474542092881e-01
1.240000000000e+02 9.756011560341e-01
1.245000000000e+02 9.927863750149e-01
1.250000000000e+02 9.986232252743e-01
1.255000000000e+02 9.929886934281e-01
1.260000000000e+02 9.760256060427e-01
1.265000000000e+02 9.481385484369e-01
1.270000000000e+02 9.099836297609e-01
1.275000000000e+02 8.624523837416e-01
1.280000000000e+02 8.066502342458e-01
1.285000000000e+02 7.438700813535e-01
1.290000000000e+02 6.755616739771e-01
1.295000000000e+02 6.032975268334e-01
1.300000000000e+02 5.287362109730e-01
1.305000000000e+02 4.535838969562e-01
1.310000000000e+02 3.795550576037e-01
1.315000000000e+02 3.083332431157e-01
1.320000000000e+02 2.415328258717e-01
1.325000000000e+02 1.806625765170e-01
1.330000000000e+02 1.270918785543e-01
1.335000000000e+02 8.202031748590e-02
1.340000000000e+02 4.645129475521e-02
1.345000000000e+02 2.117021867714e-02
1.350000000000e+02 6.727716691228e-03
1.355000000000e+02 3.428198164387e-03
1.360000000000e+02 1.132397713076e-02
1.365000000000e+02 3.021504227862e-02
1.370000000000e+02 5.965443957653e-02
1.375000000000e+02 9.895911347137e-02
1.380000000000e+02 1.472259377550e-01
1.385000000000e+02 2.033525590152e-01
1.390000000000e+02 2.660625759373e-01
1.395000000000e+02 3.339344883316e-01
1.400000000000e+02 4.054337721895e-01
1.405000000000e+02 4.789473727031e-01
1.410000000000e+02 5.528198572259e-01
1.415000000000e+02 6.253904355984e-01
1.420000000000e+02 6.950300368927e-01
1.425000000000e+02 7.601776299589e-01
1.430000000000e+02 8.193749904476e-01
1.435000000000e+02 8.712991491613e-01
1.440000000000e+02 9.147918052930e-01
1.445000000000e+02 9.488850525990e-01
1.450000000000e+02 9.728228457380e-01
1.455000000000e+02 9.860777264436e-01
1.460000000000e+02 9.883624330639e-01
1.465000000000e+02 9.796361301693e-01
1.470000000000e+02 9.601051149461e-01
1.475000000000e+02 9.302179812871e-01
1.480000000000e+02 8.906553479706e-01
1.485000000000e+02 8.423143811179e-01
1.490000000000e+02 7.862884602027e-01
1.495000000000e+02 7.238424483254e-01
1.500000000000e+02 6.563841284286e-01
1.505000000000e+02 5.854324550808e-01
1.510000000000e+02 5.125833441342e-01
1.515000000000e+02 4.394737781412e-01
1.520000000000e+02 3.677450425002e-01
1.525000000000e+02 2.990059250238e-01
1.530000000000e+02 2.347967096219e-01
1.535000000000e+02 1.765547732704e-01
1.540000000000e+02 1.255825550919e-01
1.545000000000e+02 8.301860843502e-02
1.550000000000e+02 4.981237294507e-02
1.555000000000e+02 2.670321582261e-02
1.560000000000e+02 1.420419210982e-02
1.565000000000e+02 1.259086551388e-02
1.570000000000e+02 2.189541668234e-02
1.575000000000e+02 4.190614776907e-02
1.580000000000e+02 7.217237331495e-02
1.585000000000e+02 1.120145705637e-01
1.590000000000e+02 1.605395498199e-01
1.595000000000e+02 2.166602995982e-01
1.600000000000e+02 2.791200641137e-01
1.605000000000e+02 3.465201238549e-01
1.610000000000e+02 4.173506749808e-01
1.615000000000e+02 4.900241412506e-01
1.620000000000e+02 5.629102039586e-01
1.625000000000e+02 6.343718015210e-01
1.630000000000e+02 7.028013312629e-01
1.635000000000e+02 7.666562817340e-01
1.640000000000e+02 8.244935344320e-01
1.645000000000e+02 8.750015989086e-01
1.650000000000e+02 9.170300844256e-01
1.655000000000e+02 9.496157640585e-01
1.660000000000e+02 9.720046526544e-01
1.665000000000e+02 9.836695974645e-01
1.670000000000e+02 9.843229684863e-01
1.675000000000e+02 9.739241333332e-01
1.680000000000e+02 9.526815073256e-01
1.685000000000e+02 9.210490818006e-01
1.690000000000e+02 8.797174504768e-01
1.695000000000e+02 8.295994729880e-01
1.700000000000e+02 7.718108340925e-01
1.705000000000e+02 7.076458741039e-01
1.710000000000e+02 6.385491781307e-01
1.715000000000e+02 5.660835160533e-01
1.720000000000e+02 4.918948190785e-01
1.725000000000e+02 4.176749595068e-01
1.730000000000e+02 3.451231655247e-01
1.735000000000e+02 2.759069500910e-01
1.740000000000e+02 2.116234603969e-01
1.745000000000e+02 1.537621604256e-01
1.750000000000e+02 1.036697428242e-01
1.755000000000e+02 6.251812723008e-02
1.760000000000e+02 3.127634058978e-02
1.765000000000e+02 1.068699179849e-02
1.770000000000e+02 1.247949752242e-03
1.775000000000e+02 3.199712917359e-03
1.780000000000e+02 1.651882265489e-02
1.785000000000e+02 4.091752522612e-02
1.790000000000e+02 7.584973252725e-02
1.795000000000e+02 1.205231733718e-01
1.800000000000e+02 1.739174699704e-01
1.805000000000e+02 2.348077226166e-01
1.810000000000e+02 3.017930438308e-01
1.815000000000e+02 3.733293554696e-01
1.820000000000e+02 4.477656522750e-01
1.825000000000e+02 5.233828462262e-01
1.830000000000e+02 5.984342404146e-01
1.835000000000e+02 6.711866408230e-01
1.840000000000e+02 7.399611004116e-01
1.845000000000e+02 8.031723025305e-01
1.850000000000e+02 8.593656293223e-01
1.855000000000e+02 9.072510240996e-01
1.860000000000e+02 9.457328426150e-01
1.865000000000e+02 9.739349939798e-01
1.870000000000e+02 9.912207945055e-01
1.875000000000e+02 9.972070932992e-01
1.880000000000e+02 9.917723731319e-01
1.885000000000e+02 9.750586798660e-01
1.890000000000e+02 9.474673845138e-01
1.895000000000e+02 9.096489298804e-01
1.900000000000e+02 8.624868550079e-01
1.905000000000e+02 8.070765219376e-01
1.910000000000e+02 7.446990876870e-01
1.915000000000e+02 6.767913673309e-01
1.920000000000e+02 6.049123197246e-01
1.925000000000e+02 5.307069542862e-01
1.930000000000e+02 4.558685044617e-01
1.935000000000e+02 3.820997406515e-01
1.940000000000e+02 3.110743025549e-01
1.945000000000e+02 2.443989186208e-01
1.950000000000e+02 1.835773494731e-01
1.955000000000e+02 1.299768440281e-01
1.960000000000e+02 8.479783305216e-02
1.965000000000e+02 4.904750681373e-02
1.970000000000e+02 2.351783316871e-02
1.975000000000e+02 8.768471884477e-03
1.980000000000e+02 5.114932360652e-03
1.985000000000e+02 1.262220731330e-02
1.990000000000e+02 3.110399665550e-02
1.995000000000e+02 6.012751595362e-02
2.000000000000e+02 9.902376469091e-02
2.005000000000e+02 1.469030133354e-01
2.010000000000e+02 2.026751570615e-01
2.015000000000e+02 2.650744800440e-01
2.020000000000e+02 3.326882795555e-01
2.025000000000e+02 4.039887156111e-01
2.030000000000e+02 4.773671813862e-01
2.035000000000e+02 5.511704336960e-01
2.040000000000e+02 6.237376828584e-01
2.045000000000e+02 6.934378183398e-01
2.050000000000e+02 7.587059415160e-01
2.055000000000e+02 8.180783900697e-01
2.060000000000e+02 8.702254700182e-01
2.065000000000e+02 9.139811607150e-01
2.070000000000e+02 9.483691245512e-01
2.075000000000e+02 9.726244351961e-01
2.080000000000e+02 9.862105343485e-01
2.085000000000e+02 9.888310349802e-01
2.090000000000e+02 9.804361064664e-01
2.095000000000e+02 9.612233010239e-01
2.100000000000e+02 9.316328085156e-01
2.105000000000e+02 8.923372547844e-01
2.110000000000e+02 8.442262840654e-01
2.115000000000e+02 7.883862855577e-01
2.120000000000e+02 7.260757349324e-01
2.125000000000e+02 6.586967206782e-01
2.130000000000e+02 5.877633103161e-01
2.135000000000e+02 5.148674806593e-01
2.140000000000e+02 4.416433878820e-01
2.145000000000e+02 3.697307861532e-01
2.150000000000e+02 3.007384174549e-01
2.155000000000e+02 2.362081899109e-01
2.160000000000e+02 1.775809380248e-01
2.165000000000e+02 1.261645165879e-01
2.170000000000e+02 8.310492208959e-02
2.175000000000e+02 4.936106294681e-02
2.180000000000e+02 2.568371481294e-02
2.185000000000e+02 1.259910185115e-02
2.190000000000e+02 1.039744153371e-02
2.195000000000e+02 1.912668168304e-02
2.200000000000e+02 3.859154651830e-02
2.205000000000e+02 6.835789576537e-02
2.210000000000e+02 1.077622896589e-01
2.215000000000e+02 1.559265449939e-01
2.220000000000e+02 2.117769651722e-01
2.225000000000e+02 2.740678321439e-01
2.230000000000e+02 3.414086617831e-01
2.235000000000e+02 4.122946478807e-01
2.240000000000e+02 4.851396547286e-01
2.245000000000e+02 5.583110651831e-01
2.250000000000e+02 6.301657509495e-01
2.255000000000e+02 6.990864052908e-01
2.260000000000e+02 7.635174659752e-01
2.265000000000e+02 8.219998584100e-01
2.270000000000e+02 8.732038058108e-01
2.275000000000e+02 9.159589849964e-01
2.280000000000e+02 9.492813528409e-01
2.285000000000e+02 9.723960292323e-01
2.290000000000e+02 9.847556969768e-01
2.295000000000e+02 9.860540665745e-01
2.300000000000e+02 9.762340530054e-01
2.305000000000e+02 9.554904210803e-01
2.310000000000e+02 9.242667736867e-01
2.315000000000e+02 8.832468812125e-01
2.320000000000e+02 8.333404780544e-01
2.325000000000e+02 7.756637806296e-01
2.330000000000e+02 7.115151077034e-01
2.335000000000e+02 6.423461049425e-01
2.340000000000e+02 5.697291881777e-01
2.345000000000e+02 4.953219206818e-01
2.350000000000e+02 4.208291257764e-01
2.355000000000e+02 3.479636044408e-01
2.360000000000e+02 2.784063758455e-01
2.365000000000e+02 2.137673848784e-01
2.370000000000e+02 1.555476233467e-01
2.375000000000e+02 1.051035898393e-01
2.380000000000e+02 6.361496714941e-02
2.385000000000e+02 3.205632634951e-02
2.390000000000e+02 1.117357448645e-02
2.395000000000e+02 1.465750566206e-03
2.400000000000e+02 3.172644824269e-03
2.405000000000e+02 1.626857263741e-02
2.410000000000e+02 4.046248071446e-02
2.415000000000e+02 7.520440366672e-02
2.420000000000e+02 1.196981281869e-01
2.425000000000e+02 1.729197644127e-01
2.430000000000e+02 2.336417740979e-01
2.435000000000e+02 3.004618671983e-01
2.440000000000e+02 3.718360562734e-01
2.445000000000e+02 4.461150550659e-01
2.450000000000e+02 5.215831265063e-01
2.455000000000e+02 5.964984282512e-01
2.460000000000e+02 6.691338720115e-01
2.465000000000e+02 7.378175068879e-01
2.470000000000e+02 8.009714564585e-01
2.475000000000e+02 8.571484834782e-01
2.480000000000e+02 9.050653230626e-01
2.485000000000e+02 9.436320128732e-01
2.490000000000e+02 9.719765542927e-01
2.495000000000e+02 9.894643586970e-01
2.500000000000e+02 9.957120642134e-01
2.505000000000e+02 9.905954471731e-01
2.510000000000e+02 9.742512951415e-01
2.515000000000e+02 9.470732513268e-01
2.520000000000e+02 9.097017798810e-01
2.525000000000e+02 8.630085349184e-01
2.530000000000e+02 8.080755400995e-01
2.535000000000e+02 7.461696978548e-01
2.540000000000e+02 6.787132456307e-01
2.545000000000e+02 6.072508592369e-01
2.550000000000e+02 5.334141691871e-01
2.555000000000e+02 4.588845039784e-01
2.560000000000e+02 3.853547040785e-01
2.565000000000e+02 3.144908618735e-01
2.570000000000e+02 2.478948361985e-01
2.575000000000e+02 1.870683658430e-01
2.580000000000e+02 1.333795654243e-01
2.585000000000e+02 8.803253027146e-02
2.590000000000e+02 5.204070575967e-02
2.595000000000e+02 2.620459234563e-02
2.600000000000e+02 1.109426203575e-02
2.605000000000e+02 7.037057018344e-03
2.610000000000e+02 1.411072868574e-02
2.615000000000e+02 3.214215740448e-02
2.620000000000e+02 6.071167241732e-02
2.625000000000e+02 9.916286954210e-02
2.630000000000e+02 1.466177043052e-01
2.635000000000e+02 2.019965222935e-01
2.640000000000e+02 2.640425792930e-01
2.645000000000e+02 3.313505036391e-01
2.650000000000e+02 4.023980644347e-01
2.655000000000e+02 4.755805340468e-01
2.660000000000e+02 5.492468734752e-01
2.665000000000e+02 6.217369264137e-01
2.670000000000e+02 6.914187833373e-01
2.675000000000e+02 7.567254715947e-01
2.680000000000e+02 8.161901416433e-01
2.685000000000e+02 8.684789531168e-01
2.690000000000e+02 9.124209167585e-01
2.695000000000e+02 9.470340182541e-01
2.700000000000e+02 9.715470360495e-01
2.705000000000e+02 9.854165652786e-01
2.710000000000e+02 9.883388714871e-01
2.715000000000e+02 9.802563181389e-01
2.720000000000e+02 9.613582378898e-01
2.725000000000e+02 9.320762461260e-01
2.730000000000e+02 8.930741230539e-01
2.735000000000e+02 8.452325144970e-01
2.740000000000e+02 7.896288184663e-01
2.745000000000e+02 7.275127317168e-01
2.750000000000e+02 6.602780253913e-01
2.755000000000e+02 5.894311994043e-01
2.760000000000e+02 5.165577297536e-01
2.765000000000e+02 4.432866702961e-01
2.770000000000e+02 3.712543999808e-01
2.775000000000e+02 3.020683178696e-01
2.780000000000e+02 2.372712817522e-01
2.785000000000e+02 1.783075624256e-01
2.790000000000e+02 1.264910457954e-01
2.795000000000e+02 8.297636024342e-02
2.800000000000e+02 4.873353876139e-02
2.805000000000e+02 2.452674600306e-02
2.810000000000e+02 1.089751154882e-02
2.815000000000e+02 8.152814304734e-03
2.820000000000e+02 1.635826106316e-02
2.825000000000e+02 3.533649681428e-02
2.830000000000e+02 6.467087733123e-02
2.835000000000e+02 1.037143276990e-01
2.840000000000e+02 1.516032055770e-01
2.845000000000e+02 2.072758867369e-01
2.850000000000e+02 2.694956943957e-01
2.855000000000e+02 3.368777045520e-01
2.860000000000e+02 4.079188783967e-01
2.865000000000e+02 4.810309012336e-01
2.870000000000e+02 5.545750465712e-01
2.875000000000e+02 6.268983353104e-01
2.880000000000e+02 6.963702244695e-01
2.885000000000e+02 7.614190386374e-01
2.890000000000e+02 8.205673512955e-01
2.895000000000e+02 8.724655329692e-01
2.900000000000e+02 9.159227093856e-01
2.905000000000e+02 9.499344156372e-01
2.910000000000e+02 9.737062916600e-01
2.915000000000e+02 9.866732396588e-01
2.920000000000e+02 9.885135545407e-01
2.925000000000e+02 9.791576426272e-01
2.930000000000e+02 9.587910601033e-01
2.935000000000e+02 9.278517286064e-01
2.940000000000e+02 8.870213183956e-01
2.945000000000e+02 8.372109266511e-01
2.950000000000e+02 7.795413162957e-01
2.955000000000e+02 7.153181157571e-01
2.960000000000e+02 6.460025086259e-01
2.965000000000e+02 5.731780605362e-01
2.970000000000e+02 4.985144352821e-01
2.975000000000e+02 4.237288398529e-01
2.980000000000e+02 3.505461058596e-01
2.985000000000e+02 2.806583602838e-01
2.990000000000e+02 2.156852598299e-01
2.995000000000e+02 1.571357592537e-01
3.000000000000e+02 1.063723545240e-01
3.005000000000e+02 6.457868694043e-02
3.010000000000e+02 3.273131558101e-02
3.015000000000e+02 1.157636464257e-02
3.020000000000e+02 1.611632019936e-03
3.025000000000e+02 3.074609131705e-03
3.030000000000e+02 1.593671333428e-02
3.035000000000e+02 3.990387745298e-02
3.040000000000e+02 7.442348042784e-02
3.045000000000e+02 1.186974433423e-01
3.050000000000e+02 1.717011606394e-01
3.055000000000e+02 2.322077913907e-01
3.060000000000e+02 2.988173039794e-01
3.065000000000e+02 3.699895529434e-01
3.070000000000e+02 4.440805718817e-01
3.075000000000e+02 5.193811934784e-01
3.080000000000e+02 5.941570584246e-01
3.085000000000e+02 6.666890500928e-01
3.090000000000e+02 7.353131914040e-01
3.095000000000e+02 7.984590637991e-01
3.100000000000e+02 8.546858544035e-01
3.105000000000e+02 9.027152045510e-01
3.110000000000e+02 9.414601185595e-01
3.115000000000e+02 9.700492933667e-01
3.120000000000e+02 9.878463444067e-01
3.125000000000e+02 9.944635277981e-01
3.130000000000e+02 9.897696903286e-01
3.135000000000e+02 9.738923136162e-01
3.140000000000e+02 9.472136540965e-01
3.145000000000e+02 9.103611131284e-01
3.150000000000e+02 8.641920987542e-01
3.155000000000e+02 8.097737599650e-01
3.160000000000e+02 7.483580834467e-01
3.165000000000e+02 6.813529397680e-01
3.170000000000e+02 6.102897491493e-01
3.175000000000e+02 5.367885049863e-01
3.180000000000e+02 4.625209451337e-01
3.185000000000e+02 3.891726958501e-01
3.190000000000e+02 3.184052307853e-01
3.195000000000e+02 2.518184873017e-01
3.200000000000e+02 1.909149648576e-01
3.205000000000e+02 1.370660955289e-01
3.210000000000e+02 9.148162567062e-02
3.215000000000e+02 5.518268116481e-02
3.220000000000e+02 2.897910788695e-02
3.225000000000e+02 1.345158544382e-02
3.230000000000e+02 8.938907671062e-03
3.235000000000e+02 1.553070984845e-02
3.240000000000e+02 3.306580237261e-02
3.245000000000e+02 6.113614619573e-02
3.250000000000e+02 9.909637935188e-02
3.255000000000e+02 1.460786791208e-01
3.260000000000e+02 2.010126236635e-01
3.265000000000e+02 2.626496031376e-01
3.270000000000e+02 3.295912261096e-01
3.275000000000e+02 4.003210751321e-01
3.280000000000e+02 4.732390879792e-01
3.285000000000e+02 5.466977802924e-01
3.290000000000e+02 6.190394828982e-01
3.295000000000e+02 6.886337440369e-01
3.300000000000e+02 7.539140438578e-01
3.305000000000e+02 8.134129859585e-01
3.310000000000e+02 8.657951680677e-01
3.315000000000e+02 9.098869902671e-01
3.320000000000e+02 9.447027329284e-01
3.325000000000e+02 9.694663258957e-01
3.330000000000e+02 9.836283329757e-01
3.335000000000e+02 9.868777888400e-01
3.340000000000e+02 9.791486460060e-01
3.345000000000e+02 9.606207145615e-01
3.350000000000e+02 9.317151035433e-01
3.355000000000e+02 8.930842972577e-01
3.360000000000e+02 8.455971193471e-01
3.365000000000e+02 7.903189493012e-01
3.370000000000e+02 7.284876579264e-01
3.375000000000e+02 6.614858178933e-01
3.380000000000e+02 5.908098212107e-01
3.385000000000e+02 5.180365959931e-01
3.390000000000e+02 4.447886593871e-01
3.395000000000e+02 3.726982715356e-01
3.400000000000e+02 3.033714669625e-01
3.405000000000e+02 2.383527350691e-01
3.410000000000e+02 1.790911011891e-01
3.415000000000e+02 1.269083247331e-01
3.420000000000e+02 8.296988249549e-02
3.425000000000e+02 4.825934445147e-02
3.430000000000e+02 2.355667773179e-02
3.435000000000e+02 9.420933393453e-03
3.440000000000e+02 6.177681605076e-03
3.445000000000e+02 1.391146548800e-02
3.450000000000e+02 3.246344363086e-02
3.455000000000e+02 6.143428780357e-02
3.460000000000e+02 1.001922972064e-01
3.465000000000e+02 1.478865853028e-01
3.470000000000e+02 2.034650915407e-01
3.475000000000e+02 2.656970697370e-01
3.480000000000e+02 3.331996093015e-01
3.485000000000e+02 4.044676565876e-01
3.490000000000e+02 4.779069232426e-01
3.495000000000e+02 5.518689983134e-01
3.500000000000e+02 6.246879227913e-01
3.505000000000e+02 6.947174409487e-01
3.510000000000e+02 7.603681137927e-01
3.515000000000e+02 8.201434675851e-01
3.520000000000e+02 8.726743557702e-01
3.525000000000e+02 9.167507365385e-01
3.530000000000e+02 9.513501110467e-01
3.535000000000e+02 9.756619288389e-01
3.540000000000e+02 9.891073467336e-01
3.545000000000e+02 9.913538241426e-01
3.550000000000e+02 9.823241498069e-01
3.555000000000e+02 9.621996200069e-01
3.560000000000e+02 9.314172236793e-01
3.565000000000e+02 8.906608323442e-01
3.570000000000e+02 8.408465387402e-01
3.575000000000e+02 7.831024337194e-01
3.580000000000e+02 7.187432522794e-01
3.585000000000e+02 6.492404525697e-01
3.590000000000e+02 5.761884123993e-01
3.595000000000e+02 5.012675325217e-01
3.600000000000e+02 4.262051215375e-01
3.605000000000e+02 3.527350008435e-01
3.610000000000e+02 2.825568075782e-01
3.615000000000e+02 2.172959874958e-01
3.620000000000e+02 1.584654575313e-01
3.625000000000e+02 1.074298795957e-01
3.630000000000e+02 6.537342384140e-02
3.635000000000e+02 3.327181295867e-02
3.640000000000e+02 1.186933144730e-02
3.645000000000e+02 1.661358306956e-03
3.650000000000e+02 2.882841804512e-03
3.655000000000e+02 1.550298487540e-02
3.660000000000e+02 3.922625355610e-02
3.665000000000e+02 7.349966297760e-02
3.670000000000e+02 1.175261402083e-01
3.675000000000e+02 1.702836147834e-01
3.680000000000e+02 2.305493499503e-01
3.685000000000e+02 2.969289039761e-01
3.690000000000e+02 3.678890042186e-01
3.695000000000e+02 4.417935294894e-01
3.700000000000e+02 5.169417302578e-01
3.705000000000e+02 5.916077726074e-01
3.710000000000e+02 6.640806710551e-01
3.715000000000e+02 7.327036772236e-01
3.720000000000e+02 7.959122152647e-01
3.725000000000e+02 8.522694995949e-01
3.730000000000e+02 9.004990343211e-01
3.735000000000e+02 9.395132746087e-01
3.740000000000e+02 9.684378258989e-01
3.745000000000e+02 9.866306647310e-01
3.750000000000e+02 9.936959823070e-01
3.755000000000e+02 9.894923760836e-01
3.760000000000e+02 9.741352428187e-01
3.765000000000e+02 9.479933559114e-01
3.770000000000e+02 9.116797379168e-01
3.775000000000e+02 8.660370632530e-01
3.780000000000e+02 8.121179439813e-01
3.785000000000e+02 7.511605609228e-01
3.790000000000e+02 6.845602012325e-01
3.795000000000e+02 6.138373501022e-01
3.800000000000e+02 5.406030568453e-01
3.805000000000e+02 4.665223529208e-01
3.810000000000e+02 3.932765402804e-01
3.815000000000e+02 3.225251919927e-01
3.820000000000e+02 2.558687127680e-01
3.825000000000e+02 1.948122945769e-01
3.830000000000e+02 1.407320720677e-01
3.835000000000e+02 9.484423438029e-02
3.840000000000e+02 5.817778502267e-02
3.845000000000e+02 3.155156088991e-02
3.850000000000e+02 1.555602681390e-02
3.855000000000e+02 1.054025513963e-02
3.860000000000e+02 1.660438299471e-02
3.865000000000e+02 3.359771569640e-02
3.870000000000e+02 6.112251594824e-02
3.875000000000e+02 9.854338810851e-02
3.880000000000e+02 1.450020379913e-01
3.885000000000e+02 1.994370645320e-01
3.890000000000e+02 2.606083233094e-01
3.895000000000e+02 3.271252963066e-01
3.900000000000e+02 3.974788100994e-01
3.905000000000e+02 4.700753682640e-01
3.910000000000e+02 5.432733051251e-01
3.915000000000e+02 6.154199285168e-01
3.920000000000e+02 6.848887999292e-01
3.925000000000e+02 7.501163016656e-01
3.930000000000e+02 8.096366622372e-01
3.935000000000e+02 8.621146524487e-01
3.940000000000e+02 9.063752241686e-01
3.945000000000e+02 9.414294399077e-01
3.950000000000e+02 9.664961318235e-01
3.955000000000e+02 9.810188311487e-01
3.960000000000e+02 9.846776205057e-01
3.965000000000e+02 9.773956792180e-01
3.970000000000e+02 9.593404125703e-01
3.975000000000e+02 9.309191770710e-01
3.980000000000e+02 8.927697323023e-01
3.985000000000e+02 8.457456633036e-01
3.990000000000e+02 7.908971232489e-01
3.995000000000e+02 7.294473424168e-01
4.000000000000e+02 6.627654343953e-01
4.005000000000e+02 5.923361027735e-01
4.010000000000e+02 5.197269102340e-01
4.015000000000e+02 4.465538163398e-01
4.020000000000e+02 3.744457200407e-01
4.025000000000e+02 3.050087579608e-01
4.030000000000e+02 2.397911100497e-01
4.035000000000e+02 1.802490505520e-01
4.040000000000e+02 1.277149550584e-01
4.045000000000e+02 8.336793429207e-02
4.050000000000e+02 4.820771307774e-02
4.055000000000e+02 2.303230951356e-02
4.060000000000e+02 8.419995680386e-03
4.065000000000e+02 4.715938344843e-03
4.070000000000e+02 1.202382717574e-02
4.075000000000e+02 3.020270026217e-02
4.080000000000e+02 5.886907356284e-02
4.085000000000e+02 9.740437385386e-02
4.090000000000e+02 1.449675654488e-01
4.095000000000e+02 2.005127512633e-01
4.100000000000e+02 2.628114206965e-01
4.105000000000e+02 3.304789124162e-01
4.110000000000e+02 4.020045617439e-01
4.115000000000e+02 4.757849122427e-01
4.120000000000e+02 5.501592916838e-01
4.125000000000e+02 6.234469861026e-01
4.130000000000e+02 6.939851943102e-01
4.135000000000e+02 7.601669109920e-01
4.140000000000e+02 8.204778710264e-01
4.145000000000e+02 8.735316921950e-01
4.150000000000e+02 9.181023788098e-01
4.155000000000e+02 9.531533952284e-01
4.160000000000e+02 9.778625854388e-01
4.165000000000e+02 9.916423018983e-01
4.170000000000e+02 9.941542120423e-01
4.175000000000e+02 9.853183721034e-01
4.180000000000e+02 9.653162923187e-01
4.185000000000e+02 9.345878619439e-01
4.190000000000e+02 8.938221530034e-01
4.195000000000e+02 8.439422743484e-01
4.200000000000e+02 7.860845981384e-01
4.205000000000e+02 7.215728250396e-01
4.210000000000e+02 6.518874880764e-01
4.215000000000e+02 5.786316142557e-01
4.220000000000e+02 5.034933642922e-01
4.225000000000e+02 4.282065509382e-01
4.230000000000e+02 3.545099932182e-01
4.235000000000e+02 2.841066955354e-01
4.240000000000e+02 2.186238462705e-01
4.245000000000e+02 1.595746099660e-01
4.250000000000e+02 1.083226411571e-01
4.255000000000e+02 6.605017778001e-02
4.260000000000e+02 3.373047999071e-02
4.265000000000e+02 1.210526891159e-02
4.270000000000e+02 1.667692549545e-03
4.275000000000e+02 2.651206572065e-03
4.280000000000e+02 1.502460972474e-02
4.285000000000e+02 3.849332150098e-02
4.290000000000e+02 7.250683731834e-02
4.295000000000e+02 1.162721478778e-01
4.300000000000e+02 1.687727683082e-01
4.305000000000e+02 2.287928925234e-01
4.310000000000e+02 2.949460719107e-01
4.315000000000e+02 3.657077175370e-01
4.320000000000e+02 4.394506434505e-01
4.325000000000e+02 5.144828068384e-01
4.330000000000e+02 5.890863596317e-01
4.335000000000e+02 6.615571060038e-01
4.340000000000e+02 7.302434609569e-01
4.345000000000e+02 7.935840262109e-01
4.350000000000e+02 8.501429399266e-01
4.355000000000e+02 8.986422150158e-01
4.360000000000e+02 9.379903552790e-01
4.365000000000e+02 9.673066274253e-01
4.370000000000e+02 9.859404680888e-01
4.375000000000e+02 9.934856159663e-01
4.380000000000e+02 9.897886778257e-01
4.385000000000e+02 9.749519608995e-01
4.390000000000e+02 9.493305306172e-01
4.395000000000e+02 9.135235792392e-01
4.400000000000e+02 8.683603152573e-01
4.405000000000e+02 8.148807029711e-01
4.410000000000e+02 7.543114940886e-01
4.415000000000e+02 6.880380962335e-01
4.420000000000e+02 6.175729147608e-01
4.425000000000e+02 5.445208823091e-01
4.430000000000e+02 4.705429532907e-01
4.435000000000e+02 3.973183865612e-01
4.440000000000e+02 3.265066675889e-01
4.445000000000e+02 2.597099307401e-01
4.450000000000e+02 1.984367322956e-01
4.455000000000e+02 1.440679955085e-01
4.460000000000e+02 9.782590075879e-02
4.465000000000e+02 6.074642754324e-02
4.470000000000e+02 3.365617196775e-02
4.475000000000e+02 1.715396536354e-02
4.480000000000e+02 1.159770883881e-02
4.485000000000e+02 1.709671757355e-02
4.490000000000e+02 3.350974037992e-02
4.495000000000e+02 6.044868762525e-02
4.500000000000e+02 9.728796735075e-02
4.505000000000e+02 1.431791986834e-01
4.510000000000e+02 1.970709467431e-01
4.515000000000e+02 2.577330073739e-01
4.520000000000e+02 3.237846661001e-01
4.525000000000e+02 3.937262663071e-01
4.530000000000e+02 4.659733489627e-01
4.535000000000e+02 5.388925718768e-01
4.540000000000e+02 6.108385817220e-01
4.545000000000e+02 6.801909973787e-01
4.550000000000e+02 7.453906686345e-01
4.555000000000e+02 8.049743993399e-01
4.560000000000e+02 8.576073677230e-01
4.565000000000e+02 9.021125371979e-01
4.570000000000e+02 9.374964266993e-01
4.575000000000e+02 9.629706981576e-01
4.580000000000e+02 9.779691176524e-01
4.585000000000e+02 9.821595534835e-01
4.590000000000e+02 9.754507861669e-01
4.595000000000e+02 9.579940195718e-01
4.600000000000e+02 9.301790965036e-01
4.605000000000e+02 8.926255336387e-01
4.610000000000e+02 8.461685976495e-01
4.615000000000e+02 7.918407447005e-01
4.620000000000e+02 7.308488375959e-01
4.625000000000e+02 6.645476373113e-01
4.630000000000e+02 5.944101373334e-01
4.635000000000e+02 5.219953692616e-01
4.640000000000e+02 4.489143558420e-01
4.645000000000e+02 3.767949225214e-01
4.650000000000e+02 3.072461004268e-01
4.655000000000e+02 2.418228622195e-01
4.660000000000e+02 1.819919274916e-01
4.665000000000e+02 1.290993563231e-01
4.670000000000e+02 8.434061845912e-02
4.675000000000e+02 4.873378157620e-02
4.680000000000e+02 2.309640567113e-02
4.685000000000e+02 8.026662282120e-03
4.690000000000e+02 3.889117752902e-03
4.695000000000e+02 1.080553000409e-02
4.700000000000e+02 2.865090944472e-02
4.705000000000e+02 5.705498815414e-02
4.710000000000e+02 9.540912898434e-02
4.715000000000e+02 1.428785897376e-01
4.720000000000e+02 1.984199393114e-01
4.725000000000e+02 2.608033051281e-01
4.730000000000e+02 3.286390169833e-01
4.735000000000e+02 4.004081044423e-01
4.740000000000e+02 4.744960059886e-01
4.745000000000e+02 5.492287611168e-01
4.750000000000e+02 6.229108842105e-01
4.755000000000e+02 6.938640638452e-01
4.760000000000e+02 7.604657952721e-01
4.765000000000e+02 8.211870390236e-01
4.770000000000e+02 8.746280060220e-01
4.775000000000e+02 9.195511998884e-01
4.780000000000e+02 9.549109002938e-01
4.785000000000e+02 9.798783464059e-01
4.790000000000e+02 9.938619753445e-01
4.795000000000e+02 9.965221849103e-01
4.800000000000e+02 9.877802199679e-01
4.805000000000e+02 9.678209244002e-01
4.810000000000e+02 9.370892517465e-01
4.815000000000e+02 8.962805833585e-01
4.820000000000e+02 8.463250588358e-01
4.825000000000e+02 7.883662752373e-01
4.830000000000e+02 7.237348548109e-01
4.835000000000e+02 6.539175116558e-01
4.840000000000e+02 5.805223621488e-01
4.845000000000e+02 5.052413188942e-01
4.850000000000e+02 4.298104808252e-01
4.855000000000e+02 3.559694809295e-01
4.860000000000e+02 2.854207767413e-01
4.865000000000e+02 2.197898667721e-01
4.870000000000e+02 1.605873888122e-01
4.875000000000e+02 1.091740045505e-01
4.880000000000e+02 6.672890100242e-02
4.885000000000e+02 3.422264512777e-02
4.890000000000e+02 1.239501660198e-02
4.895000000000e+02 1.738318233807e-03
4.900000000000e+02 2.486527506397e-03
4.905000000000e+02 1.461050985233e-02
4.910000000000e+02 3.781936829302e-02
4.915000000000e+02 7.156785864464e-02
4.920000000000e+02 1.150696581355e-01
4.925000000000e+02 1.673161412558e-01
4.930000000000e+02 2.271001929155e-01
4.935000000000e+02 2.930444781069e-01
4.940000000000e+02 3.636334914100e-01
4.945000000000e+02 4.372486305965e-01
4.950000000000e+02 5.122054775704e-01
4.955000000000e+02 5.867924278138e-01
4.960000000000e+02 6.593097868260e-01
4.965000000000e+02 7.281084488127e-01
4.970000000000e+02 7.916272887967e-01
4.975000000000e+02 8.484284337034e-01
4.980000000000e+02 8.972296298860e-01
4.985000000000e+02 9.369329927160e-01
4.990000000000e+02 9.666495067933e-01
4.995000000000e+02 9.857187412524e-01
5.000000000000e+02 9.937233516337e-01
5.005000000000e+02 9.904980556846e-01
5.010000000000e+02 9.761328929585e-01
5.015000000000e+02 9.509707047348e-01
5.020000000000e+02 9.155988990337e-01
5.025000000000e+02 8.708356926923e-01
5.030000000000e+02 8.177111459377e-01
5.035000000000e+02 7.574434219451e-01
5.040000000000e+02 6.914108119044e-01
5.045000000000e+02 6.211201626158e-01
5.050000000000e+02 5.481724262968e-01
5.055000000000e+02 4.742261190045e-01
5.060000000000e+02 4.009595231128e-01
5.065000000000e+02 3.300324992380e-01
5.070000000000e+02 2.630487828962e-01
5.075000000000e+02 2.015196305568e-01
5.080000000000e+02 1.468296486001e-01
5.085000000000e+02 1.002055876363e-01
5.090000000000e+02 6.268881470698e-02
5.095000000000e+02 3.511208878812e-02
5.100000000000e+02 1.808116278193e-02
5.105000000000e+02 1.196162043065e-02
5.110000000000e+02 1.687123219109e-02
5.115000000000e+02 3.267798328866e-02
5.120000000000e+02 5.900379329787e-02
5.125000000000e+02 9.523381313248e-02
5.130000000000e+02 1.405310556975e-01
5.135000000000e+02 1.938559939490e-01
5.140000000000e+02 2.539906477600e-01
5.145000000000e+02 3.195665815197e-01
5.150000000000e+02 3.890961500862e-01
5.155000000000e+02 4.610062633845e-01
5.160000000000e+02 5.336738908896e-01
5.165000000000e+02 6.054624972136e-01
5.170000000000e+02 6.747585892362e-01
5.175000000000e+02 7.400075633648e-01
5.180000000000e+02 7.997480678020e-01
5.185000000000e+02 8.526441378923e-01
5.190000000000e+02 8.975144211387e-01
5.195000000000e+02 9.333578804505e-01
5.200000000000e+02 9.593754475049e-01
5.205000000000e+02 9.749871905811e-01
5.210000000000e+02 9.798446605738e-01
5.215000000000e+02 9.738381828622e-01
5.220000000000e+02 9.570989691233e-01
5.225000000000e+02 9.299960299547e-01
5.230000000000e+02 8.931279744127e-01
5.235000000000e+02 8.473098845038e-01
5.240000000000e+02 7.935555497413e-01
5.245000000000e+02 7.330554376585e-01
5.250000000000e+02 6.671508594281e-01
5.255000000000e+02 5.973048643383e-01
5.260000000000e+02 5.250704618408e-01
5.265000000000e+02 4.520568242914e-01
5.270000000000e+02 3.798941665472e-01
5.275000000000e+02 3.101980295094e-01
5.280000000000e+02 2.445337128316e-01
5.285000000000e+02 1.843816067634e-01
5.290000000000e+02 1.311041639740e-01
5.295000000000e+02 8.591522885470e-02
5.300000000000e+02 4.985240403494e-02
5.305000000000e+02 2.375308170871e-02
5.310000000000e+02 8.234701135156e-03
5.315000000000e+02 3.679713947504e-03
5.320000000000e+02 1.022564660566e-02
5.325000000000e+02 2.776054576689e-02
5.330000000000e+02 5.592397920904e-02
5.335000000000e+02 9.411364429740e-02
5.340000000000e+02 1.414975102788e-01
5.345000000000e+02 1.970312926767e-01
5.350000000000e+02 2.594809307991e-01
5.355000000000e+02 3.274496160747e-01
5.360000000000e+02 3.994088029473e-01
5.365000000000e+02 4.737325287021e-01
5.370000000000e+02 5.487342770926e-01
5.375000000000e+02 6.227055459229e-01
5.380000000000e+02 6.939552234620e-01
5.385000000000e+02 7.608488448332e-01
5.390000000000e+02 8.218467889191e-01
5.395000000000e+02 8.755404897876e-01
5.400000000000e+02 9.206857743624e-01
5.405000000000e+02 9.562324995624e-01
5.410000000000e+02 9.813497461079e-01
5.415000000000e+02 9.954459307007e-01
5.420000000000e+02 9.981833206491e-01
5.425000000000e+02 9.894865720238e-01
5.430000000000e+02 9.695450603582e-01
5.435000000000e+02 9.388089276832e-01
5.440000000000e+02 8.979789269990e-01
5.445000000000e+02 8.479903007543e-01
5.450000000000e+02 7.899910791979e-01
5.455000000000e+02 7.253153234868e-01
5.460000000000e+02 6.554519634017e-01
5.465000000000e+02 5.820099871121e-01
5.470000000000e+02 5.066808279189e-01
5.475000000000e+02 4.311988581301e-01
5.480000000000e+02 3.573009417782e-01
5.485000000000e+02 2.866860150194e-01
5.490000000000e+02 2.209756557425e-01
5.495000000000e+02 1.616765728182e-01
5.500000000000e+02 1.101458917966e-01
5.505000000000e+02 6.756003958483e-02
5.510000000000e+02 3.488793801617e-02
5.515000000000e+02 1.286910797571e-02
5.520000000000e+02 1.997164892562e-03
5.525000000000e+02 2.509056138282e-03
5.530000000000e+02 1.438025448791e-02
5.535000000000e+02 3.732598261258e-02
5.540000000000e+02 7.080840480866e-02
5.545000000000e+02 1.140495869169e-01
5.550000000000e+02 1.660498965355e-01
5.555000000000e+02 2.256113958072e-01
5.560000000000e+02 2.913656706248e-01
5.565000000000e+02 3.618054450910e-01
5.570000000000e+02 4.353192502053e-01
5.575000000000e+02 5.102283524224e-01
5.580000000000e+02 5.848251019929e-01
5.585000000000e+02 6.574118335794e-01
5.590000000000e+02 7.263394429255e-01
5.595000000000e+02 7.900447734152e-01
5.600000000000e+02 8.470859749233e-01
5.605000000000e+02 8.961750438589e-01
5.610000000000e+02 9.362068168064e-01
5.615000000000e+02 9.662837694909e-01
5.620000000000e+02 9.857360663659e-01
5.625000000000e+02 9.941364121352e-01
5.630000000000e+02 9.913093728361e-01
5.635000000000e+02 9.773349583605e-01
5.640000000000e+02 9.525463878388e-01
5.645000000000e+02 9.175220913753e-01
5.650000000000e+02 8.730721332301e-01
5.655000000000e+02 8.202193696915e-01
5.660000000000e+02 7.601757765260e-01
5.665000000000e+02 6.943144930729e-01
5.670000000000e+02 6.241382299691e-01
5.675000000000e+02 5.512447725519e-01
5.680000000000e+02 4.772903799756e-01
5.685000000000e+02 4.039519291015e-01
5.690000000000e+02 3.328886809393e-01
5.695000000000e+02 2.657045549315e-01
5.700000000000e+02 2.039117824149e-01
5.705000000000e+02 1.488967754495e-01
5.710000000000e+02 1.018889917499e-01
5.715000000000e+02 6.393350216605e-02
5.720000000000e+02 3.586787598658e-02
5.725000000000e+02 1.830389377687e-02
5.730000000000e+02 1.161448033059e-02
5.735000000000e+02 1.592612477438e-02
5.740000000000e+02 3.111692426224e-02
5.745000000000e+02 5.682025546229e-02
5.750000000000e+02 9.243394758445e-02
5.755000000000e+02 1.371347053000e-01
5.760000000000e+02 1.898974126058e-01
5.765000000000e+02 2.495188422139e-01
5.770000000000e+02 3.146452017235e-01
5.775000000000e+02 3.838028695330e-01
5.780000000000e+02 4.554316115915e-01
5.785000000000e+02 5.279195255180e-01
5.790000000000e+02 5.996389317996e-01
5.795000000000e+02 6.689824225857e-01
5.800000000000e+02 7.343982865856e-01
5.805000000000e+02 7.944245528216e-01
5.810000000000e+02 8.477209353673e-01
5.815000000000e+02 8.930980142208e-01
5.820000000000e+02 9.295430525587e-01
5.825000000000e+02 9.562419260391e-01
5.830000000000e+02 9.725967238130e-01
5.835000000000e+02 9.782386716643e-01
5.840000000000e+02 9.730361234949e-01
5.845000000000e+02 9.570974665106e-01
5.850000000000e+02 9.307688863251e-01
5.855000000000e+02 8.946270392702e-01
5.860000000000e+02 8.494667789831e-01
5.865000000000e+02 7.962841814654e-01
5.870000000000e+02 7.362552058857e-01
5.875000000000e+02 6.707104160958e-01
5.880000000000e+02 6.011062688158e-01
5.885000000000e+02 5.289935473852e-01
5.890000000000e+02 4.559835835381e-01
5.895000000000e+02 3.837129625119e-01
5.900000000000e+02 3.138074476452e-01
5.905000000000e+02 2.478458882355e-01
5.910000000000e+02 1.873248876591e-01
5.915000000000e+02 1.336250066571e-01
5.920000000000e+02 8.797925848983e-02
5.925000000000e+02 5.144461790487e-02
5.930000000000e+02 2.487721437905e-02
5.935000000000e+02 8.911812188840e-03
5.940000000000e+02 3.946096198772e-03
5.945000000000e+02 1.013018402292e-02
5.950000000000e+02 2.736167406704e-02
5.955000000000e+02 5.528641703290e-02
5.960000000000e+02 9.330506835234e-02
5.965000000000e+02 1.405853437136e-01
5.970000000000e+02 1.960797626662e-01
5.975000000000e+02 2.585485298117e-01
5.980000000000e+02 3.265870729956e-01
5.985000000000e+02 3.986576369230e-01
5.990000000000e+02 4.731242223231e-01
5.995000000000e+02 5.482900685044e-01
6.000000000000e+02 6.224368038790e-01
6.005000000000e+02 6.938643372359e-01
6.010000000000e+02 7.609305341225e-01
6.015000000000e+02 8.220897188529e-01
6.020000000000e+02 8.759290638795e-01
6.025000000000e+02 9.212019742959e-01
6.030000000000e+02 9.568576450036e-01
6.035000000000e+02 9.820660598462e-01
6.040000000000e+02 9.962378133058e-01
6.045000000000e+02 9.990382631598e-01
6.050000000000e+02 9.903956632359e-01
6.055000000000e+02 9.705030751975e-01
6.060000000000e+02 9.398140129687e-01
6.065000000000e+02 8.990319287173e-01
6.070000000000e+02 8.490938010455e-01
6.075000000000e+02 7.911482301279e-01
6.080000000000e+02 7.265285772581e-01
6.085000000000e+02 6.567218042516e-01
6.090000000000e+02 5.833337685570e-01
6.095000000000e+02 5.080518104772e-01
6.100000000000e+02 4.326055278852e-01
6.105000000000e+02 3.587266702102e-01
6.110000000000e+02 2.881090968383e-01
6.115000000000e+02 2.223697356055e-01
6.120000000000e+02 1.630114455253e-01
6.125000000000e+02 1.113886355617e-01
6.130000000000e+02 6.867641985816e-02
6.135000000000e+02 3.584400148990e-02
6.140000000000e+02 1.363287390639e-02
6.145000000000e+02 2.540314440045e-03
6.150000000000e+02 2.808520357529e-03
6.155000000000e+02 1.441960780324e-02
6.160000000000e+02 3.709656052938e-02
6.165000000000e+02 7.031008139856e-02
6.170000000000e+02 1.132911680670e-01
6.175000000000e+02 1.650491076785e-01
6.180000000000e+02 2.243944663465e-01
6.185000000000e+02 2.899665399985e-01
6.190000000000e+02 3.602646359424e-01
6.195000000000e+02 4.336824711914e-01
6.200000000000e+02 5.085449057952e-01
6.205000000000e+02 5.831461785622e-01
6.210000000000e+02 6.557887797045e-01
6.215000000000e+02 7.248220808567e-01
6.220000000000e+02 7.886798480504e-01
6.225000000000e+02 8.459157876309e-01
6.230000000000e+02 8.952363184658e-01
6.235000000000e+02 9.355298254016e-01
6.240000000000e+02 9.658917276545e-01
6.245000000000e+02 9.856447901580e-01
6.250000000000e+02 9.943542138842e-01
6.255000000000e+02 9.918371605359e-01
6.260000000000e+02 9.781664951172e-01
6.265000000000e+02 9.536686638125e-01
6.270000000000e+02 9.189157611847e-01
6.275000000000e+02 8.747119766461e-01
6.280000000000e+02 8.220747420902e-01
6.285000000000e+02 7.622110271819e-01
6.290000000000e+02 6.964893428793e-01
6.295000000000e+02 6.264081143363e-01
6.300000000000e+02 5.535611687922e-01
6.305000000000e+02 4.796011501353e-01
6.310000000000e+02 4.062017178594e-01
6.315000000000e+02 3.350194128830e-01
6.320000000000e+02 2.676560756582e-01
6.325000000000e+02 2.056226831546e-01
6.330000000000e+02 1.503054313751e-01
6.335000000000e+02 1.029348302659e-01
6.340000000000e+02 6.455850005420e-02
6.345000000000e+02 3.601826448089e-02
6.350000000000e+02 1.793202976286e-02
6.355000000000e+02 1.068082144655e-02
6.360000000000e+02 1.440122777847e-02
6.365000000000e+02 2.898337112220e-02
6.370000000000e+02 5.407440155648e-02
6.375000000000e+02 8.908738224849e-02
6.380000000000e+02 1.332153174397e-01
6.385000000000e+02 1.854499635528e-01
6.390000000000e+02 2.446049642936e-01
6.395000000000e+02 3.093427635773e-01
6.400000000000e+02 3.782046770763e-01
6.405000000000e+02 4.496434452055e-01
6.410000000000e+02 5.220575479932e-01
6.415000000000e+02 5.938265357460e-01
6.420000000000e+02 6.633466185247e-01
6.425000000000e+02 7.290657617437e-01
6.430000000000e+02 7.895175539620e-01
6.435000000000e+02 8.433531452258e-01
6.440000000000e+02 8.893705990990e-01
6.445000000000e+02 9.265410575960e-01
6.450000000000e+02 9.540311844221e-01
6.455000000000e+02 9.712214269573e-01
6.460000000000e+02 9.777197200513e-01
6.465000000000e+02 9.733703436565e-01
6.470000000000e+02 9.582577403520e-01
6.475000000000e+02 9.327051966068e-01
6.480000000000e+02 8.972683918676e-01
6.485000000000e+02 8.527239208564e-01
6.490000000000e+02 8.000529953496e-01
6.495000000000e+02 7.404206306467e-01
6.500000000000e+02 6.751507172383e-01
6.505000000000e+02 6.056974681419e-01
6.510000000000e+02 5.336138151080e-01
6.515000000000e+02 4.605174005680e-01
6.520000000000e+02 3.880548748657e-01
6.525000000000e+02 3.178652581700e-01
6.530000000000e+02 2.515431617352e-01
6.535000000000e+02 1.906026823228e-01
6.540000000000e+02 1.364427853260e-01
6.545000000000e+02 9.031497548226e-02
6.550000000000e+02 5.329401849506e-02
6.555000000000e+02 2.625242233791e-02
6.560000000000e+02 9.839313958004e-03
6.565000000000e+02 4.464256545919e-03
6.570000000000e+02 1.028644610143e-02
6.575000000000e+02 2.720960584719e-02
6.580000000000e+02 5.488276580684e-02
6.585000000000e+02 9.270697570726e-02
6.590000000000e+02 1.398478558075e-01
6.595000000000e+02 1.952537460935e-01
6.600000000000e+02 2.576790734567e-01
6.605000000000e+02 3.257124229773e-01
6.610000000000e+02 3.978086771174e-01
6.615000000000e+02 4.723244791383e-01
6.620000000000e+02 5.475561875847e-01
6.625000000000e+02 6.217794200501e-01
6.630000000000e+02 6.932892387086e-01
6.635000000000e+02 7.604400088487e-01
6.640000000000e+02 8.216839655194e-01
6.645000000000e+02 8.756075524653e-01
6.650000000000e+02 9.209646509716e-01
6.655000000000e+02 9.567058925811e-01
6.660000000000e+02 9.820033467304e-01
6.665000000000e+02 9.962699893997e-01
6.670000000000e+02 9.991734886615e-01
6.675000000000e+02 9.906439839010e-01
6.680000000000e+02 9.708756835983e-01
6.685000000000e+02 9.403222578964e-01
6.690000000000e+02 8.996861527391e-01
6.695000000000e+02 8.499020982530e-01
6.700000000000e+02 7.921152216465e-01
6.705000000000e+02 7.276543008685e-01
6.710000000000e+02 6.580008067332e-01
6.715000000000e+02 5.847544757251e-01
6.720000000000e+02 5.095962313504e-01
6.725000000000e+02 4.342493273107e-01
6.730000000000e+02 3.604396200911e-01
6.735000000000e+02 2.898558914944e-01
6.740000000000e+02 2.241111333643e-01
6.745000000000e+02 1.647056779121e-01
6.750000000000e+02 1.129930087276e-01
6.755000000000e+02 7.014902119918e-02
6.760000000000e+02 3.714541840523e-02
6.765000000000e+02 1.472783162186e-02
6.770000000000e+02 3.399145649128e-03
6.775000000000e+02 3.408390599685e-03
6.780000000000e+02 1.474543615310e-02
6.785000000000e+02 3.714159417914e-02
6.790000000000e+02 7.007610374111e-02
6.795000000000e+02 1.127883414899e-01
6.800000000000e+02 1.642954730188e-01
6.805000000000e+02 2.234151394689e-01
6.810000000000e+02 2.887926610918e-01
6.815000000000e+02 3.589321379632e-01
6.820000000000e+02 4.322307398401e-01
6.825000000000e+02 5.070154042531e-01
6.830000000000e+02 5.815811060940e-01
6.835000000000e+02 6.542298246123e-01
6.840000000000e+02 7.233093159749e-01
6.845000000000e+02 7.872508020329e-01
6.850000000000e+02 8.446047089391e-01
6.855000000000e+02 8.940736325042e-01
6.860000000000e+02 9.345417699868e-01
6.865000000000e+02 9.651001391047e-01
6.870000000000e+02 9.850670027556e-01
6.875000000000e+02 9.940030300150e-01
6.880000000000e+02 9.917208478515e-01
6.885000000000e+02 9.782887706472e-01
6.890000000000e+02 9.540286327664e-01
6.895000000000e+02 9.195077895866e-01
6.900000000000e+02 8.755254909913e-01
6.905000000000e+02 8.230939647421e-01
6.910000000000e+02 7.634146719166e-01
6.915000000000e+02 6.978503094738e-01
6.920000000000e+02 6.278932330683e-01
6.925000000000e+02 5.551310539911e-01
6.930000000000e+02 4.812102255860e-01
6.935000000000e+02 4.077984752573e-01
6.940000000000e+02 3.365469574397e-01
6.945000000000e+02 2.690530004879e-01
6.950000000000e+02 2.068242967725e-01
6.955000000000e+02 1.512453414236e-01
6.960000000000e+02 1.035468627004e-01
6.965000000000e+02 6.477890795164e-02
6.970000000000e+02 3.578815604321e-02
6.975000000000e+02 1.719992266694e-02
6.980000000000e+02 9.405212104187e-03
6.985000000000e+02 1.255305077703e-02
6.990000000000e+02 2.654821732874e-02
6.995000000000e+02 5.105436391821e-02
7.000000000000e+02 8.550240662444e-02
7.005000000000e+02 1.291039517899e-01
7.010000000000e+02 1.808694219449e-01
7.015000000000e+02 2.396304514657e-01
7.020000000000e+02 3.040660397830e-01
7.025000000000e+02 3.727318798949e-01
7.030000000000e+02 4.440922228983e-01
7.035000000000e+02 5.165535957290e-01
7.040000000000e+02 5.884996594648e-01
7.045000000000e+02 6.583264793819e-01
7.050000000000e+02 7.244774752155e-01
7.055000000000e+02 7.854773304565e-01
7.060000000000e+02 8.399641624828e-01
7.065000000000e+02 8.867192903794e-01
7.070000000000e+02 9.246939838039e-01
7.075000000000e+02 9.530326335468e-01
7.080000000000e+02 9.710918517862e-01
7.085000000000e+02 9.784550866260e-01
7.090000000000e+02 9.749424204516e-01
7.095000000000e+02 9.606153138953e-01
7.100000000000e+02 9.357761556006e-01
7.105000000000e+02 9.009625811730e-01
7.110000000000e+02 8.569366311395e-01
7.115000000000e+02 8.046689256765e-01
7.120000000000e+02 7.453181413426e-01
7.125000000000e+02 6.802061799409e-01
7.130000000000e+02 6.107895196184e-01
7.135000000000e+02 5.386273310208e-01
7.140000000000e+02 4.653470242773e-01
7.145000000000e+02 3.926079634018e-01
7.150000000000e+02 3.220641410542e-01
7.155000000000e+02 2.553266464228e-01
7.160000000000e+02 1.939267804707e-01
7.165000000000e+02 1.392806745666e-01
7.170000000000e+02 9.265624964011e-02
7.175000000000e+02 5.514331312977e-02
7.180000000000e+02 2.762753033409e-02
7.185000000000e+02 1.076892620533e-02
7.190000000000e+02 4.985474628826e-03
7.195000000000e+02 1.044221692539e-02
7.200000000000e+02 2.704622239863e-02
7.205000000000e+02 5.444756440615e-02
7.210000000000e+02 9.204633928079e-02
7.215000000000e+02 1.390056063766e-01
7.220000000000e+02 1.942699796445e-01
7.225000000000e+02 2.565894585964e-01
7.230000000000e+02 3.245479533035e-01
7.235000000000e+02 3.965958380152e-01
7.240000000000e+02 4.710857644643e-01
7.245000000000e+02 5.463108819389e-01
7.250000000000e+02 6.205445490609e-01
7.255000000000e+02 6.920805836734e-01
7.260000000000e+02 7.592730832560e-01
7.265000000000e+02 8.205748591913e-01
7.270000000000e+02 8.745735634785e-01
7.275000000000e+02 9.200246450331e-01
7.280000000000e+02 9.558803526937e-01
7.285000000000e+02 9.813141011260e-01
7.290000000000e+02 9.957396311288e-01
7.295000000000e+02 9.988245241562e-01
7.300000000000e+02 9.904977687174e-01
7.305000000000e+02 9.709512200341e-01
7.310000000000e+02 9.406349402459e-01
7.315000000000e+02 9.002465509390e-01
7.320000000000e+02 8.507148693654e-01
7.325000000000e+02 7.931782312016e-01
7.330000000000e+02 7.289580231575e-01
7.335000000000e+02 6.595280556415e-01
7.340000000000e+02 5.864804968825e-01
7.345000000000e+02 5.114891636719e-01
7.350000000000e+02 4.362710189633e-01
7.355000000000e+02 3.625467620749e-01
7.360000000000e+02 2.920014128011e-01
7.365000000000e+02 2.262457863043e-01
7.370000000000e+02 1.667797316163e-01
7.375000000000e+02 1.149579636540e-01
7.380000000000e+02 7.195925792125e-02
7.385000000000e+02 3.875969988526e-02
7.390000000000e+02 1.611058904592e-02
7.395000000000e+02 4.521492878565e-03
7.400000000000e+02 4.248830252139e-03
7.405000000000e+02 1.529023997647e-02
7.410000000000e+02 3.738486033115e-02
7.415000000000e+02 7.001951245768e-02
7.420000000000e+02 1.124406471402e-01
7.425000000000e+02 1.636717836158e-01
7.430000000000e+02 2.225360435273e-01
7.435000000000e+02 2.876832657791e-01
7.440000000000e+02 3.576210816579e-01
7.445000000000e+02 4.307492366904e-01
7.450000000000e+02 5.053963686982e-01
7.455000000000e+02 5.798583924060e-01
7.460000000000e+02 6.524376014643e-01
7.465000000000e+02 7.214815800654e-01
7.470000000000e+02 7.854210192423e-01
7.475000000000e+02 8.428055576133e-01
7.480000000000e+02 8.923368124538e-01
7.485000000000e+02 9.328978335495e-01
7.490000000000e+02 9.635782978613e-01
7.495000000000e+02 9.836948654793e-01
7.500000000000e+02 9.928062341764e-01
7.505000000000e+02 9.907225580435e-01
7.510000000000e+02 9.775090319030e-01
7.515000000000e+02 9.534835838450e-01
7.520000000000e+02 9.192087596109e-01
7.525000000000e+02 8.754780209229e-01
7.530000000000e+02 8.232968115832e-01
7.535000000000e+02 7.638588668440e-01
7.540000000000e+02 6.985183500883e-01
7.545000000000e+02 6.287584935891e-01
7.550000000000e+02 5.561574949073e-01
7.555000000000e+02 4.823524757172e-01
7.560000000000e+02 4.090023445431e-01
7.565000000000e+02 3.377504186771e-01
7.570000000000e+02 2.701876536324e-01
7.575000000000e+02 2.078173016969e-01
7.580000000000e+02 1.520217757596e-01
7.585000000000e+02 1.040324324017e-01
7.590000000000e+02 6.490291136187e-02
7.595000000000e+02 3.548657931889e-02
7.600000000000e+02 1.641852705946e-02
7.605000000000e+02 8.102463169305e-03
7.610000000000e+02 1.070273706942e-02
7.615000000000e+02 2.414161205693e-02
7.620000000000e+02 4.810179744337e-02
7.625000000000e+02 8.203414010427e-02
7.630000000000e+02 1.251702717327e-01
7.635000000000e+02 1.765399105378e-01
7.640000000000e+02 2.349924264826e-01
7.645000000000e+02 2.992221986080e-01
7.650000000000e+02 3.677972224777e-01
7.655000000000e+02 4.391903660770e-01
7.660000000000e+02 5.118126241341e-01
7.665000000000e+02 5.840476842799e-01
7.670000000000e+02 6.542870940049e-01
7.675000000000e+02 7.209653052587e-01
7.680000000000e+02 7.825938739142e-01
7.685000000000e+02 8.377941042841e-01
7.690000000000e+02 8.853274544411e-01
7.695000000000e+02 9.241230561766e-01
7.700000000000e+02 9.533017538594e-01
7.705000000000e+02 9.721961288658e-01
7.710000000000e+02 9.803660501382e-01
7.715000000000e+02 9.776093760234e-01
7.720000000000e+02 9.639675268449e-01
7.725000000000e+02 9.397257503649e-01
7.730000000000e+02 9.054080117997e-01
7.735000000000e+02 8.617665544384e-01
7.740000000000e+02 8.097662939723e-01
7.745000000000e+02 7.505643268959e-01
7.750000000000e+02 6.854849480820e-01
7.755000000000e+02 6.159906820124e-01
7.760000000000e+02 5.436499332247e-01
7.765000000000e+02 4.701019514391e-01
7.770000000000e+02 3.970198827134e-01
7.775000000000e+02 3.260727373542e-01
7.780000000000e+02 2.588871459100e-01
7.785000000000e+02 1.970097946472e-01
7.790000000000e+02 1.418714301789e-01
7.795000000000e+02 9.475329873814e-02
7.800000000000e+02 5.675683894642e-02
7.805000000000e+02 2.877737849554e-02
7.810000000000e+02 1.148249629637e-02
7.815000000000e+02 5.295604352849e-03
7.820000000000e+02 1.038518052756e-02
7.825000000000e+02 2.665994761035e-02
7.830000000000e+02 5.377014928967e-02
7.835000000000e+02 9.111492364882e-02
7.840000000000e+02 1.378556237799e-01
7.845000000000e+02 1.929347871653e-01
7.850000000000e+02 2.551003147197e-01
7.855000000000e+02 3.229342906447e-01
7.860000000000e+02 3.948857590637e-01
7.865000000000e+02 4.693066758347e-01
7.870000000000e+02 5.444901765193e-01
7.875000000000e+02 6.187102461166e-01
7.880000000000e+02 6.902618441259e-01
7.885000000000e+02 7.575005303556e-01
7.890000000000e+02 8.188806525386e-01
7.895000000000e+02 8.729911955262e-01
7.900000000000e+02 9.185884522283e-01
7.905000000000e+02 9.546247566985e-01
7.910000000000e+02 9.802726174466e-01
7.915000000000e+02 9.949437014968e-01
7.920000000000e+02 9.983022438923e-01
7.925000000000e+02 9.902725900795e-01
7.930000000000e+02 9.710407166267e-01
7.935000000000e+02 9.410497157321e-01
7.940000000000e+02 9.009893677555e-01
7.945000000000e+02 8.517800604800e-01
7.950000000000e+02 7.945514410935e-01
7.955000000000e+02 7.306163043370e-01
7.960000000000e+02 6.614403255481e-01
7.965000000000e+02 5.886083383586e-01
7.970000000000e+02 5.137879318849e-01
7.975000000000e+02 4.386911999619e-01
7.980000000000e+02 3.650355142929e-01
7.985000000000e+02 2.945042135915e-01
7.990000000000e+02 2.287081015589e-01
7.995000000000e+02 1.691486278579e-01
8.000000000000e+02 1.171835884755e-01
8.005000000000e+02 7.399612571317e-02
8.010000000000e+02 4.056773458921e-02
8.015000000000e+02 1.765589305874e-02
8.020000000000e+02 5.776829931278e-03
8.025000000000e+02 5.193828739338e-03
8.030000000000e+02 1.591134047694e-02
8.035000000000e+02 3.767504572350e-02
8.040000000000e+02 6.997787007756e-02
8.045000000000e+02 1.120718191151e-01
8.050000000000e+02 1.629853634354e-01
8.055000000000e+02 2.215459740076e-01
8.060000000000e+02 2.864072861780e-01
8.065000000000e+02 3.560802604269e-01
8.070000000000e+02 4.289676121622e-01
8.075000000000e+02 5.034007040676e-01
8.080000000000e+02 5.776780349861e-01
8.085000000000e+02 6.501044207363e-01
8.090000000000e+02 7.190299458157e-01
8.095000000000e+02 7.828877712363e-01
8.100000000000e+02 8.402299127479e-01
8.105000000000e+02 8.897601547501e-01
8.110000000000e+02 9.303633369948e-01
8.115000000000e+02 9.611303418179e-01
8.120000000000e+02 9.813782166938e-01
8.125000000000e+02 9.906649874252e-01
8.130000000000e+02 9.887988480020e-01
8.135000000000e+02 9.758415504836e-01
8.140000000000e+02 9.521059584810e-01
8.145000000000e+02 9.181478671572e-01
8.150000000000e+02 8.747523274793e-01
8.155000000000e+02 8.229148392779e-01
8.160000000000e+02 7.638178933642e-01
8.165000000000e+02 6.988034447866e-01
8.170000000000e+02 6.293419850522e-01
8.175000000000e+02 5.569989490609e-01
8.180000000000e+02 4.833992414993e-01
8.185000000000e+02 4.101906969195e-01
8.190000000000e+02 3.390072977338e-01
8.195000000000e+02 2.714329653666e-01
8.200000000000e+02 2.089667128597e-01
8.205000000000e+02 1.529899036953e-01
8.210000000000e+02 1.047363032356e-01
8.215000000000e+02 6.526553791375e-02
8.220000000000e+02 3.544049529979e-02
8.225000000000e+02 1.590910758317e-02
8.230000000000e+02 7.090864076854e-03
8.235000000000e+02 9.168297182054e-03
8.240000000000e+02 2.208358291231e-02
8.245000000000e+02 4.554029342769e-02
8.250000000000e+02 7.901023681843e-02
8.255000000000e+02 1.217452201544e-01
8.260000000000e+02 1.727934769760e-01
8.265000000000e+02 2.310204111989e-01
8.270000000000e+02 2.951332269552e-01
8.275000000000e+02 3.637089392349e-01
8.280000000000e+02 4.352251942652e-01
8.285000000000e+02 5.080932722778e-01
8.290000000000e+02 5.806925995326e-01
8.295000000000e+02 6.514060619974e-01
8.300000000000e+02 7.186553907484e-01
8.305000000000e+02 7.809358796568e-01
8.310000000000e+02 8.368496999066e-01
8.315000000000e+02 8.851370938966e-01
8.320000000000e+02 9.247047634174e-01
8.325000000000e+02 9.546508138142e-01
8.330000000000e+02 9.742856769808e-01
8.335000000000e+02 9.831485110149e-01
8.340000000000e+02 9.810186623506e-01
8.345000000000e+02 9.679218759527e-01
8.350000000000e+02 9.441310490580e-01
8.355000000000e+02 9.101614419610e-01
8.360000000000e+02 8.667603830206e-01
8.365000000000e+02 8.148916316769e-01
8.370000000000e+02 7.557146897676e-01
8.375000000000e+02 6.905594745900e-01
8.380000000000e+02 6.208968836741e-01
8.385000000000e+02 5.483058877613e-01
8.390000000000e+02 4.744378818826e-01
8.395000000000e+02 4.009791017299e-01
8.400000000000e+02 3.296119711550e-01
8.405000000000e+02 2.619762844903e-01
8.410000000000e+02 1.996311429162e-01
8.415000000000e+02 1.440185563645e-01
8.420000000000e+02 9.642959120906e-02
8.425000000000e+02 5.797388971008e-02
8.430000000000e+02 2.955331100754e-02
8.435000000000e+02 1.184034723886e-02
8.440000000000e+02 5.261854556811e-03
8.445000000000e+02 9.988510435679e-03
8.450000000000e+02 2.593026913304e-02
8.455000000000e+02 5.273794029734e-02
8.460000000000e+02 8.981086546624e-02
8.465000000000e+02 1.363105176425e-01
8.470000000000e+02 1.911797042717e-01
8.475000000000e+02 2.531669175933e-01
8.480000000000e+02 3.208552520375e-01
8.485000000000e+02 3.926951991838e-01
8.490000000000e+02 4.670405394761e-01
8.495000000000e+02 5.421864784584e-01
8.500000000000e+02 6.164091252944e-01
8.505000000000e+02 6.880053836586e-01
8.510000000000e+02 7.553323200395e-01
8.515000000000e+02 8.168450917901e-01
8.520000000000e+02 8.711325560703e-01
8.525000000000e+02 9.169497398159e-01
8.530000000000e+02 9.532464282738e-01
8.535000000000e+02 9.791912233444e-01
8.540000000000e+02 9.941905305172e-01
8.545000000000e+02 9.979020519526e-01
8.550000000000e+02 9.902424904248e-01
8.555000000000e+02 9.713893015139e-01
8.560000000000e+02 9.417764666961e-01
8.565000000000e+02 9.020843949398e-01
8.570000000000e+02 8.532241922298e-01
8.575000000000e+02 7.963166644261e-01
8.580000000000e+02 7.326665364310e-01
8.585000000000e+02 6.637324774220e-01
8.590000000000e+02 5.910936157288e-01
8.595000000000e+02 5.164133058511e-01
8.600000000000e+02 4.414009724737e-01
8.605000000000e+02 3.677729007296e-01
8.610000000000e+02 2.972128673659e-01
8.615000000000e+02 2.313335131208e-01
8.620000000000e+02 1.716393422376e-01
8.625000000000e+02 1.194922006320e-01
8.630000000000e+02 7.608003029909e-02
8.635000000000e+02 4.238962499635e-02
8.640000000000e+02 1.918402242641e-02
8.645000000000e+02 6.985062847486e-03
8.650000000000e+02 6.061525469527e-03
8.655000000000e+02 1.642312475007e-02
8.660000000000e+02 3.782051171406e-02
8.665000000000e+02 6.975128391667e-02
8.670000000000e+02 1.114718650761e-01
8.675000000000e+02 1.620149752692e-01
8.680000000000e+02 2.202122785011e-01
8.685000000000e+02 2.847216699017e-01
8.690000000000e+02 3.540585531044e-01
8.695000000000e+02 4.266303625043e-01
8.700000000000e+02 5.007735077243e-01
8.705000000000e+02 5.747918608293e-01
8.710000000000e+02 6.469958722075e-01
8.715000000000e+02 7.157413894936e-01
8.720000000000e+02 7.794672657290e-01
8.725000000000e+02 8.367308777199e-01
8.730000000000e+02 8.862407321925e-01
8.735000000000e+02 9.268854141488e-01
8.740000000000e+02 9.577582265200e-01
8.745000000000e+02 9.781769800157e-01
8.750000000000e+02 9.876985138232e-01
8.755000000000e+02 9.861276580510e-01
8.760000000000e+02 9.735204839383e-01
8.765000000000e+02 9.501818242012e-01
8.770000000000e+02 9.166571798845e-01
8.775000000000e+02 8.737192583595e-01
8.780000000000e+02 8.223495065665e-01
8.785000000000e+02 7.637151115476e-01
8.790000000000e+02 6.991420345010e-01
8.795000000000e+02 6.300847232488e-01
8.800000000000e+02 5.580932099191e-01
8.805000000000e+02 4.847783450504e-01
8.810000000000e+02 4.117759460416e-01
8.815000000000e+02 3.407106470803e-01
8.820000000000e+02 2.731602300770e-01
8.825000000000e+02 2.106211926398e-01
8.830000000000e+02 1.544762710563e-01
8.835000000000e+02 1.059645850074e-01
8.840000000000e+02 6.615500796194e-02
8.845000000000e+02 3.592329451741e-02
8.850000000000e+02 1.593341505485e-02
8.855000000000e+02 6.623460607796e-03
8.860000000000e+02 8.196388399709e-03
8.865000000000e+02 2.061578261062e-02
8.870000000000e+02 4.360670703246e-02
8.875000000000e+02 7.666162774568e-02
8.880000000000e+02 1.190512861286e-01
8.885000000000e+02 1.698403066888e-01
8.890000000000e+02 2.279072316686e-01
8.895000000000e+02 2.919685864316e-01
8.900000000000e+02 3.606064976056e-01
8.905000000000e+02 4.322993112090e-01
8.910000000000e+02 5.054545919048e-01
8.915000000000e+02 5.784438285475e-01
8.920000000000e+02 6.496381266811e-01
8.925000000000e+02 7.174441369859e-01
8.930000000000e+02 7.803394510972e-01
8.935000000000e+02 8.369066938079e-01
8.940000000000e+02 8.858655542816e-01
8.945000000000e+02 9.261020291173e-01
8.950000000000e+02 9.566941971073e-01
8.955000000000e+02 9.769339091408e-01
8.960000000000e+02 9.863438562467e-01
8.965000000000e+02 9.846895731196e-01
8.970000000000e+02 9.719860419812e-01
8.975000000000e+02 9.484986802019e-01
8.980000000000e+02 9.147386221620e-01
8.985000000000e+02 8.714523384255e-01
8.990000000000e+02 8.196057701548e-01
8.995000000000e+02 7.603632903116e-01
9.000000000000e+02 6.950619319596e-01
9.005000000000e+02 6.251814443002e-01
9.010000000000e+02 5.523108454470e-01
9.015000000000e+02 4.781122341608e-01
9.020000000000e+02 4.042826979509e-01
9.025000000000e+02 3.325152097424e-01
9.030000000000e+02 2.644594378727e-01
9.035000000000e+02 2.016834033632e-01
9.040000000000e+02 1.456369037166e-01
9.045000000000e+02 9.761758412251e-02
9.050000000000e+02 5.874047587000e-02
9.055000000000e+02 2.991173951098e-02
9.060000000000e+02 1.180724914589e-02
9.065000000000e+02 4.856536830733e-03
9.070000000000e+02 9.232485740605e-03
9.075000000000e+02 2.484702089176e-02
9.080000000000e+02 5.135290067121e-02
9.085000000000e+02 8.815156499328e-02
9.090000000000e+02 1.344068504221e-01
9.095000000000e+02 1.890642427531e-01
9.100000000000e+02 2.508752067888e-01
9.105000000000e+02 3.184260144879e-01
9.110000000000e+02 3.901703890467e-01
9.115000000000e+02 4.644651960336e-01
9.120000000000e+02 5.396083452161e-01
9.125000000000e+02 6.138780194452e-01
9.130000000000e+02 6.855723206309e-01
9.135000000000e+02 7.530484176724e-01
9.140000000000e+02 8.147602969365e-01
9.145000000000e+02 8.692942518252e-01
9.150000000000e+02 9.154013029968e-01
9.155000000000e+02 9.520258134435e-01
9.160000000000e+02 9.783296510929e-01
9.165000000000e+02 9.937113538342e-01
9.170000000000e+02 9.978198655837e-01
9.175000000000e+02 9.905625347729e-01
9.180000000000e+02 9.721071958402e-01
9.185000000000e+02 9.428782872868e-01
9.190000000000e+02 9.035470938512e-01
9.195000000000e+02 8.550163326069e-01
9.200000000000e+02 7.983994305529e-01
9.205000000000e+02 7.349949618387e-01
9.210000000000e+02 6.662568235508e-01
9.215000000000e+02 5.937608275268e-01
9.220000000000e+02 5.191684696794e-01
9.225000000000e+02 4.441887057674e-01
9.230000000000e+02 3.705386117139e-01
9.235000000000e+02 2.999038360133e-01
9.240000000000e+02 2.338997605306e-01
9.245000000000e+02 1.740342734526e-01
9.250000000000e+02 1.216730242928e-01
9.255000000000e+02 7.800797604883e-02
9.260000000000e+02 4.402999489425e-02
9.265000000000e+02 2.050612459429e-02
9.270000000000e+02 7.962083255156e-03
9.275000000000e+02 6.670396514387e-03
9.280000000000e+02 1.664444683536e-02
9.285000000000e+02 3.763857649028e-02
9.290000000000e+02 6.915423570948e-02
9.295000000000e+02 1.104520211223e-01
9.300000000000e+02 1.605693068664e-01
9.305000000000e+02 2.183430353994e-01
9.310000000000e+02 2.824371107474e-01
9.315000000000e+02 3.513737269831e-01
9.320000000000e+02 4.235678721126e-01
9.325000000000e+02 4.973641746664e-01
9.330000000000e+02 5.710752090088e-01
9.335000000000e+02 6.430203469017e-01
9.340000000000e+02 7.115642377139e-01
9.345000000000e+02 7.751540176894e-01
9.350000000000e+02 8.323543890315e-01
9.355000000000e+02 8.818797707564e-01
9.360000000000e+02 9.226228032413e-01
9.365000000000e+02 9.536785846064e-01
9.370000000000e+02 9.743641265799e-01
9.375000000000e+02 9.842326370683e-01
9.380000000000e+02 9.830823629149e-01
9.385000000000e+02 9.709598558364e-01
9.390000000000e+02 9.481576539172e-01
9.395000000000e+02 9.152064971294e-01
9.400000000000e+02 8.728623152020e-01
9.405000000000e+02 8.220883372101e-01
9.410000000000e+02 7.640327722997e-01
9.415000000000e+02 7.000025982528e-01
9.420000000000e+02 6.314340678211e-01
9.425000000000e+02 5.598606010264e-01
9.430000000000e+02 4.868787744954e-01
9.435000000000e+02 4.141131462852e-01
9.440000000000e+02 3.431806667909e-01
9.445000000000e+02 2.756554237378e-01
9.450000000000e+02 2.130344526983e-01
9.455000000000e+02 1.567053148943e-01
9.460000000000e+02 1.079161022866e-01
9.465000000000e+02 6.774847715288e-02
9.470000000000e+02 3.709429064060e-02
9.475000000000e+02 1.663625323045e-02
9.480000000000e+02 6.833050808682e-03
9.485000000000e+02 7.909214221276e-03
9.490000000000e+02 1.984995892302e-02
9.495000000000e+02 4.240111581721e-02
9.500000000000e+02 7.507417585194e-02
9.505000000000e+02 1.171563707194e-01
9.510000000000e+02 1.677256115428e-01
9.515000000000e+02 2.256700082734e-01
9.520000000000e+02 2.897115963527e-01
9.525000000000e+02 3.584338058177e-01
9.530000000000e+02 4.303121233348e-01
9.535000000000e+02 5.037473216106e-01
9.540000000000e+02 5.771005652043e-01
9.545000000000e+02 6.487296489013e-01
9.550000000000e+02 7.170255862752e-01
9.555000000000e+02 7.804487435110e-01
9.560000000000e+02 8.375637082829e-01
9.565000000000e+02 8.870720964745e-01
9.570000000000e+02 9.278425313271e-01
9.575000000000e+02 9.589370802804e-01
9.580000000000e+02 9.796335038563e-01
9.585000000000e+02 9.894427574003e-01
9.590000000000e+02 9.881212887476e-01
9.595000000000e+02 9.756777908109e-01
9.600000000000e+02 9.523741950446e-01
9.605000000000e+02 9.187208266742e-01
9.610000000000e+02 8.754657820791e-01
9.615000000000e+02 8.235787291222e-01
9.620000000000e+02 7.642294687374e-01
9.625000000000e+02 6.987617269395e-01
9.630000000000e+02 6.286627669231e-01
9.635000000000e+02 5.555295176643e-01
9.640000000000e+02 4.810320053558e-01
9.645000000000e+02 4.068749445404e-01
9.650000000000e+02 3.347583948928e-01
9.655000000000e+02 2.663384158700e-01
9.660000000000e+02 2.031886541414e-01
9.665000000000e+02 1.467637778032e-01
9.670000000000e+02 9.836562745586e-02
9.675000000000e+02 5.911288861358e-02
9.680000000000e+02 2.991500442866e-02
9.685000000000e+02 1.145094479226e-02
9.690000000000e+02 4.153330295871e-03
9.695000000000e+02 8.198280505772e-03
9.700000000000e+02 2.350121888067e-02
9.705000000000e+02 4.971872498777e-02
9.710000000000e+02 8.625638197897e-02
9.715000000000e+02 1.322824270473e-01
9.720000000000e+02 1.867468780994e-01
9.725000000000e+02 2.484056842056e-01
9.730000000000e+02 3.158493333002e-01
9.735000000000e+02 3.875352504901e-01
9.740000000000e+02 4.618232362254e-01
9.745000000000e+02 5.370131270811e-01
9.750000000000e+02 6.113838142062e-01
9.755000000000e+02 6.832327263586e-01
9.760000000000e+02 7.509148762646e-01
9.765000000000e+02 8.128805807152e-01
9.770000000000e+02 8.677109960005e-01
9.775000000000e+02 9.141506601587e-01
9.780000000000e+02 9.511363009793e-01
9.785000000000e+02 9.778212523598e-01
9.790000000000e+02 9.935949197002e-01
9.795000000000e+02 9.980968456061e-01
9.800000000000e+02 9.912250479707e-01
9.805000000000e+02 9.731384311213e-01
9.810000000000e+02 9.442532044655e-01
9.815000000000e+02 9.052333791817e-01
9.820000000000e+02 8.569755490523e-01
9.825000000000e+02 8.005882935475e-01
9.830000000000e+02 7.373666667449e-01
9.835000000000e+02 6.687623516595e-01
9.840000000000e+02 5.963501632549e-01
9.845000000000e+02 5.217916721045e-01
9.850000000000e+02 4.467967920920e-01
9.855000000000e+02 3.730842275361e-01
9.860000000000e+02 3.023417062022e-01
9.865000000000e+02 2.361869335576e-01
9.870000000000e+02 1.761301898725e-01
9.875000000000e+02 1.235394552641e-01
9.880000000000e+02 7.960888917648e-02
9.885000000000e+02 4.533141130987e-02
9.890000000000e+02 2.147603246142e-02
9.895000000000e+02 8.570468553009e-03
9.900000000000e+02 6.889442189058e-03
9.905000000000e+02 1.644893676982e-02
9.910000000000e+02 3.700652216992e-02
9.915000000000e+02 6.806772218879e-02
9.920000000000e+02 1.088982464048e-01
9.925000000000e+02 1.585417667149e-01
9.930000000000e+02 2.158427855327e-01
9.935000000000e+02 2.794740219125e-01
9.940000000000e+02 3.479676369131e-01
9.945000000000e+02 4.197495329328e-01
9.950000000000e+02 4.931758956715e-01
9.955000000000e+02 5.665711031165e-01
9.960000000000e+02 6.382661044030e-01
9.965000000000e+02 7.066363724798e-01
9.970000000000e+02 7.701385577541e-01
9.975000000000e+02 8.273450139606e-01
9.980000000000e+02 8.769754307127e-01
9.985000000000e+02 9.179248872437e-01
9.990000000000e+02 9.492877361097e-01
9.995000000000e+02 9.703768312509e-01
1.000000000000e+03 9.807377286816e-01
1.000500000000e+03 9.801576071617e-01
1.001000000000e+03 9.686687774006e-01
1.001500000000e+03 9.465467687920e-01
1.002000000000e+03 9.143030996879e-01
1.002500000000e+03 8.726729484063e-01
1.003000000000e+03 8.225980454634e-01
1.003500000000e+03 7.652052012355e-01
1.004000000000e+03 7.017809659958e-01
1.004500000000e+03 6.337429900677e-01
1.005000000000e+03 5.626087099559e-01
1.005500000000e+03 4.899620313624e-01
1.006000000000e+03 4.174187118143e-01
1.006500000000e+03 3.465911641862e-01
1.007000000000e+03 2.790534079607e-01
1.007500000000e+03 2.163068878311e-01
1.008000000000e+03 1.597478596526e-01
1.008500000000e+03 1.106370122166e-01
1.009000000000e+03 7.007195031235e-02
1.009500000000e+03 3.896311066993e-02
1.010000000000e+03 1.801361818816e-02
1.010500000000e+03 7.703516116524e-03
1.011000000000e+03 8.278721346979e-03
1.011500000000e+03 1.974496568985e-02
1.012000000000e+03 4.186688707296e-02
1.012500000000e+03 7.417233237718e-02
1.013000000000e+03 1.159618276512e-01
1.013500000000e+03 1.663230635339e-01
1.014000000000e+03 2.241501358333e-01
1.014500000000e+03 2.881671755931e-01
1.015000000000e+03 3.569559019286e-01
1.015500000000e+03 4.289865369200e-01
1.016000000000e+03 5.026514373799e-01
1.016500000000e+03 5.763007257849e-01
1.017000000000e+03 6.482791444066e-01
1.017500000000e+03 7.169633147261e-01
1.018000000000e+03 7.807985603645e-01
1.018500000000e+03 8.383344473107e-01
1.019000000000e+03 8.882582110541e-01
1.019500000000e+03 9.294252766751e-01
1.020000000000e+03 9.608861346745e-01
1.020500000000e+03 9.819089115298e-01
1.021000000000e+03 9.919970680874e-01
1.021500000000e+03 9.909017689187e-01
1.022000000000e+03 9.786285890366e-01
1.022500000000e+03 9.554383578421e-01
1.023000000000e+03 9.218420804094e-01
1.023500000000e+03 8.785900195118e-01
1.024000000000e+03 8.266551643157e-01
1.024500000000e+03 7.672114495671e-01
1.025000000000e+03 7.016072186068e-01
1.025500000000e+03 6.313345411795e-01
1.026000000000e+03 5.579950995814e-01
1.026500000000e+03 4.832634414674e-01
1.027000000000e+03 4.088484624709e-01
1.027500000000e+03 3.364540249906e-01
1.028000000000e+03 2.677396401515e-01
1.028500000000e+03 2.042821376449e-01
1.029000000000e+03 1.475392232164e-01
1.029500000000e+03 9.881577685965e-02
1.030000000000e+03 5.923367773194e-02
1.030500000000e+03 2.970585640312e-02
1.031000000000e+03 1.091517356815e-02
1.031500000000e+03 3.298609565519e-03
1.032000000000e+03 7.037123814482e-03
1.032500000000e+03 2.205141076632e-02
1.033000000000e+03 4.800364229749e-02
1.033500000000e+03 8.430514884677e-02
1.034000000000e+03 1.301298560995e-01
1.034500000000e+03 1.844331636160e-01
1.035000000000e+03 2.459758292372e-01
1.035500000000e+03 3.133523109477e-01
1.036000000000e+03 3.850229183497e-01
1.036500000000e+03 4.593490410233e-01
1.037000000000e+03 5.346306524573e-01
1.037500000000e+03 6.091452372456e-01
1.038000000000e+03 6.811872569243e-01
1.038500000000e+03 7.491072567264e-01
1.039000000000e+03 8.113497220777e-01
1.039500000000e+03 8.664888197016e-01
1.040000000000e+03 9.132612033857e-01
1.040500000000e+03 9.505951280060e-01
1.041000000000e+03 9.776351961454e-01
1.041500000000e+03 9.937621581107e-01
1.042000000000e+03 9.986072964461e-01
1.042500000000e+03 9.920610480060e-01
1.043000000000e+03 9.742756477192e-01
1.043500000000e+03 9.456617155886e-01
1.044000000000e+03 9.068788491422e-01
1.044500000000e+03 8.588204242912e-01
1.045000000000e+03 8.025929449838e-01
1.045500000000e+03 7.394904128160e-01
1.046000000000e+03 6.709643085323e-01
1.046500000000e+03 5.985898849487e-01
1.047000000000e+03 5.240295623246e-01
1.047500000000e+03 4.489942899922e-01
1.048000000000e+03 3.752037900000e-01
1.048500000000e+03 3.043466279474e-01
1.049000000000e+03 2.380410621069e-01
1.049500000000e+03 1.777976038475e-01
1.050000000000e+03 1.249841806479e-01
1.050500000000e+03 8.079472851457e-02
1.051000000000e+03 4.622195502325e-02
1.051500000000e+03 2.203490978384e-02
1.052000000000e+03 8.761878643218e-03
1.052500000000e+03 6.678984747807e-03
1.053000000000e+03 1.580473732889e-02
1.053500000000e+03 3.590062170974e-02
1.054000000000e+03 6.647767560786e-02
1.054500000000e+03 1.068088513844e-01
1.055000000000e+03 1.559468253732e-01
1.055500000000e+03 2.127467874608e-01
1.056000000000e+03 2.758936299030e-01
1.056500000000e+03 3.439328567635e-01
1.057000000000e+03 4.153044565086e-01
1.057500000000e+03 4.883789217829e-01
1.058000000000e+03 5.614945631833e-01
1.058500000000e+03 6.329952481767e-01
1.059000000000e+03 7.012677018934e-01
1.059500000000e+03 7.647775323813e-01
1.060000000000e+03 8.221031876440e-01
1.060500000000e+03 8.719671134727e-01
1.061000000000e+03 9.132634575430e-01
1.061500000000e+03 9.450817539811e-01
1.062000000000e+03 9.667261209975e-01
1.062500000000e+03 9.777296095956e-01
1.063000000000e+03 9.778634511176e-01
1.063500000000e+03 9.671410630158e-01
1.064000000000e+03 9.458167833480e-01
1.064500000000e+03 9.143794129942e-01
1.065000000000e+03 8.735407485723e-01
1.065500000000e+03 8.242193868795e-01
1.066000000000e+03 7.675201720129e-01
1.066500000000e+03 7.047097380135e-01
1.067000000000e+03 6.371886719580e-01
1.067500000000e+03 5.664608842043e-01
1.068000000000e+03 4.941008233191e-01
1.068500000000e+03 4.217192126166e-01
1.069000000000e+03 3.509280128405e-01
1.069500000000e+03 2.833053309479e-01
1.070000000000e+03 2.203609979903e-01
1.070500000000e+03 1.635035295082e-01
1.071000000000e+03 1.140091595386e-01
1.071500000000e+03 7.299360429580e-02
1.072000000000e+03 4.138716388326e-02
1.072500000000e+03 1.991371038553e-02
1.073000000000e+03 9.074038809919e-03
1.073500000000e+03 9.133974402952e-03
1.074000000000e+03 2.011753683610e-02
1.074500000000e+03 4.180536002484e-02
1.075000000000e+03 7.373845753371e-02
1.075500000000e+03 1.152273096267e-01
1.076000000000e+03 1.653661312927e-01
1.076500000000e+03 2.230520635597e-01
1.077000000000e+03 2.870089158081e-01
1.077500000000e+03 3.558149774966e-01
1.078000000000e+03 4.279343166045e-01
1.078500000000e+03 5.017508920408e-01
1.079000000000e+03 5.756047309979e-01
1.079500000000e+03 6.478293621690e-01
1.080000000000e+03 7.167896540286e-01
1.080500000000e+03 7.809191856523e-01
1.081000000000e+03 8.387562769512e-01
1.081500000000e+03 8.889778263177e-01
1.082000000000e+03 9.304301463768e-01
1.082500000000e+03 9.621560522092e-01
1.083000000000e+03 9.834175396088e-01
1.083500000000e+03 9.937134918017e-01
1.084000000000e+03 9.927919690284e-01
1.084500000000e+03 9.806567635604e-01
1.085000000000e+03 9.575680397025e-01
1.085500000000e+03 9.240370205439e-01
1.086000000000e+03 8.808148268707e-01
1.086500000000e+03 8.288757149721e-01
1.087000000000e+03 7.693950953019e-01
1.087500000000e+03 7.037228396678e-01
1.088000000000e+03 6.333524975202e-01
1.088500000000e+03 5.598871392714e-01
1.089000000000e+03 4.850026240383e-01
1.089500000000e+03 4.104091489236e-01
1.090000000000e+03 3.378119757552e-01
1.090500000000e+03 2.688722483386e-01
1.091000000000e+03 2.051688086747e-01
1.091500000000e+03 1.481618946702e-01
1.092000000000e+03 9.915955557878e-02
1.092500000000e+03 5.928755610454e-02
1.093000000000e+03 2.946345762928e-02
1.093500000000e+03 1.037546747892e-02
1.094000000000e+03 2.466536915840e-03
1.094500000000e+03 5.924068261069e-03
1.095000000000e+03 2.067546390706e-02
1.095500000000e+03 4.638961782688e-02
1.096000000000e+03 8.248431632962e-02
1.096500000000e+03 1.281393820931e-01
1.097000000000e+03 1.823152666476e-01
1.097500000000e+03 2.437766741518e-01
1.098000000000e+03 3.111206859894e-01
1.098500000000e+03 3.828087537500e-01
1.099000000000e+03 4.572018396980e-01
1.099500000000e+03 5.325979107401e-01
1.100000000000e+03 6.072709358843e-01
1.100500000000e+03 6.795104995018e-01
1.101000000000e+03 7.476611244959e-01
1.101500000000e+03 8.101604013019e-01
1.102000000000e+03 8.655750408891e-01
1.102500000000e+03 9.126340123782e-01
1.103000000000e+03 9.502579880288e-01
1.103500000000e+03 9.775843991308e-01
1.104000000000e+03 9.939875042562e-01
1.104500000000e+03 9.990929844942e-01
1.105000000000e+03 9.927867062536e-01
1.105500000000e+03 9.752174282568e-01
1.106000000000e+03 9.467933722780e-01
1.106500000000e+03 9.081727236029e-01
1.107000000000e+03 8.602482734687e-01
1.107500000000e+03 8.041265581478e-01
1.108000000000e+03 7.411019841373e-01
1.108500000000e+03 6.726265524661e-01
1.109000000000e+03 6.002759040513e-01
1.109500000000e+03 5.257124992612e-01
1.110000000000e+03 4.506468157505e-01
1.110500000000e+03 3.767974971785e-01
1.111000000000e+03 3.058514101535e-01
1.111500000000e+03 2.394245668872e-01
1.112000000000e+03 1.790248465981e-01
1.112500000000e+03 1.260174002975e-01
1.113000000000e+03 8.159355267419e-02
1.113500000000e+03 4.674392342434e-02
1.114000000000e+03 2.223638117014e-02
1.114500000000e+03 8.599319332282e-03
1.115000000000e+03 6.110608454703e-03
1.115500000000e+03 1.479243742651e-02
1.116000000000e+03 3.441211076968e-02
1.116500000000e+03 6.448872465495e-02
1.117000000000e+03 1.043055044331e-01
1.117500000000e+03 1.529274548453e-01
1.118000000000e+03 2.092238539214e-01
1.118500000000e+03 2.718950157308e-01
1.119000000000e+03 3.395026577937e-01
1.119500000000e+03 4.105031378935e-01
1.120000000000e+03 4.832827732187e-01
1.120500000000e+03 5.561944228056e-01
1.121000000000e+03 6.275945020193e-01
1.121500000000e+03 6.958796047049e-01
1.122000000000e+03 7.595219336545e-01
1.122500000000e+03 8.171027816366e-01
1.123000000000e+03 8.673433617820e-01
1.123500000000e+03 9.091323555450e-01
1.124000000000e+03 9.415496267431e-01
1.124500000000e+03 9.638856391268e-01
1.125000000000e+03 9.756562104121e-01
1.125500000000e+03 9.766123356648e-01
1.126000000000e+03 9.667449153842e-01
1.126500000000e+03 9.462843267877e-01
1.127000000000e+03 9.156948789728e-01
1.127500000000e+03 8.756642923208e-01
1.128000000000e+03 8.270884383190e-01
1.128500000000e+03 7.710516666860e-01
1.129000000000e+03 7.088031310890e-01
1.129500000000e+03 6.417296018204e-01
1.130000000000e+03 5.713253224506e-01
1.130500000000e+03 4.991595267569e-01
1.131000000000e+03 4.268422811623e-01
1.131500000000e+03 3.559893555140e-01
1.132000000000e+03 2.881868505035e-01
1.132500000000e+03 2.249563224421e-01
1.133000000000e+03 1.677211448099e-01
1.133500000000e+03 1.177748304296e-01
1.134000000000e+03 7.625200784708e-02
1.134500000000e+03 4.410270051206e-02
1.135000000000e+03 2.207049771952e-02
1.135500000000e+03 1.067513262159e-02
1.136000000000e+03 1.019989578305e-02
1.136500000000e+03 2.068421409551e-02
1.137000000000e+03 4.192161605510e-02
1.137500000000e+03 7.346318759191e-02
1.138000000000e+03 1.146265002506e-01
1.138500000000e+03 1.645098683784e-01
1.139000000000e+03 2.220116670477e-01
1.139500000000e+03 2.858543209715e-01
1.140000000000e+03 3.546124598149e-01
1.140500000000e+03 4.267446303359e-01
1.141000000000e+03 5.006278636601e-01
1.141500000000e+03 5.745943195180e-01
1.142000000000e+03 6.469691708174e-01
1.142500000000e+03 7.161088534235e-01
1.143000000000e+03 7.804387888496e-01
1.143500000000e+03 8.384896925238e-01
1.144000000000e+03 8.889316075378e-01
1.144500000000e+03 9.306048527893e-01
1.145000000000e+03 9.625471440994e-01
1.145500000000e+03 9.840162354503e-01
1.146000000000e+03 9.945075326791e-01
1.146500000000e+03 9.937662510390e-01
1.147000000000e+03 9.817938178431e-01
1.147500000000e+03 9.588483585652e-01
1.148000000000e+03 9.254392456825e-01
1.148500000000e+03 8.823158306220e-01
1.149000000000e+03 8.304506167978e-01
1.149500000000e+03 7.710172625556e-01
1.150000000000e+03 7.053639236454e-01
1.150500000000e+03 6.349825528602e-01
1.151000000000e+03 5.614748672374e-01
1.151500000000e+03 4.865157687310e-01
1.152000000000e+03 4.118150610468e-01
1.152500000000e+03 3.390783422966e-01
1.153000000000e+03 2.699679697746e-01
1.153500000000e+03 2.060649893918e-01
1.154000000000e+03 1.488328985057e-01
1.154500000000e+03 9.958406779589e-02
1.155000000000e+03 5.944958669896e-02
1.155500000000e+03 2.935321914490e-02
1.156000000000e+03 9.990063740674e-03
1.156500000000e+03 1.810407200377e-03
1.157000000000e+03 5.009143878947e-03
1.157500000000e+03 1.952101023057e-02
1.158000000000e+03 4.502175335125e-02
1.158500000000e+03 8.093522017065e-02
1.159000000000e+03 1.264462210031e-01
1.159500000000e+03 1.805188908047e-01
1.160000000000e+03 2.419201463370e-01
1.160500000000e+03 3.092477201782e-01
1.161000000000e+03 3.809621457609e-01
1.161500000000e+03 4.554219737988e-01
1.162000000000e+03 5.309214218407e-01
1.162500000000e+03 6.057295973390e-01
1.163000000000e+03 6.781303922006e-01
1.163500000000e+03 7.464621247058e-01
1.164000000000e+03 8.091560038988e-01
1.164500000000e+03 8.647725125021e-01
1.165000000000e+03 9.120348471526e-01
1.165500000000e+03 9.498586186365e-01
1.166000000000e+03 9.773770987715e-01
1.166500000000e+03 9.939614029432e-01
1.167000000000e+03 9.992351157804e-01
1.167500000000e+03 9.930829993903e-01
1.168000000000e+03 9.756535657225e-01
1.168500000000e+03 9.473554434765e-01
1.169000000000e+03 9.088476216484e-01
1.169500000000e+03 8.610238023545e-01
1.170000000000e+03 8.049912408926e-01
1.170500000000e+03 7.420445871647e-01
1.171000000000e+03 6.736353658023e-01
1.171500000000e+03 6.013378392309e-01
1.172000000000e+03 5.268120854389e-01
1.172500000000e+03 4.517651880742e-01
1.173000000000e+03 3.779114788346e-01
1.173500000000e+03 3.069327898912e-01
1.174000000000e+03 2.404396670464e-01
1.174500000000e+03 1.799344627742e-01
1.175000000000e+03 1.267771735274e-01
1.175500000000e+03 8.215480942699e-02
1.176000000000e+03 4.705498920676e-02
1.176500000000e+03 2.224434201243e-02
1.177000000000e+03 8.252173676197e-03
1.177500000000e+03 5.359722100648e-03
1.178000000000e+03 1.359518814080e-02
1.178500000000e+03 3.273458869052e-02
1.179000000000e+03 6.230834125590e-02
1.179500000000e+03 1.016133575900e-01
1.180000000000e+03 1.497303011228e-01
1.180500000000e+03 2.055455516675e-01
1.181000000000e+03 2.677773234581e-01
1.181500000000e+03 3.350053007725e-01
1.182000000000e+03 4.057030903358e-01
1.182500000000e+03 4.782727422103e-01
1.183000000000e+03 5.510805610487e-01
1.183500000000e+03 6.224934172337e-01
1.184000000000e+03 6.909147719437e-01
1.184500000000e+03 7.548196505322e-01
1.185000000000e+03 8.127878336560e-01
1.185500000000e+03 8.635345839091e-01
1.186000000000e+03 9.059382857858e-01
1.186500000000e+03 9.390644470511e-01
1.187000000000e+03 9.621855884563e-01
1.187500000000e+03 9.747966346011e-01
1.188000000000e+03 9.766255101252e-01
1.188500000000e+03 9.676387408022e-01
1.189000000000e+03 9.480419571180e-01
1.189500000000e+03 9.182752971355e-01
1.190000000000e+03 8.790038045375e-01
1.190500000000e+03 8.311030153491e-01
1.191000000000e+03 7.756400215644e-01
1.191500000000e+03 7.138503904045e-01
1.192000000000e+03 6.471114026820e-01
1.192500000000e+03 5.769121513481e-01
1.193000000000e+03 5.048211101678e-01
1.193500000000e+03 4.324518411253e-01
1.194000000000e+03 3.614275561195e-01
1.194500000000e+03 2.933452823382e-01
1.195000000000e+03 2.297404001453e-01
1.195500000000e+03 1.720523262977e-01
1.196000000000e+03 1.215921029874e-01
1.196500000000e+03 7.951262411235e-02
1.197000000000e+03 4.678218418086e-02
1.197500000000e+03 2.416197266186e-02
1.198000000000e+03 1.218805817360e-02
1.198500000000e+03 1.115831392901e-02
1.199000000000e+03 2.112463000828e-02
1.199500000000e+03 4.189064153807e-02
1.200000000000e+03 7.301507727089e-02
1.200500000000e+03 1.138207033521e-01
1.201000000000e+03 1.634087054113e-01
1.201500000000e+03 2.206782219521e-01
1.202000000000e+03 2.843506167237e-01
1.202500000000e+03 3.529979608155e-01
1.203000000000e+03 4.250750898134e-01
1.203500000000e+03 4.989545105027e-01
1.204000000000e+03 5.729633578629e-01
1.204500000000e+03 6.454215486654e-01
1.205000000000e+03 7.146802443735e-01
1.205500000000e+03 7.791597243481e-01
1.206000000000e+03 8.373857809042e-01
1.206500000000e+03 8.880237802982e-01
1.207000000000e+03 9.299095874474e-01
1.207500000000e+03 9.620766255510e-01
1.208000000000e+03 9.837784328902e-01
1.208500000000e+03 9.945061854929e-01
1.209000000000e+03 9.940007732099e-01
1.209500000000e+03 9.822591450515e-01
1.210000000000e+03 9.595347740612e-01
1.210500000000e+03 9.263322292497e-01
1.211000000000e+03 8.833959788352e-01
1.211500000000e+03 8.316936820161e-01
1.212000000000e+03 7.723943526861e-01
1.212500000000e+03 7.068418950947e-01
1.213000000000e+03 6.365246159556e-01
1.213500000000e+03 5.630414077474e-01
1.214000000000e+03 4.880653721477e-01
1.214500000000e+03 4.133057092944e-01
1.215000000000e+03 3.404687368457e-01
1.215500000000e+03 2.712189219933e-01
1.216000000000e+03 2.071408094614e-01
1.216500000000e+03 1.497027091285e-01
1.217000000000e+03 1.002229688507e-01
1.217500000000e+03 5.983960200830e-02
1.218000000000e+03 2.948396647710e-02
1.218500000000e+03 9.859103523190e-03
1.219000000000e+03 1.423243228748e-03
1.219500000000e+03 4.378869507398e-03
1.220000000000e+03 1.866761471845e-02
1.220500000000e+03 4.397112383223e-02
1.221000000000e+03 7.971789365264e-02
1.221500000000e+03 1.250959565766e-01
1.222000000000e+03 1.790711436967e-01
1.222500000000e+03 2.404105317266e-01
1.223000000000e+03 3.077105552820e-01
1.223500000000e+03 3.794291534495e-01
1.224000000000e+03 4.539212201535e-01
1.224500000000e+03 5.294765443081e-01
1.225000000000e+03 6.043593603947e-01
1.225500000000e+03 6.768485850228e-01
1.226000000000e+03 7.452777917837e-01
1.226500000000e+03 8.080739762776e-01
1.227000000000e+03 8.637941861876e-01
1.227500000000e+03 9.111591374641e-01
1.228000000000e+03 9.490830063618e-01
1.228500000000e+03 9.766986767944e-01
1.229000000000e+03 9.933778311871e-01
1.229500000000e+03 9.987453980859e-01
1.230000000000e+03 9.926880080343e-01
1.230500000000e+03 9.753562570470e-01
1.231000000000e+03 9.471607304459e-01
1.231500000000e+03 9.087618947030e-01
1.232000000000e+03 8.610541170043e-01
1.232500000000e+03 8.051442173344e-01
1.233000000000e+03 7.423250919383e-01
1.233500000000e+03 6.740450664499e-01
1.234000000000e+03 6.018737384704e-01
1.234500000000e+03 5.274651503826e-01
1.235000000000e+03 4.525191915973e-01
1.235500000000e+03 3.787421639853e-01
1.236000000000e+03 3.078074543850e-01
1.236500000000e+03 2.413172439183e-01
1.237000000000e+03 1.807661463701e-01
1.237500000000e+03 1.275076085569e-01
1.238000000000e+03 8.272382669120e-02
1.238500000000e+03 4.739983680695e-02
1.239000000000e+03 2.230232748807e-02
1.239500000000e+03 7.963602699368e-03
1.240000000000e+03 4.670994981657e-03
1.240500000000e+03 1.246189811953e-02
1.241000000000e+03 3.112445704839e-02
1.241500000000e+03 6.020382445329e-02
1.242000000000e+03 9.901377117376e-02
1.242500000000e+03 1.466533237462e-01
1.243000000000e+03 2.020279993749e-01
1.243500000000e+03 2.638751181068e-01
1.244000000000e+03 3.307925952622e-01
1.244500000000e+03 4.012705552064e-01
1.245000000000e+03 4.737250607678e-01
1.245500000000e+03 5.465332211904e-01
1.246000000000e+03 6.180689252881e-01
1.246500000000e+03 6.867384449602e-01
1.247000000000e+03 7.510151668795e-01
1.247500000000e+03 8.094727361362e-01
1.248000000000e+03 8.608159340392e-01
1.248500000000e+03 9.039086621995e-01
1.249000000000e+03 9.377984654247e-01
1.249500000000e+03 9.617370957989e-01
1.250000000000e+03 9.751966985585e-01
1.250500000000e+03 9.778812858795e-01
1.251000000000e+03 9.697332562984e-01
1.251500000000e+03 9.509348139991e-01
1.252000000000e+03 9.219042422444e-01
1.252500000000e+03 8.832870874128e-01
1.253000000000e+03 8.359424128270e-01
1.253500000000e+03 7.809243831674e-01
1.254000000000e+03 7.194595388816e-01
1.254500000000e+03 6.529202137652e-01
1.255000000000e+03 5.827946357031e-01
1.255500000000e+03 5.106543284850e-01
1.256000000000e+03 4.381194994930e-01
1.256500000000e+03 3.668231521114e-01
1.257000000000e+03 2.983747010091e-01
1.257500000000e+03 2.343238915680e-01
1.258000000000e+03 1.761258303904e-01
1.258500000000e+03 1.251079211759e-01
1.259000000000e+03 8.243946895572e-02
1.259500000000e+03 4.910466572571e-02
1.260000000000e+03 2.587960265290e-02
1.260500000000e+03 1.331386929398e-02
1.261000000000e+03 1.171720041115e-02
1.261500000000e+03 2.115151815543e-02
1.262000000000e+03 4.142859423079e-02
1.262500000000e+03 7.211342616670e-02
1.263000000000e+03 1.125332872850e-01
1.263500000000e+03 1.617922748399e-01
1.264000000000e+03 2.187910486549e-01
1.264500000000e+03 2.822513269263e-01
1.265000000000e+03 3.507445900225e-01
1.265500000000e+03 4.227243402109e-01
1.266000000000e+03 4.965611779935e-01
1.266500000000e+03 5.705798864504e-01
1.267000000000e+03 6.430976654121e-01
1.267500000000e+03 7.124626286626e-01
1.268000000000e+03 7.770916703389e-01
1.268500000000e+03 8.355068212290e-01
1.269000000000e+03 8.863692513470e-01
1.269500000000e+03 9.285101307574e-01
1.270000000000e+03 9.609576346842e-01
1.270500000000e+03 9.829594693898e-01
1.271000000000e+03 9.940003997802e-01
1.271500000000e+03 9.938143755969e-01
1.272000000000e+03 9.823909774740e-01
1.272500000000e+03 9.599760341729e-01
1.273000000000e+03 9.270663949204e-01
1.273500000000e+03 8.843989730104e-01
1.274000000000e+03 8.329343058087e-01
1.274500000000e+03 7.738349992823e-01
1.275000000000e+03 7.084395396218e-01
1.275500000000e+03 6.382320581267e-01
1.276000000000e+03 5.648087261864e-01
1.276500000000e+03 4.898415331833e-01
1.277000000000e+03 4.150402598651e-01
1.277500000000e+03 3.421135021049e-01
1.278000000000e+03 2.727296239945e-01
1.278500000000e+03 2.084785243797e-01
1.279000000000e+03 1.508350870118e-01
1.279500000000e+03 1.011251515125e-01
1.280000000000e+03 6.049479083328e-02
1.280500000000e+03 2.988361157877e-02
1.281000000000e+03 1.000270766011e-02
1.281500000000e+03 1.317796751372e-03
1.282000000000e+03 4.037954836543e-03
1.282500000000e+03 1.811023897644e-02
1.283000000000e+03 4.322035486393e-02
1.283500000000e+03 7.879938661340e-02
1.284000000000e+03 1.240364646489e-01
1.284500000000e+03 1.778971067948e-01
1.285000000000e+03 2.391468311458e-01
1.285500000000e+03 3.063795104246e-01
1.286000000000e+03 3.780498196937e-01
1.286500000000e+03 4.525090257396e-01
1.287000000000e+03 5.280432800524e-01
1.287500000000e+03 6.029135107817e-01
1.288000000000e+03 6.753959643968e-01
1.288500000000e+03 7.438224266478e-01
1.289000000000e+03 8.066191557365e-01
1.289500000000e+03 8.623435886529e-01
1.290000000000e+03 9.097179339841e-01
1.290500000000e+03 9.476588399685e-01
1.291000000000e+03 9.753024233560e-01
1.291500000000e+03 9.920240601491e-01
1.292000000000e+03 9.974524705362e-01
1.292500000000e+03 9.914777735952e-01
1.293000000000e+03 9.742533387588e-01
1.293500000000e+03 9.461914163060e-01
1.294000000000e+03 9.079526839862e-01
1.294500000000e+03 8.604299969684e-01
1.295000000000e+03 8.047267695540e-01
1.295500000000e+03 7.421305456547e-01
1.296000000000e+03 6.740824275998e-01
1.296500000000e+03 6.021431265589e-01
1.297000000000e+03 5.279564705453e-01
1.297500000000e+03 4.532112561392e-01
1.298000000000e+03 3.796023569030e-01
1.298500000000e+03 3.087920048925e-01
1.299000000000e+03 2.423721423163e-01
1.299500000000e+03 1.818286995095e-01
1.300000000000e+03 1.285085947549e-01
1.300500000000e+03 8.359017342355e-02
1.301000000000e+03 4.805771106829e-02
1.301500000000e+03 2.268050037014e-02
1.302000000000e+03 7.996928333818e-03
1.302500000000e+03 4.303830890176e-03
1.303000000000e+03 1.165129017686e-02
1.303500000000e+03 2.984291810124e-02
1.304000000000e+03 5.844155100294e-02
1.304500000000e+03 9.678016672369e-02
1.305000000000e+03 1.439777292218e-01
1.305500000000e+03 1.989595687774e-01
1.306000000000e+03 2.604818192257e-01
1.306500000000e+03 3.271593586145e-01
1.307000000000e+03 3.974966369843e-01
1.307500000000e+03 4.699207251772e-01
1.308000000000e+03 5.428158819332e-01
1.308500000000e+03 6.145589132490e-01
1.309000000000e+03 6.835545878988e-01
1.309500000000e+03 7.482703761602e-01
1.310000000000e+03 8.072697947420e-01
1.310500000000e+03 8.592436694995e-01
1.311000000000e+03 9.030386682332e-01
1.311500000000e+03 9.376825082582e-01
1.312000000000e+03 9.624053068744e-01
1.312500000000e+03 9.766566166348e-01
1.313000000000e+03 9.801177705147e-01
1.313500000000e+03 9.727092536475e-01
1.314000000000e+03 9.545929169439e-01
1.314500000000e+03 9.261689521567e-01
1.315000000000e+03 8.880676560539e-01
1.315500000000e+03 8.411361213899e-01
1.316000000000e+03 7.864201021508e-01
1.316500000000e+03 7.251414077836e-01
1.317000000000e+03 6.586712833591e-01
1.317500000000e+03 5.885003273642e-01
1.318000000000e+03 5.162055835793e-01
1.318500000000e+03 4.434155159093e-01
1.319000000000e+03 3.717736328494e-01
1.319500000000e+03 3.029015696179e-01
1.320000000000e+03 2.383624592163e-01
1.320500000000e+03 1.796254277142e-01
1.321000000000e+03 1.280320331910e-01
1.321500000000e+03 8.476543188627e-02
1.322000000000e+03 5.082299971830e-02
1.322500000000e+03 2.699306335689e-02
1.323000000000e+03 1.383630414888e-02
1.323500000000e+03 1.167229243451e-02
1.324000000000e+03 2.057149174774e-02
1.324500000000e+03 4.035294500762e-02
1.325000000000e+03 7.058772131805e-02
1.325500000000e+03 1.106080658442e-01
1.326000000000e+03 1.595220599504e-01
1.326500000000e+03 2.162334678318e-01
1.327000000000e+03 2.794663226658e-01
1.327500000000e+03 3.477936928950e-01
1.328000000000e+03 4.196699704931e-01
1.328500000000e+03 4.934659403168e-01
1.329000000000e+03 5.675058248111e-01
1.329500000000e+03 6.401054529125e-01
1.330000000000e+03 7.096106767734e-01
1.330500000000e+03 7.744351553744e-01
1.331000000000e+03 8.330966399655e-01
1.331500000000e+03 8.842509319852e-01
1.332000000000e+03 9.267227385328e-01
1.332500000000e+03 9.595327221177e-01
1.333000000000e+03 9.819201284507e-01
1.333500000000e+03 9.933604763554e-01
1.334000000000e+03 9.935779051215e-01
1.334500000000e+03 9.825518943067e-01
1.335000000000e+03 9.605181965033e-01
1.335500000000e+03 9.279639522784e-01
1.336000000000e+03 8.856170857030e-01
1.336500000000e+03 8.344302059664e-01
1.337000000000e+03 7.755593629943e-01
1.337500000000e+03 7.103381202419e-01
1.338000000000e+03 6.402475136392e-01
1.338500000000e+03 5.668825598056e-01
1.339000000000e+03 4.919160571182e-01
1.339500000000e+03 4.170604882994e-01
1.340000000000e+03 3.440288812343e-01
1.340500000000e+03 2.744955145634e-01
1.341000000000e+03 2.100573652040e-01
1.341500000000e+03 1.521971857316e-01
1.342000000000e+03 1.022490702885e-01
1.342500000000e+03 6.136731850369e-02
1.343000000000e+03 3.049933847223e-02
1.343500000000e+03 1.036324319936e-02
1.344000000000e+03 1.430691607290e-03
1.344500000000e+03 3.915407236918e-03
1.345000000000e+03 1.776767762578e-02
1.345500000000e+03 4.267499783687e-02
1.346000000000e+03 7.806887601428e-02
1.346500000000e+03 1.231376706313e-01
1.347000000000e+03 1.768451820367e-01
1.347500000000e+03 2.379545787670e-01
1.348000000000e+03 3.050571057530e-01
1.348500000000e+03 3.766049006604e-01
1.349000000000e+03 4.509471396202e-01
1.349500000000e+03 5.263686476251e-01
1.350000000000e+03 6.011300444628e-01
1.350500000000e+03 6.735084562683e-01
1.351000000000e+03 7.418378069517e-01
1.351500000000e+03 8.045477135495e-01
1.352000000000e+03 8.602000447846e-01
1.352500000000e+03 9.075222620052e-01
1.353000000000e+03 9.454367444611e-01
1.353500000000e+03 9.730854043086e-01
1.354000000000e+03 9.898490178436e-01
1.354500000000e+03 9.953608347162e-01
1.355000000000e+03 9.895141724705e-01
1.355500000000e+03 9.724638554380e-01
1.356000000000e+03 9.446215105715e-01
1.356500000000e+03 9.066448839283e-01
1.357000000000e+03 8.594214861047e-01
1.357500000000e+03 8.040470091695e-01
1.358000000000e+03 7.417990781437e-01
1.358500000000e+03 6.741070039433e-01
1.359000000000e+03 6.025182896301e-01
1.359500000000e+03 5.286627061892e-01
1.360000000000e+03 4.542147968076e-01
1.360500000000e+03 3.808556895346e-01
1.361000000000e+03 3.102350974711e-01
1.361500000000e+03 2.439343642461e-01
1.362000000000e+03 1.834313718055e-01
1.362500000000e+03 1.300680693971e-01
1.363000000000e+03 8.502130918892e-02
1.363500000000e+03 4.927758762672e-02
1.364000000000e+03 2.361219505229e-02
1.364500000000e+03 8.573171753517e-03
1.365000000000e+03 4.470359211703e-03
1.365500000000e+03 1.136972321991e-02
1.366000000000e+03 2.909301316733e-02
1.366500000000e+03 5.722271121132e-02
1.367000000000e+03 9.511211821579e-02
1.367500000000e+03 1.419003219114e-01
1.368000000000e+03 1.965316981942e-01
1.368500000000e+03 2.577795100871e-01
1.369000000000e+03 3.242730917328e-01
1.369500000000e+03 3.945280377490e-01
1.370000000000e+03 4.669787622146e-01
1.370500000000e+03 5.400127470579e-01
1.371000000000e+03 6.120057673218e-01
1.371500000000e+03 6.813573611826e-01
1.372000000000e+03 7.465258060246e-01
1.372500000000e+03 8.060618687532e-01
1.373000000000e+03 8.586406189014e-01
1.373500000000e+03 9.030906270843e-01
1.374000000000e+03 9.384199188073e-01
1.374500000000e+03 9.638381141343e-01
1.375000000000e+03 9.787742566813e-01
1.375500000000e+03 9.828899199324e-01
1.376000000000e+03 9.760872737105e-01
1.376500000000e+03 9.585118973010e-01
1.377000000000e+03 9.305502363438e-01
1.377500000000e+03 8.928217160461e-01
1.378000000000e+03 8.461656410984e-01
1.378500000000e+03 7.916231302780e-01
1.379000000000e+03 7.304144483167e-01
1.379500000000e+03 6.639122063042e-01
1.380000000000e+03 5.936110018719e-01
1.380500000000e+03 5.210941589217e-01
1.381000000000e+03 4.479983011006e-01
1.381500000000e+03 3.759765514788e-01
1.382000000000e+03 3.066611909058e-01
1.382500000000e+03 2.416266280915e-01
1.383000000000e+03 1.823535345076e-01
1.383500000000e+03 1.301949765563e-01
1.384000000000e+03 8.634533626581e-02
1.384500000000e+03 5.181275094107e-02
1.385000000000e+03 2.739572311649e-02
1.385500000000e+03 1.366445676455e-02
1.386000000000e+03 1.094736640504e-02
1.386500000000e+03 1.932308531989e-02
1.387000000000e+03 3.861817059010e-02
1.387500000000e+03 6.841056940581e-02
1.388000000000e+03 1.080387764389e-01
1.388500000000e+03 1.566164793642e-01
1.389000000000e+03 2.130523621537e-01
1.389500000000e+03 2.760746165524e-01
1.390000000000e+03 3.442596040533e-01
1.390500000000e+03 4.160640160597e-01
1.391000000000e+03 4.898598008664e-01
1.391500000000e+03 5.639710642523e-01
1.392000000000e+03 6.367121069223e-01
1.392500000000e+03 7.064257376131e-01
1.393000000000e+03 7.715209955793e-01
1.393500000000e+03 8.305094302760e-01
1.394000000000e+03 8.820391188186e-01
1.394500000000e+03 9.249256523170e-01
1.395000000000e+03 9.581793892168e-01
1.395500000000e+03 9.810283558204e-01
1.396000000000e+03 9.929362694528e-01
1.396500000000e+03 9.936152662833e-01
1.397000000000e+03 9.830330315087e-01
1.397500000000e+03 9.614141520940e-01
1.398000000000e+03 9.292356392053e-01
1.398500000000e+03 8.872166962967e-01
1.399000000000e+03 8.363029370321e-01
1.399500000000e+03 7.776453821675e-01
1.400000000000e+03 7.125746836850e-01
1.400500000000e+03 6.425711352093e-01
1.401000000000e+03 5.692311276423e-01
1.401500000000e+03 4.942307956215e-01
1.402000000000e+03 4.192876716721e-01
1.402500000000e+03 3.461212188305e-01
1.403000000000e+03 2.764131473990e-01
1.403500000000e+03 2.117684360506e-01
1.404000000000e+03 1.536779708167e-01
1.404500000000e+03 1.034836871684e-01
1.405000000000e+03 6.234705047430e-02
1.405500000000e+03 3.122163926253e-02
1.406000000000e+03 1.083050510232e-02
1.406500000000e+03 1.648874325532e-03
1.407000000000e+03 3.892632584981e-03
1.407500000000e+03 1.751289618923e-02
1.408000000000e+03 4.219682762430e-02
1.408500000000e+03 7.737470030068e-02
1.409000000000e+03 1.222330633534e-01
1.409500000000e+03 1.757337053620e-01
1.410000000000e+03 2.366379703422e-01
1.410500000000e+03 3.035358443347e-01
1.411000000000e+03 3.748791102223e-01
1.411500000000e+03 4.490177655193e-01
1.412000000000e+03 5.242388157623e-01
1.412500000000e+03 5.988064971855e-01
1.413000000000e+03 6.710029482822e-01
1.413500000000e+03 7.391683416031e-01
1.414000000000e+03 8.017395048381e-01
1.414500000000e+03 8.572861033640e-01
1.415000000000e+03 9.045435234623e-01
1.415500000000e+03 9.424416843730e-01
1.416000000000e+03 9.701291154126e-01
1.416500000000e+03 9.869917582689e-01
1.417000000000e+03 9.926660906639e-01
1.417500000000e+03 9.870463117781e-01
1.418000000000e+03 9.702854781161e-01
1.418500000000e+03 9.427906266888e-01
1.419000000000e+03 9.052120665444e-01
1.419500000000e+03 8.584271560776e-01
1.420000000000e+03 8.035190088253e-01
1.420500000000e+03 7.417506817760e-01
1.421000000000e+03 6.745354952193e-01
1.421500000000e+03 6.034042100759e-01
1.422000000000e+03 5.299698463346e-01
1.422500000000e+03 4.558909640923e-01
1.423000000000e+03 3.828342466977e-01
1.423500000000e+03 3.124372242434e-01
1.424000000000e+03 2.462719559056e-01
1.424500000000e+03 1.858104529526e-01
1.425000000000e+03 1.323925720133e-01
1.425500000000e+03 8.719704248598e-02
1.426000000000e+03 5.121621458139e-02
1.426500000000e+03 2.523502757892e-02
1.427000000000e+03 9.814603476855e-03
1.427500000000e+03 5.280771310458e-03
1.428000000000e+03 1.171772399082e-02
1.428500000000e+03 2.896690437201e-02
1.429000000000e+03 5.663111214355e-02
1.429500000000e+03 9.408371967147e-02
1.430000000000e+03 1.404827845890e-01
1.430500000000e+03 1.947897512112e-01
1.431000000000e+03 2.557923430515e-01
1.431500000000e+03 3.221311661669e-01
1.432000000000e+03 3.923294690168e-01
1.432500000000e+03 4.648254401602e-01
1.433000000000e+03 5.380063716575e-01
1.433500000000e+03 6.102439745516e-01
1.434000000000e+03 6.799301042865e-01
1.434500000000e+03 7.455121393390e-01
1.435000000000e+03 8.055272563482e-01
1.435500000000e+03 8.586348602188e-01
1.436000000000e+03 9.036464583271e-01
1.436500000000e+03 9.395523139919e-01
1.437000000000e+03 9.655442755269e-01
1.437500000000e+03 9.810342526307e-01
1.438000000000e+03 9.856679005462e-01
1.438500000000e+03 9.793331727506e-01
1.439000000000e+03 9.621635130424e-01
1.439500000000e+03 9.345355754615e-01
1.440000000000e+03 8.970614829369e-01
1.440500000000e+03 8.505757600307e-01
1.441000000000e+03 7.961171986429e-01
1.441500000000e+03 7.349060348802e-01
1.442000000000e+03 6.683169274321e-01
1.442500000000e+03 5.978483296937e-01
1.443000000000e+03 5.250889367300e-01
1.443500000000e+03 4.516819615663e-01
1.444000000000e+03 3.792880510320e-01
1.444500000000e+03 3.095476879674e-01
1.445000000000e+03 2.440439428120e-01
1.445500000000e+03 1.842664330169e-01
1.446000000000e+03 1.315773232726e-01
1.446500000000e+03 8.718015400036e-02
1.447000000000e+03 5.209222090555e-02
1.447500000000e+03 2.712114651821e-02
1.448000000000e+03 1.284618750572e-02
1.448500000000e+03 9.604711768582e-03
1.449000000000e+03 1.748415964913e-02
1.449500000000e+03 3.631967702349e-02
1.450000000000e+03 6.569747771795e-02
1.450500000000e+03 1.049638617090e-01
1.451000000000e+03 1.532396870100e-01
1.451500000000e+03 2.094399699271e-01
1.452000000000e+03 2.722981732064e-01
1.452500000000e+03 3.403946369356e-01
1.453000000000e+03 4.121885150528e-01
1.453500000000e+03 4.860525027990e-01
1.454000000000e+03 5.603095788138e-01
1.454500000000e+03 6.332709410361e-01
1.455000000000e+03 7.032742887608e-01
1.455500000000e+03 7.687215946144e-01
1.456000000000e+03 8.281155198482e-01
1.456500000000e+03 8.800936539867e-01
1.457000000000e+03 9.234598049109e-01
1.457500000000e+03 9.572116270714e-01
1.458000000000e+03 9.805639525799e-01
1.458500000000e+03 9.929672809586e-01
1.459000000000e+03 9.941209867917e-01
1.459500000000e+03 9.839809183810e-01
1.460000000000e+03 9.627611827527e-01
1.460500000000e+03 9.309300405661e-01
1.461000000000e+03 8.891999661416e-01
1.461500000000e+03 8.385120602356e-01
1.462000000000e+03 7.800151335278e-01
1.462500000000e+03 7.150399041166e-01
1.463000000000e+03 6.450688697440e-01
1.463500000000e+03 5.717025220182e-01
1.464000000000e+03 4.966226629035e-01
1.464500000000e+03 4.215536604343e-01
1.465000000000e+03 3.482225388584e-01
1.465500000000e+03 2.783188360853e-01
1.466000000000e+03 2.134551770232e-01
1.466500000000e+03 1.551295040608e-01
1.467000000000e+03 1.046898751792e-01
1.467500000000e+03 6.330268620811e-02
1.468000000000e+03 3.192509738679e-02
1.468500000000e+03 1.128234721274e-02
1.469000000000e+03 1.850520734597e-03
1.469500000000e+03 3.845207739165e-03
1.470000000000e+03 1.721634203413e-02
1.470500000000e+03 4.164935999225e-02
1.471000000000e+03 7.657265882700e-02
1.471500000000e+03 1.211711770168e-01
1.472000000000e+03 1.744057653083e-01
1.472500000000e+03 2.350378711007e-01
1.473000000000e+03 3.016589258791e-01
1.473500000000e+03 3.727237084659e-01
1.474000000000e+03 4.465868594288e-01
1.474500000000e+03 5.215416467514e-01
1.475000000000e+03 5.958600317195e-01
1.475500000000e+03 6.678330582492e-01
1.476000000000e+03 7.358105888549e-01
1.476500000000e+03 7.982394360022e-01
1.477000000000e+03 8.536989873241e-01
1.477500000000e+03 9.009334955474e-01
1.478000000000e+03 9.388802962934e-01
1.478500000000e+03 9.666933263482e-01
1.479000000000e+03 9.837614380782e-01
1.479500000000e+03 9.897211386926e-01
1.480000000000e+03 9.844635222718e-01
1.480500000000e+03 9.681353039491e-01
1.481000000000e+03 9.411340056837e-01
1.481500000000e+03 9.040974781476e-01
1.482000000000e+03 8.578880701886e-01
1.482500000000e+03 8.035718733539e-01
1.483000000000e+03 7.423935717025e-01
1.483500000000e+03 6.757475148192e-01
1.484000000000e+03 6.051457032193e-01
1.484500000000e+03 5.321834293387e-01
1.485000000000e+03 4.585033537939e-01
1.485500000000e+03 3.857588155254e-01
1.486000000000e+03 3.155771763282e-01
1.486500000000e+03 2.495239859116e-01
1.487000000000e+03 1.890687239777e-01
1.487500000000e+03 1.355528321356e-01
1.488000000000e+03 9.016069213830e-02
1.488500000000e+03 5.389413931334e-02
1.489000000000e+03 2.755102276810e-02
1.489500000000e+03 1.170823837970e-02
1.490000000000e+03 6.709568343702e-03
1.490500000000e+03 1.265856362948e-02
1.491000000000e+03 2.941660460309e-02
1.491500000000e+03 5.660617186262e-02
1.492000000000e+03 9.361925553682e-02
1.492500000000e+03 1.396307284861e-01
1.493000000000e+03 1.936164086667e-01
1.493500000000e+03 2.543754399642e-01
1.494000000000e+03 3.205565308695e-01
1.494500000000e+03 3.906875080336e-01
1.495000000000e+03 4.632075688527e-01
1.495500000000e+03 5.365015553430e-01
1.496000000000e+03 6.089355223291e-01
1.496500000000e+03 6.788928378310e-01
1.497000000000e+03 7.448100336480e-01
1.497500000000e+03 8.052116206603e-01
1.498000000000e+03 8.587430967843e-01
1.498500000000e+03 9.042014063007e-01
1.499000000000e+03 9.405621571660e-01
1.499500000000e+03 9.670029674938e-01
1.500000000000e+03 9.829223925086e-01
1.500500000000e+03 9.879539775513e-01
1.501000000000e+03 9.819750891338e-01
1.501500000000e+03 9.651102923263e-01
1.502000000000e+03 9.377291661883e-01
1.502500000000e+03 9.004385765676e-01
1.503000000000e+03 8.540695542339e-01
1.503500000000e+03 7.996590527015e-01
1.504000000000e+03 7.384269810175e-01
1.504500000000e+03 6.717490190540e-01
1.505000000000e+03 6.011258235402e-01
1.505500000000e+03 5.281493195807e-01
1.506000000000e+03 4.544668424285e-01
1.506500000000e+03 3.817439461285e-01
1.507000000000e+03 3.116267279172e-01
1.507500000000e+03 2.457045293117e-01
1.508000000000e+03 1.854738664090e-01
1.508500000000e+03 1.323044134081e-01
1.509000000000e+03 8.740781561275e-02
1.509500000000e+03 5.181004257813e-02
1.510000000000e+03 2.632791032233e-02
1.510500000000e+03 1.155030581374e-02
1.511000000000e+03 7.824539672877e-03
1.511500000000e+03 1.524813675104e-02
1.512000000000e+03 3.366625179326e-02
1.512500000000e+03 6.267477147515e-02
1.513000000000e+03 1.016290375734e-01
1.513500000000e+03 1.496580015431e-01
1.514000000000e+03 2.056835009852e-01
1.514500000000e+03 2.684442357433e-01
1.515000000000e+03 3.365239179756e-01
1.515500000000e+03 4.083829784239e-01
1.516000000000e+03 4.823931321052e-01
1.516500000000e+03 5.568740421697e-01
1.517000000000e+03 6.301312720933e-01
1.517500000000e+03 7.004946845390e-01
1.518000000000e+03 7.663564309470e-01
1.518500000000e+03 8.262076795665e-01
1.519000000000e+03 8.786732513354e-01
1.519500000000e+03 9.225433726742e-01
1.520000000000e+03 9.568018112581e-01
1.520500000000e+03 9.806497345015e-01
1.521000000000e+03 9.935247195964e-01
1.521500000000e+03 9.951144470268e-01
1.522000000000e+03 9.853647247096e-01
1.522500000000e+03 9.644816151106e-01
1.523000000000e+03 9.329275703479e-01
1.523500000000e+03 8.914116176505e-01
1.524000000000e+03 8.408737765448e-01
1.524500000000e+03 7.824640265708e-01
1.525000000000e+03 7.175162768159e-01
1.525500000000e+03 6.475179127311e-01
1.526000000000e+03 5.740756082151e-01
1.526500000000e+03 4.988781886116e-01
1.527000000000e+03 4.236574102166e-01
1.527500000000e+03 3.501475815113e-01
1.528000000000e+03 2.800449885806e-01
1.528500000000e+03 2.149681005890e-01
1.529000000000e+03 1.564195197307e-01
1.529500000000e+03 1.057506037604e-01
1.530000000000e+03 6.412962843247e-02
1.530500000000e+03 3.251427326562e-02
1.531000000000e+03 1.162910905534e-02
1.531500000000e+03 1.948642029408e-03
1.532000000000e+03 3.686330893311e-03
1.532500000000e+03 1.678984290151e-02
1.533000000000e+03 4.094265774790e-02
1.533500000000e+03 7.557196786896e-02
1.534000000000e+03 1.198626652090e-01
1.534500000000e+03 1.727770520767e-01
1.535000000000e+03 2.330797716803e-01
1.535500000000e+03 2.993673261597e-01
1.536000000000e+03 3.701014399311e-01
1.536500000000e+03 4.436454366888e-01
1.537000000000e+03 5.183027317879e-01
1.537500000000e+03 5.923564992457e-01
1.538000000000e+03 6.641095551028e-01
1.538500000000e+03 7.319235061927e-01
1.539000000000e+03 7.942562447113e-01
1.539500000000e+03 8.496969228509e-01
1.540000000000e+03 8.969976160945e-01
1.540500000000e+03 9.351009758792e-01
1.541000000000e+03 9.631632793321e-01
1.541500000000e+03 9.805724022607e-01
1.542000000000e+03 9.869603682002e-01
1.542500000000e+03 9.822102575635e-01
1.543000000000e+03 9.664573934120e-01
1.543500000000e+03 9.400848508702e-01
1.544000000000e+03 9.037134627698e-01
1.544500000000e+03 8.581866120909e-01
1.545000000000e+03 8.045502099338e-01
1.545500000000e+03 7.440283541881e-01
1.546000000000e+03 6.779952473785e-01
1.546500000000e+03 6.079440211874e-01
1.547000000000e+03 5.354531692953e-01
1.547500000000e+03 4.621513290014e-01
1.548000000000e+03 3.896811755196e-01
1.548500000000e+03 3.196632011817e-01
1.549000000000e+03 2.536601452134e-01
1.549500000000e+03 1.931428191030e-01
1.550000000000e+03 1.394580383062e-01
1.550500000000e+03 9.379932413245e-02
1.551000000000e+03 5.718098092689e-02
1.551500000000e+03 3.041608418687e-02
1.552000000000e+03 1.409883604437e-02
1.552500000000e+03 8.591656867409e-03
1.553000000000e+03 1.401728685370e-02
1.553500000000e+03 3.025607083101e-02
1.554000000000e+03 5.694849462279e-02
1.554500000000e+03 9.350293396822e-02
1.555000000000e+03 1.391084689568e-01
1.555500000000e+03 1.927525102107e-01
1.556000000000e+03 2.532428797231e-01
1.556500000000e+03 3.192338914756e-01
1.557000000000e+03 3.892558869061e-01
1.557500000000e+03 4.617476001663e-01
1.558000000000e+03 5.350906599420e-01
1.558500000000e+03 6.076454803377e-01
1.559000000000e+03 6.777877546743e-01
1.559500000000e+03 7.439447443301e-01
1.560000000000e+03 8.046305510804e-01
1.560500000000e+03 8.584795762736e-01
1.561000000000e+03 9.042774037916e-01
1.561500000000e+03 9.409883957013e-01
1.562000000000e+03 9.677793588862e-01
1.562500000000e+03 9.840387263896e-01
1.563000000000e+03 9.893907968195e-01
1.563500000000e+03 9.837046866288e-01
1.564000000000e+03 9.670977707380e-01
1.564500000000e+03 9.399335138195e-01
1.565000000000e+03 9.028137244507e-01
1.565500000000e+03 8.565653939729e-01
1.566000000000e+03 8.022224080221e-01
1.566500000000e+03 7.410025380837e-01
1.567000000000e+03 6.742802301804e-01
1.567500000000e+03 6.035558051349e-01
1.568000000000e+03 5.304217675125e-01
1.568500000000e+03 4.565269863644e-01
1.569000000000e+03 3.835395588721e-01
1.569500000000e+03 3.131091969449e-01
1.570000000000e+03 2.468299862798e-01
1.570500000000e+03 1.862043574940e-01
1.571000000000e+03 1.326090799941e-01
1.571500000000e+03 8.726404244559e-02
1.572000000000e+03 5.120452010288e-02
1.572500000000e+03 2.525755071852e-02
1.573000000000e+03 1.002294905296e-02
1.573500000000e+03 5.859387330583e-03
1.574000000000e+03 1.287585762723e-02
1.574500000000e+03 3.092871448041e-02
1.575000000000e+03 5.962437445020e-02
1.575500000000e+03 9.832762635896e-02
1.576000000000e+03 1.461753839155e-01
1.576500000000e+03 2.020955937813e-01
1.577000000000e+03 2.648308990795e-01
1.577500000000e+03 3.329665531652e-01
1.578000000000e+03 4.049619831177e-01
1.578500000000e+03 4.791853188831e-01
1.579000000000e+03 5.539501340230e-01
1.579500000000e+03 6.275535891664e-01
1.580000000000e+03 6.983151308995e-01
1.580500000000e+03 7.646148780983e-01
1.581000000000e+03 8.249308253948e-01
1.581500000000e+03 8.778740101669e-01
1.582000000000e+03 9.222208252894e-01
1.582500000000e+03 9.569417146619e-01
1.583000000000e+03 9.812255616643e-01
1.583500000000e+03 9.944991710198e-01
1.584000000000e+03 9.964413506563e-01
1.584500000000e+03 9.869912199399e-01
1.585000000000e+03 9.663505017877e-01
1.585500000000e+03 9.349796957375e-01
1.586000000000e+03 8.935881738960e-01
1.586500000000e+03 8.431183882894e-01
1.587000000000e+03 7.847245228186e-01
1.587500000000e+03 7.197460619252e-01
1.588000000000e+03 6.496768774793e-01
1.588500000000e+03 5.761305514941e-01
1.589000000000e+03 5.008027518223e-01
1.589500000000e+03 4.254315577079e-01
1.590000000000e+03 3.517566896451e-01
1.590500000000e+03 2.814786312427e-01
1.591000000000e+03 2.162186385705e-01
1.591500000000e+03 1.574806141723e-01
1.592000000000e+03 1.066157787761e-01
1.592500000000e+03 6.479100480661e-02
1.593000000000e+03 3.296158382058e-02
1.593500000000e+03 1.184908751444e-02
1.594000000000e+03 1.924852100268e-03
1.594500000000e+03 3.399472320853e-03
1.595000000000e+03 1.621853825229e-02
1.595500000000e+03 4.006468972544e-02
1.596000000000e+03 7.436590414434e-02
1.596500000000e+03 1.183097781866e-01
1.597000000000e+03 1.708634166048e-01
1.597500000000e+03 2.307984060764e-01
1.598000000000e+03 2.967202323075e-01
1.598500000000e+03 3.671013973105e-01
1.599000000000e+03 4.403174133245e-01
1.599500000000e+03 5.146847918364e-01
1.600000000000e+03 5.885001115061e-01
1.600500000000e+03 6.600792377796e-01
1.601000000000e+03 7.277957789670e-01
1.601500000000e+03 7.901178976640e-01
1.602000000000e+03 8.456426506794e-01
1.602500000000e+03 8.931271031969e-01
1.603000000000e+03 9.315155510250e-01
1.603500000000e+03 9.599622858223e-01
1.604000000000e+03 9.778494491163e-01
1.604500000000e+03 9.847996387646e-01
1.605000000000e+03 9.806830533109e-01
1.605500000000e+03 9.656190825556e-01
1.606000000000e+03 9.399723739867e-01
1.606500000000e+03 9.043435220327e-01
1.607000000000e+03 8.595546382468e-01
1.607500000000e+03 8.066301636673e-01
1.608000000000e+03 7.467733780768e-01
1.608500000000e+03 6.813391434541e-01
1.609000000000e+03 6.118034894855e-01
1.609500000000e+03 5.397307067838e-01
1.610000000000e+03 4.667386578811e-01
1.610500000000e+03 3.944630466421e-01
1.611000000000e+03 3.245214033284e-01
1.611500000000e+03 2.584775449569e-01
1.612000000000e+03 1.978072589465e-01
1.612500000000e+03 1.438659324598e-01
1.613000000000e+03 9.785881072854e-02
1.613500000000e+03 6.081451540854e-02
1.614000000000e+03 3.356238937644e-02
1.614500000000e+03 1.671415819189e-02
1.615000000000e+03 1.065031178413e-02
1.615500000000e+03 1.551151409854e-02
1.616000000000e+03 3.119524502031e-02
1.616500000000e+03 5.735776965426e-02
1.617000000000e+03 9.342141703306e-02
1.617500000000e+03 1.385870357573e-01
1.618000000000e+03 1.918513803938e-01
1.618500000000e+03 2.520290721255e-01
1.619000000000e+03 3.177786728429e-01
1.619500000000e+03 3.876323160639e-01
1.620000000000e+03 4.600282533465e-01
1.620500000000e+03 5.333456034396e-01
1.621000000000e+03 6.059405354404e-01
1.621500000000e+03 6.761830783219e-01
1.622000000000e+03 7.424937287526e-01
1.622500000000e+03 8.033790279692e-01
1.623000000000e+03 8.574652968679e-01
1.623500000000e+03 9.035297564166e-01
1.624000000000e+03 9.405283169937e-01
1.624500000000e+03 9.676193943321e-01
1.625000000000e+03 9.841831993981e-01
1.625500000000e+03 9.898360527491e-01
1.626000000000e+03 9.844393880261e-01
1.626500000000e+03 9.681032314143e-01
1.627000000000e+03 9.411840710847e-01
1.627500000000e+03 9.042771596399e-01
1.628000000000e+03 8.582034202323e-01
1.628500000000e+03 8.039912502268e-01
1.629000000000e+03 7.428536320936e-01
1.629500000000e+03 6.761610669937e-01
1.630000000000e+03 6.054109398575e-01
1.630500000000e+03 5.321940037266e-01
1.631000000000e+03 4.581587340711e-01
1.631500000000e+03 3.849743495913e-01
1.632000000000e+03 3.142933239151e-01
1.632500000000e+03 2.477142222743e-01
1.633000000000e+03 1.867456887702e-01
1.633500000000e+03 1.327723837062e-01
1.634000000000e+03 8.702362739265e-02
1.634500000000e+03 5.054544798131e-02
1.635000000000e+03 2.417665755754e-02
1.635500000000e+03 8.529494470764e-03
1.636000000000e+03 3.975272532632e-03
1.636500000000e+03 1.063537106647e-02
1.637000000000e+03 2.837778597109e-02
1.637500000000e+03 5.681934304275e-02
1.638000000000e+03 9.533355302091e-02
1.638500000000e+03 1.430639654661e-01
1.639000000000e+03 1.989427579515e-01
1.639500000000e+03 2.617141805201e-01
1.640000000000e+03 3.299623652901e-01
1.640500000000e+03 4.021429097374e-01
1.641000000000e+03 4.766175519644e-01
1.641500000000e+03 5.516911791119e-01
1.642000000000e+03 6.256503482718e-01
1.642500000000e+03 6.968024543421e-01
1.643000000000e+03 7.635146529859e-01
1.643500000000e+03 8.242516403134e-01
1.644000000000e+03 8.776114049225e-01
1.644500000000e+03 9.223581029442e-01
1.645000000000e+03 9.574512625502e-01
1.645500000000e+03 9.820706003864e-01
1.646000000000e+03 9.956358273366e-01
1.646500000000e+03 9.978209331460e-01
1.647000000000e+03 9.885625663763e-01
1.647500000000e+03 9.680622650850e-01
1.648000000000e+03 9.367824411973e-01
1.648500000000e+03 8.954361740800e-01
1.649000000000e+03 8.449710223538e-01
1.649500000000e+03 7.865472133456e-01
1.650000000000e+03 7.215107126353e-01
1.650500000000e+03 6.513618077643e-01
1.651000000000e+03 5.777199565841e-01
1.651500000000e+03 5.022857483814e-01
1.652000000000e+03 4.268009019530e-01
1.652500000000e+03 3.530072768133e-01
1.653000000000e+03 2.826059000673e-01
1.653500000000e+03 2.172170113490e-01
1.654000000000e+03 1.583421014665e-01
1.654500000000e+03 1.073288678568e-01
1.655000000000e+03 6.533993309053e-02
1.655500000000e+03 3.332607385356e-02
1.656000000000e+03 1.200458993476e-02
1.656500000000e+03 1.843309327654e-03
1.657000000000e+03 3.050580494783e-03
1.657500000000e+03 1.557145037516e-02
1.658000000000e+03 3.909007119477e-02
1.658500000000e+03 7.303822490930e-02
1.659000000000e+03 1.166097053460e-01
1.659500000000e+03 1.687801587612e-01
1.660000000000e+03 2.283318570300e-01
1.660500000000e+03 2.938827670850e-01
1.661000000000e+03 3.639191879154e-01
1.661500000000e+03 4.368311541944e-01
1.662000000000e+03 5.109497546156e-01
1.662500000000e+03 5.845854837294e-01
1.663000000000e+03 6.560667384001e-01
1.663500000000e+03 7.237775832310e-01
1.664000000000e+03 7.861939422669e-01
1.664500000000e+03 8.419174253196e-01
1.665000000000e+03 8.897060644672e-01
1.665500000000e+03 9.285013173737e-01
1.666000000000e+03 9.574507867402e-01
1.666500000000e+03 9.759262069462e-01
1.667000000000e+03 9.835363573009e-01
1.667500000000e+03 9.801346738761e-01
1.668000000000e+03 9.658214463353e-01
1.668500000000e+03 9.409406002880e-01
1.669000000000e+03 9.060711774802e-01
1.669500000000e+03 8.620137336999e-01
1.670000000000e+03 8.097719759475e-01
1.670500000000e+03 7.505300546284e-01
1.671000000000e+03 6.856260119321e-01
1.671500000000e+03 6.165219628509e-01
1.672000000000e+03 5.447716494264e-01
1.672500000000e+03 4.719860607092e-01
1.673000000000e+03 3.997978497995e-01
1.673500000000e+03 3.298253043751e-01
1.674000000000e+03 2.636366377988e-01
1.674500000000e+03 2.027153637538e-01
1.675000000000e+03 1.484274981661e-01
1.675500000000e+03 1.019912979758e-01
1.676000000000e+03 6.445019730124e-02
1.676500000000e+03 3.664953833855e-02
1.677000000000e+03 1.921761770643e-02
1.677500000000e+03 1.255148018649e-02
1.678000000000e+03 1.680779234134e-02
1.678500000000e+03 3.189902023658e-02
1.679000000000e+03 5.749502058159e-02
1.679500000000e+03 9.303003546996e-02
1.680000000000e+03 1.377149601964e-01
1.680500000000e+03 1.905546341611e-01
1.681000000000e+03 2.503697895351e-01
1.681500000000e+03 3.158231840202e-01
1.682000000000e+03 3.854493454983e-01
1.682500000000e+03 4.576872702295e-01
1.683000000000e+03 5.309153448368e-01
1.683500000000e+03 6.034877075985e-01
1.684000000000e+03 6.737712281164e-01
1.684500000000e+03 7.401822672572e-01
1.685000000000e+03 8.012223819875e-01
1.685500000000e+03 8.555121622868e-01
1.686000000000e+03 9.018224292091e-01
1.686500000000e+03 9.391020833233e-01
1.687000000000e+03 9.665019696119e-01
1.687500000000e+03 9.833942164839e-01
1.688000000000e+03 9.893866105272e-01
1.688500000000e+03 9.843316823002e-01
1.689000000000e+03 9.683302990837e-01
1.689500000000e+03 9.417296850595e-01
1.690000000000e+03 9.051159149349e-01
1.690500000000e+03 8.593010506507e-01
1.691000000000e+03 8.053052097163e-01
1.691500000000e+03 7.443339653408e-01
1.692000000000e+03 6.777515805361e-01
1.692500000000e+03 6.070506686919e-01
1.693000000000e+03 5.338189501311e-01
1.693500000000e+03 4.597038363171e-01
1.694000000000e+03 3.863756198456e-01
1.694500000000e+03 3.154900781934e-01
1.695000000000e+03 2.486513122267e-01
1.695500000000e+03 1.873756364422e-01
1.696000000000e+03 1.330573171082e-01
1.696500000000e+03 8.693691735826e-02
1.697000000000e+03 5.007295551242e-02
1.697500000000e+03 2.331751549834e-02
1.698000000000e+03 7.296367286630e-03
1.698500000000e+03 2.394062209792e-03
1.699000000000e+03 8.744364415164e-03
1.699500000000e+03 2.622626735126e-02
1.700000000000e+03 5.446572505286e-02
1.700500000000e+03 9.284310426855e-02
1.701000000000e+03 1.405062374936e-01
1.701500000000e+03 1.963888312568e-01
1.702000000000e+03 2.592338611573e-01
1.702500000000e+03 3.276214679003e-01
1.703000000000e+03 4.000007596792e-01
1.703500000000e+03 4.747248283885e-01
1.704000000000e+03 5.500882030251e-01
1.704500000000e+03 6.243658956218e-01
1.705000000000e+03 6.958531453953e-01
1.705500000000e+03 7.629049373683e-01
1.706000000000e+03 8.239743638580e-01
1.706500000000e+03 8.776489119914e-01
1.707000000000e+03 9.226837980384e-01
1.707500000000e+03 9.580315296436e-01
1.708000000000e+03 9.828669590840e-01
1.708500000000e+03 9.966071928750e-01
1.709000000000e+03 9.989258431906e-01
1.709500000000e+03 9.897612418348e-01
1.710000000000e+03 9.693183845226e-01
1.710500000000e+03 9.380645281932e-01
1.711000000000e+03 8.967185228114e-01
1.711500000000e+03 8.462341172888e-01
1.712000000000e+03 7.877776322652e-01
1.712500000000e+03 7.227005362451e-01
1.713000000000e+03 6.525075918030e-01
1.713500000000e+03 5.788213514855e-01
1.714000000000e+03 5.033438754377e-01
1.714500000000e+03 4.278166119391e-01
1.715000000000e+03 3.539794261220e-01
1.715500000000e+03 2.835297798758e-01
1.716000000000e+03 2.180830571394e-01
1.716500000000e+03 1.591349937145e-01
1.717000000000e+03 1.080271108893e-01
1.717500000000e+03 6.591596935380e-02
1.718000000000e+03 3.374695691229e-02
1.718500000000e+03 1.223320350041e-02
1.719000000000e+03 1.840083652128e-03
1.719500000000e+03 2.775623791106e-03
1.720000000000e+03 1.498698360762e-02
1.720500000000e+03 3.816303144699e-02
1.721000000000e+03 7.174288705944e-02
1.721500000000e+03 1.149301649840e-01
1.722000000000e+03 1.667125216489e-01
1.722500000000e+03 2.258859919154e-01
1.723000000000e+03 2.910834987487e-01
1.723500000000e+03 3.608068348132e-01
1.724000000000e+03 4.334613485007e-01
1.724500000000e+03 5.073925198951e-01
1.725000000000e+03 5.809235848052e-01
1.725500000000e+03 6.523933569657e-01
1.726000000000e+03 7.201934091891e-01
1.726500000000e+03 7.828038025769e-01
1.727000000000e+03 8.388265975444e-01
1.727500000000e+03 8.870164398170e-01
1.728000000000e+03 9.263075868751e-01
1.728500000000e+03 9.558368238598e-01
1.729000000000e+03 9.749618105627e-01
1.729500000000e+03 9.832745010605e-01
1.730000000000e+03 9.806093827317e-01
1.730500000000e+03 9.670463899573e-01
1.731000000000e+03 9.429084578756e-01
1.731500000000e+03 9.087537912804e-01
1.732000000000e+03 8.653630313451e-01
1.732500000000e+03 8.137216065749e-01
1.733000000000e+03 7.549976524998e-01
1.733500000000e+03 6.905159755223e-01
1.734000000000e+03 6.217286183066e-01
1.734500000000e+03 5.501826557246e-01
1.735000000000e+03 4.774859100732e-01
1.735500000000e+03 4.052713208055e-01
1.736000000000e+03 3.351607361433e-01
1.736500000000e+03 2.687289106660e-01
1.737000000000e+03 2.074684936113e-01
1.737500000000e+03 1.527567766676e-01
1.738000000000e+03 1.058249373863e-01
1.738500000000e+03 6.773046525891e-02
1.739000000000e+03 3.933339259162e-02
1.739500000000e+03 2.127687265989e-02
1.740000000000e+03 1.397255467683e-02
1.740500000000e+03 1.759110072532e-02
1.741000000000e+03 3.205807623576e-02
1.741500000000e+03 5.705532534957e-02
1.742000000000e+03 9.202781842594e-02
1.742500000000e+03 1.361958339961e-01
1.743000000000e+03 1.885722147145e-01
1.743500000000e+03 2.479843193917e-01
1.744000000000e+03 3.131001839967e-01
1.744500000000e+03 3.824583063483e-01
1.745000000000e+03 4.545003846662e-01
1.745500000000e+03 5.276062712341e-01
1.746000000000e+03 6.001303510636e-01
1.746500000000e+03 6.704385226456e-01
1.747000000000e+03 7.369449446067e-01
1.747500000000e+03 7.981477183666e-01
1.748000000000e+03 8.526627025293e-01
1.748500000000e+03 8.992546988676e-01
1.749000000000e+03 9.368653110926e-01
1.749500000000e+03 9.646368545095e-01
1.750000000000e+03 9.819317850486e-01
1.750500000000e+03 9.883472178044e-01
1.751000000000e+03 9.837242155527e-01
1.751500000000e+03 9.681516441980e-01
1.752000000000e+03 9.419645120285e-01
1.752500000000e+03 9.057368304056e-01
1.753000000000e+03 8.602691525420e-01
1.753500000000e+03 8.065710618915e-01
1.754000000000e+03 7.458389901343e-01
1.754500000000e+03 6.794298447524e-01
1.755000000000e+03 6.088310159155e-01
1.755500000000e+03 5.356274102087e-01
1.756000000000e+03 4.614662233295e-01
1.756500000000e+03 3.880202140503e-01
1.757000000000e+03 3.169502766473e-01
1.757500000000e+03 2.498681279673e-01
1.758000000000e+03 1.882999278439e-01
1.758500000000e+03 1.336516376003e-01
1.759000000000e+03 8.717689077685e-02
1.759500000000e+03 4.994810343343e-02
1.760000000000e+03 2.283148882409e-02
1.760500000000e+03 6.466563841786e-03
1.761000000000e+03 1.250643440847e-03
1.761500000000e+03 7.328715723223e-03
1.762000000000e+03 2.458897624155e-02
1.762500000000e+03 5.266417737654e-02
1.763000000000e+03 9.093881973237e-02
1.763500000000e+03 1.385620800154e-01
1.764000000000e+03 1.944662366405e-01
1.764500000000e+03 2.573902234816e-01
1.765000000000e+03 3.259078168595e-01
1.765500000000e+03 3.984598443542e-01
1.766000000000e+03 4.733896994801e-01
1.766500000000e+03 5.489813567313e-01
1.767000000000e+03 6.234990098265e-01
1.767500000000e+03 6.952274045139e-01
1.768000000000e+03 7.625119081450e-01
1.768500000000e+03 8.237973526646e-01
1.769000000000e+03 8.776647066762e-01
1.769500000000e+03 9.228646757599e-01
1.770000000000e+03 9.583473978020e-01
1.770500000000e+03 9.832874902485e-01
1.771000000000e+03 9.971038169600e-01
1.771500000000e+03 9.994734709265e-01
1.772000000000e+03 9.903396121621e-01
1.772500000000e+03 9.699129538066e-01
1.773000000000e+03 9.386668495610e-01
1.773500000000e+03 8.973260976149e-01
1.774000000000e+03 8.468497355849e-01
1.774500000000e+03 7.884082531511e-01
1.775000000000e+03 7.233557897810e-01
1.775500000000e+03 6.531980101046e-01
1.776000000000e+03 5.795564558369e-01
1.776500000000e+03 5.041302576029e-01
1.777000000000e+03 4.286561505952e-01
1.777500000000e+03 3.548677731437e-01
1.778000000000e+03 2.844552365112e-01
1.778500000000e+03 2.190259376053e-01
1.779000000000e+03 1.600675448917e-01
1.779500000000e+03 1.089140231662e-01
1.780000000000e+03 6.671547735098e-02
1.780500000000e+03 3.441249198577e-02
1.781000000000e+03 1.271552472782e-02
1.781500000000e+03 2.089782678510e-03
1.782000000000e+03 2.745873260077e-03
1.782500000000e+03 1.463638056268e-02
1.783000000000e+03 3.745837716355e-02
1.783500000000e+03 7.066174390647e-02
1.784000000000e+03 1.134630392131e-01
1.784500000000e+03 1.648645380325e-01
1.785000000000e+03 2.236779509409e-01
1.785500000000e+03 2.885522382212e-01
1.786000000000e+03 3.580048534425e-01
1.786500000000e+03 4.304556873172e-01
1.787000000000e+03 5.042629359742e-01
1.787500000000e+03 5.777600886141e-01
1.788000000000e+03 6.492932176060e-01
1.788500000000e+03 7.172577590952e-01
1.789000000000e+03 7.801339933861e-01
1.789500000000e+03 8.365204708371e-01
1.790000000000e+03 8.851646796731e-01
1.790500000000e+03 9.249903157467e-01
1.791000000000e+03 9.551205894633e-01
1.791500000000e+03 9.748970904314e-01
1.792000000000e+03 9.838938242851e-01
1.792500000000e+03 9.819261369763e-01
1.793000000000e+03 9.690543479180e-01
1.793500000000e+03 9.455820228743e-01
1.794000000000e+03 9.120489286043e-01
1.794500000000e+03 8.692188220166e-01
1.795000000000e+03 8.180623349803e-01
1.795500000000e+03 7.597353199441e-01
1.796000000000e+03 6.955531190424e-01
1.796500000000e+03 6.269613084072e-01
1.797000000000e+03 5.555035479404e-01
1.797500000000e+03 4.827872329481e-01
1.798000000000e+03 4.104476961634e-01
1.798500000000e+03 3.401117451349e-01
1.799000000000e+03 2.733613397647e-01
1.799500000000e+03 2.116982168472e-01
1.800000000000e+03 1.565102525225e-01
1.800500000000e+03 1.090403194433e-01
1.801000000000e+03 7.035834368827e-02
1.801500000000e+03 4.133719787947e-02
1.802000000000e+03 2.263298298087e-02
1.802500000000e+03 1.467015368747e-02
1.803000000000e+03 1.763183335847e-02
1.803500000000e+03 3.145554671922e-02
1.804000000000e+03 5.583447486038e-02
1.804500000000e+03 9.022421048081e-02
1.805000000000e+03 1.338548649798e-01
1.805500000000e+03 1.857482560520e-01
1.806000000000e+03 2.447397879554e-01
1.806500000000e+03 3.095045294426e-01
1.807000000000e+03 3.785868991056e-01
1.807500000000e+03 4.504332868112e-01
1.808000000000e+03 5.234268748411e-01
1.808500000000e+03 5.959238746996e-01
1.809000000000e+03 6.662903662259e-01
1.809500000000e+03 7.329389150500e-01
1.810000000000e+03 7.943641525245e-01
1.810500000000e+03 8.491765285550e-01
1.811000000000e+03 8.961334912510e-01
1.811500000000e+03 9.341674068230e-01
1.812000000000e+03 9.624096069536e-01
1.812500000000e+03 9.802100372050e-01
1.813000000000e+03 9.871520767624e-01
1.813500000000e+03 9.830622048447e-01
1.814000000000e+03 9.680143001377e-01
1.814500000000e+03 9.423284743764e-01
1.815000000000e+03 9.065644574483e-01
1.815500000000e+03 8.615096669172e-01
1.816000000000e+03 8.081622075004e-01
1.816500000000e+03 7.477091538157e-01
1.817000000000e+03 6.815005706010e-01
1.817500000000e+03 6.110198169026e-01
1.818000000000e+03 5.378507626250e-01
1.818500000000e+03 4.636426158592e-01
1.819000000000e+03 3.900731160821e-01
1.819500000000e+03 3.188108903963e-01
1.820000000000e+03 2.514777963912e-01
1.820500000000e+03 1.896120850115e-01
1.821000000000e+03 1.346332094688e-01
1.821500000000e+03 8.780908116967e-02
1.822000000000e+03 5.022653100572e-02
1.822500000000e+03 2.276567419172e-02
1.823000000000e+03 6.078799971405e-03
1.823500000000e+03 5.743148739871e-04
1.824000000000e+03 6.406161317785e-03
1.824500000000e+03 2.346901411748e-02
1.825000000000e+03 5.139942818174e-02
1.825500000000e+03 8.958297411594e-02
1.826000000000e+03 1.371672576488e-01
1.826500000000e+03 1.930805771392e-01
1.827000000000e+03 2.560558344860e-01
1.827500000000e+03 3.246591822008e-01
1.828000000000e+03 3.973227669555e-01
1.828500000000e+03 4.723808210699e-01
1.829000000000e+03 5.481082615665e-01
1.829500000000e+03 6.227608844437e-01
1.830000000000e+03 6.946161922810e-01
1.830500000000e+03 7.620138679579e-01
1.831000000000e+03 8.233949074566e-01
1.831500000000e+03 8.773384507916e-01
1.832000000000e+03 9.225954018396e-01
1.832500000000e+03 9.581180040565e-01
1.833000000000e+03 9.830846379202e-01
1.833500000000e+03 9.969192248546e-01
1.834000000000e+03 9.993047580464e-01
1.834500000000e+03 9.901906292911e-01
1.835000000000e+03 9.697935784936e-01
1.835500000000e+03 9.385922543010e-01
1.836000000000e+03 8.973155359233e-01
1.836500000000e+03 8.469249229638e-01
1.837000000000e+03 7.885914476456e-01
1.837500000000e+03 7.236676981518e-01
1.838000000000e+03 6.536556593201e-01
1.838500000000e+03 5.801711746570e-01
1.839000000000e+03 5.049059091583e-01
1.839500000000e+03 4.295877442561e-01
1.840000000000e+03 3.559405632942e-01
1.840500000000e+03 2.856443883231e-01
1.841000000000e+03 2.202968071820e-01
1.841500000000e+03 1.613765851004e-01
1.842000000000e+03 1.102102893126e-01
1.842500000000e+03 6.794267073630e-02
1.843000000000e+03 3.551144645226e-02
1.843500000000e+03 1.362701357548e-02
1.844000000000e+03 2.757502371062e-03
1.844500000000e+03 3.119447445666e-03
1.845000000000e+03 1.467422383352e-02
1.845500000000e+03 3.713026291542e-02
1.846000000000e+03 6.995093433964e-02
1.846500000000e+03 1.123678571259e-01
1.847000000000e+03 1.633992883309e-01
1.847500000000e+03 2.218731330928e-01
1.848000000000e+03 2.864540272596e-01
1.848500000000e+03 3.556738645563e-01
1.849000000000e+03 4.279650753620e-01
1.849500000000e+03 5.016959144616e-01
1.850000000000e+03 5.752069810244e-01
1.850500000000e+03 6.468481757524e-01
1.851000000000e+03 7.150152976965e-01
1.851500000000e+03 7.781854962782e-01
1.852000000000e+03 8.349508223156e-01
1.852500000000e+03 8.840491645880e-01
1.853000000000e+03 9.243919149936e-01
1.853500000000e+03 9.550877746197e-01
1.854000000000e+03 9.754621939468e-01
1.854500000000e+03 9.850720315884e-01
1.855000000000e+03 9.837151158924e-01
1.855500000000e+03 9.714345006827e-01
1.856000000000e+03 9.485173184785e-01
1.856500000000e+03 9.154882496014e-01
1.857000000000e+03 8.730977414365e-01
1.857500000000e+03 8.223052263579e-01
1.858000000000e+03 7.642576970433e-01
1.858500000000e+03 7.002641016021e-01
1.859000000000e+03 6.317661156613e-01
1.859500000000e+03 5.603059320258e-01
1.860000000000e+03 4.874917785109e-01
1.860500000000e+03 4.149619291993e-01
1.861000000000e+03 3.443480120793e-01
1.861500000000e+03 2.772384355879e-01
1.862000000000e+03 2.151427572302e-01
1.862500000000e+03 1.594577989428e-01
1.863000000000e+03 1.114362763688e-01
1.863500000000e+03 7.215865353193e-02
1.864000000000e+03 4.250886171876e-02
1.864500000000e+03 2.315443345703e-02
1.865000000000e+03 1.453150143494e-02
1.865500000000e+03 1.683500056888e-02
1.866000000000e+03 3.001429195665e-02
1.866500000000e+03 5.377430316818e-02
1.867000000000e+03 8.758215329706e-02
1.867500000000e+03 1.306791065442e-01
1.868000000000e+03 1.820975778166e-01
1.868500000000e+03 2.406828007995e-01
1.869000000000e+03 3.051186657125e-01
1.869500000000e+03 3.739571428571e-01
1.870000000000e+03 4.456506309165e-01
1.870500000000e+03 5.185865073788e-01
1.871000000000e+03 5.911231134129e-01
1.871500000000e+03 6.616263777420e-01
1.872000000000e+03 7.285062737646e-01
1.872500000000e+03 7.902523111654e-01
1.873000000000e+03 8.454672871052e-01
1.873500000000e+03 8.928985618508e-01
1.874000000000e+03 9.314661783982e-01
1.874500000000e+03 9.602872138277e-01
1.875000000000e+03 9.786958303627e-01
1.875500000000e+03 9.862585846854e-01
1.876000000000e+03 9.827846532296e-01
1.876500000000e+03 9.683307370852e-01
1.877000000000e+03 9.432005208880e-01
1.877500000000e+03 9.079386736883e-01
1.878000000000e+03 8.633194943178e-01
1.878500000000e+03 8.103304171830e-01
1.879000000000e+03 7.501507047126e-01
1.879500000000e+03 6.841257578161e-01
1.880000000000e+03 6.137375736955e-01
1.880500000000e+03 5.405719691353e-01
1.881000000000e+03 4.662832651016e-01
1.881500000000e+03 3.925571931746e-01
1.882000000000e+03 3.210728343416e-01
1.882500000000e+03 2.534644343681e-01
1.883000000000e+03 1.912839560571e-01
1.883500000000e+03 1.359652261053e-01
1.884000000000e+03 8.879051232661e-02
1.884500000000e+03 5.086032538422e-02
1.885000000000e+03 2.306717808177e-02
1.885500000000e+03 6.073955373472e-03
1.886000000000e+03 2.974507131603e-04
1.886500000000e+03 5.897511024510e-03
1.887000000000e+03 2.277210560516e-02
1.887500000000e+03 5.055849653859e-02
1.888000000000e+03 8.864054286587e-02
1.888500000000e+03 1.361620214799e-01
1.889000000000e+03 1.920456983169e-01
1.889500000000e+03 2.550177379979e-01
1.890000000000e+03 3.236369026532e-01
1.890500000000e+03 3.963278653015e-01
1.891000000000e+03 4.714178534813e-01
1.891500000000e+03 5.471757483803e-01
1.892000000000e+03 6.218526961779e-01
1.892500000000e+03 6.937232440968e-01
1.893000000000e+03 7.611259952694e-01
1.893500000000e+03 8.225027847072e-01
1.894000000000e+03 8.764354134753e-01
1.894500000000e+03 9.216790386797e-01
1.895000000000e+03 9.571914015167e-01
1.895500000000e+03 9.821571819322e-01
1.896000000000e+03 9.960068934242e-01
1.896500000000e+03 9.984298714917e-01
1.897000000000e+03 9.893810602174e-01
1.897500000000e+03 9.690814590630e-01
1.898000000000e+03 9.380122517160e-01
1.898500000000e+03 8.969027962660e-01
1.899000000000e+03 8.467128067920e-01
1.899500000000e+03 7.886091966149e-01
1.900000000000e+03 7.239381794014e-01
1.900500000000e+03 6.541933329447e-01
1.901000000000e+03 5.809804193162e-01
1.901500000000e+03 5.059798224028e-01
1.902000000000e+03 4.309075084385e-01
1.902500000000e+03 3.574754366157e-01
1.903000000000e+03 2.873523454356e-01
1.903500000000e+03 2.221258168483e-01
1.904000000000e+03 1.632664760089e-01
1.904500000000e+03 1.120951212379e-01
1.905000000000e+03 6.975349891071e-02
1.905500000000e+03 3.717934392475e-02
1.906000000000e+03 1.508620077736e-02
1.906500000000e+03 3.948425979031e-03
1.907000000000e+03 3.991652258428e-03
1.907500000000e+03 1.518887160833e-02
1.908000000000e+03 3.726217027832e-02
1.908500000000e+03 6.969002686008e-02
1.909000000000e+03 1.117199669443e-01
1.909500000000e+03 1.623862565350e-01
1.910000000000e+03 2.205322134071e-01
1.910500000000e+03 2.848366225325e-01
1.911000000000e+03 3.538436600118e-01
1.911500000000e+03 4.259956609500e-01
1.912000000000e+03 4.996680113097e-01
1.912500000000e+03 5.732054029623e-01
1.913000000000e+03 6.449586654313e-01
1.913500000000e+03 7.133213777237e-01
1.914000000000e+03 7.767654693265e-01
1.914500000000e+03 8.338750409955e-01
1.915000000000e+03 8.833776730356e-01
1.915500000000e+03 9.241725409990e-01
1.916000000000e+03 9.553547252430e-01
1.916500000000e+03 9.762351805969e-01
1.917000000000e+03 9.863559241270e-01
1.917500000000e+03 9.855001009956e-01
1.918000000000e+03 9.736966987666e-01
1.918500000000e+03 9.512197970128e-01
1.919000000000e+03 9.185823592772e-01
1.919500000000e+03 8.765246957305e-01
1.920000000000e+03 8.259978444685e-01
1.920500000000e+03 7.681422345480e-01
1.921000000000e+03 7.042621016783e-01
1.921500000000e+03 6.357962254067e-01
1.922000000000e+03 5.642856420244e-01
1.922500000000e+03 4.913390581141e-01
1.923000000000e+03 4.185967437655e-01
1.923500000000e+03 3.476937204647e-01
1.924000000000e+03 2.802230756000e-01
1.924500000000e+03 2.177002328083e-01
1.925000000000e+03 1.615289851678e-01
1.925500000000e+03 1.129700569349e-01
1.926000000000e+03 7.311290037670e-02
1.926500000000e+03 4.285135861099e-02
1.927000000000e+03 2.286373543712e-02
1.927500000000e+03 1.359771105576e-02
1.928000000000e+03 1.526043110231e-02
1.928500000000e+03 2.781397829610e-02
1.929000000000e+03 5.097631417203e-02
1.929500000000e+03 8.422765575572e-02
1.930000000000e+03 1.268221315222e-01
1.930500000000e+03 1.778044452593e-01
1.931000000000e+03 2.360311680506e-01
1.931500000000e+03 3.001961797052e-01
1.932000000000e+03 3.688596935725e-01
1.932500000000e+03 4.404802242861e-01
1.933000000000e+03 5.134487979280e-01
1.933500000000e+03 5.861246591899e-01
1.934000000000e+03 6.568717009507e-01
1.934500000000e+03 7.240948285174e-01
1.935000000000e+03 7.862754735221e-01
1.935500000000e+03 8.420054908556e-01
1.936000000000e+03 8.900187054940e-01
1.936500000000e+03 9.292194239156e-01
1.937000000000e+03 9.587072860501e-01
1.937500000000e+03 9.777979073480e-01
1.938000000000e+03 9.860388452668e-01
1.938500000000e+03 9.832205189803e-01
1.939000000000e+03 9.693818138075e-01
1.939500000000e+03 9.448102111474e-01
1.940000000000e+03 9.100363987439e-01
1.940500000000e+03 8.658234329573e-01
1.941000000000e+03 8.131506423051e-01
1.941500000000e+03 7.531925776110e-01
1.942000000000e+03 6.872934263465e-01
1.942500000000e+03 6.169374147742e-01
1.943000000000e+03 5.437158187708e-01
1.943500000000e+03 4.692912904215e-01
1.944000000000e+03 3.953602800655e-01
1.944500000000e+03 3.236143904482e-01
1.945000000000e+03 2.557015388180e-01
1.945500000000e+03 1.931878225968e-01
1.946000000000e+03 1.375209834227e-01
1.946500000000e+03 8.999634193422e-02
1.947000000000e+03 5.172603157113e-02
1.947500000000e+03 2.361229400320e-02
1.948000000000e+03 6.325512671868e-03
1.948500000000e+03 2.875558011953e-04
1.949000000000e+03 5.660878355183e-03
1.949500000000e+03 2.234369655015e-02
1.950000000000e+03 4.997140200299e-02
1.950500000000e+03 8.792422915147e-02
1.951000000000e+03 1.353410333319e-01
1.951500000000e+03 1.911388821079e-01
1.952000000000e+03 2.540380135304e-01
1.952500000000e+03 3.225915762166e-01
1.953000000000e+03 3.952194415484e-01
1.953500000000e+03 4.702452716285e-01
1.954000000000e+03 5.459359410308e-01
1.954500000000e+03 6.205423484600e-01
1.955000000000e+03 6.923406180412e-01
1.955500000000e+03 7.596726801463e-01
1.956000000000e+03 8.209852387225e-01
1.956500000000e+03 8.748661754391e-01
1.957000000000e+03 9.200775091924e-01
1.957500000000e+03 9.555841206289e-01
1.958000000000e+03 9.805775623594e-01
1.958500000000e+03 9.944944033167e-01
1.959000000000e+03 9.970286963249e-01
1.959500000000e+03 9.881383073638e-01
1.960000000000e+03 9.680449989977e-01
1.960500000000e+03 9.372283146917e-01
1.961000000000e+03 8.964134611755e-01
1.961500000000e+03 8.465535287034e-01
1.962000000000e+03 7.888065205252e-01
1.962500000000e+03 7.245077800237e-01
1.963000000000e+03 6.551385042789e-01
1.963500000000e+03 5.822911143208e-01
1.964000000000e+03 5.076323136411e-01
1.964500000000e+03 4.328647068994e-01
1.965000000000e+03 3.596878699718e-01
1.965500000000e+03 2.897597608789e-01
1.966000000000e+03 2.246593394988e-01
1.966500000000e+03 1.658512236245e-01
1.967000000000e+03 1.146531512859e-01
1.967500000000e+03 7.220694640958e-02
1.968000000000e+03 3.945359866987e-02
1.968500000000e+03 1.711297116093e-02
1.969000000000e+03 5.668543512445e-03
1.969500000000e+03 5.357485568345e-03
1.970000000000e+03 1.616624015481e-02
1.970500000000e+03 3.783167494203e-02
1.971000000000e+03 6.984774523218e-02
1.971500000000e+03 1.114774937912e-01
1.972000000000e+03 1.617701025970e-01
1.972500000000e+03 2.195826065875e-01
1.973000000000e+03 2.836057829319e-01
1.973500000000e+03 3.523936427702e-01
1.974000000000e+03 4.243958773657e-01
1.974500000000e+03 4.979925485399e-01
1.975000000000e+03 5.715302655401e-01
1.975500000000e+03 6.433590579983e-01
1.976000000000e+03 7.118691384109e-01
1.976500000000e+03 7.755267480523e-01
1.977000000000e+03 8.329082977630e-01
1.977500000000e+03 8.827320496223e-01
1.978000000000e+03 9.238866366401e-01
1.978500000000e+03 9.554557846003e-01
1.979000000000e+03 9.767386818247e-01
1.979500000000e+03 9.872655373918e-01
1.980000000000e+03 9.868079742878e-01
1.980500000000e+03 9.753840188589e-01
1.981000000000e+03 9.532575691764e-01
1.981500000000e+03 9.209323497451e-01
1.982000000000e+03 8.791404854180e-01
1.982500000000e+03 8.288259503606e-01
1.983000000000e+03 7.711232654403e-01
1.983500000000e+03 7.073319264788e-01
1.984000000000e+03 6.388871437714e-01
1.984500000000e+03 5.673275575280e-01
1.985000000000e+03 4.942606624588e-01
1.985500000000e+03 4.213267258135e-01
1.986000000000e+03 3.501620156420e-01
1.986500000000e+03 2.823621691839e-01
1.987000000000e+03 2.194465248703e-01
1.987500000000e+03 1.628242159423e-01
1.988000000000e+03 1.137627798183e-01
1.988500000000e+03 7.335997660739e-02
1.989000000000e+03 4.251943413478e-02
1.989500000000e+03 2.193064771119e-02
1.990000000000e+03 1.205376288539e-02
1.990500000000e+03 1.310946118303e-02
1.991000000000e+03 2.507415491098e-02
1.991500000000e+03 4.768058019761e-02
1.992000000000e+03 8.042376011896e-02
1.992500000000e+03 1.225721945626e-01
1.993000000000e+03 1.731840226902e-01
1.993500000000e+03 2.311277996519e-01
1.994000000000e+03 2.951074334390e-01
1.994500000000e+03 3.636907421041e-01
1.995000000000e+03 4.353410174116e-01
1.995500000000e+03 5.084509194547e-01
1.996000000000e+03 5.813779787789e-01
1.996500000000e+03 6.524809487762e-01
1.997000000000e+03 7.201562320050e-01
1.997500000000e+03 7.828735999358e-01
1.998000000000e+03 8.392104365021e-01
1.998500000000e+03 8.878837616023e-01
1.999000000000e+03 9.277793311964e-01
1.999500000000e+03 9.579771652465e-01
2.000000000000e+03 9.777729229580e-01
