0.000000000000000000e+00 1.000000000000000000e+00
5.000000000000000278e-02 9.999422967694238107e-01
1.000000000000000056e-01 9.997692003963463137e-01
1.500000000000000222e-01 9.994807508336474022e-01
2.000000000000000111e-01 9.990770146592133916e-01
2.500000000000000000e-01 9.985580850605709768e-01
3.000000000000000444e-01 9.979240818133766622e-01
3.500000000000000333e-01 9.971751512537730955e-01
4.000000000000000222e-01 9.963114662446109770e-01
4.500000000000000111e-01 9.953332261355518629e-01
5.000000000000000000e-01 9.942406567170534171e-01
5.500000000000000444e-01 9.930340101682563203e-01
6.000000000000000888e-01 9.917135649987766088e-01
6.500000000000000222e-01 9.902796259844225402e-01
7.000000000000000666e-01 9.887325240968481976e-01
7.500000000000000000e-01 9.870726164271618197e-01
8.000000000000000444e-01 9.853002861035031756e-01
8.500000000000000888e-01 9.834159422026134134e-01
9.000000000000000222e-01 9.814200196554150324e-01
9.500000000000000666e-01 9.793129791466239631e-01
1.000000000000000000e+00 9.770953070084174019e-01
1.050000000000000044e+00 9.747675151081822698e-01
1.100000000000000089e+00 9.723301407303692745e-01
1.150000000000000133e+00 9.697837464524818873e-01
1.200000000000000178e+00 9.671289200152244359e-01
1.250000000000000000e+00 9.643662741868450627e-01
1.300000000000000044e+00 9.614964466217005290e-01
1.350000000000000089e+00 9.585200997130783884e-01
1.400000000000000133e+00 9.554379204403053993e-01
1.450000000000000178e+00 9.522506202101873596e-01
1.500000000000000000e+00 9.489589346928044566e-01
1.550000000000000044e+00 9.455636236517099835e-01
1.600000000000000089e+00 9.420654707685677254e-01
1.650000000000000133e+00 9.384652834622674300e-01
1.700000000000000178e+00 9.347638927025616606e-01
1.750000000000000000e+00 9.309621528182686623e-01
1.800000000000000044e+00 9.270609413000807653e-01
1.850000000000000089e+00 9.230611585980293965e-01
1.900000000000000133e+00 9.189637279136478876e-01
1.950000000000000178e+00 9.147695949868871468e-01
2.000000000000000000e+00 9.104797278778242742e-01
2.050000000000000266e+00 9.060951167432227393e-01
2.100000000000000089e+00 9.016167736079918615e-01
2.149999999999999911e+00 8.970457321315979948e-01
2.200000000000000178e+00 8.923830473694821519e-01
2.250000000000000000e+00 8.876297955295401332e-01
2.300000000000000266e+00 8.827870737237193399e-01
2.350000000000000089e+00 8.778559997147918903e-01
2.400000000000000355e+00 8.728377116583597717e-01
2.450000000000000178e+00 8.677333678401542016e-01
2.500000000000000000e+00 8.625441464086884835e-01
2.550000000000000266e+00 8.572712451033255299e-01
2.600000000000000089e+00 8.519158809778250019e-01
2.650000000000000355e+00 8.464792901194302388e-01
2.700000000000000178e+00 8.409627273635650324e-01
2.750000000000000000e+00 8.353674660041996436e-01
2.800000000000000266e+00 8.296947974999602238e-01
2.850000000000000089e+00 8.239460311760408162e-01
2.900000000000000355e+00 8.181224939219967629e-01
2.950000000000000178e+00 8.122255298854794692e-01
3.000000000000000000e+00 8.062565001619912408e-01
3.050000000000000266e+00 8.002167824807253638e-01
3.100000000000000089e+00 7.941077708865705853e-01
3.150000000000000355e+00 7.879308754183446117e-01
3.200000000000000178e+00 7.816875217833416656e-01
3.250000000000000000e+00 7.753791510282590504e-01
3.300000000000000266e+00 7.690072192065857681e-01
3.350000000000000089e+00 7.625731970425261297e-01
3.400000000000000355e+00 7.560785695915381854e-01
3.450000000000000178e+00 7.495248358975631353e-01
3.500000000000000000e+00 7.429135086470269878e-01
3.550000000000000266e+00 7.362461138196927379e-01
3.600000000000000089e+00 7.295241903364444447e-01
3.650000000000000355e+00 7.227492897040850295e-01
3.700000000000000178e+00 7.159229756572275116e-01
3.750000000000000000e+00 7.090468237973660548e-01
3.800000000000000266e+00 7.021224212292048739e-01
3.850000000000000089e+00 6.951513661943368172e-01
3.900000000000000355e+00 6.881352677023455655e-01
3.950000000000000178e+00 6.810757451594272593e-01
4.000000000000000000e+00 6.739744279946101591e-01
4.049999999999999822e+00 6.668329552836613772e-01
4.100000000000000533e+00 6.596529753707666144e-01
4.150000000000000355e+00 6.524361454880720501e-01
4.200000000000000178e+00 6.451841313731723204e-01
4.250000000000000000e+00 6.378986068846380642e-01
4.299999999999999822e+00 6.305812536156671921e-01
4.350000000000000533e+00 6.232337605059506958e-01
4.400000000000000355e+00 6.158578234518454764e-01
4.450000000000000178e+00 6.084551449149373514e-01
4.500000000000000000e+00 6.010274335290924919e-01
4.549999999999999822e+00 5.935764037060816678e-01
4.600000000000000533e+00 5.861037752398727818e-01
4.650000000000000355e+00 5.786112729096791751e-01
4.700000000000000178e+00 5.711006260818591862e-01
4.750000000000000000e+00 5.635735683107555571e-01
4.800000000000000711e+00 5.560318369385687243e-01
4.850000000000000533e+00 5.484771726943559189e-01
4.900000000000000355e+00 5.409113192922486713e-01
4.950000000000000178e+00 5.333360230289800885e-01
5.000000000000000000e+00 5.257530323808183859e-01
5.050000000000000711e+00 5.181640975999942667e-01
5.100000000000000533e+00 5.105709703107221831e-01
5.150000000000000355e+00 5.029754031049012974e-01
5.200000000000000178e+00 4.953791491375944545e-01
5.250000000000000000e+00 4.877839617223790336e-01
5.300000000000000711e+00 4.801915939266570565e-01
5.350000000000000533e+00 4.726037981670274113e-01
5.400000000000000355e+00 4.650223258048027941e-01
5.450000000000000178e+00 4.574489267417744531e-01
5.500000000000000000e+00 4.498853490163123303e-01
5.550000000000000711e+00 4.423333383998936386e-01
5.600000000000000533e+00 4.347946379941587947e-01
5.650000000000000355e+00 4.272709878285783081e-01
5.700000000000000178e+00 4.197641244588336540e-01
5.750000000000000000e+00 4.122757805659961194e-01
5.800000000000000711e+00 4.048076845566030424e-01
5.850000000000000533e+00 3.973615601637185968e-01
5.900000000000000355e+00 3.899391260490736033e-01
5.950000000000000178e+00 3.825420954063765699e-01
6.000000000000000000e+00 3.751721755658866675e-01
6.050000000000000711e+00 3.678310676003392343e-01
6.100000000000000533e+00 3.605204659323169580e-01
6.150000000000000355e+00 3.532420579431547747e-01
6.200000000000000178e+00 3.459975235834699681e-01
6.250000000000000000e+00 3.387885349854091177e-01
6.300000000000000711e+00 3.316167560766972722e-01
6.350000000000000533e+00 3.244838421965826614e-01
6.400000000000000355e+00 3.173914397137623244e-01
6.450000000000000178e+00 3.103411856463796359e-01
6.500000000000000000e+00 3.033347072841788283e-01
6.550000000000000711e+00 2.963736218129055522e-01
6.600000000000000533e+00 2.894595359410402358e-01
6.650000000000000355e+00 2.825940455289475128e-01
6.700000000000000178e+00 2.757787352205330333e-01
6.750000000000000000e+00 2.690151780774850399e-01
6.800000000000000711e+00 2.623049352161930803e-01
6.850000000000000533e+00 2.556495554474215171e-01
6.900000000000000355e+00 2.490505749188233475e-01
6.950000000000000178e+00 2.425095167603792401e-01
7.000000000000000000e+00 2.360278907328371423e-01
7.050000000000000711e+00 2.296071928792420003e-01
7.100000000000000533e+00 2.232489051796288648e-01
7.150000000000000355e+00 2.169544952089620671e-01
7.200000000000000178e+00 2.107254157984015663e-01
7.250000000000000000e+00 2.045631046999692171e-01
7.300000000000000711e+00 1.984689842546974170e-01
7.350000000000000533e+00 1.924444610643357145e-01
7.400000000000000355e+00 1.864909256666867909e-01
7.450000000000000178e+00 1.806097522146537238e-01
7.500000000000000000e+00 1.748022981590678648e-01
7.550000000000000711e+00 1.690699039353705802e-01
7.600000000000000533e+00 1.634138926542246517e-01
7.650000000000000355e+00 1.578355697961225934e-01
7.700000000000000178e+00 1.523362229100646004e-01
7.750000000000000000e+00 1.469171213163764089e-01
7.800000000000000711e+00 1.415795158137328758e-01
7.850000000000000533e+00 1.363246383904583581e-01
7.900000000000000355e+00 1.311537019401673720e-01
7.950000000000000178e+00 1.260678999818128088e-01
8.000000000000000000e+00 1.210684063842072250e-01
8.050000000000000711e+00 1.161563750950776047e-01
8.099999999999999645e+00 1.113329398747205934e-01
8.150000000000000355e+00 1.065992140343146183e-01
8.200000000000001066e+00 1.019562901789544396e-01
8.250000000000000000e+00 9.740523995546332414e-02
8.300000000000000711e+00 9.294711380504257214e-02
8.349999999999999645e+00 8.858294072081729364e-02
8.400000000000000355e+00 8.431372801033024111e-02
8.450000000000001066e+00 8.014046106304316408e-02
8.500000000000000000e+00 7.606410312289588194e-02
8.550000000000000711e+00 7.208559506597664313e-02
8.599999999999999645e+00 6.820585518335670061e-02
8.650000000000000355e+00 6.442577896913598279e-02
8.700000000000001066e+00 6.074623891375208196e-02
8.750000000000000000e+00 5.716808430259804480e-02
8.800000000000000711e+00 5.369214101999593425e-02
8.849999999999999645e+00 5.031921135857284760e-02
8.900000000000000355e+00 4.705007383408029570e-02
8.950000000000001066e+00 4.388548300570382921e-02
9.000000000000000000e+00 4.082616930190079846e-02
9.050000000000000711e+00 3.787283885180697113e-02
9.099999999999999645e+00 3.502617332225434199e-02
9.150000000000000355e+00 3.228682976043242836e-02
9.200000000000001066e+00 2.965544044223403924e-02
9.250000000000000000e+00 2.713261272631747878e-02
9.300000000000000711e+00 2.471892891392020106e-02
9.349999999999999645e+00 2.241494611445659854e-02
9.400000000000000355e+00 2.022119611692941091e-02
9.450000000000001066e+00 1.813818526718645810e-02
9.500000000000000000e+00 1.616639435104921807e-02
9.550000000000000711e+00 1.430627848334109498e-02
9.600000000000001421e+00 1.255826700284140215e-02
9.650000000000000355e+00 1.092276337318822364e-02
9.700000000000001066e+00 9.400145089753663211e-03
9.750000000000000000e+00 7.990763592513367916e-03
9.800000000000000711e+00 6.694944184929273699e-03
9.850000000000001421e+00 5.512985958865664581e-03
9.900000000000000355e+00 4.445161725554776407e-03
9.950000000000001066e+00 3.491717952628339144e-03
1.000000000000000000e+01 2.652874707229894817e-03
1.005000000000000071e+01 1.928825605220218673e-03
1.010000000000000142e+01 1.319737766488465443e-03
1.015000000000000036e+01 8.257517763786449694e-04
1.020000000000000107e+01 4.469816532406839255e-04
1.025000000000000000e+01 1.835148221136075693e-04
1.030000000000000071e+01 3.541209454662335067e-05
1.035000000000000142e+01 2.707654563091692122e-06
1.040000000000000036e+01 8.540905077037346882e-05
1.045000000000000107e+01 2.834971946175361300e-04
1.050000000000000000e+01 5.969263648012021689e-04
1.055000000000000071e+01 1.025624217818702248e-03
1.060000000000000142e+01 1.569491804665798518e-03
1.065000000000000036e+01 2.228403593675349660e-03
1.070000000000000107e+01 3.002207499491883844e-03
1.075000000000000000e+01 3.890724918174548030e-03
1.080000000000000071e+01 4.893750768421467612e-03
1.085000000000000142e+01 6.011053538904974174e-03
1.090000000000000036e+01 7.242375341707477966e-03
1.095000000000000107e+01 8.587431971845447404e-03
1.100000000000000000e+01 1.004591297286733589e-02
1.105000000000000071e+01 1.161748170851125382e-02
1.110000000000000142e+01 1.330177544040468847e-02
1.115000000000000036e+01 1.509840541178930108e-02
1.120000000000000107e+01 1.700695693725120736e-02
1.125000000000000000e+01 1.902698949843533230e-02
1.130000000000000071e+01 2.115803684572319446e-02
1.135000000000000142e+01 2.339960710584893661e-02
1.140000000000000036e+01 2.575118289543019620e-02
1.145000000000000107e+01 2.821222144038710439e-02
1.150000000000000000e+01 3.078215470122104558e-02
1.155000000000000071e+01 3.346038950412610902e-02
1.160000000000000142e+01 3.624630767790074093e-02
1.165000000000000036e+01 3.913926619662986411e-02
1.170000000000000107e+01 4.213859732810382869e-02
1.175000000000000000e+01 4.524360878793906582e-02
1.180000000000000071e+01 4.845358389936689492e-02
1.185000000000000142e+01 5.176778175865123788e-02
1.190000000000000036e+01 5.518543740609900550e-02
1.195000000000000107e+01 5.870576200262297289e-02
1.200000000000000000e+01 6.232794301181523305e-02
1.205000000000000071e+01 6.605114438749248862e-02
1.210000000000000142e+01 6.987450676666444316e-02
1.215000000000000036e+01 7.379714766788722513e-02
1.220000000000000107e+01 7.781816169495181512e-02
1.225000000000000000e+01 8.193662074585932042e-02
1.230000000000000071e+01 8.615157422704142198e-02
1.235000000000000142e+01 9.046204927276746410e-02
1.240000000000000036e+01 9.486705096969552664e-02
1.245000000000000107e+01 9.936556258651141338e-02
1.250000000000000000e+01 1.039565458086025990e-01
1.255000000000000071e+01 1.086389409777155507e-01
1.260000000000000142e+01 1.134116673365378192e-01
1.265000000000000036e+01 1.182736232781510105e-01
1.270000000000000107e+01 1.232236866002963949e-01
1.275000000000000000e+01 1.282607147643926859e-01
1.280000000000000071e+01 1.333835451592499111e-01
1.285000000000000142e+01 1.385909953694140218e-01
1.290000000000000036e+01 1.438818634480840963e-01
1.295000000000000107e+01 1.492549281945376449e-01
1.300000000000000000e+01 1.547089494359985273e-01
1.305000000000000071e+01 1.602426683138860330e-01
1.310000000000000142e+01 1.658548075743745132e-01
1.315000000000000036e+01 1.715440718632007255e-01
1.320000000000000107e+01 1.773091480246486162e-01
1.325000000000000000e+01 1.831487054046419538e-01
1.330000000000000071e+01 1.890613961578773428e-01
1.335000000000000142e+01 1.950458555589225929e-01
1.340000000000000036e+01 2.011007023172152741e-01
1.345000000000000107e+01 2.072245388958813828e-01
1.350000000000000000e+01 2.134159518343037854e-01
1.355000000000000071e+01 2.196735120743693037e-01
1.360000000000000142e+01 2.259957752903127282e-01
1.365000000000000036e+01 2.323812822220849561e-01
1.370000000000000107e+01 2.388285590121710378e-01
1.375000000000000000e+01 2.453361175457740850e-01
1.380000000000000071e+01 2.519024557942923237e-01
1.385000000000000142e+01 2.585260581620049680e-01
1.390000000000000036e+01 2.652053958358936980e-01
1.395000000000000107e+01 2.719389271385114215e-01
1.400000000000000000e+01 2.787250978838198834e-01
1.405000000000000071e+01 2.855623417359185456e-01
1.410000000000000142e+01 2.924490805705736718e-01
1.415000000000000036e+01 2.993837248394690675e-01
1.420000000000000107e+01 3.063646739370962102e-01
1.425000000000000000e+01 3.133903165701933946e-01
1.430000000000000071e+01 3.204590311296538485e-01
1.435000000000000142e+01 3.275691860648123344e-01
1.440000000000000036e+01 3.347191402600305787e-01
1.445000000000000107e+01 3.419072434134869387e-01
1.450000000000000000e+01 3.491318364180853173e-01
1.455000000000000071e+01 3.563912517444037809e-01
1.460000000000000142e+01 3.636838138255757413e-01
1.465000000000000036e+01 3.710078394440350924e-01
1.470000000000000107e+01 3.783616381200276546e-01
1.475000000000000000e+01 3.857435125017897870e-01
1.480000000000000071e+01 3.931517587573236105e-01
1.485000000000000142e+01 4.005846669676622618e-01
1.490000000000000036e+01 4.080405215215396342e-01
1.495000000000000107e+01 4.155176015113781762e-01
1.500000000000000000e+01 4.230141811304952704e-01
1.505000000000000071e+01 4.305285300714419283e-01
1.510000000000000142e+01 4.380589139253794340e-01
1.515000000000000036e+01 4.456035945824044497e-01
1.520000000000000107e+01 4.531608306327271629e-01
1.525000000000000000e+01 4.607288777686094905e-01
1.530000000000000071e+01 4.683059891869763014e-01
1.535000000000000142e+01 4.758904159925989030e-01
1.540000000000000036e+01 4.834804076017613084e-01
1.545000000000000107e+01 4.910742121463202992e-01
1.550000000000000000e+01 4.986700768780578108e-01
1.555000000000000071e+01 5.062662485732380979e-01
1.560000000000000142e+01 5.138609739372727025e-01
1.565000000000000036e+01 5.214525000094067941e-01
1.570000000000000107e+01 5.290390745673235751e-01
1.575000000000000000e+01 5.366189465315778229e-01
1.580000000000000071e+01 5.441903663697714721e-01
1.585000000000000142e+01 5.517515865003661535e-01
1.590000000000000036e+01 5.593008616960460921e-01
1.595000000000000107e+01 5.668364494865429926e-01
1.600000000000000000e+01 5.743566105608174377e-01
1.605000000000000071e+01 5.818596091685159788e-01
1.610000000000000142e+01 5.893437135206028854e-01
1.615000000000000213e+01 5.968071961890832888e-01
1.619999999999999929e+01 6.042483345057102495e-01
1.625000000000000000e+01 6.116654109596049160e-01
1.630000000000000071e+01 6.190567135936760890e-01
1.635000000000000142e+01 6.264205363997621401e-01
1.640000000000000213e+01 6.337551797124028052e-01
1.644999999999999929e+01 6.410589506011399319e-01
1.650000000000000000e+01 6.483301632612723520e-01
1.655000000000000071e+01 6.555671394029559673e-01
1.660000000000000142e+01 6.627682086385798810e-01
1.665000000000000213e+01 6.699317088683089949e-01
1.669999999999999929e+01 6.770559866637221313e-01
1.675000000000000000e+01 6.841393976494416496e-01
1.680000000000000071e+01 6.911803068826787300e-01
1.685000000000000142e+01 6.981770892305968479e-01
1.690000000000000213e+01 7.051281297454158326e-01
1.694999999999999929e+01 7.120318240371606988e-01
1.700000000000000000e+01 7.188865786439787575e-01
1.705000000000000071e+01 7.256908113999261944e-01
1.710000000000000142e+01 7.324429518001573935e-01
1.715000000000000213e+01 7.391414413634139757e-01
1.719999999999999929e+01 7.457847339917452745e-01
1.725000000000000000e+01 7.523712963273659904e-01
1.730000000000000071e+01 7.588996081065759736e-01
1.735000000000000142e+01 7.653681625106547592e-01
1.740000000000000213e+01 7.717754665136582481e-01
1.744999999999999929e+01 7.781200412270241618e-01
1.750000000000000000e+01 7.844004222409235449e-01
1.755000000000000071e+01 7.906151599622605053e-01
1.760000000000000142e+01 7.967628199492607921e-01
1.765000000000000213e+01 8.028419832425567337e-01
1.769999999999999929e+01 8.088512466927034739e-01
1.775000000000000000e+01 8.147892232840442395e-01
1.780000000000000071e+01 8.206545424548484791e-01
1.785000000000000142e+01 8.264458504136585892e-01
1.790000000000000213e+01 8.321618104517604086e-01
1.794999999999999929e+01 8.378011032517130863e-01
1.800000000000000000e+01 8.433624271918666038e-01
1.805000000000000071e+01 8.488444986467907905e-01
1.810000000000000142e+01 8.542460522835518821e-01
1.815000000000000213e+01 8.595658413537706766e-01
1.819999999999999929e+01 8.648026379813851250e-01
1.825000000000000000e+01 8.699552334460629588e-01
1.830000000000000071e+01 8.750224384621867468e-01
1.835000000000000142e+01 8.800030834533596469e-01
1.840000000000000213e+01 8.848960188223553569e-01
1.844999999999999929e+01 8.897001152164631943e-01
1.850000000000000000e+01 8.944142637881552504e-01
1.855000000000000071e+01 8.990373764510241061e-01
1.860000000000000142e+01 9.035683861309250497e-01
1.865000000000000213e+01 9.080062470122732821e-01
1.869999999999999929e+01 9.123499347794296055e-01
1.875000000000000000e+01 9.165984468531276352e-01
1.880000000000000071e+01 9.207508026218796937e-01
1.885000000000000142e+01 9.248060436683165353e-01
1.890000000000000213e+01 9.287632339904012824e-01
1.894999999999999929e+01 9.326214602174718316e-01
1.900000000000000000e+01 9.363798318210576621e-01
1.905000000000000071e+01 9.400374813204261937e-01
1.910000000000000142e+01 9.435935644828072899e-01
1.915000000000000213e+01 9.470472605182544967e-01
1.920000000000000284e+01 9.503977722690929442e-01
1.925000000000000000e+01 9.536443263939142767e-01
1.930000000000000071e+01 9.567861735460738704e-01
1.935000000000000142e+01 9.598225885466485918e-01
1.940000000000000213e+01 9.627528705518190177e-01
1.945000000000000284e+01 9.655763432146325931e-01
1.950000000000000000e+01 9.682923548411122017e-01
1.955000000000000071e+01 9.709002785406782854e-01
1.960000000000000142e+01 9.733995123708402142e-01
1.965000000000000213e+01 9.757894794761338142e-01
1.970000000000000284e+01 9.780696282212678616e-01
1.975000000000000000e+01 9.802394323184467906e-01
1.980000000000000071e+01 9.822983909488463006e-01
1.985000000000000142e+01 9.842460288782077793e-01
1.990000000000000213e+01 9.860818965665295588e-01
1.995000000000000284e+01 9.878055702718249176e-01
2.000000000000000000e+01 9.894166521479293985e-01
2.005000000000000071e+01 9.909147703363269111e-01
2.010000000000000142e+01 9.922995790519805182e-01
2.015000000000000213e+01 9.935707586631434829e-01
2.020000000000000284e+01 9.947280157651352539e-01
2.025000000000000000e+01 9.957710832480620722e-01
2.030000000000000071e+01 9.966997203584700982e-01
2.035000000000000142e+01 9.975137127549141836e-01
2.040000000000000213e+01 9.982128725574305195e-01
2.045000000000000284e+01 9.987970383909020589e-01
2.050000000000000000e+01 9.992660754223053887e-01
2.055000000000000071e+01 9.996198753918326130e-01
2.060000000000000142e+01 9.998583566378793641e-01
2.065000000000000213e+01 9.999814641158917272e-01
2.070000000000000284e+01 9.999891694110730755e-01
2.075000000000000000e+01 9.998814707449421579e-01
2.080000000000000071e+01 9.996583929757423270e-01
2.085000000000000142e+01 9.993199875927056830e-01
2.090000000000000213e+01 9.988663327041673590e-01
2.095000000000000284e+01 9.982975330195380526e-01
2.100000000000000000e+01 9.976137198251352478e-01
2.105000000000000071e+01 9.968150509538804549e-01
2.110000000000000142e+01 9.959017107488699061e-01
2.115000000000000213e+01 9.948739100208253694e-01
2.120000000000000284e+01 9.937318859994364040e-01
2.125000000000000000e+01 9.924759022786051599e-01
2.130000000000000071e+01 9.911062487556037137e-01
2.135000000000000142e+01 9.896232415641650348e-01
2.140000000000000213e+01 9.880272230015125778e-01
2.145000000000000284e+01 9.863185614493544806e-01
2.150000000000000000e+01 9.844976512888574671e-01
2.155000000000000071e+01 9.825649128096163309e-01
2.160000000000000142e+01 9.805207921126478654e-01
2.165000000000000213e+01 9.783657610074235622e-01
2.170000000000000284e+01 9.761003169029704996e-01
2.175000000000000000e+01 9.737249826930628460e-01
2.180000000000000071e+01 9.712403066355308479e-01
2.185000000000000142e+01 9.686468622257162764e-01
2.190000000000000213e+01 9.659452480641024241e-01
2.195000000000000284e+01 9.631360877181487368e-01
2.200000000000000000e+01 9.602200295783643869e-01
2.205000000000000071e+01 9.571977467086492108e-01
2.210000000000000142e+01 9.540699366909454193e-01
2.215000000000000213e+01 9.508373214642228399e-01
2.220000000000000284e+01 9.475006471578490963e-01
2.225000000000000000e+01 9.440606839193715905e-01
2.230000000000000071e+01 9.405182257367578069e-01
2.235000000000000142e+01 9.368740902551329075e-01
2.240000000000000213e+01 9.331291185880573602e-01
2.245000000000000284e+01 9.292841751233845704e-01
2.250000000000000000e+01 9.253401473237529151e-01
2.255000000000000071e+01 9.212979455217437108e-01
2.260000000000000142e+01 9.171585027097670650e-01
2.265000000000000213e+01 9.129227743247159133e-01
2.270000000000000284e+01 9.085917380274366462e-01
2.275000000000000000e+01 9.041663934770738376e-01
2.280000000000000071e+01 8.996477621003347025e-01
2.285000000000000142e+01 8.950368868557329050e-01
2.290000000000000213e+01 8.903348319928573451e-01
2.295000000000000284e+01 8.855426828067319844e-01
2.300000000000000000e+01 8.806615453873154475e-01
2.305000000000000071e+01 8.756925463641985763e-01
2.310000000000000142e+01 8.706368326465668828e-01
2.315000000000000213e+01 8.654955711584785272e-01
2.320000000000000284e+01 8.602699485695213255e-01
2.325000000000000000e+01 8.549611710209166215e-01
2.330000000000000071e+01 8.495704638471230918e-01
2.335000000000000142e+01 8.440990712930180884e-01
2.340000000000000213e+01 8.385482562267050355e-01
2.345000000000000284e+01 8.329192998480313692e-01
2.350000000000000000e+01 8.272135013928682001e-01
2.355000000000000071e+01 8.214321778332306367e-01
2.360000000000000142e+01 8.155766635733043834e-01
2.365000000000000213e+01 8.096483101414478911e-01
2.370000000000000284e+01 8.036484858782405594e-01
2.375000000000000000e+01 7.975785756206545951e-01
2.380000000000000071e+01 7.914399803824139212e-01
2.385000000000000142e+01 7.852341170306247342e-01
2.390000000000000213e+01 7.789624179587426589e-01
2.395000000000000284e+01 7.726263307559583238e-01
2.400000000000000000e+01 7.662273178730752976e-01
2.405000000000000071e+01 7.597668562849559937e-01
2.410000000000000142e+01 7.532464371496195854e-01
2.415000000000000213e+01 7.466675654640615445e-01
2.420000000000000284e+01 7.400317597168807326e-01
2.425000000000000000e+01 7.333405515377944273e-01
2.430000000000000071e+01 7.265954853441149996e-01
2.435000000000000142e+01 7.197981179842816157e-01
2.440000000000000213e+01 7.129500183785194567e-01
2.445000000000000284e+01 7.060527671567107255e-01
2.450000000000000000e+01 6.991079562935658132e-01
2.455000000000000071e+01 6.921171887411738943e-01
2.460000000000000142e+01 6.850820780590238801e-01
2.465000000000000213e+01 6.780042480415707784e-01
2.470000000000000284e+01 6.708853323434446070e-01
2.475000000000000000e+01 6.637269741023812397e-01
2.480000000000000071e+01 6.565308255599650034e-01
2.485000000000000142e+01 6.492985476802702882e-01
2.490000000000000213e+01 6.420318097664899915e-01
2.495000000000000284e+01 6.347322890756367242e-01
2.500000000000000000e+01 6.274016704314140380e-01
2.505000000000000071e+01 6.200416458353315008e-01
2.510000000000000142e+01 6.126539140761758651e-01
2.515000000000000213e+01 6.052401803379030554e-01
2.520000000000000284e+01 5.978021558060626628e-01
2.525000000000000000e+01 5.903415572728331062e-01
2.530000000000000071e+01 5.828601067407639391e-01
2.535000000000000142e+01 5.753595310253148964e-01
2.540000000000000213e+01 5.678415613562867170e-01
2.545000000000000284e+01 5.603079329782276741e-01
2.550000000000000000e+01 5.527603847499209522e-01
2.555000000000000071e+01 5.452006587430270335e-01
2.560000000000000142e+01 5.376304998399988877e-01
2.565000000000000213e+01 5.300516553313346924e-01
2.570000000000000284e+01 5.224658745122835457e-01
2.575000000000000000e+01 5.148749082790847753e-01
2.580000000000000071e+01 5.072805087248362099e-01
2.585000000000000142e+01 4.996844287350926672e-01
2.590000000000000213e+01 4.920884215832757036e-01
2.595000000000000284e+01 4.844942405259927143e-01
2.600000000000000000e+01 4.769036383983671912e-01
2.605000000000000071e+01 4.693183672094572434e-01
2.610000000000000142e+01 4.617401777378723482e-01
2.615000000000000213e+01 4.541708191276709328e-01
2.620000000000000284e+01 4.466120384846330449e-01
2.625000000000000000e+01 4.390655804730094203e-01
2.630000000000000071e+01 4.315331869128249398e-01
2.635000000000000142e+01 4.240165963778504965e-01
2.640000000000000213e+01 4.165175437943126058e-01
2.645000000000000284e+01 4.090377600404518921e-01
2.650000000000000000e+01 4.015789715470174936e-01
2.655000000000000071e+01 3.941428998987747678e-01
2.660000000000000142e+01 3.867312614371540280e-01
2.665000000000000213e+01 3.793457668640867753e-01
2.670000000000000284e+01 3.719881208471580991e-01
2.675000000000000000e+01 3.646600216261463578e-01
2.680000000000000071e+01 3.573631606210478373e-01
2.685000000000000142e+01 3.500992220416737633e-01
2.690000000000000213e+01 3.428698824989170890e-01
2.695000000000000284e+01 3.356768106177627775e-01
2.700000000000000000e+01 3.285216666521523776e-01
2.705000000000000071e+01 3.214061021017738384e-01
2.710000000000000142e+01 3.143317593308752045e-01
2.715000000000000213e+01 3.073002711891836825e-01
2.720000000000000284e+01 3.003132606350271683e-01
2.725000000000000000e+01 2.933723403607298441e-01
2.730000000000000071e+01 2.864791124203813211e-01
2.735000000000000142e+01 2.796351678600690338e-01
2.740000000000000213e+01 2.728420863506361149e-01
2.745000000000000284e+01 2.661014358230766041e-01
2.750000000000000000e+01 2.594147721066392132e-01
2.755000000000000071e+01 2.527836385697144750e-01
2.760000000000000142e+01 2.462095657636123591e-01
2.765000000000000213e+01 2.396940710692901377e-01
2.770000000000000284e+01 2.332386583471176833e-01
2.775000000000000000e+01 2.268448175897701813e-01
2.780000000000000071e+01 2.205140245783174524e-01
2.785000000000000142e+01 2.142477405415950942e-01
2.790000000000000213e+01 2.080474118189328536e-01
2.795000000000000284e+01 2.019144695263239142e-01
2.800000000000000000e+01 1.958503292261003781e-01
2.805000000000000071e+01 1.898563906002062596e-01
2.810000000000000142e+01 1.839340371271319663e-01
2.815000000000000213e+01 1.780846357625894549e-01
2.820000000000000284e+01 1.723095366240007253e-01
2.825000000000000000e+01 1.666100726788766750e-01
2.830000000000000071e+01 1.609875594371432961e-01
2.835000000000000142e+01 1.554432946475146626e-01
2.840000000000000213e+01 1.499785579979481809e-01
2.845000000000000284e+01 1.445946108202795510e-01
2.850000000000000000e+01 1.392926957990904269e-01
2.855000000000000071e+01 1.340740366848806875e-01
2.860000000000000142e+01 1.289398380116103526e-01
2.865000000000000213e+01 1.238912848186800864e-01
2.870000000000000284e+01 1.189295423774052035e-01
2.875000000000000000e+01 1.140557559220582856e-01
2.880000000000000071e+01 1.092710503855337384e-01
2.885000000000000142e+01 1.045765301396988645e-01
2.890000000000000213e+01 9.997327874048987650e-02
2.895000000000000284e+01 9.546235867781541207e-02
2.900000000000000000e+01 9.104481113031737127e-02
2.905000000000000071e+01 8.672165572505310949e-02
2.910000000000000142e+01 8.249389030215677210e-02
2.915000000000000213e+01 7.836249068452000310e-02
2.920000000000000284e+01 7.432841045256123602e-02
2.925000000000000000e+01 7.039258072412903078e-02
2.930000000000000071e+01 6.655590993958331036e-02
2.935000000000000142e+01 6.281928365211983389e-02
2.940000000000000213e+01 5.918356432337241319e-02
2.945000000000000284e+01 5.564959112434354760e-02
2.950000000000000000e+01 5.221817974171469312e-02
2.955000000000000071e+01 4.889012218957466266e-02
2.960000000000000142e+01 4.566618662661269673e-02
2.965000000000000213e+01 4.254711717881703298e-02
2.970000000000000284e+01 3.953363376772250221e-02
2.975000000000000000e+01 3.662643194424120008e-02
2.980000000000000071e+01 3.382618272812171201e-02
2.985000000000000142e+01 3.113353245306880318e-02
2.990000000000000213e+01 2.854910261756119297e-02
2.995000000000000284e+01 2.607348974140143161e-02
3.000000000000000000e+01 2.370726522803281305e-02
3.005000000000000071e+01 2.145097523264897360e-02
3.010000000000000142e+01 1.930514053613815659e-02
3.015000000000000213e+01 1.727025642487714160e-02
3.020000000000000284e+01 1.534679257641422857e-02
3.025000000000000000e+01 1.353519295106121560e-02
3.030000000000000071e+01 1.183587568942168038e-02
3.035000000000000142e+01 1.024923301587852414e-02
3.040000000000000213e+01 8.775631148064257786e-03
3.045000000000000284e+01 7.415410212332107509e-03
3.050000000000000000e+01 6.168884165251231448e-03
3.055000000000000071e+01 5.036340721141285837e-03
3.060000000000000142e+01 4.018041285664243970e-03
3.065000000000000213e+01 3.114220895488489359e-03
3.070000000000000284e+01 2.325088164039730478e-03
3.075000000000000000e+01 1.650825233349757131e-03
3.080000000000000071e+01 1.091587732015789113e-03
3.085000000000000142e+01 6.475047392799875142e-04
3.090000000000000213e+01 3.186787552355792351e-04
3.095000000000000284e+01 1.051856771688534925e-04
3.100000000000000000e+01 7.074782041105245516e-06
3.105000000000000071e+01 2.436871511469429228e-05
3.110000000000000142e+01 1.570634847264302560e-04
3.115000000000000213e+01 4.051284632087334019e-04
3.120000000000000284e+01 7.685063939590075239e-04
3.125000000000000000e+01 1.247113404655154868e-03
3.130000000000000071e+01 1.840839026614401802e-03
3.135000000000000142e+01 2.549546220290895091e-03
3.140000000000000213e+01 3.373071406906308183e-03
3.145000000000000284e+01 4.311224506205532138e-03
3.150000000000000000e+01 5.363788980330241873e-03
3.155000000000000071e+01 6.530521883798245594e-03
3.160000000000000142e+01 7.811153919578547357e-03
3.165000000000000213e+01 9.205389501248568279e-03
3.170000000000000284e+01 1.071290682121951027e-02
3.175000000000000000e+01 1.233335792501277263e-02
3.180000000000000071e+01 1.406636879157439207e-02
3.185000000000000142e+01 1.591153941960128659e-02
3.190000000000000213e+01 1.786844391986885244e-02
3.195000000000000284e+01 1.993663061353069185e-02
3.200000000000000000e+01 2.211562213637219623e-02
3.205000000000000426e+01 2.440491554899254512e-02
3.210000000000000142e+01 2.680398245288865069e-02
3.214999999999999858e+01 2.931226911241755981e-02
3.220000000000000284e+01 3.192919658260631732e-02
3.225000000000000000e+01 3.465416084277716385e-02
3.230000000000000426e+01 3.748653293596668212e-02
3.235000000000000142e+01 4.042565911409396612e-02
3.239999999999999858e+01 4.347086098885782207e-02
3.245000000000000284e+01 4.662143568831458168e-02
3.250000000000000000e+01 4.987665601910980240e-02
3.255000000000000426e+01 5.323577063432768930e-02
3.260000000000000142e+01 5.669800420690639803e-02
3.264999999999999858e+01 6.026255760859773603e-02
3.270000000000000284e+01 6.392860809441433534e-02
3.275000000000000000e+01 6.769530949253023400e-02
3.280000000000000426e+01 7.156179239958877780e-02
3.285000000000000142e+01 7.552716438137017929e-02
3.289999999999999858e+01 7.959051017877934175e-02
3.295000000000000284e+01 8.375089191909981801e-02
3.300000000000000000e+01 8.800734933246277814e-02
3.305000000000000426e+01 9.235889997349501501e-02
3.310000000000000142e+01 9.680453944807494715e-02
3.314999999999999858e+01 1.013432416451654355e-01
3.320000000000000284e+01 1.059739589736490017e-01
3.325000000000000000e+01 1.106956226041255348e-01
3.330000000000000426e+01 1.155071427156149771e-01
3.335000000000000142e+01 1.204074087470995563e-01
3.339999999999999858e+01 1.253952896538565454e-01
3.345000000000000284e+01 1.304696341685183114e-01
3.350000000000000000e+01 1.356292710667968693e-01
3.355000000000000426e+01 1.408730094378241038e-01
3.360000000000000142e+01 1.461996389590209389e-01
3.364999999999999858e+01 1.516079301754616193e-01
3.370000000000000284e+01 1.570966347836475485e-01
3.375000000000000000e+01 1.626644859196267057e-01
3.380000000000000426e+01 1.683101984514086547e-01
3.385000000000000142e+01 1.740324692755840785e-01
3.389999999999999858e+01 1.798299776181018494e-01
3.395000000000000284e+01 1.857013853391214220e-01
3.400000000000000000e+01 1.916453372418666090e-01
3.405000000000000426e+01 1.976604613854300307e-01
3.410000000000000142e+01 2.037453694014280114e-01
3.414999999999999858e+01 2.098986568144614873e-01
3.420000000000000284e+01 2.161189033662809789e-01
3.425000000000000000e+01 2.224046733436001733e-01
3.430000000000000426e+01 2.287545159094845626e-01
3.435000000000000142e+01 2.351669654382131935e-01
3.439999999999999858e+01 2.416405418535719496e-01
3.445000000000000284e+01 2.481737509704705635e-01
3.450000000000000000e+01 2.547650848398207990e-01
3.455000000000000426e+01 2.614130220965911189e-01
3.460000000000000142e+01 2.681160283109544906e-01
3.464999999999999858e+01 2.748725563424582741e-01
3.470000000000000284e+01 2.816810466971252369e-01
3.475000000000000000e+01 2.885399278873978512e-01
3.480000000000000426e+01 2.954476167948663079e-01
3.485000000000000142e+01 3.024025190356652848e-01
3.489999999999999858e+01 3.094030293284864563e-01
3.495000000000000284e+01 3.164475318650916691e-01
3.500000000000000000e+01 3.235344006832626684e-01
3.505000000000000426e+01 3.306620000420981142e-01
3.510000000000000142e+01 3.378286847995611852e-01
3.514999999999999858e+01 3.450328007921996121e-01
3.520000000000000284e+01 3.522726852169495437e-01
3.525000000000000000e+01 3.595466670149271016e-01
3.530000000000000426e+01 3.668530672571400642e-01
3.535000000000000142e+01 3.741901995319945051e-01
3.539999999999999858e+01 3.815563703345488666e-01
3.545000000000000284e+01 3.889498794573962859e-01
3.550000000000000000e+01 3.963690203830875780e-01
3.555000000000000426e+01 4.038120806780265415e-01
3.560000000000000142e+01 4.112773423877127410e-01
3.564999999999999858e+01 4.187630824332780888e-01
3.570000000000000284e+01 4.262675730091868842e-01
3.575000000000000000e+01 4.337890819820373056e-01
3.580000000000000426e+01 4.413258732903647119e-01
3.585000000000000142e+01 4.488762073453398949e-01
3.589999999999999858e+01 4.564383414322979449e-01
3.595000000000000284e+01 4.640105301129713311e-01
3.600000000000000000e+01 4.715910256283597501e-01
3.605000000000000426e+01 4.791780783021444279e-01
3.610000000000000142e+01 4.867699369445233071e-01
3.614999999999999858e+01 4.943648492564182151e-01
3.620000000000000284e+01 5.019610622339238937e-01
3.625000000000000000e+01 5.095568225729245615e-01
3.630000000000000426e+01 5.171503770737800876e-01
3.635000000000000142e+01 5.247399730459837430e-01
3.639999999999999858e+01 5.323238587127099297e-01
3.645000000000000284e+01 5.399002836151483020e-01
3.650000000000000000e+01 5.474674990165238064e-01
3.655000000000000426e+01 5.550237583057375801e-01
3.660000000000000142e+01 5.625673174004989230e-01
3.664999999999999858e+01 5.700964351498911675e-01
3.670000000000000284e+01 5.776093737362441027e-01
3.675000000000000000e+01 5.851043990762458957e-01
3.680000000000000426e+01 5.925797812211959226e-01
3.685000000000000142e+01 6.000337947562958130e-01
3.689999999999999858e+01 6.074647191988988837e-01
3.695000000000000284e+01 6.148708393956198170e-01
3.700000000000000000e+01 6.222504459182104375e-01
3.705000000000000426e+01 6.296018354581274235e-01
3.710000000000000142e+01 6.369233112196652780e-01
3.714999999999999858e+01 6.442131833116079287e-01
3.720000000000000284e+01 6.514697691372772770e-01
3.725000000000000000e+01 6.586913937828905441e-01
3.730000000000000426e+01 6.658763904041608006e-01
3.735000000000000142e+01 6.730231006110188874e-01
3.739999999999999858e+01 6.801298748503994407e-01
3.745000000000000284e+01 6.871950727869720055e-01
3.750000000000000000e+01 6.942170636817530660e-01
3.755000000000000426e+01 7.011942267685048469e-01
3.760000000000000142e+01 7.081249516278236289e-01
3.764999999999999858e+01 7.150076385588536310e-01
3.770000000000000284e+01 7.218406989485106617e-01
3.775000000000000000e+01 7.286225556381554780e-01
3.780000000000000426e+01 7.353516432876303632e-01
3.785000000000000142e+01 7.420264087365480155e-01
3.789999999999999858e+01 7.486453113627901113e-01
3.795000000000000284e+01 7.552068234380990841e-01
3.800000000000000000e+01 7.617094304806982796e-01
3.805000000000000426e+01 7.681516316048542237e-01
3.810000000000000142e+01 7.745319398672977362e-01
3.814999999999999858e+01 7.808488826104338365e-01
3.820000000000000284e+01 7.871010018022498445e-01
3.825000000000000000e+01 7.932868543728427424e-01
3.830000000000000426e+01 7.994050125475046231e-01
3.835000000000000142e+01 8.054540641762664155e-01
3.840000000000000568e+01 8.114326130598470410e-01
3.845000000000000284e+01 8.173392792719057498e-01
3.850000000000000000e+01 8.231726994775526718e-01
3.855000000000000426e+01 8.289315272480255459e-01
3.860000000000000142e+01 8.346144333714552443e-01
3.865000000000000568e+01 8.402201061596737963e-01
3.870000000000000284e+01 8.457472517509619925e-01
3.875000000000000000e+01 8.511945944086941607e-01
3.880000000000000426e+01 8.565608768157942920e-01
3.885000000000000142e+01 8.618448603649363493e-01
3.890000000000000568e+01 8.670453254444372426e-01
3.895000000000000284e+01 8.721610717197526563e-01
3.900000000000000000e+01 8.771909184105367574e-01
3.905000000000000426e+01 8.821337045631764129e-01
3.910000000000000142e+01 8.869882893187533979e-01
3.915000000000000568e+01 8.917535521763760853e-01
3.920000000000000284e+01 8.964283932517970177e-01
3.925000000000000000e+01 9.010117335312868292e-01
3.930000000000000426e+01 9.055025151206819167e-01
3.935000000000000142e+01 9.098997014895597868e-01
3.940000000000000568e+01 9.142022777104853448e-01
3.945000000000000284e+01 9.184092506932667321e-01
3.950000000000000000e+01 9.225196494141759684e-01
3.955000000000000426e+01 9.265325251400733375e-01
3.960000000000000142e+01 9.304469516473845569e-01
3.965000000000000568e+01 9.342620254358893206e-01
3.970000000000000284e+01 9.379768659372561546e-01
3.975000000000000000e+01 9.415906157182944991e-01
3.980000000000000426e+01 9.451024406788569587e-01
3.985000000000000142e+01 9.485115302443608565e-01
3.990000000000000568e+01 9.518170975528816857e-01
3.995000000000000284e+01 9.550183796367688327e-01
4.000000000000000000e+01 9.581146375987494856e-01
4.005000000000000426e+01 9.611051567824758779e-01
4.010000000000000142e+01 9.639892469374745643e-01
4.015000000000000568e+01 9.667662423784701975e-01
4.020000000000000284e+01 9.694355021390288485e-01
4.025000000000000000e+01 9.719964101195049944e-01
4.030000000000000426e+01 9.744483752292443235e-01
4.035000000000000142e+01 9.767908315230140470e-01
4.040000000000000568e+01 9.790232383316318510e-01
4.045000000000000284e+01 9.811450803867582948e-01
4.050000000000000000e+01 9.831558679398275657e-01
4.055000000000000426e+01 9.850551368750893877e-01
4.060000000000000142e+01 9.868424488167300002e-01
4.065000000000000568e+01 9.885173912300572185e-01
4.070000000000000284e+01 9.900795775167172685e-01
4.075000000000000000e+01 9.915286471039290728e-01
4.080000000000000426e+01 9.928642655277062357e-01
4.085000000000000142e+01 9.940861245100571786e-01
4.090000000000000568e+01 9.951939420301398886e-01
4.095000000000000284e+01 9.961874623893545166e-01
4.100000000000000000e+01 9.970664562703642764e-01
4.105000000000000426e+01 9.978307207900222187e-01
4.110000000000000142e+01 9.984800795462016598e-01
4.115000000000000568e+01 9.990143826585103914e-01
4.120000000000000284e+01 9.994335068028851188e-01
4.125000000000000000e+01 9.997373552400580232e-01
4.130000000000000426e+01 9.999258578378826812e-01
4.135000000000000142e+01 9.999989710875241133e-01
4.140000000000000568e+01 9.999566781134994198e-01
4.145000000000000284e+01 9.997989886775735524e-01
4.150000000000000000e+01 9.995259391765058954e-01
4.155000000000000426e+01 9.991375926336496516e-01
4.160000000000000142e+01 9.986340386844053674e-01
4.165000000000000568e+01 9.980153935555317046e-01
4.170000000000000284e+01 9.972818000383185666e-01
4.175000000000000000e+01 9.964334274556296833e-01
4.180000000000000426e+01 9.954704716228197636e-01
4.185000000000000142e+01 9.943931548025388700e-01
4.190000000000000568e+01 9.932017256534302341e-01
4.195000000000000284e+01 9.918964591727377211e-01
4.200000000000000000e+01 9.904776566328326037e-01
4.205000000000000426e+01 9.889456455116740763e-01
4.210000000000000142e+01 9.873007794172271590e-01
4.215000000000000568e+01 9.855434380058409882e-01
4.220000000000000284e+01 9.836740268946233545e-01
4.225000000000000000e+01 9.816929775678147063e-01
4.230000000000000426e+01 9.796007472771998126e-01
4.235000000000000142e+01 9.773978189365665203e-01
4.240000000000000568e+01 9.750847010102420276e-01
4.245000000000000284e+01 9.726619273957356482e-01
4.250000000000000000e+01 9.701300573005046113e-01
4.255000000000000426e+01 9.674896751128840844e-01
4.260000000000000142e+01 9.647413902672040686e-01
4.265000000000000568e+01 9.618858371031198118e-01
4.270000000000000284e+01 9.589236747192028121e-01
4.275000000000000000e+01 9.558555868208089557e-01
4.280000000000000426e+01 9.526822815622719709e-01
4.285000000000000142e+01 9.494044913834518429e-01
4.290000000000000568e+01 9.460229728406782668e-01
4.295000000000000284e+01 9.425385064321285533e-01
4.300000000000000000e+01 9.389518964176770677e-01
4.305000000000000426e+01 9.352639706332616099e-01
4.310000000000000142e+01 9.314755802998102574e-01
4.315000000000000568e+01 9.275875998267663070e-01
4.320000000000000284e+01 9.236009266102659376e-01
4.325000000000000000e+01 9.195164808260032352e-01
4.330000000000000426e+01 9.153352052168455266e-01
4.335000000000000142e+01 9.110580648752358845e-01
4.340000000000000568e+01 9.066860470204355371e-01
4.345000000000000284e+01 9.022201607706616944e-01
4.350000000000000000e+01 8.976614369101703073e-01
4.355000000000000426e+01 8.930109276513372718e-01
4.360000000000000142e+01 8.882697063917963654e-01
4.365000000000000568e+01 8.834388674666795449e-01
4.370000000000000284e+01 8.785195258960377673e-01
4.375000000000000000e+01 8.735128171274753051e-01
4.380000000000000426e+01 8.684198967740719421e-01
4.385000000000000142e+01 8.632419403476596642e-01
4.390000000000000568e+01 8.579801429874912566e-01
4.395000000000000284e+01 8.526357191843940697e-01
4.400000000000000000e+01 8.472099025004423689e-01
4.405000000000000426e+01 8.417039452842404179e-01
4.410000000000000142e+01 8.361191183818650341e-01
4.415000000000000568e+01 8.304567108435326750e-01
4.420000000000000284e+01 8.247180296260765431e-01
4.425000000000000000e+01 8.189043992912766745e-01
4.430000000000000426e+01 8.130171617001398232e-01
4.435000000000000142e+01 8.070576757031805437e-01
4.440000000000000568e+01 8.010273168267748600e-01
4.445000000000000284e+01 7.949274769556794462e-01
4.450000000000000000e+01 7.887595640117597284e-01
4.455000000000000426e+01 7.825250016290272725e-01
4.460000000000000142e+01 7.762252288250444110e-01
4.465000000000000568e+01 7.698616996687811520e-01
4.470000000000000284e+01 7.634358829450001993e-01
4.475000000000000000e+01 7.569492618152374730e-01
4.480000000000000426e+01 7.504033334754693918e-01
4.485000000000000142e+01 7.437996088105478520e-01
4.490000000000000568e+01 7.371396120454590806e-01
4.495000000000000284e+01 7.304248803935212697e-01
4.500000000000000000e+01 7.236569637015675127e-01
4.505000000000000426e+01 7.168374240922270602e-01
4.510000000000000142e+01 7.099678356033682913e-01
4.515000000000000568e+01 7.030497838247823372e-01
4.520000000000000284e+01 6.960848655322192657e-01
4.525000000000000000e+01 6.890746883188229033e-01
4.530000000000000426e+01 6.820208702240808663e-01
4.535000000000000142e+01 6.749250393603636322e-01
4.540000000000000568e+01 6.677888335371257034e-01
4.545000000000000284e+01 6.606138998828896547e-01
4.550000000000000000e+01 6.534018944650596961e-01
4.555000000000000426e+01 6.461544819076795454e-01
4.560000000000000142e+01 6.388733350072232087e-01
4.565000000000000568e+01 6.315601343464827266e-01
4.570000000000000284e+01 6.242165679066764561e-01
4.575000000000000000e+01 6.168443306778321755e-01
4.580000000000000426e+01 6.094451242675686942e-01
4.585000000000000142e+01 6.020206565083416894e-01
4.590000000000000568e+01 5.945726410632495851e-01
4.595000000000000284e+01 5.871027970305053856e-01
4.600000000000000000e+01 5.796128485466368607e-01
4.605000000000000426e+01 5.721045243885413134e-01
4.610000000000000142e+01 5.645795575744619876e-01
4.615000000000000568e+01 5.570396849639759340e-01
4.620000000000000284e+01 5.494866468571169005e-01
4.625000000000000000e+01 5.419221865926817649e-01
4.630000000000000426e+01 5.343480501458497400e-01
4.635000000000000142e+01 5.267659857251880684e-01
4.640000000000000568e+01 5.191777433691417976e-01
4.645000000000000284e+01 5.115850745421063328e-01
4.650000000000000000e+01 5.039897317301614832e-01
4.655000000000000426e+01 4.963934680365749696e-01
4.660000000000000142e+01 4.887980367771713186e-01
4.665000000000000568e+01 4.812051910756336981e-01
4.670000000000000284e+01 4.736166834588698693e-01
4.675000000000000000e+01 4.660342654524961548e-01
4.680000000000000426e+01 4.584596871765707626e-01
4.685000000000000142e+01 4.508946969416432471e-01
4.690000000000000568e+01 4.433410408452136964e-01
4.695000000000000284e+01 4.358004623687221080e-01
4.700000000000000000e+01 4.282747019751219630e-01
4.705000000000000426e+01 4.207654967071610685e-01
4.710000000000000142e+01 4.132745797864544324e-01
4.715000000000000568e+01 4.058036802134237786e-01
4.720000000000000284e+01 3.983545223682341541e-01
4.725000000000000000e+01 3.909288256127767536e-01
4.730000000000000426e+01 3.835283038938170908e-01
4.735000000000000142e+01 3.761546653474024948e-01
4.740000000000000568e+01 3.688096119045919385e-01
4.745000000000000284e+01 3.614948388986376493e-01
4.750000000000000000e+01 3.542120346736707392e-01
4.755000000000000426e+01 3.469628801950168095e-01
4.760000000000000142e+01 3.397490486612071425e-01
4.765000000000000568e+01 3.325722051177779637e-01
4.770000000000000284e+01 3.254340060729607464e-01
4.775000000000000000e+01 3.183360991153368902e-01
4.780000000000000426e+01 3.112801225335526945e-01
4.785000000000000142e+01 3.042677049381852239e-01
4.790000000000000568e+01 2.973004648858287302e-01
4.795000000000000284e+01 2.903800105055226455e-01
4.800000000000000000e+01 2.835079391275661664e-01
4.805000000000000426e+01 2.766858369148337826e-01
4.810000000000000142e+01 2.699152784966760144e-01
4.815000000000000568e+01 2.631978266054653681e-01
4.820000000000000284e+01 2.565350317159049154e-01
4.825000000000000000e+01 2.499284316871536460e-01
4.830000000000000426e+01 2.433795514078685718e-01
4.835000000000000142e+01 2.368899024442470413e-01
4.840000000000000568e+01 2.304609826911295234e-01
4.845000000000000284e+01 2.240942760262737421e-01
4.850000000000000000e+01 2.177912519678482928e-01
4.855000000000000426e+01 2.115533653352554000e-01
4.860000000000000142e+01 2.053820559133399948e-01
4.865000000000000568e+01 1.992787481200612720e-01
4.870000000000000284e+01 1.932448506777288688e-01
4.875000000000000000e+01 1.872817562878436037e-01
4.880000000000000426e+01 1.813908413096469441e-01
4.885000000000000142e+01 1.755734654424420671e-01
4.890000000000000568e+01 1.698309714117504088e-01
4.895000000000000284e+01 1.641646846594023990e-01
4.900000000000000000e+01 1.585759130376020176e-01
4.905000000000000426e+01 1.530659465070574321e-01
4.910000000000000142e+01 1.476360568392472983e-01
4.915000000000000568e+01 1.422874973228723805e-01
4.920000000000000284e+01 1.370215024745866372e-01
4.925000000000000000e+01 1.318392877540479624e-01
4.930000000000000426e+01 1.267420492833800649e-01
4.935000000000000142e+01 1.217309635710911858e-01
4.940000000000000568e+01 1.168071872405179873e-01
4.945000000000000284e+01 1.119718567628640304e-01
4.950000000000000000e+01 1.072260881948872008e-01
4.955000000000000426e+01 1.025709769212987260e-01
4.960000000000000142e+01 9.800759740193691616e-02
4.965000000000000568e+01 9.353700292376210257e-02
4.970000000000000284e+01 8.916022535775179614e-02
4.975000000000000000e+01 8.487827492072626268e-02
4.980000000000000426e+01 8.069213994217758201e-02
4.985000000000000142e+01 7.660278663615475991e-02
4.990000000000000568e+01 7.261115887824375059e-02
4.995000000000000284e+01 6.871817798771306940e-02
5.000000000000000000e+01 6.492474251485849668e-02
5.005000000000000426e+01 6.123172803360572847e-02
5.010000000000000142e+01 5.763998693942068430e-02
5.015000000000000568e+01 5.415034825256059142e-02
5.020000000000000284e+01 5.076361742672977351e-02
5.025000000000000000e+01 4.748057616316599810e-02
5.030000000000000426e+01 4.430198223021738352e-02
5.035000000000000142e+01 4.122856928843951496e-02
5.040000000000000568e+01 3.826104672125349437e-02
5.045000000000000284e+01 3.540009947121612599e-02
5.050000000000000000e+01 3.264638788192238822e-02
5.055000000000000426e+01 3.000054754559139392e-02
5.060000000000000142e+01 2.746318915636313668e-02
5.065000000000000568e+01 2.503489836934207763e-02
5.070000000000000284e+01 2.271623566542154207e-02
5.075000000000000000e+01 2.050773622191603626e-02
5.080000000000000426e+01 1.840990978903525241e-02
5.085000000000000142e+01 1.642324057222941530e-02
5.090000000000000568e+01 1.454818712042565097e-02
5.095000000000000284e+01 1.278518222019127751e-02
5.100000000000000000e+01 1.113463279583872152e-02
5.105000000000000426e+01 9.596919815504062479e-03
5.110000000000000142e+01 8.172398203214324697e-03
5.115000000000000568e+01 6.861396756965533299e-03
5.120000000000000284e+01 5.664218072832648276e-03
5.125000000000000000e+01 4.581138475126271883e-03
5.130000000000000426e+01 3.612407952613333906e-03
5.135000000000000142e+01 2.758250100816982651e-03
5.140000000000000568e+01 2.018862070406700609e-03
5.145000000000000284e+01 1.394414521694783797e-03
5.150000000000000000e+01 8.850515852447361168e-04
5.155000000000000426e+01 4.908908286042746151e-04
5.160000000000000142e+01 2.120232291696564091e-04
5.165000000000000568e+01 4.851315318637765321e-05
5.170000000000000284e+01 3.983408929406731926e-07
5.175000000000000000e+01 6.768989780973658460e-05
5.180000000000000426e+01 2.503722921759108061e-04
5.185000000000000142e+01 5.484033585341222461e-04
5.190000000000000568e+01 9.617143074630767150e-04
5.195000000000000284e+01 1.490209741454666262e-03
5.200000000000000000e+01 2.133767676933511371e-03
5.205000000000000426e+01 2.892239572411891332e-03
5.210000000000000142e+01 3.765450362774841030e-03
5.215000000000000568e+01 4.753198499688453954e-03
5.220000000000000284e+01 5.855255998118422296e-03
5.225000000000000000e+01 7.071368488953095645e-03
5.230000000000000426e+01 8.401255277714609823e-03
5.235000000000000142e+01 9.844609409346918166e-03
5.240000000000000568e+01 1.140109773906516737e-02
5.245000000000000284e+01 1.307036100924907455e-02
5.250000000000000000e+01 1.485201393236511638e-02
5.255000000000000426e+01 1.674564527989622076e-02
5.260000000000000142e+01 1.875081797725664315e-02
5.265000000000000568e+01 2.086706920467685730e-02
5.270000000000000284e+01 2.309391050402596207e-02
5.275000000000000000e+01 2.543082789155719226e-02
5.280000000000000426e+01 2.787728197653805556e-02
5.285000000000000142e+01 3.043270808575304978e-02
5.290000000000000568e+01 3.309651639383361099e-02
5.295000000000000284e+01 3.586809205939904543e-02
5.300000000000000000e+01 3.874679536697119009e-02
5.305000000000000426e+01 4.173196187462788198e-02
5.310000000000000142e+01 4.482290256736328610e-02
5.315000000000000568e+01 4.801890401612341625e-02
5.320000000000000284e+01 5.131922854247342874e-02
5.325000000000000000e+01 5.472311438886555413e-02
5.330000000000000426e+01 5.822977589446124563e-02
5.335000000000000142e+01 6.183840367646920022e-02
5.340000000000000568e+01 6.554816481696724983e-02
5.345000000000000284e+01 6.935820305514467377e-02
5.350000000000000000e+01 7.326763898494068061e-02
5.355000000000000426e+01 7.727557025802561652e-02
5.360000000000000142e+01 8.138107179206802155e-02
5.365000000000000568e+01 8.558319598426322727e-02
5.370000000000000284e+01 8.988097293004562727e-02
5.375000000000000000e+01 9.427341064695785033e-02
5.380000000000000426e+01 9.875949530361652351e-02
5.385000000000000142e+01 1.033381914537102320e-01
5.390000000000000568e+01 1.080084422750023643e-01
5.395000000000000284e+01 1.127691698132507608e-01
5.400000000000000000e+01 1.176192752310222384e-01
5.405000000000000426e+01 1.225576390613107580e-01
5.410000000000000142e+01 1.275831214659280399e-01
5.415000000000000568e+01 1.326945624985966521e-01
5.420000000000000284e+01 1.378907823726722714e-01
5.425000000000000000e+01 1.431705817334632258e-01
5.430000000000000426e+01 1.485327419350486455e-01
5.435000000000000142e+01 1.539760253215613217e-01
5.440000000000000568e+01 1.594991755128583599e-01
5.445000000000000284e+01 1.651009176945012202e-01
5.450000000000000000e+01 1.707799589120082007e-01
5.455000000000000426e+01 1.765349883692814703e-01
5.460000000000000142e+01 1.823646777311525857e-01
5.465000000000000568e+01 1.882676814299838741e-01
5.470000000000000284e+01 1.942426369762398630e-01
5.475000000000000000e+01 2.002881652729715523e-01
5.480000000000000426e+01 2.064028709341273748e-01
5.485000000000000142e+01 2.125853426066233176e-01
5.490000000000000568e+01 2.188341532961054492e-01
5.495000000000000284e+01 2.251478606963162044e-01
5.500000000000000000e+01 2.315250075220013914e-01
5.505000000000000426e+01 2.379641218452677176e-01
5.510000000000000142e+01 2.444637174353181952e-01
5.515000000000000568e+01 2.510222941015038955e-01
5.520000000000000284e+01 2.576383380395768086e-01
5.525000000000000000e+01 2.643103221810999548e-01
5.530000000000000426e+01 2.710367065459191038e-01
5.535000000000000142e+01 2.778159385975994544e-01
5.540000000000000568e+01 2.846464536017831448e-01
5.545000000000000284e+01 2.915266749873398622e-01
5.550000000000000000e+01 2.984550147102637552e-01
5.555000000000000426e+01 3.054298736202198383e-01
5.560000000000000142e+01 3.124496418296373035e-01
5.565000000000000568e+01 3.195126990853051074e-01
5.570000000000000284e+01 3.266174151423341665e-01
5.575000000000000000e+01 3.337621501404527957e-01
5.580000000000000426e+01 3.409452549824952272e-01
5.585000000000000142e+01 3.481650717150397423e-01
5.590000000000000568e+01 3.554199339110915012e-01
5.595000000000000284e+01 3.627081670547026571e-01
5.600000000000000000e+01 3.700280889274860652e-01
5.605000000000000426e+01 3.773780099968818136e-01
5.610000000000000142e+01 3.847562338061271681e-01
5.615000000000000568e+01 3.921610573658271259e-01
5.620000000000000284e+01 3.995907715470127797e-01
5.625000000000000000e+01 4.070436614756441362e-01
5.630000000000000426e+01 4.145180069284188917e-01
5.635000000000000142e+01 4.220120827298188271e-01
5.640000000000000568e+01 4.295241591503083378e-01
5.645000000000000284e+01 4.370525023055746860e-01
5.650000000000000000e+01 4.445953745567355897e-01
5.655000000000000426e+01 4.521510349114059579e-01
5.660000000000000142e+01 4.597177394255377303e-01
5.665000000000000568e+01 4.672937416059497751e-01
5.670000000000000284e+01 4.748772928134376015e-01
5.675000000000000000e+01 4.824666426663873353e-01
5.680000000000000426e+01 4.900600394447828800e-01
5.685000000000000142e+01 4.976557304945200544e-01
5.690000000000000568e+01 5.052519626319542656e-01
5.695000000000000284e+01 5.128469825485453271e-01
5.700000000000000000e+01 5.204390372155499600e-01
5.705000000000000426e+01 5.280263742886476264e-01
5.710000000000000142e+01 5.356072425123922232e-01
5.715000000000000568e+01 5.431798921244390677e-01
5.720000000000000284e+01 5.507425752593998469e-01
5.725000000000000000e+01 5.582935463522780140e-01
5.730000000000000426e+01 5.658310625413728312e-01
5.735000000000000142e+01 5.733533840705423712e-01
5.740000000000000568e+01 5.808587746907751814e-01
5.745000000000000284e+01 5.883455020609260622e-01
5.750000000000000000e+01 5.958118381475753234e-01
5.755000000000000426e+01 6.032560596238706330e-01
5.760000000000000142e+01 6.106764482672963901e-01
5.765000000000000568e+01 6.180712913562692590e-01
5.770000000000000284e+01 6.254388820654419590e-01
5.775000000000000000e+01 6.327775198596761186e-01
5.780000000000000426e+01 6.400855108865352028e-01
5.785000000000000142e+01 6.473611683672522155e-01
5.790000000000000568e+01 6.546028129860658185e-01
5.795000000000000284e+01 6.618087732778159538e-01
5.800000000000000000e+01 6.689773860137511186e-01
5.805000000000000426e+01 6.761069965854187291e-01
5.810000000000000142e+01 6.831959593865659652e-01
5.815000000000000568e+01 6.902426381929730459e-01
5.820000000000000284e+01 6.972454065401099133e-01
5.825000000000000000e+01 7.042026480985521530e-01
5.830000000000000426e+01 7.111127570470459069e-01
5.835000000000000142e+01 7.179741384431497231e-01
5.840000000000000568e+01 7.247852085913727427e-01
5.845000000000000284e+01 7.315443954087081924e-01
5.850000000000000000e+01 7.382501387874960130e-01
5.855000000000000426e+01 7.449008909555122626e-01
5.860000000000000142e+01 7.514951168332104636e-01
5.865000000000000568e+01 7.580312943880485044e-01
5.870000000000000284e+01 7.645079149857827439e-01
5.875000000000000000e+01 7.709234837386846895e-01
5.880000000000000426e+01 7.772765198505854345e-01
5.885000000000000142e+01 7.835655569586514879e-01
5.890000000000000568e+01 7.897891434718523618e-01
5.895000000000000284e+01 7.959458429059960149e-01
5.900000000000000000e+01 8.020342342152934068e-01
5.905000000000000426e+01 8.080529121203565701e-01
5.910000000000000142e+01 8.140004874325474926e-01
5.915000000000000568e+01 8.198755873746301770e-01
5.920000000000000284e+01 8.256768558976156358e-01
5.925000000000000000e+01 8.314029539937657365e-01
5.930000000000000426e+01 8.370525600056437643e-01
5.935000000000000142e+01 8.426243699311753987e-01
5.940000000000000568e+01 8.481170977246316189e-01
5.945000000000000284e+01 8.535294755934562660e-01
5.950000000000000000e+01 8.588602542908997384e-01
5.955000000000000426e+01 8.641082034043510163e-01
5.960000000000000142e+01 8.692721116393382630e-01
5.965000000000000568e+01 8.743507870991134023e-01
5.970000000000000284e+01 8.793430575597498411e-01
5.975000000000000000e+01 8.842477707407151444e-01
5.980000000000000426e+01 8.890637945708272927e-01
5.985000000000000142e+01 8.937900174495516659e-01
5.990000000000000568e+01 8.984253485035740283e-01
5.995000000000000284e+01 9.029687178385870094e-01
6.000000000000000000e+01 9.074190767862380103e-01
6.005000000000000426e+01 9.117753981461741430e-01
6.010000000000000142e+01 9.160366764231309133e-01
6.015000000000000568e+01 9.202019280590163497e-01
6.020000000000000284e+01 9.242701916599276313e-01
6.025000000000000000e+01 9.282405282180548056e-01
6.030000000000000426e+01 9.321120213284155298e-01
6.035000000000000142e+01 9.358837774003694321e-01
6.040000000000000568e+01 9.395549258638768997e-01
6.045000000000000284e+01 9.431246193704325709e-01
6.050000000000000000e+01 9.465920339886449986e-01
6.055000000000000426e+01 9.499563693944151899e-01
6.060000000000000142e+01 9.532168490556550688e-01
6.065000000000000568e+01 9.563727204115273217e-01
6.070000000000000284e+01 9.594232550461408993e-01
6.075000000000000000e+01 9.623677488566818594e-01
6.080000000000000426e+01 9.652055222159305892e-01
6.085000000000000142e+01 9.679359201291233283e-01
6.090000000000000568e+01 9.705583123851402316e-01
6.095000000000000284e+01 9.730720937019601280e-01
6.100000000000000000e+01 9.754766838663722073e-01
6.105000000000000426e+01 9.777715278678932309e-01
6.110000000000000142e+01 9.799560960268726140e-01
6.115000000000000568e+01 9.820298841167504067e-01
6.120000000000000284e+01 9.839924134804362010e-01
6.125000000000000000e+01 9.858432311407937521e-01
6.130000000000000426e+01 9.875819099051897920e-01
6.135000000000000142e+01 9.892080484640968230e-01
6.140000000000000568e+01 9.907212714837232426e-01
6.145000000000000284e+01 9.921212296926411600e-01
6.150000000000000000e+01 9.934075999624052411e-01
6.155000000000000426e+01 9.945800853821349374e-01
6.160000000000000142e+01 9.956384153270435577e-01
6.165000000000000568e+01 9.965823455209039672e-01
6.170000000000000284e+01 9.974116580924295983e-01
6.175000000000000000e+01 9.981261616255623359e-01
6.180000000000000426e+01 9.987256912036539536e-01
6.185000000000000142e+01 9.992101084475301098e-01
6.190000000000000568e+01 9.995793015474314647e-01
6.195000000000000284e+01 9.998331852888192595e-01
6.200000000000000000e+01 9.999717010720458044e-01
6.205000000000000426e+01 9.999948169258779940e-01
6.210000000000000142e+01 9.999025275148784031e-01
6.215000000000000568e+01 9.996948541406351918e-01
6.220000000000000284e+01 9.993718447368471480e-01
6.225000000000000000e+01 9.989335738582586499e-01
6.230000000000000426e+01 9.983801426634518750e-01
6.235000000000000142e+01 9.977116788914982548e-01
6.240000000000000568e+01 9.969283368324740602e-01
6.245000000000000284e+01 9.960302972918495534e-01
6.250000000000000000e+01 9.950177675487555939e-01
6.255000000000000426e+01 9.938909813081405753e-01
6.260000000000000142e+01 9.926501986468300176e-01
6.265000000000000568e+01 9.912957059534952542e-01
6.270000000000000284e+01 9.898278158625539724e-01
6.275000000000000000e+01 9.882468671820068273e-01
6.280000000000000426e+01 9.865532248152392159e-01
6.285000000000000142e+01 9.847472796767954284e-01
6.290000000000000568e+01 9.828294486021494913e-01
6.295000000000000284e+01 9.808001742514974586e-01
6.300000000000000000e+01 9.786599250075810330e-01
6.305000000000000426e+01 9.764091948675834853e-01
6.310000000000000142e+01 9.740485033291059747e-01
6.315000000000000568e+01 9.715783952702605752e-01
6.320000000000000284e+01 9.689994408239072099e-01
6.325000000000000000e+01 9.663122352460579156e-01
6.330000000000000426e+01 9.635173987784846350e-01
6.335000000000000142e+01 9.606155765055598428e-01
6.340000000000000568e+01 9.576074382053625378e-01
6.345000000000000284e+01 9.544936781950852378e-01
6.350000000000000000e+01 9.512750151707748403e-01
6.355000000000000426e+01 9.479521920414487601e-01
6.360000000000000142e+01 9.445259757576246473e-01
6.365000000000000568e+01 9.409971571342964358e-01
6.370000000000000284e+01 9.373665506684010218e-01
6.375000000000000000e+01 9.336349943508280846e-01
6.380000000000000426e+01 9.298033494729945891e-01
6.385000000000000142e+01 9.258725004280536908e-01
6.390000000000000568e+01 9.218433545067586943e-01
6.395000000000000284e+01 9.177168416880550073e-01
6.400000000000000000e+01 9.134939144244264009e-01
6.404999999999999716e+01 9.091755474220541977e-01
6.410000000000000853e+01 9.047627374158436764e-01
6.415000000000000568e+01 9.002565029393720941e-01
6.420000000000000284e+01 8.956578840897845284e-01
6.425000000000000000e+01 8.909679422877382349e-01
6.429999999999999716e+01 8.861877600324048476e-01
6.435000000000000853e+01 8.813184406516177960e-01
6.440000000000000568e+01 8.763611080472174519e-01
6.445000000000000284e+01 8.713169064356269811e-01
6.450000000000000000e+01 8.661870000837595951e-01
6.454999999999999716e+01 8.609725730402939536e-01
6.460000000000000853e+01 8.556748288623706733e-01
6.465000000000000568e+01 8.502949903378094199e-01
6.470000000000000284e+01 8.448342992028599063e-01
6.475000000000000000e+01 8.392940158555989294e-01
6.479999999999999716e+01 8.336754190650190743e-01
6.485000000000000853e+01 8.279798056758622682e-01
6.490000000000000568e+01 8.222084903093003216e-01
6.495000000000000284e+01 8.163628050594999852e-01
6.500000000000000000e+01 8.104440991861552313e-01
6.504999999999999716e+01 8.044537388030635894e-01
6.510000000000000853e+01 7.983931065628121493e-01
6.515000000000000568e+01 7.922636013376395114e-01
6.520000000000000284e+01 7.860666378965598389e-01
6.525000000000000000e+01 7.798036465788136251e-01
6.529999999999999716e+01 7.734760729637273347e-01
6.535000000000000853e+01 7.670853775370598537e-01
6.540000000000000568e+01 7.606330353538995892e-01
6.545000000000000284e+01 7.541205356981984798e-01
6.550000000000000000e+01 7.475493817390369555e-01
6.554999999999999716e+01 7.409210901836613683e-01
6.560000000000000853e+01 7.342371909274123531e-01
6.565000000000000568e+01 7.274992267006160640e-01
6.570000000000000284e+01 7.207087527124812487e-01
6.575000000000000000e+01 7.138673362921563736e-01
6.579999999999999716e+01 7.069765565269562346e-01
6.585000000000000853e+01 7.000380038978922803e-01
6.590000000000000568e+01 6.930532799125798116e-01
6.595000000000000284e+01 6.860239967355684643e-01
6.600000000000000000e+01 6.789517768162534050e-01
6.604999999999999716e+01 6.718382525143796746e-01
6.610000000000000853e+01 6.646850657232762360e-01
6.615000000000000568e+01 6.574938674908963332e-01
6.620000000000000284e+01 6.502663176387158961e-01
6.625000000000000000e+01 6.430040843786355431e-01
6.629999999999999716e+01 6.357088439279398040e-01
6.635000000000000853e+01 6.283822801223910570e-01
6.640000000000000568e+01 6.210260840275985128e-01
6.645000000000000284e+01 6.136419535486765664e-01
6.650000000000000000e+01 6.062315930383577189e-01
6.654999999999999716e+01 5.987967129036103620e-01
6.660000000000000853e+01 5.913390292108419155e-01
6.665000000000000568e+01 5.838602632898207689e-01
6.670000000000000284e+01 5.763621413363662072e-01
6.675000000000000000e+01 5.688463940139163455e-01
6.679999999999999716e+01 5.613147560540721059e-01
6.685000000000000853e+01 5.537689658562027217e-01
6.690000000000000568e+01 5.462107650861947050e-01
6.695000000000000284e+01 5.386418982744569650e-01
6.700000000000000000e+01 5.310641124132551294e-01
6.704999999999999716e+01 5.234791565534865354e-01
6.710000000000000853e+01 5.158887814009807116e-01
6.715000000000000568e+01 5.082947389124095050e-01
6.720000000000000284e+01 5.006987818909085508e-01
6.725000000000000000e+01 4.931026635815188852e-01
6.729999999999999716e+01 4.855081372665041584e-01
6.735000000000000853e+01 4.779169558606729540e-01
6.740000000000000568e+01 4.703308715067966439e-01
6.745000000000000284e+01 4.627516351711682963e-01
6.750000000000000000e+01 4.551809962394788300e-01
6.754999999999999716e+01 4.476207021130222952e-01
6.760000000000000853e+01 4.400724978053756620e-01
6.765000000000000568e+01 4.325381255396406610e-01
6.770000000000000284e+01 4.250193243462921378e-01
6.775000000000000000e+01 4.175178296618095031e-01
6.779999999999999716e+01 4.100353729281006054e-01
6.785000000000000853e+01 4.025736811928666836e-01
6.790000000000000568e+01 3.951344767109896683e-01
6.795000000000000284e+01 3.877194765469920701e-01
6.800000000000000000e+01 3.803303921787287156e-01
6.804999999999999716e+01 3.729689291023594588e-01
6.810000000000000853e+01 3.656367864386841915e-01
6.815000000000000568e+01 3.583356565409847594e-01
6.820000000000000284e+01 3.510672246043853861e-01
6.825000000000000000e+01 3.438331682769004694e-01
6.829999999999999716e+01 3.366351572722143248e-01
6.835000000000000853e+01 3.294748529842784213e-01
6.840000000000000568e+01 3.223539081038516718e-01
6.845000000000000284e+01 3.152739662370331319e-01
6.850000000000000000e+01 3.082366615258933518e-01
6.854999999999999716e+01 3.012436182712959210e-01
6.860000000000000853e+01 2.942964505579921952e-01
6.865000000000000568e+01 2.873967618820636449e-01
6.870000000000000284e+01 2.805461447808182407e-01
6.875000000000000000e+01 2.737461804652070452e-01
6.879999999999999716e+01 2.669984384548637069e-01
6.885000000000000853e+01 2.603044762158422398e-01
6.890000000000000568e+01 2.536658388011303056e-01
6.895000000000000284e+01 2.470840584940267870e-01
6.900000000000000000e+01 2.405606544544812153e-01
6.904999999999999716e+01 2.340971323684419014e-01
6.910000000000000853e+01 2.276949841003269304e-01
6.915000000000000568e+01 2.213556873486930143e-01
6.920000000000000284e+01 2.150807053051443374e-01
6.925000000000000000e+01 2.088714863166266922e-01
6.929999999999999716e+01 2.027294635511185938e-01
6.935000000000000853e+01 1.966560546668405518e-01
6.940000000000000568e+01 1.906526614850512502e-01
6.945000000000000284e+01 1.847206696664718262e-01
6.950000000000000000e+01 1.788614483914676423e-01
6.954999999999999716e+01 1.730763500440263836e-01
6.960000000000000853e+01 1.673667098995993419e-01
6.965000000000000568e+01 1.617338458169189919e-01
6.970000000000000284e+01 1.561790579338024343e-01
6.975000000000000000e+01 1.507036283670725729e-01
6.979999999999999716e+01 1.453088209166310540e-01
6.985000000000000853e+01 1.399958807737471111e-01
6.990000000000000568e+01 1.347660342336660655e-01
6.995000000000000284e+01 1.296204884125485290e-01
7.000000000000000000e+01 1.245604309688611855e-01
7.004999999999999716e+01 1.195870298292520117e-01
7.010000000000000853e+01 1.147014329189695175e-01
7.015000000000000568e+01 1.099047678969149178e-01
7.020000000000000284e+01 1.051981418953603503e-01
7.025000000000000000e+01 1.005826412644063445e-01
7.029999999999999716e+01 9.605933132124032381e-02
7.035000000000000853e+01 9.162925610424987877e-02
7.040000000000000568e+01 8.729343813204190616e-02
7.045000000000000284e+01 8.305287816743410489e-02
7.050000000000000000e+01 7.890855498646306976e-02
7.054999999999999716e+01 7.486142515247230789e-02
7.060000000000000853e+01 7.091242279532664061e-02
7.065000000000000568e+01 6.706245939580125770e-02
7.070000000000000284e+01 6.331242357519736852e-02
7.075000000000000000e+01 5.966318089024320176e-02
7.079999999999999716e+01 5.611557363330620801e-02
7.085000000000000853e+01 5.267042063798295370e-02
7.090000000000000568e+01 4.932851709010729890e-02
7.095000000000000284e+01 4.609063434420081901e-02
7.100000000000000000e+01 4.295751974544367163e-02
7.104999999999999716e+01 3.992989645717156394e-02
7.110000000000000853e+01 3.700846329396194345e-02
7.115000000000000568e+01 3.419389456034327424e-02
7.120000000000000284e+01 3.148683989514857590e-02
7.125000000000000000e+01 2.888792412157539791e-02
7.129999999999999716e+01 2.639774710296946547e-02
7.135000000000000853e+01 2.401688360436378053e-02
7.140000000000000568e+01 2.174588315982230527e-02
7.145000000000000284e+01 1.958526994559306109e-02
7.150000000000000000e+01 1.753554265912551577e-02
7.154999999999999716e+01 1.559717440396555556e-02
7.160000000000000853e+01 1.377061258055333956e-02
7.165000000000000568e+01 1.205627878296280410e-02
7.170000000000000284e+01 1.045456870158669067e-02
7.175000000000000000e+01 8.965852031809244324e-03
7.179999999999999716e+01 7.590472388676185005e-03
7.185000000000000853e+01 6.328747227581589009e-03
7.190000000000000568e+01 5.180967770997363039e-03
7.195000000000000284e+01 4.147398941254275100e-03
7.200000000000000000e+01 3.228279299394037471e-03
7.204999999999999716e+01 2.423820990106961837e-03
7.210000000000000853e+01 1.734209692766515171e-03
7.215000000000000568e+01 1.159604578571491558e-03
7.220000000000000284e+01 7.001382738075637505e-04
7.225000000000000000e+01 3.559168292350870216e-04
7.229999999999999716e+01 1.270196956115630862e-04
7.235000000000000853e+01 1.349970535340482832e-05
7.240000000000000568e+01 1.538306034128983452e-05
7.245000000000000284e+01 1.326693258725505150e-04
7.250000000000000000e+01 3.653314307614384440e-04
7.254999999999999716e+01 7.133156735876285560e-04
7.260000000000000853e+01 1.176541735091361828e-03
7.265000000000000568e+01 1.754902696711261190e-03
7.270000000000000284e+01 2.448265065263994112e-03
7.275000000000000000e+01 3.256468803754733118e-03
7.279999999999999716e+01 4.179327368316929081e-03
7.285000000000000853e+01 5.216627751268933071e-03
7.290000000000000568e+01 6.368130530277077081e-03
7.295000000000000284e+01 7.633569923620356183e-03
7.300000000000000000e+01 9.012653851534727090e-03
7.304999999999999716e+01 1.050506400362804030e-02
7.310000000000000853e+01 1.211045591235289896e-02
7.315000000000000568e+01 1.382845903250990230e-02
7.320000000000000284e+01 1.565867682677908601e-02
7.325000000000000000e+01 1.760068685724336390e-02
7.329999999999999716e+01 1.965404088289155957e-02
7.335000000000000853e+01 2.181826496308195834e-02
7.340000000000000568e+01 2.409285956692806471e-02
7.345000000000000284e+01 2.647729968860328131e-02
7.350000000000000000e+01 2.897103496851568399e-02
7.354999999999999716e+01 3.157348982033668372e-02
7.360000000000000853e+01 3.428406356385797077e-02
7.365000000000000568e+01 3.710213056363210332e-02
7.370000000000000284e+01 4.002704037337889709e-02
7.375000000000000000e+01 4.305811788611835222e-02
7.379999999999999716e+01 4.619466348999274469e-02
7.385000000000000853e+01 4.943595322974462386e-02
7.390000000000000568e+01 5.278123897381710450e-02
7.395000000000000284e+01 5.622974858703085055e-02
7.400000000000000000e+01 5.978068610880519357e-02
7.404999999999999716e+01 6.343323193687468164e-02
7.410000000000000853e+01 6.718654301646208304e-02
7.415000000000000568e+01 7.103975303486785575e-02
7.420000000000000284e+01 7.499197262142923148e-02
7.425000000000000000e+01 7.904228955279195279e-02
7.429999999999999716e+01 8.318976896346978733e-02
7.435000000000000853e+01 8.743345356162174342e-02
7.440000000000000568e+01 9.177236385000044072e-02
7.445000000000000284e+01 9.620549835204554590e-02
7.450000000000000000e+01 1.007318338430256560e-01
7.454999999999999716e+01 1.053503255862197618e-01
7.460000000000000853e+01 1.100599075740542471e-01
7.465000000000000568e+01 1.148594927741432015e-01
7.470000000000000284e+01 1.197479733802029461e-01
7.475000000000000000e+01 1.247242210677402957e-01
7.479999999999999716e+01 1.297870872544821530e-01
7.485000000000000853e+01 1.349354033654922014e-01
7.490000000000000568e+01 1.401679811028791467e-01
7.495000000000000284e+01 1.454836127200865858e-01
7.500000000000000000e+01 1.508810713006483728e-01
7.504999999999999716e+01 1.563591110413739271e-01
7.510000000000000853e+01 1.619164675399061282e-01
7.515000000000000568e+01 1.675518580865460183e-01
7.520000000000000284e+01 1.732639819603357390e-01
7.525000000000000000e+01 1.790515207292714961e-01
7.529999999999999716e+01 1.849131385546184392e-01
7.535000000000000853e+01 1.908474824992354435e-01
7.540000000000000568e+01 1.968531828398547567e-01
7.545000000000000284e+01 2.029288533832288854e-01
7.550000000000000000e+01 2.090730917860861016e-01
7.554999999999999716e+01 2.152844798788066949e-01
7.560000000000000853e+01 2.215615839927520814e-01
7.565000000000000568e+01 2.279029552911780721e-01
7.570000000000000284e+01 2.343071301036423193e-01
7.575000000000000000e+01 2.407726302638429627e-01
7.579999999999999716e+01 2.472979634507953550e-01
7.585000000000000853e+01 2.538816235332760907e-01
7.590000000000000568e+01 2.605220909174605359e-01
7.595000000000000284e+01 2.672178328976692607e-01
7.600000000000000000e+01 2.739673040101259227e-01
7.604999999999999716e+01 2.807689463896804183e-01
7.610000000000000853e+01 2.876211901293818096e-01
7.615000000000000568e+01 2.945224536428219797e-01
7.620000000000000284e+01 3.014711440292064393e-01
7.625000000000000000e+01 3.084656574409977980e-01
7.629999999999999716e+01 3.155043794541169677e-01
7.635000000000000853e+01 3.225856854405700358e-01
7.640000000000000568e+01 3.297079409434221509e-01
7.645000000000000284e+01 3.368695020540701801e-01
7.650000000000000000e+01 3.440687157916679784e-01
7.654999999999999716e+01 3.513039204846510888e-01
7.660000000000000853e+01 3.585734461542856022e-01
7.665000000000000568e+01 3.658756149001015645e-01
7.670000000000000284e+01 3.732087412871947230e-01
7.675000000000000000e+01 3.805711327352357398e-01
7.680000000000001137e+01 3.879610899091378018e-01
7.685000000000000853e+01 3.953769071112897548e-01
7.690000000000000568e+01 4.028168726752502371e-01
7.695000000000000284e+01 4.102792693608272034e-01
7.700000000000000000e+01 4.177623747504344287e-01
7.705000000000001137e+01 4.252644616466522698e-01
7.710000000000000853e+01 4.327837984708741148e-01
7.715000000000000568e+01 4.403186496629989399e-01
7.720000000000000284e+01 4.478672760820002208e-01
7.725000000000000000e+01 4.554279354073568764e-01
7.730000000000001137e+01 4.629988825411988085e-01
7.735000000000000853e+01 4.705783700110863221e-01
7.740000000000000568e+01 4.781646483733725250e-01
7.745000000000000284e+01 4.857559666169752322e-01
7.750000000000000000e+01 4.933505725675486064e-01
7.755000000000001137e+01 5.009467132919028787e-01
7.760000000000000853e+01 5.085426355025921552e-01
7.765000000000000568e+01 5.161365859626168007e-01
7.770000000000000284e+01 5.237268118900811897e-01
7.775000000000000000e+01 5.313115613627543699e-01
7.780000000000001137e+01 5.388890837224512564e-01
7.785000000000000853e+01 5.464576299790846470e-01
7.790000000000000568e+01 5.540154532143793942e-01
7.795000000000000284e+01 5.615608089850698814e-01
7.800000000000000000e+01 5.690919557255371686e-01
7.805000000000001137e+01 5.766071551497973235e-01
7.810000000000000853e+01 5.841046726527079347e-01
7.815000000000000568e+01 5.915827777103425111e-01
7.820000000000000284e+01 5.990397442794208605e-01
7.825000000000000000e+01 6.064738511956995204e-01
7.830000000000001137e+01 6.138833825712344261e-01
7.835000000000000853e+01 6.212666281904365428e-01
7.840000000000000568e+01 6.286218839048058893e-01
7.845000000000000284e+01 6.359474520262788921e-01
7.850000000000000000e+01 6.432416417190713886e-01
7.855000000000001137e+01 6.505027693899430030e-01
7.860000000000000853e+01 6.577291590767950780e-01
7.865000000000000568e+01 6.649191428355096800e-01
7.870000000000000284e+01 6.720710611249206545e-01
7.875000000000000000e+01 6.791832631898693240e-01
7.880000000000001137e+01 6.862541074422162657e-01
7.885000000000000853e+01 6.932819618397298989e-01
7.890000000000000568e+01 7.002652042628040308e-01
7.895000000000000284e+01 7.072022228888446005e-01
7.900000000000000000e+01 7.140914165643122979e-01
7.905000000000001137e+01 7.209311951742853886e-01
7.910000000000000853e+01 7.277199800094690252e-01
7.915000000000000568e+01 7.344562041306008648e-01
7.920000000000000284e+01 7.411383127301032214e-01
7.925000000000000000e+01 7.477647634909646568e-01
7.930000000000001137e+01 7.543340269427237788e-01
7.935000000000000853e+01 7.608445868144794177e-01
7.940000000000000568e+01 7.672949403848849936e-01
7.945000000000000284e+01 7.736835988289845201e-01
7.950000000000000000e+01 7.800090875618501673e-01
7.955000000000001137e+01 7.862699465789463327e-01
7.960000000000000853e+01 7.924647307931017570e-01
7.965000000000000568e+01 7.985920103680718141e-01
7.970000000000000284e+01 8.046503710485530814e-01
7.975000000000000000e+01 8.106384144866101149e-01
7.980000000000001137e+01 8.165547585644405970e-01
7.985000000000000853e+01 8.223980377133771613e-01
7.990000000000000568e+01 8.281669032290824850e-01
7.995000000000000284e+01 8.338600235828498297e-01
8.000000000000000000e+01 8.394760847289345351e-01
8.005000000000001137e+01 8.450137904078501849e-01
8.010000000000000853e+01 8.504718624455663845e-01
8.015000000000000568e+01 8.558490410485246613e-01
8.020000000000000284e+01 8.611440850944189762e-01
8.025000000000000000e+01 8.663557724186607967e-01
8.030000000000001137e+01 8.714829000964673389e-01
8.035000000000000853e+01 8.765242847205152454e-01
8.040000000000000568e+01 8.814787626740890891e-01
8.045000000000000284e+01 8.863451903996516501e-01
8.050000000000000000e+01 8.911224446627996620e-01
8.055000000000001137e+01 8.958094228115182078e-01
8.060000000000000853e+01 9.004050430306794750e-01
8.065000000000000568e+01 9.049082445917544515e-01
8.070000000000000284e+01 9.093179880976286489e-01
8.075000000000000000e+01 9.136332557225180784e-01
8.080000000000001137e+01 9.178530514468938861e-01
8.085000000000000853e+01 9.219764012873690184e-01
8.090000000000000568e+01 9.260023535215201607e-01
8.095000000000000284e+01 9.299299789075454736e-01
8.100000000000000000e+01 9.337583708987525766e-01
8.105000000000001137e+01 9.374866458528001711e-01
8.110000000000000853e+01 9.411139432356472323e-01
8.115000000000000568e+01 9.446394258201865624e-01
8.120000000000000284e+01 9.480622798794812178e-01
8.125000000000000000e+01 9.513817153745816046e-01
8.130000000000001137e+01 9.545969661368827186e-01
8.135000000000000853e+01 9.577072900449574711e-01
8.140000000000000568e+01 9.607119691958565522e-01
8.145000000000000284e+01 9.636103100708054425e-01
8.150000000000000000e+01 9.664016436952753697e-01
8.155000000000001137e+01 9.690853257933967901e-01
8.160000000000000853e+01 9.716607369366616620e-01
8.165000000000000568e+01 9.741272826868968560e-01
8.170000000000000284e+01 9.764843937334708457e-01
8.175000000000000000e+01 9.787315260246949311e-01
8.180000000000001137e+01 9.808681608933977891e-01
8.185000000000000853e+01 9.828938051766413775e-01
8.190000000000000568e+01 9.848079913295486598e-01
8.195000000000000284e+01 9.866102775332205033e-01
8.200000000000000000e+01 9.883002477967116617e-01
8.205000000000001137e+01 9.898775120530465266e-01
8.210000000000000853e+01 9.913417062492526632e-01
8.215000000000000568e+01 9.926924924303895947e-01
8.220000000000000284e+01 9.939295588175504070e-01
8.225000000000000000e+01 9.950526198798278488e-01
8.230000000000001137e+01 9.960614164002165039e-01
8.235000000000000853e+01 9.969557155354427103e-01
8.240000000000000568e+01 9.977353108697102346e-01
8.245000000000000284e+01 9.984000224623414965e-01
8.250000000000000000e+01 9.989496968893113449e-01
8.255000000000001137e+01 9.993842072786591757e-01
8.260000000000000853e+01 9.997034533397717304e-01
8.265000000000000568e+01 9.999073613865333554e-01
8.270000000000000284e+01 9.999958843543312881e-01
8.275000000000000000e+01 9.999690018109212986e-01
8.280000000000001137e+01 9.998267199611412526e-01
8.285000000000000853e+01 9.995690716454809222e-01
8.290000000000000568e+01 9.991961163325009387e-01
8.295000000000000284e+01 9.987079401051068839e-01
8.300000000000000000e+01 9.981046556406806269e-01
8.305000000000001137e+01 9.973864021850719075e-01
8.310000000000000853e+01 9.965533455204604874e-01
8.315000000000000568e+01 9.956056779270890944e-01
8.320000000000000284e+01 9.945436181388842556e-01
8.325000000000000000e+01 9.933674112929699040e-01
8.330000000000001137e+01 9.920773288730845296e-01
8.335000000000000853e+01 9.906736686469220787e-01
8.340000000000000568e+01 9.891567545974012665e-01
8.345000000000000284e+01 9.875269368478867271e-01
8.350000000000000000e+01 9.857845915813757687e-01
8.355000000000001137e+01 9.839301209536709392e-01
8.360000000000000853e+01 9.819639530005573880e-01
8.365000000000000568e+01 9.798865415390066724e-01
8.370000000000000284e+01 9.776983660624286587e-01
8.375000000000000000e+01 9.753999316299988287e-01
8.380000000000001137e+01 9.729917687500858614e-01
8.385000000000000853e+01 9.704744332578020272e-01
8.390000000000000568e+01 9.678485061867077022e-01
8.395000000000000284e+01 9.651145936347051979e-01
8.400000000000000000e+01 9.622733266241388916e-01
8.405000000000001137e+01 9.593253609561497308e-01
8.410000000000000853e+01 9.562713770593106455e-01
8.415000000000000568e+01 9.531120798325678489e-01
8.420000000000000284e+01 9.498481984825478674e-01
8.425000000000000000e+01 9.464804863552425118e-01
8.430000000000001137e+01 9.430097207621279676e-01
8.435000000000000853e+01 9.394367028007564180e-01
8.440000000000000568e+01 9.357622571698431813e-01
8.445000000000000284e+01 9.319872319789216375e-01
8.450000000000000000e+01 9.281124985525893711e-01
8.455000000000001137e+01 9.241389512293891606e-01
8.460000000000000853e+01 9.200675071553940931e-01
8.465000000000000568e+01 9.158991060725072408e-01
8.470000000000000284e+01 9.116347101015630505e-01
8.475000000000000000e+01 9.072753035202587579e-01
8.480000000000001137e+01 9.028218925359644542e-01
8.485000000000000853e+01 8.982755050534876329e-01
8.490000000000000568e+01 8.936371904378067610e-01
8.495000000000000284e+01 8.889080192718720186e-01
8.500000000000000000e+01 8.840890831095026270e-01
8.505000000000001137e+01 8.791814942234338348e-01
8.510000000000000853e+01 8.741863853485996039e-01
8.515000000000000568e+01 8.691049094206774184e-01
8.520000000000000284e+01 8.639382393099747093e-01
8.525000000000000000e+01 8.586875675507174011e-01
8.530000000000001137e+01 8.533541060657988675e-01
8.535000000000000853e+01 8.479390858870511360e-01
8.540000000000000568e+01 8.424437568711067303e-01
8.545000000000000284e+01 8.368693874109139896e-01
8.550000000000000000e+01 8.312172641429763642e-01
8.555000000000001137e+01 8.254886916503842986e-01
8.560000000000000853e+01 8.196849921616963242e-01
8.565000000000000568e+01 8.138075052457491854e-01
8.570000000000000284e+01 8.078575875024766040e-01
8.575000000000000000e+01 8.018366122497785353e-01
8.580000000000001137e+01 7.957459692065457224e-01
8.585000000000000853e+01 7.895870641719033856e-01
8.590000000000000568e+01 7.833613187007163470e-01
8.595000000000000284e+01 7.770701697754932580e-01
8.600000000000000000e+01 7.707150694747008091e-01
8.605000000000001137e+01 7.642974846376078268e-01
8.610000000000000853e+01 7.578188965257307563e-01
8.615000000000000568e+01 7.512808004809211626e-01
8.620000000000000284e+01 7.446847055802320314e-01
8.625000000000000000e+01 7.380321342876061674e-01
8.630000000000001137e+01 7.313246221024597427e-01
8.635000000000000853e+01 7.245637172052877828e-01
8.640000000000000568e+01 7.177509801003040257e-01
8.645000000000000284e+01 7.108879832552671418e-01
8.650000000000000000e+01 7.039763107385375029e-01
8.655000000000001137e+01 6.970175578534421046e-01
8.660000000000000853e+01 6.900133307700765384e-01
8.665000000000000568e+01 6.829652461545590025e-01
8.670000000000000284e+01 6.758749307958945574e-01
8.675000000000000000e+01 6.687440212304948117e-01
8.680000000000001137e+01 6.615741633644314224e-01
8.685000000000000853e+01 6.543670120935529688e-01
8.690000000000000568e+01 6.471242309215076149e-01
8.695000000000000284e+01 6.398474915757811354e-01
8.700000000000000000e+01 6.325384736218454540e-01
8.705000000000001137e+01 6.251988640754952975e-01
8.710000000000000853e+01 6.178303570134586753e-01
8.715000000000000568e+01 6.104346531823849897e-01
8.720000000000000284e+01 6.030134596062868280e-01
8.725000000000000000e+01 5.955684891925383528e-01
8.730000000000001137e+01 5.881014603365189997e-01
8.735000000000000853e+01 5.806140965249819708e-01
8.740000000000000568e+01 5.731081259382451165e-01
8.745000000000000284e+01 5.655852810513180007e-01
8.750000000000000000e+01 5.580472982340114463e-01
8.755000000000001137e+01 5.504959173501637881e-01
8.760000000000000853e+01 5.429328813560716505e-01
8.765000000000000568e+01 5.353599358981689926e-01
8.770000000000000284e+01 5.277788289101311703e-01
8.775000000000000000e+01 5.201913102094141150e-01
8.780000000000001137e+01 5.125991310933788458e-01
8.785000000000000853e+01 5.050040439350812482e-01
8.790000000000000568e+01 4.974078017787794681e-01
8.795000000000000284e+01 4.898121579353226229e-01
8.800000000000000000e+01 4.822188655774664601e-01
8.805000000000001137e+01 4.746296773352047249e-01
8.810000000000000853e+01 4.670463448912605120e-01
8.815000000000000568e+01 4.594706185767526985e-01
8.820000000000000284e+01 4.519042469672086559e-01
8.825000000000000000e+01 4.443489764789742003e-01
8.830000000000001137e+01 4.368065509661044898e-01
8.835000000000000853e+01 4.292787113178802572e-01
8.840000000000000568e+01 4.217671950569659711e-01
8.845000000000000284e+01 4.142737359383790174e-01
8.850000000000000000e+01 4.068000635493199679e-01
8.855000000000001137e+01 3.993479029099501476e-01
8.860000000000000853e+01 3.919189740752457851e-01
8.865000000000000568e+01 3.845149917379824256e-01
8.870000000000000284e+01 3.771376648329586301e-01
8.875000000000000000e+01 3.697886961425541075e-01
8.880000000000001137e+01 3.624697819037100976e-01
8.885000000000000853e+01 3.551826114164101100e-01
8.890000000000000568e+01 3.479288666537713182e-01
8.895000000000000284e+01 3.407102218738184973e-01
8.900000000000000000e+01 3.335283432330465314e-01
8.905000000000001137e+01 3.263848884018539231e-01
8.910000000000000853e+01 3.192815061819272993e-01
8.915000000000000568e+01 3.122198361256716681e-01
8.920000000000000284e+01 3.052015081577924560e-01
8.925000000000000000e+01 2.982281421990758963e-01
8.930000000000001137e+01 2.913013477924940031e-01
8.935000000000000853e+01 2.844227237317125123e-01
8.940000000000000568e+01 2.775938576920473633e-01
8.945000000000000284e+01 2.708163258640286508e-01
8.950000000000000000e+01 2.640916925895817058e-01
8.955000000000001137e+01 2.574215100009610846e-01
8.960000000000000853e+01 2.508073176625085221e-01
8.965000000000000568e+01 2.442506422152832812e-01
8.970000000000000284e+01 2.377529970247044822e-01
8.975000000000000000e+01 2.313158818312496257e-01
8.980000000000001137e+01 2.249407824042831960e-01
8.985000000000000853e+01 2.186291701991399661e-01
8.990000000000000568e+01 2.123825020174743838e-01
8.995000000000000284e+01 2.062022196710227850e-01
9.000000000000000000e+01 2.000897496488170391e-01
9.005000000000001137e+01 1.940465027879212379e-01
9.010000000000000853e+01 1.880738739478091948e-01
9.015000000000000568e+01 1.821732416883944938e-01
9.020000000000000284e+01 1.763459679518523671e-01
9.025000000000000000e+01 1.705933977482617658e-01
9.030000000000001137e+01 1.649168588451634110e-01
9.035000000000000853e+01 1.593176614610901098e-01
9.040000000000000568e+01 1.537970979631539947e-01
9.045000000000000284e+01 1.483564425687474431e-01
9.050000000000000000e+01 1.429969510514400299e-01
9.055000000000001137e+01 1.377198604511322422e-01
9.060000000000000853e+01 1.325263887885267666e-01
9.065000000000000568e+01 1.274177347839961782e-01
9.070000000000000284e+01 1.223950775808990699e-01
9.075000000000000000e+01 1.174595764734210901e-01
9.080000000000001137e+01 1.126123706389970391e-01
9.085000000000000853e+01 1.078545788753717399e-01
9.090000000000000568e+01 1.031872993423636475e-01
9.095000000000000284e+01 9.861160930840311145e-02
9.100000000000000000e+01 9.412856490187734848e-02
9.105000000000001137e+01 8.973920086736462964e-02
9.110000000000000853e+01 8.544453032680897342e-02
9.115000000000000568e+01 8.124554454566505768e-02
9.120000000000000284e+01 7.714321270411375608e-02
9.125000000000000000e+01 7.313848167335466888e-02
9.130000000000001137e+01 6.923227579705824863e-02
9.135000000000000853e+01 6.542549667802158297e-02
9.140000000000000568e+01 6.171902297005588123e-02
9.145000000000000284e+01 5.811371017518827259e-02
9.150000000000000000e+01 5.461039044620243782e-02
9.155000000000001137e+01 5.120987239456038786e-02
9.160000000000000853e+01 4.791294090377415382e-02
9.165000000000000568e+01 4.472035694823413982e-02
9.170000000000000284e+01 4.163285741757211805e-02
9.175000000000000000e+01 3.865115494657882927e-02
9.180000000000001137e+01 3.577593775071298554e-02
9.185000000000000853e+01 3.300786946726051718e-02
9.190000000000000568e+01 3.034758900214970176e-02
9.195000000000000284e+01 2.779571038248883699e-02
9.200000000000000000e+01 2.535282261483893726e-02
9.205000000000001137e+01 2.301948954926512358e-02
9.210000000000000853e+01 2.079624974919097938e-02
9.215000000000000568e+01 1.868361636709221785e-02
9.220000000000000284e+01 1.668207702605299658e-02
9.225000000000000000e+01 1.479209370721728395e-02
9.230000000000001137e+01 1.301410264315850523e-02
9.235000000000000853e+01 1.134851421718998006e-02
9.240000000000000568e+01 9.795712868644014179e-03
9.245000000000000284e+01 8.356057004137225352e-03
9.250000000000000000e+01 7.029878914846513470e-03
9.255000000000001137e+01 5.817484699812516466e-03
9.260000000000000853e+01 4.719154195287234878e-03
9.265000000000000568e+01 3.735140910143559551e-03
9.270000000000000284e+01 2.865671967363884499e-03
9.275000000000000000e+01 2.110948051615500146e-03
9.280000000000001137e+01 1.471143362930662580e-03
9.285000000000000853e+01 9.464055764998695330e-04
9.290000000000000568e+01 5.368558085846429628e-04
9.295000000000000284e+01 2.425885885639358854e-04
9.300000000000000000e+01 6.367183711463067334e-05
9.305000000000001137e+01 1.468505349758971248e-07
9.310000000000000853e+01 5.202829121282278777e-05
9.315000000000000568e+01 2.193041842411783842e-04
9.320000000000000284e+01 5.019359201824212654e-04
9.325000000000000000e+01 8.998582639795105762e-04
9.330000000000001137e+01 1.412979370013743791e-03
9.335000000000000853e+01 2.041180803302660145e-03
9.340000000000000568e+01 2.784317566837859765e-03
9.345000000000000284e+01 3.642218135051493010e-03
9.350000000000000000e+01 4.614684493405962762e-03
9.355000000000001137e+01 5.701492184099706678e-03
9.360000000000000853e+01 6.902390357873440518e-03
9.365000000000000568e+01 8.217101831909962018e-03
9.370000000000000284e+01 9.645323153812231098e-03
9.375000000000000000e+01 1.118672467164361084e-02
9.380000000000001137e+01 1.284095061001500927e-02
9.385000000000000853e+01 1.460761915220343612e-02
9.390000000000000568e+01 1.648632252827947342e-02
9.395000000000000284e+01 1.847662710922714016e-02
9.400000000000000000e+01 2.057807350703034013e-02
9.405000000000001137e+01 2.279017668070447769e-02
9.410000000000000853e+01 2.511242604825158695e-02
9.415000000000000568e+01 2.754428560450825764e-02
9.420000000000000284e+01 3.008519404486419482e-02
9.425000000000000000e+01 3.273456489481760961e-02
9.430000000000001137e+01 3.549178664533976513e-02
9.435000000000000853e+01 3.835622289402029761e-02
9.440000000000000568e+01 4.132721249195924623e-02
9.445000000000000284e+01 4.440406969636396389e-02
9.450000000000000000e+01 4.758608432883228156e-02
9.455000000000001137e+01 5.087252193926963817e-02
9.460000000000000853e+01 5.426262397540407983e-02
9.465000000000000568e+01 5.775560795788011598e-02
9.470000000000000284e+01 6.135066766085554152e-02
9.475000000000000000e+01 6.504697329809526474e-02
9.480000000000001137e+01 6.884367171449519429e-02
9.485000000000000853e+01 7.273988658299518351e-02
9.490000000000000568e+01 7.673471860685729395e-02
9.495000000000000284e+01 8.082724572722892187e-02
9.500000000000000000e+01 8.501652333596389222e-02
9.505000000000001137e+01 8.930158449365797890e-02
9.510000000000000853e+01 9.368144015281903991e-02
9.515000000000000568e+01 9.815507938616518935e-02
9.520000000000000284e+01 1.027214696199526545e-01
9.525000000000000000e+01 1.073795568723050903e-01
9.530000000000001137e+01 1.121282659964935868e-01
9.535000000000000853e+01 1.169665009290869334e-01
9.540000000000000568e+01 1.218931449429403874e-01
9.545000000000000284e+01 1.269070609049530451e-01
9.550000000000000000e+01 1.320070915385307964e-01
9.555000000000001137e+01 1.371920596906980594e-01
9.560000000000000853e+01 1.424607686038035503e-01
9.565000000000000568e+01 1.478120021917450067e-01
9.570000000000000284e+01 1.532445253206613234e-01
9.575000000000000000e+01 1.587570840940148720e-01
9.580000000000001137e+01 1.643484061420045494e-01
9.585000000000000853e+01 1.700172009152489672e-01
9.590000000000000568e+01 1.757621599826591496e-01
9.595000000000000284e+01 1.815819573334455372e-01
9.600000000000000000e+01 1.874752496831744442e-01
9.605000000000001137e+01 1.934406767838193208e-01
9.610000000000000853e+01 1.994768617377128128e-01
9.615000000000000568e+01 2.055824113153703059e-01
9.620000000000000284e+01 2.117559162770485948e-01
9.625000000000000000e+01 2.179959516980281009e-01
9.630000000000001137e+01 2.243010772975009837e-01
9.635000000000000853e+01 2.306698377709961445e-01
9.640000000000000568e+01 2.371007631263018223e-01
9.645000000000000284e+01 2.435923690227404792e-01
9.650000000000000000e+01 2.501431571137862631e-01
9.655000000000001137e+01 2.567516153928996459e-01
9.660000000000000853e+01 2.634162185425070191e-01
9.665000000000000568e+01 2.701354282860825573e-01
9.670000000000000284e+01 2.769076937431914076e-01
9.675000000000000000e+01 2.837314517874494624e-01
9.680000000000001137e+01 2.906051274073263024e-01
9.685000000000000853e+01 2.975271340696588052e-01
9.690000000000000568e+01 3.044958740858640933e-01
9.695000000000000284e+01 3.115097389806958383e-01
9.700000000000000000e+01 3.185671098634978993e-01
9.705000000000001137e+01 3.256663578018763605e-01
9.710000000000000853e+01 3.328058441976665116e-01
9.715000000000000568e+01 3.399839211651479731e-01
9.720000000000000284e+01 3.471989319114012207e-01
9.725000000000000000e+01 3.544492111187129701e-01
9.730000000000001137e+01 3.617330853289502657e-01
9.735000000000000853e+01 3.690488733298207258e-01
9.740000000000000568e+01 3.763948865429155299e-01
9.745000000000000284e+01 3.837694294134590955e-01
9.750000000000000000e+01 3.911707998016625831e-01
9.755000000000001137e+01 3.985972893755960200e-01
9.760000000000000853e+01 4.060471840054983295e-01
9.765000000000000568e+01 4.135187641594173513e-01
9.770000000000000284e+01 4.210103053001053031e-01
9.775000000000000000e+01 4.285200782830588806e-01
9.780000000000001137e+01 4.360463497556335000e-01
9.785000000000000853e+01 4.435873825571096662e-01
9.790000000000000568e+01 4.511414361196746103e-01
9.795000000000000284e+01 4.587067668701463874e-01
9.800000000000000000e+01 4.662816286324283355e-01
9.805000000000001137e+01 4.738642730305446249e-01
9.810000000000000853e+01 4.814529498921756856e-01
9.815000000000000568e+01 4.890459076526441629e-01
9.820000000000000284e+01 4.966413937591766525e-01
9.825000000000000000e+01 5.042376550754303910e-01
9.830000000000001137e+01 5.118329382861361854e-01
9.835000000000000853e+01 5.194254903017728742e-01
9.840000000000000568e+01 5.270135586632261893e-01
9.845000000000000284e+01 5.345953919462640425e-01
9.850000000000000000e+01 5.421692401657868254e-01
9.855000000000001137e+01 5.497333551797591866e-01
9.860000000000000853e+01 5.572859910926827309e-01
9.865000000000000568e+01 5.648254046585952093e-01
9.870000000000000284e+01 5.723498556834205608e-01
9.875000000000000000e+01 5.798576074266253988e-01
9.880000000000001137e+01 5.873469270020937882e-01
9.885000000000000853e+01 5.948160857780863120e-01
9.890000000000000568e+01 6.022633597762372393e-01
9.895000000000000284e+01 6.096870300694734457e-01
9.900000000000000000e+01 6.170853831787620480e-01
9.905000000000001137e+01 6.244567114686001563e-01
9.910000000000000853e+01 6.317993135411634764e-01
9.915000000000000568e+01 6.391114946290090693e-01
9.920000000000000284e+01 6.463915669862528857e-01
9.925000000000000000e+01 6.536378502781217126e-01
9.930000000000001137e+01 6.608486719687911570e-01
9.935000000000000853e+01 6.680223677074328403e-01
9.940000000000000568e+01 6.751572817123731030e-01
9.945000000000000284e+01 6.822517671532568606e-01
9.950000000000000000e+01 6.893041865311685390e-01
9.955000000000001137e+01 6.963129120565856311e-01
9.960000000000000853e+01 7.032763260250816106e-01
9.965000000000000568e+01 7.101928211907337918e-01
9.970000000000000284e+01 7.170608011370779300e-01
9.975000000000000000e+01 7.238786806455937972e-01
9.980000000000001137e+01 7.306448860615911700e-01
9.985000000000000853e+01 7.373578556574189591e-01
9.990000000000000568e+01 7.440160399929517387e-01
9.995000000000000284e+01 7.506179022732030193e-01
1.000000000000000000e+02 7.571619187030488307e-01
1.000500000000000114e+02 7.636465788389361631e-01
1.001000000000000085e+02 7.700703859375029880e-01
1.001500000000000057e+02 7.764318573010634550e-01
1.002000000000000028e+02 7.827295246198235912e-01
1.002500000000000000e+02 7.889619343107829863e-01
1.003000000000000114e+02 7.951276478532519620e-01
1.003500000000000085e+02 8.012252421208641007e-01
1.004000000000000057e+02 8.072533097100703658e-01
1.004500000000000028e+02 8.132104592649761488e-01
1.005000000000000000e+02 8.190953157984809385e-01
1.005500000000000114e+02 8.249065210096536704e-01
1.006000000000000085e+02 8.306427335972365045e-01
1.006500000000000057e+02 8.363026295692372880e-01
1.007000000000000028e+02 8.418849025485286575e-01
1.007500000000000000e+02 8.473882640743719552e-01
1.008000000000000114e+02 8.528114438998098956e-01
1.008500000000000085e+02 8.581531902848585913e-01
1.009000000000000057e+02 8.634122702854234443e-01
1.009500000000000028e+02 8.685874700378823920e-01
1.010000000000000000e+02 8.736775950392582368e-01
1.010500000000000114e+02 8.786814704229228834e-01
1.011000000000000085e+02 8.835979412297755298e-01
1.011500000000000057e+02 8.884258726748237578e-01
1.012000000000000028e+02 8.931641504091001327e-01
1.012500000000000000e+02 8.978116807768750096e-01
1.013000000000000114e+02 9.023673910680848342e-01
1.013500000000000085e+02 9.068302297659198707e-01
1.014000000000000057e+02 9.111991667895418257e-01
1.014500000000000028e+02 9.154731937318265622e-01
1.015000000000000000e+02 9.196513240921265764e-01
1.015500000000000114e+02 9.237325935039657487e-01
1.016000000000000085e+02 9.277160599576207423e-01
1.016500000000000057e+02 9.316008040175607352e-01
1.017000000000000028e+02 9.353859290346555611e-01
1.017500000000000000e+02 9.390705613531393769e-01
1.018000000000000114e+02 9.426538505122610268e-01
1.018500000000000085e+02 9.461349694425745804e-01
1.019000000000000057e+02 9.495131146568489555e-01
1.019500000000000028e+02 9.527875064355154633e-01
1.020000000000000000e+02 9.559573890066378477e-01
1.020500000000000114e+02 9.590220307203585204e-01
1.021000000000000085e+02 9.619807242177644824e-01
1.021500000000000057e+02 9.648327865941657144e-01
1.022000000000000028e+02 9.675775595567104315e-01
1.022500000000000000e+02 9.702144095763289844e-01
1.023000000000000114e+02 9.727427280339639992e-01
1.023500000000000085e+02 9.751619313610427886e-01
1.024000000000000057e+02 9.774714611741759374e-01
1.024500000000000028e+02 9.796707844040379864e-01
1.025000000000000000e+02 9.817593934184081217e-01
1.025500000000000114e+02 9.837368061393352292e-01
1.026000000000000085e+02 9.856025661544109973e-01
1.026500000000000057e+02 9.873562428221134279e-01
1.027000000000000028e+02 9.889974313712066589e-01
1.027500000000000000e+02 9.905257529941658978e-01
1.028000000000000114e+02 9.919408549346105941e-01
1.028500000000000085e+02 9.932424105687263083e-01
1.029000000000000057e+02 9.944301194806539623e-01
1.029500000000000028e+02 9.955037075318288187e-01
1.030000000000000000e+02 9.964629269242553100e-01
1.030500000000000114e+02 9.973075562577026210e-01
1.031000000000000085e+02 9.980374005808053672e-01
1.031500000000000057e+02 9.986522914360629333e-01
1.032000000000000028e+02 9.991520868987202597e-01
1.032500000000000000e+02 9.995366716095256399e-01
1.033000000000000114e+02 9.998059568013586418e-01
1.033500000000000085e+02 9.999598803197167207e-01
1.034000000000000057e+02 9.999984066370629643e-01
1.034500000000000028e+02 9.999215268610254226e-01
1.035000000000000000e+02 9.997292587364500216e-01
1.035500000000000114e+02 9.994216466413042843e-01
1.036000000000000085e+02 9.989987615764351903e-01
1.036500000000000057e+02 9.984607011491798412e-01
1.037000000000000028e+02 9.978075895508381477e-01
1.037500000000000000e+02 9.970395775280066486e-01
1.038000000000000114e+02 9.961568423477844547e-01
1.038500000000000085e+02 9.951595877568586435e-01
1.039000000000000057e+02 9.940480439344755448e-01
1.039500000000000028e+02 9.928224674393124616e-01
1.040000000000000000e+02 9.914831411502624814e-01
1.040500000000000114e+02 9.900303742011395958e-01
1.041000000000000085e+02 9.884645019093292184e-01
1.041500000000000057e+02 9.867858856983915405e-01
1.042000000000000028e+02 9.849949130146388176e-01
1.042500000000000000e+02 9.830919972377096805e-01
1.043000000000000114e+02 9.810775775851559022e-01
1.043500000000000085e+02 9.789521190110643811e-01
1.044000000000000057e+02 9.767161120987403189e-01
1.044500000000000028e+02 9.743700729474729094e-01
1.045000000000000000e+02 9.719145430534139596e-01
1.045500000000000114e+02 9.693500891845945322e-01
1.046000000000000085e+02 9.666773032501068119e-01
1.046500000000000057e+02 9.638968021634820582e-01
1.047000000000000028e+02 9.610092277003028371e-01
1.047500000000000000e+02 9.580152463500682947e-01
1.048000000000000114e+02 9.549155491623622094e-01
1.048500000000000085e+02 9.517108515873533570e-01
1.049000000000000057e+02 9.484018933106520555e-01
1.049500000000000028e+02 9.449894380825896167e-01
1.050000000000000000e+02 9.414742735419281416e-01
1.050500000000000114e+02 9.378572110340667178e-01
1.051000000000000085e+02 9.341390854237756614e-01
1.051500000000000057e+02 9.303207549024912204e-01
1.052000000000000028e+02 9.264031007902382431e-01
1.052500000000000000e+02 9.223870273322131164e-01
1.053000000000000114e+02 9.182734614900637249e-01
1.053500000000000085e+02 9.140633527279460324e-01
1.054000000000000057e+02 9.097576727933679441e-01
1.054500000000000028e+02 9.053574154928937245e-01
1.055000000000000000e+02 9.008635964627711434e-01
1.055500000000000114e+02 8.962772529345037764e-01
1.056000000000000085e+02 8.915994434954455095e-01
1.056500000000000057e+02 8.868312478444587699e-01
1.057000000000000028e+02 8.819737665427184181e-01
1.057500000000000000e+02 8.770281207596808404e-01
1.058000000000000114e+02 8.719954520142948473e-01
1.058500000000000085e+02 8.668769219115498581e-01
1.059000000000000057e+02 8.616737118743298396e-01
1.059500000000000028e+02 8.563870228707514132e-01
1.060000000000000000e+02 8.510180751369550434e-01
1.060500000000000114e+02 8.455681078954493390e-01
1.061000000000000085e+02 8.400383790691099417e-01
1.061500000000000057e+02 8.344301649907993612e-01
1.062000000000000028e+02 8.287447601088002713e-01
1.062500000000000000e+02 8.229834766880307351e-01
1.063000000000000114e+02 8.171476445071450545e-01
1.063500000000000085e+02 8.112386105516340429e-01
1.064000000000000057e+02 8.052577387028848621e-01
1.064500000000000028e+02 7.992064094234091476e-01
1.065000000000000000e+02 7.930860194382052253e-01
1.065500000000000114e+02 7.868979814123649996e-01
1.066000000000000085e+02 7.806437236250316491e-01
1.066500000000000057e+02 7.743246896397221191e-01
1.067000000000000028e+02 7.679423379711390885e-01
1.067500000000000000e+02 7.614981417485167103e-01
1.068000000000000114e+02 7.549935883756200283e-01
1.068500000000000085e+02 7.484301791874217180e-01
1.069000000000000057e+02 7.418094291035760568e-01
1.069500000000000028e+02 7.351328662787612878e-01
1.070000000000000000e+02 7.284020317499475539e-01
1.070500000000000114e+02 7.216184790807254057e-01
1.071000000000000085e+02 7.147837740027097597e-01
1.071500000000000057e+02 7.078994940541529779e-01
1.072000000000000028e+02 7.009672282158309065e-01
1.072500000000000000e+02 6.939885765442735943e-01
1.073000000000000114e+02 6.869651498024703651e-01
1.073500000000000085e+02 6.798985690880718913e-01
1.074000000000000057e+02 6.727904654592239408e-01
1.074500000000000028e+02 6.656424795581001863e-01
1.075000000000000000e+02 6.584562612322082398e-01
1.075500000000000114e+02 6.512334691536041387e-01
1.076000000000000085e+02 6.439757704360340451e-01
1.076500000000000057e+02 6.366848402501485982e-01
1.077000000000000028e+02 6.293623614368536456e-01
1.077500000000000000e+02 6.220100241188759593e-01
1.078000000000000114e+02 6.146295253106807133e-01
1.078500000000000085e+02 6.072225685267660378e-01
1.079000000000000057e+02 5.997908633884760921e-01
1.079500000000000028e+02 5.923361252293847246e-01
1.080000000000000000e+02 5.848600746993949384e-01
1.080500000000000114e+02 5.773644373675764774e-01
1.081000000000000085e+02 5.698509433238869715e-01
1.081500000000000057e+02 5.623213267798466974e-01
1.082000000000000028e+02 5.547773256682467791e-01
1.082500000000000000e+02 5.472206812420333799e-01
1.083000000000000114e+02 5.396531376723892048e-01
1.083500000000000085e+02 5.320764416461603030e-01
1.084000000000000057e+02 5.244923419627015582e-01
1.084500000000000028e+02 5.169025891302166942e-01
1.085000000000000000e+02 5.093089349617402339e-01
1.085500000000000114e+02 5.017131321707817282e-01
1.086000000000000085e+02 4.941169339667805249e-01
1.086500000000000057e+02 4.865220936504460192e-01
1.087000000000000028e+02 4.789303642090591562e-01
1.087500000000000000e+02 4.713434979118810708e-01
1.088000000000000114e+02 4.637632459056929557e-01
1.088500000000000085e+02 4.561913578106122080e-01
1.089000000000000057e+02 4.486295813162610724e-01
1.089500000000000028e+02 4.410796617783626639e-01
1.090000000000000000e+02 4.335433418159160279e-01
1.090500000000000114e+02 4.260223609089443531e-01
1.091000000000000085e+02 4.185184549970435430e-01
1.091500000000000057e+02 4.110333560786553764e-01
1.092000000000000028e+02 4.035687918113381456e-01
1.092500000000000000e+02 3.961264851129880360e-01
1.093000000000000114e+02 3.887081537641520201e-01
1.093500000000000085e+02 3.813155100115813712e-01
1.094000000000000057e+02 3.739502601729738362e-01
1.094500000000000028e+02 3.666141042431714792e-01
1.095000000000000000e+02 3.593087355017664519e-01
1.095500000000000114e+02 3.520358401222562494e-01
1.096000000000000085e+02 3.447970967828906108e-01
1.096500000000000057e+02 3.375941762791632716e-01
1.097000000000000028e+02 3.304287411382084150e-01
1.097500000000000000e+02 3.233024452350536371e-01
1.098000000000000114e+02 3.162169334108717034e-01
1.098500000000000085e+02 3.091738410933659864e-01
1.099000000000000057e+02 3.021747939192463983e-01
1.099500000000000028e+02 2.952214073590478938e-01
1.100000000000000000e+02 2.883152863442456360e-01
1.100500000000000114e+02 2.814580248968062137e-01
1.101000000000000085e+02 2.746512057612867097e-01
1.101500000000000057e+02 2.678964000395033795e-01
1.102000000000000028e+02 2.611951668279076100e-01
1.102500000000000000e+02 2.545490528577136757e-01
1.103000000000000114e+02 2.479595921379120771e-01
1.103500000000000085e+02 2.414283056011881368e-01
1.104000000000000057e+02 2.349567007528737539e-01
1.104500000000000028e+02 2.285462713229989562e-01
1.105000000000000000e+02 2.221984969215076711e-01
1.105500000000000114e+02 2.159148426967626155e-01
1.106000000000000085e+02 2.096967589973582624e-01
1.106500000000000057e+02 2.035456810373642844e-01
1.107000000000000028e+02 1.974630285650628425e-01
1.107500000000000000e+02 1.914502055352407806e-01
1.108000000000000114e+02 1.855085997851556590e-01
1.108500000000000085e+02 1.796395827141939738e-01
1.109000000000000057e+02 1.738445089673369137e-01
1.109500000000000028e+02 1.681247161224935227e-01
1.110000000000000000e+02 1.624815243817600008e-01
1.110500000000000114e+02 1.569162362667158861e-01
1.111000000000000085e+02 1.514301363177744664e-01
1.111500000000000057e+02 1.460244907976969431e-01
1.112000000000000028e+02 1.407005473993253042e-01
1.112500000000000000e+02 1.354595349575885010e-01
1.113000000000000114e+02 1.303026631658865397e-01
1.113500000000000085e+02 1.252311222968676696e-01
1.114000000000000057e+02 1.202460829277027382e-01
1.114500000000000028e+02 1.153486956698916432e-01
1.115000000000000000e+02 1.105400909037014406e-01
1.115500000000000114e+02 1.058213785172503890e-01
1.116000000000000085e+02 1.011936476503339372e-01
1.116500000000000057e+02 9.665796644303918661e-02
1.117000000000000028e+02 9.221538178919602702e-02
1.117500000000000000e+02 8.786691909475315143e-02
1.118000000000000114e+02 8.361358204109253789e-02
1.118500000000000085e+02 7.945635235336917512e-02
1.119000000000000057e+02 7.539618957391776288e-02
1.119500000000000028e+02 7.143403084077074028e-02
1.120000000000000000e+02 6.757079067136585737e-02
1.120500000000000114e+02 6.380736075145611308e-02
1.121000000000000085e+02 6.014460972929928234e-02
1.121500000000000057e+02 5.658338301516407237e-02
1.122000000000000028e+02 5.312450258619204335e-02
1.122500000000000000e+02 4.976876679668458536e-02
1.123000000000000114e+02 4.651695019382578317e-02
1.123500000000000085e+02 4.336980333890996103e-02
1.124000000000000057e+02 4.032805263409670188e-02
1.124500000000000028e+02 3.739240015475659568e-02
1.125000000000000000e+02 3.456352348741857650e-02
1.125500000000000114e+02 3.184207557336916905e-02
1.126000000000000085e+02 2.922868455795940915e-02
1.126500000000000057e+02 2.672395364560295125e-02
1.127000000000000028e+02 2.432846096056250768e-02
1.127500000000000000e+02 2.204275941350611334e-02
1.128000000000000114e+02 1.986737657388424130e-02
1.128500000000000085e+02 1.780281454817129322e-02
1.129000000000000057e+02 1.584954986395874232e-02
1.129500000000000028e+02 1.400803335997736696e-02
1.130000000000000000e+02 1.227869008203371672e-02
1.130500000000000114e+02 1.066191918490108463e-02
1.131000000000000085e+02 9.158093840197967586e-03
1.131500000000000057e+02 7.767561150244624985e-03
1.132000000000000028e+02 6.490642067955507133e-03
1.132500000000000000e+02 5.327631322756067739e-03
1.133000000000000114e+02 4.278797352553527153e-03
1.133500000000000085e+02 3.344382241783518030e-03
1.134000000000000057e+02 2.524601665527013723e-03
1.134500000000000028e+02 1.819644839734933968e-03
1.135000000000000000e+02 1.229674477552586713e-03
1.135500000000000114e+02 7.548267517627892803e-04
1.136000000000000085e+02 3.952112633570832871e-04
1.136500000000000057e+02 1.509110162372539923e-04
1.137000000000000028e+02 2.198239805729240663e-05
1.137500000000000000e+02 8.455167208208714435e-06
1.138000000000000114e+02 1.103324459497731757e-04
1.138500000000000085e+02 3.275907196895630437e-04
1.139000000000000057e+02 6.601798424105213272e-04
1.139500000000000028e+02 1.108023048245069695e-03
1.140000000000000000e+02 1.671016969194554034e-03
1.140500000000000114e+02 2.349031658986657032e-03
1.141000000000000085e+02 3.141910623069462706e-03
1.141500000000000057e+02 4.049470854732236703e-03
1.142000000000000028e+02 5.071502877345236693e-03
1.142500000000000000e+02 6.207770792711589554e-03
1.143000000000000114e+02 7.458012335512775523e-03
1.143500000000000085e+02 8.821938933844716488e-03
1.144000000000000057e+02 1.029923577582344055e-02
1.144500000000000028e+02 1.188956188224696980e-02
1.145000000000000000e+02 1.359255018530074709e-02
1.145500000000000114e+02 1.540780761327717810e-02
1.146000000000000085e+02 1.733491518130457834e-02
1.146500000000000057e+02 1.937342808805356600e-02
1.147000000000000028e+02 2.152287581840195765e-02
1.147500000000000000e+02 2.378276225203977690e-02
1.148000000000000114e+02 2.615256577797421544e-02
1.148500000000000085e+02 2.863173941492816454e-02
1.149000000000000057e+02 3.121971093758834498e-02
1.149500000000000028e+02 3.391588300868719763e-02
1.150000000000000000e+02 3.671963331686874110e-02
1.150500000000000114e+02 3.963031472033096830e-02
1.151000000000000085e+02 4.264725539619321909e-02
1.151500000000000057e+02 4.576975899556020438e-02
1.152000000000000028e+02 4.899710480425416292e-02
1.152500000000000000e+02 5.232854790915627413e-02
1.153000000000000114e+02 5.576331937014798734e-02
1.153500000000000085e+02 5.930062639759094839e-02
1.154000000000000057e+02 6.293965253531133563e-02
1.154500000000000028e+02 6.667955784905539585e-02
1.155000000000000000e+02 7.051947912034677024e-02
1.155500000000000114e+02 7.445853004573547984e-02
1.156000000000000085e+02 7.849580144136629467e-02
1.156500000000000057e+02 8.263036145282827427e-02
1.157000000000000028e+02 8.686125577024665645e-02
1.157500000000000000e+02 9.118750784853810187e-02
1.158000000000000114e+02 9.560811913281780372e-02
1.158500000000000085e+02 1.001220692888747515e-01
1.159000000000000057e+02 1.047283164386865195e-01
1.159500000000000028e+02 1.094257974008854550e-01
1.160000000000000000e+02 1.142134279361610022e-01
1.160500000000000114e+02 1.190901029975251768e-01
1.161000000000000085e+02 1.240546969853467407e-01
1.161500000000000057e+02 1.291060640071862720e-01
1.162000000000000028e+02 1.342430381422575481e-01
1.162500000000000000e+02 1.394644337105460652e-01
1.163000000000000114e+02 1.447690455464897552e-01
1.163500000000000085e+02 1.501556492771189688e-01
1.164000000000000057e+02 1.556230016046929732e-01
1.164500000000000028e+02 1.611698405936412559e-01
1.165000000000000000e+02 1.667948859618444690e-01
1.165500000000000114e+02 1.724968393761511509e-01
1.166000000000000085e+02 1.782743847520201208e-01
1.166500000000000057e+02 1.841261885573275969e-01
1.167000000000000028e+02 1.900509001201337589e-01
1.167500000000000000e+02 1.960471519404461682e-01
1.168000000000000114e+02 2.021135600058677206e-01
1.168500000000000085e+02 2.082487241110137499e-01
1.169000000000000057e+02 2.144512281807366694e-01
1.169500000000000028e+02 2.207196405969438502e-01
1.170000000000000000e+02 2.270525145290442914e-01
1.170500000000000114e+02 2.334483882679049827e-01
1.171000000000000085e+02 2.399057855632147351e-01
1.171500000000000057e+02 2.464232159642331943e-01
1.172000000000000028e+02 2.529991751638006048e-01
1.172500000000000000e+02 2.596321453455632255e-01
1.173000000000000114e+02 2.663205955342868858e-01
1.173500000000000085e+02 2.730629819492377819e-01
1.174000000000000057e+02 2.798577483605040328e-01
1.174500000000000028e+02 2.867033264481908539e-01
1.175000000000000000e+02 2.935981361644212639e-01
1.175500000000000114e+02 3.005405860980128185e-01
1.176000000000000085e+02 3.075290738418083869e-01
1.176500000000000057e+02 3.145619863625291335e-01
1.177000000000000028e+02 3.216377003730807593e-01
1.177500000000000000e+02 3.287545827072416160e-01
1.178000000000000114e+02 3.359109906965990766e-01
1.178500000000000085e+02 3.431052725497120148e-01
1.179000000000000057e+02 3.503357677333620024e-01
1.179500000000000028e+02 3.576008073558226141e-01
1.180000000000000000e+02 3.648987145520747322e-01
1.180500000000000114e+02 3.722278048708281828e-01
1.181000000000000085e+02 3.795863866633286676e-01
1.181500000000000057e+02 3.869727614738053822e-01
1.182000000000000028e+02 3.943852244315096400e-01
1.182500000000000000e+02 4.018220646442016153e-01
1.183000000000000114e+02 4.092815655930589491e-01
1.183500000000000085e+02 4.167620055288686065e-01
1.184000000000000057e+02 4.242616578694253238e-01
1.184500000000000028e+02 4.317787915980634272e-01
1.185000000000000000e+02 4.393116716631759178e-01
1.185500000000000114e+02 4.468585593787015586e-01
1.186000000000000085e+02 4.544177128254325293e-01
1.186500000000000057e+02 4.619873872530680936e-01
1.187000000000000028e+02 4.695658354829397307e-01
1.187500000000000000e+02 4.771513083112616238e-01
1.188000000000000114e+02 4.847420549128828582e-01
1.188500000000000085e+02 4.923363232453980554e-01
1.189000000000000057e+02 4.999323604535370613e-01
1.189500000000000028e+02 5.075284132737609699e-01
1.190000000000000000e+02 5.151227284389169325e-01
1.190500000000000114e+02 5.227135530829284393e-01
1.191000000000000085e+02 5.302991351453771873e-01
1.191500000000000057e+02 5.378777237758961549e-01
1.192000000000000028e+02 5.454475697383035504e-01
1.192500000000000000e+02 5.530069258143281985e-01
1.193000000000000114e+02 5.605540472069030500e-01
1.193500000000000085e+02 5.680871919428812644e-01
1.194000000000000057e+02 5.756046212751190216e-01
1.194500000000000028e+02 5.831046000837805110e-01
1.195000000000000000e+02 5.905853972768364546e-01
1.195500000000000114e+02 5.980452861896353722e-01
1.196000000000000085e+02 6.054825449834039253e-01
1.196500000000000057e+02 6.128954570427160853e-01
1.197000000000000028e+02 6.202823113716732228e-01
1.197500000000000000e+02 6.276414029888376378e-01
1.198000000000000114e+02 6.349710333207779778e-01
1.198500000000000085e+02 6.422695105940842142e-01
1.199000000000000057e+02 6.495351502258986942e-01
1.199500000000000028e+02 6.567662752127023662e-01
1.200000000000000000e+02 6.639612165174018088e-01
1.200500000000000114e+02 6.711183134545789519e-01
1.201000000000000085e+02 6.782359140737609371e-01
1.201500000000000057e+02 6.853123755407594109e-01
1.202000000000000028e+02 6.923460645168199035e-01
1.202500000000000000e+02 6.993353575356322516e-01
1.203000000000000114e+02 7.062786413780595129e-01
1.203500000000000085e+02 7.131743134444546994e-01
1.204000000000000057e+02 7.200207821246067397e-01
1.204500000000000028e+02 7.268164671650687580e-01
1.205000000000000000e+02 7.335598000339141889e-01
1.205500000000000114e+02 7.402492242827842794e-01
1.206000000000000085e+02 7.468831959061159598e-01
1.206500000000000057e+02 7.534601836975325373e-01
1.207000000000000028e+02 7.599786696032589939e-01
1.207500000000000000e+02 7.664371490725202518e-01
1.208000000000000114e+02 7.728341314047936228e-01
1.208500000000000085e+02 7.791681400938929025e-01
1.209000000000000057e+02 7.854377131687625413e-01
1.209500000000000028e+02 7.916414035309168318e-01
1.210000000000000000e+02 7.977777792884600538e-01
1.210500000000000114e+02 8.038454240865681166e-01
1.211000000000000085e+02 8.098429374344137122e-01
1.211500000000000057e+02 8.157689350284146323e-01
1.212000000000000028e+02 8.216220490717457414e-01
1.212500000000000000e+02 8.274009285900555399e-01
1.213000000000000114e+02 8.331042397432721902e-01
1.213500000000000085e+02 8.387306661334813507e-01
1.214000000000000057e+02 8.442789091087661291e-01
1.214500000000000028e+02 8.497476880629487583e-01
1.215000000000000000e+02 8.551357407311829251e-01
1.215500000000000114e+02 8.604418234812839517e-01
1.216000000000000085e+02 8.656647116007863962e-01
1.216500000000000057e+02 8.708031995796179370e-01
1.217000000000000028e+02 8.758561013883569002e-01
1.217500000000000000e+02 8.808222507519682942e-01
1.218000000000000114e+02 8.857005014190049152e-01
1.218500000000000085e+02 8.904897274261743823e-01
1.219000000000000057e+02 8.951888233582243615e-01
1.219500000000000028e+02 8.997967046030949101e-01
1.220000000000000000e+02 9.043123076022482332e-01
1.220500000000000114e+02 9.087345900961599776e-01
1.221000000000000085e+02 9.130625313648845776e-01
1.221500000000000057e+02 9.172951324636480219e-01
1.222000000000000028e+02 9.214314164534260776e-01
1.222500000000000000e+02 9.254704286264213708e-01
1.223000000000000114e+02 9.294112367264308894e-01
1.223500000000000085e+02 9.332529311640210823e-01
1.224000000000000057e+02 9.369946252264702569e-01
1.224500000000000028e+02 9.406354552824411908e-01
1.225000000000000000e+02 9.441745809813072432e-01
1.225500000000000114e+02 9.476111854471233054e-01
1.226000000000000085e+02 9.509444754671697586e-01
1.226500000000000057e+02 9.541736816750350236e-01
1.227000000000000028e+02 9.572980587282003961e-01
1.227500000000000000e+02 9.603168854800664400e-01
1.228000000000000114e+02 9.632294651464082813e-01
1.228500000000000085e+02 9.660351254662007392e-01
1.229000000000000057e+02 9.687332188567888691e-01
1.229500000000000028e+02 9.713231225633511823e-01
1.230000000000000000e+02 9.738042388026436624e-01
1.230500000000000114e+02 9.761759949009797266e-01
1.231000000000000085e+02 9.784378434263992785e-01
1.231500000000000057e+02 9.805892623150371801e-01
1.232000000000000028e+02 9.826297549916118701e-01
1.232500000000000000e+02 9.845588504840445676e-01
1.233000000000000114e+02 9.863761035321702009e-01
1.233500000000000085e+02 9.880810946904984293e-01
1.234000000000000057e+02 9.896734304250403014e-01
1.234500000000000028e+02 9.911527432041306040e-01
1.235000000000000000e+02 9.925186915832634460e-01
1.235500000000000114e+02 9.937709602839031042e-01
1.236000000000000085e+02 9.949092602662491513e-01
1.236500000000000057e+02 9.959333287959579728e-01
1.237000000000000028e+02 9.968429295047788186e-01
1.237500000000000000e+02 9.976378524451140484e-01
1.238000000000000114e+02 9.983179141384771471e-01
1.238500000000000085e+02 9.988829576178407388e-01
1.239000000000000057e+02 9.993328524638684929e-01
1.239500000000000028e+02 9.996674948350161571e-01
1.240000000000000000e+02 9.998868074915002735e-01
1.240500000000000114e+02 9.999907398131254732e-01
1.241000000000000085e+02 9.999792678109692412e-01
1.241500000000000057e+02 9.998523941329173770e-01
1.242000000000000028e+02 9.996101480630548153e-01
1.242500000000000000e+02 9.992525855149044789e-01
1.243000000000000114e+02 9.987797890185229344e-01
1.243500000000000085e+02 9.981918677014515184e-01
1.244000000000000057e+02 9.974889572635272650e-01
1.244500000000000028e+02 9.966712199455631804e-01
1.245000000000000000e+02 9.957388444918982007e-01
1.245500000000000114e+02 9.946920461068359254e-01
1.246000000000000085e+02 9.935310664049705753e-01
1.246500000000000057e+02 9.922561733554201568e-01
1.247000000000000028e+02 9.908676612199754929e-01
1.247500000000000000e+02 9.893658504851788882e-01
1.248000000000000114e+02 9.877510877883556306e-01
1.248500000000000085e+02 9.860237458376025499e-01
1.249000000000000057e+02 9.841842233257630523e-01
1.249500000000000028e+02 9.822329448384047312e-01
1.250000000000000000e+02 9.801703607558155396e-01
1.250500000000000114e+02 9.779969471490561617e-01
1.251000000000000085e+02 9.757132056700722478e-01
1.251500000000000057e+02 9.733196634359099209e-01
1.252000000000000028e+02 9.708168729070443259e-01
1.252500000000000000e+02 9.682054117598726251e-01
1.253000000000000114e+02 9.654858827533735477e-01
1.253500000000000085e+02 9.626589135899843441e-01
1.254000000000000057e+02 9.597251567707205666e-01
1.254500000000000028e+02 9.566852894445637689e-01
1.255000000000000000e+02 9.535400132521768546e-01
1.255500000000000114e+02 9.502900541639490717e-01
1.256000000000000085e+02 9.469361623124343819e-01
1.256500000000000057e+02 9.434791118192146220e-01
1.257000000000000028e+02 9.399197006162128831e-01
1.257500000000000000e+02 9.362587502615324908e-01
1.258000000000000114e+02 9.324971057498229188e-01
1.258500000000000085e+02 9.286356353172467992e-01
1.259000000000000057e+02 9.246752302410811142e-01
1.259500000000000028e+02 9.206168046339908706e-01
1.260000000000000000e+02 9.164612952330526419e-01
1.260500000000000114e+02 9.122096611835347479e-01
1.261000000000000085e+02 9.078628838175165638e-01
1.261500000000000057e+02 9.034219664273869244e-01
1.262000000000000028e+02 8.988879340342620372e-01
1.262500000000000000e+02 8.942618331514106123e-01
1.263000000000000114e+02 8.895447315426960877e-01
1.263500000000000085e+02 8.847377179761278798e-01
1.264000000000000057e+02 8.798419019725505219e-01
1.264500000000000028e+02 8.748584135495650616e-01
1.265000000000000000e+02 8.697884029606998135e-01
1.265500000000000114e+02 8.646330404299080730e-01
1.266000000000000085e+02 8.593935158814905995e-01
1.266500000000000057e+02 8.540710386654125630e-01
1.267000000000000028e+02 8.486668372781965841e-01
1.267500000000000000e+02 8.431821590793601162e-01
1.268000000000000114e+02 8.376182700034985329e-01
1.268500000000000085e+02 8.319764542681190589e-01
1.269000000000000057e+02 8.262580140771910164e-01
1.269500000000000028e+02 8.204642693206083415e-01
1.270000000000000000e+02 8.145965572695322843e-01
1.270500000000000114e+02 8.086562322677200987e-01
1.271000000000000085e+02 8.026446654189561825e-01
1.271500000000000057e+02 7.965632442705439242e-01
1.272000000000000028e+02 7.904133724930735294e-01
1.272500000000000000e+02 7.841964695564243026e-01
1.273000000000000114e+02 7.779139704021253987e-01
1.273500000000000085e+02 7.715673251121684117e-01
1.274000000000000057e+02 7.651579985742997803e-01
1.274500000000000028e+02 7.586874701439105806e-01
1.275000000000000000e+02 7.521572333025710044e-01
1.275500000000000114e+02 7.455687953133323109e-01
1.276000000000000085e+02 7.389236768728204563e-01
1.276500000000000057e+02 7.322234117602418602e-01
1.277000000000000028e+02 7.254695464833703644e-01
1.277500000000000000e+02 7.186636399215809989e-01
1.278000000000000114e+02 7.118072629660595618e-01
1.278500000000000085e+02 7.049019981572075544e-01
1.279000000000000057e+02 6.979494393193745871e-01
1.279500000000000028e+02 6.909511911929872019e-01
1.280000000000000000e+02 6.839088690641395019e-01
1.280500000000000114e+02 6.768240983917854781e-01
1.280999999999999943e+02 6.696985144325506845e-01
1.281500000000000057e+02 6.625337618632826109e-01
1.282000000000000171e+02 6.553314944014686505e-01
1.282500000000000000e+02 6.480933744235096716e-01
1.283000000000000114e+02 6.408210725810222774e-01
1.283499999999999943e+02 6.335162674152539086e-01
1.284000000000000057e+02 6.261806449696213361e-01
1.284500000000000171e+02 6.188158984005881491e-01
1.285000000000000000e+02 6.114237275868327215e-01
1.285500000000000114e+02 6.040058387368951731e-01
1.285999999999999943e+02 5.965639439953853707e-01
1.286500000000000057e+02 5.890997610477693991e-01
1.287000000000000171e+02 5.816150127239257950e-01
1.287500000000000000e+02 5.741114266004984090e-01
1.288000000000000114e+02 5.665907346021176183e-01
1.288499999999999943e+02 5.590546726016883960e-01
1.289000000000000057e+02 5.515049800196968333e-01
1.289500000000000171e+02 5.439433994227500513e-01
1.290000000000000000e+02 5.363716761213733752e-01
1.290500000000000114e+02 5.287915577671385980e-01
1.290999999999999943e+02 5.212047939493216209e-01
1.291500000000000057e+02 5.136131357910426187e-01
1.292000000000000171e+02 5.060183355451062237e-01
1.292500000000000000e+02 4.984221461895625982e-01
1.293000000000000114e+02 4.908263210230642826e-01
1.293499999999999943e+02 4.832326132602224877e-01
1.294000000000000057e+02 4.756427756269098750e-01
1.294500000000000171e+02 4.680585599557307019e-01
1.295000000000000000e+02 4.604817167816776524e-01
1.295500000000000114e+02 4.529139949380553420e-01
1.295999999999999943e+02 4.453571411528643997e-01
1.296500000000000057e+02 4.378128996456036592e-01
1.297000000000000171e+02 4.302830117247053443e-01
1.297500000000000000e+02 4.227692153856086876e-01
1.298000000000000114e+02 4.152732449095937750e-01
1.298499999999999943e+02 4.077968304635257168e-01
1.299000000000000057e+02 4.003416977004606303e-01
1.299500000000000171e+02 3.929095673613811623e-01
1.300000000000000000e+02 3.855021548780135365e-01
1.300500000000000114e+02 3.781211699768690648e-01
1.300999999999999943e+02 3.707683162846563962e-01
1.301500000000000057e+02 3.634452909350129324e-01
1.302000000000000171e+02 3.561537841768233070e-01
1.302500000000000000e+02 3.488954789840736370e-01
1.303000000000000114e+02 3.416720506673864843e-01
1.303499999999999943e+02 3.344851664873740305e-01
1.304000000000000057e+02 3.273364852697660532e-01
1.304500000000000171e+02 3.202276570225684460e-01
1.305000000000000000e+02 3.131603225552064274e-01
1.305500000000000114e+02 3.061361130997912738e-01
1.305999999999999943e+02 2.991566499346476893e-01
1.306500000000000057e+02 2.922235440100547366e-01
1.307000000000000171e+02 2.853383955764550728e-01
1.307500000000000000e+02 2.785027938150823612e-01
1.308000000000000114e+02 2.717183164711483023e-01
1.308499999999999943e+02 2.649865294896981971e-01
1.309000000000000057e+02 2.583089866541576907e-01
1.309500000000000171e+02 2.516872292277023693e-01
1.310000000000000000e+02 2.451227855975176562e-01
1.310500000000000114e+02 2.386171709220150650e-01
1.310999999999999943e+02 2.321718867811353726e-01
1.311500000000000057e+02 2.257884208297371298e-01
1.312000000000000171e+02 2.194682464542600520e-01
1.312500000000000000e+02 2.132128224326211297e-01
1.313000000000000114e+02 2.070235925975132119e-01
1.313499999999999943e+02 2.009019855031670687e-01
1.314000000000000057e+02 1.948494140955968901e-01
1.314500000000000171e+02 1.888672753865052456e-01
1.315000000000000000e+02 1.829569501308091206e-01
1.315500000000000114e+02 1.771198025079470106e-01
1.315999999999999943e+02 1.713571798070251395e-01
1.316500000000000057e+02 1.656704121158212029e-01
1.317000000000000171e+02 1.600608120138125035e-01
1.317500000000000000e+02 1.545296742691914527e-01
1.318000000000000114e+02 1.490782755400194004e-01
1.318499999999999943e+02 1.437078740795727783e-01
1.319000000000000057e+02 1.384197094458990696e-01
1.319500000000000171e+02 1.332150022157385649e-01
1.320000000000000000e+02 1.280949537027766816e-01
1.320500000000000114e+02 1.230607456803681915e-01
1.320999999999999943e+02 1.181135401087829578e-01
1.321500000000000057e+02 1.132544788669916369e-01
1.322000000000000171e+02 1.084846834891191741e-01
1.322500000000000000e+02 1.038052549055821505e-01
1.323000000000000114e+02 9.921727318896005066e-02
1.323499999999999943e+02 9.472179730472467252e-02
1.324000000000000057e+02 9.031986486679777215e-02
1.324500000000000171e+02 8.601249189806929596e-02
1.325000000000000000e+02 8.180067259588756634e-02
1.325500000000000114e+02 7.768537910256795298e-02
1.325999999999999943e+02 7.366756128103169043e-02
1.326500000000000057e+02 6.974814649554764157e-02
1.327000000000000171e+02 6.592803939769636967e-02
1.327500000000000000e+02 6.220812171756587294e-02
1.328000000000000114e+02 5.858925206022139870e-02
1.328499999999999943e+02 5.507226570754734929e-02
1.329000000000000057e+02 5.165797442543821477e-02
1.329500000000000171e+02 4.834716627644407988e-02
1.330000000000000000e+02 4.514060543786903301e-02
1.330500000000000114e+02 4.203903202539074208e-02
1.330999999999999943e+02 3.904316192223367121e-02
1.331500000000000057e+02 3.615368661392838467e-02
1.332000000000000171e+02 3.337127302871613355e-02
1.332500000000000000e+02 3.069656338360880407e-02
1.333000000000000114e+02 2.813017503615224471e-02
1.333499999999999943e+02 2.567270034194548203e-02
1.334000000000000057e+02 2.332470651790065699e-02
1.334500000000000171e+02 2.108673551133503563e-02
1.335000000000000000e+02 1.895930387487764282e-02
1.335500000000000114e+02 1.694290264723857450e-02
1.335999999999999943e+02 1.503799723988150788e-02
1.336500000000000057e+02 1.324502732958746966e-02
1.337000000000000171e+02 1.156440675698198160e-02
1.337500000000000000e+02 9.996523431011396926e-03
1.338000000000000114e+02 8.541739239405895731e-03
1.338499999999999943e+02 7.200389965158787708e-03
1.339000000000000057e+02 5.972785209013933318e-03
1.339500000000000171e+02 4.859208318013187242e-03
1.340000000000000000e+02 3.859916320093409806e-03
1.340500000000000114e+02 2.975139864759559008e-03
1.340999999999999943e+02 2.205083169852531388e-03
1.341500000000000057e+02 1.549923974407257064e-03
1.342000000000000171e+02 1.009813497632599220e-03
1.342500000000000000e+02 5.848764040062419964e-04
1.343000000000000114e+02 2.752107745001630755e-04
1.343499999999999943e+02 8.088808394347204859e-05
1.344000000000000057e+02 1.953184524246404819e-06
1.344500000000000171e+02 3.842429543729299394e-05
1.345000000000000000e+02 1.902929986788242354e-04
1.345500000000000114e+02 4.575242409897803831e-04
1.345999999999999943e+02 8.400563419459424223e-04
1.346500000000000057e+02 1.337801008195830957e-03
1.347000000000000171e+02 1.950643353837849163e-03
1.347500000000000000e+02 2.678441926939126305e-03
1.348000000000000114e+02 3.521028742184835990e-03
1.348499999999999943e+02 4.478209319649067988e-03
1.349000000000000057e+02 5.549762729686986799e-03
1.349500000000000171e+02 6.735441643923193410e-03
1.350000000000000000e+02 8.034972392342415101e-03
1.350500000000000114e+02 9.448055026456203889e-03
1.350999999999999943e+02 1.097436338853099644e-02
1.351500000000000057e+02 1.261354518687562640e-02
1.352000000000000171e+02 1.436522207714680671e-02
1.352500000000000000e+02 1.622898974968239871e-02
1.353000000000000114e+02 1.820441802282116509e-02
1.353499999999999943e+02 2.029105094218871391e-02
1.354000000000000057e+02 2.248840688594615569e-02
1.354500000000000171e+02 2.479597867594377295e-02
1.355000000000000000e+02 2.721323369479312568e-02
1.355500000000000114e+02 2.973961400880160977e-02
1.355999999999999943e+02 3.237453649674375267e-02
1.356500000000000057e+02 3.511739298446251573e-02
1.357000000000000171e+02 3.796755038523666470e-02
1.357500000000000000e+02 4.092435084590341499e-02
1.358000000000000114e+02 4.398711189871185034e-02
1.358499999999999943e+02 4.715512661883018014e-02
1.359000000000000057e+02 5.042766378752590317e-02
1.359500000000000171e+02 5.380396806093192680e-02
1.360000000000000000e+02 5.728326014438749059e-02
1.360500000000000114e+02 6.086473697232407110e-02
1.360999999999999943e+02 6.454757189360550707e-02
1.361500000000000057e+02 6.833091486234467438e-02
1.362000000000000171e+02 7.221389263409504211e-02
1.362500000000000000e+02 7.619560896740433520e-02
1.363000000000000114e+02 8.027514483069539408e-02
1.363499999999999943e+02 8.445155861437014799e-02
1.364000000000000057e+02 8.872388634816232023e-02
1.364500000000000171e+02 9.309114192362072382e-02
1.365000000000000000e+02 9.755231732172355008e-02
1.365500000000000114e+02 1.021063828455401751e-01
1.365999999999999943e+02 1.067522873578965886e-01
1.366500000000000057e+02 1.114889585239998010e-01
1.367000000000000171e+02 1.163153030589338666e-01
1.367500000000000000e+02 1.212302069800102605e-01
1.368000000000000114e+02 1.262325358638990980e-01
1.368499999999999943e+02 1.313211351084430378e-01
1.369000000000000057e+02 1.364948301991870117e-01
1.369500000000000171e+02 1.417524269804457115e-01
1.370000000000000000e+02 1.470927119309392017e-01
1.370500000000000114e+02 1.525144524438996896e-01
1.370999999999999943e+02 1.580163971115452481e-01
1.371500000000000057e+02 1.635972760139564053e-01
1.372000000000000171e+02 1.692558010121621437e-01
1.372500000000000000e+02 1.749906660454690066e-01
1.373000000000000114e+02 1.808005474329277273e-01
1.373499999999999943e+02 1.866841041788261657e-01
1.374000000000000057e+02 1.926399782822463547e-01
1.374500000000000171e+02 1.986667950504789892e-01
1.375000000000000000e+02 2.047631634163307457e-01
1.375500000000000114e+02 2.109276762592121046e-01
1.375999999999999943e+02 2.171589107298877996e-01
1.376500000000000057e+02 2.234554285789288053e-01
1.377000000000000171e+02 2.298157764886470111e-01
1.377500000000000000e+02 2.362384864085516345e-01
1.378000000000000114e+02 2.427220758942028322e-01
1.378499999999999943e+02 2.492650484493614538e-01
1.379000000000000057e+02 2.558658938714115094e-01
1.379500000000000171e+02 2.625230885999313979e-01
1.380000000000000000e+02 2.692350960683483896e-01
1.380500000000000114e+02 2.760003670586103075e-01
1.380999999999999943e+02 2.828173400587435937e-01
1.381500000000000057e+02 2.896844416232983166e-01
1.382000000000000171e+02 2.966000867364848581e-01
1.382500000000000000e+02 3.035626791780451361e-01
1.383000000000000114e+02 3.105706118916773395e-01
1.383499999999999943e+02 3.176222673559458975e-01
1.384000000000000057e+02 3.247160179576560335e-01
1.384500000000000171e+02 3.318502263674913966e-01
1.385000000000000000e+02 3.390232459179604030e-01
1.385500000000000114e+02 3.462334209834655452e-01
1.385999999999999943e+02 3.534790873624228946e-01
1.386500000000000057e+02 3.607585726614118138e-01
1.387000000000000171e+02 3.680701966811473214e-01
1.387500000000000000e+02 3.754122718043224616e-01
1.388000000000000114e+02 3.827831033851291087e-01
1.388499999999999943e+02 3.901809901403835990e-01
1.389000000000000057e+02 3.976042245422319321e-01
1.389500000000000171e+02 4.050510932122488583e-01
1.390000000000000000e+02 4.125198773169040933e-01
1.390500000000000114e+02 4.200088529643228874e-01
1.390999999999999943e+02 4.275162916021439941e-01
1.391500000000000057e+02 4.350404604165233891e-01
1.392000000000000171e+02 4.425796227320691889e-01
1.392500000000000000e+02 4.501320384126850094e-01
1.393000000000000114e+02 4.576959642632478231e-01
1.393499999999999943e+02 4.652696544319206429e-01
1.394000000000000057e+02 4.728513608131503232e-01
1.394500000000000171e+02 4.804393334511307678e-01
1.395000000000000000e+02 4.880318209437126131e-01
1.395500000000000114e+02 4.956270708466806729e-01
1.395999999999999943e+02 5.032233300782019692e-01
1.396500000000000057e+02 5.108188453234919768e-01
1.397000000000000171e+02 5.184118634394805358e-01
1.397500000000000000e+02 5.260006318594562247e-01
1.398000000000000114e+02 5.335833989976143110e-01
1.398499999999999943e+02 5.411584146533053863e-01
1.399000000000000057e+02 5.487239304150364205e-01
1.399500000000000171e+02 5.562782000640020819e-01
1.400000000000000000e+02 5.638194799771488741e-01
1.400500000000000114e+02 5.713460295296222125e-01
1.400999999999999943e+02 5.788561114965216081e-01
1.401500000000000057e+02 5.863479924538881338e-01
1.402000000000000171e+02 5.938199431787813953e-01
1.402500000000000000e+02 6.012702390484154780e-01
1.403000000000000114e+02 6.086971604382394041e-01
1.403499999999999943e+02 6.160989931188092239e-01
1.404000000000000057e+02 6.234740286515040308e-01
1.404500000000000171e+02 6.308205647828171170e-01
1.405000000000000000e+02 6.381369058372715619e-01
1.405500000000000114e+02 6.454213631088185910e-01
1.405999999999999943e+02 6.526722552505739294e-01
1.406500000000000057e+02 6.598879086629434454e-01
1.407000000000000171e+02 6.670666578798732926e-01
1.407500000000000000e+02 6.742068459532748470e-01
1.408000000000000114e+02 6.813068248354827716e-01
1.408499999999999943e+02 6.883649557596103197e-01
1.409000000000000057e+02 6.953796096178421760e-01
1.409500000000000171e+02 7.023491673374194777e-01
1.410000000000000000e+02 7.092720202543543184e-01
1.410500000000000114e+02 7.161465704847441716e-01
1.410999999999999943e+02 7.229712312935476781e-01
1.411500000000000057e+02 7.297444274608696491e-01
1.412000000000000171e+02 7.364645956455060372e-01
1.412500000000000000e+02 7.431301847457969512e-01
1.413000000000000114e+02 7.497396562576489343e-01
1.413499999999999943e+02 7.562914846296218130e-01
1.414000000000000057e+02 7.627841576150714564e-01
1.414500000000000171e+02 7.692161766211633722e-01
1.415000000000000000e+02 7.755860570547947752e-01
1.415500000000000114e+02 7.818923286652538218e-01
1.415999999999999943e+02 7.881335358835551697e-01
1.416500000000000057e+02 7.943082381584312124e-01
1.417000000000000171e+02 8.004150102887964691e-01
1.417500000000000000e+02 8.064524427527298700e-01
1.418000000000000114e+02 8.124191420328067403e-01
1.418499999999999943e+02 8.183137309377244151e-01
1.419000000000000057e+02 8.241348489202000582e-01
1.419500000000000171e+02 8.298811523909727095e-01
1.420000000000000000e+02 8.355513150289460844e-01
1.420500000000000114e+02 8.411440280873169195e-01
1.420999999999999943e+02 8.466580006956355708e-01
1.421500000000000057e+02 8.520919601577782165e-01
1.422000000000000171e+02 8.574446522456743436e-01
1.422500000000000000e+02 8.627148414888208272e-01
1.423000000000000114e+02 8.679013114594423817e-01
1.423499999999999943e+02 8.730028650532438705e-01
1.424000000000000057e+02 8.780183247657366019e-01
1.424500000000000171e+02 8.829465329640076021e-01
1.425000000000000000e+02 8.877863521539138825e-01
1.425500000000000114e+02 8.925366652426521830e-01
1.425999999999999943e+02 8.971963757965715214e-01
1.426500000000000057e+02 9.017644082942666284e-01
1.427000000000000171e+02 9.062397083748071624e-01
1.427500000000000000e+02 9.106212430810971536e-01
1.428000000000000114e+02 9.149080010983133837e-01
1.428499999999999943e+02 9.190989929873063513e-01
1.429000000000000057e+02 9.231932514129947975e-01
1.429500000000000171e+02 9.271898313676266712e-01
1.430000000000000000e+02 9.310878103888980961e-01
1.430500000000000114e+02 9.348862887728850435e-01
1.430999999999999943e+02 9.385843897816885661e-01
1.431500000000000057e+02 9.421812598458110255e-01
1.432000000000000171e+02 9.456760687611613925e-01
1.432500000000000000e+02 9.490680098806764109e-01
1.433000000000000114e+02 9.523563003005189875e-01
1.433499999999999943e+02 9.555401810407644358e-01
1.434000000000000057e+02 9.586189172205981102e-01
1.434500000000000171e+02 9.615917982279236220e-01
1.435000000000000000e+02 9.644581378833883001e-01
1.435500000000000114e+02 9.672172745987596132e-01
1.435999999999999943e+02 9.698685715296283538e-01
1.436500000000000057e+02 9.724114167224040539e-01
1.437000000000000171e+02 9.748452232555561148e-01
1.437500000000000000e+02 9.771694293750847748e-01
1.438000000000000114e+02 9.793834986241870544e-01
1.438499999999999943e+02 9.814869199670649413e-01
1.439000000000000057e+02 9.834792079068945814e-01
1.439500000000000171e+02 9.853599025978735382e-01
1.440000000000000000e+02 9.871285699513635548e-01
1.440500000000000114e+02 9.887848017360860720e-01
1.440999999999999943e+02 9.903282156723405283e-01
1.441500000000000057e+02 9.917584555202476615e-01
1.442000000000000171e+02 9.930751911619679628e-01
1.442500000000000000e+02 9.942781186778993918e-01
1.443000000000000114e+02 9.953669604168285945e-01
1.443499999999999943e+02 9.963414650600097566e-01
1.444000000000000057e+02 9.972014076791796411e-01
1.444500000000000171e+02 9.979465897884689518e-01
1.445000000000000000e+02 9.985768393902170192e-01
1.445500000000000114e+02 9.990920110146723765e-01
1.445999999999999943e+02 9.994919857535660146e-01
1.446500000000000057e+02 9.997766712875602035e-01
1.447000000000000171e+02 9.999460019075545603e-01
1.447500000000000000e+02 9.999999385298540266e-01
1.448000000000000114e+02 9.999384687051890985e-01
1.448499999999999943e+02 9.997616066215896380e-01
1.449000000000000057e+02 9.994693931011100485e-01
1.449500000000000171e+02 9.990618955904065901e-01
1.450000000000000000e+02 9.985392081451713864e-01
1.450500000000000114e+02 9.979014514084204590e-01
1.450999999999999943e+02 9.971487725826502224e-01
1.451500000000000057e+02 9.962813453958591081e-01
1.452000000000000171e+02 9.952993700614521932e-01
1.452500000000000000e+02 9.942030732320260578e-01
1.453000000000000114e+02 9.929927079470547424e-01
1.453499999999999943e+02 9.916685535744875768e-01
1.454000000000000057e+02 9.902309157462633182e-01
1.454500000000000171e+02 9.886801262877717988e-01
1.455000000000000000e+02 9.870165431412603052e-01
1.455500000000000114e+02 9.852405502832148887e-01
1.455999999999999943e+02 9.833525576357384779e-01
1.456500000000000057e+02 9.813530009719290126e-01
1.457000000000000171e+02 9.792423418153055614e-01
1.457500000000000000e+02 9.770210673332764273e-01
1.458000000000000114e+02 9.746896902246943162e-01
1.458499999999999943e+02 9.722487486015243263e-01
1.459000000000000057e+02 9.696988058646337505e-01
1.459500000000000171e+02 9.670404505737572043e-01
1.460000000000000000e+02 9.642742963116515131e-01
1.460500000000000114e+02 9.614009815424616745e-01
1.460999999999999943e+02 9.584211694643690604e-01
1.461500000000000057e+02 9.553355478565046521e-01
1.462000000000000171e+02 9.521448289202086857e-01
1.462500000000000000e+02 9.488497491146473672e-01
1.463000000000000114e+02 9.454510689868156348e-01
1.463499999999999943e+02 9.419495729960087882e-01
1.464000000000000057e+02 9.383460693327457802e-01
1.464500000000000171e+02 9.346413897322372044e-01
1.465000000000000000e+02 9.308363892824135233e-01
1.465500000000000114e+02 9.269319462265424026e-01
1.465999999999999943e+02 9.229289617605391793e-01
1.466500000000000057e+02 9.188283598249430417e-01
1.467000000000000171e+02 9.146310868916690540e-01
1.467500000000000000e+02 9.103381117455554561e-01
1.468000000000000114e+02 9.059504252607345487e-01
1.468499999999999943e+02 9.014690401719506196e-01
1.469000000000000057e+02 8.968949908407872762e-01
1.469500000000000171e+02 8.922293330169398518e-01
1.470000000000000000e+02 8.874731435945252267e-01
1.470500000000000114e+02 8.826275203635225441e-01
1.470999999999999943e+02 8.776935817563927822e-01
1.471500000000000057e+02 8.726724665899198152e-01
1.472000000000000171e+02 8.675653338023706640e-01
1.472500000000000000e+02 8.623733621859910325e-01
1.473000000000000114e+02 8.570977501149148470e-01
1.473499999999999943e+02 8.517397152685909356e-01
1.474000000000000057e+02 8.463004943506928779e-01
1.474500000000000171e+02 8.407813428036978731e-01
1.475000000000000000e+02 8.351835345191060966e-01
1.475500000000000114e+02 8.295083615433980206e-01
1.475999999999999943e+02 8.237571337798437199e-01
1.476500000000000057e+02 8.179311786861217515e-01
1.477000000000000171e+02 8.120318409679554428e-01
1.477500000000000000e+02 8.060604822687258419e-01
1.478000000000000114e+02 8.000184808551763505e-01
1.478499999999999943e+02 7.939072312993206149e-01
1.479000000000000057e+02 7.877281441565194831e-01
1.479500000000000171e+02 7.814826456399358579e-01
1.480000000000000000e+02 7.751721772913371389e-01
1.480500000000000114e+02 7.687981956483578294e-01
1.480999999999999943e+02 7.623621719083306658e-01
1.481500000000000057e+02 7.558655915887029231e-01
1.482000000000000171e+02 7.493099541841632405e-01
1.482500000000000000e+02 7.426967728205419172e-01
1.483000000000000114e+02 7.360275739055486266e-01
1.483499999999999943e+02 7.293038967764809977e-01
1.484000000000000057e+02 7.225272933448959600e-01
1.484500000000000171e+02 7.156993277384445795e-01
1.485000000000000000e+02 7.088215759398217575e-01
1.485500000000000114e+02 7.018956254230127589e-01
1.485999999999999943e+02 6.949230747869027391e-01
1.486500000000000057e+02 6.879055333862699184e-01
1.487000000000000171e+02 6.808446209603621346e-01
1.487500000000000000e+02 6.737419672590105879e-01
1.488000000000000114e+02 6.665992116664657408e-01
1.488499999999999943e+02 6.594180028230257617e-01
1.489000000000000057e+02 6.521999982444794952e-01
1.489500000000000171e+02 6.449468639395670166e-01
1.490000000000000000e+02 6.376602740254131430e-01
1.490500000000000114e+02 6.303419103411225244e-01
1.490999999999999943e+02 6.229934620596110362e-01
1.491500000000000057e+02 6.156166252976900122e-01
1.492000000000000171e+02 6.082131027246203692e-01
1.492500000000000000e+02 6.007846031690827759e-01
1.493000000000000114e+02 5.933328412247610428e-01
1.493499999999999943e+02 5.858595368546124504e-01
1.494000000000000057e+02 5.783664149938514409e-01
1.494500000000000171e+02 5.708552051518315240e-01
1.495000000000000000e+02 5.633276410128569278e-01
1.495500000000000114e+02 5.557854600359939390e-01
1.495999999999999943e+02 5.482304030540815498e-01
1.496500000000000057e+02 5.406642138718928958e-01
1.497000000000000171e+02 5.330886388636635331e-01
1.497500000000000000e+02 5.255054265700100924e-01
1.498000000000000114e+02 5.179163272943118068e-01
1.498499999999999943e+02 5.103230926987573080e-01
1.499000000000000057e+02 5.027274754000061741e-01
1.499500000000000171e+02 4.951312285646840006e-01
1.500000000000000000e+02 4.875361055047318648e-01
1.500500000000000114e+02 4.799438592726879005e-01
1.500999999999999943e+02 4.723562422570990460e-01
1.501500000000000057e+02 4.647750057780147270e-01
1.502000000000000171e+02 4.572018996827814097e-01
1.502500000000000000e+02 4.496386719421583966e-01
1.503000000000000114e+02 4.420870682468322488e-01
1.503499999999999943e+02 4.345488316045266752e-01
1.504000000000000057e+02 4.270257019376631491e-01
1.504500000000000171e+02 4.195194156817886877e-01
1.505000000000000000e+02 4.120317053847729616e-01
1.505500000000000114e+02 4.045642993069005766e-01
1.505999999999999943e+02 3.971189210220043009e-01
1.506500000000000057e+02 3.896972890195934958e-01
1.507000000000000171e+02 3.823011163082421504e-01
1.507500000000000000e+02 3.749321100201911117e-01
1.508000000000000114e+02 3.675919710173060073e-01
1.508499999999999943e+02 3.602823934985339149e-01
1.509000000000000057e+02 3.530050646088125355e-01
1.509500000000000171e+02 3.457616640496926075e-01
1.510000000000000000e+02 3.385538636916283761e-01
1.510500000000000114e+02 3.313833271880736175e-01
1.510999999999999943e+02 3.242517095915266045e-01
1.511500000000000057e+02 3.171606569714753854e-01
1.512000000000000171e+02 3.101118060345010585e-01
1.512500000000000000e+02 3.031067837464903048e-01
1.513000000000000114e+02 2.961472069570986188e-01
1.513499999999999943e+02 2.892346820265956353e-01
1.514000000000000057e+02 2.823708044550513607e-01
1.514500000000000171e+02 2.755571585141097790e-01
1.515000000000000000e+02 2.687953168813049798e-01
1.515500000000000114e+02 2.620868402770584193e-01
1.515999999999999943e+02 2.554332771044622308e-01
1.516500000000000057e+02 2.488361630918761169e-01
1.517000000000000171e+02 2.422970209384641416e-01
1.517500000000000000e+02 2.358173599627390871e-01
1.518000000000000114e+02 2.293986757541802146e-01
1.518499999999999943e+02 2.230424498280530743e-01
1.519000000000000057e+02 2.167501492834296717e-01
1.519500000000000171e+02 2.105232264645955642e-01
1.520000000000000000e+02 2.043631186258033916e-01
1.520500000000000114e+02 1.982712475995394852e-01
1.520999999999999943e+02 1.922490194683633691e-01
1.521500000000000057e+02 1.862978242403404150e-01
1.522000000000000171e+02 1.804190355282407621e-01
1.522500000000000000e+02 1.746140102324665877e-01
1.523000000000000114e+02 1.688840882278650202e-01
1.523499999999999943e+02 1.632305920544838973e-01
1.524000000000000057e+02 1.576548266122883291e-01
1.524500000000000171e+02 1.521580788600020717e-01
1.525000000000000000e+02 1.467416175180367710e-01
1.525500000000000114e+02 1.414066927756583436e-01
1.525999999999999943e+02 1.361545360024418172e-01
1.526500000000000057e+02 1.309863594640331141e-01
1.527000000000000171e+02 1.259033560423693798e-01
1.527500000000000000e+02 1.209066989603243270e-01
1.528000000000000114e+02 1.159975415109161107e-01
1.528499999999999943e+02 1.111770167911262930e-01
1.529000000000000057e+02 1.064462374403479794e-01
1.529500000000000171e+02 1.018062953835880413e-01
1.530000000000000000e+02 9.725826157943839867e-02
1.530500000000000114e+02 9.280318577286561510e-02
1.530999999999999943e+02 8.844209625293993071e-02
1.531500000000000057e+02 8.417599961547374277e-02
1.532000000000000171e+02 8.000588053069895844e-02
1.532500000000000000e+02 7.593270151599362805e-02
1.533000000000000114e+02 7.195740271370346108e-02
1.533499999999999943e+02 6.808090167416573635e-02
1.534000000000000057e+02 6.430409314391014042e-02
1.534500000000000171e+02 6.062784885915059596e-02
1.535000000000000000e+02 5.705301734457871032e-02
1.535500000000000114e+02 5.358042371749800747e-02
1.536000000000000227e+02 5.021086949739323596e-02
1.536500000000000057e+02 4.694513242092229754e-02
1.537000000000000171e+02 4.378396626239878381e-02
1.537500000000000000e+02 4.072810065982754302e-02
1.538000000000000114e+02 3.777824094647412589e-02
1.538500000000000227e+02 3.493506798808080488e-02
1.539000000000000057e+02 3.219923802570798937e-02
1.539500000000000171e+02 2.957138252426167249e-02
1.540000000000000000e+02 2.705210802675196702e-02
1.540500000000000114e+02 2.464199601428430225e-02
1.541000000000000227e+02 2.234160277185880464e-02
1.541500000000000057e+02 2.015145925996205539e-02
1.542000000000000171e+02 1.807207099201624603e-02
1.542500000000000000e+02 1.610391791770606276e-02
1.543000000000000114e+02 1.424745431219145292e-02
1.543500000000000227e+02 1.250310867126503030e-02
1.544000000000000057e+02 1.087128361244153046e-02
1.544500000000000171e+02 9.352355782029949174e-03
1.545000000000000000e+02 7.946675768203013621e-03
1.545500000000000114e+02 6.654568020070645261e-03
1.546000000000000227e+02 5.476330772800017295e-03
1.546500000000000057e+02 4.412235978773182757e-03
1.547000000000000171e+02 3.462529244818163786e-03
1.547500000000000000e+02 2.627429775522445443e-03
1.548000000000000114e+02 1.907130322633860319e-03
1.548500000000000227e+02 1.301797140575155836e-03
1.549000000000000057e+02 8.115699480668887161e-04
1.549500000000000171e+02 4.365618958794974551e-04
1.550000000000000000e+02 1.768595407177457471e-04
1.550500000000000114e+02 3.252282524091514520e-05
1.551000000000000227e+02 3.585064228262589564e-06
1.551500000000000057e+02 9.005293688893203322e-05
1.552000000000000171e+02 2.919064853205894684e-04
1.552500000000000000e+02 6.090991191156551552e-04
1.553000000000000114e+02 1.041557626115685803e-03
1.553500000000000227e+02 1.589182189309066651e-03
1.554000000000000057e+02 2.251846409869192028e-03
1.554500000000000171e+02 3.029397336331656615e-03
1.555000000000000000e+02 3.921655499894155170e-03
1.555500000000000114e+02 4.928414955843340994e-03
1.556000000000000227e+02 6.049443331087286761e-03
1.556500000000000057e+02 7.284481877789066029e-03
1.557000000000000171e+02 8.633245533094203658e-03
1.557500000000000000e+02 1.009542298492066385e-02
1.558000000000000114e+02 1.167067674381922458e-02
1.558500000000000227e+02 1.335864322086658361e-02
1.559000000000000057e+02 1.515893281158497453e-02
1.559500000000000171e+02 1.707112998587540995e-02
1.560000000000000000e+02 1.909479338391829178e-02
1.560500000000000114e+02 2.122945591805283638e-02
1.561000000000000227e+02 2.347462488058048996e-02
1.561500000000000057e+02 2.582978205749194775e-02
1.562000000000000171e+02 2.829438384807670542e-02
1.562500000000000000e+02 3.086786139039194438e-02
1.563000000000000114e+02 3.354962069256804680e-02
1.563500000000000227e+02 3.633904276990236604e-02
1.564000000000000057e+02 3.923548378773231843e-02
1.564500000000000171e+02 4.223827521004643731e-02
1.565000000000000000e+02 4.534672395377584153e-02
1.565500000000000114e+02 4.856011254878644934e-02
1.566000000000000227e+02 5.187769930346470409e-02
1.566500000000000057e+02 5.529871847591514428e-02
1.567000000000000171e+02 5.882238045071019189e-02
1.567500000000000000e+02 6.244787192112562918e-02
1.568000000000000114e+02 6.617435607688540444e-02
1.568500000000000227e+02 7.000097279728989541e-02
1.569000000000000057e+02 7.392683884974951547e-02
1.569500000000000171e+02 7.795104809365367704e-02
1.570000000000000000e+02 8.207267168949924918e-02
1.570500000000000114e+02 8.629075831330523805e-02
1.571000000000000227e+02 9.060433437616952079e-02
1.571500000000000057e+02 9.501240424899333459e-02
1.572000000000000171e+02 9.951395049229178058e-02
1.572500000000000000e+02 1.041079340910194551e-01
1.573000000000000114e+02 1.087932946943969414e-01
1.573500000000000227e+02 1.135689508606513437e-01
1.574000000000000057e+02 1.184338003066246758e-01
1.574500000000000171e+02 1.233867201622043386e-01
1.575000000000000000e+02 1.284265672294798433e-01
1.575500000000000114e+02 1.335521782466287388e-01
1.576000000000000227e+02 1.387623701563864831e-01
1.576500000000000057e+02 1.440559403791324411e-01
1.577000000000000171e+02 1.494316670904591027e-01
1.577500000000000000e+02 1.548883095031695634e-01
1.578000000000000114e+02 1.604246081536903901e-01
1.578500000000000227e+02 1.660392851927435798e-01
1.579000000000000057e+02 1.717310446803138324e-01
1.579500000000000171e+02 1.774985728847660038e-01
1.580000000000000000e+02 1.833405385860554793e-01
1.580500000000000114e+02 1.892555933830149528e-01
1.581000000000000227e+02 1.952423720045528277e-01
1.581500000000000057e+02 2.012994926248002914e-01
1.582000000000000171e+02 2.074255571820517452e-01
1.582500000000000000e+02 2.136191517014389141e-01
1.583000000000000114e+02 2.198788466213198178e-01
1.583500000000000227e+02 2.262031971232086602e-01
1.584000000000000057e+02 2.325907434652841888e-01
1.584500000000000171e+02 2.390400113193149045e-01
1.585000000000000000e+02 2.455495121109346757e-01
1.585500000000000114e+02 2.521177433632489917e-01
1.586000000000000227e+02 2.587431890436084903e-01
1.586500000000000057e+02 2.654243199135243314e-01
1.587000000000000171e+02 2.721595938816659399e-01
1.587500000000000000e+02 2.789474563597596490e-01
1.588000000000000114e+02 2.857863406214369850e-01
1.588500000000000227e+02 2.926746681638364156e-01
1.589000000000000057e+02 2.996108490719384121e-01
1.589500000000000171e+02 3.065932823855674894e-01
1.590000000000000000e+02 3.136203564688792578e-01
1.590500000000000114e+02 3.206904493823760083e-01
1.591000000000000227e+02 3.278019292572511567e-01
1.591500000000000057e+02 3.349531546720431741e-01
1.592000000000000171e+02 3.421424750315259500e-01
1.592500000000000000e+02 3.493682309476510151e-01
1.593000000000000114e+02 3.566287546225864191e-01
1.593500000000000227e+02 3.639223702336453758e-01
1.594000000000000057e+02 3.712473943200841342e-01
1.594500000000000171e+02 3.786021361716977451e-01
1.595000000000000000e+02 3.859848982190196565e-01
1.595500000000000114e+02 3.933939764251739302e-01
1.596000000000000227e+02 4.008276606791649765e-01
1.596500000000000057e+02 4.082842351906028622e-01
1.597000000000000171e+02 4.157619788857447873e-01
1.597500000000000000e+02 4.232591658047024086e-01
1.598000000000000114e+02 4.307740654998642449e-01
1.598500000000000227e+02 4.383049434352673246e-01
1.599000000000000057e+02 4.458500613869643137e-01
1.599500000000000171e+02 4.534076778442423517e-01
1.600000000000000000e+02 4.609760484115469348e-01
1.600500000000000114e+02 4.685534262111612502e-01
1.601000000000000227e+02 4.761380622863682355e-01
1.601500000000000057e+02 4.837282060051470434e-01
1.602000000000000171e+02 4.913221054642561980e-01
1.602500000000000000e+02 4.989180078935554485e-01
1.603000000000000114e+02 5.065141600606182237e-01
1.603500000000000227e+02 5.141088086753611286e-01
1.604000000000000057e+02 5.217002007947397768e-01
1.604500000000000171e+02 5.292865842273655197e-01
1.605000000000000000e+02 5.368662079378943019e-01
1.605500000000000114e+02 5.444373224512383258e-01
1.606000000000000227e+02 5.519981802563278528e-01
1.606500000000000057e+02 5.595470362094743244e-01
1.607000000000000171e+02 5.670821479371821461e-01
1.607500000000000000e+02 5.746017762382902294e-01
1.608000000000000114e+02 5.821041854854156483e-01
1.608500000000000227e+02 5.895876440255555240e-01
1.609000000000000057e+02 5.970504245797721987e-01
1.609500000000000171e+02 6.044908046418839831e-01
1.610000000000000000e+02 6.119070668760189236e-01
1.610500000000000114e+02 6.192974995130285931e-01
1.611000000000000227e+02 6.266603967455486313e-01
1.611500000000000057e+02 6.339940591217518850e-01
1.612000000000000171e+02 6.412967939376013060e-01
1.612500000000000000e+02 6.485669156275261082e-01
1.613000000000000114e+02 6.558027461535039793e-01
1.613500000000000227e+02 6.630026153923357368e-01
1.614000000000000057e+02 6.701648615211618365e-01
1.614500000000000171e+02 6.772878314010302159e-01
1.615000000000000000e+02 6.843698809584405351e-01
1.615500000000000114e+02 6.914093755648481610e-01
1.616000000000000227e+02 6.984046904139220580e-01
1.616500000000000057e+02 7.053542108965989987e-01
1.617000000000000171e+02 7.122563329737547910e-01
1.617500000000000000e+02 7.191094635464156948e-01
1.618000000000000114e+02 7.259120208234973726e-01
1.618500000000000227e+02 7.326624346868656490e-01
1.619000000000000057e+02 7.393591470537700383e-01
1.619500000000000171e+02 7.460006122364658543e-01
1.620000000000000000e+02 7.525852972989593992e-01
1.620500000000000114e+02 7.591116824108552485e-01
1.621000000000000227e+02 7.655782611981334362e-01
1.621500000000000057e+02 7.719835410908376661e-01
1.622000000000000171e+02 7.783260436676070482e-01
1.622500000000000000e+02 7.846043049968808303e-01
1.623000000000000114e+02 7.908168759748207544e-01
1.623500000000000227e+02 7.969623226597642995e-01
1.624000000000000057e+02 8.030392266031944892e-01
1.624500000000000171e+02 8.090461851771619806e-01
1.625000000000000000e+02 8.149818118979990089e-01
1.625500000000000114e+02 8.208447367463617139e-01
1.626000000000000227e+02 8.266336064834324260e-01
1.626500000000000057e+02 8.323470849632623736e-01
1.627000000000000171e+02 8.379838534411948592e-01
1.627500000000000000e+02 8.435426108782202448e-01
1.628000000000000114e+02 8.490220742412952770e-01
1.628500000000000227e+02 8.544209787994655469e-01
1.629000000000000057e+02 8.597380784157930833e-01
1.629500000000000171e+02 8.649721458349769465e-01
1.630000000000000000e+02 8.701219729666184177e-01
1.630500000000000114e+02 8.751863711640726073e-01
1.631000000000000227e+02 8.801641714987892273e-01
1.631500000000000057e+02 8.850542250301243197e-01
1.632000000000000171e+02 8.898554030705390083e-01
1.632500000000000000e+02 8.945665974460900172e-01
1.633000000000000114e+02 8.991867207522428185e-01
1.633500000000000227e+02 9.037147066048335509e-01
1.634000000000000057e+02 9.081495098862133464e-01
1.634500000000000171e+02 9.124901069864828074e-01
1.635000000000000000e+02 9.167354960397328112e-01
1.635500000000000114e+02 9.208846971553156235e-01
1.636000000000000227e+02 9.249367526439947751e-01
1.636500000000000057e+02 9.288907272389994585e-01
1.637000000000000171e+02 9.327457083119042869e-01
1.637500000000000000e+02 9.365008060832549219e-01
1.638000000000000114e+02 9.401551538279671050e-01
1.638500000000000227e+02 9.437079080753564275e-01
1.639000000000000057e+02 9.471582488038314818e-01
1.639500000000000171e+02 9.505053796301704550e-01
1.640000000000000000e+02 9.537485279933198834e-01
1.640500000000000114e+02 9.568869453327331076e-01
1.641000000000000227e+02 9.599199072611311889e-01
1.641500000000000057e+02 9.628467137317066049e-01
1.642000000000000171e+02 9.656666891997075508e-01
1.642500000000000000e+02 9.683791827783545525e-01
1.643000000000000114e+02 9.709835683890776226e-01
1.643500000000000227e+02 9.734792449060228892e-01
1.644000000000000057e+02 9.758656362947997209e-01
1.644500000000000171e+02 9.781421917454400372e-01
1.645000000000000000e+02 9.803083857995252837e-01
1.645500000000000114e+02 9.823637184714782977e-01
1.646000000000000227e+02 9.843077153639561150e-01
1.646500000000000057e+02 9.861399277773552630e-01
1.647000000000000171e+02 9.878599328133756963e-01
1.647500000000000000e+02 9.894673334726271641e-01
1.648000000000000114e+02 9.909617587462685728e-01
1.648500000000000227e+02 9.923428637016330489e-01
1.649000000000000057e+02 9.936103295618500253e-01
1.649500000000000171e+02 9.947638637794212757e-01
1.650000000000000000e+02 9.958032001037424585e-01
1.650500000000000114e+02 9.967280986425601785e-01
1.651000000000000227e+02 9.975383459173389200e-01
1.651500000000000057e+02 9.982337549125374077e-01
1.652000000000000171e+02 9.988141651187739667e-01
1.652500000000000000e+02 9.992794425698718896e-01
1.653000000000000114e+02 9.996294798737840326e-01
1.653500000000000227e+02 9.998641962373765457e-01
1.654000000000000057e+02 9.999835374850797320e-01
1.654500000000000171e+02 9.999874760713918231e-01
1.655000000000000000e+02 9.998760110872358942e-01
1.655500000000000114e+02 9.996491682601709172e-01
1.656000000000000227e+02 9.993069999484522903e-01
1.656500000000000057e+02 9.988495851289486138e-01
1.657000000000000171e+02 9.982770293789103855e-01
1.657500000000000000e+02 9.975894648516041574e-01
1.658000000000000114e+02 9.967870502458072712e-01
1.658500000000000227e+02 9.958699707691791581e-01
1.659000000000000057e+02 9.948384380955155315e-01
1.659500000000000171e+02 9.936926903158855851e-01
1.660000000000000000e+02 9.924329918836841680e-01
1.660500000000000114e+02 9.910596335535857282e-01
1.661000000000000227e+02 9.895729323144404344e-01
1.661500000000000057e+02 9.879732313161073698e-01
1.662000000000000171e+02 9.862608997902470032e-01
1.662500000000000000e+02 9.844363329651042438e-01
1.663000000000000114e+02 9.824999519742783072e-01
1.663500000000000227e+02 9.804522037595250206e-01
1.664000000000000057e+02 9.782935609675942334e-01
1.664500000000000171e+02 9.760245218411370827e-01
1.665000000000000000e+02 9.736456101037058719e-01
1.665500000000000114e+02 9.711573748388684368e-01
1.666000000000000227e+02 9.685603903634791845e-01
1.666500000000000057e+02 9.658552560951149113e-01
1.667000000000000171e+02 9.630425964137174777e-01
1.667500000000000000e+02 9.601230605174930766e-01
1.668000000000000114e+02 9.570973222730492225e-01
1.668500000000000227e+02 9.539660800598734891e-01
1.669000000000000057e+02 9.507300566091337890e-01
1.669500000000000171e+02 9.473899988368540415e-01
1.670000000000000000e+02 9.439466776715360607e-01
1.670500000000000114e+02 9.404008878761952461e-01
1.671000000000000227e+02 9.367534478649383045e-01
1.671500000000000057e+02 9.330051995140546950e-01
1.672000000000000171e+02 9.291570079676941818e-01
1.672500000000000000e+02 9.252097614382006618e-01
1.673000000000000114e+02 9.211643710010752883e-01
1.673500000000000227e+02 9.170217703847083346e-01
1.674000000000000057e+02 9.127829157548561501e-01
1.674500000000000171e+02 9.084487854939369278e-01
1.675000000000000000e+02 9.040203799752299929e-01
1.675500000000000114e+02 8.994987213319484143e-01
1.676000000000000227e+02 8.948848532213388163e-01
1.676500000000000057e+02 8.901798405837855199e-01
1.677000000000000171e+02 8.853847693970005039e-01
1.677500000000000000e+02 8.805007464253790106e-01
1.678000000000000114e+02 8.755288989645356734e-01
1.678500000000000227e+02 8.704703745811126492e-01
1.679000000000000057e+02 8.653263408479073826e-01
1.679500000000000171e+02 8.600979850743736277e-01
1.680000000000000000e+02 8.547865140325914268e-01
1.680500000000000114e+02 8.493931536787056036e-01
1.681000000000000227e+02 8.439191488699887556e-01
1.681500000000000057e+02 8.383657630774868919e-01
1.682000000000000171e+02 8.327342780943987055e-01
1.682500000000000000e+02 8.270259937402349992e-01
1.683000000000000114e+02 8.212422275607813571e-01
1.683500000000000227e+02 8.153843145240190493e-01
1.684000000000000057e+02 8.094536067119753042e-01
1.684500000000000171e+02 8.034514730086456114e-01
1.685000000000000000e+02 7.973792987840560009e-01
1.685500000000000114e+02 7.912384855744752921e-01
1.686000000000000227e+02 7.850304507589541680e-01
1.686500000000000057e+02 7.787566272321506666e-01
1.687000000000000171e+02 7.724184630736007362e-01
1.687500000000000000e+02 7.660174212135021365e-01
1.688000000000000114e+02 7.595549790950260061e-01
1.688500000000000227e+02 7.530326283333231840e-01
1.689000000000000057e+02 7.464518743712422744e-01
1.689500000000000171e+02 7.398142361318272853e-01
1.690000000000000000e+02 7.331212456677633771e-01
1.690500000000000114e+02 7.263744478077324151e-01
1.691000000000000227e+02 7.195753997998646234e-01
1.691500000000000057e+02 7.127256709523092093e-01
1.692000000000000171e+02 7.058268422709886858e-01
1.692500000000000000e+02 6.988805060947179681e-01
1.693000000000000114e+02 6.918882657276428372e-01
1.693500000000000227e+02 6.848517350691959438e-01
1.694000000000000057e+02 6.777725382415910049e-01
1.694500000000000171e+02 6.706523092149255794e-01
1.695000000000000000e+02 6.634926914300757206e-01
1.695500000000000114e+02 6.562953374193379874e-01
1.696000000000000227e+02 6.490619084250244253e-01
1.696500000000000057e+02 6.417940740160296142e-01
1.697000000000000171e+02 6.344935117024423921e-01
1.697500000000000000e+02 6.271619065483913236e-01
1.698000000000000114e+02 6.198009507830807285e-01
1.698500000000000227e+02 6.124123434102248797e-01
1.699000000000000057e+02 6.049977898158834799e-01
1.699500000000000171e+02 5.975590013748388607e-01
1.700000000000000000e+02 5.900976950555932854e-01
1.700500000000000114e+02 5.826155930240557446e-01
1.701000000000000227e+02 5.751144222460641275e-01
1.701500000000000057e+02 5.675959140887704146e-01
1.702000000000000171e+02 5.600618039210026877e-01
1.702500000000000000e+02 5.525138307127602788e-01
1.703000000000000114e+02 5.449537366337858790e-01
1.703500000000000227e+02 5.373832666514908318e-01
1.704000000000000057e+02 5.298041681281779880e-01
1.704500000000000171e+02 5.222181904177154443e-01
1.705000000000000000e+02 5.146270844618014983e-01
1.705500000000000114e+02 5.070326023857745223e-01
1.706000000000000227e+02 4.994364970942394844e-01
1.706500000000000057e+02 4.918405218664604339e-01
1.707000000000000171e+02 4.842464299516666681e-01
1.707500000000000000e+02 4.766559741644196824e-01
1.708000000000000114e+02 4.690709064799906125e-01
1.708500000000000227e+02 4.614929776300211173e-01
1.709000000000000057e+02 4.539239366984176849e-01
1.709500000000000171e+02 4.463655307176261355e-01
1.710000000000000000e+02 4.388195042654328692e-01
1.710500000000000114e+02 4.312875990622447309e-01
1.711000000000000227e+02 4.237715535691156665e-01
1.711500000000000057e+02 4.162731025864735424e-01
1.712000000000000171e+02 4.087939768536953400e-01
1.712500000000000000e+02 4.013359026496550186e-01
1.713000000000000114e+02 3.939006013942437656e-01
1.713500000000000227e+02 3.864897892510827937e-01
1.714000000000000057e+02 3.791051767313798893e-01
1.714500000000000171e+02 3.717484682991236133e-01
1.715000000000000000e+02 3.644213619776926483e-01
1.715500000000000114e+02 3.571255489578989972e-01
1.716000000000000227e+02 3.498627132076764790e-01
1.716500000000000057e+02 3.426345310833688873e-01
1.717000000000000171e+02 3.354426709428083853e-01
1.717500000000000000e+02 3.282887927602575751e-01
1.718000000000000114e+02 3.211745477432356166e-01
1.718500000000000227e+02 3.141015779514349515e-01
1.719000000000000057e+02 3.070715159176825026e-01
1.719500000000000171e+02 3.000859842711336434e-01
1.720000000000000000e+02 2.931465953627681031e-01
1.720500000000000114e+02 2.862549508932091258e-01
1.721000000000000227e+02 2.794126415430660537e-01
1.721500000000000057e+02 2.726212466057550410e-01
1.722000000000000171e+02 2.658823336229818590e-01
1.722500000000000000e+02 2.591974580229514658e-01
1.723000000000000114e+02 2.525681627613302616e-01
1.723500000000000227e+02 2.459959779651301748e-01
1.724000000000000057e+02 2.394824205795393901e-01
1.724500000000000171e+02 2.330289940177633912e-01
1.725000000000000000e+02 2.266371878140518437e-01
1.725500000000000114e+02 2.203084772798674373e-01
1.726000000000000227e+02 2.140443231633830656e-01
1.726500000000000057e+02 2.078461713123249122e-01
1.727000000000000171e+02 2.017154523402258648e-01
1.727500000000000000e+02 1.956535812962533760e-01
1.728000000000000114e+02 1.896619573385721069e-01
1.728500000000000227e+02 1.837419634114171307e-01
1.729000000000000057e+02 1.778949659258952098e-01
1.729500000000000171e+02 1.721223144445742925e-01
1.730000000000000000e+02 1.664253413700176321e-01
1.730500000000000114e+02 1.608053616372236427e-01
1.731000000000000227e+02 1.552636724101377208e-01
1.731500000000000057e+02 1.498015527822526838e-01
1.732000000000000171e+02 1.444202634813540609e-01
1.732500000000000000e+02 1.391210465785562289e-01
1.733000000000000114e+02 1.339051252015934779e-01
1.733500000000000227e+02 1.287737032525237690e-01
1.734000000000000057e+02 1.237279651298428818e-01
1.734500000000000171e+02 1.187690754551119637e-01
1.735000000000000000e+02 1.138981788041505822e-01
1.735500000000000114e+02 1.091163994428443890e-01
1.736000000000000227e+02 1.044248410676638927e-01
1.736500000000000057e+02 9.982458655090999111e-02
1.737000000000000171e+02 9.531669769076457632e-02
1.737500000000000000e+02 9.090221496623741848e-02
1.738000000000000114e+02 8.658215729698029439e-02
1.738500000000000227e+02 8.235752180813046830e-02
1.739000000000000057e+02 7.822928360015272975e-02
1.739500000000000171e+02 7.419839552376611413e-02
1.740000000000000000e+02 7.026578796003452032e-02
1.740500000000000114e+02 6.643236860559643964e-02
1.741000000000000227e+02 6.269902226317736194e-02
1.741500000000000057e+02 5.906661063735824113e-02
1.742000000000000171e+02 5.553597213567640356e-02
1.742500000000000000e+02 5.210792167512864198e-02
1.743000000000000114e+02 4.878325049405467240e-02
1.743500000000000227e+02 4.556272596952713055e-02
1.744000000000000057e+02 4.244709144022431463e-02
1.744500000000000171e+02 3.943706603485246792e-02
1.745000000000000000e+02 3.653334450617724827e-02
1.745500000000000114e+02 3.373659707064610019e-02
1.746000000000000227e+02 3.104746925370895083e-02
1.746500000000000057e+02 2.846658174081685699e-02
1.747000000000000171e+02 2.599453023415640440e-02
1.747500000000000000e+02 2.363188531516223143e-02
1.748000000000000114e+02 2.137919231280924204e-02
1.748500000000000227e+02 1.923697117775557963e-02
1.749000000000000057e+02 1.720571636232150897e-02
1.749500000000000171e+02 1.528589670636503091e-02
1.750000000000000000e+02 1.347795532907302210e-02
1.750500000000000114e+02 1.178230952667567132e-02
1.751000000000000227e+02 1.019935067613828711e-02
1.751500000000000057e+02 8.729444144818890652e-03
1.752000000000000171e+02 7.372929206138118148e-03
1.752500000000000000e+02 6.130118961274384250e-03
1.753000000000000114e+02 5.001300266890509882e-03
1.753500000000000227e+02 3.986733668929764995e-03
1.754000000000000057e+02 3.086653342473337849e-03
1.754500000000000171e+02 2.301267037690843571e-03
1.755000000000000000e+02 1.630756031891162586e-03
1.755500000000000114e+02 1.075275087678121159e-03
1.756000000000000227e+02 6.349524172325976892e-04
1.756500000000000057e+02 3.098896527167532464e-04
1.757000000000000171e+02 1.001618228168942552e-04
1.757500000000000000e+02 5.817335426524697684e-06
1.758000000000000114e+02 2.687796647239427215e-05
1.758500000000000227e+02 1.633388548888676096e-04
1.759000000000000057e+02 4.151685037392366774e-04
1.759500000000000171e+02 7.823087874865993722e-04
1.760000000000000000e+02 1.264674965408825284e-03
1.760500000000000114e+02 1.862155701159217596e-03
1.761000000000000227e+02 2.574613088463298654e-03
1.761500000000000057e+02 3.401882682948407198e-03
1.762000000000000171e+02 4.343773540102984464e-03
1.762500000000000000e+02 5.400068259344920595e-03
1.763000000000000114e+02 6.570523034204235786e-03
1.763500000000000227e+02 7.854867708594084202e-03
1.764000000000000057e+02 9.252805839165037169e-03
1.764500000000000171e+02 1.076401476373385797e-02
1.765000000000000000e+02 1.238814567575104164e-02
1.765500000000000114e+02 1.412482370481609947e-02
1.766000000000000227e+02 1.597364800319819866e-02
1.766500000000000057e+02 1.793419183835552599e-02
1.767000000000000171e+02 2.000600269143884904e-02
1.767500000000000000e+02 2.218860236172878059e-02
1.768000000000000114e+02 2.448148707701923096e-02
1.768500000000000227e+02 2.688412760988755784e-02
1.769000000000000057e+02 2.939596939985113580e-02
1.769500000000000171e+02 3.201643268136603743e-02
1.770000000000000000e+02 3.474491261764316857e-02
1.770500000000000114e+02 3.758077944025754735e-02
1.771000000000000227e+02 4.052337859449930968e-02
1.771500000000000057e+02 4.357203089045706690e-02
1.772000000000000171e+02 4.672603265978963333e-02
1.772500000000000000e+02 4.998465591812576575e-02
1.773000000000000114e+02 5.334714853311302990e-02
1.773500000000000227e+02 5.681273439800323816e-02
1.774000000000000057e+02 6.038061361079369999e-02
1.774500000000000171e+02 6.404996265886195306e-02
1.775000000000000000e+02 6.781993460902444038e-02
1.775500000000000114e+02 7.168965930304352363e-02
1.776000000000000227e+02 7.565824355845229832e-02
1.776500000000000057e+02 7.972477137471947750e-02
1.777000000000000171e+02 8.388830414468191610e-02
1.777500000000000000e+02 8.814788087116606774e-02
1.778000000000000114e+02 9.250251838882579680e-02
1.778500000000000227e+02 9.695121159104815034e-02
1.779000000000000057e+02 1.014929336619525280e-01
1.779500000000000171e+02 1.061266363133996360e-01
1.780000000000000000e+02 1.108512500269373813e-01
1.780500000000000114e+02 1.156656843006677593e-01
1.781000000000000227e+02 1.205688279009467928e-01
1.781500000000000057e+02 1.255595491188692681e-01
1.782000000000000171e+02 1.306366960314911119e-01
1.782500000000000000e+02 1.357990967676917238e-01
1.783000000000000114e+02 1.410455597786783588e-01
1.783500000000000227e+02 1.463748741129844433e-01
1.784000000000000057e+02 1.517858096959943948e-01
1.784500000000000171e+02 1.572771176138590132e-01
1.785000000000000000e+02 1.628475304017453495e-01
1.785500000000000114e+02 1.684957623364072288e-01
1.786000000000000227e+02 1.742205097329181385e-01
1.786500000000000057e+02 1.800204512456019257e-01
1.787000000000000171e+02 1.858942481730141982e-01
1.787500000000000000e+02 1.918405447669156716e-01
1.788000000000000114e+02 1.978579685452209747e-01
1.788500000000000227e+02 2.039451306087547711e-01
1.789000000000000057e+02 2.101006259618524996e-01
1.789500000000000171e+02 2.163230338366492200e-01
1.790000000000000000e+02 2.226109180209937255e-01
1.790500000000000114e+02 2.289628271899712408e-01
1.791000000000000227e+02 2.353772952408554053e-01
1.791500000000000057e+02 2.418528416315302021e-01
1.792000000000000171e+02 2.483879717222157446e-01
1.792500000000000000e+02 2.549811771204321120e-01
1.793000000000000114e+02 2.616309360291801389e-01
1.793500000000000227e+02 2.683357135981734309e-01
1.794000000000000057e+02 2.750939622780986249e-01
1.794500000000000171e+02 2.819041221778376127e-01
1.795000000000000000e+02 2.887646214244760645e-01
1.795500000000000114e+02 2.956738765261410773e-01
1.796000000000000227e+02 3.026302927374714957e-01
1.796500000000000057e+02 3.096322644277032521e-01
1.797000000000000171e+02 3.166781754512981717e-01
1.797500000000000000e+02 3.237663995209362211e-01
1.798000000000000114e+02 3.308953005829124994e-01
1.798500000000000227e+02 3.380632331947400204e-01
1.799000000000000057e+02 3.452685429049358601e-01
1.799500000000000171e+02 3.525095666349195578e-01
1.800000000000000000e+02 3.597846330628369782e-01
1.800500000000000114e+02 3.670920630093525983e-01
1.801000000000000227e+02 3.744301698252059385e-01
1.801500000000000057e+02 3.817972597805084911e-01
1.802000000000000171e+02 3.891916324557089801e-01
1.802500000000000000e+02 3.966115811340347186e-01
1.803000000000000114e+02 4.040553931954548039e-01
1.803500000000000227e+02 4.115213505119508786e-01
1.804000000000000057e+02 4.190077298440935127e-01
1.804500000000000171e+02 4.265128032388017520e-01
1.805000000000000000e+02 4.340348384281395022e-01
1.805500000000000114e+02 4.415720992291934932e-01
1.806000000000000227e+02 4.491228459447686450e-01
1.806500000000000057e+02 4.566853357649462430e-01
1.807000000000000171e+02 4.642578231693616497e-01
1.807500000000000000e+02 4.718385603300536690e-01
1.808000000000000114e+02 4.794257975149359696e-01
1.808500000000000227e+02 4.870177834916178394e-01
1.809000000000000057e+02 4.946127659316265635e-01
1.809500000000000171e+02 5.022089918148806564e-01
1.810000000000000000e+02 5.098047078342716754e-01
1.810500000000000114e+02 5.173981608003985766e-01
1.811000000000000227e+02 5.249875980461884417e-01
1.811500000000000057e+02 5.325712678314483695e-01
1.812000000000000171e+02 5.401474197472040384e-01
1.812500000000000000e+02 5.477143051196775581e-01
1.813000000000000114e+02 5.552701774139545687e-01
1.813500000000000227e+02 5.628132926370660316e-01
1.814000000000000057e+02 5.703419097405408866e-01
1.814500000000000171e+02 5.778542910222717044e-01
1.815000000000000000e+02 5.853487025275774247e-01
1.815500000000000114e+02 5.928234144494379798e-01
1.816000000000000227e+02 6.002767015277512552e-01
1.816500000000000057e+02 6.077068434475421110e-01
1.817000000000000171e+02 6.151121252360480796e-01
1.817500000000000000e+02 6.224908376585323033e-01
1.818000000000000114e+02 6.298412776128277102e-01
1.818500000000000227e+02 6.371617485223980415e-01
1.819000000000000057e+02 6.444505607279602533e-01
1.819500000000000171e+02 6.517060318774753336e-01
1.820000000000000000e+02 6.589264873144382584e-01
1.820500000000000114e+02 6.661102604644393299e-01
1.821000000000000227e+02 6.732556932197942823e-01
1.821500000000000057e+02 6.803611363222877850e-01
1.822000000000000171e+02 6.874249497438401635e-01
1.822500000000000000e+02 6.944455030650257266e-01
1.823000000000000114e+02 7.014211758514262707e-01
1.823500000000000227e+02 7.083503580276113709e-01
1.824000000000000057e+02 7.152314502487936432e-01
1.824500000000000171e+02 7.220628642699751243e-01
1.825000000000000000e+02 7.288430233125158253e-01
1.825500000000000114e+02 7.355703624281031416e-01
1.826000000000000227e+02 7.422433288599267209e-01
1.826500000000000057e+02 7.488603824011043075e-01
1.827000000000000171e+02 7.554199957501768203e-01
1.827500000000000000e+02 7.619206548636123788e-01
1.828000000000000114e+02 7.683608593052896341e-01
1.828500000000000227e+02 7.747391225928013103e-01
1.829000000000000057e+02 7.810539725405499789e-01
1.829500000000000171e+02 7.873039515995742255e-01
1.830000000000000000e+02 7.934876171939370115e-01
1.830500000000000114e+02 7.996035420537177529e-01
1.831000000000000227e+02 8.056503145444271485e-01
1.831500000000000057e+02 8.116265389928272178e-01
1.832000000000000171e+02 8.175308360090977056e-01
1.832500000000000000e+02 8.233618428051840965e-01
1.833000000000000114e+02 8.291182135093734251e-01
1.833500000000000227e+02 8.347986194769214663e-01
1.834000000000000057e+02 8.404017495967190943e-01
1.834500000000000171e+02 8.459263105939373029e-01
1.835000000000000000e+02 8.513710273285024499e-01
1.835500000000000114e+02 8.567346430894392517e-01
1.836000000000000227e+02 8.620159198849196569e-01
1.836500000000000057e+02 8.672136387280056091e-01
1.837000000000000171e+02 8.723265999180287444e-01
1.837500000000000000e+02 8.773536233174706878e-01
1.838000000000000114e+02 8.822935486243749237e-01
1.838500000000000227e+02 8.871452356401424710e-01
1.839000000000000057e+02 8.919075645327133595e-01
1.839500000000000171e+02 8.965794360950456454e-01
1.840000000000000000e+02 9.011597719988021504e-01
1.840500000000000114e+02 9.056475150432747867e-01
1.841000000000000227e+02 9.100416293993743855e-01
1.841500000000000057e+02 9.143411008487237757e-01
1.842000000000000171e+02 9.185449370177589667e-01
1.842500000000000000e+02 9.226521676067612754e-01
1.843000000000000114e+02 9.266618446138419340e-01
1.843500000000000227e+02 9.305730425537308559e-01
1.844000000000000057e+02 9.343848586714006421e-01
1.844500000000000171e+02 9.380964131504389014e-01
1.845000000000000000e+02 9.417068493161032672e-01
1.845500000000000114e+02 9.452153338330763210e-01
1.846000000000000227e+02 9.486210568977926361e-01
1.846500000000000057e+02 9.519232324253571464e-01
1.847000000000000171e+02 9.551210982309912279e-01
1.847500000000000000e+02 9.582139162059366555e-01
1.848000000000000114e+02 9.612009724878436412e-01
1.848500000000000227e+02 9.640815776255207137e-01
1.849000000000000057e+02 9.668550667380766406e-01
1.849500000000000171e+02 9.695207996683873342e-01
1.850000000000000000e+02 9.720781611308435544e-01
1.850500000000000114e+02 9.745265608533728585e-01
1.851000000000000227e+02 9.768654337136800647e-01
1.851500000000000057e+02 9.790942398696846904e-01
1.852000000000000171e+02 9.812124648841266117e-01
1.852500000000000000e+02 9.832196198432981982e-01
1.853000000000000114e+02 9.851152414699003712e-01
1.853500000000000227e+02 9.868988922299631872e-01
1.854000000000000057e+02 9.885701604338427151e-01
1.854500000000000171e+02 9.901286603312420276e-01
1.855000000000000000e+02 9.915740322002445373e-01
1.855500000000000114e+02 9.929059424303467996e-01
1.856000000000000227e+02 9.941240835994545888e-01
1.856500000000000057e+02 9.952281745448449124e-01
1.857000000000000171e+02 9.962179604280613221e-01
1.857500000000000000e+02 9.970932127937309764e-01
1.858000000000000114e+02 9.978537296222982356e-01
1.858500000000000227e+02 9.984993353766506985e-01
1.859000000000000057e+02 9.990298810426373466e-01
1.859500000000000171e+02 9.994452441634635864e-01
1.860000000000000000e+02 9.997453288679527539e-01
1.860500000000000114e+02 9.999300658926780772e-01
1.861000000000000227e+02 9.999994125979464465e-01
1.861500000000000057e+02 9.999533529776420959e-01
1.862000000000000171e+02 9.997918976629210919e-01
1.862500000000000000e+02 9.995150839197560755e-01
1.863000000000000114e+02 9.991229756403362527e-01
1.863500000000000227e+02 9.986156633283189699e-01
1.864000000000000057e+02 9.979932640779420883e-01
1.864500000000000171e+02 9.972559215469952720e-01
1.865000000000000000e+02 9.964038059236628442e-01
1.865500000000000114e+02 9.954371138872417646e-01
1.866000000000000227e+02 9.943560685627454987e-01
1.866500000000000057e+02 9.931609194694057674e-01
1.867000000000000171e+02 9.918519424630763970e-01
1.867500000000000000e+02 9.904294396725663585e-01
1.868000000000000114e+02 9.888937394299006645e-01
1.868500000000000227e+02 9.872451961945393206e-01
1.869000000000000057e+02 9.854841904715672118e-01
1.869500000000000171e+02 9.836111287238584744e-01
1.870000000000000000e+02 9.816264432782708660e-01
1.870500000000000114e+02 9.795305922258498166e-01
1.871000000000000227e+02 9.773240593161025558e-01
1.871500000000000057e+02 9.750073538453380984e-01
1.872000000000000171e+02 9.725810105391161642e-01
1.872500000000000000e+02 9.700455894288270153e-01
1.873000000000000114e+02 9.674016757224239704e-01
1.873500000000000227e+02 9.646498796693573352e-01
1.874000000000000057e+02 9.617908364197169657e-01
1.874500000000000171e+02 9.588252058776259856e-01
1.875000000000000000e+02 9.557536725489421681e-01
1.875500000000000114e+02 9.525769453832447775e-01
1.876000000000000227e+02 9.492957576102153405e-01
1.876500000000000057e+02 9.459108665703944707e-01
1.877000000000000171e+02 9.424230535403695930e-01
1.877500000000000000e+02 9.388331235524652874e-01
1.878000000000000114e+02 9.351419052089079420e-01
1.878500000000000227e+02 9.313502504905919466e-01
1.879000000000000057e+02 9.274590345604251107e-01
1.879500000000000171e+02 9.234691555613221414e-01
1.880000000000000000e+02 9.193815344089216746e-01
1.880500000000000114e+02 9.151971145790015472e-01
1.881000000000000227e+02 9.109168618897329761e-01
1.881500000000000057e+02 9.065417642787493291e-01
1.882000000000000171e+02 9.020728315751093129e-01
1.882500000000000000e+02 8.975110952662380681e-01
1.883000000000000114e+02 8.928576082598177477e-01
1.883500000000000227e+02 8.881134446407854544e-01
1.884000000000000057e+02 8.832796994234116683e-01
1.884500000000000171e+02 8.783574882985518695e-01
1.885000000000000000e+02 8.733479473761416312e-01
1.885500000000000114e+02 8.682522329229611646e-01
1.886000000000000227e+02 8.630715210957542460e-01
1.886500000000000057e+02 8.578070076697600355e-01
1.887000000000000171e+02 8.524599077627018628e-01
1.887500000000000000e+02 8.470314555543402291e-01
1.888000000000000114e+02 8.415229040015852480e-01
1.888500000000000227e+02 8.359355245493260700e-01
1.889000000000000057e+02 8.302706068369423154e-01
1.889500000000000171e+02 8.245294584006405136e-01
1.890000000000000000e+02 8.187134043716738363e-01
1.890500000000000114e+02 8.128237871704608875e-01
1.891000000000000227e+02 8.068619661967674217e-01
1.891500000000000057e+02 8.008293175159146848e-01
1.892000000000000171e+02 7.947272335411680322e-01
1.892500000000000000e+02 7.885571227123679972e-01
1.893000000000000114e+02 7.823204091708170216e-01
1.893500000000000227e+02 7.760185324306018151e-01
1.894000000000000057e+02 7.696529470463087108e-01
1.894500000000000171e+02 7.632251222772969967e-01
1.895000000000000000e+02 7.567365417485915069e-01
1.895500000000000114e+02 7.501887031084194524e-01
1.896000000000000227e+02 7.435831176825520306e-01
1.896500000000000057e+02 7.369213101254744602e-01
1.897000000000000171e+02 7.302048180684472811e-01
1.897500000000000000e+02 7.234351917646362207e-01
1.898000000000000114e+02 7.166139937312649977e-01
1.898500000000000227e+02 7.097427983889854630e-01
1.899000000000000057e+02 7.028231916984836181e-01
1.899500000000000171e+02 6.958567707943916769e-01
1.900000000000000000e+02 6.888451436166824760e-01
1.900500000000000114e+02 6.817899285395087050e-01
1.901000000000000227e+02 6.746927539976798061e-01
1.901500000000000057e+02 6.675552581108019634e-01
1.902000000000000171e+02 6.603790883051486871e-01
1.902500000000000000e+02 6.531659009334503940e-01
1.903000000000000114e+02 6.459173608925568022e-01
1.903500000000000227e+02 6.386351412391770843e-01
1.904000000000000057e+02 6.313209228037207632e-01
1.904500000000000171e+02 6.239763938023089596e-01
1.905000000000000000e+02 6.166032494471500591e-01
1.905500000000000114e+02 6.092031915552326149e-01
1.906000000000000227e+02 6.017779281555474258e-01
1.906500000000000057e+02 5.943291730948383478e-01
1.907000000000000171e+02 5.868586456420286090e-01
1.907500000000000000e+02 5.793680700913944603e-01
1.908000000000000114e+02 5.718591753645613229e-01
1.908500000000000227e+02 5.643336946114676511e-01
1.909000000000000057e+02 5.567933648103216004e-01
1.909500000000000171e+02 5.492399263666691844e-01
1.910000000000000000e+02 5.416751227117250211e-01
1.910500000000000114e+02 5.341006998999168198e-01
1.911000000000000227e+02 5.265184062059120595e-01
1.911500000000000057e+02 5.189299917210796753e-01
1.912000000000000171e+02 5.113372079495317468e-01
1.912500000000000000e+02 5.037418074038932936e-01
1.913000000000000114e+02 4.961455432007497168e-01
1.913500000000000227e+02 4.885501686560438372e-01
1.914000000000000057e+02 4.809574368803740119e-01
1.914500000000000171e+02 4.733691003743388248e-01
1.915000000000000000e+02 4.657869106240768997e-01
1.915500000000000114e+02 4.582126176969514852e-01
1.916000000000000227e+02 4.506479698376508192e-01
1.916500000000000057e+02 4.430947130646572529e-01
1.917000000000000171e+02 4.355545907672286887e-01
1.917500000000000000e+02 4.280293433030413208e-01
1.918000000000000114e+02 4.205207075964428887e-01
1.918500000000000227e+02 4.130304167375868363e-01
1.919000000000000057e+02 4.055601995823986949e-01
1.919500000000000171e+02 3.981117803535234034e-01
1.920000000000000000e+02 3.906868782423766895e-01
1.920500000000000114e+02 3.832872070123021779e-01
1.921000000000000227e+02 3.759144746030509410e-01
1.921500000000000057e+02 3.685703827365356400e-01
1.922000000000000171e+02 3.612566265240550467e-01
1.922500000000000000e+02 3.539748940750603312e-01
1.923000000000000114e+02 3.467268661074871527e-01
1.923500000000000227e+02 3.395142155598620537e-01
1.924000000000000057e+02 3.323386072051352502e-01
1.924500000000000171e+02 3.252016972664337757e-01
1.925000000000000000e+02 3.181051330348035888e-01
1.925500000000000114e+02 3.110505524889631834e-01
1.926000000000000227e+02 3.040395839172740922e-01
1.926500000000000057e+02 2.970738455418804880e-01
1.927000000000000171e+02 2.901549451452061223e-01
1.927500000000000000e+02 2.832844796988772673e-01
1.928000000000000114e+02 2.764640349950915343e-01
1.928500000000000227e+02 2.696951852806320216e-01
1.929000000000000057e+02 2.629794928934819365e-01
1.929500000000000171e+02 2.563185079022202162e-01
1.930000000000000000e+02 2.497137677482643425e-01
1.930500000000000114e+02 2.431667968909840272e-01
1.931000000000000227e+02 2.366791064558552704e-01
1.931500000000000057e+02 2.302521938856754158e-01
1.932000000000000171e+02 2.238875425949071463e-01
1.932500000000000000e+02 2.175866216273203146e-01
1.933000000000000114e+02 2.113508853168907242e-01
1.933500000000000227e+02 2.051817729521390465e-01
1.934000000000000057e+02 1.990807084439267516e-01
1.934500000000000171e+02 1.930490999967736376e-01
1.935000000000000000e+02 1.870883397838572215e-01
1.935500000000000114e+02 1.811998036256557698e-01
1.936000000000000227e+02 1.753848506724081657e-01
1.936500000000000057e+02 1.696448230904067656e-01
1.937000000000000171e+02 1.639810457521837239e-01
1.937500000000000000e+02 1.583948259307431106e-01
1.938000000000000114e+02 1.528874529978013208e-01
1.938500000000000227e+02 1.474601981261992600e-01
1.939000000000000057e+02 1.421143139965016233e-01
1.939500000000000171e+02 1.368510345078390034e-01
1.940000000000000000e+02 1.316715744931360732e-01
1.940500000000000114e+02 1.265771294386899837e-01
1.941000000000000227e+02 1.215688752082536572e-01
1.941500000000000057e+02 1.166479677716216745e-01
1.942000000000000171e+02 1.118155429378198534e-01
1.942500000000000000e+02 1.070727160929481891e-01
1.943000000000000114e+02 1.024205819427262132e-01
1.943500000000000227e+02 9.786021425983433553e-02
1.944000000000000057e+02 9.339266563606633820e-02
1.944500000000000171e+02 8.901896723936940370e-02
1.945000000000000000e+02 8.474012857585991321e-02
1.945500000000000114e+02 8.055713725678781412e-02
1.946000000000000227e+02 7.647095877060541835e-02
1.946500000000000057e+02 7.248253626011208484e-02
1.947000000000000171e+02 6.859279030475728955e-02
1.947500000000000000e+02 6.480261870817929926e-02
1.948000000000000114e+02 6.111289629095495446e-02
1.948500000000000227e+02 5.752447468869965885e-02
1.949000000000000057e+02 5.403818215549151954e-02
1.949500000000000171e+02 5.065482337269330837e-02
1.950000000000000000e+02 4.737517926323921852e-02
1.950500000000000114e+02 4.420000681136560666e-02
1.951000000000000227e+02 4.113003888790645740e-02
1.951500000000000057e+02 3.816598408113092838e-02
1.952000000000000171e+02 3.530852653318676537e-02
1.952500000000000000e+02 3.255832578220632656e-02
1.953000000000000114e+02 2.991601661005791751e-02
1.953500000000000227e+02 2.738220889584451825e-02
1.954000000000000057e+02 2.495748747513031746e-02
1.954500000000000171e+02 2.264241200494992307e-02
1.955000000000000000e+02 2.043751683464013758e-02
1.955500000000000114e+02 1.834331088249558858e-02
1.956000000000000227e+02 1.636027751831500149e-02
1.956500000000000057e+02 1.448887445182404400e-02
1.957000000000000171e+02 1.272953362703154769e-02
1.957500000000000000e+02 1.108266112253625951e-02
1.958000000000000114e+02 9.548637057791376295e-03
1.958500000000000227e+02 8.127815505376398755e-03
1.959000000000000057e+02 6.820524409265752916e-03
1.959500000000000171e+02 5.627065509136414991e-03
1.960000000000000000e+02 4.547714270725890066e-03
1.960500000000000114e+02 3.582719822246273941e-03
1.961000000000000227e+02 2.732304896887664033e-03
1.961500000000000057e+02 1.996665781403991324e-03
1.962000000000000171e+02 1.375972270808576347e-03
1.962500000000000000e+02 8.703676291850349477e-04
1.963000000000000114e+02 4.799685566176028085e-04
1.963500000000000227e+02 2.048651622577125941e-04
1.964000000000000057e+02 4.512094352359103235e-05
1.964500000000000171e+02 7.727714450360217747e-07
1.965000000000000000e+02 7.183088215328533774e-05
1.965500000000000114e+02 2.582788745182194195e-04
1.966000000000000227e+02 5.600737139340245451e-04
1.966500000000000057e+02 9.771457422513740894e-04
1.967000000000000171e+02 1.509398693857105138e-03
1.967500000000000000e+02 2.156709717891554072e-03
1.968000000000000114e+02 2.918929406606228516e-03
1.968500000000000227e+02 3.795881829847499393e-03
1.969000000000000057e+02 4.787364575662526010e-03
1.969500000000000171e+02 5.893148797022639690e-03
1.970000000000000000e+02 7.112979264639237784e-03
1.970500000000000114e+02 8.446574425878514841e-03
1.971000000000000227e+02 9.893626469744289456e-03
1.971500000000000057e+02 1.145380139792348366e-02
1.972000000000000171e+02 1.312673910188372380e-02
1.972500000000000000e+02 1.491205344598316336e-02
1.973000000000000114e+02 1.680933235660247646e-02
1.973500000000000227e+02 1.881813791725202648e-02
1.974000000000000057e+02 2.093800646964712880e-02
1.974500000000000171e+02 2.316844872073520190e-02
1.975000000000000000e+02 2.550894985562014369e-02
1.975500000000000114e+02 2.795896965639755108e-02
1.976000000000000227e+02 3.051794262683642234e-02
1.976500000000000057e+02 3.318527812290736345e-02
1.977000000000000171e+02 3.596036048910974947e-02
1.977500000000000000e+02 3.884254920057163274e-02
1.978000000000000114e+02 4.183117901089657142e-02
1.978500000000000227e+02 4.492556010570305375e-02
1.979000000000000057e+02 4.812497826184631428e-02
1.979500000000000171e+02 5.142869501227664147e-02
1.980000000000000000e+02 5.483594781647021382e-02
1.980500000000000114e+02 5.834595023645497425e-02
1.981000000000000227e+02 6.195789211831349147e-02
1.981500000000000057e+02 6.567093977918306291e-02
1.982000000000000171e+02 6.948423619968770171e-02
1.982500000000000000e+02 7.339690122172987108e-02
1.983000000000000114e+02 7.740803175166721672e-02
1.983500000000000227e+02 8.151670196873858631e-02
1.984000000000000057e+02 8.572196353876236630e-02
1.984500000000000171e+02 9.002284583303253596e-02
1.985000000000000000e+02 9.441835615233021284e-02
1.985500000000000114e+02 9.890747995607965248e-02
1.986000000000000227e+02 1.034891810964951309e-01
1.986500000000000057e+02 1.081624020577450634e-01
1.987000000000000171e+02 1.129260642000471521e-01
1.987500000000000000e+02 1.177790680086193698e-01
1.988000000000000114e+02 1.227202933474706437e-01
1.988500000000000227e+02 1.277485997179407251e-01
1.989000000000000057e+02 1.328628265219397031e-01
1.989500000000000171e+02 1.380617933298382560e-01
1.990000000000000000e+02 1.433443001529097205e-01
1.990500000000000114e+02 1.487091277203246020e-01
1.991000000000000227e+02 1.541550377605468980e-01
1.991500000000000057e+02 1.596807732871655949e-01
1.992000000000000171e+02 1.652850588890210082e-01
1.992500000000000000e+02 1.709666010245707302e-01
1.993000000000000114e+02 1.767240883204792556e-01
1.993500000000000227e+02 1.825561918742706347e-01
1.994000000000000057e+02 1.884615655610804019e-01
1.994500000000000171e+02 1.944388463443560700e-01
1.995000000000000000e+02 2.004866545904470387e-01
1.995500000000000114e+02 2.066035943870670188e-01
1.996000000000000227e+02 2.127882538654574940e-01
1.996500000000000057e+02 2.190392055262906645e-01
1.997000000000000171e+02 2.253550065691523330e-01
1.997500000000000000e+02 2.317341992255411709e-01
1.998000000000000114e+02 2.381753110953672981e-01
1.998500000000000227e+02 2.446768554867681245e-01
1.999000000000000057e+02 2.512373317592830890e-01
1.999500000000000171e+02 2.578552256702180689e-01
2.000000000000000000e+02 2.645290097241338456e-01
