# time(fs)  P_B1(t)
0.000000000000e+00 2.642479442964e-32
5.000000000000e-01 3.322240560880e-07
1.000000000000e+00 5.279490990386e-06
1.500000000000e+00 2.642536104158e-05
2.000000000000e+00 8.219697154451e-05
2.500000000000e+00 1.965995069535e-04
3.000000000000e+00 3.975468469346e-04
3.500000000000e+00 7.148840838863e-04
4.000000000000e+00 1.178215773375e-03
4.500000000000e+00 1.814665756165e-03
5.000000000000e+00 2.646699501773e-03
5.500000000000e+00 3.690137869827e-03
6.000000000000e+00 4.952482048922e-03
6.500000000000e+00 6.431653673793e-03
7.000000000000e+00 8.115232556654e-03
7.500000000000e+00 9.980248225945e-03
8.000000000000e+00 1.199355192770e-02
8.500000000000e+00 1.411276447384e-02
9.000000000000e+00 1.628776397950e-02
9.500000000000e+00 1.846264778908e-02
1.000000000000e+01 2.057807634377e-02
1.050000000000e+01 2.257388482200e-02
1.100000000000e+01 2.439183228459e-02
1.150000000000e+01 2.597834866849e-02
1.200000000000e+01 2.728713784102e-02
1.250000000000e+01 2.828150021151e-02
1.300000000000e+01 2.893625087493e-02
1.350000000000e+01 2.923912832642e-02
1.400000000000e+01 2.919161348532e-02
1.450000000000e+01 2.880910785101e-02
1.500000000000e+01 2.812045159492e-02
1.550000000000e+01 2.716679563155e-02
1.600000000000e+01 2.599987449157e-02
1.650000000000e+01 2.467975744582e-02
1.700000000000e+01 2.327218220954e-02
1.750000000000e+01 2.184559729023e-02
1.800000000000e+01 2.046805449142e-02
1.850000000000e+01 1.920410143245e-02
1.900000000000e+01 1.811182473928e-02
1.950000000000e+01 1.724018774237e-02
2.000000000000e+01 1.662679241578e-02
2.050000000000e+01 1.629617461433e-02
2.100000000000e+01 1.625871546029e-02
2.150000000000e+01 1.651022133067e-02
2.200000000000e+01 1.703219185031e-02
2.250000000000e+01 1.779276129114e-02
2.300000000000e+01 1.874826554870e-02
2.350000000000e+01 1.984535610792e-02
2.400000000000e+01 2.102355568614e-02
2.450000000000e+01 2.221812890849e-02
2.500000000000e+01 2.336312650430e-02
2.550000000000e+01 2.439445385326e-02
2.600000000000e+01 2.525281462496e-02
2.650000000000e+01 2.588638771837e-02
2.700000000000e+01 2.625311030686e-02
2.750000000000e+01 2.632246074545e-02
2.800000000000e+01 2.607666129389e-02
2.850000000000e+01 2.551125067533e-02
2.900000000000e+01 2.463500885527e-02
2.950000000000e+01 2.346924940519e-02
3.000000000000e+01 2.204652670031e-02
3.050000000000e+01 2.040883434714e-02
3.100000000000e+01 1.860539614815e-02
3.150000000000e+01 1.669017032183e-02
3.200000000000e+01 1.471920063137e-02
3.250000000000e+01 1.274795390462e-02
3.300000000000e+01 1.082878189548e-02
3.350000000000e+01 9.008636675782e-03
3.400000000000e+01 7.327153267108e-03
3.450000000000e+01 5.815191889009e-03
3.500000000000e+01 4.493906179284e-03
3.550000000000e+01 3.374374445905e-03
3.600000000000e+01 2.457800015111e-03
3.650000000000e+01 1.736255708434e-03
3.700000000000e+01 1.193918069627e-03
3.750000000000e+01 8.087107357864e-04
3.800000000000e+01 5.542546956522e-04
3.850000000000e+01 4.020072444992e-04
3.900000000000e+01 3.234620633787e-04
3.950000000000e+01 2.922805030762e-04
4.000000000000e+01 2.862289454783e-04
4.050000000000e+01 2.888087703855e-04
4.100000000000e+01 2.904833305687e-04
4.150000000000e+01 2.894294559602e-04
4.200000000000e+01 2.917681128631e-04
4.250000000000e+01 3.112584661605e-04
4.300000000000e+01 3.684701266874e-04
4.350000000000e+01 4.894781574591e-04
4.400000000000e+01 7.041528448382e-04
4.450000000000e+01 1.044139821830e-03
4.500000000000e+01 1.540644572208e-03
4.550000000000e+01 2.222147630400e-03
4.600000000000e+01 3.112182234284e-03
4.650000000000e+01 4.227304461667e-03
4.700000000000e+01 5.575377043672e-03
4.750000000000e+01 7.154272536658e-03
4.800000000000e+01 8.951080143173e-03
4.850000000000e+01 1.094187431229e-02
4.900000000000e+01 1.309207368912e-02
4.950000000000e+01 1.535738757712e-02
5.000000000000e+01 1.768531548411e-02
5.050000000000e+01 2.001713522078e-02
5.100000000000e+01 2.229028801303e-02
5.150000000000e+01 2.444104662705e-02
5.200000000000e+01 2.640733580328e-02
5.250000000000e+01 2.813156427265e-02
5.300000000000e+01 2.956332485521e-02
5.350000000000e+01 3.066182381389e-02
5.400000000000e+01 3.139791255771e-02
5.450000000000e+01 3.175561338493e-02
5.500000000000e+01 3.173305530212e-02
5.550000000000e+01 3.134276481973e-02
5.600000000000e+01 3.061128853961e-02
5.650000000000e+01 2.957815768296e-02
5.700000000000e+01 2.829423774493e-02
5.750000000000e+01 2.681953750383e-02
5.800000000000e+01 2.522057905500e-02
5.850000000000e+01 2.356745296035e-02
5.900000000000e+01 2.193069884082e-02
5.950000000000e+01 2.037816094160e-02
6.000000000000e+01 1.897196988520e-02
6.050000000000e+01 1.776579589470e-02
6.100000000000e+01 1.680250551461e-02
6.150000000000e+01 1.611233394991e-02
6.200000000000e+01 1.571165960044e-02
6.250000000000e+01 1.560243749181e-02
6.300000000000e+01 1.577231562249e-02
6.350000000000e+01 1.619542443125e-02
6.400000000000e+01 1.683379636467e-02
6.450000000000e+01 1.763934158790e-02
6.500000000000e+01 1.855627880371e-02
6.550000000000e+01 1.952389829896e-02
6.600000000000e+01 2.047951882014e-02
6.650000000000e+01 2.136149146071e-02
6.700000000000e+01 2.211210282125e-02
6.750000000000e+01 2.268023629140e-02
6.800000000000e+01 2.302366402119e-02
6.850000000000e+01 2.311086225470e-02
6.900000000000e+01 2.292226811653e-02
6.950000000000e+01 2.245092532715e-02
7.000000000000e+01 2.170249813045e-02
7.050000000000e+01 2.069466528245e-02
7.100000000000e+01 1.945593757587e-02
7.150000000000e+01 1.802397142292e-02
7.200000000000e+01 1.644347598960e-02
7.250000000000e+01 1.476383099293e-02
7.300000000000e+01 1.303654554710e-02
7.350000000000e+01 1.131269472369e-02
7.400000000000e+01 9.640469492432e-03
7.450000000000e+01 8.062967536713e-03
7.500000000000e+01 6.616337572386e-03
7.550000000000e+01 5.328369072568e-03
7.600000000000e+01 4.217593854191e-03
7.650000000000e+01 3.292937198791e-03
7.700000000000e+01 2.553925617086e-03
7.750000000000e+01 1.991427669646e-03
7.800000000000e+01 1.588875071449e-03
7.850000000000e+01 1.323885197783e-03
7.900000000000e+01 1.170184465572e-03
7.950000000000e+01 1.099716038874e-03
8.000000000000e+01 1.084805748189e-03
8.050000000000e+01 1.100257520990e-03
8.100000000000e+01 1.125254122741e-03
8.150000000000e+01 1.144950350443e-03
8.200000000000e+01 1.151663384931e-03
8.250000000000e+01 1.145587840993e-03
8.300000000000e+01 1.134989920240e-03
8.350000000000e+01 1.135864518396e-03
8.400000000000e+01 1.171069574172e-03
8.450000000000e+01 1.268981724166e-03
8.500000000000e+01 1.461744832833e-03
8.550000000000e+01 1.783206702593e-03
8.600000000000e+01 2.266657938697e-03
8.650000000000e+01 2.942499516455e-03
8.700000000000e+01 3.835971367041e-03
8.750000000000e+01 4.965072915802e-03
8.800000000000e+01 6.338798006922e-03
8.850000000000e+01 7.955791443014e-03
8.900000000000e+01 9.803513228326e-03
8.950000000000e+01 1.185797061857e-02
9.000000000000e+01 1.408404859972e-02
9.050000000000e+01 1.643643798353e-02
9.100000000000e+01 1.886112857115e-02
9.150000000000e+01 2.129740447236e-02
9.200000000000e+01 2.368025128715e-02
9.250000000000e+01 2.594306191942e-02
9.300000000000e+01 2.802051053180e-02
9.350000000000e+01 2.985145350901e-02
9.400000000000e+01 3.138171287180e-02
9.450000000000e+01 3.256660159973e-02
9.500000000000e+01 3.337306161408e-02
9.550000000000e+01 3.378130319961e-02
9.600000000000e+01 3.378585850876e-02
9.650000000000e+01 3.339599029215e-02
9.700000000000e+01 3.263542868758e-02
9.750000000000e+01 3.154144215984e-02
9.800000000000e+01 3.016328181230e-02
9.850000000000e+01 2.856006958949e-02
9.900000000000e+01 2.679822874868e-02
9.950000000000e+01 2.494857796345e-02
1.000000000000e+02 2.308322734927e-02
1.005000000000e+02 2.127242469645e-02
1.010000000000e+02 1.958150274196e-02
1.015000000000e+02 1.806807327588e-02
1.020000000000e+02 1.677960151666e-02
1.025000000000e+02 1.575147513687e-02
1.030000000000e+02 1.500565755515e-02
1.035000000000e+02 1.454998590276e-02
1.040000000000e+02 1.437814192278e-02
1.045000000000e+02 1.447029061428e-02
1.050000000000e+02 1.479434840474e-02
1.055000000000e+02 1.530781170679e-02
1.060000000000e+02 1.596004946466e-02
1.065000000000e+02 1.669494109961e-02
1.070000000000e+02 1.745372523748e-02
1.075000000000e+02 1.817791553501e-02
1.080000000000e+02 1.881213824472e-02
1.085000000000e+02 1.930675191342e-02
1.090000000000e+02 1.962012245625e-02
1.095000000000e+02 1.972044607721e-02
1.100000000000e+02 1.958703708230e-02
1.105000000000e+02 1.921102624087e-02
1.110000000000e+02 1.859544648064e-02
1.115000000000e+02 1.775471471238e-02
1.120000000000e+02 1.671354979367e-02
1.125000000000e+02 1.550539543063e-02
1.130000000000e+02 1.417044168862e-02
1.135000000000e+02 1.275335845886e-02
1.140000000000e+02 1.130086770702e-02
1.145000000000e+02 9.859287943736e-03
1.150000000000e+02 8.472183802132e-03
1.155000000000e+02 7.178245961151e-03
1.160000000000e+02 6.009512367206e-03
1.165000000000e+02 4.990021583635e-03
1.170000000000e+02 4.134964245980e-03
1.175000000000e+02 3.450370378068e-03
1.180000000000e+02 2.933340260518e-03
1.185000000000e+02 2.572796264090e-03
1.190000000000e+02 2.350704196944e-03
1.195000000000e+02 2.243686819082e-03
1.200000000000e+02 2.224930638801e-03
1.205000000000e+02 2.266271078976e-03
1.210000000000e+02 2.340331442734e-03
1.215000000000e+02 2.422588333522e-03
1.220000000000e+02 2.493240439779e-03
1.225000000000e+02 2.538768647854e-03
1.230000000000e+02 2.553092702912e-03
1.235000000000e+02 2.538252167442e-03
1.240000000000e+02 2.504566018356e-03
1.245000000000e+02 2.470254444801e-03
1.250000000000e+02 2.460536685020e-03
1.255000000000e+02 2.506248437184e-03
1.260000000000e+02 2.642049889075e-03
1.265000000000e+02 2.904319240053e-03
1.270000000000e+02 3.328845433838e-03
1.275000000000e+02 3.948446641814e-03
1.280000000000e+02 4.790647110895e-03
1.285000000000e+02 5.875543951382e-03
1.290000000000e+02 7.213987299152e-03
1.295000000000e+02 8.806182430860e-03
1.300000000000e+02 1.064080158613e-02
1.305000000000e+02 1.269466752174e-02
1.310000000000e+02 1.493304151834e-02
1.315000000000e+02 1.731051720391e-02
1.320000000000e+02 1.977248978773e-02
1.325000000000e+02 2.225713978251e-02
1.330000000000e+02 2.469784263862e-02
1.335000000000e+02 2.702589238935e-02
1.340000000000e+02 2.917340965530e-02
1.345000000000e+02 3.107629313875e-02
1.350000000000e+02 3.267706967680e-02
1.355000000000e+02 3.392750126735e-02
1.360000000000e+02 3.479081810146e-02
1.365000000000e+02 3.524346401734e-02
1.370000000000e+02 3.527626407190e-02
1.375000000000e+02 3.489495193258e-02
1.380000000000e+02 3.412002610480e-02
1.385000000000e+02 3.298593703525e-02
1.390000000000e+02 3.153964018116e-02
1.395000000000e+02 2.983858152135e-02
1.400000000000e+02 2.794821009893e-02
1.405000000000e+02 2.593913558886e-02
1.410000000000e+02 2.388406637779e-02
1.415000000000e+02 2.185467433484e-02
1.420000000000e+02 1.991853579707e-02
1.425000000000e+02 1.813629412643e-02
1.430000000000e+02 1.655917773779e-02
1.435000000000e+02 1.522698934720e-02
1.440000000000e+02 1.416665828557e-02
1.445000000000e+02 1.339141930142e-02
1.450000000000e+02 1.290064980140e-02
1.455000000000e+02 1.268036456936e-02
1.460000000000e+02 1.270433435153e-02
1.465000000000e+02 1.293576396777e-02
1.470000000000e+02 1.332943837246e-02
1.475000000000e+02 1.383422272285e-02
1.480000000000e+02 1.439578613978e-02
1.485000000000e+02 1.495940927283e-02
1.490000000000e+02 1.547273346046e-02
1.495000000000e+02 1.588831427781e-02
1.500000000000e+02 1.616585428214e-02
1.505000000000e+02 1.627400812539e-02
1.510000000000e+02 1.619167690581e-02
1.515000000000e+02 1.590873640048e-02
1.520000000000e+02 1.542617417871e-02
1.525000000000e+02 1.475564193202e-02
1.530000000000e+02 1.391846001919e-02
1.535000000000e+02 1.294413960462e-02
1.540000000000e+02 1.186851238516e-02
1.545000000000e+02 1.073157747937e-02
1.550000000000e+02 9.575188590769e-03
1.555000000000e+02 8.440711374326e-03
1.560000000000e+02 7.366780713222e-03
1.565000000000e+02 6.387280406031e-03
1.570000000000e+02 5.529653998424e-03
1.575000000000e+02 4.813635941980e-03
1.580000000000e+02 4.250468004225e-03
1.585000000000e+02 3.842638215251e-03
1.590000000000e+02 3.584150120282e-03
1.595000000000e+02 3.461300314189e-03
1.600000000000e+02 3.453913774201e-03
1.605000000000e+02 3.536960917836e-03
1.610000000000e+02 3.682458975057e-03
1.615000000000e+02 3.861544328401e-03
1.620000000000e+02 4.046592803221e-03
1.625000000000e+02 4.213262006921e-03
1.630000000000e+02 4.342333881960e-03
1.635000000000e+02 4.421246440027e-03
1.640000000000e+02 4.445220610915e-03
1.645000000000e+02 4.417910363960e-03
1.650000000000e+02 4.351530554681e-03
1.655000000000e+02 4.266445905489e-03
1.660000000000e+02 4.190234593012e-03
1.665000000000e+02 4.156269467750e-03
1.670000000000e+02 4.201887379378e-03
1.675000000000e+02 4.366240935223e-03
1.680000000000e+02 4.687945978542e-03
1.685000000000e+02 5.202651091929e-03
1.690000000000e+02 5.940661775508e-03
1.695000000000e+02 6.924751237442e-03
1.700000000000e+02 8.168281955951e-03
1.705000000000e+02 9.673747692015e-03
1.710000000000e+02 1.143182517061e-02
1.715000000000e+02 1.342099924475e-02
1.720000000000e+02 1.560779631552e-02
1.725000000000e+02 1.794762960328e-02
1.730000000000e+02 2.038622817204e-02
1.735000000000e+02 2.286159105298e-02
1.740000000000e+02 2.530637999825e-02
1.745000000000e+02 2.765064078531e-02
1.750000000000e+02 2.982472483892e-02
1.755000000000e+02 3.176227121191e-02
1.760000000000e+02 3.340310431013e-02
1.765000000000e+02 3.469590543513e-02
1.770000000000e+02 3.560052614688e-02
1.775000000000e+02 3.608982813734e-02
1.780000000000e+02 3.615095692271e-02
1.785000000000e+02 3.578598406786e-02
1.790000000000e+02 3.501188346161e-02
1.795000000000e+02 3.385983979874e-02
1.800000000000e+02 3.237392023067e-02
1.805000000000e+02 3.060917144744e-02
1.810000000000e+02 2.862923265236e-02
1.815000000000e+02 2.650357854893e-02
1.820000000000e+02 2.430452437445e-02
1.825000000000e+02 2.210413627776e-02
1.830000000000e+02 1.997119438611e-02
1.835000000000e+02 1.796835254532e-02
1.840000000000e+02 1.614962813822e-02
1.845000000000e+02 1.455833814890e-02
1.850000000000e+02 1.322557464801e-02
1.855000000000e+02 1.216928532304e-02
1.860000000000e+02 1.139399399690e-02
1.865000000000e+02 1.089116385269e-02
1.870000000000e+02 1.064017397298e-02
1.875000000000e+02 1.060984945576e-02
1.880000000000e+02 1.076045833596e-02
1.885000000000e+02 1.104606619312e-02
1.890000000000e+02 1.141712278537e-02
1.895000000000e+02 1.182314513198e-02
1.900000000000e+02 1.221535863995e-02
1.905000000000e+02 1.254916222883e-02
1.910000000000e+02 1.278629467329e-02
1.915000000000e+02 1.289659691476e-02
1.920000000000e+02 1.285928792861e-02
1.925000000000e+02 1.266369863328e-02
1.930000000000e+02 1.230943784994e-02
1.935000000000e+02 1.180599488954e-02
1.940000000000e+02 1.117181333665e-02
1.945000000000e+02 1.043289843373e-02
1.950000000000e+02 9.621044681463e-03
1.955000000000e+02 8.771789599270e-03
1.960000000000e+02 7.922213034498e-03
1.965000000000e+02 7.108708287950e-03
1.970000000000e+02 6.364851306666e-03
1.975000000000e+02 5.719487320292e-03
1.980000000000e+02 5.195140968922e-03
1.985000000000e+02 4.806836934315e-03
1.990000000000e+02 4.561394393176e-03
1.995000000000e+02 4.457231556323e-03
2.000000000000e+02 4.484687614941e-03
2.005000000000e+02 4.626840156192e-03
2.010000000000e+02 4.860768122047e-03
2.015000000000e+02 5.159185184053e-03
2.020000000000e+02 5.492347359252e-03
2.025000000000e+02 5.830122941585e-03
2.030000000000e+02 6.144103227994e-03
2.035000000000e+02 6.409629607981e-03
2.040000000000e+02 6.607616530639e-03
2.045000000000e+02 6.726060467289e-03
2.050000000000e+02 6.761141697083e-03
2.055000000000e+02 6.717847674623e-03
2.060000000000e+02 6.610072729219e-03
2.065000000000e+02 6.460177510094e-03
2.070000000000e+02 6.298021399757e-03
2.075000000000e+02 6.159510471153e-03
2.080000000000e+02 6.084730884546e-03
2.085000000000e+02 6.115761431006e-03
2.090000000000e+02 6.294277935411e-03
2.095000000000e+02 6.659075387466e-03
2.100000000000e+02 7.243640234660e-03
2.105000000000e+02 8.073904852437e-03
2.110000000000e+02 9.166308777544e-03
2.115000000000e+02 1.052627719405e-02
2.120000000000e+02 1.214720709397e-02
2.125000000000e+02 1.401002650942e-02
2.130000000000e+02 1.608336350856e-02
2.135000000000e+02 1.832433074033e-02
2.140000000000e+02 2.067989980095e-02
2.145000000000e+02 2.308880921425e-02
2.150000000000e+02 2.548392195780e-02
2.155000000000e+02 2.779492468429e-02
2.160000000000e+02 2.995124233537e-02
2.165000000000e+02 3.188502969958e-02
2.170000000000e+02 3.353409628327e-02
2.175000000000e+02 3.484462293640e-02
2.180000000000e+02 3.577353792588e-02
2.185000000000e+02 3.629043612491e-02
2.190000000000e+02 3.637894688991e-02
2.195000000000e+02 3.603748291928e-02
2.200000000000e+02 3.527933257493e-02
2.205000000000e+02 3.413209026246e-02
2.210000000000e+02 3.263645187266e-02
2.215000000000e+02 3.084443333499e-02
2.220000000000e+02 2.881709844235e-02
2.225000000000e+02 2.662190584714e-02
2.230000000000e+02 2.432980329923e-02
2.235000000000e+02 2.201220888392e-02
2.240000000000e+02 1.973802364294e-02
2.245000000000e+02 1.757081731119e-02
2.250000000000e+02 1.556631913779e-02
2.255000000000e+02 1.377032941055e-02
2.260000000000e+02 1.221714523333e-02
2.265000000000e+02 1.092856747633e-02
2.270000000000e+02 9.913526017674e-03
2.275000000000e+02 9.168328971736e-03
2.280000000000e+02 8.677510179408e-03
2.285000000000e+02 8.415219438367e-03
2.290000000000e+02 8.347073303368e-03
2.295000000000e+02 8.432362144284e-03
2.300000000000e+02 8.626492628113e-03
2.305000000000e+02 8.883534706171e-03
2.310000000000e+02 9.158739016071e-03
2.315000000000e+02 9.410894461169e-03
2.320000000000e+02 9.604406352066e-03
2.325000000000e+02 9.710992275037e-03
2.330000000000e+02 9.710914860304e-03
2.335000000000e+02 9.593696658282e-03
2.340000000000e+02 9.358290986816e-03
2.345000000000e+02 9.012712349212e-03
2.350000000000e+02 8.573159252975e-03
2.355000000000e+02 8.062689429654e-03
2.360000000000e+02 7.509531129230e-03
2.365000000000e+02 6.945133093369e-03
2.370000000000e+02 6.402069012774e-03
2.375000000000e+02 5.911919066309e-03
2.380000000000e+02 5.503251189686e-03
2.385000000000e+02 5.199818056137e-03
2.390000000000e+02 5.019072757348e-03
2.395000000000e+02 4.971087574037e-03
2.400000000000e+02 5.057937044896e-03
2.405000000000e+02 5.273580047235e-03
2.410000000000e+02 5.604247235422e-03
2.415000000000e+02 6.029311486449e-03
2.420000000000e+02 6.522591534378e-03
2.425000000000e+02 7.054014230059e-03
2.430000000000e+02 7.591540185917e-03
2.435000000000e+02 8.103242087271e-03
2.440000000000e+02 8.559415522754e-03
2.445000000000e+02 8.934599334806e-03
2.450000000000e+02 9.209386393066e-03
2.455000000000e+02 9.371916162731e-03
2.460000000000e+02 9.418956939369e-03
2.465000000000e+02 9.356507288416e-03
2.470000000000e+02 9.199871921414e-03
2.475000000000e+02 8.973195601622e-03
2.480000000000e+02 8.708468192500e-03
2.485000000000e+02 8.444043068919e-03
2.490000000000e+02 8.222738244689e-03
2.495000000000e+02 8.089613270286e-03
2.500000000000e+02 8.089533937645e-03
2.505000000000e+02 8.264650053913e-03
2.510000000000e+02 8.651918272837e-03
2.515000000000e+02 9.280801800173e-03
2.520000000000e+02 1.017127167887e-02
2.525000000000e+02 1.133222063649e-02
2.530000000000e+02 1.276038081559e-02
2.535000000000e+02 1.443981209602e-02
2.540000000000e+02 1.634199940789e-02
2.545000000000e+02 1.842656687515e-02
2.550000000000e+02 2.064258539546e-02
2.555000000000e+02 2.293041996518e-02
2.560000000000e+02 2.522403527084e-02
2.565000000000e+02 2.745365423391e-02
2.570000000000e+02 2.954864556031e-02
2.575000000000e+02 3.144050388668e-02
2.580000000000e+02 3.306578049443e-02
2.585000000000e+02 3.436882408833e-02
2.590000000000e+02 3.530419974914e-02
2.595000000000e+02 3.583866944521e-02
2.600000000000e+02 3.595263865505e-02
2.605000000000e+02 3.564099964021e-02
2.610000000000e+02 3.491333139109e-02
2.615000000000e+02 3.379344774749e-02
2.620000000000e+02 3.231831706531e-02
2.625000000000e+02 3.053640743832e-02
2.630000000000e+02 2.850553933225e-02
2.635000000000e+02 2.629035113439e-02
2.640000000000e+02 2.395950137470e-02
2.645000000000e+02 2.158274331981e-02
2.650000000000e+02 1.922801269605e-02
2.655000000000e+02 1.695866723206e-02
2.660000000000e+02 1.483100766733e-02
2.665000000000e+02 1.289219434861e-02
2.670000000000e+02 1.117865236546e-02
2.675000000000e+02 9.715032479950e-03
2.680000000000e+02 8.513766235953e-03
2.685000000000e+02 7.575223098168e-03
2.690000000000e+02 6.888446861067e-03
2.695000000000e+02 6.432419465738e-03
2.700000000000e+02 6.177774268140e-03
2.705000000000e+02 6.088859047477e-03
2.710000000000e+02 6.126032728938e-03
2.715000000000e+02 6.248069728911e-03
2.720000000000e+02 6.414542490829e-03
2.725000000000e+02 6.588056286556e-03
2.730000000000e+02 6.736220472875e-03
2.735000000000e+02 6.833256528290e-03
2.740000000000e+02 6.861164451429e-03
2.745000000000e+02 6.810394311508e-03
2.750000000000e+02 6.679997533147e-03
2.755000000000e+02 6.477261371488e-03
2.760000000000e+02 6.216858437384e-03
2.765000000000e+02 5.919569547079e-03
2.770000000000e+02 5.610661188556e-03
2.775000000000e+02 5.318017297280e-03
2.780000000000e+02 5.070137847109e-03
2.785000000000e+02 4.894123320596e-03
2.790000000000e+02 4.813764095029e-03
2.795000000000e+02 4.847847189899e-03
2.800000000000e+02 5.008780042402e-03
2.805000000000e+02 5.301612716718e-03
2.810000000000e+02 5.723517210044e-03
2.815000000000e+02 6.263756533553e-03
2.820000000000e+02 6.904148433150e-03
2.825000000000e+02 7.620000484898e-03
2.830000000000e+02 8.381466382721e-03
2.835000000000e+02 9.155248996585e-03
2.840000000000e+02 9.906555541478e-03
2.845000000000e+02 1.060119507087e-02
2.850000000000e+02 1.120769933192e-02
2.855000000000e+02 1.169934531358e-02
2.860000000000e+02 1.205596175966e-02
2.865000000000e+02 1.226541232597e-02
2.870000000000e+02 1.232466440885e-02
2.875000000000e+02 1.224037411611e-02
2.880000000000e+02 1.202894327060e-02
2.885000000000e+02 1.171603239524e-02
2.890000000000e+02 1.133554284441e-02
2.895000000000e+02 1.092811007004e-02
2.900000000000e+02 1.053917690671e-02
2.905000000000e+02 1.021673928703e-02
2.910000000000e+02 1.000887568909e-02
2.915000000000e+02 9.961184840795e-03
2.920000000000e+02 1.011426302662e-02
2.925000000000e+02 1.050135235709e-02
2.930000000000e+02 1.114628452420e-02
2.935000000000e+02 1.206183118822e-02
2.940000000000e+02 1.324855287816e-02
2.945000000000e+02 1.469421410589e-02
2.950000000000e+02 1.637380451723e-02
2.955000000000e+02 1.825017575545e-02
2.960000000000e+02 2.027527283869e-02
2.965000000000e+02 2.239190884108e-02
2.970000000000e+02 2.453600406542e-02
2.975000000000e+02 2.663918713062e-02
2.980000000000e+02 2.863163670090e-02
2.985000000000e+02 3.044502992919e-02
2.990000000000e+02 3.201545773490e-02
2.995000000000e+02 3.328616810441e-02
3.000000000000e+02 3.421000664524e-02
3.005000000000e+02 3.475143823921e-02
3.010000000000e+02 3.488805408172e-02
3.015000000000e+02 3.461149362239e-02
3.020000000000e+02 3.392773964763e-02
3.025000000000e+02 3.285677550134e-02
3.030000000000e+02 3.143162465640e-02
3.035000000000e+02 2.969682293610e-02
3.040000000000e+02 2.770640111199e-02
3.045000000000e+02 2.552147898361e-02
3.050000000000e+02 2.320759020154e-02
3.055000000000e+02 2.083186912297e-02
3.060000000000e+02 1.846023630635e-02
3.065000000000e+02 1.615471762245e-02
3.070000000000e+02 1.397102350909e-02
3.075000000000e+02 1.195650010256e-02
3.080000000000e+02 1.014854364458e-02
3.085000000000e+02 8.573544777943e-03
3.090000000000e+02 7.246401418234e-03
3.095000000000e+02 6.170609295930e-03
3.100000000000e+02 5.338909549183e-03
3.105000000000e+02 4.734444462121e-03
3.110000000000e+02 4.332347048751e-03
3.115000000000e+02 4.101668983768e-03
3.120000000000e+02 4.007535455435e-03
3.125000000000e+02 4.013405655808e-03
3.130000000000e+02 4.083314300264e-03
3.135000000000e+02 4.183972904072e-03
3.140000000000e+02 4.286619308813e-03
3.145000000000e+02 4.368519577096e-03
3.150000000000e+02 4.414046983493e-03
3.155000000000e+02 4.415287285843e-03
3.160000000000e+02 4.372146427983e-03
3.165000000000e+02 4.291964838104e-03
3.170000000000e+02 4.188670032548e-03
3.175000000000e+02 4.081524829973e-03
3.180000000000e+02 3.993550751544e-03
3.185000000000e+02 3.949723938309e-03
3.190000000000e+02 3.975053211069e-03
3.195000000000e+02 4.092656080757e-03
3.200000000000e+02 4.321948267325e-03
3.205000000000e+02 4.677055627982e-03
3.210000000000e+02 5.165544700932e-03
3.215000000000e+02 5.787550032798e-03
3.220000000000e+02 6.535354058306e-03
3.225000000000e+02 7.393449755662e-03
3.230000000000e+02 8.339088996636e-03
3.235000000000e+02 9.343291928775e-03
3.240000000000e+02 1.037226636730e-02
3.245000000000e+02 1.138916247208e-02
3.250000000000e+02 1.235606823671e-02
3.255000000000e+02 1.323613660976e-02
3.260000000000e+02 1.399572622187e-02
3.265000000000e+02 1.460643521654e-02
3.270000000000e+02 1.504691174541e-02
3.275000000000e+02 1.530433511265e-02
3.280000000000e+02 1.537547781833e-02
3.285000000000e+02 1.526728002454e-02
3.290000000000e+02 1.499689314944e-02
3.295000000000e+02 1.459117706748e-02
3.300000000000e+02 1.408566430208e-02
3.305000000000e+02 1.352303311485e-02
3.310000000000e+02 1.295115801278e-02
3.315000000000e+02 1.242082949362e-02
3.320000000000e+02 1.198325358162e-02
3.325000000000e+02 1.168745485528e-02
3.330000000000e+02 1.157771351042e-02
3.335000000000e+02 1.169116713656e-02
3.340000000000e+02 1.205570126210e-02
3.345000000000e+02 1.268823964799e-02
3.350000000000e+02 1.359352642064e-02
3.355000000000e+02 1.476346837729e-02
3.360000000000e+02 1.617707837470e-02
3.365000000000e+02 1.780103101807e-02
3.370000000000e+02 1.959081142086e-02
3.375000000000e+02 2.149240816672e-02
3.380000000000e+02 2.344447429356e-02
3.385000000000e+02 2.538085654238e-02
3.390000000000e+02 2.723337448216e-02
3.395000000000e+02 2.893471839707e-02
3.400000000000e+02 3.042132866063e-02
3.405000000000e+02 3.163612003972e-02
3.410000000000e+02 3.253092193543e-02
3.415000000000e+02 3.306851958780e-02
3.420000000000e+02 3.322420102759e-02
3.425000000000e+02 3.298673903606e-02
3.430000000000e+02 3.235876531581e-02
3.435000000000e+02 3.135652405072e-02
3.440000000000e+02 3.000902250658e-02
3.445000000000e+02 2.835662574046e-02
3.450000000000e+02 2.644916935029e-02
3.455000000000e+02 2.434368714571e-02
3.460000000000e+02 2.210186850501e-02
3.465000000000e+02 1.978737211332e-02
3.470000000000e+02 1.746312817951e-02
3.475000000000e+02 1.518875986946e-02
3.480000000000e+02 1.301824668701e-02
3.485000000000e+02 1.099793834536e-02
3.490000000000e+02 9.165008078815e-03
3.495000000000e+02 7.546410407870e-03
3.500000000000e+02 6.158381366838e-03
3.505000000000e+02 5.006490565392e-03
3.510000000000e+02 4.086225692018e-03
3.515000000000e+02 3.384062686035e-03
3.520000000000e+02 2.878950231340e-03
3.525000000000e+02 2.544116729399e-03
3.530000000000e+02 2.349092539139e-03
3.535000000000e+02 2.261830798927e-03
3.540000000000e+02 2.250807025648e-03
3.545000000000e+02 2.286981034485e-03
3.550000000000e+02 2.345514312451e-03
3.555000000000e+02 2.407151250405e-03
3.560000000000e+02 2.459192733872e-03
3.565000000000e+02 2.496014400114e-03
3.570000000000e+02 2.519108082092e-03
3.575000000000e+02 2.536652149383e-03
3.580000000000e+02 2.562643145193e-03
3.585000000000e+02 2.615645861617e-03
3.590000000000e+02 2.717240455363e-03
3.595000000000e+02 2.890262225376e-03
3.600000000000e+02 3.156941335916e-03
3.605000000000e+02 3.537055446206e-03
3.610000000000e+02 4.046207596840e-03
3.615000000000e+02 4.694334838160e-03
3.620000000000e+02 5.484540338208e-03
3.625000000000e+02 6.412323766041e-03
3.630000000000e+02 7.465262578719e-03
3.635000000000e+02 8.623171644303e-03
3.640000000000e+02 9.858741770792e-03
3.645000000000e+02 1.113863063638e-02
3.650000000000e+02 1.242495379867e-02
3.655000000000e+02 1.367710030528e-02
3.660000000000e+02 1.485377820239e-02
3.665000000000e+02 1.591518100196e-02
3.670000000000e+02 1.682515772017e-02
3.675000000000e+02 1.755326692993e-02
3.680000000000e+02 1.807659953846e-02
3.685000000000e+02 1.838126552127e-02
3.690000000000e+02 1.846345610127e-02
3.695000000000e+02 1.833001402941e-02
3.700000000000e+02 1.799846961537e-02
3.705000000000e+02 1.749652767541e-02
3.710000000000e+02 1.686101917565e-02
3.715000000000e+02 1.613635955253e-02
3.720000000000e+02 1.537258200254e-02
3.725000000000e+02 1.462303705943e-02
3.730000000000e+02 1.394186829044e-02
3.735000000000e+02 1.338138695069e-02
3.740000000000e+02 1.298947522337e-02
3.745000000000e+02 1.280714785329e-02
3.750000000000e+02 1.286639550642e-02
3.755000000000e+02 1.318842035639e-02
3.760000000000e+02 1.378235584146e-02
3.765000000000e+02 1.464453918161e-02
3.770000000000e+02 1.575837827594e-02
3.775000000000e+02 1.709482538481e-02
3.780000000000e+02 1.861344003049e-02
3.785000000000e+02 2.026399435402e-02
3.790000000000e+02 2.198854723818e-02
3.795000000000e+02 2.372389022511e-02
3.800000000000e+02 2.540424981253e-02
3.805000000000e+02 2.696411804604e-02
3.810000000000e+02 2.834107708210e-02
3.815000000000e+02 2.947848388833e-02
3.820000000000e+02 3.032788844295e-02
3.825000000000e+02 3.085107231302e-02
3.830000000000e+02 3.102161362888e-02
3.835000000000e+02 3.082590823833e-02
3.840000000000e+02 3.026360399051e-02
3.845000000000e+02 2.934743426742e-02
3.850000000000e+02 2.810246655171e-02
3.855000000000e+02 2.656481047435e-02
3.860000000000e+02 2.477985596383e-02
3.865000000000e+02 2.280013449319e-02
3.870000000000e+02 2.068291386823e-02
3.875000000000e+02 1.848764865609e-02
3.880000000000e+02 1.627341365946e-02
3.885000000000e+02 1.409644657123e-02
3.890000000000e+02 1.200791821594e-02
3.895000000000e+02 1.005203504939e-02
3.900000000000e+02 8.264559612623e-03
3.905000000000e+02 6.671811452890e-03
3.910000000000e+02 5.290184882409e-03
3.915000000000e+02 4.126192240610e-03
3.920000000000e+02 3.177013528356e-03
3.925000000000e+02 2.431506859584e-03
3.930000000000e+02 1.871610512682e-03
3.935000000000e+02 1.474047692635e-03
3.940000000000e+02 1.212230449272e-03
3.945000000000e+02 1.058250279293e-03
3.950000000000e+02 9.848402033974e-04
3.955000000000e+02 9.671966568088e-04
3.960000000000e+02 9.845591277841e-04
3.965000000000e+02 1.021460568726e-03
3.970000000000e+02 1.068581340521e-03
3.975000000000e+02 1.123162739489e-03
3.980000000000e+02 1.188961717695e-03
3.985000000000e+02 1.275754842715e-03
3.990000000000e+02 1.398425410578e-03
3.995000000000e+02 1.575691517172e-03
4.000000000000e+02 1.828553509588e-03
4.005000000000e+02 2.178555458283e-03
4.010000000000e+02 2.645966230266e-03
4.015000000000e+02 3.247990804220e-03
4.020000000000e+02 3.997121369225e-03
4.025000000000e+02 4.899730539834e-03
4.030000000000e+02 5.954996081632e-03
4.035000000000e+02 7.154228562186e-03
4.040000000000e+02 8.480651284145e-03
4.045000000000e+02 9.909656903805e-03
4.050000000000e+02 1.140953863170e-02
4.055000000000e+02 1.294266728144e-02
4.060000000000e+02 1.446706011991e-02
4.065000000000e+02 1.593826485151e-02
4.070000000000e+02 1.731146337790e-02
4.075000000000e+02 1.854368624497e-02
4.080000000000e+02 1.959602069058e-02
4.085000000000e+02 2.043569341155e-02
4.090000000000e+02 2.103791371617e-02
4.095000000000e+02 2.138737342626e-02
4.100000000000e+02 2.147931621897e-02
4.105000000000e+02 2.132011023165e-02
4.110000000000e+02 2.092728261425e-02
4.115000000000e+02 2.032900202172e-02
4.120000000000e+02 1.956302337874e-02
4.125000000000e+02 1.867513714332e-02
4.130000000000e+02 1.771719128635e-02
4.135000000000e+02 1.674477692240e-02
4.140000000000e+02 1.581468677402e-02
4.145000000000e+02 1.498226845278e-02
4.150000000000e+02 1.429880120405e-02
4.155000000000e+02 1.380902491178e-02
4.160000000000e+02 1.354894375614e-02
4.165000000000e+02 1.354401426159e-02
4.170000000000e+02 1.380780919035e-02
4.175000000000e+02 1.434122574554e-02
4.180000000000e+02 1.513228001165e-02
4.185000000000e+02 1.615650082603e-02
4.190000000000e+02 1.737790680716e-02
4.195000000000e+02 1.875052156494e-02
4.200000000000e+02 2.022035565005e-02
4.205000000000e+02 2.172776091059e-02
4.210000000000e+02 2.321004477987e-02
4.215000000000e+02 2.460421953729e-02
4.220000000000e+02 2.584975539217e-02
4.225000000000e+02 2.689120663810e-02
4.230000000000e+02 2.768058707683e-02
4.235000000000e+02 2.817938403824e-02
4.240000000000e+02 2.836011893449e-02
4.245000000000e+02 2.820738540901e-02
4.250000000000e+02 2.771832256953e-02
4.255000000000e+02 2.690250916171e-02
4.260000000000e+02 2.578129337998e-02
4.265000000000e+02 2.438660084386e-02
4.270000000000e+02 2.275928866670e-02
4.275000000000e+02 2.094713522037e-02
4.280000000000e+02 1.900257206168e-02
4.285000000000e+02 1.698027570114e-02
4.290000000000e+02 1.493474192583e-02
4.295000000000e+02 1.291796402441e-02
4.300000000000e+02 1.097732863101e-02
4.305000000000e+02 9.153829456107e-03
4.310000000000e+02 7.480680663479e-03
4.315000000000e+02 5.982389098444e-03
4.320000000000e+02 4.674319197393e-03
4.325000000000e+02 3.562757577528e-03
4.330000000000e+02 2.645457452581e-03
4.335000000000e+02 1.912617572189e-03
4.340000000000e+02 1.348227684610e-03
4.345000000000e+02 9.316937654565e-04
4.350000000000e+02 6.396424151026e-04
4.355000000000e+02 4.477956122962e-04
4.360000000000e+02 3.328048263783e-04
4.365000000000e+02 2.739374154661e-04
4.370000000000e+02 2.545180256603e-04
4.375000000000e+02 2.630427956931e-04
4.380000000000e+02 2.939037182745e-04
4.385000000000e+02 3.476834322446e-04
4.390000000000e+02 4.310057577315e-04
4.395000000000e+02 5.559530676495e-04
4.400000000000e+02 7.390867027502e-04
4.405000000000e+02 1.000129711157e-03
4.410000000000e+02 1.360390964991e-03
4.415000000000e+02 1.841025092507e-03
4.420000000000e+02 2.461232816962e-03
4.425000000000e+02 3.236510647416e-03
4.430000000000e+02 4.177057168463e-03
4.435000000000e+02 5.286435497823e-03
4.440000000000e+02 6.560578217651e-03
4.445000000000e+02 7.987202933915e-03
4.450000000000e+02 9.545684539666e-03
4.455000000000e+02 1.120740542834e-02
4.460000000000e+02 1.293657864984e-02
4.465000000000e+02 1.469151273387e-02
4.470000000000e+02 1.642626203801e-02
4.475000000000e+02 1.809258435818e-02
4.480000000000e+02 1.964210937437e-02
4.485000000000e+02 2.102860829472e-02
4.490000000000e+02 2.221024755014e-02
4.495000000000e+02 2.315170802377e-02
4.500000000000e+02 2.382605619469e-02
4.505000000000e+02 2.421626452480e-02
4.510000000000e+02 2.431629489044e-02
4.515000000000e+02 2.413168003328e-02
4.520000000000e+02 2.367956280209e-02
4.525000000000e+02 2.298818010903e-02
4.530000000000e+02 2.209580663069e-02
4.535000000000e+02 2.104920088997e-02
4.540000000000e+02 1.990162202433e-02
4.545000000000e+02 1.871050793850e-02
4.550000000000e+02 1.753492348022e-02
4.555000000000e+02 1.643289981875e-02
4.560000000000e+02 1.545879267715e-02
4.565000000000e+02 1.466078711253e-02
4.570000000000e+02 1.407867012863e-02
4.575000000000e+02 1.374197984920e-02
4.580000000000e+02 1.366862190461e-02
4.585000000000e+02 1.386402100053e-02
4.590000000000e+02 1.432084949568e-02
4.595000000000e+02 1.501934654548e-02
4.600000000000e+02 1.592821240970e-02
4.605000000000e+02 1.700603434944e-02
4.610000000000e+02 1.820317458551e-02
4.615000000000e+02 1.946402837496e-02
4.620000000000e+02 2.072954251946e-02
4.625000000000e+02 2.193987243976e-02
4.630000000000e+02 2.303704993867e-02
4.635000000000e+02 2.396753421460e-02
4.640000000000e+02 2.468452552950e-02
4.645000000000e+02 2.514993380028e-02
4.650000000000e+02 2.533591258155e-02
4.655000000000e+02 2.522589147923e-02
4.660000000000e+02 2.481506579363e-02
4.665000000000e+02 2.411032979474e-02
4.670000000000e+02 2.312966804724e-02
4.675000000000e+02 2.190104618143e-02
4.680000000000e+02 2.046086706260e-02
4.685000000000e+02 1.885207919297e-02
4.690000000000e+02 1.712204033344e-02
4.695000000000e+02 1.532024995581e-02
4.700000000000e+02 1.349606872354e-02
4.705000000000e+02 1.169654156299e-02
4.710000000000e+02 9.964433167477e-03
4.715000000000e+02 8.336571434330e-03
4.720000000000e+02 6.842576123296e-03
4.725000000000e+02 5.504027949629e-03
4.730000000000e+02 4.334108592728e-03
4.735000000000e+02 3.337716049862e-03
4.740000000000e+02 2.512033796936e-03
4.745000000000e+02 1.847507724200e-03
4.750000000000e+02 1.329163099339e-03
4.755000000000e+02 9.381760231392e-04
4.760000000000e+02 6.536009189678e-04
4.765000000000e+02 4.541482066276e-04
4.770000000000e+02 3.199048246671e-04
4.775000000000e+02 2.338947350908e-04
4.780000000000e+02 1.833867022940e-04
4.785000000000e+02 1.608719097951e-04
4.790000000000e+02 1.646535154938e-04
4.795000000000e+02 1.990129713909e-04
4.800000000000e+02 2.739425989198e-04
4.805000000000e+02 4.044591642566e-04
4.810000000000e+02 6.095376557591e-04
4.815000000000e+02 9.107267872631e-04
4.820000000000e+02 1.330526709990e-03
4.825000000000e+02 1.890623966174e-03
4.830000000000e+02 2.610088049326e-03
4.835000000000e+02 3.503637519440e-03
4.840000000000e+02 4.580081235051e-03
4.845000000000e+02 5.841032007601e-03
4.850000000000e+02 7.279976272836e-03
4.855000000000e+02 8.881764919432e-03
4.860000000000e+02 1.062256818474e-02
4.865000000000e+02 1.247031269555e-02
4.870000000000e+02 1.438559261731e-02
4.875000000000e+02 1.632302087096e-02
4.880000000000e+02 1.823296187786e-02
4.885000000000e+02 2.006356561996e-02
4.890000000000e+02 2.176300513341e-02
4.895000000000e+02 2.328180685872e-02
4.900000000000e+02 2.457515626454e-02
4.905000000000e+02 2.560506025879e-02
4.910000000000e+02 2.634225319822e-02
4.915000000000e+02 2.676774457498e-02
4.920000000000e+02 2.687392315217e-02
4.925000000000e+02 2.666515360748e-02
4.930000000000e+02 2.615782654959e-02
4.935000000000e+02 2.537984983015e-02
4.940000000000e+02 2.436959699778e-02
4.945000000000e+02 2.317435609108e-02
4.950000000000e+02 2.184834733148e-02
4.955000000000e+02 2.045040033688e-02
4.960000000000e+02 1.904139908749e-02
4.965000000000e+02 1.768161511221e-02
4.970000000000e+02 1.642805558394e-02
4.975000000000e+02 1.533195287853e-02
4.980000000000e+02 1.443651565672e-02
4.985000000000e+02 1.377504899168e-02
4.990000000000e+02 1.336953311790e-02
4.995000000000e+02 1.322972793128e-02
5.000000000000e+02 1.335284456843e-02
5.005000000000e+02 1.372379755022e-02
5.010000000000e+02 1.431602251023e-02
5.015000000000e+02 1.509281689269e-02
5.020000000000e+02 1.600913560243e-02
5.025000000000e+02 1.701375170768e-02
5.030000000000e+02 1.805167503935e-02
5.035000000000e+02 1.906670975928e-02
5.040000000000e+02 2.000402626066e-02
5.045000000000e+02 2.081262337857e-02
5.050000000000e+02 2.144756376043e-02
5.055000000000e+02 2.187187798629e-02
5.060000000000e+02 2.205805094483e-02
5.065000000000e+02 2.198902610673e-02
5.070000000000e+02 2.165868852064e-02
5.075000000000e+02 2.107181426601e-02
5.080000000000e+02 2.024350132348e-02
5.085000000000e+02 1.919812295384e-02
5.090000000000e+02 1.796786835942e-02
5.095000000000e+02 1.659095542365e-02
5.100000000000e+02 1.510961566984e-02
5.105000000000e+02 1.356796148542e-02
5.110000000000e+02 1.200984965023e-02
5.115000000000e+02 1.047685312739e-02
5.120000000000e+02 9.006445087521e-03
5.125000000000e+02 7.630485714728e-03
5.130000000000e+02 6.374084247294e-03
5.135000000000e+02 5.254886940700e-03
5.140000000000e+02 4.282817400359e-03
5.145000000000e+02 3.460270335836e-03
5.150000000000e+02 2.782734613044e-03
5.155000000000e+02 2.239797883082e-03
5.160000000000e+02 1.816464313236e-03
5.165000000000e+02 1.494700146579e-03
5.170000000000e+02 1.255109864705e-03
5.175000000000e+02 1.078639252802e-03
5.180000000000e+02 9.482010003767e-04
5.185000000000e+02 8.501236329926e-04
5.190000000000e+02 7.753352645002e-04
5.195000000000e+02 7.202092912322e-04
5.200000000000e+02 6.870188584531e-04
5.205000000000e+02 6.839696346714e-04
5.210000000000e+02 7.248048877916e-04
5.215000000000e+02 8.280017304521e-04
5.220000000000e+02 1.015601327455e-03
5.225000000000e+02 1.311737522947e-03
5.230000000000e+02 1.740946554982e-03
5.235000000000e+02 2.326354269982e-03
5.240000000000e+02 3.087845757304e-03
5.245000000000e+02 4.040325101584e-03
5.250000000000e+02 5.192169812089e-03
5.255000000000e+02 6.543975564745e-03
5.260000000000e+02 8.087672626281e-03
5.265000000000e+02 9.806076451288e-03
5.270000000000e+02 1.167291243291e-02
5.275000000000e+02 1.365332982568e-02
5.280000000000e+02 1.570489376103e-02
5.285000000000e+02 1.777901842592e-02
5.290000000000e+02 1.982278025063e-02
5.295000000000e+02 2.178102865190e-02
5.300000000000e+02 2.359869465388e-02
5.305000000000e+02 2.522318550362e-02
5.310000000000e+02 2.660674689297e-02
5.315000000000e+02 2.770867398138e-02
5.320000000000e+02 2.849725815252e-02
5.325000000000e+02 2.895136807859e-02
5.330000000000e+02 2.906158064685e-02
5.335000000000e+02 2.883079877680e-02
5.340000000000e+02 2.827431804337e-02
5.345000000000e+02 2.741933105425e-02
5.350000000000e+02 2.630388632945e-02
5.355000000000e+02 2.497534557146e-02
5.360000000000e+02 2.348840830042e-02
5.365000000000e+02 2.190279456732e-02
5.370000000000e+02 2.028069372576e-02
5.375000000000e+02 1.868409914690e-02
5.380000000000e+02 1.717215468140e-02
5.385000000000e+02 1.579863829847e-02
5.390000000000e+02 1.460970167653e-02
5.395000000000e+02 1.364197192054e-02
5.400000000000e+02 1.292110368024e-02
5.405000000000e+02 1.246084765752e-02
5.410000000000e+02 1.226267595954e-02
5.415000000000e+02 1.231597728422e-02
5.420000000000e+02 1.259880692004e-02
5.425000000000e+02 1.307914943033e-02
5.430000000000e+02 1.371662705384e-02
5.435000000000e+02 1.446456554482e-02
5.440000000000e+02 1.527231246932e-02
5.445000000000e+02 1.608769170031e-02
5.450000000000e+02 1.685947255746e-02
5.455000000000e+02 1.753973295381e-02
5.460000000000e+02 1.808600295102e-02
5.465000000000e+02 1.846308788212e-02
5.470000000000e+02 1.864448797464e-02
5.475000000000e+02 1.861335323861e-02
5.480000000000e+02 1.836293710863e-02
5.485000000000e+02 1.789653863767e-02
5.490000000000e+02 1.722694954715e-02
5.495000000000e+02 1.637544775601e-02
5.500000000000e+02 1.537040182439e-02
5.505000000000e+02 1.424556987744e-02
5.510000000000e+02 1.303819104583e-02
5.515000000000e+02 1.178697654623e-02
5.520000000000e+02 1.053011079331e-02
5.525000000000e+02 9.303370258015e-03
5.530000000000e+02 8.138459358120e-03
5.535000000000e+02 7.061648982749e-03
5.540000000000e+02 6.092785086356e-03
5.545000000000e+02 5.244713150607e-03
5.550000000000e+02 4.523140394798e-03
5.555000000000e+02 3.926932725728e-03
5.560000000000e+02 3.448818910920e-03
5.565000000000e+02 3.076451665111e-03
5.570000000000e+02 2.793755492005e-03
5.575000000000e+02 2.582475292979e-03
5.580000000000e+02 2.423828793703e-03
5.585000000000e+02 2.300160336292e-03
5.590000000000e+02 2.196493830450e-03
5.595000000000e+02 2.101888633264e-03
5.600000000000e+02 2.010513504482e-03
5.605000000000e+02 1.922369941517e-03
5.610000000000e+02 1.843616255574e-03
5.615000000000e+02 1.786466615168e-03
5.620000000000e+02 1.768663710753e-03
5.625000000000e+02 1.812548351112e-03
5.630000000000e+02 1.943772841321e-03
5.635000000000e+02 2.189726121105e-03
5.640000000000e+02 2.577756196292e-03
5.645000000000e+02 3.133288396741e-03
5.650000000000e+02 3.877945705798e-03
5.655000000000e+02 4.827779373366e-03
5.660000000000e+02 5.991714097974e-03
5.665000000000e+02 7.370302408683e-03
5.670000000000e+02 8.954867967616e-03
5.675000000000e+02 1.072709810502e-02
5.680000000000e+02 1.265912298957e-02
5.685000000000e+02 1.471409361931e-02
5.690000000000e+02 1.684724461259e-02
5.695000000000e+02 1.900740196387e-02
5.700000000000e+02 2.113887187387e-02
5.705000000000e+02 2.318362574719e-02
5.710000000000e+02 2.508367960415e-02
5.715000000000e+02 2.678355439016e-02
5.720000000000e+02 2.823269764131e-02
5.725000000000e+02 2.938774703323e-02
5.730000000000e+02 3.021452254324e-02
5.735000000000e+02 3.068964601170e-02
5.740000000000e+02 3.080170421176e-02
5.745000000000e+02 3.055189326500e-02
5.750000000000e+02 2.995410727875e-02
5.755000000000e+02 2.903446116040e-02
5.760000000000e+02 2.783026530489e-02
5.765000000000e+02 2.638849683712e-02
5.770000000000e+02 2.476383694040e-02
5.775000000000e+02 2.301636524122e-02
5.780000000000e+02 2.120901915111e-02
5.785000000000e+02 1.940493761915e-02
5.790000000000e+02 1.766481433336e-02
5.795000000000e+02 1.604438474065e-02
5.800000000000e+02 1.459216437148e-02
5.805000000000e+02 1.334754321455e-02
5.810000000000e+02 1.233932294777e-02
5.815000000000e+02 1.158476161993e-02
5.820000000000e+02 1.108916503695e-02
5.825000000000e+02 1.084603694040e-02
5.830000000000e+02 1.083777246701e-02
5.835000000000e+02 1.103685275773e-02
5.840000000000e+02 1.140747430036e-02
5.845000000000e+02 1.190752586994e-02
5.850000000000e+02 1.249080981898e-02
5.855000000000e+02 1.310939376018e-02
5.860000000000e+02 1.371597389497e-02
5.865000000000e+02 1.426613257193e-02
5.870000000000e+02 1.472037999746e-02
5.875000000000e+02 1.504588293689e-02
5.880000000000e+02 1.521780102138e-02
5.885000000000e+02 1.522017294720e-02
5.890000000000e+02 1.504631925370e-02
5.895000000000e+02 1.469875419224e-02
5.900000000000e+02 1.418862508098e-02
5.905000000000e+02 1.353472211533e-02
5.910000000000e+02 1.276212358278e-02
5.915000000000e+02 1.190055967172e-02
5.920000000000e+02 1.098259162604e-02
5.925000000000e+02 1.004171119882e-02
5.930000000000e+02 9.110467799767e-03
5.935000000000e+02 8.218727327235e-03
5.940000000000e+02 7.392157651307e-03
5.945000000000e+02 6.651021594058e-03
5.950000000000e+02 6.009339833202e-03
5.955000000000e+02 5.474464458638e-03
5.960000000000e+02 5.047080134312e-03
5.965000000000e+02 4.721625263804e-03
5.970000000000e+02 4.487101569982e-03
5.975000000000e+02 4.328218385212e-03
5.980000000000e+02 4.226798914283e-03
5.985000000000e+02 4.163360814320e-03
5.990000000000e+02 4.118773447980e-03
5.995000000000e+02 4.075889654467e-03
6.000000000000e+02 4.021051097849e-03
6.005000000000e+02 3.945373133602e-03
6.010000000000e+02 3.845727316676e-03
6.015000000000e+02 3.725356503091e-03
6.020000000000e+02 3.594078067003e-03
6.025000000000e+02 3.468053954562e-03
6.030000000000e+02 3.369130870151e-03
6.035000000000e+02 3.323778504646e-03
6.040000000000e+02 3.361677029000e-03
6.045000000000e+02 3.514025812907e-03
6.050000000000e+02 3.811662344356e-03
6.055000000000e+02 4.283092672788e-03
6.060000000000e+02 4.952541672986e-03
6.065000000000e+02 5.838132609674e-03
6.070000000000e+02 6.950300761725e-03
6.075000000000e+02 8.290535442272e-03
6.080000000000e+02 9.850529133291e-03
6.085000000000e+02 1.161179242611e-02
6.090000000000e+02 1.354577004652e-02
6.095000000000e+02 1.561446765338e-02
6.100000000000e+02 1.777157266363e-02
6.105000000000e+02 1.996402645666e-02
6.110000000000e+02 2.213398131004e-02
6.115000000000e+02 2.422105458482e-02
6.120000000000e+02 2.616477612428e-02
6.125000000000e+02 2.790711344556e-02
6.130000000000e+02 2.939495371630e-02
6.135000000000e+02 3.058242204585e-02
6.140000000000e+02 3.143292229128e-02
6.145000000000e+02 3.192079907514e-02
6.150000000000e+02 3.203253742166e-02
6.155000000000e+02 3.176743845660e-02
6.160000000000e+02 3.113773487348e-02
6.165000000000e+02 3.016813706400e-02
6.170000000000e+02 2.889482856217e-02
6.175000000000e+02 2.736395634441e-02
6.180000000000e+02 2.562968619198e-02
6.185000000000e+02 2.375191449843e-02
6.190000000000e+02 2.179374451609e-02
6.195000000000e+02 1.981884623629e-02
6.200000000000e+02 1.788882432633e-02
6.205000000000e+02 1.606071754167e-02
6.210000000000e+02 1.438474586243e-02
6.215000000000e+02 1.290240864827e-02
6.220000000000e+02 1.164501904575e-02
6.225000000000e+02 1.063273765744e-02
6.230000000000e+02 9.874143245633e-03
6.235000000000e+02 9.366351299645e-03
6.240000000000e+02 9.095664033878e-03
6.245000000000e+02 9.038709202272e-03
6.250000000000e+02 9.164001352481e-03
6.255000000000e+02 9.433839005369e-03
6.260000000000e+02 9.806435745801e-03
6.265000000000e+02 1.023817311435e-02
6.270000000000e+02 1.068585897850e-02
6.275000000000e+02 1.110887690629e-02
6.280000000000e+02 1.147111981989e-02
6.285000000000e+02 1.174261441573e-02
6.290000000000e+02 1.190076076350e-02
6.295000000000e+02 1.193113315592e-02
6.300000000000e+02 1.182781250188e-02
6.305000000000e+02 1.159324603540e-02
6.310000000000e+02 1.123765549046e-02
6.315000000000e+02 1.077803881960e-02
6.320000000000e+02 1.023683174835e-02
6.325000000000e+02 9.640312843905e-03
6.330000000000e+02 9.016848433651e-03
6.335000000000e+02 8.395080988133e-03
6.340000000000e+02 7.802166129786e-03
6.345000000000e+02 7.262159193750e-03
6.350000000000e+02 6.794642514915e-03
6.355000000000e+02 6.413669902669e-03
6.360000000000e+02 6.127085916371e-03
6.365000000000e+02 5.936255613658e-03
6.370000000000e+02 5.836216619050e-03
6.375000000000e+02 5.816240959807e-03
6.380000000000e+02 5.860770476868e-03
6.385000000000e+02 5.950668035663e-03
6.390000000000e+02 6.064708418070e-03
6.395000000000e+02 6.181218680104e-03
6.400000000000e+02 6.279768689308e-03
6.405000000000e+02 6.342809017970e-03
6.410000000000e+02 6.357155572497e-03
6.415000000000e+02 6.315228184062e-03
6.420000000000e+02 6.215963463863e-03
6.425000000000e+02 6.065339848834e-03
6.430000000000e+02 5.876473990865e-03
6.435000000000e+02 5.669271340486e-03
6.440000000000e+02 5.469638669435e-03
6.445000000000e+02 5.308291024301e-03
6.450000000000e+02 5.219208861962e-03
6.455000000000e+02 5.237821620107e-03
6.460000000000e+02 5.399010594465e-03
6.465000000000e+02 5.735035802898e-03
6.470000000000e+02 6.273497841510e-03
6.475000000000e+02 7.035446192571e-03
6.480000000000e+02 8.033739953079e-03
6.485000000000e+02 9.271755754151e-03
6.490000000000e+02 1.074252127836e-02
6.495000000000e+02 1.242833207247e-02
6.500000000000e+02 1.430088534962e-02
6.505000000000e+02 1.632193840930e-02
6.510000000000e+02 1.844447252287e-02
6.515000000000e+02 2.061431702767e-02
6.520000000000e+02 2.277216430874e-02
6.525000000000e+02 2.485588558586e-02
6.530000000000e+02 2.680304106450e-02
6.535000000000e+02 2.855346692309e-02
6.540000000000e+02 3.005181640091e-02
6.545000000000e+02 3.124993321834e-02
6.550000000000e+02 3.210894268720e-02
6.555000000000e+02 3.260095881334e-02
6.560000000000e+02 3.271032381821e-02
6.565000000000e+02 3.243431890054e-02
6.570000000000e+02 3.178331059351e-02
6.575000000000e+02 3.078032445014e-02
6.580000000000e+02 2.946006562105e-02
6.585000000000e+02 2.786743275573e-02
6.590000000000e+02 2.605559619669e-02
6.595000000000e+02 2.408373239711e-02
6.600000000000e+02 2.201452281596e-02
6.605000000000e+02 1.991153640801e-02
6.610000000000e+02 1.783661968968e-02
6.615000000000e+02 1.584741699619e-02
6.620000000000e+02 1.399513604267e-02
6.625000000000e+02 1.232266067016e-02
6.630000000000e+02 1.086309439932e-02
6.635000000000e+02 9.638796091216e-03
6.640000000000e+02 8.660943790780e-03
6.645000000000e+02 7.929636019395e-03
6.650000000000e+02 7.434512775291e-03
6.655000000000e+02 7.155852688719e-03
6.660000000000e+02 7.066079486954e-03
6.665000000000e+02 7.131591338765e-03
6.670000000000e+02 7.314811756184e-03
6.675000000000e+02 7.576351270415e-03
6.680000000000e+02 7.877165516335e-03
6.685000000000e+02 8.180597794947e-03
6.690000000000e+02 8.454202455384e-03
6.695000000000e+02 8.671259063381e-03
6.700000000000e+02 8.811905535321e-03
6.705000000000e+02 8.863840213903e-03
6.710000000000e+02 8.822567055315e-03
6.715000000000e+02 8.691183379678e-03
6.720000000000e+02 8.479734647827e-03
6.725000000000e+02 8.204184128708e-03
6.730000000000e+02 7.885065867792e-03
6.735000000000e+02 7.545905968465e-03
6.740000000000e+02 7.211508984685e-03
6.745000000000e+02 6.906212581688e-03
6.750000000000e+02 6.652214236565e-03
6.755000000000e+02 6.468068614119e-03
6.760000000000e+02 6.367443667996e-03
6.765000000000e+02 6.358208078832e-03
6.770000000000e+02 6.441903205887e-03
6.775000000000e+02 6.613630367956e-03
6.780000000000e+02 6.862360211418e-03
6.785000000000e+02 7.171646487689e-03
6.790000000000e+02 7.520703089340e-03
6.795000000000e+02 7.885781972525e-03
6.800000000000e+02 8.241771791140e-03
6.805000000000e+02 8.563923671081e-03
6.810000000000e+02 8.829602308696e-03
6.815000000000e+02 9.019957959496e-03
6.820000000000e+02 9.121418059413e-03
6.825000000000e+02 9.126906049968e-03
6.830000000000e+02 9.036709011039e-03
6.835000000000e+02 8.858934212248e-03
6.840000000000e+02 8.609516700115e-03
6.845000000000e+02 8.311764378304e-03
6.850000000000e+02 7.995452413988e-03
6.855000000000e+02 7.695503854735e-03
6.860000000000e+02 7.450316718642e-03
6.865000000000e+02 7.299818256597e-03
6.870000000000e+02 7.283343462048e-03
6.875000000000e+02 7.437446310887e-03
6.880000000000e+02 7.793758002056e-03
6.885000000000e+02 8.377006280882e-03
6.890000000000e+02 9.203303719560e-03
6.895000000000e+02 1.027880087712e-02
6.900000000000e+02 1.159878314289e-02
6.905000000000e+02 1.314726863698e-02
6.910000000000e+02 1.489713988239e-02
6.915000000000e+02 1.681081533599e-02
6.920000000000e+02 1.884143963760e-02
6.925000000000e+02 2.093454501519e-02
6.930000000000e+02 2.303011204057e-02
6.935000000000e+02 2.506493712741e-02
6.940000000000e+02 2.697519789339e-02
6.945000000000e+02 2.869909662846e-02
6.950000000000e+02 3.017945720594e-02
6.955000000000e+02 3.136615211741e-02
6.960000000000e+02 3.221824385935e-02
6.965000000000e+02 3.270573828282e-02
6.970000000000e+02 3.281086606788e-02
6.975000000000e+02 3.252883126606e-02
6.980000000000e+02 3.186799171182e-02
6.985000000000e+02 3.084946372350e-02
6.990000000000e+02 2.950617149108e-02
6.995000000000e+02 2.788138845781e-02
7.000000000000e+02 2.602684247972e-02
7.005000000000e+02 2.400047735009e-02
7.010000000000e+02 2.186397935530e-02
7.015000000000e+02 1.968018808151e-02
7.020000000000e+02 1.751051520006e-02
7.025000000000e+02 1.541249322032e-02
7.030000000000e+02 1.343756833125e-02
7.035000000000e+02 1.162923789246e-02
7.040000000000e+02 1.002161461229e-02
7.045000000000e+02 8.638476945718e-03
7.050000000000e+02 7.492839945670e-03
7.055000000000e+02 6.587054032193e-03
7.060000000000e+02 5.913412300113e-03
7.065000000000e+02 5.455221460697e-03
7.070000000000e+02 5.188268621866e-03
7.075000000000e+02 5.082597027473e-03
7.080000000000e+02 5.104489564407e-03
7.085000000000e+02 5.218550017915e-03
7.090000000000e+02 5.389769127953e-03
7.095000000000e+02 5.585465577887e-03
7.100000000000e+02 5.777000918537e-03
7.105000000000e+02 5.941181576657e-03
7.110000000000e+02 6.061279723141e-03
7.115000000000e+02 6.127626852096e-03
7.120000000000e+02 6.137758241263e-03
7.125000000000e+02 6.096111703596e-03
7.130000000000e+02 6.013308835236e-03
7.135000000000e+02 5.905069980478e-03
7.140000000000e+02 5.790834133707e-03
7.145000000000e+02 5.692170913450e-03
7.150000000000e+02 5.631082727082e-03
7.155000000000e+02 5.628300718608e-03
7.160000000000e+02 5.701677774748e-03
7.165000000000e+02 5.864775789451e-03
7.170000000000e+02 6.125732896238e-03
7.175000000000e+02 6.486480107322e-03
7.180000000000e+02 6.942356641489e-03
7.185000000000e+02 7.482150282827e-03
7.190000000000e+02 8.088564644510e-03
7.195000000000e+02 8.739090554640e-03
7.200000000000e+02 9.407235285314e-03
7.205000000000e+02 1.006404230275e-02
7.210000000000e+02 1.067981678647e-02
7.215000000000e+02 1.122595931870e-02
7.220000000000e+02 1.167680260669e-02
7.225000000000e+02 1.201134431196e-02
7.230000000000e+02 1.221477315570e-02
7.235000000000e+02 1.227969526581e-02
7.240000000000e+02 1.220698274038e-02
7.245000000000e+02 1.200618585100e-02
7.250000000000e+02 1.169547318748e-02
7.255000000000e+02 1.130108914748e-02
7.260000000000e+02 1.085634417620e-02
7.265000000000e+02 1.040017867710e-02
7.270000000000e+02 9.975365181506e-03
7.275000000000e+02 9.626433906265e-03
7.280000000000e+02 9.397423128570e-03
7.285000000000e+02 9.329566965907e-03
7.290000000000e+02 9.459038533494e-03
7.295000000000e+02 9.814865729551e-03
7.300000000000e+02 1.041713005616e-02
7.305000000000e+02 1.127554622880e-02
7.310000000000e+02 1.238850247407e-02
7.315000000000e+02 1.374261925263e-02
7.320000000000e+02 1.531285879074e-02
7.325000000000e+02 1.706319054914e-02
7.330000000000e+02 1.894778999830e-02
7.335000000000e+02 2.091272122957e-02
7.340000000000e+02 2.289802939918e-02
7.345000000000e+02 2.484014804492e-02
7.350000000000e+02 2.667451002416e-02
7.355000000000e+02 2.833824004708e-02
7.360000000000e+02 2.977280208870e-02
7.365000000000e+02 3.092647661341e-02
7.370000000000e+02 3.175655046469e-02
7.375000000000e+02 3.223111606610e-02
7.380000000000e+02 3.233039555064e-02
7.385000000000e+02 3.204752861904e-02
7.390000000000e+02 3.138878914334e-02
7.395000000000e+02 3.037322344252e-02
7.400000000000e+02 2.903173133942e-02
7.405000000000e+02 2.740563812736e-02
7.410000000000e+02 2.554483005796e-02
7.415000000000e+02 2.350554666878e-02
7.420000000000e+02 2.134793915931e-02
7.425000000000e+02 1.913351430607e-02
7.430000000000e+02 1.692258758477e-02
7.435000000000e+02 1.477186705770e-02
7.440000000000e+02 1.273228133633e-02
7.445000000000e+02 1.084715100244e-02
7.450000000000e+02 9.150784025925e-03
7.455000000000e+02 7.667552959496e-03
7.460000000000e+02 6.411486229702e-03
7.465000000000e+02 5.386379021404e-03
7.470000000000e+02 4.586402477232e-03
7.475000000000e+02 3.997164601690e-03
7.480000000000e+02 3.597153686024e-03
7.485000000000e+02 3.359476417454e-03
7.490000000000e+02 3.253789055036e-03
7.495000000000e+02 3.248311831939e-03
7.500000000000e+02 3.311814471559e-03
7.505000000000e+02 3.415464455701e-03
7.510000000000e+02 3.534439210843e-03
7.515000000000e+02 3.649218130981e-03
7.520000000000e+02 3.746489504289e-03
7.525000000000e+02 3.819629896925e-03
7.530000000000e+02 3.868738137217e-03
7.535000000000e+02 3.900231396353e-03
7.540000000000e+02 3.926035599149e-03
7.545000000000e+02 3.962425181067e-03
7.550000000000e+02 4.028586802724e-03
7.555000000000e+02 4.144996984187e-03
7.560000000000e+02 4.331713901197e-03
7.565000000000e+02 4.606688242337e-03
7.570000000000e+02 4.984196812282e-03
7.575000000000e+02 5.473495550839e-03
7.580000000000e+02 6.077776203522e-03
7.585000000000e+02 6.793493702730e-03
7.590000000000e+02 7.610110332399e-03
7.595000000000e+02 8.510279093402e-03
7.600000000000e+02 9.470463648641e-03
7.605000000000e+02 1.046196717026e-02
7.610000000000e+02 1.145231870561e-02
7.615000000000e+02 1.240694462412e-02
7.620000000000e+02 1.329103546696e-02
7.625000000000e+02 1.407150605550e-02
7.630000000000e+02 1.471893973400e-02
7.635000000000e+02 1.520940654177e-02
7.640000000000e+02 1.552605003542e-02
7.645000000000e+02 1.566034819298e-02
7.650000000000e+02 1.561296980078e-02
7.655000000000e+02 1.539416813868e-02
7.660000000000e+02 1.502367758478e-02
7.665000000000e+02 1.453010471839e-02
7.670000000000e+02 1.394983224544e-02
7.675000000000e+02 1.332548019480e-02
7.680000000000e+02 1.270399294686e-02
7.685000000000e+02 1.213444147044e-02
7.690000000000e+02 1.166564653555e-02
7.695000000000e+02 1.134373974262e-02
7.700000000000e+02 1.120978433945e-02
7.705000000000e+02 1.129757667171e-02
7.710000000000e+02 1.163174174205e-02
7.715000000000e+02 1.222622307350e-02
7.720000000000e+02 1.308324853300e-02
7.725000000000e+02 1.419283089368e-02
7.730000000000e+02 1.553283585292e-02
7.735000000000e+02 1.706962230206e-02
7.740000000000e+02 1.875923128571e-02
7.745000000000e+02 2.054907274753e-02
7.750000000000e+02 2.238003423744e-02
7.755000000000e+02 2.418891453700e-02
7.760000000000e+02 2.591106873686e-02
7.765000000000e+02 2.748314052411e-02
7.770000000000e+02 2.884575286526e-02
7.775000000000e+02 2.994603014319e-02
7.780000000000e+02 3.073983303197e-02
7.785000000000e+02 3.119360155196e-02
7.790000000000e+02 3.128572111579e-02
7.795000000000e+02 3.100734996004e-02
7.800000000000e+02 3.036267295002e-02
7.805000000000e+02 2.936857498316e-02
7.810000000000e+02 2.805375565675e-02
7.815000000000e+02 2.645733405511e-02
7.820000000000e+02 2.462701706703e-02
7.825000000000e+02 2.261692532258e-02
7.830000000000e+02 2.048518659920e-02
7.835000000000e+02 1.829141661001e-02
7.840000000000e+02 1.609421096903e-02
7.845000000000e+02 1.394876966803e-02
7.850000000000e+02 1.190476676800e-02
7.855000000000e+02 1.000456369558e-02
7.860000000000e+02 8.281845323744e-03
7.865000000000e+02 6.760734944829e-03
7.870000000000e+02 5.455418543246e-03
7.875000000000e+02 4.370281810976e-03
7.880000000000e+02 3.500536544089e-03
7.885000000000e+02 2.833287821395e-03
7.890000000000e+02 2.348971015367e-03
7.895000000000e+02 2.023069379752e-03
7.900000000000e+02 1.828009637318e-03
7.905000000000e+02 1.735125326139e-03
7.910000000000e+02 1.716576020271e-03
7.915000000000e+02 1.747114966703e-03
7.920000000000e+02 1.805607895975e-03
7.925000000000e+02 1.876221183019e-03
7.930000000000e+02 1.949217294870e-03
7.935000000000e+02 2.021318471015e-03
7.940000000000e+02 2.095624577485e-03
7.945000000000e+02 2.181096690862e-03
7.950000000000e+02 2.291642807253e-03
7.955000000000e+02 2.444864781373e-03
7.960000000000e+02 2.660544947718e-03
7.965000000000e+02 2.958965805952e-03
7.970000000000e+02 3.359165853016e-03
7.975000000000e+02 3.877238583528e-03
7.980000000000e+02 4.524779637652e-03
7.985000000000e+02 5.307579154470e-03
7.990000000000e+02 6.224643009294e-03
7.995000000000e+02 7.267608491419e-03
8.000000000000e+02 8.420598087981e-03
8.005000000000e+02 9.660530559506e-03
8.010000000000e+02 1.095788274612e-02
8.015000000000e+02 1.227786992602e-02
8.020000000000e+02 1.358198845355e-02
8.025000000000e+02 1.482984315078e-02
8.030000000000e+02 1.598116468609e-02
8.035000000000e+02 1.699790990613e-02
8.040000000000e+02 1.784633149504e-02
8.045000000000e+02 1.849890281685e-02
8.050000000000e+02 1.893598943166e-02
8.055000000000e+02 1.914717031498e-02
8.060000000000e+02 1.913212868649e-02
8.065000000000e+02 1.890105371974e-02
8.070000000000e+02 1.847451916117e-02
8.075000000000e+02 1.788283175704e-02
8.080000000000e+02 1.716486996920e-02
8.085000000000e+02 1.636646031014e-02
8.090000000000e+02 1.553836333001e-02
8.095000000000e+02 1.473396253174e-02
8.100000000000e+02 1.400676613942e-02
8.105000000000e+02 1.340784279783e-02
8.110000000000e+02 1.298331731757e-02
8.115000000000e+02 1.277205119782e-02
8.120000000000e+02 1.280362488614e-02
8.125000000000e+02 1.309672493486e-02
8.130000000000e+02 1.365802006169e-02
8.135000000000e+02 1.448158657590e-02
8.140000000000e+02 1.554891687807e-02
8.145000000000e+02 1.682951613785e-02
8.150000000000e+02 1.828206325804e-02
8.155000000000e+02 1.985608432414e-02
8.160000000000e+02 2.149406134499e-02
8.165000000000e+02 2.313387751142e-02
8.170000000000e+02 2.471148354178e-02
8.175000000000e+02 2.616365879845e-02
8.180000000000e+02 2.743073630308e-02
8.185000000000e+02 2.845916278136e-02
8.190000000000e+02 2.920377332124e-02
8.195000000000e+02 2.962967469229e-02
8.200000000000e+02 2.971365109909e-02
8.205000000000e+02 2.944503010811e-02
8.210000000000e+02 2.882597345959e-02
8.215000000000e+02 2.787118606528e-02
8.220000000000e+02 2.660706522991e-02
8.225000000000e+02 2.507033954809e-02
8.230000000000e+02 2.330627161961e-02
8.235000000000e+02 2.136651944126e-02
8.240000000000e+02 1.930676703185e-02
8.245000000000e+02 1.718424474911e-02
8.250000000000e+02 1.505526339276e-02
8.255000000000e+02 1.297288340979e-02
8.260000000000e+02 1.098483151910e-02
8.265000000000e+02 9.131762366575e-03
8.270000000000e+02 7.445943219861e-03
8.275000000000e+02 5.950416278894e-03
8.280000000000e+02 4.658667172068e-03
8.285000000000e+02 3.574801019431e-03
8.290000000000e+02 2.694200516395e-03
8.295000000000e+02 2.004615249028e-03
8.300000000000e+02 1.487609221705e-03
8.305000000000e+02 1.120275522485e-03
8.310000000000e+02 8.771141053622e-04
8.315000000000e+02 7.319614907099e-04
8.320000000000e+02 6.598601248266e-04
8.325000000000e+02 6.387602170317e-04
8.330000000000e+02 6.509577812601e-04
8.335000000000e+02 6.841887291451e-04
8.340000000000e+02 7.323192970769e-04
8.345000000000e+02 7.955967137873e-04
8.350000000000e+02 8.804495326082e-04
8.355000000000e+02 9.988530678573e-04
8.360000000000e+02 1.167300467431e-03
8.365000000000e+02 1.405442753677e-03
8.370000000000e+02 1.734480425860e-03
8.375000000000e+02 2.175403885146e-03
8.380000000000e+02 2.747189208550e-03
8.385000000000e+02 3.465059144721e-03
8.390000000000e+02 4.338916432851e-03
8.395000000000e+02 5.372047787413e-03
8.400000000000e+02 6.560182600111e-03
8.405000000000e+02 7.890971340071e-03
8.410000000000e+02 9.343925797465e-03
8.415000000000e+02 1.089083793469e-02
8.420000000000e+02 1.249666754424e-02
8.425000000000e+02 1.412086259505e-02
8.430000000000e+02 1.571905150386e-02
8.435000000000e+02 1.724502493683e-02
8.440000000000e+02 1.865290731729e-02
8.445000000000e+02 1.989940595775e-02
8.450000000000e+02 2.094601934771e-02
8.455000000000e+02 2.176108600387e-02
8.460000000000e+02 2.232156148790e-02
8.465000000000e+02 2.261442344288e-02
8.470000000000e+02 2.263762219865e-02
8.475000000000e+02 2.240051675991e-02
8.480000000000e+02 2.192376168585e-02
8.485000000000e+02 2.123863817555e-02
8.490000000000e+02 2.038585115118e-02
8.495000000000e+02 1.941384179734e-02
8.500000000000e+02 1.837669042376e-02
8.505000000000e+02 1.733170633159e-02
8.510000000000e+02 1.633681842432e-02
8.515000000000e+02 1.544789170022e-02
8.520000000000e+02 1.471609986810e-02
8.525000000000e+02 1.418548284548e-02
8.530000000000e+02 1.389080986678e-02
8.535000000000e+02 1.385585473175e-02
8.540000000000e+02 1.409217006042e-02
8.545000000000e+02 1.459842327771e-02
8.550000000000e+02 1.536032964755e-02
8.555000000000e+02 1.635118840429e-02
8.560000000000e+02 1.753299837780e-02
8.565000000000e+02 1.885810099017e-02
8.570000000000e+02 2.027127257010e-02
8.575000000000e+02 2.171216591032e-02
8.580000000000e+02 2.311798400307e-02
8.585000000000e+02 2.442625779325e-02
8.590000000000e+02 2.557759514508e-02
8.595000000000e+02 2.651827025259e-02
8.600000000000e+02 2.720253131778e-02
8.605000000000e+02 2.759451901526e-02
8.610000000000e+02 2.766970828955e-02
8.615000000000e+02 2.741581034499e-02
8.620000000000e+02 2.683309902675e-02
8.625000000000e+02 2.593415473852e-02
8.630000000000e+02 2.474304810416e-02
8.635000000000e+02 2.329401326110e-02
8.640000000000e+02 2.162968555621e-02
8.645000000000e+02 1.979899923149e-02
8.650000000000e+02 1.785485638888e-02
8.655000000000e+02 1.585168833122e-02
8.660000000000e+02 1.384303382112e-02
8.665000000000e+02 1.187925575076e-02
8.670000000000e+02 1.000550837748e-02
8.675000000000e+02 8.260052192340e-03
8.680000000000e+02 6.672993485507e-03
8.685000000000e+02 5.265501845612e-03
8.690000000000e+02 4.049532466446e-03
8.695000000000e+02 3.028052650215e-03
8.700000000000e+02 2.195744759467e-03
8.705000000000e+02 1.540132523755e-03
8.710000000000e+02 1.043055394231e-03
8.715000000000e+02 6.823977297585e-04
8.720000000000e+02 4.339669281923e-04
8.725000000000e+02 2.734078392292e-04
8.730000000000e+02 1.780402469072e-04
8.735000000000e+02 1.285118916974e-04
8.740000000000e+02 1.101710815870e-04
8.745000000000e+02 1.140797700028e-04
8.750000000000e+02 1.376091261627e-04
8.755000000000e+02 1.845839298255e-04
8.760000000000e+02 2.649682574450e-04
8.765000000000e+02 3.941114628215e-04
8.770000000000e+02 5.915989429489e-04
8.775000000000e+02 8.797752254746e-04
8.780000000000e+02 1.282026254770e-03
8.785000000000e+02 1.820922324155e-03
8.790000000000e+02 2.516332092444e-03
8.795000000000e+02 3.383621022908e-03
8.800000000000e+02 4.432044207955e-03
8.805000000000e+02 5.663434046367e-03
8.810000000000e+02 7.071268105046e-03
8.815000000000e+02 8.640182511557e-03
8.820000000000e+02 1.034597243911e-02
8.825000000000e+02 1.215609492183e-02
8.830000000000e+02 1.403066177719e-02
8.835000000000e+02 1.592388328378e-02
8.840000000000e+02 1.778589792638e-02
8.845000000000e+02 1.956490134719e-02
8.850000000000e+02 2.120946984479e-02
8.855000000000e+02 2.267096132463e-02
8.860000000000e+02 2.390587023488e-02
8.865000000000e+02 2.487801310766e-02
8.870000000000e+02 2.556042791945e-02
8.875000000000e+02 2.593688329325e-02
8.880000000000e+02 2.600291196706e-02
8.885000000000e+02 2.576630603020e-02
8.890000000000e+02 2.524703801121e-02
8.895000000000e+02 2.447660062928e-02
8.900000000000e+02 2.349678741721e-02
8.905000000000e+02 2.235796496653e-02
8.910000000000e+02 2.111691375075e-02
8.915000000000e+02 1.983433698308e-02
8.920000000000e+02 1.857215457623e-02
8.925000000000e+02 1.739071106311e-02
8.930000000000e+02 1.634603167192e-02
8.935000000000e+02 1.548725932510e-02
8.940000000000e+02 1.485439719555e-02
8.945000000000e+02 1.447646699671e-02
8.950000000000e+02 1.437017312811e-02
8.955000000000e+02 1.453913815332e-02
8.960000000000e+02 1.497374710329e-02
8.965000000000e+02 1.565160819662e-02
8.970000000000e+02 1.653860727294e-02
8.975000000000e+02 1.759050408896e-02
8.980000000000e+02 1.875499211448e-02
8.985000000000e+02 1.997412093669e-02
8.990000000000e+02 2.118696297669e-02
8.995000000000e+02 2.233239482188e-02
9.000000000000e+02 2.335185864682e-02
9.005000000000e+02 2.419197116141e-02
9.010000000000e+02 2.480685616433e-02
9.015000000000e+02 2.516009162339e-02
9.020000000000e+02 2.522618246493e-02
9.025000000000e+02 2.499149486574e-02
9.030000000000e+02 2.445461551626e-02
9.035000000000e+02 2.362612862027e-02
9.040000000000e+02 2.252783279424e-02
9.045000000000e+02 2.119144800809e-02
9.050000000000e+02 1.965688782945e-02
9.055000000000e+02 1.797019321002e-02
9.060000000000e+02 1.618123982369e-02
9.065000000000e+02 1.434134074560e-02
9.070000000000e+02 1.250086958150e-02
9.075000000000e+02 1.070702589053e-02
9.080000000000e+02 9.001855112663e-03
9.085000000000e+02 7.420619767161e-03
9.090000000000e+02 5.990598291145e-03
9.095000000000e+02 4.730363651843e-03
9.100000000000e+02 3.649567108690e-03
9.105000000000e+02 2.749224663995e-03
9.110000000000e+02 2.022476318837e-03
9.115000000000e+02 1.455762710102e-03
9.120000000000e+02 1.030341407154e-03
9.125000000000e+02 7.240472757576e-04
9.130000000000e+02 5.131888162671e-04
9.135000000000e+02 3.744659061362e-04
9.140000000000e+02 2.867942527694e-04
9.145000000000e+02 2.329280789766e-04
9.150000000000e+02 2.007847670470e-04
9.155000000000e+02 1.843927039273e-04
9.160000000000e+02 1.844054394963e-04
9.165000000000e+02 2.081502982326e-04
9.170000000000e+02 2.692064073960e-04
9.175000000000e+02 3.865342602321e-04
9.180000000000e+02 5.832049391534e-04
9.185000000000e+02 8.848005597283e-04
9.190000000000e+02 1.317577075283e-03
9.195000000000e+02 1.906495222782e-03
9.200000000000e+02 2.673234274354e-03
9.205000000000e+02 3.634305873845e-03
9.210000000000e+02 4.799381407182e-03
9.215000000000e+02 6.169936247692e-03
9.220000000000e+02 7.738298338781e-03
9.225000000000e+02 9.487167743265e-03
9.230000000000e+02 1.138964908776e-02
9.235000000000e+02 1.340981155902e-02
9.240000000000e+02 1.550376270962e-02
9.245000000000e+02 1.762119431138e-02
9.250000000000e+02 1.970733235494e-02
9.255000000000e+02 2.170520043874e-02
9.260000000000e+02 2.355808745990e-02
9.265000000000e+02 2.521209772284e-02
9.270000000000e+02 2.661865503813e-02
9.275000000000e+02 2.773683249267e-02
9.280000000000e+02 2.853538637945e-02
9.285000000000e+02 2.899438597957e-02
9.290000000000e+02 2.910634984936e-02
9.295000000000e+02 2.887682303917e-02
9.300000000000e+02 2.832435705452e-02
9.305000000000e+02 2.747988397256e-02
9.310000000000e+02 2.638550642876e-02
9.315000000000e+02 2.509275463116e-02
9.320000000000e+02 2.366038862139e-02
9.325000000000e+02 2.215184727810e-02
9.330000000000e+02 2.063246383780e-02
9.335000000000e+02 1.916658003120e-02
9.340000000000e+02 1.781469664828e-02
9.345000000000e+02 1.663079713878e-02
9.350000000000e+02 1.565997276947e-02
9.355000000000e+02 1.493646329537e-02
9.360000000000e+02 1.448220678954e-02
9.365000000000e+02 1.430596724773e-02
9.370000000000e+02 1.440308011103e-02
9.375000000000e+02 1.475582538497e-02
9.380000000000e+02 1.533440713023e-02
9.385000000000e+02 1.609848833398e-02
9.390000000000e+02 1.699920305869e-02
9.395000000000e+02 1.798154468319e-02
9.400000000000e+02 1.898701116809e-02
9.405000000000e+02 1.995637649022e-02
9.410000000000e+02 2.083245228056e-02
9.415000000000e+02 2.156270550098e-02
9.420000000000e+02 2.210160658344e-02
9.425000000000e+02 2.241259735759e-02
9.430000000000e+02 2.246958850796e-02
9.435000000000e+02 2.225792114750e-02
9.440000000000e+02 2.177475506149e-02
9.445000000000e+02 2.102887579768e-02
9.450000000000e+02 2.003994250889e-02
9.455000000000e+02 1.883722674770e-02
9.460000000000e+02 1.745791780539e-02
9.465000000000e+02 1.594509137325e-02
9.470000000000e+02 1.434545420513e-02
9.475000000000e+02 1.270698727818e-02
9.480000000000e+02 1.107661321148e-02
9.485000000000e+02 9.498010283063e-03
9.490000000000e+02 8.009685512843e-03
9.495000000000e+02 6.643403518702e-03
9.500000000000e+02 5.423047083315e-03
9.505000000000e+02 4.363960728492e-03
9.510000000000e+02 3.472801422676e-03
9.515000000000e+02 2.747892315932e-03
9.520000000000e+02 2.180047626931e-03
9.525000000000e+02 1.753810990748e-03
9.530000000000e+02 1.449027098486e-03
9.535000000000e+02 1.242648521857e-03
9.540000000000e+02 1.110667173925e-03
9.545000000000e+02 1.030053571146e-03
9.550000000000e+02 9.805872597449e-04
9.555000000000e+02 9.464684314489e-04
9.560000000000e+02 9.176135114977e-04
9.565000000000e+02 8.905556603628e-04
9.570000000000e+02 8.688937028679e-04
9.575000000000e+02 8.632587602424e-04
9.580000000000e+02 8.907954133927e-04
9.585000000000e+02 9.741820735990e-04
9.590000000000e+02 1.140241863829e-03
9.595000000000e+02 1.418219266906e-03
9.600000000000e+02 1.837817761674e-03
9.605000000000e+02 2.427108541404e-03
9.610000000000e+02 3.210429355383e-03
9.615000000000e+02 4.206395014730e-03
9.620000000000e+02 5.426136980415e-03
9.625000000000e+02 6.871878880998e-03
9.630000000000e+02 8.535938312292e-03
9.635000000000e+02 1.040022369055e-02
9.640000000000e+02 1.243626938087e-02
9.645000000000e+02 1.460582413558e-02
9.650000000000e+02 1.686197853274e-02
9.655000000000e+02 1.915078815277e-02
9.660000000000e+02 2.141332220673e-02
9.665000000000e+02 2.358804367888e-02
9.670000000000e+02 2.561340804100e-02
9.675000000000e+02 2.743055427392e-02
9.680000000000e+02 2.898595503567e-02
9.685000000000e+02 3.023389275717e-02
9.690000000000e+02 3.113863527818e-02
9.695000000000e+02 3.167619805457e-02
9.700000000000e+02 3.183559932152e-02
9.705000000000e+02 3.161953892243e-02
9.710000000000e+02 3.104445958521e-02
9.715000000000e+02 3.013997981930e-02
9.720000000000e+02 2.894771876702e-02
9.725000000000e+02 2.751956367379e-02
9.730000000000e+02 2.591545858413e-02
9.735000000000e+02 2.420081698288e-02
9.740000000000e+02 2.244368013695e-02
9.745000000000e+02 2.071175586455e-02
9.750000000000e+02 1.906947868956e-02
9.755000000000e+02 1.757523149793e-02
9.760000000000e+02 1.627886093479e-02
9.765000000000e+02 1.521960426172e-02
9.770000000000e+02 1.442452497159e-02
9.775000000000e+02 1.390752917683e-02
9.780000000000e+02 1.366900593841e-02
9.785000000000e+02 1.369610376271e-02
9.790000000000e+02 1.396362404483e-02
9.795000000000e+02 1.443548188486e-02
9.800000000000e+02 1.506665699681e-02
9.805000000000e+02 1.580553377448e-02
9.810000000000e+02 1.659651117144e-02
9.815000000000e+02 1.738275081314e-02
9.820000000000e+02 1.810892628932e-02
9.825000000000e+02 1.872383811949e-02
9.830000000000e+02 1.918276732830e-02
9.835000000000e+02 1.944945543482e-02
9.840000000000e+02 1.949761914448e-02
9.845000000000e+02 1.931193303886e-02
9.850000000000e+02 1.888844175904e-02
9.855000000000e+02 1.823439308663e-02
9.860000000000e+02 1.736751337020e-02
9.865000000000e+02 1.631477535500e-02
9.870000000000e+02 1.511073415930e-02
9.875000000000e+02 1.379552857561e-02
9.880000000000e+02 1.241266095767e-02
9.885000000000e+02 1.100667887413e-02
9.890000000000e+02 9.620884983253e-03
9.895000000000e+02 8.295198078366e-03
9.900000000000e+02 7.064278203050e-03
9.905000000000e+02 5.956012711255e-03
9.910000000000e+02 4.990439043714e-03
9.915000000000e+02 4.179154964906e-03
9.920000000000e+02 3.525239418768e-03
9.925000000000e+02 3.023678512158e-03
9.930000000000e+02 2.662262971664e-03
9.935000000000e+02 2.422897261392e-03
9.940000000000e+02 2.283237805936e-03
9.945000000000e+02 2.218559657665e-03
9.950000000000e+02 2.203738454589e-03
9.955000000000e+02 2.215228305596e-03
9.960000000000e+02 2.232916647936e-03
9.965000000000e+02 2.241744125215e-03
9.970000000000e+02 2.232990756526e-03
9.975000000000e+02 2.205148397655e-03
9.980000000000e+02 2.164322724868e-03
9.985000000000e+02 2.124134449537e-03
9.990000000000e+02 2.105117768039e-03
9.995000000000e+02 2.133642636496e-03
1.000000000000e+03 2.240414783310e-03
1.000500000000e+03 2.458631947499e-03
1.001000000000e+03 2.821895311598e-03
1.001500000000e+03 3.361990353712e-03
1.002000000000e+03 4.106660517685e-03
1.002500000000e+03 5.077499657723e-03
1.003000000000e+03 6.288084970233e-03
1.003500000000e+03 7.742461257161e-03
1.004000000000e+03 9.434070402534e-03
1.004500000000e+03 1.134519774355e-02
1.005000000000e+03 1.344698071848e-02
1.005500000000e+03 1.569999613814e-02
1.006000000000e+03 1.805541216987e-02
1.006500000000e+03 2.045666122929e-02
1.007000000000e+03 2.284156202318e-02
1.007500000000e+03 2.514479445776e-02
1.008000000000e+03 2.730061133273e-02
1.008500000000e+03 2.924565675192e-02
1.009000000000e+03 3.092175376655e-02
1.009500000000e+03 3.227852336077e-02
1.010000000000e+03 3.327570355714e-02
1.010500000000e+03 3.388505086352e-02
1.011000000000e+03 3.409172584850e-02
1.011500000000e+03 3.389508934570e-02
1.012000000000e+03 3.330886440306e-02
1.012500000000e+03 3.236065016091e-02
1.013000000000e+03 3.109080577845e-02
1.013500000000e+03 2.955075370114e-02
1.014000000000e+03 2.780078037374e-02
1.014500000000e+03 2.590743747737e-02
1.015000000000e+03 2.394066662109e-02
1.015500000000e+03 2.197078412729e-02
1.016000000000e+03 2.006546941126e-02
1.016500000000e+03 1.828690011456e-02
1.017000000000e+03 1.668916962679e-02
1.017500000000e+03 1.531610830914e-02
1.018000000000e+03 1.419960935166e-02
1.018500000000e+03 1.335853480501e-02
1.019000000000e+03 1.279824823089e-02
1.019500000000e+03 1.251078910927e-02
1.020000000000e+03 1.247567223101e-02
1.020500000000e+03 1.266126442563e-02
1.021000000000e+03 1.302666270272e-02
1.021500000000e+03 1.352397366040e-02
1.022000000000e+03 1.410087505949e-02
1.022500000000e+03 1.470332772571e-02
1.023000000000e+03 1.527830004672e-02
1.023500000000e+03 1.577636854073e-02
1.024000000000e+03 1.615406618342e-02
1.024500000000e+03 1.637586492209e-02
1.025000000000e+03 1.641569926982e-02
1.025500000000e+03 1.625796295859e-02
1.026000000000e+03 1.589793899596e-02
1.026500000000e+03 1.534165361112e-02
1.027000000000e+03 1.460517490029e-02
1.027500000000e+03 1.371340589335e-02
1.028000000000e+03 1.269844775056e-02
1.028500000000e+03 1.159763050593e-02
1.029000000000e+03 1.045132508342e-02
1.029500000000e+03 9.300660388878e-03
1.030000000000e+03 8.185272630103e-03
1.030500000000e+03 7.141210497857e-03
1.031000000000e+03 6.199109679277e-03
1.031500000000e+03 5.382733950932e-03
1.032000000000e+03 4.707958710774e-03
1.032500000000e+03 4.182247430486e-03
1.033000000000e+03 3.804643524510e-03
1.033500000000e+03 3.566271059510e-03
1.034000000000e+03 3.451309142743e-03
1.034500000000e+03 3.438378276851e-03
1.035000000000e+03 3.502253887463e-03
1.035500000000e+03 3.615803867769e-03
1.036000000000e+03 3.752034335688e-03
1.036500000000e+03 3.886121552960e-03
1.037000000000e+03 3.997308456062e-03
1.037500000000e+03 4.070551479220e-03
1.038000000000e+03 4.097816930424e-03
1.038500000000e+03 4.078945392745e-03
1.039000000000e+03 4.022026439825e-03
1.039500000000e+03 3.943253102873e-03
1.040000000000e+03 3.866254550139e-03
1.040500000000e+03 3.820934776997e-03
1.041000000000e+03 3.841873172139e-03
1.041500000000e+03 3.966368100449e-03
1.042000000000e+03 4.232225747783e-03
1.042500000000e+03 4.675412243916e-03
1.043000000000e+03 5.327696635356e-03
1.043500000000e+03 6.214415061585e-03
1.044000000000e+03 7.352482298459e-03
1.044500000000e+03 8.748765839915e-03
1.045000000000e+03 1.039892042511e-02
1.045500000000e+03 1.228675824830e-02
1.046000000000e+03 1.438420316868e-02
1.046500000000e+03 1.665184745290e-02
1.047000000000e+03 1.904009847818e-02
1.047500000000e+03 2.149087202035e-02
1.048000000000e+03 2.393975986217e-02
1.048500000000e+03 2.631857400578e-02
1.049000000000e+03 2.855814910765e-02
1.049500000000e+03 3.059126998151e-02
1.050000000000e+03 3.235558293881e-02
1.050500000000e+03 3.379634881510e-02
1.051000000000e+03 3.486890185472e-02
1.051500000000e+03 3.554069190664e-02
1.052000000000e+03 3.579280697471e-02
1.052500000000e+03 3.562089808674e-02
1.053000000000e+03 3.503545744345e-02
1.053500000000e+03 3.406143241057e-02
1.054000000000e+03 3.273719051623e-02
1.054500000000e+03 3.111288254952e-02
1.055000000000e+03 2.924828049283e-02
1.055500000000e+03 2.721019284593e-02
1.056000000000e+03 2.506958059360e-02
1.056500000000e+03 2.289851157418e-02
1.057000000000e+03 2.076709858684e-02
1.057500000000e+03 1.874056684756e-02
1.058000000000e+03 1.687658936522e-02
1.058500000000e+03 1.522301482945e-02
1.059000000000e+03 1.381609241148e-02
1.059500000000e+03 1.267927252543e-02
1.060000000000e+03 1.182263339247e-02
1.060500000000e+03 1.124295170232e-02
1.061000000000e+03 1.092440340144e-02
1.061500000000e+03 1.083984931213e-02
1.062000000000e+03 1.095263150693e-02
1.062500000000e+03 1.121878159508e-02
1.063000000000e+03 1.158952257635e-02
1.063500000000e+03 1.201393265955e-02
1.064000000000e+03 1.244163307491e-02
1.064500000000e+03 1.282536271945e-02
1.065000000000e+03 1.312331037283e-02
1.065500000000e+03 1.330108975033e-02
1.066000000000e+03 1.333326301552e-02
1.066500000000e+03 1.320434345472e-02
1.067000000000e+03 1.290923646951e-02
1.067500000000e+03 1.245310835386e-02
1.068000000000e+03 1.185070287900e-02
1.068500000000e+03 1.112515489588e-02
1.069000000000e+03 1.030637644317e-02
1.069500000000e+03 9.429112844283e-03
1.070000000000e+03 8.530782840909e-03
1.070500000000e+03 7.649227093395e-03
1.071000000000e+03 6.820492862440e-03
1.071500000000e+03 6.076779219491e-03
1.072000000000e+03 5.444656932905e-03
1.072500000000e+03 4.943660820068e-03
1.073000000000e+03 4.585330745798e-03
1.073500000000e+03 4.372751767373e-03
1.074000000000e+03 4.300615575238e-03
1.074500000000e+03 4.355795894813e-03
1.075000000000e+03 4.518401498467e-03
1.075500000000e+03 4.763243499838e-03
1.076000000000e+03 5.061630128411e-03
1.076500000000e+03 5.383383486066e-03
1.077000000000e+03 5.698959888373e-03
1.077500000000e+03 5.981549001263e-03
1.078000000000e+03 6.209027459411e-03
1.078500000000e+03 6.365649988722e-03
1.079000000000e+03 6.443374877662e-03
1.079500000000e+03 6.442740226201e-03
1.080000000000e+03 6.373231713188e-03
1.080500000000e+03 6.253110371349e-03
1.081000000000e+03 6.108698565668e-03
1.081500000000e+03 5.973152445406e-03
1.082000000000e+03 5.884777967699e-03
1.082500000000e+03 5.884973615805e-03
1.083000000000e+03 6.015904743721e-03
1.083500000000e+03 6.318030876492e-03
1.084000000000e+03 6.827617366658e-03
1.084500000000e+03 7.574365970012e-03
1.085000000000e+03 8.579294936965e-03
1.085500000000e+03 9.852988275661e-03
1.086000000000e+03 1.139431645293e-02
1.086500000000e+03 1.318970782700e-02
1.087000000000e+03 1.521302271549e-02
1.087500000000e+03 1.742605159724e-02
1.088000000000e+03 1.977962709448e-02
1.088500000000e+03 2.221530773348e-02
1.089000000000e+03 2.466756168682e-02
1.089500000000e+03 2.706635231643e-02
1.090000000000e+03 2.934000575315e-02
1.090500000000e+03 3.141822510996e-02
1.091000000000e+03 3.323510707111e-02
1.091500000000e+03 3.473201502144e-02
1.092000000000e+03 3.586016869225e-02
1.092500000000e+03 3.658282323801e-02
1.093000000000e+03 3.687693008420e-02
1.093500000000e+03 3.673419682951e-02
1.094000000000e+03 3.616149268435e-02
1.094500000000e+03 3.518057790251e-02
1.095000000000e+03 3.382716878506e-02
1.095500000000e+03 3.214938241892e-02
1.096000000000e+03 3.020563569481e-02
1.096500000000e+03 2.806209978191e-02
1.097000000000e+03 2.578983276390e-02
1.097500000000e+03 2.346172847004e-02
1.098000000000e+03 2.114942789357e-02
1.098500000000e+03 1.892034056453e-02
1.099000000000e+03 1.683491680290e-02
1.099500000000e+03 1.494429827176e-02
1.100000000000e+03 1.328845439200e-02
1.100500000000e+03 1.189488701089e-02
1.101000000000e+03 1.077795654736e-02
1.101500000000e+03 9.938851182836e-03
1.102000000000e+03 9.366188165794e-03
1.102500000000e+03 9.037204628193e-03
1.103000000000e+03 8.919466100531e-03
1.103500000000e+03 8.972995653548e-03
1.104000000000e+03 9.152706571728e-03
1.104500000000e+03 9.411007681163e-03
1.105000000000e+03 9.700443588688e-03
1.105500000000e+03 9.976232450540e-03
1.106000000000e+03 1.019857141056e-02
1.106500000000e+03 1.033459408702e-02
1.107000000000e+03 1.035988465034e-02
1.107500000000e+03 1.025947802154e-02
1.108000000000e+03 1.002830418150e-02
1.108500000000e+03 9.671064988938e-03
1.109000000000e+03 9.201562634561e-03
1.109500000000e+03 8.641528277882e-03
1.110000000000e+03 8.019025961152e-03
1.110500000000e+03 7.366529172966e-03
1.111000000000e+03 6.718784272223e-03
1.111500000000e+03 6.110585505875e-03
1.112000000000e+03 5.574590024380e-03
1.112500000000e+03 5.139297946889e-03
1.113000000000e+03 4.827312358921e-03
1.113500000000e+03 4.653977708101e-03
1.114000000000e+03 4.626473300766e-03
1.114500000000e+03 4.743412680911e-03
1.115000000000e+03 4.994971002586e-03
1.115500000000e+03 5.363532642638e-03
1.116000000000e+03 5.824821862177e-03
1.116500000000e+03 6.349451908910e-03
1.117000000000e+03 6.904804047977e-03
1.117500000000e+03 7.457128918376e-03
1.118000000000e+03 7.973749381352e-03
1.118500000000e+03 8.425237389492e-03
1.119000000000e+03 8.787437742753e-03
1.119500000000e+03 9.043218918396e-03
1.120000000000e+03 9.183845101062e-03
1.120500000000e+03 9.209883376660e-03
1.121000000000e+03 9.131584750976e-03
1.121500000000e+03 8.968705909876e-03
1.122000000000e+03 8.749768956023e-03
1.122500000000e+03 8.510787125227e-03
1.123000000000e+03 8.293514059303e-03
1.123500000000e+03 8.143301006134e-03
1.124000000000e+03 8.106668882177e-03
1.124500000000e+03 8.228719239455e-03
1.125000000000e+03 8.550518879289e-03
1.125500000000e+03 9.106596536392e-03
1.126000000000e+03 9.922686471580e-03
1.126500000000e+03 1.101384309489e-02
1.127000000000e+03 1.238303340361e-02
1.127500000000e+03 1.402029092131e-02
1.128000000000e+03 1.590248713236e-02
1.128500000000e+03 1.799374553155e-02
1.129000000000e+03 2.024649093790e-02
1.129500000000e+03 2.260309432826e-02
1.130000000000e+03 2.499804280985e-02
1.130500000000e+03 2.736053706434e-02
1.131000000000e+03 2.961739608438e-02
1.131500000000e+03 3.169613247132e-02
1.132000000000e+03 3.352805184588e-02
1.132500000000e+03 3.505122757069e-02
1.133000000000e+03 3.621320714089e-02
1.133500000000e+03 3.697331902667e-02
1.134000000000e+03 3.730446783422e-02
1.134500000000e+03 3.719433042782e-02
1.135000000000e+03 3.664589487171e-02
1.135500000000e+03 3.567731622014e-02
1.136000000000e+03 3.432109666945e-02
1.136500000000e+03 3.262263068149e-02
1.137000000000e+03 3.063818670536e-02
1.137500000000e+03 2.843242448780e-02
1.138000000000e+03 2.607556927978e-02
1.138500000000e+03 2.364038039286e-02
1.139000000000e+03 2.119906072264e-02
1.139500000000e+03 1.882025559343e-02
1.140000000000e+03 1.656628352330e-02
1.140500000000e+03 1.449072858657e-02
1.141000000000e+03 1.263650465484e-02
1.141500000000e+03 1.103447695179e-02
1.142000000000e+03 9.702697367738e-03
1.142500000000e+03 8.646278360291e-03
1.143000000000e+03 7.857897663130e-03
1.143500000000e+03 7.318894126483e-03
1.144000000000e+03 7.000885466728e-03
1.144500000000e+03 6.867813026502e-03
1.145000000000e+03 6.878298149445e-03
1.145500000000e+03 6.988180489410e-03
1.146000000000e+03 7.153101204989e-03
1.146500000000e+03 7.330993876068e-03
1.147000000000e+03 7.484353075122e-03
1.147500000000e+03 7.582164410242e-03
1.148000000000e+03 7.601399750918e-03
1.148500000000e+03 7.528006160259e-03
1.149000000000e+03 7.357345442002e-03
1.149500000000e+03 7.094071636571e-03
1.150000000000e+03 6.751464636501e-03
1.150500000000e+03 6.350267687841e-03
1.151000000000e+03 5.917103325489e-03
1.151500000000e+03 5.482564834321e-03
1.152000000000e+03 5.079097442172e-03
1.152500000000e+03 4.738794236108e-03
1.153000000000e+03 4.491235690416e-03
1.153500000000e+03 4.361498513040e-03
1.154000000000e+03 4.368449445050e-03
1.154500000000e+03 4.523423242948e-03
1.155000000000e+03 4.829362231044e-03
1.155500000000e+03 5.280468718212e-03
1.156000000000e+03 5.862392643833e-03
1.156500000000e+03 6.552946618538e-03
1.157000000000e+03 7.323310692071e-03
1.157500000000e+03 8.139661331133e-03
1.158000000000e+03 8.965134737528e-03
1.158500000000e+03 9.762015110787e-03
1.159000000000e+03 1.049402483149e-02
1.159500000000e+03 1.112858657271e-02
1.160000000000e+03 1.163892744183e-02
1.160500000000e+03 1.200590244281e-02
1.161000000000e+03 1.221942847979e-02
1.161500000000e+03 1.227944008672e-02
1.162000000000e+03 1.219630302715e-02
1.162500000000e+03 1.199065056075e-02
1.163000000000e+03 1.169263800873e-02
1.163500000000e+03 1.134064264018e-02
1.164000000000e+03 1.097946617884e-02
1.164500000000e+03 1.065812477852e-02
1.165000000000e+03 1.042733465621e-02
1.165500000000e+03 1.033681944134e-02
1.166000000000e+03 1.043257671502e-02
1.166500000000e+03 1.075424552756e-02
1.167000000000e+03 1.133271362009e-02
1.167500000000e+03 1.218809274307e-02
1.168000000000e+03 1.332817335400e-02
1.168500000000e+03 1.474744693248e-02
1.169000000000e+03 1.642675633474e-02
1.169500000000e+03 1.833360343568e-02
1.170000000000e+03 2.042311036807e-02
1.170500000000e+03 2.263959765895e-02
1.171000000000e+03 2.491871118462e-02
1.171500000000e+03 2.719000174041e-02
1.172000000000e+03 2.937983761089e-02
1.172500000000e+03 3.141451304861e-02
1.173000000000e+03 3.322340494266e-02
1.173500000000e+03 3.474202674555e-02
1.174000000000e+03 3.591483311196e-02
1.174500000000e+03 3.669764047618e-02
1.175000000000e+03 3.705954736747e-02
1.175500000000e+03 3.698426269321e-02
1.176000000000e+03 3.647077926533e-02
1.176500000000e+03 3.553336202624e-02
1.177000000000e+03 3.420085410360e-02
1.177500000000e+03 3.251533727153e-02
1.178000000000e+03 3.053021491416e-02
1.178500000000e+03 2.830781357247e-02
1.179000000000e+03 2.591662218894e-02
1.179500000000e+03 2.342830508432e-02
1.180000000000e+03 2.091463466547e-02
1.180500000000e+03 1.844449238920e-02
1.181000000000e+03 1.608108149845e-02
1.181500000000e+03 1.387948279729e-02
1.182000000000e+03 1.188466590654e-02
1.182500000000e+03 1.013004404838e-02
1.183000000000e+03 8.636631735205e-03
1.183500000000e+03 7.412833294139e-03
1.184000000000e+03 6.454857588144e-03
1.184500000000e+03 5.747722295415e-03
1.185000000000e+03 5.266781340499e-03
1.185500000000e+03 4.979683069772e-03
1.186000000000e+03 4.848645862199e-03
1.186500000000e+03 4.832923123638e-03
1.187000000000e+03 4.891321759983e-03
1.187500000000e+03 4.984637627085e-03
1.188000000000e+03 5.077878096593e-03
1.188500000000e+03 5.142155356279e-03
1.189000000000e+03 5.156153623607e-03
1.189500000000e+03 5.107098013758e-03
1.190000000000e+03 4.991181031860e-03
1.190500000000e+03 4.813433023689e-03
1.191000000000e+03 4.587053786562e-03
1.191500000000e+03 4.332252253418e-03
1.192000000000e+03 4.074668127839e-03
1.192500000000e+03 3.843472126691e-03
1.193000000000e+03 3.669258865067e-03
1.193500000000e+03 3.581857474679e-03
1.194000000000e+03 3.608189197657e-03
1.194500000000e+03 3.770298231075e-03
1.195000000000e+03 4.083672181802e-03
1.195500000000e+03 4.555952167796e-03
1.196000000000e+03 5.186110754887e-03
1.196500000000e+03 5.964149728046e-03
1.197000000000e+03 6.871340577369e-03
1.197500000000e+03 7.881000103973e-03
1.198000000000e+03 8.959763367092e-03
1.198500000000e+03 1.006928793552e-02
1.199000000000e+03 1.116829860893e-02
1.199500000000e+03 1.221486179070e-02
1.200000000000e+03 1.316876462362e-02
1.200500000000e+03 1.399386662946e-02
1.201000000000e+03 1.466029135497e-02
1.201500000000e+03 1.514633247288e-02
1.202000000000e+03 1.543996258751e-02
1.202500000000e+03 1.553985295453e-02
1.203000000000e+03 1.545583741689e-02
1.203500000000e+03 1.520878278147e-02
1.204000000000e+03 1.482985910140e-02
1.204500000000e+03 1.435923524599e-02
1.205000000000e+03 1.384425604895e-02
1.205500000000e+03 1.333718558620e-02
1.206000000000e+03 1.289262524032e-02
1.206500000000e+03 1.256473386195e-02
1.207000000000e+03 1.240438952418e-02
1.207500000000e+03 1.245643740213e-02
1.208000000000e+03 1.275716588649e-02
1.208500000000e+03 1.333214323474e-02
1.209000000000e+03 1.419453034131e-02
1.209500000000e+03 1.534396239398e-02
1.210000000000e+03 1.676606442577e-02
1.210500000000e+03 1.843263447604e-02
1.211000000000e+03 2.030249483954e-02
1.211500000000e+03 2.232297840784e-02
1.212000000000e+03 2.443198511527e-02
1.212500000000e+03 2.656051463667e-02
1.213000000000e+03 2.863555723844e-02
1.213500000000e+03 3.058320630955e-02
1.214000000000e+03 3.233184455035e-02
1.214500000000e+03 3.381525167561e-02
1.215000000000e+03 3.497548501511e-02
1.215500000000e+03 3.576539539671e-02
1.216000000000e+03 3.615065861414e-02
1.216500000000e+03 3.611122670070e-02
1.217000000000e+03 3.564213192694e-02
1.217500000000e+03 3.475360844595e-02
1.218000000000e+03 3.347053018799e-02
1.218500000000e+03 3.183119723313e-02
1.219000000000e+03 2.988553475314e-02
1.219500000000e+03 2.769279708709e-02
1.220000000000e+03 2.531889315835e-02
1.220500000000e+03 2.283346706266e-02
1.221000000000e+03 2.030687838138e-02
1.221500000000e+03 1.780723008554e-02
1.222000000000e+03 1.539758766274e-02
1.222500000000e+03 1.313352158136e-02
1.223000000000e+03 1.106108704107e-02
1.223500000000e+03 9.215331125848e-03
1.224000000000e+03 7.619389245387e-03
1.224500000000e+03 6.284201616855e-03
1.225000000000e+03 5.208848140404e-03
1.225500000000e+03 4.381468055592e-03
1.226000000000e+03 3.780700899744e-03
1.226500000000e+03 3.377559071461e-03
1.227000000000e+03 3.137621085404e-03
1.227500000000e+03 3.023419468655e-03
1.228000000000e+03 2.996888952301e-03
1.228500000000e+03 3.021739546834e-03
1.229000000000e+03 3.065625266168e-03
1.229500000000e+03 3.101992308937e-03
1.230000000000e+03 3.111509680688e-03
1.230500000000e+03 3.083009489271e-03
1.231000000000e+03 3.013892142010e-03
1.231500000000e+03 2.909981899721e-03
1.232000000000e+03 2.784849063397e-03
1.232500000000e+03 2.658644825660e-03
1.233000000000e+03 2.556521908349e-03
1.233500000000e+03 2.506737076795e-03
1.234000000000e+03 2.538549238211e-03
1.234500000000e+03 2.680038151770e-03
1.235000000000e+03 2.955973196788e-03
1.235500000000e+03 3.385858926061e-03
1.236000000000e+03 3.982274421758e-03
1.236500000000e+03 4.749607292256e-03
1.237000000000e+03 5.683261369108e-03
1.237500000000e+03 6.769390953185e-03
1.238000000000e+03 7.985185227355e-03
1.238500000000e+03 9.299695771799e-03
1.239000000000e+03 1.067516964240e-02
1.239500000000e+03 1.206882184777e-02
1.240000000000e+03 1.343495583998e-02
1.240500000000e+03 1.472732019205e-02
1.241000000000e+03 1.590157509664e-02
1.241500000000e+03 1.691773449852e-02
1.242000000000e+03 1.774244902699e-02
1.242500000000e+03 1.835100150389e-02
1.243000000000e+03 1.872890035978e-02
1.243500000000e+03 1.887297612161e-02
1.244000000000e+03 1.879191122744e-02
1.244500000000e+03 1.850616248286e-02
1.245000000000e+03 1.804726699127e-02
1.245500000000e+03 1.745655471934e-02
1.246000000000e+03 1.678332230217e-02
1.246500000000e+03 1.608255159497e-02
1.247000000000e+03 1.541228130396e-02
1.247500000000e+03 1.483075945674e-02
1.248000000000e+03 1.439351745113e-02
1.248500000000e+03 1.415051223635e-02
1.249000000000e+03 1.414348148651e-02
1.249500000000e+03 1.440364746830e-02
1.250000000000e+03 1.494988911564e-02
1.250500000000e+03 1.578747940516e-02
1.251000000000e+03 1.690745760282e-02
1.251500000000e+03 1.828667471934e-02
1.252000000000e+03 1.988851715940e-02
1.252500000000e+03 2.166427978215e-02
1.253000000000e+03 2.355512713643e-02
1.253500000000e+03 2.549455215857e-02
1.254000000000e+03 2.741121663714e-02
1.254500000000e+03 2.923203854100e-02
1.255000000000e+03 3.088537886263e-02
1.255500000000e+03 3.230417558641e-02
1.256000000000e+03 3.342887501029e-02
1.256500000000e+03 3.421002079314e-02
1.257000000000e+03 3.461037824462e-02
1.257500000000e+03 3.460649463704e-02
1.258000000000e+03 3.418962450088e-02
1.258500000000e+03 3.336598051880e-02
1.259000000000e+03 3.215630413051e-02
1.259500000000e+03 3.059478358695e-02
1.260000000000e+03 2.872737922488e-02
1.260500000000e+03 2.660964454178e-02
1.261000000000e+03 2.430415577145e-02
1.261500000000e+03 2.187768088202e-02
1.262000000000e+03 1.939823033045e-02
1.262500000000e+03 1.693213596781e-02
1.263000000000e+03 1.454130102740e-02
1.263500000000e+03 1.228075337218e-02
1.264000000000e+03 1.019661673275e-02
1.264500000000e+03 8.324591481350e-03
1.265000000000e+03 6.689008808254e-03
1.265500000000e+03 5.302491466377e-03
1.266000000000e+03 4.166222155915e-03
1.266500000000e+03 3.270788822346e-03
1.267000000000e+03 2.597546306538e-03
1.267500000000e+03 2.120407472079e-03
1.268000000000e+03 1.807955505305e-03
1.268500000000e+03 1.625753639740e-03
1.269000000000e+03 1.538719876911e-03
1.269500000000e+03 1.513432779704e-03
1.270000000000e+03 1.520240137312e-03
1.270500000000e+03 1.535054896857e-03
1.271000000000e+03 1.540741513526e-03
1.271500000000e+03 1.528019753417e-03
1.272000000000e+03 1.495840684223e-03
1.272500000000e+03 1.451219601868e-03
1.273000000000e+03 1.408541340995e-03
1.273500000000e+03 1.388383142582e-03
1.274000000000e+03 1.415927400132e-03
1.274500000000e+03 1.519059710596e-03
1.275000000000e+03 1.726265472297e-03
1.275500000000e+03 2.064449836006e-03
1.276000000000e+03 2.556810500434e-03
1.276500000000e+03 3.220890390858e-03
1.277000000000e+03 4.066927793265e-03
1.277500000000e+03 5.096605536162e-03
1.278000000000e+03 6.302279167758e-03
1.278500000000e+03 7.666737921918e-03
1.279000000000e+03 9.163523000353e-03
1.279500000000e+03 1.075779688938e-02
1.280000000000e+03 1.240772673104e-02
1.280500000000e+03 1.406631583577e-02
1.281000000000e+03 1.568359181992e-02
1.281500000000e+03 1.720903897160e-02
1.282000000000e+03 1.859414743677e-02
1.282500000000e+03 1.979494351467e-02
1.283000000000e+03 2.077436424386e-02
1.283500000000e+03 2.150434565201e-02
1.284000000000e+03 2.196750725736e-02
1.284500000000e+03 2.215833499269e-02
1.285000000000e+03 2.208378968406e-02
1.285500000000e+03 2.176329727670e-02
1.286000000000e+03 2.122810865722e-02
1.286500000000e+03 2.052004953253e-02
1.287000000000e+03 1.968971268834e-02
1.287500000000e+03 1.879417439437e-02
1.288000000000e+03 1.789434219986e-02
1.288500000000e+03 1.705206152039e-02
1.289000000000e+03 1.632712217989e-02
1.289500000000e+03 1.577431268955e-02
1.290000000000e+03 1.544066913998e-02
1.290500000000e+03 1.536305716333e-02
1.291000000000e+03 1.556620988891e-02
1.291500000000e+03 1.606132293804e-02
1.292000000000e+03 1.684528038213e-02
1.292500000000e+03 1.790055459638e-02
1.293000000000e+03 1.919578965633e-02
1.293500000000e+03 2.068704404430e-02
1.294000000000e+03 2.231963568854e-02
1.294500000000e+03 2.403050242368e-02
1.295000000000e+03 2.575096536868e-02
1.295500000000e+03 2.740976277470e-02
1.296000000000e+03 2.893620861829e-02
1.296500000000e+03 3.026332427823e-02
1.297000000000e+03 3.133079333180e-02
1.297500000000e+03 3.208759874198e-02
1.298000000000e+03 3.249421799206e-02
1.298500000000e+03 3.252427421283e-02
1.299000000000e+03 3.216556887054e-02
1.299500000000e+03 3.142045271964e-02
1.300000000000e+03 3.030552486459e-02
1.300500000000e+03 2.885068321664e-02
1.301000000000e+03 2.709758165588e-02
1.301500000000e+03 2.509757818200e-02
1.302000000000e+03 2.290928278469e-02
1.302500000000e+03 2.059583245362e-02
1.303000000000e+03 1.822203275066e-02
1.303500000000e+03 1.585151010354e-02
1.304000000000e+03 1.354401625607e-02
1.304500000000e+03 1.135301631357e-02
1.305000000000e+03 9.323675127903e-03
1.305500000000e+03 7.491334289301e-03
1.306000000000e+03 5.880544949721e-03
1.306500000000e+03 4.504691543372e-03
1.307000000000e+03 3.366209801517e-03
1.307500000000e+03 2.457370958003e-03
1.308000000000e+03 1.761574370738e-03
1.308500000000e+03 1.255064500680e-03
1.309000000000e+03 9.089666641546e-04
1.309500000000e+03 6.915203217449e-04
1.310000000000e+03 5.703796846590e-04
1.310500000000e+03 5.148495492309e-04
1.311000000000e+03 4.979295732875e-04
1.311500000000e+03 4.980523637714e-04
1.312000000000e+03 5.004190693755e-04
1.312500000000e+03 4.978596523534e-04
1.313000000000e+03 4.911723665254e-04
1.313500000000e+03 4.889267038796e-04
1.314000000000e+03 5.067445772532e-04
1.314500000000e+03 5.661041281963e-04
1.315000000000e+03 6.927376835253e-04
1.315500000000e+03 9.147185624175e-04
1.316000000000e+03 1.260349400325e-03
1.316500000000e+03 1.755976429687e-03
1.317000000000e+03 2.423859093455e-03
1.317500000000e+03 3.280222185897e-03
1.318000000000e+03 4.333608516401e-03
1.318500000000e+03 5.583634353340e-03
1.319000000000e+03 7.020228453797e-03
1.319500000000e+03 8.623409457606e-03
1.320000000000e+03 1.036362720270e-02
1.320500000000e+03 1.220266266278e-02
1.321000000000e+03 1.409505036634e-02
1.321500000000e+03 1.598995798502e-02
1.322000000000e+03 1.783343184992e-02
1.322500000000e+03 1.957089587462e-02
1.323000000000e+03 2.114977589696e-02
1.323500000000e+03 2.252211266043e-02
1.324000000000e+03 2.364702505225e-02
1.324500000000e+03 2.449289093254e-02
1.325000000000e+03 2.503912567665e-02
1.325500000000e+03 2.527745778363e-02
1.326000000000e+03 2.521262561304e-02
1.326500000000e+03 2.486244823777e-02
1.327000000000e+03 2.425725505763e-02
1.327500000000e+03 2.343869157180e-02
1.328000000000e+03 2.245795085639e-02
1.328500000000e+03 2.137351016287e-02
1.329000000000e+03 2.024847808024e-02
1.329500000000e+03 1.914767852068e-02
1.330000000000e+03 1.813461229141e-02
1.330500000000e+03 1.726844442875e-02
1.331000000000e+03 1.660116537822e-02
1.331500000000e+03 1.617506648525e-02
1.332000000000e+03 1.602065547645e-02
1.332500000000e+03 1.615511639926e-02
1.333000000000e+03 1.658139191638e-02
1.333500000000e+03 1.728793526914e-02
1.334000000000e+03 1.824914618695e-02
1.334500000000e+03 1.942647121239e-02
1.335000000000e+03 2.077011605935e-02
1.335500000000e+03 2.222128740017e-02
1.336000000000e+03 2.371485542908e-02
1.336500000000e+03 2.518230799787e-02
1.337000000000e+03 2.655485310721e-02
1.337500000000e+03 2.776651976735e-02
1.338000000000e+03 2.875710804386e-02
1.338500000000e+03 2.947484741686e-02
1.339000000000e+03 2.987863795795e-02
1.339500000000e+03 2.993977045543e-02
1.340000000000e+03 2.964304836595e-02
1.340500000000e+03 2.898726494331e-02
1.341000000000e+03 2.798502151646e-02
1.341500000000e+03 2.666190596749e-02
1.342000000000e+03 2.505508229768e-02
1.342500000000e+03 2.321137112830e-02
1.343000000000e+03 2.118492558985e-02
1.343500000000e+03 1.903462606187e-02
1.344000000000e+03 1.682132968970e-02
1.344500000000e+03 1.460511592213e-02
1.345000000000e+03 1.244266725821e-02
1.345500000000e+03 1.038491512260e-02
1.346000000000e+03 8.475064844369e-03
1.346500000000e+03 6.747091977785e-03
1.347000000000e+03 5.224775858195e-03
1.347500000000e+03 3.921306755402e-03
1.348000000000e+03 2.839471848880e-03
1.348500000000e+03 1.972394166594e-03
1.349000000000e+03 1.304769248338e-03
1.349500000000e+03 8.145181687680e-04
1.350000000000e+03 4.747540564047e-04
1.350500000000e+03 2.559434946607e-04
1.351000000000e+03 1.281350016040e-04
1.351500000000e+03 6.312461580885e-05
1.352000000000e+03 3.643355118006e-05
1.352500000000e+03 2.898462831362e-05
1.353000000000e+03 2.838208596691e-05
1.353500000000e+03 2.972243772916e-05
1.354000000000e+03 3.589100577855e-05
1.354500000000e+03 5.732816814956e-05
1.355000000000e+03 1.112796014061e-04
1.355500000000e+03 2.205742465378e-04
1.356000000000e+03 4.120007746554e-04
1.356500000000e+03 7.143765118518e-04
1.357000000000e+03 1.156420836782e-03
1.357500000000e+03 1.764557001618e-03
1.358000000000e+03 2.560771484942e-03
1.358500000000e+03 3.560658064244e-03
1.359000000000e+03 4.771764874338e-03
1.359500000000e+03 6.192347250230e-03
1.360000000000e+03 7.810607942893e-03
1.360500000000e+03 9.604480458440e-03
1.361000000000e+03 1.154198217000e-02
1.361500000000e+03 1.358213302936e-02
1.362000000000e+03 1.567640480471e-02
1.362500000000e+03 1.777063643995e-02
1.363000000000e+03 1.980732494779e-02
1.363500000000e+03 2.172817962423e-02
1.364000000000e+03 2.347681148770e-02
1.364500000000e+03 2.500142058030e-02
1.365000000000e+03 2.625734165914e-02
1.365500000000e+03 2.720931401070e-02
1.366000000000e+03 2.783335341855e-02
1.366500000000e+03 2.811812310669e-02
1.367000000000e+03 2.806572482752e-02
1.367500000000e+03 2.769185992892e-02
1.368000000000e+03 2.702534175379e-02
1.368500000000e+03 2.610697347674e-02
1.369000000000e+03 2.498783777433e-02
1.369500000000e+03 2.372707488460e-02
1.370000000000e+03 2.238925207046e-02
1.370500000000e+03 2.104144887721e-02
1.371000000000e+03 1.975019774680e-02
1.371500000000e+03 1.857842771665e-02
1.372000000000e+03 1.758255964543e-02
1.372500000000e+03 1.680989461528e-02
1.373000000000e+03 1.629642318692e-02
1.373500000000e+03 1.606516273301e-02
1.374000000000e+03 1.612510417974e-02
1.374500000000e+03 1.647081946453e-02
1.375000000000e+03 1.708274839837e-02
1.375500000000e+03 1.792815006900e-02
1.376000000000e+03 1.896267114666e-02
1.376500000000e+03 2.013245312912e-02
1.377000000000e+03 2.137667422915e-02
1.377500000000e+03 2.263040060121e-02
1.378000000000e+03 2.382760698432e-02
1.378500000000e+03 2.490421933235e-02
1.379000000000e+03 2.580103197047e-02
1.379500000000e+03 2.646635923193e-02
1.380000000000e+03 2.685829598034e-02
1.380500000000e+03 2.694648213646e-02
1.381000000000e+03 2.671329221178e-02
1.381500000000e+03 2.615440054529e-02
1.382000000000e+03 2.527870489539e-02
1.382500000000e+03 2.410762359540e-02
1.383000000000e+03 2.267381295378e-02
1.383500000000e+03 2.101938034687e-02
1.384000000000e+03 1.919369304228e-02
1.384500000000e+03 1.725090195406e-02
1.385000000000e+03 1.524731231026e-02
1.385500000000e+03 1.323873898715e-02
1.386000000000e+03 1.127798278250e-02
1.386500000000e+03 9.412555294251e-03
1.387000000000e+03 7.682764844836e-03
1.387500000000e+03 6.120254896540e-03
1.388000000000e+03 4.747060789171e-03
1.388500000000e+03 3.575221788315e-03
1.389000000000e+03 2.606954912349e-03
1.389500000000e+03 1.835366444967e-03
1.390000000000e+03 1.245648068133e-03
1.390500000000e+03 8.166787065405e-04
1.391000000000e+03 5.229318272255e-04
1.391500000000e+03 3.365722091919e-04
1.392000000000e+03 2.296169081744e-04
1.392500000000e+03 1.760327643838e-04
1.393000000000e+03 1.536474396594e-04
1.393500000000e+03 1.457623522358e-04
1.394000000000e+03 1.423733698257e-04
1.394500000000e+03 1.409277652436e-04
1.395000000000e+03 1.465724993696e-04
1.395500000000e+03 1.718779301186e-04
1.396000000000e+03 2.360509774564e-04
1.396500000000e+03 3.636809795475e-04
1.397000000000e+03 5.830883674626e-04
1.397500000000e+03 9.243694026583e-04
1.398000000000e+03 1.417248299508e-03
1.398500000000e+03 2.088860100190e-03
1.399000000000e+03 2.961593007303e-03
1.399500000000e+03 4.051117194869e-03
1.400000000000e+03 5.364718469493e-03
1.400500000000e+03 6.900039971217e-03
1.401000000000e+03 8.644314169700e-03
1.401500000000e+03 1.057414181526e-02
1.402000000000e+03 1.265584559069e-02
1.402500000000e+03 1.484639550034e-02
1.403000000000e+03 1.709487215734e-02
1.403500000000e+03 1.934440472608e-02
1.404000000000e+03 2.153449391950e-02
1.404500000000e+03 2.360360855306e-02
1.405000000000e+03 2.549192790948e-02
1.405500000000e+03 2.714409246482e-02
1.406000000000e+03 2.851182292135e-02
1.406500000000e+03 2.955627217261e-02
1.407000000000e+03 3.024998659160e-02
1.407500000000e+03 3.057837131943e-02
1.408000000000e+03 3.054057812305e-02
1.408500000000e+03 3.014976268366e-02
1.409000000000e+03 2.943268942697e-02
1.409500000000e+03 2.842869461380e-02
1.410000000000e+03 2.718805069799e-02
1.410500000000e+03 2.576980526237e-02
1.411000000000e+03 2.423919459611e-02
1.411500000000e+03 2.266475379120e-02
1.412000000000e+03 2.111526097665e-02
1.412500000000e+03 1.965666215394e-02
1.413000000000e+03 1.834912457709e-02
1.413500000000e+03 1.724436064666e-02
1.414000000000e+03 1.638335115498e-02
1.414500000000e+03 1.579457709282e-02
1.415000000000e+03 1.549284410643e-02
1.415500000000e+03 1.547875435915e-02
1.416000000000e+03 1.573884850255e-02
1.416500000000e+03 1.624640733627e-02
1.417000000000e+03 1.696287022264e-02
1.417500000000e+03 1.783979708034e-02
1.418000000000e+03 1.882127434679e-02
1.418500000000e+03 1.984664400981e-02
1.419000000000e+03 2.085341973406e-02
1.419500000000e+03 2.178024599350e-02
1.420000000000e+03 2.256975535095e-02
1.420500000000e+03 2.317118560418e-02
1.421000000000e+03 2.354263206824e-02
1.421500000000e+03 2.365283005016e-02
1.422000000000e+03 2.348238753933e-02
1.422500000000e+03 2.302441696483e-02
1.423000000000e+03 2.228454604421e-02
1.423500000000e+03 2.128031963877e-02
1.424000000000e+03 2.004003547655e-02
1.424500000000e+03 1.860108500717e-02
1.425000000000e+03 1.700789504764e-02
1.425500000000e+03 1.530958502415e-02
1.426000000000e+03 1.355746754586e-02
1.426500000000e+03 1.180252613348e-02
1.427000000000e+03 1.009300289623e-02
1.427500000000e+03 8.472220913997e-03
1.428000000000e+03 6.976751512928e-03
1.428500000000e+03 5.635016339053e-03
1.429000000000e+03 4.466389255362e-03
1.429500000000e+03 3.480834966020e-03
1.430000000000e+03 2.679091430432e-03
1.430500000000e+03 2.053373175456e-03
1.431000000000e+03 1.588544153570e-03
1.431500000000e+03 1.263683349230e-03
1.432000000000e+03 1.053945260674e-03
1.432500000000e+03 9.326017984440e-04
1.433000000000e+03 8.731428663766e-04
1.433500000000e+03 8.513104082568e-04
1.434000000000e+03 8.469451309884e-04
1.434500000000e+03 8.455362002122e-04
1.435000000000e+03 8.393813366233e-04
1.435500000000e+03 8.282869875434e-04
1.436000000000e+03 8.197643997729e-04
1.436500000000e+03 8.287060597806e-04
1.437000000000e+03 8.765565427555e-04
1.437500000000e+03 9.900207203330e-04
1.438000000000e+03 1.199378947511e-03
1.438500000000e+03 1.536501829897e-03
1.439000000000e+03 2.032675205940e-03
1.439500000000e+03 2.716358068416e-03
1.440000000000e+03 3.611001615901e-03
1.440500000000e+03 4.733056138913e-03
1.441000000000e+03 6.090284049269e-03
1.441500000000e+03 7.680482464709e-03
1.442000000000e+03 9.490698123130e-03
1.442500000000e+03 1.149699208659e-02
1.443000000000e+03 1.366478302607e-02
1.443500000000e+03 1.594976735434e-02
1.444000000000e+03 1.829938370463e-02
1.444500000000e+03 2.065475986557e-02
1.445000000000e+03 2.295305383659e-02
1.445500000000e+03 2.513007858142e-02
1.446000000000e+03 2.712308351557e-02
1.446500000000e+03 2.887355567680e-02
1.447000000000e+03 3.032990046155e-02
1.447500000000e+03 3.144986597296e-02
1.448000000000e+03 3.220258624502e-02
1.448500000000e+03 3.257013634066e-02
1.449000000000e+03 3.254851568929e-02
1.449500000000e+03 3.214800385118e-02
1.450000000000e+03 3.139286375976e-02
1.450500000000e+03 3.032039982183e-02
1.451000000000e+03 2.897941039481e-02
1.451500000000e+03 2.742810445770e-02
1.452000000000e+03 2.573157919164e-02
1.452500000000e+03 2.395897729888e-02
1.453000000000e+03 2.218045907633e-02
1.453500000000e+03 2.046413368348e-02
1.454000000000e+03 1.887309621664e-02
1.454500000000e+03 1.746271200612e-02
1.455000000000e+03 1.627827725460e-02
1.455500000000e+03 1.535316636307e-02
1.456000000000e+03 1.470755200784e-02
1.456500000000e+03 1.434775548470e-02
1.457000000000e+03 1.426625348617e-02
1.457500000000e+03 1.444233493220e-02
1.458000000000e+03 1.484336939632e-02
1.458500000000e+03 1.542661869479e-02
1.459000000000e+03 1.614149685914e-02
1.459500000000e+03 1.693216232399e-02
1.460000000000e+03 1.774031080464e-02
1.460500000000e+03 1.850802876848e-02
1.461000000000e+03 1.918056602287e-02
1.461500000000e+03 1.970889177937e-02
1.462000000000e+03 2.005191126435e-02
1.462500000000e+03 2.017823882714e-02
1.463000000000e+03 2.006744753395e-02
1.463500000000e+03 1.971074314368e-02
1.464000000000e+03 1.911104066691e-02
1.464500000000e+03 1.828245281539e-02
1.465000000000e+03 1.724922992894e-02
1.465500000000e+03 1.604421884287e-02
1.466000000000e+03 1.470693218951e-02
1.466500000000e+03 1.328133857955e-02
1.467000000000e+03 1.181349702253e-02
1.467500000000e+03 1.034916518455e-02
1.468000000000e+03 8.931510364655e-03
1.468500000000e+03 7.599044485755e-03
1.469000000000e+03 6.383890394067e-03
1.469500000000e+03 5.310467130930e-03
1.470000000000e+03 4.394657667590e-03
1.470500000000e+03 3.643495199110e-03
1.471000000000e+03 3.055374965611e-03
1.471500000000e+03 2.620769283853e-03
1.472000000000e+03 2.323395607342e-03
1.472500000000e+03 2.141762487573e-03
1.473000000000e+03 2.050997620139e-03
1.473500000000e+03 2.024846834591e-03
1.474000000000e+03 2.037723743100e-03
1.474500000000e+03 2.066687285729e-03
1.475000000000e+03 2.093228724838e-03
1.475500000000e+03 2.104760510816e-03
1.476000000000e+03 2.095716274765e-03
1.476500000000e+03 2.068193091507e-03
1.477000000000e+03 2.032092915287e-03
1.477500000000e+03 2.004748329800e-03
1.478000000000e+03 2.010046947954e-03
1.478500000000e+03 2.077097363734e-03
1.479000000000e+03 2.238505950869e-03
1.479500000000e+03 2.528356581865e-03
1.480000000000e+03 2.980003260523e-03
1.480500000000e+03 3.623797728441e-03
1.481000000000e+03 4.484879640567e-03
1.481500000000e+03 5.581155568862e-03
1.482000000000e+03 6.921584916625e-03
1.482500000000e+03 8.504876200648e-03
1.483000000000e+03 1.031867682103e-02
1.483500000000e+03 1.233931443292e-02
1.484000000000e+03 1.453211965357e-02
1.484500000000e+03 1.685232956265e-02
1.485000000000e+03 1.924654086732e-02
1.485500000000e+03 2.165465231675e-02
1.486000000000e+03 2.401220950932e-02
1.486500000000e+03 2.625304304676e-02
1.487000000000e+03 2.831207424009e-02
1.487500000000e+03 3.012815217022e-02
1.488000000000e+03 3.164678243460e-02
1.488500000000e+03 3.282261158811e-02
1.489000000000e+03 3.362154196476e-02
1.489500000000e+03 3.402236872844e-02
1.490000000000e+03 3.401785379523e-02
1.490500000000e+03 3.361517854657e-02
1.491000000000e+03 3.283574762944e-02
1.491500000000e+03 3.171434806887e-02
1.492000000000e+03 3.029769976909e-02
1.492500000000e+03 2.864246362237e-02
1.493000000000e+03 2.681280033625e-02
1.493500000000e+03 2.487759535110e-02
1.494000000000e+03 2.290748171240e-02
1.494500000000e+03 2.097180264074e-02
1.495000000000e+03 1.913565830557e-02
1.495500000000e+03 1.745717681913e-02
1.496000000000e+03 1.598513796216e-02
1.496500000000e+03 1.475706023067e-02
1.497000000000e+03 1.379783838058e-02
1.497500000000e+03 1.311899095293e-02
1.498000000000e+03 1.271854671292e-02
1.498500000000e+03 1.258156710106e-02
1.499000000000e+03 1.268127030695e-02
1.499500000000e+03 1.298069304297e-02
1.500000000000e+03 1.343480002100e-02
1.500500000000e+03 1.399292983651e-02
1.501000000000e+03 1.460145050908e-02
1.501500000000e+03 1.520648907316e-02
1.502000000000e+03 1.575659777347e-02
1.502500000000e+03 1.620522464177e-02
1.503000000000e+03 1.651286819557e-02
1.503500000000e+03 1.664881403703e-02
1.504000000000e+03 1.659237425671e-02
1.504500000000e+03 1.633357752155e-02
1.505000000000e+03 1.587328710862e-02
1.505500000000e+03 1.522275438247e-02
1.506000000000e+03 1.440264470873e-02
1.506500000000e+03 1.344160000566e-02
1.507000000000e+03 1.237442564242e-02
1.507500000000e+03 1.124000798110e-02
1.508000000000e+03 1.007908158342e-02
1.508500000000e+03 8.931971325940e-03
1.509000000000e+03 7.836434106600e-03
1.509500000000e+03 6.825717553163e-03
1.510000000000e+03 5.926939594240e-03
1.510500000000e+03 5.159873689349e-03
1.511000000000e+03 4.536200991057e-03
1.511500000000e+03 4.059264019619e-03
1.512000000000e+03 3.724328022363e-03
1.512500000000e+03 3.519327609250e-03
1.513000000000e+03 3.426049049295e-03
1.513500000000e+03 3.421674250593e-03
1.514000000000e+03 3.480592244323e-03
1.514500000000e+03 3.576369040361e-03
1.515000000000e+03 3.683757825749e-03
1.515500000000e+03 3.780629118630e-03
1.516000000000e+03 3.849704798758e-03
1.516500000000e+03 3.879990682539e-03
1.517000000000e+03 3.867818922419e-03
1.517500000000e+03 3.817433094974e-03
1.518000000000e+03 3.741074243523e-03
1.518500000000e+03 3.658553990752e-03
1.519000000000e+03 3.596329638924e-03
1.519500000000e+03 3.586124371628e-03
1.520000000000e+03 3.663161738299e-03
1.520500000000e+03 3.864106121619e-03
1.521000000000e+03 4.224818627471e-03
1.521500000000e+03 4.778049814209e-03
1.522000000000e+03 5.551196214566e-03
1.522500000000e+03 6.564246361040e-03
1.523000000000e+03 7.828034022600e-03
1.523500000000e+03 9.342901977873e-03
1.524000000000e+03 1.109785960306e-02
1.524500000000e+03 1.307029286490e-02
1.525000000000e+03 1.522625724831e-02
1.525500000000e+03 1.752135416991e-02
1.526000000000e+03 1.990216109315e-02
1.526500000000e+03 2.230815645442e-02
1.527000000000e+03 2.467405416284e-02
1.527500000000e+03 2.693244023885e-02
1.528000000000e+03 2.901658728995e-02
1.528500000000e+03 3.086331189175e-02
1.529000000000e+03 3.241573613353e-02
1.529500000000e+03 3.362581783425e-02
1.530000000000e+03 3.445652410080e-02
1.530500000000e+03 3.488353949678e-02
1.531000000000e+03 3.489642228642e-02
1.531500000000e+03 3.449914889928e-02
1.532000000000e+03 3.371001657187e-02
1.532500000000e+03 3.256090554766e-02
1.533000000000e+03 3.109593365434e-02
1.533500000000e+03 2.936956592289e-02
1.534000000000e+03 2.744426864435e-02
1.534500000000e+03 2.538781951368e-02
1.535000000000e+03 2.327040215420e-02
1.535500000000e+03 2.116162350694e-02
1.536000000000e+03 1.912759579814e-02
1.536500000000e+03 1.722822091198e-02
1.537000000000e+03 1.551480421199e-02
1.537500000000e+03 1.402810774172e-02
1.538000000000e+03 1.279693018880e-02
1.538500000000e+03 1.183727418857e-02
1.539000000000e+03 1.115213186300e-02
1.539500000000e+03 1.073188846881e-02
1.540000000000e+03 1.055531326357e-02
1.540500000000e+03 1.059107776383e-02
1.541000000000e+03 1.079971594349e-02
1.541500000000e+03 1.113591989815e-02
1.542000000000e+03 1.155104913639e-02
1.542500000000e+03 1.199572270562e-02
1.543000000000e+03 1.242236123250e-02
1.543500000000e+03 1.278755071869e-02
1.544000000000e+03 1.305411127592e-02
1.544500000000e+03 1.319277127168e-02
1.545000000000e+03 1.318336963314e-02
1.545500000000e+03 1.301553511836e-02
1.546000000000e+03 1.268881980812e-02
1.546500000000e+03 1.221229338390e-02
1.547000000000e+03 1.160363338146e-02
1.547500000000e+03 1.088777303555e-02
1.548000000000e+03 1.009519117329e-02
1.548500000000e+03 9.259946682613e-03
1.549000000000e+03 8.417572446577e-03
1.549500000000e+03 7.602949673368e-03
1.550000000000e+03 6.848282979440e-03
1.550500000000e+03 6.181289471936e-03
1.551000000000e+03 5.623701843004e-03
1.551500000000e+03 5.190166878876e-03
1.552000000000e+03 4.887597829074e-03
1.552500000000e+03 4.715013036008e-03
1.553000000000e+03 4.663865514308e-03
1.553500000000e+03 4.718840300614e-03
1.554000000000e+03 4.859069882606e-03
1.554500000000e+03 5.059694299779e-03
1.555000000000e+03 5.293672875834e-03
1.555500000000e+03 5.533740060656e-03
1.556000000000e+03 5.754389319769e-03
1.556500000000e+03 5.933766881233e-03
1.557000000000e+03 6.055361561952e-03
1.557500000000e+03 6.109387621828e-03
1.558000000000e+03 6.093774071955e-03
1.558500000000e+03 6.014695217088e-03
1.559000000000e+03 5.886602306013e-03
1.559500000000e+03 5.731743654925e-03
1.560000000000e+03 5.579189024598e-03
1.560500000000e+03 5.463401845419e-03
1.561000000000e+03 5.422428592501e-03
1.561500000000e+03 5.495796824636e-03
1.562000000000e+03 5.722230899652e-03
1.562500000000e+03 6.137306199615e-03
1.563000000000e+03 6.771168170526e-03
1.563500000000e+03 7.646441267393e-03
1.564000000000e+03 8.776445012772e-03
1.564500000000e+03 1.016382019358e-02
1.565000000000e+03 1.179964844103e-02
1.565500000000e+03 1.366312406171e-02
1.566000000000e+03 1.572180926297e-02
1.566500000000e+03 1.793247426975e-02
1.567000000000e+03 2.024249380042e-02
1.567500000000e+03 2.259174251555e-02
1.568000000000e+03 2.491490588542e-02
1.568500000000e+03 2.714410081030e-02
1.569000000000e+03 2.921168343929e-02
1.569500000000e+03 3.105311086833e-02
1.570000000000e+03 3.260971933863e-02
1.570500000000e+03 3.383128444217e-02
1.571000000000e+03 3.467823854949e-02
1.571500000000e+03 3.512343673199e-02
1.572000000000e+03 3.515338405456e-02
1.572500000000e+03 3.476886317112e-02
1.573000000000e+03 3.398493034678e-02
1.573500000000e+03 3.283027886785e-02
1.574000000000e+03 3.134599971747e-02
1.574500000000e+03 2.958379881354e-02
1.575000000000e+03 2.760375653132e-02
1.575500000000e+03 2.547173732270e-02
1.576000000000e+03 2.325657388069e-02
1.576500000000e+03 2.102716064581e-02
1.577000000000e+03 1.884959500063e-02
1.577500000000e+03 1.678450109045e-02
1.578000000000e+03 1.488466104307e-02
1.578500000000e+03 1.319306198416e-02
1.579000000000e+03 1.174144552548e-02
1.579500000000e+03 1.054942047832e-02
1.580000000000e+03 9.624170765805e-03
1.580500000000e+03 8.960760370713e-03
1.581000000000e+03 8.543007214822e-03
1.581500000000e+03 8.344869665598e-03
1.582000000000e+03 8.332264344868e-03
1.582500000000e+03 8.465213345394e-03
1.583000000000e+03 8.700203874665e-03
1.583500000000e+03 8.992634481761e-03
1.584000000000e+03 9.299219794966e-03
1.584500000000e+03 9.580230165670e-03
1.585000000000e+03 9.801453490954e-03
1.585500000000e+03 9.935783146962e-03
1.586000000000e+03 9.964357486732e-03
1.586500000000e+03 9.877201560734e-03
1.587000000000e+03 9.673349246609e-03
1.587500000000e+03 9.360452345452e-03
1.588000000000e+03 8.953910901793e-03
1.588500000000e+03 8.475584560727e-03
1.589000000000e+03 7.952166837196e-03
1.589500000000e+03 7.413321582238e-03
1.590000000000e+03 6.889692781052e-03
1.590500000000e+03 6.410904505889e-03
1.591000000000e+03 6.003667096932e-03
1.591500000000e+03 5.690098530094e-03
1.592000000000e+03 5.486356864502e-03
1.592500000000e+03 5.401661374407e-03
1.593000000000e+03 5.437757470639e-03
1.593500000000e+03 5.588855038219e-03
1.594000000000e+03 5.842042751609e-03
1.594500000000e+03 6.178153752325e-03
1.595000000000e+03 6.573032266014e-03
1.595500000000e+03 6.999127702961e-03
1.596000000000e+03 7.427323785493e-03
1.596500000000e+03 7.828896317126e-03
1.597000000000e+03 8.177485121357e-03
1.597500000000e+03 8.450963887415e-03
1.598000000000e+03 8.633096284612e-03
1.598500000000e+03 8.714877519102e-03
1.599000000000e+03 8.695476947275e-03
1.599500000000e+03 8.582718567750e-03
1.600000000000e+03 8.393061065437e-03
1.600500000000e+03 8.151066259921e-03
1.601000000000e+03 7.888372865048e-03
1.601500000000e+03 7.642219898158e-03
1.602000000000e+03 7.453589410146e-03
1.602500000000e+03 7.365060073623e-03
1.603000000000e+03 7.418480375646e-03
1.603500000000e+03 7.652581763134e-03
1.604000000000e+03 8.100657429388e-03
1.604500000000e+03 8.788431177711e-03
1.605000000000e+03 9.732232973053e-03
1.605500000000e+03 1.093758375745e-02
1.606000000000e+03 1.239827255224e-02
1.606500000000e+03 1.409598478553e-02
1.607000000000e+03 1.600051339135e-02
1.607500000000e+03 1.807055493541e-02
1.608000000000e+03 2.025506333738e-02
1.608500000000e+03 2.249510522034e-02
1.609000000000e+03 2.472613500402e-02
1.609500000000e+03 2.688058592160e-02
1.610000000000e+03 2.889065632747e-02
1.610500000000e+03 3.069115986204e-02
1.611000000000e+03 3.222230382574e-02
1.611500000000e+03 3.343226272543e-02
1.612000000000e+03 3.427942327827e-02
1.612500000000e+03 3.473419272874e-02
1.613000000000e+03 3.478028337052e-02
1.613500000000e+03 3.441541160005e-02
1.614000000000e+03 3.365137836918e-02
1.614500000000e+03 3.251352809769e-02
1.615000000000e+03 3.103961341504e-02
1.615500000000e+03 2.927812198129e-02
1.616000000000e+03 2.728614762470e-02
1.616500000000e+03 2.512690980949e-02
1.617000000000e+03 2.286704191839e-02
1.617500000000e+03 2.057377917699e-02
1.618000000000e+03 1.831218076064e-02
1.618500000000e+03 1.614251754808e-02
1.619000000000e+03 1.411794731142e-02
1.619500000000e+03 1.228258339124e-02
1.620000000000e+03 1.067004193905e-02
1.620500000000e+03 9.302527729875e-03
1.621000000000e+03 8.190490668921e-03
1.621500000000e+03 7.332855897326e-03
1.622000000000e+03 6.717801360168e-03
1.622500000000e+03 6.324029336101e-03
1.623000000000e+03 6.122454149811e-03
1.623500000000e+03 6.078208330855e-03
1.624000000000e+03 6.152854852305e-03
1.624500000000e+03 6.306684497126e-03
1.625000000000e+03 6.500975260346e-03
1.625500000000e+03 6.700095056829e-03
1.626000000000e+03 6.873339583934e-03
1.626500000000e+03 6.996413374122e-03
1.627000000000e+03 7.052482960446e-03
1.627500000000e+03 7.032755521169e-03
1.628000000000e+03 6.936563036749e-03
1.628500000000e+03 6.770959443338e-03
1.629000000000e+03 6.549865024806e-03
1.629500000000e+03 6.292816917783e-03
1.630000000000e+03 6.023405799974e-03
1.630500000000e+03 5.767495466413e-03
1.631000000000e+03 5.551333197269e-03
1.631500000000e+03 5.399664002842e-03
1.632000000000e+03 5.333960741342e-03
1.632500000000e+03 5.370874822843e-03
1.633000000000e+03 5.520999154065e-03
1.633500000000e+03 5.788016865911e-03
1.634000000000e+03 6.168287194923e-03
1.634500000000e+03 6.650894873121e-03
1.635000000000e+03 7.218162883351e-03
1.635500000000e+03 7.846601903937e-03
1.636000000000e+03 8.508244644810e-03
1.636500000000e+03 9.172290938723e-03
1.637000000000e+03 9.806971121039e-03
1.637500000000e+03 1.038152191867e-02
1.638000000000e+03 1.086816151642e-02
1.638500000000e+03 1.124394911158e-02
1.639000000000e+03 1.149241920751e-02
1.639500000000e+03 1.160489190032e-02
1.640000000000e+03 1.158137691875e-02
1.640500000000e+03 1.143101032975e-02
1.641000000000e+03 1.117198751250e-02
1.641500000000e+03 1.083098292857e-02
1.642000000000e+03 1.044207495231e-02
1.642500000000e+03 1.004522109366e-02
1.643000000000e+03 9.684353900976e-03
1.643500000000e+03 9.405189331006e-03
1.644000000000e+03 9.252856251693e-03
1.644500000000e+03 9.269467074616e-03
1.645000000000e+03 9.491754658684e-03
1.645500000000e+03 9.948899269967e-03
1.646000000000e+03 1.066066154779e-02
1.646500000000e+03 1.163592348016e-02
1.647000000000e+03 1.287172001662e-02
1.647500000000e+03 1.435282011863e-02
1.648000000000e+03 1.605188897322e-02
1.648500000000e+03 1.793023416025e-02
1.649000000000e+03 1.993910925073e-02
1.649500000000e+03 2.202152013181e-02
1.650000000000e+03 2.411445376137e-02
1.650500000000e+03 2.615142737263e-02
1.651000000000e+03 2.806523950710e-02
1.651500000000e+03 2.979079351673e-02
1.652000000000e+03 3.126785990960e-02
1.652500000000e+03 3.244364634888e-02
1.653000000000e+03 3.327505313653e-02
1.653500000000e+03 3.373050716990e-02
1.654000000000e+03 3.379128787893e-02
1.654500000000e+03 3.345228349030e-02
1.655000000000e+03 3.272214385408e-02
1.655500000000e+03 3.162282558507e-02
1.656000000000e+03 3.018855491091e-02
1.656500000000e+03 2.846426187229e-02
1.657000000000e+03 2.650356495337e-02
1.657500000000e+03 2.436640654890e-02
1.658000000000e+03 2.211645582518e-02
1.658500000000e+03 1.981840570954e-02
1.659000000000e+03 1.753529445466e-02
1.659500000000e+03 1.532597932073e-02
1.660000000000e+03 1.324288058717e-02
1.660500000000e+03 1.133009887101e-02
1.661000000000e+03 9.621988414442e-03
1.661500000000e+03 8.142244695387e-03
1.662000000000e+03 6.903537699602e-03
1.662500000000e+03 5.907693890340e-03
1.663000000000e+03 5.146401804037e-03
1.663500000000e+03 4.602389747219e-03
1.664000000000e+03 4.251000639782e-03
1.664500000000e+03 4.062069841243e-03
1.665000000000e+03 4.001997781862e-03
1.665500000000e+03 4.035901092598e-03
1.666000000000e+03 4.129724063484e-03
1.666500000000e+03 4.252196706691e-03
1.667000000000e+03 4.376536166962e-03
1.667500000000e+03 4.481804104281e-03
1.668000000000e+03 4.553853079359e-03
1.668500000000e+03 4.585818776037e-03
1.669000000000e+03 4.578140793577e-03
1.669500000000e+03 4.538121327868e-03
1.670000000000e+03 4.479056896052e-03
1.670500000000e+03 4.419001950100e-03
1.671000000000e+03 4.379243500255e-03
1.671500000000e+03 4.382581642981e-03
1.672000000000e+03 4.451521320386e-03
1.672500000000e+03 4.606485178566e-03
1.673000000000e+03 4.864155808505e-03
1.673500000000e+03 5.236048042581e-03
1.674000000000e+03 5.727398765676e-03
1.674500000000e+03 6.336443606229e-03
1.675000000000e+03 7.054127887035e-03
1.675500000000e+03 7.864274535364e-03
1.676000000000e+03 8.744205620863e-03
1.676500000000e+03 9.665788225145e-03
1.677000000000e+03 1.059685086541e-02
1.677500000000e+03 1.150289503504e-02
1.678000000000e+03 1.234900877639e-02
1.678500000000e+03 1.310187654420e-02
1.679000000000e+03 1.373177266187e-02
1.679500000000e+03 1.421442482962e-02
1.680000000000e+03 1.453263949302e-02
1.680500000000e+03 1.467759217549e-02
1.681000000000e+03 1.464970255254e-02
1.681500000000e+03 1.445903524057e-02
1.682000000000e+03 1.412519188841e-02
1.682500000000e+03 1.367668690729e-02
1.683000000000e+03 1.314982664587e-02
1.683500000000e+03 1.258713855944e-02
1.684000000000e+03 1.203542151328e-02
1.684500000000e+03 1.154350948744e-02
1.685000000000e+03 1.115985747174e-02
1.685500000000e+03 1.093006935743e-02
1.686000000000e+03 1.089449252605e-02
1.686500000000e+03 1.108600231004e-02
1.687000000000e+03 1.152809158875e-02
1.687500000000e+03 1.223336685749e-02
1.688000000000e+03 1.320253285253e-02
1.688500000000e+03 1.442392419528e-02
1.689000000000e+03 1.587361573147e-02
1.689500000000e+03 1.751611464935e-02
1.690000000000e+03 1.930560852753e-02
1.690500000000e+03 2.118771567006e-02
1.691000000000e+03 2.310165886396e-02
1.691500000000e+03 2.498276233793e-02
1.692000000000e+03 2.676515531359e-02
1.692500000000e+03 2.838455496493e-02
1.693000000000e+03 2.978099738736e-02
1.693500000000e+03 3.090138754088e-02
1.694000000000e+03 3.170174795531e-02
1.694500000000e+03 3.214906081555e-02
1.695000000000e+03 3.222261812114e-02
1.695500000000e+03 3.191481890626e-02
1.696000000000e+03 3.123137976900e-02
1.696500000000e+03 3.019095379511e-02
1.697000000000e+03 2.882418189783e-02
1.697500000000e+03 2.717222815747e-02
1.698000000000e+03 2.528487553052e-02
1.698500000000e+03 2.321827905829e-02
1.699000000000e+03 2.103248939847e-02
1.699500000000e+03 1.878886935772e-02
1.700000000000e+03 1.654752965078e-02
1.700500000000e+03 1.436490721259e-02
1.701000000000e+03 1.229160024314e-02
1.701500000000e+03 1.037055928583e-02
1.702000000000e+03 8.635713849348e-03
1.702500000000e+03 7.111090442765e-03
1.703000000000e+03 5.810451668344e-03
1.703500000000e+03 4.737458594587e-03
1.704000000000e+03 3.886331457175e-03
1.704500000000e+03 3.242958231476e-03
1.705000000000e+03 2.786378111364e-03
1.705500000000e+03 2.490548577856e-03
1.706000000000e+03 2.326291479897e-03
1.706500000000e+03 2.263306039586e-03
1.707000000000e+03 2.272135285568e-03
1.707500000000e+03 2.325977136733e-03
1.708000000000e+03 2.402241903699e-03
1.708500000000e+03 2.483773737100e-03
1.709000000000e+03 2.559673646119e-03
1.709500000000e+03 2.625685023504e-03
1.710000000000e+03 2.684127866018e-03
1.710500000000e+03 2.743393691357e-03
1.711000000000e+03 2.817038120313e-03
1.711500000000e+03 2.922530861129e-03
1.712000000000e+03 3.079742169191e-03
1.712500000000e+03 3.309259714264e-03
1.713000000000e+03 3.630639367195e-03
1.713500000000e+03 4.060697203305e-03
1.714000000000e+03 4.611947806461e-03
1.714500000000e+03 5.291285868403e-03
1.715000000000e+03 6.098994549744e-03
1.715500000000e+03 7.028145834871e-03
1.716000000000e+03 8.064436159268e-03
1.716500000000e+03 9.186476104054e-03
1.717000000000e+03 1.036652726560e-02
1.717500000000e+03 1.157165391434e-02
1.718000000000e+03 1.276523314381e-02
1.718500000000e+03 1.390874618763e-02
1.719000000000e+03 1.496375660409e-02
1.719500000000e+03 1.589396904016e-02
1.720000000000e+03 1.666725596911e-02
1.720500000000e+03 1.725753952730e-02
1.721000000000e+03 1.764642141557e-02
1.721500000000e+03 1.782446550979e-02
1.722000000000e+03 1.779205476467e-02
1.722500000000e+03 1.755976533216e-02
1.723000000000e+03 1.714822545014e-02
1.723500000000e+03 1.658745330919e-02
1.724000000000e+03 1.591569538034e-02
1.724500000000e+03 1.517781315293e-02
1.725000000000e+03 1.442329048975e-02
1.725500000000e+03 1.370395456890e-02
1.726000000000e+03 1.307151953721e-02
1.726500000000e+03 1.257507267193e-02
1.727000000000e+03 1.225862744629e-02
1.727500000000e+03 1.215886614050e-02
1.728000000000e+03 1.230318658674e-02
1.728500000000e+03 1.270815366470e-02
1.729000000000e+03 1.337843696334e-02
1.729500000000e+03 1.430629255728e-02
1.730000000000e+03 1.547162030010e-02
1.730500000000e+03 1.684259976155e-02
1.731000000000e+03 1.837687937237e-02
1.731500000000e+03 2.002326595008e-02
1.732000000000e+03 2.172383696064e-02
1.732500000000e+03 2.341637689748e-02
1.733000000000e+03 2.503702310004e-02
1.733500000000e+03 2.652299601238e-02
1.734000000000e+03 2.781528481999e-02
1.734500000000e+03 2.886116180345e-02
1.735000000000e+03 2.961640747906e-02
1.735500000000e+03 3.004714320294e-02
1.736000000000e+03 3.013118763755e-02
1.736500000000e+03 2.985887729762e-02
1.737000000000e+03 2.923331807836e-02
1.737500000000e+03 2.827006284812e-02
1.738000000000e+03 2.699623841556e-02
1.738500000000e+03 2.544917201467e-02
1.739000000000e+03 2.367459152434e-02
1.739500000000e+03 2.172449373487e-02
1.740000000000e+03 1.965479008886e-02
1.740500000000e+03 1.752284871269e-02
1.741000000000e+03 1.538505477958e-02
1.741500000000e+03 1.329450818503e-02
1.742000000000e+03 1.129896838144e-02
1.742500000000e+03 9.439141536143e-03
1.743000000000e+03 7.747385757468e-03
1.743500000000e+03 6.246887033765e-03
1.744000000000e+03 4.951332991395e-03
1.744500000000e+03 3.865084964414e-03
1.745000000000e+03 2.983822590648e-03
1.745500000000e+03 2.295610593557e-03
1.746000000000e+03 1.782315861599e-03
1.746500000000e+03 1.421285516690e-03
1.747000000000e+03 1.187184265807e-03
1.747500000000e+03 1.053882575640e-03
1.748000000000e+03 9.962864196225e-04
1.748500000000e+03 9.920045167063e-04
1.749000000000e+03 1.022759793207e-03
1.749500000000e+03 1.075467631229e-03
1.750000000000e+03 1.142923432613e-03
1.750500000000e+03 1.224065019951e-03
1.751000000000e+03 1.323800150228e-03
1.751500000000e+03 1.452414576022e-03
1.752000000000e+03 1.624600278285e-03
1.752500000000e+03 1.858165394042e-03
1.753000000000e+03 2.172505776593e-03
1.753500000000e+03 2.586932050984e-03
1.754000000000e+03 3.118954700442e-03
1.754500000000e+03 3.782632663261e-03
1.755000000000e+03 4.587087964746e-03
1.755500000000e+03 5.535280205962e-03
1.756000000000e+03 6.623120740117e-03
1.756500000000e+03 7.838987836392e-03
1.757000000000e+03 9.163682052410e-03
1.757500000000e+03 1.057083659918e-02
1.758000000000e+03 1.202777200308e-02
1.758500000000e+03 1.349675922777e-02
1.759000000000e+03 1.493663198060e-02
1.759500000000e+03 1.630466847138e-02
1.760000000000e+03 1.755864654408e-02
1.760500000000e+03 1.865896477160e-02
1.761000000000e+03 1.957071644012e-02
1.761500000000e+03 2.026560369801e-02
1.762000000000e+03 2.072358553562e-02
1.762500000000e+03 2.093416540492e-02
1.763000000000e+03 2.089724158302e-02
1.763500000000e+03 2.062346495853e-02
1.764000000000e+03 2.013407366823e-02
1.764500000000e+03 1.946020065734e-02
1.765000000000e+03 1.864167739498e-02
1.765500000000e+03 1.772538322880e-02
1.766000000000e+03 1.676321383352e-02
1.766500000000e+03 1.580976263079e-02
1.767000000000e+03 1.491982484936e-02
1.767500000000e+03 1.414584420721e-02
1.768000000000e+03 1.353542646427e-02
1.768500000000e+03 1.312904206438e-02
1.769000000000e+03 1.295803182870e-02
1.769500000000e+03 1.304301557798e-02
1.770000000000e+03 1.339278434569e-02
1.770500000000e+03 1.400373346425e-02
1.771000000000e+03 1.485986744697e-02
1.771500000000e+03 1.593337958645e-02
1.772000000000e+03 1.718578097386e-02
1.772500000000e+03 1.856952664969e-02
1.773000000000e+03 2.003006220142e-02
1.773500000000e+03 2.150819357066e-02
1.774000000000e+03 2.294266716424e-02
1.774500000000e+03 2.427283737349e-02
1.775000000000e+03 2.544129479260e-02
1.775500000000e+03 2.639633096900e-02
1.776000000000e+03 2.709412427094e-02
1.776500000000e+03 2.750054594995e-02
1.777000000000e+03 2.759250494878e-02
1.777500000000e+03 2.735877344129e-02
1.778000000000e+03 2.680026127232e-02
1.778500000000e+03 2.592973503726e-02
1.779000000000e+03 2.477100508310e-02
1.779500000000e+03 2.335762980928e-02
1.780000000000e+03 2.173120996813e-02
1.780500000000e+03 1.993936502742e-02
1.781000000000e+03 1.803349809349e-02
1.781500000000e+03 1.606646469401e-02
1.782000000000e+03 1.409026347392e-02
1.782500000000e+03 1.215386347705e-02
1.783000000000e+03 1.030127339526e-02
1.783500000000e+03 8.569943508772e-03
1.784000000000e+03 6.989571830355e-03
1.784500000000e+03 5.581363254331e-03
1.785000000000e+03 4.357765530501e-03
1.785500000000e+03 3.322679973627e-03
1.786000000000e+03 2.472119367865e-03
1.786500000000e+03 1.795261882293e-03
1.787000000000e+03 1.275829228897e-03
1.787500000000e+03 8.937008456636e-04
1.788000000000e+03 6.266644288172e-04
1.788500000000e+03 4.521972511294e-04
1.789000000000e+03 3.491726692190e-04
1.789500000000e+03 2.993920077929e-04
1.790000000000e+03 2.888532666801e-04
1.790500000000e+03 3.086841877850e-04
1.791000000000e+03 3.556872457545e-04
1.791500000000e+03 4.324669808141e-04
1.792000000000e+03 5.471345163237e-04
1.792500000000e+03 7.126087569197e-04
1.793000000000e+03 9.455572934614e-04
1.793500000000e+03 1.265041158859e-03
1.794000000000e+03 1.690945124371e-03
1.794500000000e+03 2.242288232965e-03
1.795000000000e+03 2.935517012799e-03
1.795500000000e+03 3.782885861574e-03
1.796000000000e+03 4.791025310197e-03
1.796500000000e+03 5.959789445766e-03
1.797000000000e+03 7.281459187706e-03
1.797500000000e+03 8.740359135638e-03
1.798000000000e+03 1.031292335093e-02
1.798500000000e+03 1.196822088824e-02
1.799000000000e+03 1.366892647574e-02
1.799500000000e+03 1.537269681959e-02
1.800000000000e+03 1.703388992986e-02
1.800500000000e+03 1.860554488483e-02
1.801000000000e+03 2.004152366746e-02
1.801500000000e+03 2.129870600001e-02
1.802000000000e+03 2.233912308231e-02
1.802500000000e+03 2.313191712372e-02
1.803000000000e+03 2.365502054326e-02
1.803500000000e+03 2.389646138093e-02
1.804000000000e+03 2.385521919212e-02
1.804500000000e+03 2.354157759703e-02
1.805000000000e+03 2.297694461379e-02
1.805500000000e+03 2.219313863401e-02
1.806000000000e+03 2.123116502633e-02
1.806500000000e+03 2.013953446655e-02
1.807000000000e+03 1.897219783269e-02
1.807500000000e+03 1.778619262756e-02
1.808000000000e+03 1.663911133863e-02
1.808500000000e+03 1.558651209597e-02
1.809000000000e+03 1.467939590547e-02
1.809500000000e+03 1.396187238822e-02
1.810000000000e+03 1.346912744588e-02
1.810500000000e+03 1.322579201017e-02
1.811000000000e+03 1.324479173671e-02
1.811500000000e+03 1.352673414224e-02
1.812000000000e+03 1.405986344701e-02
1.812500000000e+03 1.482058560233e-02
1.813000000000e+03 1.577453807393e-02
1.813500000000e+03 1.687815233356e-02
1.814000000000e+03 1.808063303918e-02
1.814500000000e+03 1.932625777355e-02
1.815000000000e+03 2.055688597853e-02
1.815500000000e+03 2.171455612991e-02
1.816000000000e+03 2.274404671699e-02
1.816500000000e+03 2.359527937572e-02
1.817000000000e+03 2.422545140568e-02
1.817500000000e+03 2.460079939586e-02
1.818000000000e+03 2.469791502095e-02
1.818500000000e+03 2.450455722932e-02
1.819000000000e+03 2.401993081385e-02
1.819500000000e+03 2.325442839473e-02
1.820000000000e+03 2.222885974723e-02
1.820500000000e+03 2.097321779054e-02
1.821000000000e+03 1.952505311201e-02
1.821500000000e+03 1.792754749103e-02
1.822000000000e+03 1.622739057114e-02
1.822500000000e+03 1.447257193919e-02
1.823000000000e+03 1.271020302869e-02
1.823500000000e+03 1.098447941196e-02
1.824000000000e+03 9.334884437087e-03
1.824500000000e+03 7.794720358728e-03
1.825000000000e+03 6.390033937350e-03
1.825500000000e+03 5.138980992208e-03
1.826000000000e+03 4.051649818027e-03
1.826500000000e+03 3.130338040566e-03
1.827000000000e+03 2.370252757170e-03
1.827500000000e+03 1.760581007394e-03
1.828000000000e+03 1.285857960951e-03
1.828500000000e+03 9.275447357289e-04
1.829000000000e+03 6.657172797648e-04
1.829500000000e+03 4.807628079582e-04
1.830000000000e+03 3.549811182274e-04
1.830500000000e+03 2.739946516049e-04
1.831000000000e+03 2.278830281705e-04
1.831500000000e+03 2.119743205152e-04
1.832000000000e+03 2.272456028576e-04
1.832500000000e+03 2.803082195892e-04
1.833000000000e+03 3.829774932692e-04
1.833500000000e+03 5.514509063858e-04
1.834000000000e+03 8.051418083917e-04
1.834500000000e+03 1.165236154069e-03
1.835000000000e+03 1.653056542140e-03
1.835500000000e+03 2.288329963546e-03
1.836000000000e+03 3.087462503636e-03
1.836500000000e+03 4.061925373337e-03
1.837000000000e+03 5.216851979990e-03
1.837500000000e+03 6.549935508714e-03
1.838000000000e+03 8.050701192690e-03
1.838500000000e+03 9.700207899868e-03
1.839000000000e+03 1.147121088370e-02
1.839500000000e+03 1.332879274112e-02
1.840000000000e+03 1.523144411299e-02
1.840500000000e+03 1.713255081597e-02
1.841000000000e+03 1.898222124486e-02
1.841500000000e+03 2.072936827144e-02
1.842000000000e+03 2.232394455894e-02
1.842500000000e+03 2.371922006357e-02
1.843000000000e+03 2.487398608505e-02
1.843500000000e+03 2.575457184017e-02
1.844000000000e+03 2.633656713259e-02
1.844500000000e+03 2.660615792765e-02
1.845000000000e+03 2.656099986683e-02
1.845500000000e+03 2.621057705919e-02
1.846000000000e+03 2.557601873691e-02
1.846500000000e+03 2.468937326840e-02
1.847000000000e+03 2.359236620449e-02
1.847500000000e+03 2.233469508731e-02
1.848000000000e+03 2.097193733085e-02
1.848500000000e+03 1.956316735860e-02
1.849000000000e+03 1.816839432201e-02
1.849500000000e+03 1.684594132714e-02
1.850000000000e+03 1.564989065555e-02
1.850500000000e+03 1.462771677844e-02
1.851000000000e+03 1.381822015420e-02
1.851500000000e+03 1.324986030538e-02
1.852000000000e+03 1.293956722450e-02
1.852500000000e+03 1.289208674673e-02
1.853000000000e+03 1.309988934205e-02
1.853500000000e+03 1.354364415567e-02
1.854000000000e+03 1.419323247030e-02
1.854500000000e+03 1.500924848475e-02
1.855000000000e+03 1.594491173621e-02
1.855500000000e+03 1.694829582964e-02
1.856000000000e+03 1.796476336656e-02
1.856500000000e+03 1.893948782091e-02
1.857000000000e+03 1.981994003223e-02
1.857500000000e+03 2.055822010247e-02
1.858000000000e+03 2.111312459878e-02
1.858500000000e+03 2.145185357492e-02
1.859000000000e+03 2.155128124296e-02
1.859500000000e+03 2.139873712681e-02
1.860000000000e+03 2.099226999548e-02
1.860500000000e+03 2.034039347190e-02
1.861000000000e+03 1.946133855350e-02
1.861500000000e+03 1.838186299717e-02
1.862000000000e+03 1.713568933928e-02
1.862500000000e+03 1.576166112441e-02
1.863000000000e+03 1.430171980875e-02
1.863500000000e+03 1.279881214734e-02
1.864000000000e+03 1.129483933323e-02
1.864500000000e+03 9.828754702168e-03
1.865000000000e+03 8.434906738897e-03
1.865500000000e+03 7.141708999426e-03
1.866000000000e+03 5.970699251803e-03
1.866500000000e+03 4.936027696885e-03
1.867000000000e+03 4.044389793593e-03
1.867500000000e+03 3.295394300451e-03
1.868000000000e+03 2.682333007755e-03
1.868500000000e+03 2.193296572382e-03
1.869000000000e+03 1.812562066093e-03
1.869500000000e+03 1.522163313259e-03
1.870000000000e+03 1.303545598115e-03
1.870500000000e+03 1.139202364392e-03
1.871000000000e+03 1.014193309971e-03
1.871500000000e+03 9.174506858822e-04
1.872000000000e+03 8.427932259812e-04
1.872500000000e+03 7.895842661587e-04
1.873000000000e+03 7.629913169963e-04
1.873500000000e+03 7.738274989557e-04
1.874000000000e+03 8.379795653800e-04
1.874500000000e+03 9.754513949902e-04
1.875000000000e+03 1.209074505122e-03
1.875500000000e+03 1.562957072235e-03
1.876000000000e+03 2.060759042923e-03
1.876500000000e+03 2.723892277094e-03
1.877000000000e+03 3.569750638329e-03
1.877500000000e+03 4.610075174001e-03
1.878000000000e+03 5.849553959863e-03
1.878500000000e+03 7.284745077248e-03
1.879000000000e+03 8.903395106990e-03
1.879500000000e+03 1.068420528728e-02
1.880000000000e+03 1.259707414952e-02
1.880500000000e+03 1.460382023996e-02
1.881000000000e+03 1.665936278883e-02
1.881500000000e+03 1.871331326980e-02
1.882000000000e+03 2.071190803390e-02
1.882500000000e+03 2.260019282756e-02
1.883000000000e+03 2.432435506909e-02
1.883500000000e+03 2.583409008517e-02
1.884000000000e+03 2.708488365321e-02
1.884500000000e+03 2.804009540376e-02
1.885000000000e+03 2.867273584711e-02
1.885500000000e+03 2.896684361198e-02
1.886000000000e+03 2.891838825165e-02
1.886500000000e+03 2.853564673935e-02
1.887000000000e+03 2.783902739511e-02
1.887500000000e+03 2.686034215214e-02
1.888000000000e+03 2.564155539592e-02
1.888500000000e+03 2.423306368969e-02
1.889000000000e+03 2.269158419335e-02
1.889500000000e+03 2.107774927742e-02
1.890000000000e+03 1.945351970950e-02
1.890500000000e+03 1.787953807633e-02
1.891000000000e+03 1.641254731395e-02
1.891500000000e+03 1.510299618014e-02
1.892000000000e+03 1.399294436538e-02
1.892500000000e+03 1.311436516629e-02
1.893000000000e+03 1.248792399107e-02
1.893500000000e+03 1.212228743593e-02
1.894000000000e+03 1.201399146785e-02
1.894500000000e+03 1.214786971288e-02
1.895000000000e+03 1.249801538557e-02
1.895500000000e+03 1.302922440530e-02
1.896000000000e+03 1.369884404794e-02
1.896500000000e+03 1.445893225025e-02
1.897000000000e+03 1.525861838253e-02
1.897500000000e+03 1.604654763854e-02
1.898000000000e+03 1.677328857258e-02
1.898500000000e+03 1.739358683624e-02
1.899000000000e+03 1.786835761266e-02
1.899500000000e+03 1.816632408016e-02
1.900000000000e+03 1.826522865780e-02
1.900500000000e+03 1.815256674598e-02
1.901000000000e+03 1.782581795947e-02
1.901500000000e+03 1.729217611611e-02
1.902000000000e+03 1.656780511784e-02
1.902500000000e+03 1.567667198446e-02
1.903000000000e+03 1.464902942606e-02
1.903500000000e+03 1.351963737662e-02
1.904000000000e+03 1.232582499790e-02
1.904500000000e+03 1.110550119394e-02
1.905000000000e+03 9.895222359064e-03
1.905500000000e+03 8.728420919483e-03
1.906000000000e+03 7.633887547971e-03
1.906500000000e+03 6.634584342917e-03
1.907000000000e+03 5.746846644032e-03
1.907500000000e+03 4.980008589223e-03
1.908000000000e+03 4.336463242236e-03
1.908500000000e+03 3.812143461783e-03
1.909000000000e+03 3.397385983832e-03
1.909500000000e+03 3.078119733993e-03
1.910000000000e+03 2.837301339346e-03
1.910500000000e+03 2.656507143495e-03
1.911000000000e+03 2.517582482011e-03
1.911500000000e+03 2.404246008352e-03
1.912000000000e+03 2.303549628276e-03
1.912500000000e+03 2.207102953290e-03
1.913000000000e+03 2.111984663240e-03
1.913500000000e+03 2.021281043468e-03
1.914000000000e+03 1.944213260402e-03
1.914500000000e+03 1.895838502191e-03
1.915000000000e+03 1.896334655704e-03
1.915500000000e+03 1.969902375692e-03
1.916000000000e+03 2.143340904617e-03
1.916500000000e+03 2.444373580532e-03
1.917000000000e+03 2.899814544267e-03
1.917500000000e+03 3.533678847462e-03
1.918000000000e+03 4.365343357862e-03
1.918500000000e+03 5.407865231301e-03
1.919000000000e+03 6.666558260227e-03
1.919500000000e+03 8.137915413736e-03
1.920000000000e+03 9.808948952187e-03
1.920500000000e+03 1.165699849186e-02
1.921000000000e+03 1.365003339902e-02
1.921500000000e+03 1.574745015605e-02
1.922000000000e+03 1.790133921754e-02
1.922500000000e+03 2.005817073689e-02
1.923000000000e+03 2.216082573176e-02
1.923500000000e+03 2.415087998456e-02
1.924000000000e+03 2.597103328885e-02
1.924500000000e+03 2.756756735097e-02
1.925000000000e+03 2.889271227451e-02
1.925500000000e+03 2.990680430622e-02
1.926000000000e+03 3.058012631311e-02
1.926500000000e+03 3.089433687335e-02
1.927000000000e+03 3.084341319323e-02
1.927500000000e+03 3.043405633974e-02
1.928000000000e+03 2.968553333012e-02
1.928500000000e+03 2.862895812124e-02
1.929000000000e+03 2.730604109251e-02
1.929500000000e+03 2.576736280672e-02
1.930000000000e+03 2.407025132232e-02
1.930500000000e+03 2.227636191498e-02
1.931000000000e+03 2.044907273901e-02
1.931500000000e+03 1.865081896878e-02
1.932000000000e+03 1.694049084479e-02
1.932500000000e+03 1.537101766165e-02
1.933000000000e+03 1.398725025332e-02
1.933500000000e+03 1.282423944438e-02
1.934000000000e+03 1.190598802403e-02
1.934500000000e+03 1.124473008697e-02
1.935000000000e+03 1.084076529372e-02
1.935500000000e+03 1.068284808069e-02
1.936000000000e+03 1.074910451015e-02
1.936500000000e+03 1.100842368588e-02
1.937000000000e+03 1.142224778585e-02
1.937500000000e+03 1.194666593204e-02
1.938000000000e+03 1.253470327471e-02
1.938500000000e+03 1.313868849173e-02
1.939000000000e+03 1.371258077798e-02
1.939500000000e+03 1.421414138885e-02
1.940000000000e+03 1.460684465561e-02
1.940500000000e+03 1.486143854895e-02
1.941000000000e+03 1.495708450083e-02
1.941500000000e+03 1.488202924071e-02
1.942000000000e+03 1.463378662673e-02
1.942500000000e+03 1.421883351116e-02
1.943000000000e+03 1.365184919667e-02
1.943500000000e+03 1.295455166744e-02
1.944000000000e+03 1.215420428723e-02
1.944500000000e+03 1.128188297506e-02
1.945000000000e+03 1.037060516680e-02
1.945500000000e+03 9.453427578712e-03
1.946000000000e+03 8.561619645440e-03
1.946500000000e+03 7.723013555723e-03
1.947000000000e+03 6.960620416141e-03
1.947500000000e+03 6.291585882695e-03
1.948000000000e+03 5.726538518479e-03
1.948500000000e+03 5.269361270346e-03
1.949000000000e+03 4.917392066988e-03
1.949500000000e+03 4.662034958457e-03
1.950000000000e+03 4.489739786947e-03
1.950500000000e+03 4.383287377798e-03
1.951000000000e+03 4.323299814112e-03
1.951500000000e+03 4.289882459268e-03
1.952000000000e+03 4.264296724746e-03
1.952500000000e+03 4.230560569732e-03
1.953000000000e+03 4.176877481189e-03
1.953500000000e+03 4.096804023567e-03
1.954000000000e+03 3.990080469932e-03
1.954500000000e+03 3.863067756757e-03
1.955000000000e+03 3.728756038020e-03
1.955500000000e+03 3.606334258130e-03
1.956000000000e+03 3.520335114786e-03
1.956500000000e+03 3.499394182754e-03
1.957000000000e+03 3.574684489969e-03
1.957500000000e+03 3.778107239995e-03
1.958000000000e+03 4.140334585774e-03
1.958500000000e+03 4.688810524136e-03
1.959000000000e+03 5.445820508423e-03
1.959500000000e+03 6.426738976294e-03
1.960000000000e+03 7.638556685355e-03
1.960500000000e+03 9.078776876916e-03
1.961000000000e+03 1.073475148526e-02
1.961500000000e+03 1.258350677533e-02
1.962000000000e+03 1.459208304823e-02
1.962500000000e+03 1.671838667733e-02
1.963000000000e+03 1.891252610843e-02
1.963500000000e+03 2.111857796225e-02
1.964000000000e+03 2.327670636865e-02
1.964500000000e+03 2.532553935251e-02
1.965000000000e+03 2.720469152050e-02
1.965500000000e+03 2.885731325265e-02
1.966000000000e+03 3.023254359360e-02
1.966500000000e+03 3.128774725713e-02
1.967000000000e+03 3.199042547907e-02
1.967500000000e+03 3.231970543060e-02
1.968000000000e+03 3.226733279770e-02
1.968500000000e+03 3.183811594480e-02
1.969000000000e+03 3.104979661062e-02
1.969500000000e+03 2.993234998320e-02
1.970000000000e+03 2.852674485234e-02
1.970500000000e+03 2.688322091937e-02
1.971000000000e+03 2.505916391120e-02
1.971500000000e+03 2.311667869631e-02
1.972000000000e+03 2.111997513827e-02
1.972500000000e+03 1.913269021034e-02
1.973000000000e+03 1.721527249105e-02
1.973500000000e+03 1.542255144258e-02
1.974000000000e+03 1.380160404629e-02
1.974500000000e+03 1.239001594681e-02
1.975000000000e+03 1.121461404776e-02
1.975500000000e+03 1.029072355237e-02
1.976000000000e+03 9.621975997055e-03
1.976500000000e+03 9.200667245959e-03
1.977000000000e+03 9.008637122093e-03
1.977500000000e+03 9.018616743674e-03
1.978000000000e+03 9.195967019781e-03
1.978500000000e+03 9.500713282203e-03
1.979000000000e+03 9.889767616817e-03
1.979500000000e+03 1.031922276403e-02
1.980000000000e+03 1.074659984090e-02
1.980500000000e+03 1.113293663334e-02
1.981000000000e+03 1.144461353310e-02
1.981500000000e+03 1.165482976158e-02
1.982000000000e+03 1.174466247478e-02
1.982500000000e+03 1.170366459083e-02
1.983000000000e+03 1.152998247449e-02
1.983500000000e+03 1.123000059254e-02
1.984000000000e+03 1.081754553917e-02
1.984500000000e+03 1.031270507749e-02
1.985000000000e+03 9.740337830293e-03
1.985500000000e+03 9.128364928968e-03
1.986000000000e+03 8.505945486792e-03
1.986500000000e+03 7.901642663334e-03
1.987000000000e+03 7.341686102210e-03
1.987500000000e+03 6.848429739443e-03
1.988000000000e+03 6.439091792657e-03
1.988500000000e+03 6.124846836955e-03
1.989000000000e+03 5.910319191513e-03
1.989500000000e+03 5.793503519790e-03
1.990000000000e+03 5.766113867621e-03
1.990500000000e+03 5.814337678078e-03
1.991000000000e+03 5.919947981637e-03
1.991500000000e+03 6.061706242906e-03
1.992000000000e+03 6.216971387278e-03
1.992500000000e+03 6.363418266287e-03
1.993000000000e+03 6.480761930846e-03
1.993500000000e+03 6.552382957384e-03
1.994000000000e+03 6.566753795530e-03
1.994500000000e+03 6.518576440392e-03
1.995000000000e+03 6.409557141814e-03
1.995500000000e+03 6.248763529341e-03
1.996000000000e+03 6.052532412345e-03
1.996500000000e+03 5.843921382241e-03
1.997000000000e+03 5.651722864386e-03
1.997500000000e+03 5.509084061294e-03
1.998000000000e+03 5.451798952689e-03
1.998500000000e+03 5.516357927446e-03
1.999000000000e+03 5.737855648899e-03
1.999500000000e+03 6.147867552173e-03
2.000000000000e+03 6.772409372608e-03
