# time(fs)  P_C0(t)
0.000000000000e+00 1.000000000000e+00
5.000000000000e-01 9.942407672623e-01
1.000000000000e+00 9.770970543530e-01
1.500000000000e+00 9.489676021138e-01
2.000000000000e+00 9.105063437183e-01
2.500000000000e+00 8.626067369955e-01
3.000000000000e+00 8.063803907050e-01
3.500000000000e+00 7.431305266593e-01
4.000000000000e+00 6.743209478109e-01
4.500000000000e+00 6.015412919012e-01
5.000000000000e+00 5.264694381338e-01
5.500000000000e+00 4.508319984152e-01
6.000000000000e+00 3.763638635673e-01
6.500000000000e+00 3.047677879330e-01
7.000000000000e+00 2.376749831067e-01
7.500000000000e+00 1.766076540404e-01
8.000000000000e+00 1.229443501166e-01
8.500000000000e+00 7.788892218511e-02
9.000000000000e+00 4.244377680948e-02
9.500000000000e+00 1.738800426593e-02
1.000000000000e+01 3.260830672382e-03
1.050000000000e+01 3.507106833234e-04
1.100000000000e+01 8.690239178792e-03
1.150000000000e+01 2.805692195899e-02
1.200000000000e+01 5.797971009317e-02
1.250000000000e+01 9.775107345401e-02
1.300000000000e+01 1.464442689296e-01
1.350000000000e+01 2.029353502629e-01
1.400000000000e+01 2.659293713889e-01
1.450000000000e+01 3.339901550134e-01
1.500000000000e+01 4.055729340299e-01
1.550000000000e+01 4.790591257706e-01
1.600000000000e+01 5.527924681839e-01
1.650000000000e+01 6.251157326086e-01
1.700000000000e+01 6.944072293310e-01
1.750000000000e+01 7.591163387571e-01
1.800000000000e+01 8.177973318196e-01
1.850000000000e+01 8.691407869963e-01
1.900000000000e+01 9.120019668100e-01
1.950000000000e+01 9.454255825951e-01
2.000000000000e+01 9.686664513293e-01
2.050000000000e+01 9.812056311054e-01
2.100000000000e+01 9.827617110415e-01
2.150000000000e+01 9.732970257717e-01
2.200000000000e+01 9.530186628293e-01
2.250000000000e+01 9.223742318861e-01
2.300000000000e+01 8.820424666000e-01
2.350000000000e+01 8.329188313453e-01
2.400000000000e+01 7.760964048805e-01
2.450000000000e+01 7.128424095070e-01
2.500000000000e+01 6.445708458743e-01
2.550000000000e+01 5.728117785873e-01
2.600000000000e+01 4.991778944349e-01
2.650000000000e+01 4.253290216114e-01
2.700000000000e+01 3.529353529960e-01
2.750000000000e+01 2.836401577023e-01
2.800000000000e+01 2.190227911762e-01
2.850000000000e+01 1.605628237360e-01
2.900000000000e+01 1.096060995559e-01
2.950000000000e+01 6.733351193097e-02
3.000000000000e+01 3.473323590723e-02
3.050000000000e+01 1.257709613429e-02
3.100000000000e+01 1.401666724306e-03
3.150000000000e+01 1.494602153952e-03
3.200000000000e+01 1.288658552034e-02
3.250000000000e+01 3.534915500084e-02
3.300000000000e+01 6.839853390016e-02
3.350000000000e+01 1.113054473724e-01
3.400000000000e+01 1.631107633191e-01
3.450000000000e+01 2.226466498934e-01
3.500000000000e+01 2.885628014470e-01
3.550000000000e+01 3.593571526334e-01
3.600000000000e+01 4.334103806150e-01
3.650000000000e+01 5.090233915688e-01
3.700000000000e+01 5.844569032280e-01
3.750000000000e+01 6.579721728231e-01
3.800000000000e+01 7.278718816915e-01
3.850000000000e+01 7.925401754999e-01
3.900000000000e+01 8.504808732192e-01
3.950000000000e+01 9.003528986300e-01
4.000000000000e+01 9.410020543643e-01
4.050000000000e+01 9.714883486238e-01
4.100000000000e+01 9.911081963458e-01
4.150000000000e+01 9.994109466252e-01
4.200000000000e+01 9.962093329779e-01
4.250000000000e+01 9.815835984255e-01
4.300000000000e+01 9.558792089578e-01
4.350000000000e+01 9.196982320849e-01
4.400000000000e+01 8.738846172938e-01
4.450000000000e+01 8.195037678026e-01
4.500000000000e+01 7.578169338523e-01
4.550000000000e+01 6.902510831072e-01
4.600000000000e+01 6.183650103110e-01
4.650000000000e+01 5.438125335397e-01
4.700000000000e+01 4.683036862863e-01
4.750000000000e+01 3.935648520292e-01
4.800000000000e+01 3.212988004525e-01
4.850000000000e+01 2.531455724203e-01
4.900000000000e+01 1.906451251906e-01
4.950000000000e+01 1.352025918437e-01
5.000000000000e+01 8.805693173148e-02
5.050000000000e+01 5.025365460628e-02
5.100000000000e+01 2.262219299360e-02
5.150000000000e+01 5.758378612406e-03
5.200000000000e+01 1.235259105709e-05
5.250000000000e+01 5.482109278784e-03
5.300000000000e+01 2.201274289503e-02
5.350000000000e+01 4.920133819105e-02
5.400000000000e+01 8.640732354691e-02
5.450000000000e+01 1.327679899890e-01
5.500000000000e+01 1.872187746157e-01
5.550000000000e+01 2.485178135926e-01
5.600000000000e+01 3.152741895596e-01
5.650000000000e+01 3.859792319246e-01
5.700000000000e+01 4.590401766842e-01
5.750000000000e+01 5.328154553735e-01
5.800000000000e+01 6.056508604610e-01
5.850000000000e+01 6.759158267233e-01
5.900000000000e+01 7.420390743744e-01
5.950000000000e+01 8.025428794032e-01
6.000000000000e+01 8.560752689507e-01
6.050000000000e+01 9.014394838566e-01
6.100000000000e+01 9.376201058572e-01
6.150000000000e+01 9.638053124310e-01
6.200000000000e+01 9.794047970117e-01
6.250000000000e+01 9.840629752267e-01
6.300000000000e+01 9.776671879096e-01
6.350000000000e+01 9.603507077241e-01
6.400000000000e+01 9.324904570728e-01
6.450000000000e+01 8.946994491611e-01
6.500000000000e+01 8.478140701256e-01
6.550000000000e+01 7.928764263302e-01
6.600000000000e+01 7.311120854603e-01
6.650000000000e+01 6.639036409296e-01
6.700000000000e+01 5.927606242601e-01
6.750000000000e+01 5.192863773401e-01
6.800000000000e+01 4.451425735940e-01
6.850000000000e+01 3.720121419437e-01
6.900000000000e+01 3.015613979315e-01
6.950000000000e+01 2.354022206129e-01
7.000000000000e+01 1.750551301875e-01
7.050000000000e+01 1.219141185339e-01
7.100000000000e+01 7.721406198074e-02
7.150000000000e+01 4.200150240773e-02
7.200000000000e+01 1.710951930317e-02
7.250000000000e+01 3.137332452394e-03
7.300000000000e+01 4.351738621497e-04
7.350000000000e+01 9.094850290158e-03
7.400000000000e+01 2.894628687884e-02
7.450000000000e+01 5.956020094149e-02
7.500000000000e+01 1.002569064190e-01
7.550000000000e+01 1.501210977742e-01
7.600000000000e+01 2.080223112144e-01
7.650000000000e+01 2.726406153507e-01
7.700000000000e+01 3.424969468942e-01
7.750000000000e+01 4.159873837963e-01
7.800000000000e+01 4.914205420719e-01
7.850000000000e+01 5.670571966959e-01
7.900000000000e+01 6.411511641616e-01
7.950000000000e+01 7.119904466007e-01
8.000000000000e+01 7.779376261224e-01
8.050000000000e+01 8.374685137591e-01
8.100000000000e+01 8.892080998250e-01
8.150000000000e+01 9.319629204870e-01
8.200000000000e+01 9.647490470250e-01
8.250000000000e+01 9.868150169906e-01
8.300000000000e+01 9.976591570174e-01
8.350000000000e+01 9.970408915901e-01
8.400000000000e+01 9.849857864749e-01
8.450000000000e+01 9.617842353112e-01
8.500000000000e+01 9.279838585095e-01
8.550000000000e+01 8.843758406118e-01
8.600000000000e+01 8.319755813254e-01
8.650000000000e+01 7.719981725743e-01
8.700000000000e+01 7.058293355808e-01
8.750000000000e+01 6.349925552331e-01
8.800000000000e+01 5.611132314494e-01
8.850000000000e+01 4.858807272619e-01
8.900000000000e+01 4.110092299596e-01
8.950000000000e+01 3.381983545974e-01
9.000000000000e+01 2.690944089549e-01
9.050000000000e+01 2.052532066717e-01
9.100000000000e+01 1.481052624606e-01
9.150000000000e+01 9.892413211616e-02
9.200000000000e+01 5.879857301564e-02
9.250000000000e+01 2.860910074043e-02
9.300000000000e+01 9.009407299341e-03
9.350000000000e+01 4.129892457942e-04
9.400000000000e+01 2.985212764889e-03
9.450000000000e+01 1.664092046110e-02
9.500000000000e+01 4.104756381800e-02
9.550000000000e+01 7.563372859621e-02
9.600000000000e+01 1.196028099687e-01
9.650000000000e+01 1.719514918363e-01
9.700000000000e+01 2.314925920727e-01
9.750000000000e+01 2.968817536589e-01
9.800000000000e+01 3.666473917191e-01
9.850000000000e+01 4.392232490383e-01
9.900000000000e+01 5.129828681634e-01
9.950000000000e+01 5.862752568879e-01
1.000000000000e+02 6.574610058789e-01
1.005000000000e+02 7.249481123411e-01
1.010000000000e+02 7.872267717667e-01
1.015000000000e+02 8.429024207250e-01
1.020000000000e+02 8.907263469639e-01
1.025000000000e+02 9.296232284061e-01
1.030000000000e+02 9.587150194347e-01
1.035000000000e+02 9.773406705480e-01
1.040000000000e+02 9.850712453189e-01
1.045000000000e+02 9.817200857101e-01
1.050000000000e+02 9.673477721373e-01
1.055000000000e+02 9.422617269629e-01
1.060000000000e+02 9.070104178667e-01
1.065000000000e+02 8.623722290645e-01
1.070000000000e+02 8.093391816888e-01
1.075000000000e+02 7.490957976370e-01
1.080000000000e+02 6.829935114940e-01
1.085000000000e+02 6.125211402295e-01
1.090000000000e+02 5.392720176791e-01
1.095000000000e+02 4.649084877131e-01
1.100000000000e+02 3.911245239316e-01
1.105000000000e+02 3.196073022824e-01
1.110000000000e+02 2.519985940109e-01
1.115000000000e+02 1.898568679862e-01
1.120000000000e+02 1.346209922872e-01
1.125000000000e+02 8.757640406649e-02
1.130000000000e+02 4.982457380230e-02
1.135000000000e+02 2.225652538017e-02
1.140000000000e+02 5.531087944973e-03
1.145000000000e+02 5.845072965306e-05
1.150000000000e+02 5.989470324507e-03
1.155000000000e+02 2.321104393239e-02
1.160000000000e+02 5.134771542005e-02
1.165000000000e+02 8.976952722187e-02
1.170000000000e+02 1.376059745082e-01
1.175000000000e+02 1.937657628241e-01
1.180000000000e+02 2.569619210315e-01
1.185000000000e+02 3.257416821503e-01
1.190000000000e+02 3.985204196890e-01
1.195000000000e+02 4.736188199754e-01
1.200000000000e+02 5.493023850756e-01
1.205000000000e+02 6.238222987127e-01
1.210000000000e+02 6.954566510650e-01
1.215000000000e+02 7.625510085566e-01
1.220000000000e+02 8.235573320512e-01
1.225000000000e+02 8.770702907108e-01
1.230000000000e+02 9.218600878434e-01
1.235000000000e+02 9.569010072606e-01
1.240000000000e+02 9.813950012130e-01
1.245000000000e+02 9.947897705156e-01
1.250000000000e+02 9.967909301860e-01
1.255000000000e+02 9.873680056282e-01
1.260000000000e+02 9.667541607580e-01
1.265000000000e+02 9.354397160759e-01
1.270000000000e+02 8.941596672514e-01
1.275000000000e+02 8.438755592307e-01
1.280000000000e+02 7.857522034970e-01
1.285000000000e+02 7.211298436842e-01
1.290000000000e+02 6.514924745545e-01
1.295000000000e+02 5.784330993501e-01
1.300000000000e+02 5.036167692696e-01
1.305000000000e+02 4.287422855561e-01
1.310000000000e+02 3.555034592905e-01
1.315000000000e+02 2.855508169585e-01
1.320000000000e+02 2.204546122674e-01
1.325000000000e+02 1.616699580685e-01
1.330000000000e+02 1.105048285367e-01
1.335000000000e+02 6.809160324707e-02
1.340000000000e+02 3.536273392780e-02
1.345000000000e+02 1.303101409203e-02
1.350000000000e+02 1.574824077338e-03
1.355000000000e+02 1.228611878318e-03
1.360000000000e+02 1.197875602607e-02
1.365000000000e+02 3.356484299288e-02
1.370000000000e+02 6.548628031104e-02
1.375000000000e+02 1.070140597020e-01
1.380000000000e+02 1.572073836868e-01
1.385000000000e+02 2.149347758285e-01
1.390000000000e+02 2.788992101587e-01
1.395000000000e+02 3.476667204718e-01
1.400000000000e+02 4.196978858745e-01
1.405000000000e+02 4.933815359289e-01
1.410000000000e+02 5.670699774945e-01
1.415000000000e+02 6.391150164029e-01
1.420000000000e+02 7.079040307576e-01
1.425000000000e+02 7.718953492236e-01
1.430000000000e+02 8.296521973530e-01
1.435000000000e+02 8.798744978871e-01
1.440000000000e+02 9.214278470742e-01
1.445000000000e+02 9.533690381914e-01
1.450000000000e+02 9.749675653320e-01
1.455000000000e+02 9.857226145893e-01
1.460000000000e+02 9.853751352564e-01
1.465000000000e+02 9.739146795307e-01
1.470000000000e+02 9.515808041172e-01
1.475000000000e+02 9.188589394214e-01
1.480000000000e+02 8.764707497587e-01
1.485000000000e+02 8.253591289172e-01
1.490000000000e+02 7.666680969889e-01
1.495000000000e+02 7.017179838703e-01
1.500000000000e+02 6.319763993401e-01
1.505000000000e+02 5.590255961463e-01
1.510000000000e+02 4.845269280983e-01
1.515000000000e+02 4.101831868773e-01
1.520000000000e+02 3.376996664628e-01
1.525000000000e+02 2.687448503631e-01
1.530000000000e+02 2.049116422542e-01
1.535000000000e+02 1.476800637274e-01
1.540000000000e+02 9.838232272471e-02
1.545000000000e+02 5.817111267914e-02
1.550000000000e+02 2.799193581116e-02
1.555000000000e+02 8.560155620141e-03
1.560000000000e+02 3.433751982898e-04
1.565000000000e+02 3.549612094896e-03
1.570000000000e+02 1.812160018721e-02
1.575000000000e+02 4.373739800375e-02
1.580000000000e+02 7.981732524559e-02
1.585000000000e+02 1.255370891971e-01
1.590000000000e+02 1.798468047977e-01
1.595000000000e+02 2.414954608509e-01
1.600000000000e+02 3.090602445278e-01
1.605000000000e+02 3.809800110249e-01
1.610000000000e+02 4.555920785990e-01
1.615000000000e+02 5.311714442874e-01
1.620000000000e+02 6.059714548518e-01
1.625000000000e+02 6.782649325445e-01
1.630000000000e+02 7.463847470581e-01
1.635000000000e+02 8.087628435893e-01
1.640000000000e+02 8.639667815474e-01
1.645000000000e+02 9.107329075925e-01
1.650000000000e+02 9.479953781325e-01
1.655000000000e+02 9.749103573001e-01
1.660000000000e+02 9.908748433680e-01
1.665000000000e+02 9.955397157547e-01
1.670000000000e+02 9.888167421701e-01
1.675000000000e+02 9.708794368428e-01
1.680000000000e+02 9.421578119999e-01
1.685000000000e+02 9.033272117817e-01
1.690000000000e+02 8.552915568043e-01
1.695000000000e+02 7.991614552441e-01
1.700000000000e+02 7.362277496627e-01
1.705000000000e+02 6.679311654396e-01
1.710000000000e+02 5.958288047983e-01
1.715000000000e+02 5.215582887801e-01
1.720000000000e+02 4.468003875225e-01
1.725000000000e+02 3.732409967708e-01
1.730000000000e+02 3.025333161949e-01
1.735000000000e+02 2.362610637334e-01
1.740000000000e+02 1.759035212395e-01
1.745000000000e+02 1.228031518180e-01
1.750000000000e+02 7.813646039435e-02
1.755000000000e+02 4.288868833204e-02
1.760000000000e+02 1.783284252568e-02
1.765000000000e+02 3.513461565957e-03
1.770000000000e+02 2.354184782032e-04
1.775000000000e+02 8.057953287160e-03
1.780000000000e+02 2.679402122967e-02
1.785000000000e+02 5.601493566740e-02
1.790000000000e+02 9.506018032777e-02
1.795000000000e+02 1.430521649574e-01
1.800000000000e+02 1.989156032053e-01
1.805000000000e+02 2.614011028235e-01
1.810000000000e+02 3.291124772432e-01
1.815000000000e+02 4.005372153236e-01
1.820000000000e+02 4.740794835690e-01
1.825000000000e+02 5.480949833059e-01
1.830000000000e+02 6.209269450818e-01
1.835000000000e+02 6.909425147004e-01
1.840000000000e+02 7.565687705904e-01
1.845000000000e+02 8.163276112548e-01
1.850000000000e+02 8.688687648789e-01
1.855000000000e+02 9.130002011389e-01
1.860000000000e+02 9.477152679841e-01
1.865000000000e+02 9.722159335598e-01
1.870000000000e+02 9.859315850757e-01
1.875000000000e+02 9.885329215853e-01
1.880000000000e+02 9.799405752018e-01
1.885000000000e+02 9.603282037685e-01
1.890000000000e+02 9.301199155539e-01
1.895000000000e+02 8.899820108967e-01
1.900000000000e+02 8.408091543141e-01
1.905000000000e+02 7.837052204984e-01
1.910000000000e+02 7.199591857419e-01
1.915000000000e+02 6.510165593728e-01
1.920000000000e+02 5.784469643974e-01
1.925000000000e+02 5.039085794385e-01
1.930000000000e+02 4.291102420855e-01
1.935000000000e+02 3.557720840482e-01
1.940000000000e+02 2.855856185453e-01
1.945000000000e+02 2.201742281370e-01
1.950000000000e+02 1.610550053058e-01
1.955000000000e+02 1.096028776975e-01
1.960000000000e+02 6.701790499198e-02
1.965000000000e+02 3.429656552427e-02
1.970000000000e+02 1.220775941743e-02
1.975000000000e+02 1.274143235363e-03
1.980000000000e+02 1.759281788033e-03
1.985000000000e+02 1.366095909978e-02
1.990000000000e+02 3.671083654099e-02
1.995000000000e+02 7.038048596243e-02
2.000000000000e+02 1.138936638322e-01
2.005000000000e+02 1.662445334231e-01
2.010000000000e+02 2.262213905438e-01
2.015000000000e+02 2.924353084493e-01
2.020000000000e+02 3.633529933551e-01
2.025000000000e+02 4.373330368967e-01
2.030000000000e+02 5.126646687772e-01
2.035000000000e+02 5.876080539590e-01
2.040000000000e+02 6.604351454845e-01
2.045000000000e+02 7.294700970540e-01
2.050000000000e+02 7.931282586635e-01
2.055000000000e+02 8.499528230307e-01
2.060000000000e+02 8.986482585234e-01
2.065000000000e+02 9.381097535720e-01
2.070000000000e+02 9.674480051884e-01
2.075000000000e+02 9.860088069047e-01
2.080000000000e+02 9.933870255098e-01
2.085000000000e+02 9.894346975155e-01
2.090000000000e+02 9.742631213814e-01
2.095000000000e+02 9.482389662749e-01
2.100000000000e+02 9.119745588054e-01
2.105000000000e+02 8.663126423273e-01
2.110000000000e+02 8.123060259783e-01
2.115000000000e+02 7.511926499871e-01
2.120000000000e+02 6.843666878259e-01
2.125000000000e+02 6.133463828962e-01
2.130000000000e+02 5.397393765454e-01
2.135000000000e+02 4.652063247825e-01
2.140000000000e+02 3.914236230260e-01
2.145000000000e+02 3.200460619720e-01
2.150000000000e+02 2.526702240029e-01
2.155000000000e+02 1.907993995683e-01
2.160000000000e+02 1.358107580428e-01
2.165000000000e+02 8.892544925640e-02
2.170000000000e+02 5.118224190672e-02
2.175000000000e+02 2.341522514976e-02
2.180000000000e+02 6.236011637129e-03
2.185000000000e+02 2.078587140708e-05
2.190000000000e+02 4.902442731264e-03
2.195000000000e+02 2.076795902968e-02
2.200000000000e+02 4.726103761058e-02
2.205000000000e+02 8.378996028926e-02
2.210000000000e+02 1.295404843694e-01
2.215000000000e+02 1.834935189467e-01
2.220000000000e+02 2.444472231325e-01
2.225000000000e+02 3.110430800631e-01
2.230000000000e+02 3.817954194782e-01
2.235000000000e+02 4.551237890985e-01
2.240000000000e+02 5.293875123584e-01
2.245000000000e+02 6.029217185701e-01
2.250000000000e+02 6.740740925755e-01
2.255000000000e+02 7.412415655626e-01
2.260000000000e+02 8.029061580344e-01
2.265000000000e+02 8.576691908059e-01
2.270000000000e+02 9.042831010013e-01
2.275000000000e+02 9.416801377055e-01
2.280000000000e+02 9.689972662120e-01
2.285000000000e+02 9.855966803381e-01
2.290000000000e+02 9.910814082846e-01
2.295000000000e+02 9.853055977545e-01
2.300000000000e+02 9.683791788469e-01
2.305000000000e+02 9.406667264561e-01
2.310000000000e+02 9.027804749872e-01
2.315000000000e+02 8.555675741975e-01
2.320000000000e+02 8.000918126432e-01
2.325000000000e+02 7.376101710608e-01
2.330000000000e+02 6.695446984331e-01
2.335000000000e+02 5.974503248269e-01
2.340000000000e+02 5.229793338108e-01
2.345000000000e+02 4.478433100138e-01
2.350000000000e+02 3.737734512121e-01
2.355000000000e+02 3.024801866437e-01
2.360000000000e+02 2.356130721154e-01
2.365000000000e+02 1.747219364958e-01
2.370000000000e+02 1.212202327804e-01
2.375000000000e+02 7.635150016944e-02
2.380000000000e+02 4.115977240726e-02
2.385000000000e+02 1.646467364136e-02
2.390000000000e+02 2.841828623414e-03
2.395000000000e+02 6.090822154666e-04
2.400000000000e+02 9.818877457086e-03
2.405000000000e+02 3.025698592152e-02
2.410000000000e+02 6.144762309285e-02
2.415000000000e+02 1.026648195599e-01
2.420000000000e+02 1.529497605104e-01
2.425000000000e+02 2.111336557575e-01
2.430000000000e+02 2.758655645293e-01
2.435000000000e+02 3.456444772634e-01
2.440000000000e+02 4.188548539553e-01
2.445000000000e+02 4.938047378342e-01
2.450000000000e+02 5.687655062407e-01
2.455000000000e+02 6.420122887668e-01
2.460000000000e+02 7.118640764101e-01
2.465000000000e+02 7.767225643852e-01
2.470000000000e+02 8.351088142554e-01
2.475000000000e+02 8.856968864821e-01
2.480000000000e+02 9.273436800039e-01
2.485000000000e+02 9.591143182446e-01
2.490000000000e+02 9.803025377972e-01
2.495000000000e+02 9.904456634612e-01
2.500000000000e+02 9.893338877098e-01
2.505000000000e+02 9.770137103762e-01
2.510000000000e+02 9.537855318152e-01
2.515000000000e+02 9.201955266520e-01
2.520000000000e+02 8.770220523776e-01
2.525000000000e+02 8.252569647619e-01
2.530000000000e+02 7.660823179943e-01
2.535000000000e+02 7.008430197450e-01
2.540000000000e+02 6.310160885339e-01
2.545000000000e+02 5.581772219240e-01
2.550000000000e+02 4.839654285777e-01
2.555000000000e+02 4.100465049974e-01
2.560000000000e+02 3.380761490258e-01
2.565000000000e+02 2.696634974554e-01
2.570000000000e+02 2.063358551676e-01
2.575000000000e+02 1.495053490868e-01
2.580000000000e+02 1.004381930440e-01
2.585000000000e+02 6.022719064000e-02
2.590000000000e+02 2.976803371043e-02
2.595000000000e+02 9.739875376353e-03
2.600000000000e+02 5.905703075344e-04
2.605000000000e+02 2.526882110744e-03
2.610000000000e+02 1.550986009593e-02
2.615000000000e+02 3.925548647934e-02
2.620000000000e+02 7.324059179795e-02
2.625000000000e+02 1.167139324114e-01
2.630000000000e+02 1.687122209856e-01
2.635000000000e+02 2.280808003687e-01
2.640000000000e+02 2.934985549389e-01
2.645000000000e+02 3.635065630229e-01
2.650000000000e+02 4.365399111108e-01
2.655000000000e+02 5.109620170993e-01
2.660000000000e+02 5.851007474256e-01
2.665000000000e+02 6.572855634326e-01
2.670000000000e+02 7.258848971920e-01
2.675000000000e+02 7.893429377416e-01
2.680000000000e+02 8.462150064373e-01
2.685000000000e+02 8.952007157526e-01
2.690000000000e+02 9.351741398946e-01
2.695000000000e+02 9.652102781252e-01
2.700000000000e+02 9.846071623080e-01
2.705000000000e+02 9.929030480364e-01
2.710000000000e+02 9.898882323563e-01
2.715000000000e+02 9.756111586181e-01
2.720000000000e+02 9.503785979692e-01
2.725000000000e+02 9.147498345380e-01
2.730000000000e+02 8.695249241789e-01
2.735000000000e+02 8.157272411655e-01
2.740000000000e+02 7.545806696303e-01
2.745000000000e+02 6.874819329529e-01
2.750000000000e+02 6.159686808326e-01
2.755000000000e+02 5.416840667151e-01
2.760000000000e+02 4.663386441546e-01
2.765000000000e+02 3.916704865444e-01
2.770000000000e+02 3.194044879429e-01
2.775000000000e+02 2.512118315590e-01
2.780000000000e+02 1.886706156597e-01
2.785000000000e+02 1.332286037729e-01
2.790000000000e+02 8.616901742820e-02
2.795000000000e+02 4.858021643218e-02
2.800000000000e+02 2.133001568349e-02
2.805000000000e+02 5.045271393237e-03
2.810000000000e+02 9.723648000877e-05
2.815000000000e+02 6.593038589611e-03
2.820000000000e+02 2.437347876370e-02
2.825000000000e+02 5.301718863910e-02
2.830000000000e+02 9.185102370137e-02
2.835000000000e+02 1.399664140180e-01
2.840000000000e+02 1.962412463352e-01
2.845000000000e+02 2.593667164305e-01
2.850000000000e+02 3.278784717134e-01
2.855000000000e+02 4.001912642830e-01
2.860000000000e+02 4.746362563478e-01
2.865000000000e+02 5.495000648109e-01
2.870000000000e+02 6.230646008767e-01
2.875000000000e+02 6.936467540100e-01
2.880000000000e+02 7.596369870049e-01
2.885000000000e+02 8.195359491706e-01
2.890000000000e+02 8.719882759928e-01
2.895000000000e+02 9.158128238169e-01
2.900000000000e+02 9.500286844618e-01
2.905000000000e+02 9.738764342017e-01
2.910000000000e+02 9.868341910593e-01
2.915000000000e+02 9.886281805210e-01
2.920000000000e+02 9.792376393334e-01
2.925000000000e+02 9.588940167699e-01
2.930000000000e+02 9.280745596756e-01
2.935000000000e+02 8.874904889617e-01
2.940000000000e+02 8.380700886141e-01
2.945000000000e+02 7.809371316178e-01
2.950000000000e+02 7.173851587986e-01
2.955000000000e+02 6.488482051075e-01
2.960000000000e+02 5.768686323793e-01
2.965000000000e+02 5.030627774681e-01
2.970000000000e+02 4.290851596034e-01
2.975000000000e+02 3.565920108047e-01
2.980000000000e+02 2.872048984532e-01
2.985000000000e+02 2.224752000603e-01
2.990000000000e+02 1.638501674633e-01
2.995000000000e+02 1.126412818198e-01
3.000000000000e+02 6.999555266343e-02
3.005000000000e+02 3.687035479683e-02
3.010000000000e+02 1.401232691658e-02
3.015000000000e+02 1.940776589233e-03
3.020000000000e+02 9.359486719063e-04
3.025000000000e+02 1.103241967691e-02
3.030000000000e+02 3.201778024007e-02
3.035000000000e+02 6.343666318872e-02
3.040000000000e+02 1.046000672838e-01
3.045000000000e+02 1.545998182266e-01
3.050000000000e+02 2.123279008217e-01
3.055000000000e+02 2.765002912368e-01
3.060000000000e+02 3.456848181870e-01
3.065000000000e+02 4.183324887562e-01
3.070000000000e+02 4.928116306439e-01
3.075000000000e+02 5.674441300860e-01
3.080000000000e+02 6.405429856216e-01
3.085000000000e+02 7.104503542382e-01
3.090000000000e+02 7.755752399041e-01
3.095000000000e+02 8.344299665373e-01
3.100000000000e+02 8.856645890615e-01
3.105000000000e+02 9.280984279628e-01
3.110000000000e+02 9.607479647434e-01
3.115000000000e+02 9.828504074078e-01
3.120000000000e+02 9.938823255459e-01
3.125000000000e+02 9.935728620714e-01
3.130000000000e+02 9.819111510246e-01
3.135000000000e+02 9.591477053239e-01
3.140000000000e+02 9.257896817466e-01
3.145000000000e+02 8.825900791474e-01
3.150000000000e+02 8.305310760950e-01
3.155000000000e+02 7.708018616638e-01
3.160000000000e+02 7.047714539607e-01
3.165000000000e+02 6.339571310519e-01
3.170000000000e+02 5.599892145007e-01
3.175000000000e+02 4.845730432530e-01
3.180000000000e+02 4.094490521459e-01
3.185000000000e+02 3.363519224523e-01
3.190000000000e+02 2.669697998771e-01
3.195000000000e+02 2.029045772932e-01
3.200000000000e+02 1.456342150201e-01
3.205000000000e+02 9.647802118687e-02
3.210000000000e+02 5.656574002661e-02
3.215000000000e+02 2.681119891271e-02
3.220000000000e+02 7.891148326760e-03
3.225000000000e+02 2.297960738957e-04
3.230000000000e+02 3.989391735518e-03
3.235000000000e+02 1.906706370849e-02
3.240000000000e+02 4.509795356218e-02
3.245000000000e+02 8.146453524330e-02
3.250000000000e+02 1.273118541852e-01
3.255000000000e+02 1.815682777186e-01
3.260000000000e+02 2.429712170768e-01
3.265000000000e+02 3.100971660184e-01
3.270000000000e+02 3.813953043984e-01
3.275000000000e+02 4.552238390113e-01
3.280000000000e+02 5.298882001814e-01
3.285000000000e+02 6.036801816483e-01
3.290000000000e+02 6.749171034225e-01
3.295000000000e+02 7.419800919029e-01
3.300000000000e+02 8.033506075490e-01
3.305000000000e+02 8.576444061135e-01
3.310000000000e+02 9.036421927699e-01
3.315000000000e+02 9.403163169649e-01
3.320000000000e+02 9.668529567641e-01
3.325000000000e+02 9.826693519905e-01
3.330000000000e+02 9.874257626328e-01
3.335000000000e+02 9.810319499321e-01
3.340000000000e+02 9.636480994365e-01
3.345000000000e+02 9.356802255170e-01
3.350000000000e+02 8.977702129556e-01
3.355000000000e+02 8.507807611098e-01
3.360000000000e+02 7.957755979582e-01
3.365000000000e+02 7.339954234695e-01
3.370000000000e+02 6.668301229311e-01
3.375000000000e+02 5.957878601202e-01
3.380000000000e+02 5.224617167330e-01
3.385000000000e+02 4.484945877918e-01
3.390000000000e+02 3.755430724899e-01
3.395000000000e+02 3.052411159628e-01
3.400000000000e+02 2.391641597674e-01
3.405000000000e+02 1.787945475619e-01
3.410000000000e+02 1.254889078127e-01
3.415000000000e+02 8.044819769906e-02
3.420000000000e+02 4.469104219071e-02
3.425000000000e+02 1.903094014481e-02
3.430000000000e+02 4.057835944767e-03
3.435000000000e+02 1.244715781890e-04
3.440000000000e+02 7.337841209660e-03
3.445000000000e+02 2.555596951556e-02
3.450000000000e+02 5.439012781046e-02
3.455000000000e+02 9.321249001465e-02
3.460000000000e+02 1.411691157284e-01
3.465000000000e+02 1.971980322280e-01
3.470000000000e+02 2.600520734177e-01
3.475000000000e+02 3.283260241239e-01
3.480000000000e+02 4.004875151914e-01
3.485000000000e+02 4.749110212285e-01
3.490000000000e+02 5.499142311262e-01
3.495000000000e+02 6.237959940929e-01
3.500000000000e+02 6.948749931326e-01
3.505000000000e+02 7.615282656104e-01
3.510000000000e+02 8.222286783388e-01
3.515000000000e+02 8.755804736052e-01
3.520000000000e+02 9.203520332961e-01
3.525000000000e+02 9.555050607729e-01
3.530000000000e+02 9.802194537592e-01
3.535000000000e+02 9.939132349811e-01
3.540000000000e+02 9.962570187378e-01
3.545000000000e+02 9.871826185084e-01
3.550000000000e+02 9.668855400766e-01
3.555000000000e+02 9.358212529933e-01
3.560000000000e+02 8.946952866281e-01
3.565000000000e+02 8.444473514665e-01
3.570000000000e+02 7.862298374433e-01
3.575000000000e+02 7.213811847226e-01
3.580000000000e+02 6.513947543421e-01
3.585000000000e+02 5.778839427299e-01
3.590000000000e+02 5.025443818610e-01
3.595000000000e+02 4.271141428948e-01
3.600000000000e+02 3.533329132554e-01
3.605000000000e+02 2.829011437722e-01
3.610000000000e+02 2.174401628854e-01
3.615000000000e+02 1.584542290682e-01
3.620000000000e+02 1.072954412992e-01
3.625000000000e+02 6.513235220044e-02
3.630000000000e+02 3.292303157236e-02
3.635000000000e+02 1.139321239418e-02
3.640000000000e+02 1.020020290902e-03
3.645000000000e+02 2.021644807898e-03
3.650000000000e+02 1.435316063766e-02
3.655000000000e+02 3.770855342617e-02
3.660000000000e+02 7.152885215371e-02
3.665000000000e+02 1.150161224139e-01
3.670000000000e+02 1.671529360244e-01
3.675000000000e+02 2.267268057467e-01
3.680000000000e+02 2.923589624533e-01
3.685000000000e+02 3.625367583255e-01
3.690000000000e+02 4.356489054449e-01
3.695000000000e+02 5.100227057210e-01
3.700000000000e+02 5.839623961093e-01
3.705000000000e+02 6.557877225221e-01
3.710000000000e+02 7.238718662159e-01
3.715000000000e+02 7.866778766627e-01
3.720000000000e+02 8.427928134942e-01
3.725000000000e+02 8.909588651690e-01
3.730000000000e+02 9.301007913967e-01
3.735000000000e+02 9.593491276856e-01
3.740000000000e+02 9.780586911969e-01
3.745000000000e+02 9.858220348468e-01
3.750000000000e+02 9.824776088153e-01
3.755000000000e+02 9.681125028807e-01
3.760000000000e+02 9.430597570300e-01
3.765000000000e+02 9.078903394899e-01
3.770000000000e+02 8.633999987636e-01
3.775000000000e+02 8.105912977367e-01
3.780000000000e+02 7.506512319119e-01
3.785000000000e+02 6.849249190373e-01
3.790000000000e+02 6.148859226587e-01
3.795000000000e+02 5.421038365017e-01
3.800000000000e+02 4.682098092250e-01
3.805000000000e+02 3.948607293159e-01
3.810000000000e+02 3.237028171388e-01
3.815000000000e+02 2.563353849585e-01
3.820000000000e+02 1.942755257970e-01
3.825000000000e+02 1.389244780531e-01
3.830000000000e+02 9.153638484631e-02
3.835000000000e+02 5.319012514512e-02
3.840000000000e+02 2.476483819705e-02
3.845000000000e+02 6.919694099549e-03
3.850000000000e+02 7.838229666512e-05
3.855000000000e+02 4.418697381552e-03
3.860000000000e+02 1.986749914939e-02
3.865000000000e+02 4.610121299826e-02
3.870000000000e+02 8.255191944331e-02
3.875000000000e+02 1.284189599042e-01
3.880000000000e+02 1.826858625285e-01
3.885000000000e+02 2.441422693174e-01
3.890000000000e+02 3.114104271064e-01
3.895000000000e+02 3.829756929672e-01
3.900000000000e+02 4.572204023394e-01
3.905000000000e+02 5.324603585523e-01
3.910000000000e+02 6.069831281180e-01
3.915000000000e+02 6.790872697022e-01
3.920000000000e+02 7.471215881278e-01
3.925000000000e+02 8.095234897570e-01
3.930000000000e+02 8.648555232463e-01
3.935000000000e+02 9.118392204606e-01
3.940000000000e+02 9.493854061276e-01
3.945000000000e+02 9.766202207820e-01
3.950000000000e+02 9.929061981818e-01
3.955000000000e+02 9.978578535444e-01
3.960000000000e+02 9.913513698511e-01
3.965000000000e+02 9.735281128406e-01
3.970000000000e+02 9.447918573824e-01
3.975000000000e+02 9.057997646326e-01
3.980000000000e+02 8.574473064283e-01
3.985000000000e+02 8.008474864176e-01
3.990000000000e+02 7.373048521606e-01
3.995000000000e+02 6.682849247856e-01
4.000000000000e+02 5.953797890035e-01
4.005000000000e+02 5.202706831007e-01
4.010000000000e+02 4.446885032405e-01
4.015000000000e+02 3.703731869711e-01
4.020000000000e+02 2.990329659438e-01
4.025000000000e+02 2.323044769485e-01
4.030000000000e+02 1.717146936885e-01
4.035000000000e+02 1.186455902372e-01
4.040000000000e+02 7.430237254696e-02
4.045000000000e+02 3.968601905840e-02
4.050000000000e+02 1.557075831473e-02
4.055000000000e+02 2.486983878598e-03
4.060000000000e+02 7.099684972061e-04
4.065000000000e+02 1.025459427549e-02
4.070000000000e+02 3.087616760640e-02
4.075000000000e+02 6.207724071866e-02
4.080000000000e+02 1.031202197293e-01
4.085000000000e+02 1.530454055331e-01
4.090000000000e+02 2.106939918699e-01
4.095000000000e+02 2.747354371683e-01
4.100000000000e+02 3.436985354594e-01
4.105000000000e+02 4.160054384267e-01
4.110000000000e+02 4.900078266085e-01
4.115000000000e+02 5.640243934262e-01
4.120000000000e+02 6.363787910945e-01
4.125000000000e+02 7.054371921180e-01
4.130000000000e+02 7.696446430669e-01
4.135000000000e+02 8.275594274078e-01
4.140000000000e+02 8.778847097471e-01
4.145000000000e+02 9.194968031299e-01
4.150000000000e+02 9.514694820580e-01
4.155000000000e+02 9.730938545864e-01
4.160000000000e+02 9.838934051190e-01
4.165000000000e+02 9.836339232733e-01
4.170000000000e+02 9.723281413771e-01
4.175000000000e+02 9.502350118459e-01
4.180000000000e+02 9.178536640008e-01
4.185000000000e+02 8.759121860960e-01
4.190000000000e+02 8.253514807759e-01
4.195000000000e+02 7.673045393629e-01
4.200000000000e+02 7.030715708543e-01
4.205000000000e+02 6.340915039423e-01
4.210000000000e+02 5.619104535210e-01
4.215000000000e+02 4.881478058269e-01
4.220000000000e+02 4.144606274872e-01
4.225000000000e+02 3.425071423212e-01
4.230000000000e+02 2.739100448423e-01
4.235000000000e+02 2.102204302796e-01
4.240000000000e+02 1.528831169364e-01
4.245000000000e+02 1.032041174041e-01
4.250000000000e+02 6.232098033261e-02
4.255000000000e+02 3.117667418016e-02
4.260000000000e+02 1.049761897358e-02
4.265000000000e+02 7.763922999134e-04
4.270000000000e+02 2.259542567123e-03
4.275000000000e+02 1.494083745003e-02
4.280000000000e+02 3.856016018582e-02
4.285000000000e+02 7.260814318489e-02
4.290000000000e+02 1.163364998054e-01
4.295000000000e+02 1.687738839337e-01
4.300000000000e+02 2.287469762855e-01
4.305000000000e+02 2.949063693379e-01
4.310000000000e+02 3.657567028342e-01
4.315000000000e+02 4.396903921767e-01
4.320000000000e+02 5.150241959109e-01
4.325000000000e+02 5.900377888516e-01
4.330000000000e+02 6.630134468208e-01
4.335000000000e+02 7.322759096116e-01
4.340000000000e+02 7.962314723167e-01
4.345000000000e+02 8.534053625633e-01
4.350000000000e+02 9.024764928811e-01
4.355000000000e+02 9.423087330163e-01
4.360000000000e+02 9.719779254801e-01
4.365000000000e+02 9.907939672043e-01
4.370000000000e+02 9.983173984748e-01
4.375000000000e+02 9.943700743035e-01
4.380000000000e+02 9.790396395540e-01
4.385000000000e+02 9.526776835227e-01
4.390000000000e+02 9.158916080743e-01
4.395000000000e+02 8.695304014561e-01
4.400000000000e+02 8.146646631891e-01
4.405000000000e+02 7.525613696940e-01
4.410000000000e+02 6.846540015581e-01
4.415000000000e+02 6.125087679989e-01
4.420000000000e+02 5.377877590288e-01
4.425000000000e+02 4.622099285999e-01
4.430000000000e+02 3.875108607887e-01
4.435000000000e+02 3.154022948082e-01
4.440000000000e+02 2.475323829511e-01
4.445000000000e+02 1.854476289146e-01
4.450000000000e+02 1.305574034565e-01
4.455000000000e+02 8.410186177568e-02
4.460000000000e+02 4.712399479626e-02
4.465000000000e+02 2.044643752660e-02
4.470000000000e+02 4.653535147946e-03
4.475000000000e+02 7.903498603071e-05
4.480000000000e+02 6.799633741938e-03
4.485000000000e+02 2.463446801904e-02
4.490000000000e+02 5.315049593257e-02
4.495000000000e+02 9.167358187993e-02
4.500000000000e+02 1.393049685599e-01
4.505000000000e+02 1.949427028761e-01
4.510000000000e+02 2.573074778494e-01
4.515000000000e+02 3.249722630363e-01
4.520000000000e+02 3.963950226844e-01
4.525000000000e+02 4.699537649208e-01
4.530000000000e+02 5.439831272056e-01
4.535000000000e+02 6.168116831495e-01
4.540000000000e+02 6.867991532821e-01
4.545000000000e+02 7.523727167869e-01
4.550000000000e+02 8.120616516192e-01
4.555000000000e+02 8.645295755813e-01
4.560000000000e+02 9.086036194413e-01
4.565000000000e+02 9.432999335150e-01
4.570000000000e+02 9.678450096493e-01
4.575000000000e+02 9.816923895855e-01
4.580000000000e+02 9.845344265281e-01
4.585000000000e+02 9.763088677058e-01
4.590000000000e+02 9.572001301052e-01
4.595000000000e+02 9.276352477008e-01
4.600000000000e+02 8.882745747724e-01
4.605000000000e+02 8.399974346415e-01
4.610000000000e+02 7.838830047704e-01
4.615000000000e+02 7.211868260333e-01
4.620000000000e+02 6.533134144971e-01
4.625000000000e+02 5.817855366467e-01
4.630000000000e+02 5.082107820971e-01
4.635000000000e+02 4.342461299441e-01
4.640000000000e+02 3.615612545474e-01
4.645000000000e+02 2.918013524009e-01
4.650000000000e+02 2.265502926040e-01
4.655000000000e+02 1.672948983192e-01
4.660000000000e+02 1.153911547300e-01
4.665000000000e+02 7.203310992552e-02
4.670000000000e+02 3.822518873748e-02
4.675000000000e+02 1.475857610175e-02
4.680000000000e+02 2.192246715054e-03
4.685000000000e+02 8.391227483375e-04
4.690000000000e+02 1.075773276335e-02
4.695000000000e+02 3.174962480866e-02
4.700000000000e+02 6.336265741869e-02
4.705000000000e+02 1.049001567605e-01
4.710000000000e+02 1.554357896479e-01
4.715000000000e+02 2.138338639880e-01
4.720000000000e+02 2.787746340248e-01
4.725000000000e+02 3.487840610983e-01
4.730000000000e+02 4.222673651353e-01
4.735000000000e+02 4.975456010640e-01
4.740000000000e+02 5.728944109104e-01
4.745000000000e+02 6.465840391465e-01
4.750000000000e+02 7.169196580613e-01
4.755000000000e+02 7.822810331128e-01
4.760000000000e+02 8.411605662554e-01
4.765000000000e+02 8.921987883197e-01
4.770000000000e+02 9.342164290994e-01
4.775000000000e+02 9.662422745776e-01
4.780000000000e+02 9.875361227086e-01
4.785000000000e+02 9.976062697183e-01
4.790000000000e+02 9.962210947735e-01
4.795000000000e+02 9.834144583929e-01
4.800000000000e+02 9.594847850889e-01
4.805000000000e+02 9.249878591241e-01
4.810000000000e+02 8.807235195925e-01
4.815000000000e+02 8.277165929232e-01
4.820000000000e+02 7.671925432342e-01
4.825000000000e+02 7.005484498896e-01
4.830000000000e+02 6.293200337432e-01
4.835000000000e+02 5.551455460297e-01
4.840000000000e+02 4.797274044501e-01
4.845000000000e+02 4.047925081174e-01
4.850000000000e+02 3.320521858490e-01
4.855000000000e+02 2.631627306527e-01
4.860000000000e+02 1.996874477313e-01
4.865000000000e+02 1.430610951504e-01
4.870000000000e+02 9.455752728641e-02
4.875000000000e+02 5.526126364970e-02
4.880000000000e+02 2.604360241553e-02
4.885000000000e+02 7.543782082038e-03
4.890000000000e+02 1.555694091603e-04
4.895000000000e+02 4.019520569940e-03
4.900000000000e+02 1.902102866604e-02
4.905000000000e+02 4.479413770976e-02
4.910000000000e+02 8.073097396160e-02
4.915000000000e+02 1.259965229667e-01
4.920000000000e+02 1.795483672722e-01
4.925000000000e+02 2.401608977665e-01
4.930000000000e+02 3.064534226271e-01
4.935000000000e+02 3.769215233239e-01
4.940000000000e+02 4.499709479773e-01
4.945000000000e+02 5.239532891597e-01
4.950000000000e+02 5.972026661943e-01
4.955000000000e+02 6.680726210410e-01
4.960000000000e+02 7.349724415838e-01
4.965000000000e+02 7.964021459509e-01
4.970000000000e+02 8.509853955826e-01
4.975000000000e+02 8.974996521690e-01
4.980000000000e+02 9.349029531939e-01
4.985000000000e+02 9.623567514736e-01
4.990000000000e+02 9.792443444770e-01
4.995000000000e+02 9.851845080165e-01
5.000000000000e+02 9.800400447015e-01
5.005000000000e+02 9.639210588531e-01
5.010000000000e+02 9.371828748631e-01
5.015000000000e+02 9.004186236027e-01
5.020000000000e+02 8.544466297602e-01
5.025000000000e+02 8.002928401261e-01
5.030000000000e+02 7.391686370022e-01
5.035000000000e+02 6.724444801739e-01
5.040000000000e+02 6.016199132830e-01
5.045000000000e+02 5.282905540171e-01
5.050000000000e+02 4.541127603308e-01
5.055000000000e+02 3.807667250507e-01
5.060000000000e+02 3.099187969598e-01
5.065000000000e+02 2.431838562054e-01
5.070000000000e+02 1.820885843478e-01
5.075000000000e+02 1.280364635254e-01
5.080000000000e+02 8.227531444858e-02
5.085000000000e+02 4.586813902496e-02
5.090000000000e+02 1.966797065171e-02
5.095000000000e+02 4.297354347938e-03
5.100000000000e+02 1.329812432278e-04
5.105000000000e+02 7.295889312725e-03
5.110000000000e+02 2.564751696453e-02
5.115000000000e+02 5.479176093370e-02
5.120000000000e+02 9.408304809427e-02
5.125000000000e+02 1.426402857748e-01
5.130000000000e+02 1.993664106902e-01
5.135000000000e+02 2.629731165352e-01
5.140000000000e+02 3.320102084783e-01
5.145000000000e+02 4.048989129986e-01
5.150000000000e+02 4.799683671912e-01
5.155000000000e+02 5.554944259924e-01
5.160000000000e+02 6.297398613527e-01
5.165000000000e+02 7.009949863456e-01
5.170000000000e+02 7.676177209176e-01
5.175000000000e+02 8.280721252253e-01
5.180000000000e+02 8.809644612021e-01
5.185000000000e+02 9.250759023872e-01
5.190000000000e+02 9.593910946142e-01
5.195000000000e+02 9.831218736629e-01
5.200000000000e+02 9.957255676179e-01
5.205000000000e+02 9.969174480429e-01
5.210000000000e+02 9.866770414059e-01
5.215000000000e+02 9.652481663437e-01
5.220000000000e+02 9.331327190832e-01
5.225000000000e+02 8.910783843291e-01
5.230000000000e+02 8.400605979787e-01
5.235000000000e+02 7.812592271751e-01
5.240000000000e+02 7.160305588549e-01
5.245000000000e+02 6.458752969235e-01
5.250000000000e+02 5.724033579234e-01
5.255000000000e+02 4.972963235399e-01
5.260000000000e+02 4.222684542129e-01
5.265000000000e+02 3.490271908035e-01
5.270000000000e+02 2.792340707508e-01
5.275000000000e+02 2.144669620724e-01
5.280000000000e+02 1.561844741678e-01
5.285000000000e+02 1.056933404557e-01
5.290000000000e+02 6.411948660323e-02
5.295000000000e+02 3.238340209304e-02
5.300000000000e+02 1.118032491113e-02
5.305000000000e+02 9.656322437650e-04
5.310000000000e+02 1.945707270629e-03
5.315000000000e+02 1.407442647689e-02
5.320000000000e+02 3.705528628125e-02
5.325000000000e+02 7.034906494105e-02
5.330000000000e+02 1.131867981488e-01
5.335000000000e+02 1.645877367190e-01
5.340000000000e+02 2.233818541977e-01
5.345000000000e+02 2.882363827454e-01
5.350000000000e+02 3.576857785139e-01
5.355000000000e+02 4.301644539914e-01
5.360000000000e+02 5.040415650791e-01
5.365000000000e+02 5.776571054690e-01
5.370000000000e+02 6.493585403678e-01
5.375000000000e+02 7.175372057692e-01
5.380000000000e+02 7.806637080996e-01
5.385000000000e+02 8.373215817733e-01
5.390000000000e+02 8.862384985037e-01
5.395000000000e+02 9.263143714458e-01
5.400000000000e+02 9.566457586463e-01
5.405000000000e+02 9.765460429122e-01
5.410000000000e+02 9.855609480567e-01
5.415000000000e+02 9.834790433456e-01
5.420000000000e+02 9.703369875044e-01
5.425000000000e+02 9.464193693681e-01
5.430000000000e+02 9.122531124751e-01
5.435000000000e+02 8.685965237975e-01
5.440000000000e+02 8.164231803571e-01
5.445000000000e+02 7.569009595455e-01
5.450000000000e+02 6.913666272944e-01
5.455000000000e+02 6.212965004544e-01
5.460000000000e+02 5.482737934756e-01
5.465000000000e+02 4.739533423444e-01
5.470000000000e+02 4.000244684702e-01
5.475000000000e+02 3.281727996888e-01
5.480000000000e+02 2.600419028898e-01
5.485000000000e+02 1.971956014141e-01
5.490000000000e+02 1.410818491130e-01
5.495000000000e+02 9.299901110684e-02
5.500000000000e+02 5.406535858217e-02
5.505000000000e+02 2.519252179214e-02
5.510000000000e+02 7.063562659025e-03
5.515000000000e+02 1.162275429702e-04
5.520000000000e+02 4.531823895776e-03
5.525000000000e+02 2.023003427520e-02
5.530000000000e+02 4.686984063937e-02
5.535000000000e+02 8.385658446084e-02
5.540000000000e+02 1.303550377906e-01
5.545000000000e+02 1.853082109627e-01
5.550000000000e+02 2.474614782204e-01
5.555000000000e+02 3.153914672021e-01
5.560000000000e+02 3.875390357630e-01
5.565000000000e+02 4.622455535803e-01
5.570000000000e+02 5.377916194794e-01
5.575000000000e+02 6.124372809914e-01
5.580000000000e+02 6.844627822689e-01
5.585000000000e+02 7.522088513556e-01
5.590000000000e+02 8.141155484782e-01
5.595000000000e+02 8.687587332035e-01
5.600000000000e+02 9.148832690255e-01
5.605000000000e+02 9.514321674343e-01
5.610000000000e+02 9.775709774261e-01
5.615000000000e+02 9.927068477399e-01
5.620000000000e+02 9.965018244052e-01
5.625000000000e+02 9.888800916322e-01
5.630000000000e+02 9.700290156050e-01
5.635000000000e+02 9.403940041744e-01
5.640000000000e+02 9.006673466442e-01
5.645000000000e+02 8.517713428036e-01
5.650000000000e+02 7.948361653630e-01
5.655000000000e+02 7.311730216511e-01
5.660000000000e+02 6.622432859687e-01
5.665000000000e+02 5.896243610396e-01
5.670000000000e+02 5.149730937964e-01
5.675000000000e+02 4.399876162111e-01
5.680000000000e+02 3.663685054718e-01
5.685000000000e+02 2.957801596898e-01
5.690000000000e+02 2.298132661044e-01
5.695000000000e+02 1.699491996924e-01
5.700000000000e+02 1.175271327683e-01
5.705000000000e+02 7.371456262962e-02
5.710000000000e+02 3.948187683778e-02
5.715000000000e+02 1.558147683618e-02
5.720000000000e+02 2.531872919453e-03
5.725000000000e+02 6.070497324542e-04
5.730000000000e+02 9.831284134884e-03
5.735000000000e+02 2.997947894337e-02
5.740000000000e+02 6.058295915651e-02
5.745000000000e+02 1.009405639834e-01
5.750000000000e+02 1.501347603345e-01
5.755000000000e+02 2.070524031672e-01
5.760000000000e+02 2.704096767593e-01
5.765000000000e+02 3.387806699223e-01
5.770000000000e+02 4.106289684771e-01
5.775000000000e+02 4.843415908926e-01
5.780000000000e+02 5.582645485551e-01
5.785000000000e+02 6.307392812319e-01
5.790000000000e+02 7.001392013057e-01
5.795000000000e+02 7.649055775214e-01
5.800000000000e+02 8.235820003800e-01
5.805000000000e+02 8.748466968870e-01
5.810000000000e+02 9.175420018609e-01
5.815000000000e+02 9.507003460586e-01
5.820000000000e+02 9.735661873616e-01
5.825000000000e+02 9.856133894051e-01
5.830000000000e+02 9.865576412770e-01
5.835000000000e+02 9.763636110018e-01
5.840000000000e+02 9.552466329131e-01
5.845000000000e+02 9.236688429261e-01
5.850000000000e+02 8.823297941049e-01
5.855000000000e+02 8.321517054988e-01
5.860000000000e+02 7.742596175182e-01
5.865000000000e+02 7.099568444946e-01
5.870000000000e+02 6.406962267566e-01
5.875000000000e+02 5.680477877846e-01
5.880000000000e+02 4.936634940042e-01
5.885000000000e+02 4.192398929337e-01
5.890000000000e+02 3.464794672609e-01
5.895000000000e+02 2.770515858958e-01
5.900000000000e+02 2.125539563627e-01
5.905000000000e+02 1.544754847872e-01
5.910000000000e+02 1.041614294701e-01
5.915000000000e+02 6.278169143551e-02
5.920000000000e+02 3.130302089167e-02
5.925000000000e+02 1.046583331892e-02
5.930000000000e+02 7.662246699852e-04
5.935000000000e+02 2.443654239769e-03
5.940000000000e+02 1.547462905398e-02
5.945000000000e+02 3.957257849028e-02
5.950000000000e+02 7.419395604911e-02
5.955000000000e+02 1.185504507621e-01
5.960000000000e+02 1.716270378563e-01
5.965000000000e+02 2.322054511858e-01
5.970000000000e+02 2.988925227096e-01
5.975000000000e+02 3.701527107773e-01
5.980000000000e+02 4.443440326814e-01
5.985000000000e+02 5.197565308386e-01
5.990000000000e+02 5.946523384782e-01
5.995000000000e+02 6.673063716287e-01
6.000000000000e+02 7.360466604822e-01
6.005000000000e+02 7.992933452220e-01
6.010000000000e+02 8.555953985931e-01
6.015000000000e+02 9.036641987209e-01
6.020000000000e+02 9.424031589945e-01
6.025000000000e+02 9.709327247668e-01
6.030000000000e+02 9.886101660961e-01
6.035000000000e+02 9.950437283389e-01
6.040000000000e+02 9.901008443071e-01
6.045000000000e+02 9.739102589979e-01
6.050000000000e+02 9.468580665835e-01
6.055000000000e+02 9.095778055013e-01
6.060000000000e+02 8.629348973639e-01
6.065000000000e+02 8.080058456047e-01
6.070000000000e+02 7.460527272221e-01
6.075000000000e+02 6.784936131220e-01
6.080000000000e+02 6.068696373047e-01
6.085000000000e+02 5.328095009997e-01
6.090000000000e+02 4.579922438614e-01
6.095000000000e+02 3.841091400945e-01
6.100000000000e+02 3.128255830462e-01
6.105000000000e+02 2.457438079562e-01
6.110000000000e+02 1.843672703101e-01
6.115000000000e+02 1.300674479737e-01
6.120000000000e+02 8.405377077374e-02
6.125000000000e+02 4.734730335622e-02
6.130000000000e+02 2.075871815872e-02
6.135000000000e+02 4.870997365609e-03
6.140000000000e+02 2.719803781399e-05
6.145000000000e+02 6.323505451787e-03
6.150000000000e+02 2.360768820427e-02
6.155000000000e+02 5.148295692214e-02
6.160000000000e+02 8.931711840771e-02
6.165000000000e+02 1.362568105721e-01
6.170000000000e+02 1.912465022578e-01
6.175000000000e+02 2.530518475590e-01
6.180000000000e+02 3.202868979511e-01
6.185000000000e+02 3.914445987180e-01
6.190000000000e+02 4.649299299905e-01
6.195000000000e+02 5.390949982499e-01
6.200000000000e+02 6.122753423260e-01
6.205000000000e+02 6.828266895704e-01
6.210000000000e+02 7.491613836743e-01
6.215000000000e+02 8.097837060848e-01
6.220000000000e+02 8.633233284818e-01
6.225000000000e+02 9.085661644983e-01
6.230000000000e+02 9.444819346990e-01
6.235000000000e+02 9.702478194464e-01
6.240000000000e+02 9.852676490534e-01
6.245000000000e+02 9.891861685791e-01
6.250000000000e+02 9.818980145012e-01
6.255000000000e+02 9.635511506542e-01
6.260000000000e+02 9.345446292841e-01
6.265000000000e+02 8.955206675508e-01
6.270000000000e+02 8.473511577061e-01
6.275000000000e+02 7.911188576681e-01
6.280000000000e+02 7.280936347639e-01
6.285000000000e+02 6.597042558973e-01
6.290000000000e+02 5.875063291570e-01
6.295000000000e+02 5.131471018025e-01
6.300000000000e+02 4.383279047545e-01
6.305000000000e+02 3.647651014717e-01
6.310000000000e+02 2.941504471683e-01
6.315000000000e+02 2.281117908472e-01
6.320000000000e+02 1.681750563139e-01
6.325000000000e+02 1.157284185079e-01
6.330000000000e+02 7.198954808647e-02
6.335000000000e+02 3.797673088937e-02
6.340000000000e+02 1.448458099679e-02
6.345000000000e+02 2.064958584081e-03
6.350000000000e+02 1.013579252762e-03
6.355000000000e+02 1.136266315932e-02
6.360000000000e+02 3.287982366822e-02
6.365000000000e+02 6.507324040847e-02
6.370000000000e+02 1.072030047097e-01
6.375000000000e+02 1.582983707465e-01
6.380000000000e+02 2.171804975896e-01
6.385000000000e+02 2.824901298607e-01
6.390000000000e+02 3.527195415836e-01
6.395000000000e+02 4.262479625233e-01
6.400000000000e+02 5.013796215928e-01
6.405000000000e+02 5.763834800532e-01
6.410000000000e+02 6.495336897222e-01
6.415000000000e+02 7.191497990693e-01
6.420000000000e+02 7.836357429721e-01
6.425000000000e+02 8.415166893452e-01
6.430000000000e+02 8.914728764954e-01
6.435000000000e+02 9.323696568664e-01
6.440000000000e+02 9.632830632703e-01
6.445000000000e+02 9.835203297111e-01
6.450000000000e+02 9.926349271179e-01
6.455000000000e+02 9.904358110791e-01
6.460000000000e+02 9.769907202728e-01
6.465000000000e+02 9.526235069634e-01
6.470000000000e+02 9.179056210559e-01
6.475000000000e+02 8.736420033370e-01
6.480000000000e+02 8.208517685917e-01
6.485000000000e+02 7.607441725006e-01
6.490000000000e+02 6.946904553409e-01
6.495000000000e+02 6.241922386612e-01
6.500000000000e+02 5.508472169908e-01
6.505000000000e+02 4.763129344056e-01
6.510000000000e+02 4.022694650602e-01
6.515000000000e+02 3.303818276994e-01
6.520000000000e+02 2.622629571546e-01
6.525000000000e+02 1.994380317913e-01
6.530000000000e+02 1.433109159143e-01
6.535000000000e+02 9.513342168061e-02
6.540000000000e+02 5.597802766723e-02
6.545000000000e+02 2.671461261153e-02
6.550000000000e+02 7.991674773667e-03
6.555000000000e+02 2.224116904081e-04
6.560000000000e+02 3.575933649409e-03
6.565000000000e+02 1.797377883162e-02
6.570000000000e+02 4.309179055265e-02
6.575000000000e+02 7.836730913404e-02
6.580000000000e+02 1.230115243649e-01
6.585000000000e+02 1.760267309520e-01
6.590000000000e+02 2.362281304176e-01
6.595000000000e+02 3.022697301881e-01
6.600000000000e+02 3.726738056626e-01
6.605000000000e+02 4.458633153541e-01
6.610000000000e+02 5.201965942170e-01
6.615000000000e+02 5.940035973349e-01
6.620000000000e+02 6.656229265669e-01
6.625000000000e+02 7.334388475964e-01
6.630000000000e+02 7.959174951214e-01
6.635000000000e+02 8.516414703591e-01
6.640000000000e+02 8.993420581343e-01
6.645000000000e+02 9.379283307474e-01
6.650000000000e+02 9.665124624280e-01
6.655000000000e+02 9.844306509198e-01
6.660000000000e+02 9.912591306849e-01
6.665000000000e+02 9.868248639791e-01
6.670000000000e+02 9.712106098454e-01
6.675000000000e+02 9.447541946941e-01
6.680000000000e+02 9.080419389992e-01
6.685000000000e+02 8.618963298162e-01
6.690000000000e+02 8.073581651254e-01
6.695000000000e+02 7.456635300364e-01
6.700000000000e+02 6.782160931743e-01
6.705000000000e+02 6.065553306163e-01
6.710000000000e+02 5.323213911840e-01
6.715000000000e+02 4.572174075810e-01
6.720000000000e+02 3.829701299664e-01
6.725000000000e+02 3.112898097117e-01
6.730000000000e+02 2.438302894247e-01
6.735000000000e+02 1.821502596360e-01
6.740000000000e+02 1.276766222131e-01
6.745000000000e+02 8.167085576793e-02
6.750000000000e+02 4.519920989234e-02
6.755000000000e+02 1.910746454419e-02
6.760000000000e+02 4.000880584671e-03
6.765000000000e+02 2.298401514490e-04
6.770000000000e+02 7.881534652866e-03
6.775000000000e+02 2.677790747794e-02
6.780000000000e+02 5.647990216455e-02
6.785000000000e+02 9.629790905121e-02
6.790000000000e+02 1.453081486973e-01
6.795000000000e+02 2.023745828350e-01
6.800000000000e+02 2.661758073411e-01
6.805000000000e+02 3.352362603163e-01
6.810000000000e+02 4.079609750663e-01
6.815000000000e+02 4.826730251594e-01
6.820000000000e+02 5.576527488293e-01
6.825000000000e+02 6.311778040421e-01
6.830000000000e+02 7.015630941821e-01
6.835000000000e+02 7.671996173362e-01
6.840000000000e+02 8.265913288098e-01
6.845000000000e+02 8.783891652464e-01
6.850000000000e+02 9.214214575465e-01
6.855000000000e+02 9.547200561249e-01
6.860000000000e+02 9.775416029530e-01
6.865000000000e+02 9.893835071106e-01
6.870000000000e+02 9.899943107700e-01
6.875000000000e+02 9.793782672130e-01
6.880000000000e+02 9.577940881741e-01
6.885000000000e+02 9.257479512262e-01
6.890000000000e+02 8.839809859948e-01
6.895000000000e+02 8.334515779169e-01
6.900000000000e+02 7.753129376245e-01
6.905000000000e+02 7.108864807912e-01
6.910000000000e+02 6.416316458026e-01
6.915000000000e+02 5.691128437050e-01
6.920000000000e+02 4.949642857363e-01
6.925000000000e+02 4.208534679917e-01
6.930000000000e+02 3.484441103300e-01
6.935000000000e+02 2.793593478267e-01
6.940000000000e+02 2.151459584542e-01
6.945000000000e+02 1.572403810269e-01
6.950000000000e+02 1.069372338066e-01
6.955000000000e+02 6.536098763645e-02
6.960000000000e+02 3.344137936007e-02
6.965000000000e+02 1.189307291643e-02
6.970000000000e+02 1.199988342335e-03
6.975000000000e+02 1.604624414611e-03
6.980000000000e+02 1.310260038873e-02
6.985000000000e+02 3.544253779920e-02
6.990000000000e+02 6.813129621903e-02
6.995000000000e+02 1.104444689036e-01
7.000000000000e+02 1.614419370999e-01
7.005000000000e+02 2.199881772582e-01
7.010000000000e+02 2.847769152786e-01
7.015000000000e+02 3.543596280876e-01
7.020000000000e+02 4.271773071792e-01
7.025000000000e+02 5.015948230706e-01
7.030000000000e+02 5.759371657724e-01
7.035000000000e+02 6.485267860045e-01
7.040000000000e+02 7.177212265847e-01
7.045000000000e+02 7.819502145192e-01
7.050000000000e+02 8.397513828916e-01
7.055000000000e+02 8.898038084635e-01
7.060000000000e+02 9.309585863098e-01
7.065000000000e+02 9.622657167911e-01
7.070000000000e+02 9.829966521669e-01
7.075000000000e+02 9.926619391901e-01
7.080000000000e+02 9.910234985628e-01
7.085000000000e+02 9.781012001759e-01
7.090000000000e+02 9.541735221245e-01
7.095000000000e+02 9.197722186822e-01
7.100000000000e+02 8.756710644755e-01
7.105000000000e+02 8.228688854905e-01
7.110000000000e+02 7.625672285342e-01
7.115000000000e+02 6.961431556051e-01
7.120000000000e+02 6.251177745107e-01
7.125000000000e+02 5.511212284640e-01
7.130000000000e+02 4.758549619888e-01
7.135000000000e+02 4.010521553460e-01
7.140000000000e+02 3.284372725268e-01
7.145000000000e+02 2.596856967890e-01
7.150000000000e+02 1.963844316788e-01
7.155000000000e+02 1.399948240181e-01
7.160000000000e+02 9.181821884126e-02
7.165000000000e+02 5.296538577477e-02
7.170000000000e+02 2.433046369935e-02
7.175000000000e+02 6.570058173457e-03
7.180000000000e+02 8.799708828939e-05
7.185000000000e+02 5.026107935636e-03
7.190000000000e+02 2.126122882501e-02
7.195000000000e+02 4.840850918795e-02
7.200000000000e+02 8.583089926487e-02
7.205000000000e+02 1.326545742779e-01
7.210000000000e+02 1.877898937930e-01
7.215000000000e+02 2.499573630210e-01
7.220000000000e+02 3.177179441637e-01
7.225000000000e+02 3.895069653257e-01
7.230000000000e+02 4.636707943643e-01
7.235000000000e+02 5.385053870849e-01
7.240000000000e+02 6.122957844368e-01
7.245000000000e+02 6.833556222486e-01
7.250000000000e+02 7.500657292061e-01
7.255000000000e+02 8.109109233422e-01
7.260000000000e+02 8.645141727174e-01
7.265000000000e+02 9.096673602317e-01
7.270000000000e+02 9.453579831572e-01
7.275000000000e+02 9.707912222581e-01
7.280000000000e+02 9.854069302756e-01
7.285000000000e+02 9.888912119678e-01
7.290000000000e+02 9.811823946755e-01
7.295000000000e+02 9.624713164430e-01
7.300000000000e+02 9.331959851146e-01
7.305000000000e+02 8.940307838454e-01
7.310000000000e+02 8.458705136203e-01
7.315000000000e+02 7.898096695494e-01
7.320000000000e+02 7.271174430503e-01
7.325000000000e+02 6.592090250746e-01
7.330000000000e+02 5.876138551451e-01
7.335000000000e+02 5.139415163062e-01
7.340000000000e+02 4.398460166713e-01
7.345000000000e+02 3.669892238041e-01
7.350000000000e+02 2.970042287326e-01
7.355000000000e+02 2.314594121621e-01
7.360000000000e+02 1.718239668490e-01
7.365000000000e+02 1.194355976804e-01
7.370000000000e+02 7.547107546168e-02
7.375000000000e+02 4.092026260687e-02
7.380000000000e+02 1.656415975403e-02
7.385000000000e+02 2.957442891696e-03
7.390000000000e+02 4.158720204836e-04
7.395000000000e+02 9.008856015320e-03
7.400000000000e+02 2.855735560753e-02
7.405000000000e+02 5.863719886100e-02
7.410000000000e+02 9.858777287765e-02
7.415000000000e+02 1.475259435995e-01
7.420000000000e+02 2.043649444685e-01
7.425000000000e+02 2.678378664858e-01
7.430000000000e+02 3.365252790760e-01
7.435000000000e+02 4.088864153820e-01
7.440000000000e+02 4.832932694652e-01
7.445000000000e+02 5.580668785941e-01
7.450000000000e+02 6.315150034728e-01
7.455000000000e+02 7.019703748440e-01
7.460000000000e+02 7.678286480559e-01
7.465000000000e+02 8.275851992553e-01
7.470000000000e+02 8.798699088350e-01
7.475000000000e+02 9.234791100624e-01
7.480000000000e+02 9.574039334741e-01
7.485000000000e+02 9.808543500239e-01
7.490000000000e+02 9.932783070062e-01
7.495000000000e+02 9.943754587083e-01
7.500000000000e+02 9.841051163376e-01
7.505000000000e+02 9.626881762259e-01
7.510000000000e+02 9.306029284466e-01
7.515000000000e+02 8.885747961881e-01
7.520000000000e+02 8.375602056755e-01
7.525000000000e+02 7.787249331134e-01
7.530000000000e+02 7.134174150170e-01
7.535000000000e+02 6.431376374446e-01
7.540000000000e+02 5.695023343747e-01
7.545000000000e+02 4.942073223837e-01
7.550000000000e+02 4.189878750208e-01
7.555000000000e+02 3.455780935070e-01
7.560000000000e+02 2.756702589324e-01
7.565000000000e+02 2.108751540609e-01
7.570000000000e+02 1.526843199403e-01
7.575000000000e+02 1.024351643548e-01
7.580000000000e+02 6.127976703063e-02
7.585000000000e+02 3.015813246228e-02
7.590000000000e+02 9.776527904783e-03
7.595000000000e+02 5.914147160104e-04
7.600000000000e+02 2.799339477057e-03
7.605000000000e+02 1.633300117582e-02
7.610000000000e+02 4.086355637925e-02
7.615000000000e+02 7.580906999602e-02
7.620000000000e+02 1.203488691041e-01
7.625000000000e+02 1.734434153560e-01
7.630000000000e+02 2.338591812994e-01
7.635000000000e+02 3.001979007962e-01
7.640000000000e+02 3.709294662404e-01
7.645000000000e+02 4.444276676293e-01
7.650000000000e+02 5.190079121652e-01
7.655000000000e+02 5.929660288539e-01
7.660000000000e+02 6.646172506950e-01
7.665000000000e+02 7.323344771378e-01
7.670000000000e+02 7.945849505384e-01
7.675000000000e+02 8.499645308945e-01
7.680000000000e+02 8.972288212719e-01
7.685000000000e+02 9.353204797803e-01
7.690000000000e+02 9.633921502061e-01
7.695000000000e+02 9.808245497571e-01
7.700000000000e+02 9.872393660594e-01
7.705000000000e+02 9.825067337852e-01
7.710000000000e+02 9.667471813892e-01
7.715000000000e+02 9.403280578226e-01
7.720000000000e+02 9.038545653945e-01
7.725000000000e+02 8.581556360087e-01
7.730000000000e+02 8.042649918954e-01
7.735000000000e+02 7.433978270355e-01
7.740000000000e+02 6.769236303296e-01
7.745000000000e+02 6.063357450449e-01
7.750000000000e+02 5.332183202685e-01
7.755000000000e+02 4.592113582932e-01
7.760000000000e+02 3.859745965495e-01
7.765000000000e+02 3.151509835645e-01
7.770000000000e+02 2.483305152644e-01
7.775000000000e+02 1.870151907514e-01
7.780000000000e+02 1.325858255584e-01
7.785000000000e+02 8.627142559612e-02
7.790000000000e+02 4.912177694120e-02
7.795000000000e+02 2.198384583175e-02
7.800000000000e+02 5.482510482548e-03
7.805000000000e+02 6.062508275063e-06
7.810000000000e+02 5.696822007648e-03
7.815000000000e+02 2.244710804589e-02
7.820000000000e+02 4.990069698588e-02
7.825000000000e+02 8.745978667522e-02
7.830000000000e+02 1.342973669577e-01
7.835000000000e+02 1.893747786098e-01
7.840000000000e+02 2.514641260567e-01
7.845000000000e+02 3.191750966809e-01
7.850000000000e+02 3.909856338856e-01
7.855000000000e+02 4.652758149767e-01
7.860000000000e+02 5.403642010495e-01
7.865000000000e+02 6.145458568493e-01
7.870000000000e+02 6.861311863280e-01
7.875000000000e+02 7.534846962306e-01
7.880000000000e+02 8.150627871019e-01
7.885000000000e+02 8.694496796373e-01
7.890000000000e+02 9.153906148461e-01
7.895000000000e+02 9.518215189908e-01
7.900000000000e+02 9.778943979956e-01
7.905000000000e+02 9.929978196871e-01
7.910000000000e+02 9.967719538673e-01
7.915000000000e+02 9.891177673065e-01
7.920000000000e+02 9.702001102075e-01
7.925000000000e+02 9.404445790229e-01
7.930000000000e+02 9.005281938335e-01
7.935000000000e+02 8.513640827095e-01
7.940000000000e+02 7.940805163570e-01
7.945000000000e+02 7.299947797038e-01
7.950000000000e+02 6.605824988408e-01
7.955000000000e+02 5.874431581902e-01
7.960000000000e+02 5.122626405219e-01
7.965000000000e+02 4.367736987430e-01
7.970000000000e+02 3.627153209900e-01
7.975000000000e+02 2.917919780098e-01
7.980000000000e+02 2.256337433591e-01
7.985000000000e+02 1.657582525944e-01
7.990000000000e+02 1.135354181918e-01
7.995000000000e+02 7.015574389932e-02
8.000000000000e+02 3.660298784361e-02
8.005000000000e+02 1.363181074466e-02
8.010000000000e+02 1.750917383861e-03
8.015000000000e+02 1.212059694307e-03
8.020000000000e+02 1.200512247150e-02
8.025000000000e+02 3.385936182472e-02
8.030000000000e+02 6.625071620173e-02
8.035000000000e+02 1.084149640804e-01
8.040000000000e+02 1.593663649586e-01
8.045000000000e+02 2.179212944358e-01
8.050000000000e+02 2.827262729162e-01
8.055000000000e+02 3.522896931473e-01
8.060000000000e+02 4.250164763332e-01
8.065000000000e+02 4.992448311460e-01
8.070000000000e+02 5.732842553197e-01
8.075000000000e+02 6.454539057001e-01
8.080000000000e+02 7.141204692194e-01
8.085000000000e+02 7.777346933345e-01
8.090000000000e+02 8.348657786036e-01
8.095000000000e+02 8.842328966128e-01
8.100000000000e+02 9.247331713390e-01
8.105000000000e+02 9.554655490856e-01
8.110000000000e+02 9.757500790018e-01
8.115000000000e+02 9.851422305185e-01
8.120000000000e+02 9.834419834343e-01
8.125000000000e+02 9.706975385518e-01
8.130000000000e+02 9.472036095083e-01
8.135000000000e+02 9.134943676975e-01
8.140000000000e+02 8.703312200425e-01
8.145000000000e+02 8.186857021347e-01
8.150000000000e+02 7.597178653202e-01
8.155000000000e+02 6.947506243290e-01
8.160000000000e+02 6.252406107302e-01
8.165000000000e+02 5.527461457997e-01
8.170000000000e+02 4.788930033162e-01
8.175000000000e+02 4.053386775234e-01
8.180000000000e+02 3.337359033016e-01
8.185000000000e+02 2.656961938446e-01
8.190000000000e+02 2.027541653981e-01
8.195000000000e+02 1.463334085048e-01
8.200000000000e+02 9.771464057712e-02
8.205000000000e+02 5.800683544959e-02
8.210000000000e+02 2.812197211474e-02
8.215000000000e+02 8.753977539635e-03
8.220000000000e+02 3.623580751496e-04
8.225000000000e+02 3.160921519517e-03
8.230000000000e+02 1.711188874720e-02
8.235000000000e+02 4.192558164597e-02
8.240000000000e+02 7.706575491561e-02
8.245000000000e+02 1.217605153813e-01
8.250000000000e+02 1.750186464501e-01
8.255000000000e+02 2.356510299860e-01
8.260000000000e+02 3.022967361965e-01
8.265000000000e+02 3.734532371569e-01
8.270000000000e+02 4.475100944407e-01
8.275000000000e+02 5.227853789657e-01
8.280000000000e+02 5.975640043956e-01
8.285000000000e+02 6.701370967830e-01
8.290000000000e+02 7.388414847359e-01
8.295000000000e+02 8.020983778816e-01
8.300000000000e+02 8.584503078851e-01
8.305000000000e+02 9.065954362733e-01
8.310000000000e+02 9.454183865820e-01
8.315000000000e+02 9.740168340818e-01
8.320000000000e+02 9.917231829563e-01
8.325000000000e+02 9.981207761255e-01
8.330000000000e+02 9.930542141049e-01
8.335000000000e+02 9.766335030313e-01
8.340000000000e+02 9.492319044762e-01
8.345000000000e+02 9.114775168124e-01
8.350000000000e+02 8.642387753812e-01
8.355000000000e+02 8.086042121623e-01
8.360000000000e+02 7.458569607934e-01
8.365000000000e+02 6.774446255343e-01
8.370000000000e+02 6.049452494290e-01
8.375000000000e+02 5.300302142067e-01
8.380000000000e+02 4.544249797552e-01
8.385000000000e+02 3.798686222466e-01
8.390000000000e+02 3.080731559650e-01
8.395000000000e+02 2.406836240048e-01
8.400000000000e+02 1.792399175764e-01
8.405000000000e+02 1.251412336254e-01
8.410000000000e+02 7.961400756626e-02
8.415000000000e+02 4.368406448689e-02
8.420000000000e+02 1.815362106129e-02
8.425000000000e+02 3.583644970137e-03
8.430000000000e+02 2.819424896113e-04
8.435000000000e+02 8.297201945885e-03
8.440000000000e+02 2.741907484402e-02
8.445000000000e+02 5.718423155092e-02
8.450000000000e+02 9.688818813052e-02
8.455000000000e+02 1.456025687265e-01
8.460000000000e+02 2.021973468152e-01
8.465000000000e+02 2.653675013425e-01
8.470000000000e+02 3.336634323232e-01
8.475000000000e+02 4.055244065577e-01
8.480000000000e+02 4.793142487454e-01
8.485000000000e+02 5.533584570338e-01
8.490000000000e+02 6.259819049459e-01
8.495000000000e+02 6.955462932834e-01
8.500000000000e+02 7.604865351727e-01
8.505000000000e+02 8.193452937236e-01
8.510000000000e+02 8.708049433665e-01
8.515000000000e+02 9.137162911047e-01
8.520000000000e+02 9.471234708900e-01
8.525000000000e+02 9.702845111139e-01
8.530000000000e+02 9.826871699009e-01
8.535000000000e+02 9.840597334875e-01
8.540000000000e+02 9.743765775818e-01
8.545000000000e+02 9.538583983538e-01
8.550000000000e+02 9.229671268294e-01
8.555000000000e+02 8.823956462611e-01
8.560000000000e+02 8.330525349110e-01
8.565000000000e+02 7.760421550748e-01
8.570000000000e+02 7.126405016509e-01
8.575000000000e+02 6.442673086941e-01
8.580000000000e+02 5.724549888767e-01
8.585000000000e+02 4.988150473071e-01
8.590000000000e+02 4.250026665212e-01
8.595000000000e+02 3.526802024987e-01
8.600000000000e+02 2.834803612376e-01
8.605000000000e+02 2.189698407935e-01
8.610000000000e+02 1.606142239841e-01
8.615000000000e+02 1.097448916139e-01
8.620000000000e+02 6.752869472011e-02
8.625000000000e+02 3.494107695559e-02
8.630000000000e+02 1.274327505129e-02
8.635000000000e+02 1.464146990694e-03
8.640000000000e+02 1.387085086904e-03
8.645000000000e+02 1.254236602218e-02
8.650000000000e+02 3.470517391243e-02
8.655000000000e+02 6.739940783943e-02
8.660000000000e+02 1.099072546455e-01
8.665000000000e+02 1.612843740381e-01
8.670000000000e+02 2.203804093743e-01
8.675000000000e+02 2.858644072570e-01
8.680000000000e+02 3.562546056983e-01
8.685000000000e+02 4.299519375393e-01
8.690000000000e+02 5.052764963221e-01
8.695000000000e+02 5.805061289640e-01
8.700000000000e+02 6.539162560813e-01
8.705000000000e+02 7.238199788675e-01
8.710000000000e+02 7.886075127929e-01
8.715000000000e+02 8.467839940483e-01
8.720000000000e+02 8.970047350687e-01
8.725000000000e+02 9.381070602220e-01
8.730000000000e+02 9.691379308284e-01
8.735000000000e+02 9.893766682394e-01
8.740000000000e+02 9.983522023359e-01
8.745000000000e+02 9.958544073971e-01
8.750000000000e+02 9.819392342681e-01
8.755000000000e+02 9.569275031163e-01
8.760000000000e+02 9.213973805160e-01
8.765000000000e+02 8.761707237225e-01
8.770000000000e+02 8.222936293485e-01
8.775000000000e+02 7.610116689315e-01
8.780000000000e+02 6.937404260975e-01
8.785000000000e+02 6.220320655280e-01
8.790000000000e+02 5.475387596914e-01
8.795000000000e+02 4.719738727952e-01
8.800000000000e+02 3.970718508894e-01
8.805000000000e+02 3.245477914608e-01
8.810000000000e+02 2.560576648913e-01
8.815000000000e+02 1.931601342910e-01
8.820000000000e+02 1.372808705927e-01
8.825000000000e+02 8.968018827293e-02
8.830000000000e+02 5.142473601325e-02
8.835000000000e+02 2.336386894700e-02
8.840000000000e+02 6.111208103286e-03
8.845000000000e+02 3.176177625022e-05
8.850000000000e+02 5.234846486133e-03
8.855000000000e+02 2.157290561796e-02
8.860000000000e+02 4.864618531492e-02
8.865000000000e+02 8.581309314650e-02
8.870000000000e+02 1.322059385587e-01
8.875000000000e+02 1.867516378877e-01
8.880000000000e+02 2.481968630931e-01
8.885000000000e+02 3.151370242123e-01
8.890000000000e+02 3.860484022689e-01
8.895000000000e+02 4.593226928958e-01
8.900000000000e+02 5.333031817732e-01
8.905000000000e+02 6.063217511702e-01
8.910000000000e+02 6.767359121385e-01
8.915000000000e+02 7.429650685642e-01
8.920000000000e+02 8.035252464639e-01
8.925000000000e+02 8.570615634571e-01
8.930000000000e+02 9.023777679737e-01
8.935000000000e+02 9.384622440576e-01
8.940000000000e+02 9.645099540892e-01
8.945000000000e+02 9.799398768652e-01
8.950000000000e+02 9.844075906683e-01
8.955000000000e+02 9.778127486846e-01
8.960000000000e+02 9.603012958232e-01
8.965000000000e+02 9.322623801087e-01
8.970000000000e+02 8.943200168065e-01
8.975000000000e+02 8.473196677255e-01
8.980000000000e+02 7.923100001664e-01
8.985000000000e+02 7.305201881210e-01
8.990000000000e+02 6.633332109707e-01
8.995000000000e+02 5.922556904316e-01
9.000000000000e+02 5.188848831837e-01
9.005000000000e+02 4.448735129019e-01
9.010000000000e+02 3.718931796394e-01
9.015000000000e+02 3.015971252584e-01
9.020000000000e+02 2.355831594295e-01
9.025000000000e+02 1.753575605184e-01
9.030000000000e+02 1.223007584672e-01
9.035000000000e+02 7.763558195963e-02
9.040000000000e+02 4.239880948111e-02
9.045000000000e+02 1.741670345833e-02
9.050000000000e+02 3.285129138161e-03
9.055000000000e+02 3.547662671026e-04
9.060000000000e+02 8.721813566764e-03
9.065000000000e+02 2.822446548791e-02
9.070000000000e+02 5.844531029015e-02
9.075000000000e+02 9.871966104644e-02
9.080000000000e+02 1.481496899881e-01
9.085000000000e+02 2.056240952186e-01
9.090000000000e+02 2.698428909530e-01
9.095000000000e+02 3.393467818352e-01
9.100000000000e+02 4.125504622820e-01
9.105000000000e+02 4.877790766971e-01
9.110000000000e+02 5.633069890497e-01
9.115000000000e+02 6.373979434887e-01
9.120000000000e+02 7.083456536550e-01
9.125000000000e+02 7.745138388170e-01
9.130000000000e+02 8.343747308288e-01
9.135000000000e+02 8.865451074471e-01
9.140000000000e+02 9.298189641604e-01
9.145000000000e+02 9.631960171144e-01
9.150000000000e+02 9.859053318898e-01
9.155000000000e+02 9.974234941190e-01
9.160000000000e+02 9.974868748970e-01
9.165000000000e+02 9.860976928654e-01
9.170000000000e+02 9.635237315721e-01
9.175000000000e+02 9.302917308402e-01
9.180000000000e+02 8.871746299462e-01
9.185000000000e+02 8.351729939862e-01
9.190000000000e+02 7.754910986853e-01
9.195000000000e+02 7.095082791994e-01
9.200000000000e+02 6.387462617224e-01
9.205000000000e+02 5.648332901046e-01
9.210000000000e+02 4.894659309468e-01
9.215000000000e+02 4.143694882389e-01
9.220000000000e+02 3.412579817508e-01
9.225000000000e+02 2.717946419547e-01
9.230000000000e+02 2.075538489270e-01
9.235000000000e+02 1.499853946858e-01
9.240000000000e+02 1.003818797047e-01
9.245000000000e+02 5.984996725807e-02
9.250000000000e+02 2.928611664450e-02
9.255000000000e+02 9.357301296184e-03
9.260000000000e+02 4.870936382780e-04
9.265000000000e+02 2.847368698422e-03
9.270000000000e+02 1.635574624911e-02
9.275000000000e+02 4.067875994241e-02
9.280000000000e+02 7.524061449164e-02
9.285000000000e+02 1.192372712230e-01
9.290000000000e+02 1.716554906775e-01
9.295000000000e+02 2.312963604212e-01
9.300000000000e+02 2.968027484752e-01
9.305000000000e+02 3.666900490448e-01
9.310000000000e+02 4.393795283708e-01
9.315000000000e+02 5.132335350536e-01
9.320000000000e+02 5.865918112484e-01
9.325000000000e+02 6.578081286170e-01
9.330000000000e+02 7.252864754187e-01
9.335000000000e+02 7.875160381097e-01
9.340000000000e+02 8.431042515030e-01
9.345000000000e+02 8.908072350823e-01
9.350000000000e+02 9.295569884722e-01
9.355000000000e+02 9.584847853073e-01
9.360000000000e+02 9.769402806913e-01
9.365000000000e+02 9.845059319183e-01
9.370000000000e+02 9.810064239131e-01
9.375000000000e+02 9.665128886157e-01
9.380000000000e+02 9.413418099020e-01
9.385000000000e+02 9.060486111186e-01
9.390000000000e+02 8.614160293136e-01
9.395000000000e+02 8.084374870818e-01
9.400000000000e+02 7.482957777884e-01
9.405000000000e+02 6.823374808854e-01
9.410000000000e+02 6.120436190932e-01
9.415000000000e+02 5.389971563176e-01
9.420000000000e+02 4.648480122799e-01
9.425000000000e+02 3.912763348827e-01
9.430000000000e+02 3.199548224300e-01
9.435000000000e+02 2.525109231742e-01
9.440000000000e+02 1.904897577666e-01
9.445000000000e+02 1.353186098074e-01
9.450000000000e+02 8.827381001897e-02
9.455000000000e+02 5.045080017365e-02
9.460000000000e+02 2.273810392563e-02
9.465000000000e+02 5.795853754470e-03
9.470000000000e+02 3.942751814722e-05
9.475000000000e+02 5.628636406453e-03
9.480000000000e+02 2.246278067440e-02
9.485000000000e+02 5.018175322757e-02
9.490000000000e+02 8.817322717977e-02
9.495000000000e+02 1.355858155125e-01
9.500000000000e+02 1.913479428053e-01
9.505000000000e+02 2.541920247001e-01
9.510000000000e+02 3.226834143403e-01
9.515000000000e+02 3.952534504204e-01
9.520000000000e+02 4.702358323764e-01
9.525000000000e+02 5.459054579651e-01
9.530000000000e+02 6.205187898181e-01
9.535000000000e+02 6.923547727806e-01
9.540000000000e+02 7.597553044639e-01
9.545000000000e+02 8.211642682773e-01
9.550000000000e+02 8.751641712843e-01
9.555000000000e+02 9.205094877530e-01
9.560000000000e+02 9.561558917336e-01
9.565000000000e+02 9.812846660899e-01
9.570000000000e+02 9.953216982463e-01
9.575000000000e+02 9.979506109717e-01
9.580000000000e+02 9.891197259066e-01
9.585000000000e+02 9.690427139901e-01
9.590000000000e+02 9.381929460682e-01
9.595000000000e+02 8.972917143013e-01
9.600000000000e+02 8.472906462445e-01
9.605000000000e+02 7.893487745625e-01
9.610000000000e+02 7.248048525849e-01
9.615000000000e+02 6.551456161115e-01
9.620000000000e+02 5.819707824228e-01
9.625000000000e+02 5.069556463542e-01
9.630000000000e+02 4.318121792842e-01
9.635000000000e+02 3.582495593414e-01
9.640000000000e+02 2.879350601866e-01
9.645000000000e+02 2.224562020956e-01
9.650000000000e+02 1.632850241202e-01
9.655000000000e+02 1.117452717188e-01
9.660000000000e+02 6.898321271649e-02
9.665000000000e+02 3.594269846892e-02
9.670000000000e+02 1.334497951652e-02
9.675000000000e+02 1.673668889092e-03
9.680000000000e+02 1.165124596900e-03
9.685000000000e+02 1.180439874173e-02
9.690000000000e+02 3.332677696603e-02
9.695000000000e+02 6.522481129559e-02
9.700000000000e+02 1.067606342252e-01
9.705000000000e+02 1.569832342643e-01
9.710000000000e+02 2.147502748804e-01
9.715000000000e+02 2.787539513483e-01
9.720000000000e+02 3.475503045489e-01
9.725000000000e+02 4.195913481639e-01
9.730000000000e+02 4.932593165226e-01
9.735000000000e+02 5.669023049388e-01
9.740000000000e+02 6.388705528586e-01
9.745000000000e+02 7.075526124632e-01
9.750000000000e+02 7.714106513705e-01
9.755000000000e+02 8.290141574008e-01
9.760000000000e+02 8.790713456439e-01
9.765000000000e+02 9.204576127075e-01
9.770000000000e+02 9.522404394856e-01
9.775000000000e+02 9.737002112801e-01
9.780000000000e+02 9.843465018498e-01
9.785000000000e+02 9.839294549414e-01
9.790000000000e+02 9.724459919660e-01
9.795000000000e+02 9.501406764188e-01
9.800000000000e+02 9.175011729037e-01
9.805000000000e+02 8.752483495389e-01
9.810000000000e+02 8.243211851837e-01
9.815000000000e+02 7.658567552771e-01
9.820000000000e+02 7.011656798471e-01
9.825000000000e+02 6.317035220796e-01
9.830000000000e+02 5.590387232361e-01
9.835000000000e+02 4.848177472024e-01
9.840000000000e+02 4.107281830933e-01
9.845000000000e+02 3.384606147824e-01
9.850000000000e+02 2.696701099054e-01
9.855000000000e+02 2.059382059408e-01
9.860000000000e+02 1.487362760051e-01
9.865000000000e+02 9.939114100878e-02
9.870000000000e+02 5.905375739071e-02
9.875000000000e+02 2.867175088054e-02
9.880000000000e+02 8.966487401695e-03
9.885000000000e+02 4.152736918705e-04
9.890000000000e+02 3.239164465604e-03
9.895000000000e+02 1.739672258029e-02
9.900000000000e+02 4.258393678249e-02
9.905000000000e+02 7.824035178671e-02
9.910000000000e+02 1.235613115907e-01
9.915000000000e+02 1.775160632141e-01
9.920000000000e+02 2.388713187334e-01
9.925000000000e+02 3.062197328103e-01
9.930000000000e+02 3.780126249363e-01
9.935000000000e+02 4.525961641253e-01
9.940000000000e+02 5.282501420637e-01
9.945000000000e+02 6.032283915872e-01
9.950000000000e+02 6.757998628648e-01
9.955000000000e+02 7.442893512593e-01
9.960000000000e+02 8.071168790652e-01
9.965000000000e+02 8.628347680196e-01
9.970000000000e+02 9.101614996331e-01
9.975000000000e+02 9.480115442138e-01
9.980000000000e+02 9.755204445141e-01
9.985000000000e+02 9.920645630877e-01
9.990000000000e+02 9.972750401375e-01
9.995000000000e+02 9.910456568449e-01
1.000000000000e+03 9.735344536790e-01
1.000500000000e+03 9.451591096174e-01
1.001000000000e+03 9.065862422700e-01
1.001500000000e+03 8.587149364269e-01
1.002000000000e+03 8.026549457161e-01
1.002500000000e+03 7.397001354048e-01
1.003000000000e+03 6.712978410186e-01
1.003500000000e+03 5.990149049997e-01
1.004000000000e+03 5.245012204152e-01
1.004500000000e+03 4.494516556423e-01
1.005000000000e+03 3.755672566534e-01
1.005500000000e+03 3.045166241757e-01
1.006000000000e+03 2.378983424635e-01
1.006500000000e+03 1.772052959856e-01
1.007000000000e+03 1.237916518449e-01
1.007500000000e+03 7.884321129949e-02
1.008000000000e+03 4.335174580669e-02
1.008500000000e+03 1.809383414605e-02
1.009000000000e+03 3.614610072118e-03
1.009500000000e+03 2.167173072067e-04
1.010000000000e+03 7.954653104571e-03
1.010500000000e+03 2.663456558752e-02
1.011000000000e+03 5.581945589153e-02
1.011500000000e+03 9.483962588894e-02
1.012000000000e+03 1.428081077989e-01
1.012500000000e+03 1.986407148819e-01
1.013000000000e+03 2.610802640389e-01
1.013500000000e+03 3.287244426274e-01
1.014000000000e+03 4.000567240714e-01
1.014500000000e+03 4.734796806549e-01
1.015000000000e+03 5.473499977980e-01
1.015500000000e+03 6.200144626230e-01
1.016000000000e+03 6.898461810062e-01
1.016500000000e+03 7.552802718620e-01
1.017000000000e+03 8.148482952340e-01
1.017500000000e+03 8.672106919016e-01
1.018000000000e+03 9.111865465956e-01
1.018500000000e+03 9.457800343087e-01
1.019000000000e+03 9.702029692424e-01
1.019500000000e+03 9.838929480777e-01
1.020000000000e+03 9.865266627286e-01
1.020500000000e+03 9.780280515034e-01
1.021000000000e+03 9.585710603926e-01
1.021500000000e+03 9.285768964323e-01
1.022000000000e+03 8.887057709225e-01
1.022500000000e+03 8.398432495557e-01
1.023000000000e+03 7.830814468561e-01
1.023500000000e+03 7.196954211111e-01
1.024000000000e+03 6.511152404425e-01
1.024500000000e+03 5.788942978917e-01
1.025000000000e+03 5.046745505336e-01
1.025500000000e+03 4.301494418152e-01
1.026000000000e+03 3.570253348981e-01
1.026500000000e+03 2.869823353746e-01
1.027000000000e+03 2.216354122757e-01
1.027500000000e+03 1.624967352584e-01
1.028000000000e+03 1.109401321810e-01
1.028500000000e+03 6.816853455448e-02
1.029000000000e+03 3.518521879383e-02
1.029500000000e+03 1.276956973591e-02
1.030000000000e+03 1.457991094137e-03
1.030500000000e+03 1.530467672772e-03
1.031000000000e+03 1.300314912180e-02
1.031500000000e+03 3.562717819031e-02
1.032000000000e+03 6.889383169179e-02
1.032500000000e+03 1.120458839129e-01
1.033000000000e+03 1.640949443608e-01
1.033500000000e+03 2.238443690167e-01
1.034000000000e+03 2.899172009736e-01
1.034500000000e+03 3.607884666470e-01
1.035000000000e+03 4.348210413842e-01
1.035500000000e+03 5.103042065281e-01
1.036000000000e+03 5.854939514679e-01
1.036500000000e+03 6.586540308527e-01
1.037000000000e+03 7.280967701594e-01
1.037500000000e+03 7.922226225485e-01
1.038000000000e+03 8.495575160083e-01
1.038500000000e+03 8.987870909111e-01
1.039000000000e+03 9.387870123779e-01
1.039500000000e+03 9.686486465979e-01
1.040000000000e+03 9.876995123013e-01
1.040500000000e+03 9.955180542934e-01
1.041000000000e+03 9.919424313246e-01
1.041500000000e+03 9.770731614707e-01
1.042000000000e+03 9.512696203873e-01
1.042500000000e+03 9.151405371840e-01
1.043000000000e+03 8.695287753270e-01
1.043500000000e+03 8.154908183506e-01
1.044000000000e+03 7.542714991061e-01
1.044500000000e+03 6.872746141729e-01
1.045000000000e+03 6.160301498169e-01
1.045500000000e+03 5.421589110766e-01
1.046000000000e+03 4.673353902834e-01
1.046500000000e+03 3.932497353600e-01
1.047000000000e+03 3.215696818298e-01
1.047500000000e+03 2.539032964809e-01
1.048000000000e+03 1.917633462425e-01
1.048500000000e+03 1.365340547251e-01
1.049000000000e+03 8.944094290758e-02
1.049500000000e+03 5.152437178455e-02
1.050000000000e+03 2.361731561594e-02
1.050500000000e+03 6.327797064043e-03
1.051000000000e+03 2.631223174370e-05
1.051500000000e+03 4.838466625412e-03
1.052000000000e+03 2.064293447102e-02
1.052500000000e+03 4.707474554332e-02
1.053000000000e+03 8.353379752918e-02
1.053500000000e+03 1.291983895612e-01
1.054000000000e+03 1.830434753882e-01
1.054500000000e+03 2.438632440146e-01
1.055000000000e+03 3.102975527275e-01
1.055500000000e+03 3.808616632955e-01
1.056000000000e+03 4.539786677756e-01
1.056500000000e+03 5.280139366581e-01
1.057000000000e+03 6.013108798829e-01
1.057500000000e+03 6.722272813040e-01
1.058000000000e+03 7.391714501749e-01
1.058500000000e+03 8.006374297364e-01
1.059000000000e+03 8.552385135264e-01
1.059500000000e+03 9.017383449072e-01
1.060000000000e+03 9.390789146717e-01
1.060500000000e+03 9.664048253905e-01
1.061000000000e+03 9.830832590153e-01
1.061500000000e+03 9.887191655558e-01
1.062000000000e+03 9.831652843760e-01
1.062500000000e+03 9.665267144968e-01
1.063000000000e+03 9.391598644971e-01
1.063500000000e+03 9.016657341261e-01
1.064000000000e+03 8.548776061094e-01
1.064500000000e+03 7.998433551486e-01
1.065000000000e+03 7.378027087413e-01
1.065500000000e+03 6.701599180599e-01
1.066000000000e+03 5.984524134010e-01
1.066500000000e+03 5.243161244307e-01
1.067000000000e+03 4.494482374024e-01
1.067500000000e+03 3.755682368134e-01
1.068000000000e+03 3.043781349621e-01
1.068500000000e+03 2.375228274163e-01
1.069000000000e+03 1.765515238749e-01
1.069500000000e+03 1.228811912646e-01
1.070000000000e+03 7.776290886705e-02
1.070500000000e+03 4.225197414887e-02
1.071000000000e+03 1.718251394027e-02
1.071500000000e+03 3.147250473747e-03
1.072000000000e+03 4.829481211844e-04
1.072500000000e+03 9.261927574803e-03
1.073000000000e+03 2.928988340474e-02
1.073500000000e+03 6.011008248646e-02
1.074000000000e+03 1.010138591259e-01
1.074500000000e+03 1.510571623579e-01
1.075000000000e+03 2.090827564077e-01
1.075500000000e+03 2.737475310761e-01
1.076000000000e+03 3.435542489546e-01
1.076500000000e+03 4.168869445432e-01
1.077000000000e+03 4.920490996755e-01
1.077500000000e+03 5.673036525999e-01
1.078000000000e+03 6.409138563477e-01
1.078500000000e+03 7.111839866208e-01
1.079000000000e+03 7.764989104492e-01
1.079500000000e+03 8.353615637062e-01
1.080000000000e+03 8.864274467643e-01
1.080500000000e+03 9.285353310714e-01
1.081000000000e+03 9.607334724509e-01
1.081500000000e+03 9.823007462924e-01
1.082000000000e+03 9.927622518619e-01
1.082500000000e+03 9.918990738515e-01
1.083000000000e+03 9.797520350211e-01
1.083500000000e+03 9.566194203409e-01
1.084000000000e+03 9.230487966023e-01
1.084500000000e+03 8.798231883937e-01
1.085000000000e+03 8.279419983912e-01
1.085500000000e+03 7.685971742786e-01
1.086000000000e+03 7.031452239321e-01
1.086500000000e+03 6.330757630157e-01
1.087000000000e+03 5.599773435420e-01
1.087500000000e+03 4.855013575988e-01
1.088000000000e+03 4.113248370931e-01
1.088500000000e+03 3.391129783483e-01
1.089000000000e+03 2.704822104064e-01
1.089500000000e+03 2.069645990179e-01
1.090000000000e+03 1.499743359361e-01
1.090500000000e+03 1.007770068420e-01
1.091000000000e+03 6.046226278462e-02
1.091500000000e+03 2.992044122967e-02
1.092000000000e+03 9.823595576794e-03
1.092500000000e+03 6.112981418175e-04
1.093000000000e+03 2.481482930732e-03
1.093500000000e+03 1.538649277474e-02
1.094000000000e+03 3.903439219075e-02
1.094500000000e+03 7.289550423453e-02
1.095000000000e+03 1.162140280938e-01
1.095500000000e+03 1.680244956219e-01
1.096000000000e+03 2.271727308068e-01
1.096500000000e+03 2.923408875842e-01
1.097000000000e+03 3.620760597615e-01
1.097500000000e+03 4.348218833664e-01
1.098000000000e+03 5.089524877440e-01
1.098500000000e+03 5.828080984444e-01
1.099000000000e+03 6.547315535589e-01
1.099500000000e+03 7.231049668319e-01
1.100000000000e+03 7.863857566307e-01
1.100500000000e+03 8.431412605993e-01
1.101000000000e+03 8.920811722445e-01
1.101500000000e+03 9.320870682724e-01
1.102000000000e+03 9.622383443489e-01
1.102500000000e+03 9.818339419002e-01
1.103000000000e+03 9.904093290112e-01
1.103500000000e+03 9.877482933739e-01
1.104000000000e+03 9.738892131385e-01
1.104500000000e+03 9.491255904807e-01
1.105000000000e+03 9.140007603800e-01
1.105500000000e+03 8.692968207369e-01
1.106000000000e+03 8.160179664555e-01
1.106500000000e+03 7.553685461001e-01
1.107000000000e+03 6.887262916611e-01
1.107500000000e+03 6.176112961992e-01
1.108000000000e+03 5.436514271111e-01
1.108500000000e+03 4.685449610270e-01
1.109000000000e+03 3.940213068029e-01
1.109500000000e+03 3.218007429266e-01
1.110000000000e+03 2.535541327519e-01
1.110500000000e+03 1.908635936360e-01
1.111000000000e+03 1.351850833954e-01
1.111500000000e+03 8.781382930826e-02
1.112000000000e+03 4.985346175607e-02
1.112500000000e+03 2.218962788607e-02
1.113000000000e+03 5.468752466607e-03
1.113500000000e+03 8.248621093260e-05
1.114000000000e+03 6.158239643334e-03
1.114500000000e+03 2.355604700375e-02
1.115000000000e+03 5.187184400177e-02
1.115500000000e+03 9.044707998467e-02
1.116000000000e+03 1.383844238924e-01
1.116500000000e+03 1.945691688095e-01
1.117000000000e+03 2.576957963333e-01
1.117500000000e+03 3.262990333726e-01
1.118000000000e+03 3.987886238687e-01
1.118500000000e+03 4.734869492476e-01
1.119000000000e+03 5.486685663594e-01
1.119500000000e+03 6.226006917777e-01
1.120000000000e+03 6.935836472991e-01
1.120500000000e+03 7.599902932453e-01
1.121000000000e+03 8.203035128755e-01
1.121500000000e+03 8.731508713241e-01
1.122000000000e+03 9.173356537823e-01
1.122500000000e+03 9.518635873975e-01
1.123000000000e+03 9.759646664062e-01
1.123500000000e+03 9.891096268051e-01
1.124000000000e+03 9.910207517425e-01
1.124500000000e+03 9.816768279983e-01
1.125000000000e+03 9.613122137096e-01
1.125500000000e+03 9.304101143638e-01
1.126000000000e+03 8.896902947429e-01
1.126500000000e+03 8.400915760525e-01
1.127000000000e+03 7.827495774043e-01
1.127500000000e+03 7.189702570767e-01
1.128000000000e+03 6.501998900248e-01
1.128500000000e+03 5.779921828249e-01
1.129000000000e+03 5.039732750420e-01
1.129500000000e+03 4.298054066905e-01
1.130000000000e+03 3.571500452639e-01
1.130500000000e+03 2.876312632707e-01
1.131000000000e+03 2.228001391805e-01
1.131500000000e+03 1.641009222191e-01
1.132000000000e+03 1.128396557530e-01
1.132500000000e+03 7.015589644848e-02
1.133000000000e+03 3.699809833032e-02
1.133500000000e+03 1.410315375882e-02
1.134000000000e+03 1.980498600575e-03
1.134500000000e+03 9.010979154192e-04
1.135000000000e+03 1.089153270356e-02
1.135500000000e+03 3.173330904178e-02
1.136000000000e+03 6.296740965568e-02
1.136500000000e+03 1.039040060181e-01
1.137000000000e+03 1.536371478369e-01
1.137500000000e+03 2.110641477631e-01
1.138000000000e+03 2.749092838080e-01
1.138500000000e+03 3.437513518920e-01
1.139000000000e+03 4.160545177607e-01
1.139500000000e+03 4.902018428652e-01
1.140000000000e+03 5.645307943992e-01
1.140500000000e+03 6.373699971462e-01
1.141000000000e+03 7.070764457267e-01
1.141500000000e+03 7.720723716787e-01
1.142000000000e+03 8.308809518435e-01
1.142500000000e+03 8.821600537594e-01
1.143000000000e+03 9.247332408914e-01
1.143500000000e+03 9.576173058315e-01
1.144000000000e+03 9.800456629733e-01
1.144500000000e+03 9.914870129633e-01
1.145000000000e+03 9.916587883235e-01
1.145500000000e+03 9.805350013813e-01
1.146000000000e+03 9.583482398313e-01
1.146500000000e+03 9.255856892605e-01
1.147000000000e+03 8.829792026721e-01
1.147500000000e+03 8.314895810067e-01
1.148000000000e+03 7.722853721476e-01
1.148500000000e+03 7.067166350362e-01
1.149000000000e+03 6.362842463716e-01
1.149500000000e+03 5.626054461232e-01
1.150000000000e+03 4.873764210806e-01
1.150500000000e+03 4.123328097073e-01
1.151000000000e+03 3.392090738044e-01
1.151500000000e+03 2.696977207683e-01
1.152000000000e+03 2.054093729831e-01
1.152500000000e+03 1.478346673702e-01
1.153000000000e+03 9.830892830307e-02
1.153500000000e+03 5.798049180259e-02
1.154000000000e+03 2.778346977296e-02
1.154500000000e+03 8.415632329916e-03
1.155000000000e+03 3.219570876181e-04
1.155500000000e+03 3.684250172643e-03
1.156000000000e+03 1.841708882686e-02
1.156500000000e+03 4.417017413729e-02
1.157000000000e+03 8.033701928660e-02
1.157500000000e+03 1.260697383707e-01
1.158000000000e+03 1.802995477846e-01
1.158500000000e+03 2.417624506573e-01
1.159000000000e+03 3.090294486656e-01
1.159500000000e+03 3.805405180598e-01
1.160000000000e+03 4.546415005853e-01
1.160500000000e+03 5.296229971709e-01
1.161000000000e+03 6.037603140282e-01
1.161500000000e+03 6.753534976269e-01
1.162000000000e+03 7.427665066546e-01
1.162500000000e+03 8.044646045195e-01
1.163000000000e+03 8.590491135803e-01
1.163500000000e+03 9.052887499063e-01
1.164000000000e+03 9.421468522358e-01
1.164500000000e+03 9.688039279200e-01
1.165000000000e+03 9.846750586495e-01
1.165500000000e+03 9.894218362631e-01
1.166000000000e+03 9.829586304440e-01
1.166500000000e+03 9.654531222769e-01
1.167000000000e+03 9.373211672788e-01
1.167500000000e+03 8.992161757187e-01
1.168000000000e+03 8.520133142422e-01
1.168500000000e+03 7.967889388005e-01
1.169000000000e+03 7.347957628769e-01
1.169500000000e+03 6.674343456162e-01
1.170000000000e+03 5.962215507225e-01
1.170500000000e+03 5.227566783144e-01
1.171000000000e+03 4.486860080569e-01
1.171500000000e+03 3.756665129065e-01
1.172000000000e+03 3.053295089936e-01
1.172500000000e+03 2.392449990974e-01
1.173000000000e+03 1.788874454803e-01
1.173500000000e+03 1.256036733790e-01
1.174000000000e+03 8.058356007376e-02
1.174500000000e+03 4.483410711926e-02
1.175000000000e+03 1.915742602424e-02
1.175500000000e+03 4.133091419379e-03
1.176000000000e+03 1.052316376091e-04
1.176500000000e+03 7.174635745668e-03
1.177000000000e+03 2.519605961307e-02
1.177500000000e+03 5.378081283446e-02
1.178000000000e+03 9.230460462232e-02
1.178500000000e+03 1.399205216483e-01
1.179000000000e+03 1.955769058741e-01
1.179500000000e+03 2.580397974326e-01
1.180000000000e+03 3.259195085136e-01
1.180500000000e+03 3.977008009509e-01
1.181000000000e+03 4.717760549389e-01
1.181500000000e+03 5.464807410597e-01
1.182000000000e+03 6.201304447526e-01
1.182500000000e+03 6.910586434388e-01
1.183000000000e+03 7.576544035675e-01
1.183500000000e+03 8.183991494945e-01
1.184000000000e+03 8.719016595134e-01
1.184500000000e+03 9.169304674728e-01
1.185000000000e+03 9.524428915365e-01
1.185500000000e+03 9.776099746848e-01
1.186000000000e+03 9.918367037516e-01
1.186500000000e+03 9.947769738821e-01
1.187000000000e+03 9.863428813560e-01
1.187500000000e+03 9.667080573104e-01
1.188000000000e+03 9.363048950272e-01
1.188500000000e+03 8.958156706993e-01
1.189000000000e+03 8.461577081603e-01
1.189500000000e+03 7.884628879375e-01
1.190000000000e+03 7.240519459582e-01
1.190500000000e+03 6.544041432116e-01
1.191000000000e+03 5.811230105663e-01
1.191500000000e+03 5.058989790968e-01
1.192000000000e+03 4.304697923513e-01
1.192500000000e+03 3.565796602450e-01
1.193000000000e+03 2.859381525837e-01
1.193500000000e+03 2.201798422130e-01
1.194000000000e+03 1.608256928809e-01
1.194500000000e+03 1.092471452853e-01
1.195000000000e+03 6.663378754637e-02
1.195500000000e+03 3.396540528561e-02
1.196000000000e+03 1.198909421503e-02
1.196500000000e+03 1.201987842763e-03
1.197000000000e+03 1.840008340214e-03
1.197500000000e+03 1.387289398193e-02
1.198000000000e+03 3.700559628305e-02
1.198500000000e+03 7.068597860156e-02
1.199000000000e+03 1.141185900748e-01
1.199500000000e+03 1.662841386765e-01
1.200000000000e+03 2.259641489530e-01
1.200500000000e+03 2.917701672252e-01
1.201000000000e+03 3.621767727566e-01
1.201500000000e+03 4.355575700400e-01
1.202000000000e+03 5.102232766255e-01
1.202500000000e+03 5.844609838560e-01
1.203000000000e+03 6.565736547467e-01
1.203500000000e+03 7.249189336521e-01
1.204000000000e+03 7.879463752236e-01
1.204500000000e+03 8.442322538386e-01
1.205000000000e+03 8.925111870034e-01
1.205500000000e+03 9.317038946847e-01
1.206000000000e+03 9.609405181974e-01
1.206500000000e+03 9.795790341915e-01
1.207000000000e+03 9.872184182811e-01
1.207500000000e+03 9.837063358581e-01
1.208000000000e+03 9.691412616476e-01
1.208500000000e+03 9.438690517920e-01
1.209000000000e+03 9.084741101441e-01
1.209500000000e+03 8.637654017800e-01
1.210000000000e+03 8.107576695542e-01
1.210500000000e+03 7.506483022661e-01
1.211000000000e+03 6.847903844099e-01
1.211500000000e+03 6.146625266170e-01
1.212000000000e+03 5.418361321350e-01
1.212500000000e+03 4.679407976178e-01
1.213000000000e+03 3.946285759780e-01
1.213500000000e+03 3.235378450649e-01
1.214000000000e+03 2.562575286656e-01
1.214500000000e+03 1.942924059980e-01
1.215000000000e+03 1.390302228984e-01
1.215500000000e+03 9.171128266580e-02
1.216000000000e+03 5.340114755746e-02
1.216500000000e+03 2.496702379095e-02
1.217000000000e+03 7.058334256574e-03
1.217500000000e+03 9.190476281872e-05
1.218000000000e+03 4.242102408307e-03
1.218500000000e+03 1.943616966522e-02
1.219000000000e+03 4.535489619946e-02
1.219500000000e+03 8.143866378744e-02
1.220000000000e+03 1.268987895648e-01
1.220500000000e+03 1.807339811365e-01
1.221000000000e+03 2.417516058601e-01
1.221500000000e+03 3.085933681678e-01
1.222000000000e+03 3.797648855025e-01
1.222500000000e+03 4.536685578512e-01
1.223000000000e+03 5.286390404636e-01
1.223500000000e+03 6.029805566918e-01
1.224000000000e+03 6.750052302667e-01
1.224500000000e+03 7.430715759497e-01
1.225000000000e+03 8.056222661308e-01
1.225500000000e+03 8.612202900293e-01
1.226000000000e+03 9.085826426308e-01
1.226500000000e+03 9.466107227151e-01
1.227000000000e+03 9.744166831010e-01
1.227500000000e+03 9.913450606549e-01
1.228000000000e+03 9.969891171916e-01
1.228500000000e+03 9.912014429489e-01
1.229000000000e+03 9.740985091131e-01
1.229500000000e+03 9.460590016033e-01
1.230000000000e+03 9.077159212498e-01
1.230500000000e+03 8.599425915486e-01
1.231000000000e+03 8.038328700337e-01
1.231500000000e+03 7.406760086096e-01
1.232000000000e+03 6.719267476149e-01
1.232500000000e+03 5.991713538220e-01
1.233000000000e+03 5.240904203127e-01
1.233500000000e+03 4.484193328857e-01
1.234000000000e+03 3.739073707341e-01
1.234500000000e+03 3.022764466015e-01
1.235000000000e+03 2.351805022788e-01
1.235500000000e+03 1.741665588074e-01
1.236000000000e+03 1.206383775179e-01
1.236500000000e+03 7.582361938149e-02
1.237000000000e+03 4.074529807956e-02
1.237500000000e+03 1.619820951527e-02
1.238000000000e+03 2.730890492196e-03
1.238500000000e+03 6.335158501185e-04
1.239000000000e+03 9.931990647356e-03
1.239500000000e+03 3.038833641521e-02
1.240000000000e+03 6.150731254515e-02
1.240500000000e+03 1.025490598703e-01
1.241000000000e+03 1.525474076086e-01
1.241500000000e+03 2.103333508469e-01
1.242000000000e+03 2.745630869618e-01
1.242500000000e+03 3.437498985765e-01
1.243000000000e+03 4.162990899727e-01
1.243500000000e+03 4.905451247998e-01
1.244000000000e+03 5.647900762392e-01
1.244500000000e+03 6.373424866273e-01
1.245000000000e+03 7.065557414210e-01
1.245500000000e+03 7.708650911980e-01
1.246000000000e+03 8.288225035782e-01
1.246500000000e+03 8.791285924608e-01
1.247000000000e+03 9.206609525088e-01
1.247500000000e+03 9.524983197807e-01
1.248000000000e+03 9.739400821095e-01
1.248500000000e+03 9.845207725219e-01
1.249000000000e+03 9.840192929712e-01
1.249500000000e+03 9.724627313423e-01
1.250000000000e+03 9.501247496632e-01
1.250500000000e+03 9.175186335259e-01
1.251000000000e+03 8.753851999378e-01
1.251500000000e+03 8.246758614925e-01
1.252000000000e+03 7.665312374368e-01
1.252500000000e+03 7.022557857222e-01
1.253000000000e+03 6.332890035082e-01
1.253500000000e+03 5.611738060499e-01
1.254000000000e+03 4.875227448552e-01
1.254500000000e+03 4.139827649910e-01
1.255000000000e+03 3.421992280521e-01
1.255500000000e+03 2.737799413915e-01
1.256000000000e+03 2.102599354958e-01
1.256500000000e+03 1.530677198210e-01
1.257000000000e+03 1.034937229262e-01
1.257500000000e+03 6.266158546030e-02
1.258000000000e+03 3.150292464764e-02
1.258500000000e+03 1.073612673638e-02
1.259000000000e+03 8.496499686695e-04
1.259500000000e+03 2.090235726065e-03
1.260000000000e+03 1.445633063632e-02
1.260500000000e+03 3.769691884730e-02
1.261000000000e+03 7.131585297004e-02
1.261500000000e+03 1.145816562322e-01
1.262000000000e+03 1.665426493230e-01
1.262500000000e+03 2.260471356809e-01
1.263000000000e+03 2.917682612300e-01
1.263500000000e+03 3.622330516157e-01
1.264000000000e+03 4.358550247763e-01
1.264500000000e+03 5.109696820946e-01
1.265000000000e+03 5.858721003047e-01
1.265500000000e+03 6.588557813989e-01
1.266000000000e+03 7.282518714082e-01
1.266500000000e+03 7.924678330656e-01
1.267000000000e+03 8.500246535393e-01
1.267500000000e+03 8.995916875707e-01
1.268000000000e+03 9.400182787658e-01
1.268500000000e+03 9.703613671383e-01
1.269000000000e+03 9.899083781588e-01
1.269500000000e+03 9.981947958226e-01
1.270000000000e+03 9.950159471246e-01
1.270500000000e+03 9.804326648007e-01
1.271000000000e+03 9.547706456648e-01
1.271500000000e+03 9.186134793319e-01
1.272000000000e+03 8.727894822455e-01
1.272500000000e+03 8.183526302338e-01
1.273000000000e+03 7.565580347786e-01
1.273500000000e+03 6.888325494241e-01
1.274000000000e+03 6.167412191385e-01
1.274500000000e+03 5.419503933050e-01
1.275000000000e+03 4.661884091729e-01
1.275500000000e+03 3.912048145821e-01
1.276000000000e+03 3.187291347834e-01
1.276500000000e+03 2.504301972785e-01
1.277000000000e+03 1.878770106410e-01
1.277500000000e+03 1.325021489271e-01
1.278000000000e+03 8.556852405806e-02
1.278500000000e+03 4.814033663245e-02
1.279000000000e+03 2.105888390253e-02
1.279500000000e+03 4.923775530934e-03
1.280000000000e+03 7.996707829880e-05
1.280500000000e+03 6.610872079125e-03
1.281000000000e+03 2.433766032004e-02
1.281500000000e+03 5.282469680928e-02
1.282000000000e+03 9.139092705841e-02
1.282500000000e+03 1.391268735507e-01
1.283000000000e+03 1.949167791408e-01
1.283500000000e+03 2.574653186251e-01
1.284000000000e+03 3.253282023277e-01
1.284500000000e+03 3.969459171111e-01
1.285000000000e+03 4.706797920313e-01
1.285500000000e+03 5.448495385034e-01
1.286000000000e+03 6.177713984195e-01
1.286500000000e+03 6.877960375700e-01
1.287000000000e+03 7.533453450063e-01
1.287500000000e+03 8.129473401623e-01
1.288000000000e+03 8.652684468349e-01
1.288500000000e+03 9.091424644900e-01
1.289000000000e+03 9.435956505288e-01
1.289500000000e+03 9.678674198680e-01
1.290000000000e+03 9.814262680776e-01
1.290500000000e+03 9.839806291204e-01
1.291000000000e+03 9.754844862641e-01
1.291500000000e+03 9.561376629437e-01
1.292000000000e+03 9.263808273614e-01
1.292500000000e+03 8.868853487382e-01
1.293000000000e+03 8.385382428250e-01
1.293500000000e+03 7.824225382271e-01
1.294000000000e+03 7.197934820476e-01
1.294500000000e+03 6.520510822773e-01
1.295000000000e+03 5.807095542426e-01
1.295500000000e+03 5.073642984251e-01
1.296000000000e+03 4.336570862345e-01
1.296500000000e+03 3.612401681061e-01
1.297000000000e+03 2.917400439175e-01
1.297500000000e+03 2.267216484874e-01
1.298000000000e+03 1.676537043440e-01
1.298500000000e+03 1.158759795139e-01
1.299000000000e+03 7.256915952228e-02
1.299500000000e+03 3.872799996044e-02
1.300000000000e+03 1.513836898925e-02
1.300500000000e+03 2.358718358322e-03
1.301000000000e+03 7.064376308197e-04
1.301500000000e+03 1.024945032755e-02
1.302000000000e+03 3.080330403409e-02
1.302500000000e+03 6.193389092571e-02
1.303000000000e+03 1.029658127880e-01
1.303500000000e+03 1.529962779314e-01
1.304000000000e+03 2.109142892238e-01
1.304500000000e+03 2.754247558097e-01
1.305000000000e+03 3.450770391883e-01
1.305500000000e+03 4.182973304649e-01
1.306000000000e+03 4.934241530339e-01
1.306500000000e+03 5.687461968774e-01
1.307000000000e+03 6.425416199101e-01
1.307500000000e+03 7.131179009629e-01
1.308000000000e+03 7.788513001132e-01
1.308500000000e+03 8.382249766660e-01
1.309000000000e+03 8.898648340441e-01
1.309500000000e+03 9.325722043220e-01
1.310000000000e+03 9.653525525980e-01
1.310500000000e+03 9.874394715107e-01
1.311000000000e+03 9.983133469780e-01
1.311500000000e+03 9.977142049138e-01
1.312000000000e+03 9.856483919750e-01
1.312500000000e+03 9.623888974570e-01
1.313000000000e+03 9.284692840515e-01
1.313500000000e+03 8.846713578356e-01
1.314000000000e+03 8.320068679427e-01
1.314500000000e+03 7.716936793180e-01
1.315000000000e+03 7.051270034056e-01
1.315500000000e+03 6.338463974823e-01
1.316000000000e+03 5.594993501156e-01
1.316500000000e+03 4.838023548535e-01
1.317000000000e+03 4.085004344944e-01
1.317500000000e+03 3.353261125835e-01
1.318000000000e+03 2.659588364135e-01
1.318500000000e+03 2.019858368574e-01
1.319000000000e+03 1.448653657115e-01
1.319500000000e+03 9.589318253740e-02
1.320000000000e+03 5.617307255730e-02
1.320500000000e+03 2.659206795389e-02
1.321000000000e+03 7.800920303373e-03
1.321500000000e+03 2.002356323758e-04
1.322000000000e+03 3.932539685312e-03
1.322500000000e+03 1.888039351118e-02
1.323000000000e+03 4.467053242191e-02
1.323500000000e+03 8.068385858942e-02
1.324000000000e+03 1.260709825890e-01
1.324500000000e+03 1.797728852170e-01
1.325000000000e+03 2.405461606253e-01
1.325500000000e+03 3.069922073993e-01
1.326000000000e+03 3.775896573002e-01
1.326500000000e+03 4.507292730616e-01
1.327000000000e+03 5.247505074076e-01
1.327500000000e+03 5.979788953392e-01
1.328000000000e+03 6.687634502443e-01
1.328500000000e+03 7.355132506714e-01
1.329000000000e+03 7.967324373858e-01
1.329500000000e+03 8.510528881533e-01
1.330000000000e+03 8.972638988441e-01
1.330500000000e+03 9.343382720789e-01
1.331000000000e+03 9.614542969088e-01
1.331500000000e+03 9.780131929618e-01
1.332000000000e+03 9.836516883090e-01
1.332500000000e+03 9.782495001622e-01
1.333000000000e+03 9.619315897314e-01
1.333500000000e+03 9.350651655391e-01
1.334000000000e+03 8.982515116906e-01
1.334500000000e+03 8.523128176360e-01
1.335000000000e+03 7.982742824614e-01
1.335500000000e+03 7.373418584386e-01
1.336000000000e+03 6.708760841783e-01
1.336500000000e+03 6.003625360382e-01
1.337000000000e+03 5.273794962215e-01
1.337500000000e+03 4.535634960211e-01
1.338000000000e+03 3.805734417742e-01
1.338500000000e+03 3.100540680865e-01
1.339000000000e+03 2.435994866953e-01
1.339500000000e+03 1.827176089946e-01
1.340000000000e+03 1.287962148471e-01
1.340500000000e+03 8.307141930318e-02
1.341000000000e+03 4.659925175909e-02
1.341500000000e+03 2.023100892863e-02
1.342000000000e+03 4.592973985682e-03
1.342500000000e+03 7.101010604696e-05
1.343000000000e+03 6.800438470655e-03
1.343500000000e+03 2.466150018077e-02
1.344000000000e+03 5.328058048221e-02
1.344500000000e+03 9.203724464711e-02
1.345000000000e+03 1.400770006441e-01
1.345500000000e+03 1.963295675102e-01
1.346000000000e+03 2.595322935187e-01
1.346500000000e+03 3.282582384108e-01
1.347000000000e+03 4.009483127172e-01
1.347500000000e+03 4.759467581151e-01
1.348000000000e+03 5.515391592080e-01
1.348500000000e+03 6.259921021050e-01
1.349000000000e+03 6.975935413882e-01
1.349500000000e+03 7.646929065001e-01
1.350000000000e+03 8.257399727818e-01
1.350500000000e+03 8.793215420312e-01
1.351000000000e+03 9.241950225854e-01
1.351500000000e+03 9.593180687178e-01
1.352000000000e+03 9.838735320800e-01
1.352500000000e+03 9.972890916957e-01
1.353000000000e+03 9.992510606633e-01
1.353500000000e+03 9.897120137062e-01
1.354000000000e+03 9.688920359744e-01
1.354500000000e+03 9.372735556829e-01
1.355000000000e+03 8.955898866705e-01
1.355500000000e+03 8.448077671424e-01
1.356000000000e+03 7.861043331748e-01
1.356500000000e+03 7.208391057182e-01
1.357000000000e+03 6.505216939321e-01
1.357500000000e+03 5.767760223510e-01
1.358000000000e+03 5.013019718181e-01
1.358500000000e+03 4.258353823376e-01
1.359000000000e+03 3.521073986343e-01
1.359500000000e+03 2.818041458227e-01
1.360000000000e+03 2.165277034140e-01
1.360500000000e+03 1.577593020383e-01
1.361000000000e+03 1.068256004144e-01
1.361500000000e+03 6.486881269064e-02
1.362000000000e+03 3.282135117222e-02
1.362500000000e+03 1.138552997403e-02
1.363000000000e+03 1.018744880426e-03
1.363500000000e+03 1.924407417955e-03
1.364000000000e+03 1.404877064294e-02
1.364500000000e+03 3.708364411099e-02
1.365000000000e+03 7.047485943678e-02
1.365500000000e+03 1.134362189704e-01
1.366000000000e+03 1.649685412387e-01
1.366500000000e+03 2.238833103405e-01
1.367000000000e+03 2.888303443372e-01
1.367500000000e+03 3.583288213158e-01
1.368000000000e+03 4.308009421418e-01
1.368500000000e+03 5.046074664449e-01
1.369000000000e+03 5.780843331705e-01
1.369500000000e+03 6.495795686907e-01
1.370000000000e+03 7.174896933864e-01
1.370500000000e+03 7.802948608170e-01
1.371000000000e+03 8.365920009477e-01
1.371500000000e+03 8.851252891173e-01
1.372000000000e+03 9.248133240952e-01
1.372500000000e+03 9.547724702673e-01
1.373000000000e+03 9.743358992167e-01
1.373500000000e+03 9.830679533104e-01
1.374000000000e+03 9.807735468863e-01
1.374500000000e+03 9.675024178858e-01
1.375000000000e+03 9.435481428812e-01
1.375500000000e+03 9.094419300312e-01
1.376000000000e+03 8.659413061681e-01
1.376500000000e+03 8.140139145672e-01
1.377000000000e+03 7.548167375092e-01
1.377500000000e+03 6.896711510352e-01
1.378000000000e+03 6.200343067272e-01
1.378500000000e+03 5.474674153541e-01
1.379000000000e+03 4.736015781404e-01
1.379500000000e+03 4.001018716279e-01
1.380000000000e+03 3.286304399845e-01
1.380500000000e+03 2.608093826755e-01
1.381000000000e+03 1.981842442459e-01
1.381500000000e+03 1.421889154195e-01
1.382000000000e+03 9.411273988217e-02
1.382500000000e+03 5.507058841000e-02
1.383000000000e+03 2.597661128164e-02
1.383500000000e+03 7.522311414674e-03
1.384000000000e+03 1.594951857473e-04
1.384500000000e+03 4.088556678329e-03
1.385000000000e+03 1.925243596929e-02
1.385500000000e+03 4.533646528985e-02
1.386000000000e+03 8.177418125789e-02
1.386500000000e+03 1.277590400439e-01
1.387000000000e+03 1.822618288282e-01
1.387500000000e+03 2.440534249626e-01
1.388000000000e+03 3.117324177675e-01
1.388500000000e+03 3.837569807426e-01
1.389000000000e+03 4.584802679216e-01
1.389500000000e+03 5.341885106513e-01
1.390000000000e+03 6.091409133644e-01
1.390500000000e+03 6.816103915489e-01
1.391000000000e+03 7.499241641182e-01
1.391500000000e+03 8.125032070990e-01
1.392000000000e+03 8.678995965054e-01
1.392500000000e+03 9.148308152921e-01
1.393000000000e+03 9.522101713079e-01
1.393500000000e+03 9.791725684548e-01
1.394000000000e+03 9.950949892152e-01
1.394500000000e+03 9.996111802143e-01
1.395000000000e+03 9.926201797677e-01
1.395500000000e+03 9.742884832768e-01
1.396000000000e+03 9.450458044247e-01
1.396500000000e+03 9.055745527816e-01
1.397000000000e+03 8.567933070645e-01
1.397500000000e+03 7.998347134807e-01
1.398000000000e+03 7.360183761729e-01
1.398500000000e+03 6.668194280959e-01
1.399000000000e+03 5.938335725273e-01
1.399500000000e+03 5.187394653578e-01
1.400000000000e+03 4.432593644920e-01
1.400500000000e+03 3.691190041027e-01
1.401000000000e+03 2.980076577948e-01
1.401500000000e+03 2.315393364159e-01
1.402000000000e+03 1.712160244567e-01
1.402500000000e+03 1.183937954837e-01
1.403000000000e+03 7.425256421866e-02
1.403500000000e+03 3.977013348579e-02
1.404000000000e+03 1.570108144414e-02
1.404500000000e+03 2.560911658757e-03
1.405000000000e+03 6.157591180913e-04
1.405500000000e+03 9.877812713584e-03
1.406000000000e+03 3.010648231941e-02
1.406500000000e+03 6.081520956935e-02
1.407000000000e+03 1.012836985793e-01
1.407500000000e+03 1.505752287088e-01
1.408000000000e+03 2.075586081128e-01
1.408500000000e+03 2.709342360058e-01
1.409000000000e+03 3.392636645558e-01
1.409500000000e+03 4.110019890024e-01
1.410000000000e+03 4.845323474960e-01
1.410500000000e+03 5.582017804286e-01
1.411000000000e+03 6.303576825401e-01
1.411500000000e+03 6.993840794813e-01
1.412000000000e+03 7.637369731666e-01
1.412500000000e+03 8.219780264579e-01
1.413000000000e+03 8.728058965947e-01
1.413500000000e+03 9.150845774162e-01
1.414000000000e+03 9.478681717688e-01
1.414500000000e+03 9.704215865528e-01
1.415000000000e+03 9.822367225312e-01
1.415500000000e+03 9.830438181797e-01
1.416000000000e+03 9.728177003298e-01
1.416500000000e+03 9.517787928923e-01
1.417000000000e+03 9.203888372228e-01
1.417500000000e+03 8.793413822600e-01
1.418000000000e+03 8.295472078854e-01
1.418500000000e+03 7.721149493351e-01
1.419000000000e+03 7.083272921397e-01
1.419500000000e+03 6.396132040503e-01
1.420000000000e+03 5.675167607390e-01
1.420500000000e+03 4.936632036354e-01
1.421000000000e+03 4.197229390571e-01
1.421500000000e+03 3.473742457388e-01
1.422000000000e+03 2.782655010995e-01
1.422500000000e+03 2.139777633555e-01
1.423000000000e+03 1.559885555049e-01
1.423500000000e+03 1.056376871127e-01
1.424000000000e+03 6.409592010653e-02
1.424500000000e+03 3.233723520212e-02
1.425000000000e+03 1.111538647129e-02
1.425500000000e+03 9.453438617975e-04
1.426000000000e+03 2.090118620817e-03
1.426500000000e+03 1.455334664976e-02
1.427000000000e+03 3.807787240520e-02
1.427500000000e+03 7.215043416090e-02
1.428000000000e+03 1.160124037558e-01
1.428500000000e+03 1.686763842104e-01
1.429000000000e+03 2.289483208261e-01
1.429500000000e+03 2.954546397347e-01
1.430000000000e+03 3.666737963884e-01
1.430500000000e+03 4.409714990838e-01
1.431000000000e+03 5.166387728591e-01
1.431500000000e+03 5.919319501047e-01
1.432000000000e+03 6.651136185425e-01
1.432500000000e+03 7.344935267412e-01
1.433000000000e+03 7.984684431986e-01
1.433500000000e+03 8.555599875850e-01
1.434000000000e+03 9.044495015833e-01
1.434500000000e+03 9.440091005767e-01
1.435000000000e+03 9.733281442557e-01
1.435500000000e+03 9.917344812747e-01
1.436000000000e+03 9.988099570672e-01
1.436500000000e+03 9.943998209721e-01
1.437000000000e+03 9.786158247212e-01
1.437500000000e+03 9.518329646438e-01
1.438000000000e+03 9.146799801221e-01
1.438500000000e+03 8.680238764176e-01
1.439000000000e+03 8.129488867426e-01
1.439500000000e+03 7.507304224448e-01
1.440000000000e+03 6.828046779858e-01
1.440500000000e+03 6.107346561310e-01
1.441000000000e+03 5.361734561936e-01
1.441500000000e+03 4.608257227416e-01
1.442000000000e+03 3.864081830499e-01
1.442500000000e+03 3.146102086075e-01
1.443000000000e+03 2.470553197887e-01
1.443500000000e+03 1.852645144908e-01
1.444000000000e+03 1.306222429388e-01
1.444500000000e+03 8.434577417133e-02
1.445000000000e+03 4.745860754726e-02
1.445500000000e+03 2.076847787716e-02
1.446000000000e+03 4.850388488660e-03
1.446500000000e+03 3.498583499207e-05
1.447000000000e+03 6.402465200065e-03
1.447500000000e+03 2.378207262119e-02
1.448000000000e+03 5.175714607854e-02
1.448500000000e+03 8.967552180498e-02
1.449000000000e+03 1.366650214473e-01
1.449500000000e+03 1.916536346420e-01
1.450000000000e+03 2.533939208993e-01
1.450500000000e+03 3.204910757355e-01
1.451000000000e+03 3.914340396493e-01
1.451500000000e+03 4.646289754456e-01
1.452000000000e+03 5.384343998905e-01
1.452500000000e+03 6.111972299238e-01
1.453000000000e+03 6.812889915975e-01
1.453500000000e+03 7.471414413700e-01
1.454000000000e+03 8.072808640864e-01
1.454500000000e+03 8.603603394722e-01
1.455000000000e+03 9.051893088180e-01
1.455500000000e+03 9.407598251301e-01
1.456000000000e+03 9.662689327435e-01
1.456500000000e+03 9.811366954413e-01
1.457000000000e+03 9.850194746696e-01
1.457500000000e+03 9.778181504291e-01
1.458000000000e+03 9.596810757157e-01
1.458500000000e+03 9.310016595958e-01
1.459000000000e+03 8.924105826057e-01
1.459500000000e+03 8.447627593767e-01
1.460000000000e+03 7.891192752744e-01
1.460500000000e+03 7.267246342299e-01
1.461000000000e+03 6.589797615446e-01
1.461500000000e+03 5.874113058381e-01
1.462000000000e+03 5.136378759865e-01
1.462500000000e+03 4.393339294082e-01
1.463000000000e+03 3.661920949549e-01
1.463500000000e+03 2.958847647831e-01
1.464000000000e+03 2.300258228786e-01
1.464500000000e+03 1.701333917997e-01
1.465000000000e+03 1.175944724393e-01
1.465500000000e+03 7.363232352226e-02
1.466000000000e+03 3.927737796427e-02
1.466500000000e+03 1.534242260476e-02
1.467000000000e+03 2.402677275578e-03
1.467500000000e+03 7.813004013139e-04
1.468000000000e+03 1.054072368263e-02
1.468500000000e+03 3.148008079310e-02
1.469000000000e+03 6.313884781596e-02
1.469500000000e+03 1.048066601678e-01
1.470000000000e+03 1.555391160885e-01
1.470500000000e+03 2.141792246930e-01
1.471000000000e+03 2.793840113717e-01
1.471500000000e+03 3.496556591781e-01
1.472000000000e+03 4.233764457056e-01
1.472500000000e+03 4.988466343471e-01
1.473000000000e+03 5.743243998306e-01
1.473500000000e+03 6.480668128997e-01
1.474000000000e+03 7.183708797234e-01
1.474500000000e+03 7.836136289529e-01
1.475000000000e+03 8.422902634780e-01
1.475500000000e+03 8.930494441595e-01
1.476000000000e+03 9.347248476691e-01
1.476500000000e+03 9.663622378433e-01
1.477000000000e+03 9.872414067657e-01
1.477500000000e+03 9.968924747299e-01
1.478000000000e+03 9.951061833810e-01
1.478500000000e+03 9.819379695412e-01
1.479000000000e+03 9.577057641052e-01
1.479500000000e+03 9.229816165851e-01
1.480000000000e+03 8.785773971234e-01
1.480500000000e+03 8.255249700651e-01
1.481000000000e+03 7.650513628660e-01
1.481500000000e+03 6.985495680404e-01
1.482000000000e+03 6.275457114356e-01
1.482500000000e+03 5.536633953886e-01
1.483000000000e+03 4.785860789185e-01
1.483500000000e+03 4.040183884374e-01
1.484000000000e+03 3.316472614403e-01
1.484500000000e+03 2.631038129240e-01
1.485000000000e+03 1.999267810025e-01
1.485500000000e+03 1.435283559975e-01
1.486000000000e+03 9.516312821900e-02
1.486500000000e+03 5.590080606235e-02
1.487000000000e+03 2.660326051327e-02
1.487500000000e+03 7.906347331016e-03
1.488000000000e+03 2.068468290263e-04
1.488500000000e+03 3.654745928728e-03
1.489000000000e+03 1.815097061122e-02
1.489500000000e+03 4.335056140828e-02
1.490000000000e+03 7.867117234800e-02
1.490500000000e+03 1.233066667377e-01
1.491000000000e+03 1.762454830325e-01
1.491500000000e+03 2.362933522340e-01
1.492000000000e+03 3.020998660348e-01
1.492500000000e+03 3.721883232111e-01
1.493000000000e+03 4.449882214225e-01
1.493500000000e+03 5.188697131897e-01
1.494000000000e+03 5.921793088901e-01
1.494500000000e+03 6.632760864979e-01
1.495000000000e+03 7.305676577452e-01
1.495500000000e+03 7.925451435530e-01
1.496000000000e+03 8.478164280206e-01
1.496500000000e+03 8.951369899432e-01
1.497000000000e+03 9.334376535322e-01
1.497500000000e+03 9.618486554702e-01
1.498000000000e+03 9.797194931065e-01
1.498500000000e+03 9.866340978479e-01
1.499000000000e+03 9.824209676329e-01
1.499500000000e+03 9.671579916919e-01
1.500000000000e+03 9.411718080787e-01
1.500500000000e+03 9.050316480107e-01
1.501000000000e+03 8.595377388441e-01
1.501500000000e+03 8.057044572568e-01
1.502000000000e+03 7.447385434115e-01
1.502500000000e+03 6.780128028017e-01
1.503000000000e+03 6.070358323422e-01
1.503500000000e+03 5.334184081494e-01
1.504000000000e+03 4.588372615337e-01
1.504500000000e+03 3.849970442709e-01
1.505000000000e+03 3.135913417520e-01
1.505500000000e+03 2.462636309330e-01
1.506000000000e+03 1.845690974127e-01
1.506500000000e+03 1.299382211778e-01
1.507000000000e+03 8.364301291769e-02
1.507500000000e+03 4.676673229975e-02
1.508000000000e+03 2.017784683476e-02
1.508500000000e+03 4.508896280198e-03
1.509000000000e+03 1.408149041903e-04
1.509500000000e+03 7.193134993128e-03
1.510000000000e+03 2.552035290752e-02
1.510500000000e+03 5.471458745605e-02
1.511000000000e+03 9.411450340075e-02
1.511500000000e+03 1.428203148334e-01
1.512000000000e+03 1.997145283861e-01
1.512500000000e+03 2.634879391445e-01
1.513000000000e+03 3.326702569379e-01
1.513500000000e+03 4.056646212864e-01
1.514000000000e+03 4.807851631354e-01
1.514500000000e+03 5.562966935248e-01
1.515000000000e+03 6.304555457034e-01
1.515500000000e+03 7.015505694534e-01
1.516000000000e+03 7.679432751995e-01
1.516500000000e+03 8.281061507937e-01
1.517000000000e+03 8.806582247402e-01
1.517500000000e+03 9.243970244666e-01
1.518000000000e+03 9.583261746569e-01
1.518500000000e+03 9.816779957399e-01
1.519000000000e+03 9.939305928569e-01
1.519500000000e+03 9.948190672463e-01
1.520000000000e+03 9.843406308504e-01
1.520500000000e+03 9.627535569211e-01
1.521000000000e+03 9.305700502998e-01
1.521500000000e+03 8.885432668880e-01
1.522000000000e+03 8.376488488956e-01
1.522500000000e+03 7.790614674243e-01
1.523000000000e+03 7.141269739541e-01
1.523500000000e+03 6.443308550575e-01
1.524000000000e+03 5.712637584072e-01
1.524500000000e+03 4.965849117543e-01
1.525000000000e+03 4.219842895048e-01
1.525500000000e+03 3.491443938179e-01
1.526000000000e+03 2.797025094155e-01
1.526500000000e+03 2.152142645172e-01
1.527000000000e+03 1.571192859936e-01
1.527500000000e+03 1.067096766959e-01
1.528000000000e+03 6.510196904676e-02
1.528500000000e+03 3.321312350438e-02
1.529000000000e+03 1.174104575212e-02
1.529500000000e+03 1.149994705378e-03
1.530000000000e+03 1.661146929260e-03
1.530500000000e+03 1.324847399598e-02
1.531000000000e+03 3.563997972948e-02
1.531500000000e+03 6.832423608330e-02
1.532000000000e+03 1.105620513233e-01
1.532500000000e+03 1.614030038088e-01
1.533000000000e+03 2.197064804159e-01
1.533500000000e+03 2.841667718066e-01
1.534000000000e+03 3.533416984592e-01
1.534500000000e+03 4.256841727193e-01
1.535000000000e+03 4.995760440105e-01
1.535500000000e+03 5.733635276785e-01
1.536000000000e+03 6.453934834748e-01
1.536500000000e+03 7.140497881676e-01
1.537000000000e+03 7.777890387513e-01
1.537500000000e+03 8.351748287579e-01
1.538000000000e+03 8.849098605690e-01
1.538500000000e+03 9.258651915661e-01
1.539000000000e+03 9.571059614067e-01
1.539500000000e+03 9.779130113592e-01
1.540000000000e+03 9.877998839092e-01
1.540500000000e+03 9.865247808252e-01
1.541000000000e+03 9.740971593270e-01
1.541500000000e+03 9.507787572777e-01
1.542000000000e+03 9.170789574924e-01
1.542500000000e+03 8.737445259691e-01
1.543000000000e+03 8.217438865072e-01
1.543500000000e+03 7.622462218641e-01
1.544000000000e+03 6.965958162560e-01
1.544500000000e+03 6.262821724024e-01
1.545000000000e+03 5.529065452433e-01
1.545500000000e+03 4.781456307335e-01
1.546000000000e+03 4.037132288217e-01
1.546500000000e+03 3.313207621235e-01
1.547000000000e+03 2.626375736605e-01
1.547500000000e+03 1.992519465447e-01
1.548000000000e+03 1.426337844700e-01
1.548500000000e+03 9.409986372879e-02
1.549000000000e+03 5.478251536996e-02
1.549500000000e+03 2.560252089884e-02
1.550000000000e+03 7.246908130617e-03
1.550500000000e+03 1.522177437101e-04
1.551000000000e+03 4.493678579774e-03
1.551500000000e+03 2.018058426989e-02
1.552000000000e+03 4.685800921228e-02
1.552500000000e+03 8.391484251698e-02
1.553000000000e+03 1.304979586911e-01
1.553500000000e+03 1.855321880533e-01
1.554000000000e+03 2.477456025238e-01
1.554500000000e+03 3.156994977195e-01
1.555000000000e+03 3.878223339502e-01
1.555500000000e+03 4.624468000907e-01
1.556000000000e+03 5.378490880616e-01
1.556500000000e+03 6.122894138103e-01
1.557000000000e+03 6.840527944931e-01
1.557500000000e+03 7.514890915024e-01
1.558000000000e+03 8.130513547609e-01
1.558500000000e+03 8.673315542294e-01
1.559000000000e+03 9.130928581136e-01
1.559500000000e+03 9.492977113296e-01
1.560000000000e+03 9.751310795068e-01
1.560500000000e+03 9.900183497149e-01
1.561000000000e+03 9.936375155531e-01
1.561500000000e+03 9.859254172913e-01
1.562000000000e+03 9.670779535088e-01
1.562500000000e+03 9.375443252433e-01
1.563000000000e+03 8.980155133701e-01
1.563500000000e+03 8.494073213897e-01
1.564000000000e+03 7.928384360115e-01
1.564500000000e+03 7.296040643248e-01
1.565000000000e+03 6.611457968922e-01
1.565500000000e+03 5.890184192500e-01
1.566000000000e+03 5.148544490752e-01
1.566500000000e+03 4.403272121819e-01
1.567000000000e+03 3.671132875760e-01
1.567500000000e+03 2.968551504869e-01
1.568000000000e+03 2.311248234338e-01
1.568500000000e+03 1.713893102114e-01
1.569000000000e+03 1.189785375735e-01
1.569500000000e+03 7.505646605366e-02
1.570000000000e+03 4.059595650488e-02
1.570500000000e+03 1.635789447169e-02
1.571000000000e+03 2.874982243651e-03
1.571500000000e+03 4.405102716638e-04
1.572000000000e+03 9.102317355764e-03
1.572500000000e+03 2.866204438132e-02
1.573000000000e+03 5.867968107507e-02
1.573500000000e+03 9.848330086434e-02
1.574000000000e+03 1.471837769931e-01
1.574500000000e+03 2.036941750484e-01
1.575000000000e+03 2.667534244070e-01
1.575500000000e+03 3.349537852119e-01
1.576000000000e+03 4.067715496912e-01
1.576500000000e+03 4.806003482476e-01
1.577000000000e+03 5.547863730890e-01
1.577500000000e+03 6.276647864325e-01
1.578000000000e+03 6.975965476873e-01
1.578500000000e+03 7.630048755157e-01
1.579000000000e+03 8.224105572242e-01
1.579500000000e+03 8.744653301907e-01
1.580000000000e+03 9.179825884997e-01
1.580500000000e+03 9.519647127684e-01
1.581000000000e+03 9.756263821255e-01
1.581500000000e+03 9.884133039213e-01
1.582000000000e+03 9.900158879995e-01
1.582500000000e+03 9.803774968890e-01
1.583000000000e+03 9.596970192222e-01
1.583500000000e+03 9.284256388222e-01
1.584000000000e+03 8.872578035759e-01
1.584500000000e+03 8.371165334516e-01
1.585000000000e+03 7.791333425648e-01
1.585500000000e+03 7.146231826218e-01
1.586000000000e+03 6.450549408064e-01
1.586500000000e+03 5.720181407476e-01
1.587000000000e+03 4.971865971769e-01
1.587500000000e+03 4.222798601575e-01
1.588000000000e+03 3.490233505111e-01
1.588500000000e+03 2.791081320269e-01
1.589000000000e+03 2.141512864303e-01
1.589500000000e+03 1.556578528121e-01
1.590000000000e+03 1.049852639097e-01
1.590500000000e+03 6.331115757708e-02
1.591000000000e+03 3.160536412216e-02
1.591500000000e+03 1.060677069601e-02
1.592000000000e+03 8.056451200903e-04
1.592500000000e+03 2.431866541776e-03
1.593000000000e+03 1.544936275770e-02
1.593500000000e+03 3.955689799070e-02
1.594000000000e+03 7.419519468410e-02
1.594500000000e+03 1.185602129557e-01
1.595000000000e+03 1.716222562175e-01
1.595500000000e+03 2.321504254169e-01
1.596000000000e+03 2.987418114503e-01
1.596500000000e+03 3.698546991178e-01
1.597000000000e+03 4.438449596646e-01
1.597500000000e+03 5.190047348790e-01
1.598000000000e+03 5.936024657195e-01
1.598500000000e+03 6.659232934943e-01
1.599000000000e+03 7.343088620286e-01
1.599500000000e+03 7.971955745064e-01
1.600000000000e+03 8.531504076129e-01
1.600500000000e+03 9.009034563708e-01
1.601000000000e+03 9.393764732488e-01
1.601500000000e+03 9.677067718494e-01
1.602000000000e+03 9.852659854926e-01
1.602500000000e+03 9.916733008151e-01
1.603000000000e+03 9.868029224722e-01
1.603500000000e+03 9.707856635314e-01
1.604000000000e+03 9.440046936460e-01
1.604500000000e+03 9.070856102645e-01
1.605000000000e+03 8.608811239264e-01
1.605500000000e+03 8.064507644344e-01
1.606000000000e+03 7.450361180882e-01
1.606500000000e+03 6.780321954081e-01
1.607000000000e+03 6.069556024632e-01
1.607500000000e+03 5.334102461606e-01
1.608000000000e+03 4.590513441130e-01
1.608500000000e+03 3.855485329649e-01
1.609000000000e+03 3.145488755281e-01
1.609500000000e+03 2.476405574043e-01
1.610000000000e+03 1.863180387651e-01
1.610500000000e+03 1.319493877017e-01
1.611000000000e+03 8.574646925061e-02
1.611500000000e+03 4.873860017895e-02
1.612000000000e+03 2.175020529327e-02
1.612500000000e+03 5.382927840544e-03
1.613000000000e+03 2.556022528040e-06
1.613500000000e+03 5.731031196286e-03
1.614000000000e+03 2.244370251687e-02
1.614500000000e+03 4.977188909597e-02
1.615000000000e+03 8.711070574535e-02
1.615500000000e+03 1.336320036031e-01
1.616000000000e+03 1.883021740095e-01
1.616500000000e+03 2.499044645325e-01
1.617000000000e+03 3.170653617433e-01
1.617500000000e+03 3.882845078847e-01
1.618000000000e+03 4.619675397203e-01
1.618500000000e+03 5.364611692930e-01
1.619000000000e+03 6.100897697428e-01
1.619500000000e+03 6.811926863119e-01
1.620000000000e+03 7.481614646503e-01
1.620500000000e+03 8.094761767648e-01
1.621000000000e+03 8.637400304197e-01
1.621500000000e+03 9.097114711798e-01
1.622000000000e+03 9.463330278443e-01
1.622500000000e+03 9.727562116669e-01
1.623000000000e+03 9.883618568587e-01
1.623500000000e+03 9.927753833548e-01
1.624000000000e+03 9.858765710988e-01
1.624500000000e+03 9.678035560731e-01
1.625000000000e+03 9.389508894297e-01
1.625500000000e+03 8.999616393862e-01
1.626000000000e+03 8.517136577224e-01
1.626500000000e+03 7.953002751574e-01
1.627000000000e+03 7.320058288538e-01
1.627500000000e+03 6.632765569719e-01
1.628000000000e+03 5.906875158486e-01
1.628500000000e+03 5.159062814475e-01
1.629000000000e+03 4.406542849818e-01
1.629500000000e+03 3.666667002646e-01
1.630000000000e+03 2.956518450991e-01
1.630500000000e+03 2.292510792522e-01
1.631000000000e+03 1.690001763428e-01
1.631500000000e+03 1.162931160786e-01
1.632000000000e+03 7.234918728348e-02
1.632500000000e+03 3.818421240547e-02
1.633000000000e+03 1.458660269103e-02
1.633500000000e+03 2.098832733569e-03
1.634000000000e+03 1.004786894413e-03
1.634500000000e+03 1.132328197445e-02
1.635000000000e+03 3.280791459709e-02
1.635500000000e+03 6.495322242210e-02
1.636000000000e+03 1.070069899735e-01
1.636500000000e+03 1.579883769160e-01
1.637000000000e+03 2.167114032223e-01
1.637500000000e+03 2.818131956783e-01
1.638000000000e+03 3.517862869520e-01
1.638500000000e+03 4.250141648516e-01
1.639000000000e+03 4.998091975934e-01
1.639500000000e+03 5.744520124568e-01
1.640000000000e+03 6.472313808656e-01
1.640500000000e+03 7.164836628559e-01
1.641000000000e+03 7.806308874154e-01
1.641500000000e+03 8.382165911147e-01
1.642000000000e+03 8.879386039054e-01
1.642500000000e+03 9.286780556628e-01
1.643000000000e+03 9.595239772383e-01
1.643500000000e+03 9.797929824392e-01
1.644000000000e+03 9.890436392638e-01
1.644500000000e+03 9.870852665674e-01
1.645000000000e+03 9.739810228673e-01
1.645500000000e+03 9.500452840235e-01
1.646000000000e+03 9.158354331084e-01
1.646500000000e+03 8.721383061888e-01
1.647000000000e+03 8.199516496078e-01
1.647500000000e+03 7.604610456358e-01
1.648000000000e+03 6.950128524041e-01
1.648500000000e+03 6.250837795408e-01
1.649000000000e+03 5.522477819994e-01
1.649500000000e+03 4.781410006058e-01
1.650000000000e+03 4.044255086166e-01
1.650500000000e+03 3.327526390613e-01
1.651000000000e+03 2.647266681478e-01
1.651500000000e+03 2.018696159526e-01
1.652000000000e+03 1.455878976648e-01
1.652500000000e+03 9.714151756538e-02
1.653000000000e+03 5.761644455777e-02
1.653500000000e+03 2.790074344952e-02
1.654000000000e+03 8.664961321933e-03
1.654500000000e+03 3.471844052406e-04
1.655000000000e+03 3.143089109402e-03
1.655500000000e+03 1.700121258052e-02
1.656000000000e+03 4.162356478514e-02
1.656500000000e+03 7.647159722103e-02
1.657000000000e+03 1.207774345658e-01
1.657500000000e+03 1.735601667126e-01
1.658000000000e+03 2.336468915887e-01
1.658500000000e+03 2.996980959486e-01
1.659000000000e+03 3.702368640422e-01
1.659500000000e+03 4.436813148630e-01
1.660000000000e+03 5.183795896844e-01
1.660500000000e+03 5.926466449079e-01
1.661000000000e+03 6.648020528629e-01
1.661500000000e+03 7.332079768595e-01
1.662000000000e+03 7.963064681086e-01
1.662500000000e+03 8.526552321932e-01
1.663000000000e+03 9.009610325131e-01
1.663500000000e+03 9.401099377851e-01
1.664000000000e+03 9.691936801697e-01
1.664500000000e+03 9.875314691550e-01
1.665000000000e+03 9.946867027277e-01
1.665500000000e+03 9.904781297534e-01
1.666000000000e+03 9.749851435092e-01
1.666500000000e+03 9.485470231119e-01
1.667000000000e+03 9.117560838610e-01
1.667500000000e+03 8.654448456479e-01
1.668000000000e+03 8.106674766891e-01
1.668500000000e+03 7.486759139103e-01
1.669000000000e+03 6.808911973461e-01
1.669500000000e+03 6.088706800291e-01
1.670000000000e+03 5.342718834007e-01
1.670500000000e+03 4.588138580422e-01
1.671000000000e+03 3.842369777393e-01
1.671500000000e+03 3.122621394073e-01
1.672000000000e+03 2.445503607323e-01
1.672500000000e+03 1.826637607959e-01
1.673000000000e+03 1.280288764339e-01
1.673500000000e+03 8.190320948508e-02
1.674000000000e+03 4.534581890251e-02
1.674500000000e+03 1.919266922108e-02
1.675000000000e+03 4.037325971549e-03
1.675500000000e+03 2.174527124327e-04
1.676000000000e+03 7.807417288564e-03
1.676500000000e+03 2.661716083209e-02
1.677000000000e+03 5.619732621696e-02
1.677500000000e+03 9.585048748020e-02
1.678000000000e+03 1.446481723336e-01
1.678500000000e+03 2.014532302674e-01
1.679000000000e+03 2.649469724824e-01
1.679500000000e+03 3.336604000885e-01
1.680000000000e+03 4.060087462510e-01
1.680500000000e+03 4.803284881786e-01
1.681000000000e+03 5.549159373419e-01
1.681500000000e+03 6.280664916810e-01
1.682000000000e+03 6.981136318148e-01
1.682500000000e+03 7.634667636850e-01
1.683000000000e+03 8.226470514739e-01
1.683500000000e+03 8.743204452438e-01
1.684000000000e+03 9.173271854324e-01
1.684500000000e+03 9.507071585613e-01
1.685000000000e+03 9.737205825825e-01
1.685500000000e+03 9.858636132985e-01
1.686000000000e+03 9.868785823211e-01
1.686500000000e+03 9.767586992029e-01
1.687000000000e+03 9.557471728901e-01
1.687500000000e+03 9.243308279069e-01
1.688000000000e+03 8.832284063072e-01
1.688500000000e+03 8.333738552899e-01
1.689000000000e+03 7.758950006372e-01
1.689500000000e+03 7.120880962350e-01
1.690000000000e+03 6.433888186118e-01
1.690500000000e+03 5.713403417036e-01
1.691000000000e+03 4.975591801431e-01
1.691500000000e+03 4.236995288281e-01
1.692000000000e+03 3.514168519943e-01
1.692500000000e+03 2.823314864150e-01
1.693000000000e+03 2.179930206855e-01
1.693500000000e+03 1.598461960383e-01
1.694000000000e+03 1.091990440613e-01
1.694500000000e+03 6.719393351322e-02
1.695000000000e+03 3.478214273037e-02
1.695500000000e+03 1.270250658973e-02
1.696000000000e+03 1.464608536688e-03
1.696500000000e+03 1.336899804328e-03
1.697000000000e+03 1.234003088964e-02
1.697500000000e+03 3.424557601790e-02
1.698000000000e+03 6.658022134855e-02
1.698500000000e+03 1.086353738884e-01
1.699000000000e+03 1.594820325225e-01
1.699500000000e+03 2.179906474608e-01
1.700000000000e+03 2.828555821336e-01
1.700500000000e+03 3.526236846160e-01
1.701000000000e+03 4.257263765903e-01
1.701500000000e+03 5.005145792186e-01
1.702000000000e+03 5.752957195698e-01
1.702500000000e+03 6.483720007163e-01
1.703000000000e+03 7.180790753979e-01
1.703500000000e+03 7.828242389603e-01
1.704000000000e+03 8.411232534595e-01
1.704500000000e+03 8.916349322674e-01
1.705000000000e+03 9.331926535008e-01
1.705500000000e+03 9.648320309048e-01
1.706000000000e+03 9.858140515665e-01
1.706500000000e+03 9.956430895196e-01
1.707000000000e+03 9.940793208539e-01
1.707500000000e+03 9.811451966951e-01
1.708000000000e+03 9.571257722244e-01
1.708500000000e+03 9.225628391823e-01
1.709000000000e+03 8.782429621414e-01
1.709500000000e+03 8.251796711469e-01
1.710000000000e+03 7.645902109070e-01
1.710500000000e+03 6.978673854619e-01
1.711000000000e+03 6.265471631870e-01
1.711500000000e+03 5.522728165256e-01
1.712000000000e+03 4.767564607595e-01
1.712500000000e+03 4.017389238215e-01
1.713000000000e+03 3.289489226373e-01
1.713500000000e+03 2.600625394451e-01
1.714000000000e+03 1.966639835130e-01
1.714500000000e+03 1.402085898463e-01
1.715000000000e+03 9.198894789967e-02
1.715500000000e+03 5.310497170662e-02
1.716000000000e+03 2.443862061772e-02
1.716500000000e+03 6.633859990235e-03
1.717000000000e+03 8.231716360289e-05
1.717500000000e+03 4.914943708070e-03
1.718000000000e+03 2.099984432903e-02
1.718500000000e+03 4.794628008910e-02
1.719000000000e+03 8.511470291933e-02
1.719500000000e+03 1.316325336846e-01
1.720000000000e+03 1.864152610481e-01
1.720500000000e+03 2.481923163273e-01
1.721000000000e+03 3.155370732971e-01
1.721500000000e+03 3.869002337461e-01
1.722000000000e+03 4.606457912561e-01
1.722500000000e+03 5.350887182221e-01
1.723000000000e+03 6.085334950706e-01
1.723500000000e+03 6.793125958617e-01
1.724000000000e+03 7.458240603201e-01
1.724500000000e+03 8.065673176926e-01
1.725000000000e+03 8.601764811046e-01
1.725500000000e+03 9.054504003600e-01
1.726000000000e+03 9.413788441949e-01
1.726500000000e+03 9.671642775066e-01
1.727000000000e+03 9.822388024953e-01
1.727500000000e+03 9.862759425108e-01
1.728000000000e+03 9.791970611571e-01
1.728500000000e+03 9.611723245010e-01
1.729000000000e+03 9.326162287777e-01
1.729500000000e+03 8.941778276912e-01
1.730000000000e+03 8.467259003530e-01
1.730500000000e+03 7.913294013896e-01
1.731000000000e+03 7.292336272291e-01
1.731500000000e+03 6.618326157721e-01
1.732000000000e+03 5.906383693763e-01
1.732500000000e+03 5.172475523996e-01
1.733000000000e+03 4.433063636074e-01
1.733500000000e+03 3.704743199065e-01
1.734000000000e+03 3.003877105556e-01
1.734500000000e+03 2.346234898281e-01
1.735000000000e+03 1.746643707989e-01
1.735500000000e+03 1.218658633380e-01
1.736000000000e+03 7.742596560585e-02
1.736500000000e+03 4.235817052958e-02
1.737000000000e+03 1.746838734742e-02
1.737500000000e+03 3.336304003943e-03
1.738000000000e+03 3.016298475290e-04
1.738500000000e+03 8.455560952351e-03
1.739000000000e+03 2.763770390652e-02
1.739500000000e+03 5.743857986996e-02
1.740000000000e+03 9.720771116898e-02
1.740500000000e+03 1.460671699844e-01
1.741000000000e+03 2.029303453896e-01
1.741500000000e+03 2.665255638384e-01
1.742000000000e+03 3.354240821069e-01
1.742500000000e+03 4.080718635765e-01
1.743000000000e+03 4.828244515369e-01
1.743500000000e+03 5.579841696932e-01
1.744000000000e+03 6.318388128441e-01
1.744500000000e+03 7.027009420866e-01
1.745000000000e+03 7.689468707200e-01
1.745500000000e+03 8.290544207182e-01
1.746000000000e+03 8.816385460398e-01
1.746500000000e+03 9.254839583749e-01
1.747000000000e+03 9.595739528069e-01
1.747500000000e+03 9.831147141752e-01
1.748000000000e+03 9.955544879731e-01
1.748500000000e+03 9.965971200073e-01
1.749000000000e+03 9.862096038816e-01
1.749500000000e+03 9.646234211963e-01
1.750000000000e+03 9.323296123767e-01
1.750500000000e+03 8.900676721373e-01
1.751000000000e+03 8.388085184977e-01
1.751500000000e+03 7.797319336998e-01
1.752000000000e+03 7.141990151678e-01
1.752500000000e+03 6.437203008731e-01
1.753000000000e+03 5.699203425894e-01
1.753500000000e+03 4.944995894704e-01
1.754000000000e+03 4.191945107433e-01
1.754500000000e+03 3.457369282623e-01
1.755000000000e+03 2.758135461855e-01
1.755500000000e+03 2.110266557964e-01
1.756000000000e+03 1.528569589877e-01
1.756500000000e+03 1.026293953198e-01
1.757000000000e+03 6.148277675776e-02
1.757500000000e+03 3.034393368686e-02
1.758000000000e+03 9.906958593075e-03
1.758500000000e+03 6.180033530374e-04
1.759000000000e+03 2.665946096118e-03
1.759500000000e+03 1.597909801145e-02
1.760000000000e+03 4.022797321072e-02
1.760500000000e+03 7.483399969675e-02
1.761000000000e+03 1.189839103035e-01
1.761500000000e+03 1.716494225459e-01
1.762000000000e+03 2.316116986325e-01
1.762500000000e+03 2.974899740083e-01
1.763000000000e+03 3.677736567115e-01
1.763500000000e+03 4.408571320766e-01
1.764000000000e+03 5.150764588108e-01
1.764500000000e+03 5.887471136762e-01
1.765000000000e+03 6.602019327700e-01
1.765500000000e+03 7.278284072087e-01
1.766000000000e+03 7.901045188769e-01
1.766500000000e+03 8.456323464734e-01
1.767000000000e+03 8.931687317948e-01
1.767500000000e+03 9.316523691549e-01
1.768000000000e+03 9.602267651266e-01
1.768500000000e+03 9.782586092917e-01
1.769000000000e+03 9.853511973270e-01
1.769500000000e+03 9.813526534233e-01
1.770000000000e+03 9.663588077085e-01
1.770500000000e+03 9.407106940469e-01
1.771000000000e+03 9.049867424594e-01
1.771500000000e+03 8.599898466725e-01
1.772000000000e+03 8.067295893194e-01
1.772500000000e+03 7.464000035125e-01
1.773000000000e+03 6.803533384490e-01
1.773500000000e+03 6.100703770160e-01
1.774000000000e+03 5.371279237870e-01
1.774500000000e+03 4.631641411458e-01
1.775000000000e+03 3.898424584571e-01
1.775500000000e+03 3.188148132548e-01
1.776000000000e+03 2.516850034521e-01
1.776500000000e+03 1.899729349200e-01
1.777000000000e+03 1.350805388609e-01
1.777500000000e+03 8.826010791243e-02
1.778000000000e+03 5.058575877689e-02
1.778500000000e+03 2.292867257934e-02
1.779000000000e+03 5.936692643736e-03
1.779500000000e+03 1.877380069085e-05
1.780000000000e+03 5.334678945987e-03
1.780500000000e+03 2.179020895377e-02
1.781000000000e+03 4.903813320640e-02
1.781500000000e+03 8.648486226179e-02
1.782000000000e+03 1.333027741876e-01
1.782500000000e+03 1.884479747992e-01
1.783000000000e+03 2.506831425430e-01
1.783500000000e+03 3.186049843557e-01
1.784000000000e+03 3.906757127787e-01
1.784500000000e+03 4.652578501476e-01
1.785000000000e+03 5.406515758863e-01
1.785500000000e+03 6.151337605743e-01
1.786000000000e+03 6.869977779575e-01
1.786500000000e+03 7.545931553730e-01
1.787000000000e+03 8.163641155265e-01
1.787500000000e+03 8.708860789770e-01
1.788000000000e+03 9.168992371218e-01
1.788500000000e+03 9.533383693402e-01
1.789000000000e+03 9.793581639179e-01
1.789500000000e+03 9.943534084882e-01
1.790000000000e+03 9.979735393177e-01
1.790500000000e+03 9.901311767144e-01
1.791000000000e+03 9.710044224499e-01
1.791500000000e+03 9.410328503897e-01
1.792000000000e+03 9.009072792581e-01
1.792500000000e+03 8.515535722882e-01
1.793000000000e+03 7.941108581307e-01
1.793500000000e+03 7.299047066582e-01
1.794000000000e+03 6.604159184219e-01
1.794500000000e+03 5.872456940687e-01
1.795000000000e+03 5.120780371711e-01
1.795500000000e+03 4.366403084173e-01
1.796000000000e+03 3.626628894061e-01
1.796500000000e+03 2.918389295665e-01
1.797000000000e+03 2.257851398884e-01
1.797500000000e+03 1.660045628628e-01
1.798000000000e+03 1.138521905924e-01
1.798500000000e+03 7.050422445161e-02
1.799000000000e+03 3.693167242787e-02
1.799500000000e+03 1.387886735500e-02
1.800000000000e+03 1.847363974599e-03
1.800500000000e+03 1.085538672539e-03
1.801000000000e+03 1.158407652588e-02
1.801500000000e+03 3.307738960583e-02
1.802000000000e+03 6.505087188546e-02
1.802500000000e+03 1.067537629428e-01
1.803000000000e+03 1.572172679724e-01
1.803500000000e+03 2.152774681151e-01
1.804000000000e+03 2.796024550379e-01
1.804500000000e+03 3.487230388629e-01
1.805000000000e+03 4.210663102817e-01
1.805500000000e+03 4.949912868733e-01
1.806000000000e+03 5.688258406844e-01
1.806500000000e+03 6.409040889979e-01
1.807000000000e+03 7.096034325633e-01
1.807500000000e+03 7.733804445888e-01
1.808000000000e+03 8.308048485562e-01
1.808500000000e+03 8.805908721300e-01
1.809000000000e+03 9.216253266729e-01
1.809500000000e+03 9.529918356335e-01
1.810000000000e+03 9.739907186498e-01
1.810500000000e+03 9.841541299753e-01
1.811000000000e+03 9.832561480293e-01
1.811500000000e+03 9.713176158124e-01
1.812000000000e+03 9.486056378704e-01
1.812500000000e+03 9.156277467565e-01
1.813000000000e+03 8.731208588344e-01
1.813500000000e+03 8.220352441137e-01
1.814000000000e+03 7.635138359454e-01
1.814500000000e+03 6.988673021836e-01
1.815000000000e+03 6.295453881849e-01
1.815500000000e+03 5.571051221808e-01
1.816000000000e+03 4.831765434938e-01
1.816500000000e+03 4.094266723224e-01
1.817000000000e+03 3.375224849040e-01
1.817500000000e+03 2.690936885274e-01
1.818000000000e+03 2.056961059768e-01
1.818500000000e+03 1.487764776166e-01
1.819000000000e+03 9.963947090386e-02
1.819500000000e+03 5.941765126469e-02
1.820000000000e+03 2.904511510838e-02
1.820500000000e+03 9.235415695325e-03
1.821000000000e+03 4.643265570060e-04
1.821500000000e+03 2.957886499742e-03
1.822000000000e+03 1.668605672713e-02
1.822500000000e+03 4.136219651304e-02
1.823000000000e+03 7.644843178666e-02
1.823500000000e+03 1.211668539444e-01
1.824000000000e+03 1.745163474592e-01
1.824500000000e+03 2.352947078886e-01
1.825000000000e+03 3.021255802961e-01
1.825500000000e+03 3.734896254539e-01
1.826000000000e+03 4.477592109954e-01
1.826500000000e+03 5.232358301605e-01
1.827000000000e+03 5.981893748326e-01
1.827500000000e+03 6.708983346893e-01
1.828000000000e+03 7.396899623506e-01
1.828500000000e+03 8.029794367572e-01
1.829000000000e+03 8.593070742261e-01
1.829500000000e+03 9.073726786442e-01
1.830000000000e+03 9.460661882084e-01
1.830500000000e+03 9.744938644868e-01
1.831000000000e+03 9.919993781096e-01
1.831500000000e+03 9.981792712631e-01
1.832000000000e+03 9.928924169704e-01
1.832500000000e+03 9.762632450931e-01
1.833000000000e+03 9.486786609497e-01
1.833500000000e+03 9.107787401424e-01
1.834000000000e+03 8.634414382452e-01
1.834500000000e+03 8.077617022258e-01
1.835000000000e+03 7.450255078120e-01
1.835500000000e+03 6.766794698460e-01
1.836000000000e+03 6.042967777788e-01
1.836500000000e+03 5.295402932548e-01
1.837000000000e+03 4.541237091964e-01
1.837500000000e+03 3.797717086300e-01
1.838000000000e+03 3.081800760942e-01
1.838500000000e+03 2.409767049050e-01
1.839000000000e+03 1.796844106562e-01
1.839500000000e+03 1.256864064529e-01
1.840000000000e+03 8.019522053525e-02
1.840500000000e+03 4.422574457920e-02
1.841000000000e+03 1.857299391563e-02
1.841500000000e+03 3.795042307759e-03
1.842000000000e+03 2.014670757917e-04
1.842500000000e+03 7.847508622290e-03
1.843000000000e+03 2.653401512267e-02
1.843500000000e+03 5.581311151906e-02
1.844000000000e+03 9.499940497872e-02
1.844500000000e+03 1.431864193702e-01
1.845000000000e+03 1.992678414713e-01
1.845500000000e+03 2.619630635490e-01
1.846000000000e+03 3.298464222977e-01
1.846500000000e+03 4.013794641111e-01
1.847000000000e+03 4.749455121418e-01
1.847500000000e+03 5.488857720877e-01
1.848000000000e+03 6.215361912285e-01
1.848500000000e+03 6.912642788228e-01
1.849000000000e+03 7.565051051104e-01
1.849500000000e+03 8.157957202163e-01
1.850000000000e+03 8.678072723927e-01
1.850500000000e+03 9.113741562780e-01
1.851000000000e+03 9.455195850951e-01
1.851500000000e+03 9.694770547301e-01
1.852000000000e+03 9.827072511563e-01
1.852500000000e+03 9.849100442906e-01
1.853000000000e+03 9.760313096602e-01
1.853500000000e+03 9.562644226897e-01
1.854000000000e+03 9.260463773809e-01
1.854500000000e+03 8.860485899739e-01
1.855000000000e+03 8.371625570806e-01
1.855500000000e+03 7.804806449250e-01
1.856000000000e+03 7.172723897976e-01
1.856500000000e+03 6.489567876506e-01
1.857000000000e+03 5.770711409470e-01
1.857500000000e+03 5.032371114180e-01
1.858000000000e+03 4.291246963288e-01
1.858500000000e+03 3.564149013640e-01
1.859000000000e+03 2.867619236067e-01
1.859500000000e+03 2.217556818191e-01
1.860000000000e+03 1.628855371415e-01
1.860500000000e+03 1.115060345436e-01
1.861000000000e+03 6.880546340786e-02
1.861500000000e+03 3.577798452840e-02
1.862000000000e+03 1.320000099461e-02
1.862500000000e+03 1.611362936100e-03
1.863000000000e+03 1.301892408132e-03
1.863500000000e+03 1.230359686074e-02
1.864000000000e+03 3.438881014372e-02
1.864500000000e+03 6.707436182507e-02
1.865000000000e+03 1.096317320496e-01
1.865500000000e+03 1.611030038569e-01
1.866000000000e+03 2.203222815830e-01
1.866500000000e+03 2.859421065737e-01
1.867000000000e+03 3.564642737312e-01
1.867500000000e+03 4.302743380682e-01
1.868000000000e+03 5.056790027850e-01
1.868500000000e+03 5.809455023790e-01
1.869000000000e+03 6.543420383678e-01
1.869500000000e+03 7.241782931690e-01
1.870000000000e+03 7.888450407316e-01
1.870500000000e+03 8.468518910188e-01
1.871000000000e+03 8.968622491580e-01
1.871500000000e+03 9.377246378718e-01
1.872000000000e+03 9.684996219714e-01
1.872500000000e+03 9.884816837190e-01
1.873000000000e+03 9.972155247762e-01
1.873500000000e+03 9.945064106872e-01
1.874000000000e+03 9.804243235211e-01
1.874500000000e+03 9.553018432461e-01
1.875000000000e+03 9.197258343744e-01
1.875500000000e+03 8.745231671381e-01
1.876000000000e+03 8.207408478414e-01
1.876500000000e+03 7.596210672595e-01
1.877000000000e+03 6.925717955937e-01
1.877500000000e+03 6.211336546109e-01
1.878000000000e+03 5.469438798332e-01
1.878500000000e+03 4.716982462309e-01
1.879000000000e+03 3.971118687737e-01
1.879500000000e+03 3.248798039385e-01
1.880000000000e+03 2.566383701359e-01
1.880500000000e+03 1.939280748347e-01
1.881000000000e+03 1.381589853464e-01
1.881500000000e+03 9.057931070927e-02
1.882000000000e+03 5.224787617729e-02
1.882500000000e+03 2.401107212889e-02
1.883000000000e+03 6.484748594689e-03
1.883500000000e+03 4.140808286065e-05
1.884000000000e+03 4.802925929329e-03
1.884500000000e+03 2.063890201077e-02
1.885000000000e+03 4.717062315278e-02
1.885500000000e+03 8.378049459174e-02
1.886000000000e+03 1.296266838073e-01
1.886500000000e+03 1.836626130610e-01
1.887000000000e+03 2.446608398684e-01
1.887500000000e+03 3.112407789322e-01
1.888000000000e+03 3.818996459538e-01
1.888500000000e+03 4.550459441480e-01
1.889000000000e+03 5.290347688465e-01
1.889500000000e+03 6.022041746473e-01
1.890000000000e+03 6.729118333486e-01
1.890500000000e+03 7.395712092872e-01
1.891000000000e+03 8.006864915162e-01
1.891500000000e+03 8.548855490687e-01
1.892000000000e+03 9.009502158756e-01
1.892500000000e+03 9.378432650135e-01
1.893000000000e+03 9.647314970994e-01
1.893500000000e+03 9.810044438408e-01
1.894000000000e+03 9.862882739175e-01
1.894500000000e+03 9.804545832717e-01
1.895000000000e+03 9.636238541026e-01
1.895500000000e+03 9.361634748228e-01
1.896000000000e+03 8.986803251855e-01
1.896500000000e+03 8.520080448031e-01
1.897000000000e+03 7.971892172653e-01
1.897500000000e+03 7.354528138029e-01
1.898000000000e+03 6.681873475906e-01
1.898500000000e+03 5.969102899508e-01
1.899000000000e+03 5.232343904664e-01
1.899500000000e+03 4.488316220127e-01
1.900000000000e+03 3.753955366735e-01
1.900500000000e+03 3.046028674189e-01
1.901000000000e+03 2.380752414310e-01
1.901500000000e+03 1.773418827344e-01
1.902000000000e+03 1.238041731875e-01
1.902500000000e+03 7.870291146285e-02
1.903000000000e+03 4.308905935449e-02
1.903500000000e+03 1.779869413429e-02
1.904000000000e+03 3.432795933807e-03
1.904500000000e+03 3.423919340616e-04
1.905000000000e+03 8.619456826806e-03
1.905500000000e+03 2.809383435695e-02
1.906000000000e+03 5.833630103848e-02
1.906500000000e+03 9.866774397053e-02
1.907000000000e+03 1.481742739684e-01
1.907500000000e+03 2.057279469955e-01
1.908000000000e+03 2.700126252290e-01
1.908500000000e+03 3.395543779457e-01
1.909000000000e+03 4.127557055469e-01
1.909500000000e+03 4.879327707971e-01
1.910000000000e+03 5.633547426577e-01
1.910500000000e+03 6.372843022735e-01
1.911000000000e+03 7.080183294058e-01
1.911500000000e+03 7.739277818505e-01
1.912000000000e+03 8.334958003859e-01
1.912500000000e+03 8.853531169667e-01
1.913000000000e+03 9.283099129888e-01
1.913500000000e+03 9.613833654820e-01
1.914000000000e+03 9.838202294294e-01
1.914500000000e+03 9.951139309310e-01
1.915000000000e+03 9.950157849910e-01
1.915500000000e+03 9.835400994327e-01
1.916000000000e+03 9.609630787080e-01
1.916500000000e+03 9.278155940184e-01
1.917000000000e+03 8.848700351056e-01
1.917500000000e+03 8.331216004280e-01
1.918000000000e+03 7.737645126298e-01
1.918500000000e+03 7.081637620838e-01
1.919000000000e+03 6.378230801815e-01
1.919500000000e+03 5.643499238565e-01
1.920000000000e+03 4.894183120512e-01
1.920500000000e+03 4.147303926020e-01
1.921000000000e+03 3.419776340146e-01
1.921500000000e+03 2.728025311997e-01
1.922000000000e+03 2.087616882356e-01
1.922500000000e+03 1.512910960152e-01
1.923000000000e+03 1.016743599545e-01
1.923500000000e+03 6.101455488746e-02
1.924000000000e+03 3.021029322183e-02
1.924500000000e+03 9.936490881710e-03
1.925000000000e+03 6.302061413130e-04
1.925500000000e+03 2.481811778601e-03
1.926000000000e+03 1.543164363166e-02
1.926500000000e+03 3.917215106915e-02
1.927000000000e+03 7.315545941017e-02
1.927500000000e+03 1.166061430592e-01
1.928000000000e+03 1.685389029694e-01
1.928500000000e+03 2.277807446985e-01
1.929000000000e+03 2.929971652479e-01
1.929500000000e+03 3.627217793110e-01
1.930000000000e+03 4.353887495821e-01
1.930500000000e+03 5.093673322004e-01
1.931000000000e+03 5.829978079493e-01
1.931500000000e+03 6.546280429930e-01
1.932000000000e+03 7.226499100689e-01
1.932500000000e+03 7.855348024151e-01
1.933000000000e+03 8.418674883079e-01
1.933500000000e+03 8.903775838859e-01
1.934000000000e+03 9.299679656331e-01
1.934500000000e+03 9.597395010857e-01
1.935000000000e+03 9.790115463313e-01
1.935500000000e+03 9.873377408526e-01
1.936000000000e+03 9.845167230918e-01
1.936500000000e+03 9.705974924281e-01
1.937000000000e+03 9.458792534351e-01
1.937500000000e+03 9.109056944160e-01
1.938000000000e+03 8.664537721670e-01
1.938500000000e+03 8.135171963089e-01
1.939000000000e+03 7.532849267743e-01
1.939500000000e+03 6.871151144425e-01
1.940000000000e+03 6.165050246550e-01
1.940500000000e+03 5.430575836053e-01
1.941000000000e+03 4.684452756520e-01
1.941500000000e+03 3.943721928065e-01
1.942000000000e+03 3.225350937192e-01
1.942500000000e+03 2.545843663426e-01
1.943000000000e+03 1.920858045535e-01
1.943500000000e+03 1.364841032128e-01
1.944000000000e+03 8.906894795055e-02
1.944500000000e+03 5.094452539690e-02
1.945000000000e+03 2.300320737863e-02
1.945500000000e+03 5.904070094719e-03
1.946000000000e+03 5.679845219609e-05
1.946500000000e+03 5.611399152927e-03
1.947000000000e+03 2.245400686601e-02
1.947500000000e+03 5.020891944273e-02
1.948000000000e+03 8.824684452494e-02
1.948500000000e+03 1.356991851822e-01
1.949000000000e+03 1.914780406181e-01
1.949500000000e+03 2.543014537130e-01
1.950000000000e+03 3.227233042413e-01
1.950500000000e+03 3.951671287871e-01
1.951000000000e+03 4.699630489552e-01
1.951500000000e+03 5.453869112873e-01
1.952000000000e+03 6.197006874589e-01
1.952500000000e+03 6.911931534058e-01
1.953000000000e+03 7.582198616811e-01
1.953500000000e+03 8.192414426376e-01
1.954000000000e+03 8.728593161614e-01
1.954500000000e+03 9.178479651905e-01
1.955000000000e+03 9.531830129982e-01
1.955500000000e+03 9.780644554677e-01
1.956000000000e+03 9.919345241289e-01
1.956500000000e+03 9.944897919766e-01
1.957000000000e+03 9.856872781943e-01
1.957500000000e+03 9.657444558956e-01
1.958000000000e+03 9.351332149032e-01
1.958500000000e+03 8.945679755415e-01
1.959000000000e+03 8.449882858257e-01
1.959500000000e+03 7.875363599934e-01
1.960000000000e+03 7.235301281849e-01
1.960500000000e+03 6.544324628639e-01
1.961000000000e+03 5.818173254246e-01
1.961500000000e+03 5.073336350683e-01
1.962000000000e+03 4.326677007286e-01
1.962500000000e+03 3.595050753600e-01
1.963000000000e+03 2.894926906508e-01
1.963500000000e+03 2.242021099178e-01
1.964000000000e+03 1.650946988197e-01
1.964500000000e+03 1.134894591029e-01
1.965000000000e+03 7.053420168982e-02
1.965500000000e+03 3.718065403743e-02
1.966000000000e+03 1.416400496642e-02
1.966500000000e+03 1.987290319094e-03
1.967000000000e+03 9.109170154265e-04
1.967500000000e+03 1.094751358463e-02
1.968000000000e+03 3.186218409781e-02
1.968500000000e+03 6.317813165745e-02
1.969000000000e+03 1.041875090758e-01
1.969500000000e+03 1.539672498539e-01
1.970000000000e+03 2.113995336741e-01
1.970500000000e+03 2.751964488415e-01
1.971000000000e+03 3.439283308024e-01
1.971500000000e+03 4.160551823227e-01
1.972000000000e+03 4.899605182219e-01
1.972500000000e+03 5.639869268034e-01
1.973000000000e+03 6.364726022008e-01
1.973500000000e+03 7.057880775842e-01
1.974000000000e+03 7.703723792003e-01
1.974500000000e+03 8.287678260807e-01
1.975000000000e+03 8.796527202544e-01
1.975500000000e+03 9.218712075627e-01
1.976000000000e+03 9.544596395912e-01
1.976500000000e+03 9.766688323383e-01
1.977000000000e+03 9.879816963705e-01
1.977500000000e+03 9.881258052945e-01
1.978000000000e+03 9.770805729987e-01
1.978500000000e+03 9.550788235581e-01
1.979000000000e+03 9.226026588341e-01
1.979500000000e+03 8.803736552375e-01
1.980000000000e+03 8.293375501454e-01
1.980500000000e+03 7.706437071328e-01
1.981000000000e+03 7.056197744085e-01
1.981500000000e+03 6.357420694238e-01
1.982000000000e+03 5.626023313866e-01
1.982500000000e+03 4.878715792624e-01
1.983000000000e+03 4.132618929138e-01
1.983500000000e+03 3.404869967395e-01
1.984000000000e+03 2.712225663511e-01
1.984500000000e+03 2.070671978373e-01
1.985000000000e+03 1.495049748167e-01
1.985500000000e+03 9.987054043494e-02
1.986000000000e+03 5.931752979433e-02
1.986500000000e+03 2.879114398555e-02
1.987000000000e+03 9.005551473821e-03
1.987500000000e+03 4.266883074224e-04
1.988000000000e+03 3.260898306773e-03
1.988500000000e+03 1.744971141295e-02
1.989000000000e+03 4.267090651181e-02
1.989500000000e+03 7.834584840592e-02
1.990000000000e+03 1.236529314635e-01
1.990500000000e+03 1.775468091692e-01
1.991000000000e+03 2.387829435805e-01
1.991500000000e+03 3.059468755808e-01
1.992000000000e+03 3.774874994786e-01
1.992500000000e+03 4.517535271277e-01
1.993000000000e+03 5.270322499698e-01
1.993500000000e+03 6.015896541596e-01
1.994000000000e+03 6.737109155694e-01
1.994500000000e+03 7.417402983838e-01
1.995000000000e+03 8.041195030829e-01
1.995500000000e+03 8.594235558422e-01
1.996000000000e+03 9.063934001536e-01
1.996500000000e+03 9.439644405504e-01
1.997000000000e+03 9.712903949167e-01
1.997500000000e+03 9.877619328108e-01
1.998000000000e+03 9.930197089982e-01
1.998500000000e+03 9.869615403193e-01
1.999000000000e+03 9.697436163021e-01
1.999500000000e+03 9.417757758891e-01
2.000000000000e+03 9.037110207005e-01
