# time(fs)  P_C1(t)
0.000000000000e+00 9.438702478263e-34
5.000000000000e-01 2.131086179674e-11
1.000000000000e+00 1.356547494156e-09
1.500000000000e+00 1.531340900470e-08
2.000000000000e+00 8.496262050070e-08
2.500000000000e+00 3.188925983892e-07
3.000000000000e+00 9.335111434029e-07
3.500000000000e+00 2.299412859151e-06
4.000000000000e+00 4.986688763690e-06
4.500000000000e+00 9.803826693656e-06
5.000000000000e+00 1.782506378886e-05
5.500000000000e+00 3.040169951684e-05
6.000000000000e+00 4.915392107889e-05
6.500000000000e+00 7.594106446740e-05
7.000000000000e+00 1.128098402709e-04
7.500000000000e+00 1.619217806415e-04
8.000000000000e+00 2.254628881172e-04
8.500000000000e+00 3.055400606187e-04
9.000000000000e+00 4.040702080888e-04
9.500000000000e+00 5.226689575225e-04
1.000000000000e+01 6.625463793121e-04
1.050000000000e+01 8.244172022997e-04
1.100000000000e+01 1.008432494200e-03
1.150000000000e+01 1.214138780260e-03
1.200000000000e+01 1.440469103898e-03
1.250000000000e+01 1.685768679657e-03
1.300000000000e+01 1.947855660961e-03
1.350000000000e+01 2.224115274680e-03
1.400000000000e+01 2.511623307264e-03
1.450000000000e+01 2.807292813579e-03
1.500000000000e+01 3.108036104779e-03
1.550000000000e+01 3.410932686003e-03
1.600000000000e+01 3.713392964981e-03
1.650000000000e+01 4.013307314119e-03
1.700000000000e+01 4.309170479768e-03
1.750000000000e+01 4.600172390980e-03
1.800000000000e+01 4.886248083022e-03
1.850000000000e+01 5.168081635183e-03
1.900000000000e+01 5.447061609980e-03
1.950000000000e+01 5.725188324750e-03
2.000000000000e+01 6.004936219936e-03
2.050000000000e+01 6.289077433812e-03
2.100000000000e+01 6.580475274616e-03
2.150000000000e+01 6.881858432929e-03
2.200000000000e+01 7.195588356963e-03
2.250000000000e+01 7.523433109550e-03
2.300000000000e+01 7.866361165389e-03
2.350000000000e+01 8.224367961692e-03
2.400000000000e+01 8.596346602771e-03
2.450000000000e+01 8.980012003513e-03
2.500000000000e+01 9.371885045726e-03
2.550000000000e+01 9.767340160140e-03
2.600000000000e+01 1.016071631001e-02
2.650000000000e+01 1.054548783379e-02
2.700000000000e+01 1.091448820622e-02
2.750000000000e+01 1.126017669798e-02
2.800000000000e+01 1.157493533566e-02
2.850000000000e+01 1.185138164295e-02
2.900000000000e+01 1.208268149898e-02
2.950000000000e+01 1.226284615776e-02
3.000000000000e+01 1.238699805935e-02
3.050000000000e+01 1.245159150649e-02
3.100000000000e+01 1.245457650585e-02
3.150000000000e+01 1.239549696200e-02
3.200000000000e+01 1.227551780688e-02
3.250000000000e+01 1.209737935922e-02
3.300000000000e+01 1.186528103047e-02
3.350000000000e+01 1.158470021117e-02
3.400000000000e+01 1.126215557619e-02
3.450000000000e+01 1.090492694652e-02
3.500000000000e+01 1.052074607747e-02
3.550000000000e+01 1.011747418362e-02
3.600000000000e+01 9.702782580523e-03
3.650000000000e+01 9.283852494089e-03
3.700000000000e+01 8.867108882396e-03
3.750000000000e+01 8.458001105936e-03
3.800000000000e+01 8.060840588230e-03
3.850000000000e+01 7.678702387779e-03
3.900000000000e+01 7.313394040213e-03
3.950000000000e+01 6.965491331233e-03
4.000000000000e+01 6.634437036898e-03
4.050000000000e+01 6.318695322427e-03
4.100000000000e+01 6.015951609885e-03
4.150000000000e+01 5.723345466123e-03
4.200000000000e+01 5.437722544183e-03
4.250000000000e+01 5.155890908960e-03
4.300000000000e+01 4.874867217311e-03
4.350000000000e+01 4.592099181324e-03
4.400000000000e+01 4.305652450464e-03
4.450000000000e+01 4.014352391095e-03
4.500000000000e+01 3.717874072218e-03
4.550000000000e+01 3.416776910017e-03
4.600000000000e+01 3.112483691709e-03
4.650000000000e+01 2.807206898215e-03
4.700000000000e+01 2.503828190206e-03
4.750000000000e+01 2.205739446858e-03
4.800000000000e+01 1.916655713373e-03
4.850000000000e+01 1.640411720378e-03
4.900000000000e+01 1.380754225764e-03
4.950000000000e+01 1.141142281916e-03
5.000000000000e+01 9.245666776023e-04
5.050000000000e+01 7.333983149181e-04
5.100000000000e+01 5.692732650072e-04
5.150000000000e+01 4.330198386187e-04
5.200000000000e+01 3.246303657301e-04
5.250000000000e+01 2.432776695787e-04
5.300000000000e+01 1.873736110312e-04
5.350000000000e+01 1.546647251077e-04
5.400000000000e+01 1.423580082363e-04
5.450000000000e+01 1.472684498230e-04
5.500000000000e+01 1.659790080912e-04
5.550000000000e+01 1.950034429406e-04
5.600000000000e+01 2.309427335663e-04
5.650000000000e+01 2.706266834512e-04
5.700000000000e+01 3.112336733967e-04
5.750000000000e+01 3.503832591597e-04
5.800000000000e+01 3.861982975900e-04
5.850000000000e+01 4.173353851414e-04
5.900000000000e+01 4.429844634716e-04
5.950000000000e+01 4.628403531468e-04
6.000000000000e+01 4.770505979867e-04
6.050000000000e+01 4.861452418357e-04
6.100000000000e+01 4.909549477890e-04
6.150000000000e+01 4.925241710766e-04
6.200000000000e+01 4.920259092526e-04
6.250000000000e+01 4.906839091441e-04
6.300000000000e+01 4.897071721460e-04
6.350000000000e+01 4.902402568177e-04
6.400000000000e+01 4.933313385581e-04
6.450000000000e+01 4.999183701058e-04
6.500000000000e+01 5.108321163598e-04
6.550000000000e+01 5.268134294650e-04
6.600000000000e+01 5.485409883113e-04
6.650000000000e+01 5.766649326137e-04
6.700000000000e+01 6.118414310024e-04
6.750000000000e+01 6.547632601106e-04
6.800000000000e+01 7.061819305920e-04
6.850000000000e+01 7.669177380131e-04
6.900000000000e+01 8.378552748340e-04
6.950000000000e+01 9.199233235709e-04
7.000000000000e+01 1.014059552858e-03
7.050000000000e+01 1.121161939985e-03
7.100000000000e+01 1.242030226894e-03
7.150000000000e+01 1.377301870174e-03
7.200000000000e+01 1.527387773396e-03
7.250000000000e+01 1.692413518560e-03
7.300000000000e+01 1.872171797109e-03
7.350000000000e+01 2.066091266094e-03
7.400000000000e+01 2.273226141094e-03
7.450000000000e+01 2.492269536457e-03
7.500000000000e+01 2.721591956633e-03
7.550000000000e+01 2.959304535762e-03
7.600000000000e+01 3.203344739520e-03
7.650000000000e+01 3.451580416281e-03
7.700000000000e+01 3.701926447102e-03
7.750000000000e+01 3.952466920265e-03
7.800000000000e+01 4.201574853160e-03
7.850000000000e+01 4.448021083880e-03
7.900000000000e+01 4.691064107397e-03
7.950000000000e+01 4.930513351363e-03
8.000000000000e+01 5.166759651413e-03
8.050000000000e+01 5.400768435381e-03
8.100000000000e+01 5.634033265759e-03
8.150000000000e+01 5.868489796830e-03
8.200000000000e+01 6.106392732300e-03
8.250000000000e+01 6.350160863107e-03
8.300000000000e+01 6.602197562513e-03
8.350000000000e+01 6.864696063128e-03
8.400000000000e+01 7.139440301557e-03
8.450000000000e+01 7.427612981105e-03
8.500000000000e+01 7.729622695254e-03
8.550000000000e+01 8.044961438152e-03
8.600000000000e+01 8.372102609699e-03
8.650000000000e+01 8.708447751975e-03
8.700000000000e+01 9.050327822350e-03
8.750000000000e+01 9.393061944881e-03
8.800000000000e+01 9.731073443380e-03
8.850000000000e+01 1.005805972536e-02
8.900000000000e+01 1.036720944451e-02
8.950000000000e+01 1.065145750770e-02
9.000000000000e+01 1.090376608571e-02
9.050000000000e+01 1.111741798627e-02
9.100000000000e+01 1.128630767181e-02
9.150000000000e+01 1.140521493108e-02
9.200000000000e+01 1.147004677460e-02
9.250000000000e+01 1.147803450283e-02
9.300000000000e+01 1.142787502795e-02
9.350000000000e+01 1.131980830565e-02
9.400000000000e+01 1.115562600285e-02
9.450000000000e+01 1.093861011266e-02
9.500000000000e+01 1.067340392732e-02
9.550000000000e+01 1.036582138686e-02
9.600000000000e+01 1.002260412848e-02
9.650000000000e+01 9.651138380972e-03
9.700000000000e+01 9.259146016439e-03
9.750000000000e+01 8.854365461361e-03
9.800000000000e+01 8.444238699737e-03
9.850000000000e+01 8.035620238264e-03
9.900000000000e+01 7.634522666682e-03
9.950000000000e+01 7.245911403808e-03
1.000000000000e+02 6.873558486752e-03
1.005000000000e+02 6.519961992429e-03
1.010000000000e+02 6.186334062658e-03
1.015000000000e+02 5.872656742518e-03
1.020000000000e+02 5.577801149923e-03
1.025000000000e+02 5.299702081505e-03
1.030000000000e+02 5.035577217943e-03
1.035000000000e+02 4.782177784985e-03
1.040000000000e+02 4.536055980974e-03
1.045000000000e+02 4.293833779582e-03
1.050000000000e+02 4.052457890019e-03
1.055000000000e+02 3.809426687738e-03
1.060000000000e+02 3.562976748570e-03
1.065000000000e+02 3.312219115156e-03
1.070000000000e+02 3.057218445221e-03
1.075000000000e+02 2.799011556401e-03
1.080000000000e+02 2.539565393876e-03
1.085000000000e+02 2.281677900543e-03
1.090000000000e+02 2.028828466489e-03
1.095000000000e+02 1.784987394340e-03
1.100000000000e+02 1.554395987016e-03
1.105000000000e+02 1.341330328511e-03
1.110000000000e+02 1.149862514048e-03
1.115000000000e+02 9.836329673435e-04
1.120000000000e+02 8.456465819096e-04
1.125000000000e+02 7.381038079157e-04
1.130000000000e+02 6.622755849597e-04
1.135000000000e+02 6.184283366113e-04
1.140000000000e+02 6.058022620780e-04
1.145000000000e+02 6.226430652734e-04
1.150000000000e+02 6.662842364766e-04
1.155000000000e+02 7.332742230653e-04
1.160000000000e+02 8.195404512365e-04
1.165000000000e+02 9.205803201179e-04
1.170000000000e+02 1.031668077928e-03
1.175000000000e+02 1.148065961401e-03
1.180000000000e+02 1.265228146313e-03
1.185000000000e+02 1.378986887940e-03
1.190000000000e+02 1.485711655320e-03
1.195000000000e+02 1.582433977377e-03
1.200000000000e+02 1.666932990571e-03
1.205000000000e+02 1.737779156340e-03
1.210000000000e+02 1.794336143752e-03
1.215000000000e+02 1.836723291371e-03
1.220000000000e+02 1.865743227022e-03
1.225000000000e+02 1.882781009877e-03
1.230000000000e+02 1.889682469021e-03
1.235000000000e+02 1.888620182651e-03
1.240000000000e+02 1.881955745165e-03
1.245000000000e+02 1.872106615998e-03
1.250000000000e+02 1.861424980149e-03
1.255000000000e+02 1.852094754008e-03
1.260000000000e+02 1.846051245194e-03
1.265000000000e+02 1.844926143962e-03
1.270000000000e+02 1.850018618682e-03
1.275000000000e+02 1.862291441688e-03
1.280000000000e+02 1.882389409397e-03
1.285000000000e+02 1.910675950191e-03
1.290000000000e+02 1.947282820103e-03
1.295000000000e+02 1.992167225818e-03
1.300000000000e+02 2.045170611014e-03
1.305000000000e+02 2.106073686446e-03
1.310000000000e+02 2.174643035424e-03
1.315000000000e+02 2.250665714988e-03
1.320000000000e+02 2.333969606394e-03
1.325000000000e+02 2.424428737482e-03
1.330000000000e+02 2.521954286764e-03
1.335000000000e+02 2.626473367274e-03
1.340000000000e+02 2.737898868586e-03
1.345000000000e+02 2.856094515502e-03
1.350000000000e+02 2.980839811999e-03
1.355000000000e+02 3.111799637602e-03
1.360000000000e+02 3.248502939635e-03
1.365000000000e+02 3.390334240060e-03
1.370000000000e+02 3.536540601582e-03
1.375000000000e+02 3.686255353139e-03
1.380000000000e+02 3.838538360246e-03
1.385000000000e+02 3.992431055997e-03
1.390000000000e+02 4.147022945454e-03
1.395000000000e+02 4.301524979348e-03
1.400000000000e+02 4.455344171448e-03
1.405000000000e+02 4.608153198028e-03
1.410000000000e+02 4.759948532639e-03
1.415000000000e+02 4.911090969344e-03
1.420000000000e+02 5.062323173497e-03
1.425000000000e+02 5.214760137262e-03
1.430000000000e+02 5.369850040521e-03
1.435000000000e+02 5.529304930171e-03
1.440000000000e+02 5.695002712372e-03
1.445000000000e+02 5.868864066856e-03
1.450000000000e+02 6.052709896775e-03
1.455000000000e+02 6.248106680415e-03
1.460000000000e+02 6.456208462798e-03
1.465000000000e+02 6.677605106556e-03
1.470000000000e+02 6.912186731745e-03
1.475000000000e+02 7.159033966941e-03
1.480000000000e+02 7.416342701240e-03
1.485000000000e+02 7.681390500559e-03
1.490000000000e+02 7.950549803214e-03
1.495000000000e+02 8.219350545746e-03
1.500000000000e+02 8.482592126962e-03
1.505000000000e+02 8.734501754472e-03
1.510000000000e+02 8.968933404459e-03
1.515000000000e+02 9.179599034974e-03
1.520000000000e+02 9.360321489787e-03
1.525000000000e+02 9.505296858923e-03
1.530000000000e+02 9.609353039981e-03
1.535000000000e+02 9.668190951427e-03
1.540000000000e+02 9.678595323299e-03
1.545000000000e+02 9.638603225224e-03
1.550000000000e+02 9.547620433301e-03
1.555000000000e+02 9.406478290068e-03
1.560000000000e+02 9.217426740825e-03
1.565000000000e+02 8.984062569452e-03
1.570000000000e+02 8.711195320631e-03
1.575000000000e+02 8.404656785374e-03
1.580000000000e+02 8.071063046684e-03
1.585000000000e+02 7.717540748344e-03
1.590000000000e+02 7.351431302737e-03
1.595000000000e+02 6.979988067399e-03
1.600000000000e+02 6.610082010612e-03
1.605000000000e+02 6.247931016670e-03
1.610000000000e+02 5.898866764215e-03
1.615000000000e+02 5.567151108472e-03
1.620000000000e+02 5.255851218542e-03
1.625000000000e+02 4.966779512791e-03
1.630000000000e+02 4.700500878905e-03
1.635000000000e+02 4.456405961705e-03
1.640000000000e+02 4.232845662318e-03
1.645000000000e+02 4.027318624724e-03
1.650000000000e+02 3.836700582914e-03
1.655000000000e+02 3.657502170254e-03
1.660000000000e+02 3.486140282289e-03
1.665000000000e+02 3.319207420925e-03
1.670000000000e+02 3.153723668836e-03
1.675000000000e+02 2.987357033316e-03
1.680000000000e+02 2.818599794105e-03
1.685000000000e+02 2.646891078255e-03
1.690000000000e+02 2.472679015777e-03
1.695000000000e+02 2.297419320207e-03
1.700000000000e+02 2.123510785980e-03
1.705000000000e+02 1.954171789085e-03
1.710000000000e+02 1.793265212511e-03
1.715000000000e+02 1.645082103554e-03
1.720000000000e+02 1.514096643585e-03
1.725000000000e+02 1.404706546713e-03
1.730000000000e+02 1.320973720124e-03
1.735000000000e+02 1.266379882473e-03
1.740000000000e+02 1.243610864261e-03
1.745000000000e+02 1.254381570919e-03
1.750000000000e+02 1.299311184897e-03
1.755000000000e+02 1.377855264305e-03
1.760000000000e+02 1.488298137739e-03
1.765000000000e+02 1.627805590469e-03
1.770000000000e+02 1.792534484896e-03
1.775000000000e+02 1.977792850755e-03
1.780000000000e+02 2.178241293358e-03
1.785000000000e+02 2.388124449233e-03
1.790000000000e+02 2.601519779875e-03
1.795000000000e+02 2.812590305990e-03
1.800000000000e+02 3.015827971201e-03
1.805000000000e+02 3.206275163931e-03
1.810000000000e+02 3.379713453301e-03
1.815000000000e+02 3.532810704155e-03
1.820000000000e+02 3.663220290228e-03
1.825000000000e+02 3.769628962170e-03
1.830000000000e+02 3.851752874467e-03
1.835000000000e+02 3.910284155901e-03
1.840000000000e+02 3.946793054060e-03
1.845000000000e+02 3.963592946048e-03
1.850000000000e+02 3.963577262732e-03
1.855000000000e+02 3.950038534495e-03
1.860000000000e+02 3.926480283256e-03
1.865000000000e+02 3.896432349821e-03
1.870000000000e+02 3.863279489733e-03
1.875000000000e+02 3.830111763626e-03
1.880000000000e+02 3.799603491513e-03
1.885000000000e+02 3.773925460434e-03
1.890000000000e+02 3.754692814281e-03
1.895000000000e+02 3.742948762468e-03
1.900000000000e+02 3.739182066857e-03
1.905000000000e+02 3.743374337712e-03
1.910000000000e+02 3.755071602885e-03
1.915000000000e+02 3.773473495377e-03
1.920000000000e+02 3.797532786419e-03
1.925000000000e+02 3.826057892343e-03
1.930000000000e+02 3.857811386722e-03
1.935000000000e+02 3.891598404157e-03
1.940000000000e+02 3.926340049008e-03
1.945000000000e+02 3.961128419001e-03
1.950000000000e+02 3.995261501830e-03
1.955000000000e+02 4.028257877776e-03
1.960000000000e+02 4.059852739632e-03
1.965000000000e+02 4.089978110094e-03
1.970000000000e+02 4.118731201206e-03
1.975000000000e+02 4.146335550100e-03
1.980000000000e+02 4.173099838479e-03
1.985000000000e+02 4.199379150325e-03
1.990000000000e+02 4.225542864940e-03
1.995000000000e+02 4.251952472907e-03
2.000000000000e+02 4.278951418747e-03
2.005000000000e+02 4.306867714443e-03
2.010000000000e+02 4.336028644051e-03
2.015000000000e+02 4.366785507658e-03
2.020000000000e+02 4.399545146138e-03
2.025000000000e+02 4.434804047578e-03
2.030000000000e+02 4.473180244235e-03
2.035000000000e+02 4.515438022078e-03
2.040000000000e+02 4.562500710697e-03
2.045000000000e+02 4.615447494503e-03
2.050000000000e+02 4.675491249742e-03
2.055000000000e+02 4.743935798471e-03
2.060000000000e+02 4.822112587321e-03
2.065000000000e+02 4.911298532551e-03
2.070000000000e+02 5.012618498613e-03
2.075000000000e+02 5.126937466175e-03
2.080000000000e+02 5.254748773915e-03
2.085000000000e+02 5.396065776680e-03
2.090000000000e+02 5.550324763175e-03
2.095000000000e+02 5.716306960228e-03
2.100000000000e+02 5.892086892093e-03
2.105000000000e+02 6.075013272750e-03
2.110000000000e+02 6.261727033591e-03
2.115000000000e+02 6.448219109446e-03
2.120000000000e+02 6.629928333831e-03
2.125000000000e+02 6.801877364100e-03
2.130000000000e+02 6.958842118834e-03
2.135000000000e+02 7.095547918981e-03
2.140000000000e+02 7.206883532821e-03
2.145000000000e+02 7.288122770544e-03
2.150000000000e+02 7.335142271729e-03
2.155000000000e+02 7.344623761910e-03
2.160000000000e+02 7.314229369017e-03
2.165000000000e+02 7.242739591952e-03
2.170000000000e+02 7.130145164871e-03
2.175000000000e+02 6.977686283211e-03
2.180000000000e+02 6.787835335872e-03
2.185000000000e+02 6.564222275425e-03
2.190000000000e+02 6.311504885874e-03
2.195000000000e+02 6.035189293687e-03
2.200000000000e+02 5.741408929083e-03
2.205000000000e+02 5.436672607191e-03
2.210000000000e+02 5.127594308904e-03
2.215000000000e+02 4.820618475485e-03
2.220000000000e+02 4.521755103582e-03
2.225000000000e+02 4.236338596373e-03
2.230000000000e+02 3.968823197279e-03
2.235000000000e+02 3.722625957681e-03
2.240000000000e+02 3.500025666753e-03
2.245000000000e+02 3.302123137252e-03
2.250000000000e+02 3.128864864893e-03
2.255000000000e+02 2.979128552390e-03
2.260000000000e+02 2.850865514825e-03
2.265000000000e+02 2.741291762314e-03
2.270000000000e+02 2.647116777957e-03
2.275000000000e+02 2.564796838124e-03
2.280000000000e+02 2.490798288844e-03
2.285000000000e+02 2.421855584544e-03
2.290000000000e+02 2.355209154115e-03
2.295000000000e+02 2.288809274517e-03
2.300000000000e+02 2.221474043672e-03
2.305000000000e+02 2.152992145641e-03
2.310000000000e+02 2.084164244364e-03
2.315000000000e+02 2.016780347951e-03
2.320000000000e+02 1.953534152337e-03
2.325000000000e+02 1.897878989815e-03
2.330000000000e+02 1.853833365960e-03
2.335000000000e+02 1.825746974060e-03
2.340000000000e+02 1.818040361792e-03
2.345000000000e+02 1.834932959283e-03
2.350000000000e+02 1.880174873344e-03
2.355000000000e+02 1.956797670817e-03
2.360000000000e+02 2.066898327307e-03
2.365000000000e+02 2.211468668532e-03
2.370000000000e+02 2.390280089287e-03
2.375000000000e+02 2.601830248343e-03
2.380000000000e+02 2.843354986052e-03
2.385000000000e+02 3.110905094851e-03
2.390000000000e+02 3.399483999172e-03
2.395000000000e+02 3.703239074462e-03
2.400000000000e+02 4.015696443076e-03
2.405000000000e+02 4.330026788783e-03
2.410000000000e+02 4.639328156338e-03
2.415000000000e+02 4.936910929876e-03
2.420000000000e+02 5.216570247689e-03
2.425000000000e+02 5.472831996660e-03
2.430000000000e+02 5.701160174472e-03
2.435000000000e+02 5.898115706074e-03
2.440000000000e+02 6.061459610431e-03
2.445000000000e+02 6.190196564329e-03
2.450000000000e+02 6.284558215299e-03
2.455000000000e+02 6.345928862517e-03
2.460000000000e+02 6.376719166397e-03
2.465000000000e+02 6.380196194266e-03
2.470000000000e+02 6.360280217925e-03
2.475000000000e+02 6.321320140490e-03
2.480000000000e+02 6.267860177121e-03
2.485000000000e+02 6.204410422785e-03
2.490000000000e+02 6.135233231153e-03
2.495000000000e+02 6.064155964557e-03
2.500000000000e+02 5.994418756215e-03
2.505000000000e+02 5.928563583622e-03
2.510000000000e+02 5.868368338927e-03
2.515000000000e+02 5.814826863107e-03
2.520000000000e+02 5.768173252238e-03
2.525000000000e+02 5.727946303743e-03
2.530000000000e+02 5.693087887402e-03
2.535000000000e+02 5.662067412965e-03
2.540000000000e+02 5.633023503252e-03
2.545000000000e+02 5.603913511260e-03
2.550000000000e+02 5.572661646347e-03
2.555000000000e+02 5.537297163761e-03
2.560000000000e+02 5.496075255170e-03
2.565000000000e+02 5.447574857326e-03
2.570000000000e+02 5.390769451254e-03
2.575000000000e+02 5.325068921600e-03
2.580000000000e+02 5.250332546299e-03
2.585000000000e+02 5.166855056934e-03
2.590000000000e+02 5.075329329590e-03
2.595000000000e+02 4.976790535694e-03
2.600000000000e+02 4.872547430531e-03
2.605000000000e+02 4.764106843623e-03
2.610000000000e+02 4.653097353397e-03
2.615000000000e+02 4.541197605131e-03
2.620000000000e+02 4.430073823392e-03
2.625000000000e+02 4.321329861372e-03
2.630000000000e+02 4.216471722887e-03
2.635000000000e+02 4.116887003372e-03
2.640000000000e+02 4.023838243023e-03
2.645000000000e+02 3.938467882314e-03
2.650000000000e+02 3.861811458636e-03
2.655000000000e+02 3.794814963790e-03
2.660000000000e+02 3.738351950554e-03
2.665000000000e+02 3.693236058100e-03
2.670000000000e+02 3.660225114312e-03
2.675000000000e+02 3.640013830850e-03
2.680000000000e+02 3.633213268266e-03
2.685000000000e+02 3.640316623931e-03
2.690000000000e+02 3.661652377644e-03
2.695000000000e+02 3.697327301455e-03
2.700000000000e+02 3.747163182576e-03
2.705000000000e+02 3.810632209531e-03
2.710000000000e+02 3.886796735213e-03
2.715000000000e+02 3.974259481914e-03
2.720000000000e+02 4.071130146569e-03
2.725000000000e+02 4.175013784964e-03
2.730000000000e+02 4.283025321186e-03
2.735000000000e+02 4.391833095520e-03
2.740000000000e+02 4.497732613486e-03
2.745000000000e+02 4.596749698812e-03
2.750000000000e+02 4.684770210860e-03
2.755000000000e+02 4.757691499457e-03
2.760000000000e+02 4.811588975782e-03
2.765000000000e+02 4.842889707519e-03
2.770000000000e+02 4.848543913428e-03
2.775000000000e+02 4.826184725260e-03
2.780000000000e+02 4.774266660659e-03
2.785000000000e+02 4.692173929830e-03
2.790000000000e+02 4.580290963546e-03
2.795000000000e+02 4.440029344141e-03
2.800000000000e+02 4.273807552217e-03
2.805000000000e+02 4.084982486852e-03
2.810000000000e+02 3.877734429295e-03
2.815000000000e+02 3.656909837614e-03
2.820000000000e+02 3.427828915587e-03
2.825000000000e+02 3.196067131679e-03
2.830000000000e+02 2.967221627290e-03
2.835000000000e+02 2.746674626695e-03
2.840000000000e+02 2.539366456732e-03
2.845000000000e+02 2.349590554118e-03
2.850000000000e+02 2.180821877483e-03
2.855000000000e+02 2.035588489256e-03
2.860000000000e+02 1.915393811983e-03
2.865000000000e+02 1.820694315483e-03
2.870000000000e+02 1.750934308551e-03
2.875000000000e+02 1.704636267808e-03
2.880000000000e+02 1.679541925855e-03
2.885000000000e+02 1.672796351606e-03
2.890000000000e+02 1.681164668095e-03
2.895000000000e+02 1.701269026696e-03
2.900000000000e+02 1.729832120047e-03
2.905000000000e+02 1.763912958277e-03
2.910000000000e+02 1.801120898687e-03
2.915000000000e+02 1.839795003802e-03
2.920000000000e+02 1.879137653966e-03
2.925000000000e+02 1.919293859767e-03
2.930000000000e+02 1.961370767279e-03
2.935000000000e+02 2.007395253383e-03
2.940000000000e+02 2.060211074557e-03
2.945000000000e+02 2.123320554453e-03
2.950000000000e+02 2.200679067851e-03
2.955000000000e+02 2.296453409013e-03
2.960000000000e+02 2.414757353040e-03
2.965000000000e+02 2.559379196273e-03
2.970000000000e+02 2.733516705357e-03
2.975000000000e+02 2.939534671819e-03
2.980000000000e+02 3.178759168203e-03
2.985000000000e+02 3.451320692043e-03
2.990000000000e+02 3.756055771423e-03
2.995000000000e+02 4.090473437944e-03
3.000000000000e+02 4.450789429583e-03
3.005000000000e+02 4.832027268881e-03
3.010000000000e+02 5.228181683406e-03
3.015000000000e+02 5.632436404982e-03
3.020000000000e+02 6.037425396974e-03
3.025000000000e+02 6.435524184066e-03
3.030000000000e+02 6.819156329610e-03
3.035000000000e+02 7.181099311599e-03
3.040000000000e+02 7.514774130580e-03
3.045000000000e+02 7.814503931777e-03
3.050000000000e+02 8.075728679714e-03
3.055000000000e+02 8.295165381045e-03
3.060000000000e+02 8.470906364691e-03
3.065000000000e+02 8.602451521843e-03
3.070000000000e+02 8.690673985694e-03
3.075000000000e+02 8.737722287024e-03
3.080000000000e+02 8.746865356317e-03
3.085000000000e+02 8.722289669943e-03
3.090000000000e+02 8.668860197890e-03
3.095000000000e+02 8.591858479126e-03
3.100000000000e+02 8.496712045810e-03
3.105000000000e+02 8.388729503270e-03
3.110000000000e+02 8.272854860698e-03
3.115000000000e+02 8.153453256047e-03
3.120000000000e+02 8.034138127688e-03
3.125000000000e+02 7.917647290468e-03
3.130000000000e+02 7.805772437158e-03
3.135000000000e+02 7.699343486264e-03
3.140000000000e+02 7.598266117972e-03
3.145000000000e+02 7.501607959796e-03
3.150000000000e+02 7.407726364206e-03
3.155000000000e+02 7.314428698340e-03
3.160000000000e+02 7.219154643421e-03
3.165000000000e+02 7.119169242645e-03
3.170000000000e+02 7.011755362729e-03
3.175000000000e+02 6.894394825968e-03
3.180000000000e+02 6.764928665974e-03
3.185000000000e+02 6.621688666306e-03
3.190000000000e+02 6.463594432836e-03
3.195000000000e+02 6.290212584803e-03
3.200000000000e+02 6.101777072042e-03
3.205000000000e+02 5.899171982856e-03
3.210000000000e+02 5.683880353849e-03
3.215000000000e+02 5.457904303502e-03
3.220000000000e+02 5.223663185343e-03
3.225000000000e+02 4.983877325899e-03
3.230000000000e+02 4.741445244205e-03
3.235000000000e+02 4.499322047068e-03
3.240000000000e+02 4.260405996384e-03
3.245000000000e+02 4.027439122121e-03
3.250000000000e+02 3.802926304038e-03
3.255000000000e+02 3.589075582412e-03
3.260000000000e+02 3.387760709765e-03
3.265000000000e+02 3.200505249898e-03
3.270000000000e+02 3.028485988880e-03
3.275000000000e+02 2.872552150963e-03
3.280000000000e+02 2.733255994437e-03
3.285000000000e+02 2.610889854048e-03
3.290000000000e+02 2.505524622721e-03
3.295000000000e+02 2.417045017990e-03
3.300000000000e+02 2.345177718832e-03
3.305000000000e+02 2.289509518869e-03
3.310000000000e+02 2.249493931639e-03
3.315000000000e+02 2.224446095747e-03
3.320000000000e+02 2.213527246350e-03
3.325000000000e+02 2.215721328802e-03
3.330000000000e+02 2.229807422365e-03
3.335000000000e+02 2.254332425010e-03
3.340000000000e+02 2.287588855282e-03
3.345000000000e+02 2.327602612787e-03
3.350000000000e+02 2.372135094915e-03
3.355000000000e+02 2.418703215908e-03
3.360000000000e+02 2.464619668364e-03
3.365000000000e+02 2.507054287240e-03
3.370000000000e+02 2.543115725312e-03
3.375000000000e+02 2.569950945089e-03
3.380000000000e+02 2.584858400823e-03
3.385000000000e+02 2.585409349714e-03
3.390000000000e+02 2.569570607335e-03
3.395000000000e+02 2.535821344426e-03
3.400000000000e+02 2.483256280433e-03
3.405000000000e+02 2.411667902743e-03
3.410000000000e+02 2.321601134268e-03
3.415000000000e+02 2.214375155049e-03
3.420000000000e+02 2.092068790824e-03
3.425000000000e+02 1.957467916804e-03
3.430000000000e+02 1.813975567006e-03
3.435000000000e+02 1.665487749183e-03
3.440000000000e+02 1.516240194291e-03
3.445000000000e+02 1.370633269921e-03
3.450000000000e+02 1.233043921331e-03
3.455000000000e+02 1.107634653616e-03
3.460000000000e+02 9.981701433764e-04
3.465000000000e+02 9.078520116612e-04
3.470000000000e+02 8.391815840336e-04
3.475000000000e+02 7.938591312926e-04
3.480000000000e+02 7.727261889029e-04
3.485000000000e+02 7.757551948081e-04
3.490000000000e+02 8.020879961618e-04
3.495000000000e+02 8.501219117608e-04
3.500000000000e+02 9.176391696126e-04
3.505000000000e+02 1.001972843573e-03
3.510000000000e+02 1.100200058395e-03
3.515000000000e+02 1.209351370898e-03
3.520000000000e+02 1.326623991420e-03
3.525000000000e+02 1.449585974586e-03
3.530000000000e+02 1.576358730324e-03
3.535000000000e+02 1.705766189163e-03
3.540000000000e+02 1.837440657502e-03
3.545000000000e+02 1.971877732589e-03
3.550000000000e+02 2.110435486726e-03
3.555000000000e+02 2.255276316924e-03
3.560000000000e+02 2.409253207013e-03
3.565000000000e+02 2.575745468687e-03
3.570000000000e+02 2.758452119060e-03
3.575000000000e+02 2.961153728977e-03
3.580000000000e+02 3.187455673872e-03
3.585000000000e+02 3.440527105142e-03
3.590000000000e+02 3.722850542630e-03
3.595000000000e+02 4.035996721967e-03
3.600000000000e+02 4.380438218002e-03
3.605000000000e+02 4.755413460464e-03
3.610000000000e+02 5.158850161074e-03
3.615000000000e+02 5.587354024282e-03
3.620000000000e+02 6.036265091989e-03
3.625000000000e+02 6.499780374847e-03
3.630000000000e+02 6.971137759120e-03
3.635000000000e+02 7.442852758685e-03
3.640000000000e+02 7.906996703112e-03
3.645000000000e+02 8.355502587377e-03
3.650000000000e+02 8.780483193972e-03
3.655000000000e+02 9.174545328590e-03
3.660000000000e+02 9.531084132218e-03
3.665000000000e+02 9.844542440096e-03
3.670000000000e+02 1.011062199513e-02
3.675000000000e+02 1.032643588635e-02
3.680000000000e+02 1.049059472570e-02
3.685000000000e+02 1.060322262127e-02
3.690000000000e+02 1.066590274930e-02
3.695000000000e+02 1.068155606176e-02
3.700000000000e+02 1.065426017806e-02
3.705000000000e+02 1.058901860531e-02
3.710000000000e+02 1.049149293892e-02
3.715000000000e+02 1.036771248003e-02
3.720000000000e+02 1.022377667448e-02
3.725000000000e+02 1.006556588627e-02
3.730000000000e+02 9.898475270388e-03
3.735000000000e+02 9.727184961034e-03
3.740000000000e+02 9.555477540732e-03
3.745000000000e+02 9.386110943106e-03
3.750000000000e+02 9.220751735811e-03
3.755000000000e+02 9.059970320448e-03
3.760000000000e+02 8.903296170688e-03
3.765000000000e+02 8.749328003439e-03
3.770000000000e+02 8.595890920747e-03
3.775000000000e+02 8.440230227364e-03
3.780000000000e+02 8.279229941727e-03
3.785000000000e+02 8.109643057272e-03
3.790000000000e+02 7.928320412723e-03
3.795000000000e+02 7.732425584771e-03
3.800000000000e+02 7.519624470364e-03
3.805000000000e+02 7.288240084804e-03
3.810000000000e+02 7.037365438234e-03
3.815000000000e+02 6.766930014179e-03
3.820000000000e+02 6.477718191615e-03
3.825000000000e+02 6.171340753890e-03
3.830000000000e+02 5.850163247045e-03
3.835000000000e+02 5.517197236224e-03
3.840000000000e+02 5.175962336418e-03
3.845000000000e+02 4.830328169356e-03
3.850000000000e+02 4.484346065955e-03
3.855000000000e+02 4.142080376553e-03
3.860000000000e+02 3.807448692639e-03
3.865000000000e+02 3.484079184034e-03
3.870000000000e+02 3.175191707139e-03
3.875000000000e+02 2.883507460878e-03
3.880000000000e+02 2.611189892746e-03
3.885000000000e+02 2.359817430808e-03
3.890000000000e+02 2.130386580463e-03
3.895000000000e+02 1.923342107816e-03
3.900000000000e+02 1.738629546295e-03
3.905000000000e+02 1.575764195121e-03
3.910000000000e+02 1.433910181785e-03
3.915000000000e+02 1.311963056132e-03
3.920000000000e+02 1.208629756719e-03
3.925000000000e+02 1.122500593827e-03
3.930000000000e+02 1.052109051899e-03
3.935000000000e+02 9.959766283540e-04
3.940000000000e+02 9.526414811164e-04
3.945000000000e+02 9.206712316820e-04
3.950000000000e+02 8.986617434839e-04
3.955000000000e+02 8.852249556516e-04
3.960000000000e+02 8.789698065436e-04
3.965000000000e+02 8.784808601679e-04
3.970000000000e+02 8.822994109745e-04
3.975000000000e+02 8.889115791256e-04
3.980000000000e+02 8.967472417825e-04
3.985000000000e+02 9.041926289798e-04
3.990000000000e+02 9.096181244313e-04
3.995000000000e+02 9.114213520813e-04
4.000000000000e+02 9.080841118260e-04
4.005000000000e+02 8.982402716578e-04
4.010000000000e+02 8.807504444422e-04
4.015000000000e+02 8.547782803459e-04
4.020000000000e+02 8.198625760784e-04
4.025000000000e+02 7.759792000221e-04
4.030000000000e+02 7.235870880800e-04
4.035000000000e+02 6.636532764303e-04
4.040000000000e+02 5.976530687210e-04
4.045000000000e+02 5.275429201403e-04
4.050000000000e+02 4.557053653437e-04
4.055000000000e+02 3.848672066639e-04
4.060000000000e+02 3.179940848287e-04
4.065000000000e+02 2.581663429833e-04
4.070000000000e+02 2.084426366821e-04
4.075000000000e+02 1.717189210358e-04
4.080000000000e+02 1.505911660523e-04
4.085000000000e+02 1.472303451920e-04
4.090000000000e+02 1.632778765339e-04
4.095000000000e+02 1.997687734605e-04
4.100000000000e+02 2.570883224589e-04
4.105000000000e+02 3.349662250716e-04
4.110000000000e+02 4.325099262489e-04
4.115000000000e+02 5.482764346500e-04
4.120000000000e+02 6.803794712783e-04
4.125000000000e+02 8.266264186612e-04
4.130000000000e+02 9.846774389256e-04
4.135000000000e+02 1.152217428766e-03
4.140000000000e+02 1.327130304025e-03
4.145000000000e+02 1.507664547986e-03
4.150000000000e+02 1.692579070691e-03
4.155000000000e+02 1.881259225899e-03
4.160000000000e+02 2.073794289291e-03
4.165000000000e+02 2.271009745993e-03
4.170000000000e+02 2.474450258722e-03
4.175000000000e+02 2.686312048715e-03
4.180000000000e+02 2.909326454755e-03
4.185000000000e+02 3.146599460741e-03
4.190000000000e+02 3.401414815741e-03
4.195000000000e+02 3.677010835729e-03
4.200000000000e+02 3.976342915403e-03
4.205000000000e+02 4.301845061982e-03
4.210000000000e+02 4.655204298226e-03
4.215000000000e+02 5.037161519278e-03
4.220000000000e+02 5.447351325018e-03
4.225000000000e+02 5.884191531243e-03
4.230000000000e+02 6.344830580270e-03
4.235000000000e+02 6.825158056422e-03
4.240000000000e+02 7.319880129822e-03
4.245000000000e+02 7.822658193020e-03
4.250000000000e+02 8.326305422116e-03
4.255000000000e+02 8.823032691661e-03
4.260000000000e+02 9.304732394119e-03
4.265000000000e+02 9.763286431144e-03
4.270000000000e+02 1.019088309361e-02
4.275000000000e+02 1.058032682724e-02
4.280000000000e+02 1.092532504042e-02
4.285000000000e+02 1.122073714989e-02
4.290000000000e+02 1.146277292608e-02
4.295000000000e+02 1.164912979391e-02
4.300000000000e+02 1.177906192388e-02
4.305000000000e+02 1.185337753623e-02
4.310000000000e+02 1.187436463627e-02
4.315000000000e+02 1.184564918984e-02
4.320000000000e+02 1.177199331917e-02
4.325000000000e+02 1.165904425256e-02
4.330000000000e+02 1.151304731780e-02
4.335000000000e+02 1.134053808798e-02
4.340000000000e+02 1.114802976995e-02
4.345000000000e+02 1.094171201754e-02
4.350000000000e+02 1.072717655582e-02
4.355000000000e+02 1.050918336828e-02
4.360000000000e+02 1.029147882513e-02
4.365000000000e+02 1.007667415891e-02
4.370000000000e+02 9.866189295322e-03
4.375000000000e+02 9.660263420653e-03
4.380000000000e+02 9.458030018536e-03
4.385000000000e+02 9.257650645545e-03
4.390000000000e+02 9.056498629939e-03
4.395000000000e+02 8.851381340182e-03
4.400000000000e+02 8.638787814568e-03
4.405000000000e+02 8.415147463953e-03
4.410000000000e+02 8.177085303512e-03
4.415000000000e+02 7.921659735057e-03
4.420000000000e+02 7.646570239726e-03
4.425000000000e+02 7.350324358246e-03
4.430000000000e+02 7.032355901559e-03
4.435000000000e+02 6.693089287304e-03
4.440000000000e+02 6.333948057764e-03
4.445000000000e+02 5.957308813730e-03
4.450000000000e+02 5.566404811168e-03
4.455000000000e+02 5.165186142566e-03
4.460000000000e+02 4.758145615345e-03
4.465000000000e+02 4.350121031519e-03
4.470000000000e+02 3.946085490136e-03
4.475000000000e+02 3.550937543988e-03
4.480000000000e+02 3.169302554909e-03
4.485000000000e+02 2.805355460215e-03
4.490000000000e+02 2.462673476416e-03
4.495000000000e+02 2.144125146649e-03
4.500000000000e+02 1.851799729586e-03
4.505000000000e+02 1.586978387573e-03
4.510000000000e+02 1.350146121410e-03
4.515000000000e+02 1.141041072521e-03
4.520000000000e+02 9.587358077558e-04
4.525000000000e+02 8.017436306057e-04
4.530000000000e+02 6.681419065061e-04
4.535000000000e+02 5.557038951287e-04
4.540000000000e+02 4.620306570494e-04
4.545000000000e+02 3.846752168885e-04
4.550000000000e+02 3.212522563337e-04
4.555000000000e+02 2.695280855975e-04
4.560000000000e+02 2.274873854889e-04
4.565000000000e+02 1.933750948209e-04
4.570000000000e+02 1.657137045295e-04
4.575000000000e+02 1.432979796949e-04
4.580000000000e+02 1.251706453639e-04
4.585000000000e+02 1.105837437828e-04
4.590000000000e+02 9.895112812475e-05
4.595000000000e+02 8.979786077672e-05
4.600000000000e+02 8.271212567371e-05
4.605000000000e+02 7.730467006126e-05
4.610000000000e+02 7.317981815068e-05
4.615000000000e+02 6.992083048262e-05
4.620000000000e+02 6.709092156966e-05
4.625000000000e+02 6.424971029788e-05
4.630000000000e+02 6.098338263979e-05
4.635000000000e+02 5.694551016645e-05
4.640000000000e+02 5.190439383960e-05
4.645000000000e+02 4.579207392201e-05
4.650000000000e+02 3.874982117443e-05
4.655000000000e+02 3.116502948851e-05
4.660000000000e+02 2.369496153634e-05
4.665000000000e+02 1.727372098761e-05
4.670000000000e+02 1.310007211174e-05
4.675000000000e+02 1.260521007350e-05
4.680000000000e+02 1.740119423770e-05
4.685000000000e+02 2.921237254731e-05
4.690000000000e+02 4.979362508033e-05
4.695000000000e+02 8.084052276916e-05
4.700000000000e+02 1.238974308562e-04
4.705000000000e+02 1.802701056164e-04
4.710000000000e+02 2.509493846809e-04
4.715000000000e+02 3.365521354707e-04
4.720000000000e+02 4.372847164277e-04
4.725000000000e+02 5.529328694593e-04
4.730000000000e+02 6.828802781691e-04
4.735000000000e+02 8.261561005936e-04
4.740000000000e+02 9.815097428632e-04
4.745000000000e+02 1.147509119036e-03
4.750000000000e+02 1.322656782742e-03
4.755000000000e+02 1.505516752293e-03
4.760000000000e+02 1.694843700848e-03
4.765000000000e+02 1.889705541471e-03
4.770000000000e+02 2.089590367000e-03
4.775000000000e+02 2.294489234265e-03
4.780000000000e+02 2.504947400238e-03
4.785000000000e+02 2.722078274355e-03
4.790000000000e+02 2.947536459922e-03
4.795000000000e+02 3.183448699416e-03
4.800000000000e+02 3.432304169986e-03
4.805000000000e+02 3.696808235862e-03
4.810000000000e+02 3.979706286588e-03
4.815000000000e+02 4.283586510395e-03
4.820000000000e+02 4.610672221166e-03
4.825000000000e+02 4.962615549785e-03
4.830000000000e+02 5.340304833005e-03
4.835000000000e+02 5.743697831041e-03
4.840000000000e+02 6.171691967652e-03
4.845000000000e+02 6.622041147408e-03
4.850000000000e+02 7.091326441296e-03
4.855000000000e+02 7.574985161311e-03
4.860000000000e+02 8.067399717731e-03
4.865000000000e+02 8.562044345207e-03
4.870000000000e+02 9.051684485999e-03
4.875000000000e+02 9.528620524411e-03
4.880000000000e+02 9.984964861634e-03
4.885000000000e+02 1.041293917066e-02
4.890000000000e+02 1.080517721317e-02
4.895000000000e+02 1.115501793226e-02
4.900000000000e+02 1.145677370943e-02
4.905000000000e+02 1.170595969634e-02
4.910000000000e+02 1.189947195548e-02
4.915000000000e+02 1.203570467837e-02
4.920000000000e+02 1.211459985823e-02
4.925000000000e+02 1.213762630850e-02
4.930000000000e+02 1.210768864277e-02
4.935000000000e+02 1.202897055719e-02
4.940000000000e+02 1.190672027283e-02
4.945000000000e+02 1.174698910188e-02
4.950000000000e+02 1.155633662066e-02
4.955000000000e+02 1.134151771996e-02
4.960000000000e+02 1.110916775388e-02
4.965000000000e+02 1.086550206943e-02
4.970000000000e+02 1.061604536301e-02
4.975000000000e+02 1.036540462581e-02
4.980000000000e+02 1.011709700267e-02
4.985000000000e+02 9.873440836261e-03
4.990000000000e+02 9.635514676404e-03
4.995000000000e+02 9.403185298904e-03
5.000000000000e+02 9.175202013701e-03
5.005000000000e+02 8.949350959574e-03
5.010000000000e+02 8.722659883783e-03
5.015000000000e+02 8.491641267381e-03
5.020000000000e+02 8.252559724893e-03
5.025000000000e+02 8.001708482795e-03
5.030000000000e+02 7.735679480024e-03
5.035000000000e+02 7.451612240086e-03
5.040000000000e+02 7.147408092895e-03
5.045000000000e+02 6.821898482777e-03
5.050000000000e+02 6.474958853596e-03
5.055000000000e+02 6.107562786339e-03
5.060000000000e+02 5.721774489750e-03
5.065000000000e+02 5.320681210416e-03
5.070000000000e+02 4.908270435744e-03
5.075000000000e+02 4.489259724275e-03
5.080000000000e+02 4.068889449342e-03
5.085000000000e+02 3.652690553205e-03
5.090000000000e+02 3.246240488601e-03
5.095000000000e+02 2.854920827139e-03
5.100000000000e+02 2.483689539552e-03
5.105000000000e+02 2.136879748253e-03
5.110000000000e+02 1.818034906484e-03
5.115000000000e+02 1.529787995664e-03
5.120000000000e+02 1.273789605916e-03
5.125000000000e+02 1.050686845317e-03
5.130000000000e+02 8.601520891305e-04
5.135000000000e+02 7.009578060052e-04
5.140000000000e+02 5.710912441293e-04
5.145000000000e+02 4.679007633610e-04
5.150000000000e+02 3.882641645872e-04
5.155000000000e+02 3.287685627868e-04
5.160000000000e+02 2.858912026835e-04
5.165000000000e+02 2.561711113109e-04
5.170000000000e+02 2.363625666475e-04
5.175000000000e+02 2.235629469054e-04
5.180000000000e+02 2.153094936687e-04
5.185000000000e+02 2.096417358535e-04
5.190000000000e+02 2.051286312074e-04
5.195000000000e+02 2.008617370953e-04
5.200000000000e+02 1.964177802740e-04
5.205000000000e+02 1.917957310819e-04
5.210000000000e+02 1.873348007917e-04
5.215000000000e+02 1.836206024013e-04
5.220000000000e+02 1.813870101590e-04
5.225000000000e+02 1.814210229485e-04
5.230000000000e+02 1.844772177352e-04
5.235000000000e+02 1.912072398777e-04
5.240000000000e+02 2.021083120685e-04
5.245000000000e+02 2.174930673610e-04
5.250000000000e+02 2.374812499096e-04
5.255000000000e+02 2.620121080446e-04
5.260000000000e+02 2.908747501476e-04
5.265000000000e+02 3.237524519809e-04
5.270000000000e+02 3.602759803802e-04
5.275000000000e+02 4.000804908633e-04
5.280000000000e+02 4.428604930732e-04
5.285000000000e+02 4.884177527514e-04
5.290000000000e+02 5.366977750887e-04
5.295000000000e+02 5.878116258705e-04
5.300000000000e+02 6.420412039212e-04
5.305000000000e+02 6.998275737354e-04
5.310000000000e+02 7.617434838873e-04
5.315000000000e+02 8.284526166973e-04
5.320000000000e+02 9.006593267753e-04
5.325000000000e+02 9.790535346389e-04
5.330000000000e+02 1.064255973044e-03
5.335000000000e+02 1.156769091830e-03
5.340000000000e+02 1.256938596805e-03
5.345000000000e+02 1.364929846864e-03
5.350000000000e+02 1.480722209839e-03
5.355000000000e+02 1.604123058686e-03
5.360000000000e+02 1.734801476098e-03
5.365000000000e+02 1.872340044312e-03
5.370000000000e+02 2.016301453441e-03
5.375000000000e+02 2.166305191323e-03
5.380000000000e+02 2.322108396963e-03
5.385000000000e+02 2.483684167170e-03
5.390000000000e+02 2.651290276203e-03
5.395000000000e+02 2.825521445125e-03
5.400000000000e+02 3.007338990829e-03
5.405000000000e+02 3.198072868472e-03
5.410000000000e+02 3.399392734543e-03
5.415000000000e+02 3.613246608431e-03
5.420000000000e+02 3.841767879629e-03
5.425000000000e+02 4.087153657745e-03
5.430000000000e+02 4.351519645226e-03
5.435000000000e+02 4.636738679389e-03
5.440000000000e+02 4.944271700873e-03
5.445000000000e+02 5.275001038845e-03
5.450000000000e+02 5.629076464267e-03
5.455000000000e+02 6.005784390687e-03
5.460000000000e+02 6.403449874937e-03
5.465000000000e+02 6.819379706554e-03
5.470000000000e+02 7.249852934528e-03
5.475000000000e+02 7.690162760962e-03
5.480000000000e+02 8.134710964430e-03
5.485000000000e+02 8.577153057809e-03
5.490000000000e+02 9.010589409256e-03
5.495000000000e+02 9.427794739733e-03
5.500000000000e+02 9.821475930576e-03
5.505000000000e+02 1.018454608824e-02
5.510000000000e+02 1.051040145340e-02
5.515000000000e+02 1.079318710601e-02
5.520000000000e+02 1.102803756381e-02
5.525000000000e+02 1.121127931052e-02
5.530000000000e+02 1.134058398600e-02
5.535000000000e+02 1.141506334311e-02
5.540000000000e+02 1.143530000128e-02
5.545000000000e+02 1.140331134845e-02
5.550000000000e+02 1.132244747583e-02
5.555000000000e+02 1.119722757632e-02
5.560000000000e+02 1.103312259329e-02
5.565000000000e+02 1.083629487802e-02
5.570000000000e+02 1.061330802655e-02
5.575000000000e+02 1.037082177557e-02
5.580000000000e+02 1.011528773755e-02
5.585000000000e+02 9.852661789050e-03
5.590000000000e+02 9.588148082632e-03
5.595000000000e+02 9.325987974725e-03
5.600000000000e+02 9.069304738083e-03
5.605000000000e+02 8.820011892376e-03
5.610000000000e+02 8.578789509072e-03
5.615000000000e+02 8.345129123073e-03
5.620000000000e+02 8.117444124063e-03
5.625000000000e+02 7.893238918236e-03
5.630000000000e+02 7.669326949252e-03
5.635000000000e+02 7.442085027209e-03
5.640000000000e+02 7.207729484974e-03
5.645000000000e+02 6.962598570124e-03
5.650000000000e+02 6.703425248413e-03
5.655000000000e+02 6.427585250337e-03
5.660000000000e+02 6.133306694599e-03
5.665000000000e+02 5.819829880196e-03
5.670000000000e+02 5.487508719208e-03
5.675000000000e+02 5.137848616138e-03
5.680000000000e+02 4.773479193163e-03
5.685000000000e+02 4.398063906506e-03
5.690000000000e+02 4.016152088609e-03
5.695000000000e+02 3.632982086273e-03
5.700000000000e+02 3.254246771174e-03
5.705000000000e+02 2.885834633499e-03
5.710000000000e+02 2.533560830027e-03
5.715000000000e+02 2.202902888955e-03
5.720000000000e+02 1.898755268544e-03
5.725000000000e+02 1.625215667387e-03
5.730000000000e+02 1.385413978652e-03
5.735000000000e+02 1.181392196972e-03
5.740000000000e+02 1.014040584430e-03
5.745000000000e+02 8.830921628822e-04
5.750000000000e+02 7.871743161331e-04
5.755000000000e+02 7.239131486069e-04
5.760000000000e+02 6.900834364592e-04
5.765000000000e+02 6.817946788407e-04
5.770000000000e+02 6.947020359400e-04
5.775000000000e+02 7.242299123278e-04
5.780000000000e+02 7.657956517642e-04
5.785000000000e+02 8.150212508176e-04
5.790000000000e+02 8.679221272634e-04
5.795000000000e+02 9.210637090019e-04
5.800000000000e+02 9.716788197258e-04
5.805000000000e+02 1.017741382299e-03
5.810000000000e+02 1.057994676853e-03
5.815000000000e+02 1.091935108882e-03
5.820000000000e+02 1.119754998604e-03
5.825000000000e+02 1.142250146378e-03
5.830000000000e+02 1.160699733800e-03
5.835000000000e+02 1.176727390385e-03
5.840000000000e+02 1.192152932193e-03
5.845000000000e+02 1.208844340842e-03
5.850000000000e+02 1.228579017852e-03
5.855000000000e+02 1.252922276223e-03
5.860000000000e+02 1.283129507137e-03
5.865000000000e+02 1.320076599367e-03
5.870000000000e+02 1.364221125281e-03
5.875000000000e+02 1.415594681882e-03
5.880000000000e+02 1.473824729657e-03
5.885000000000e+02 1.538182437544e-03
5.890000000000e+02 1.607651532696e-03
5.895000000000e+02 1.681012057152e-03
5.900000000000e+02 1.756932307715e-03
5.905000000000e+02 1.834062104493e-03
5.910000000000e+02 1.911120887230e-03
5.915000000000e+02 1.986974933257e-03
5.920000000000e+02 2.060699153888e-03
5.925000000000e+02 2.131620360722e-03
5.930000000000e+02 2.199340486289e-03
5.935000000000e+02 2.263739873169e-03
5.940000000000e+02 2.324962290370e-03
5.945000000000e+02 2.383384682592e-03
5.950000000000e+02 2.439575710556e-03
5.955000000000e+02 2.494247825608e-03
5.960000000000e+02 2.548207894272e-03
5.965000000000e+02 2.602311234214e-03
5.970000000000e+02 2.657423360251e-03
5.975000000000e+02 2.714392815887e-03
5.980000000000e+02 2.774037257781e-03
5.985000000000e+02 2.837143564388e-03
5.990000000000e+02 2.904481267076e-03
5.995000000000e+02 2.976827170216e-03
6.000000000000e+02 3.054997752133e-03
6.005000000000e+02 3.139884926711e-03
6.010000000000e+02 3.232490083720e-03
6.015000000000e+02 3.333951077191e-03
6.020000000000e+02 3.445557028916e-03
6.025000000000e+02 3.568746459314e-03
6.030000000000e+02 3.705085318427e-03
6.035000000000e+02 3.856222902140e-03
6.040000000000e+02 4.023825311660e-03
6.045000000000e+02 4.209487934890e-03
6.050000000000e+02 4.414630269119e-03
6.055000000000e+02 4.640378131936e-03
6.060000000000e+02 4.887439791304e-03
6.065000000000e+02 5.155983668225e-03
6.070000000000e+02 5.445525928782e-03
6.075000000000e+02 5.754836417158e-03
6.080000000000e+02 6.081870950923e-03
6.085000000000e+02 6.423737005029e-03
6.090000000000e+02 6.776698289493e-03
6.095000000000e+02 7.136221752382e-03
6.100000000000e+02 7.497068221045e-03
6.105000000000e+02 7.853425364207e-03
6.110000000000e+02 8.199079067219e-03
6.115000000000e+02 8.527616823534e-03
6.120000000000e+02 8.832654517491e-03
6.125000000000e+02 9.108076155930e-03
6.130000000000e+02 9.348274826942e-03
6.135000000000e+02 9.548382521940e-03
6.140000000000e+02 9.704476514264e-03
6.145000000000e+02 9.813750764470e-03
6.150000000000e+02 9.874642296549e-03
6.155000000000e+02 9.886904594507e-03
6.160000000000e+02 9.851622699088e-03
6.165000000000e+02 9.771167699045e-03
6.170000000000e+02 9.649091543576e-03
6.175000000000e+02 9.489966367878e-03
6.180000000000e+02 9.299175632389e-03
6.185000000000e+02 9.082667143442e-03
6.190000000000e+02 8.846680280607e-03
6.195000000000e+02 8.597461362970e-03
6.200000000000e+02 8.340981937992e-03
6.205000000000e+02 8.082674810116e-03
6.210000000000e+02 7.827201826992e-03
6.215000000000e+02 7.578265842655e-03
6.220000000000e+02 7.338476960292e-03
6.225000000000e+02 7.109280246470e-03
6.230000000000e+02 6.890948763982e-03
6.235000000000e+02 6.682642179439e-03
6.240000000000e+02 6.482527567570e-03
6.245000000000e+02 6.287955565081e-03
6.250000000000e+02 6.095681922651e-03
6.255000000000e+02 5.902121944425e-03
6.260000000000e+02 5.703623439877e-03
6.265000000000e+02 5.496742753085e-03
6.270000000000e+02 5.278508243558e-03
6.275000000000e+02 5.046656284011e-03
6.280000000000e+02 4.799826377044e-03
6.285000000000e+02 4.537704287476e-03
6.290000000000e+02 4.261105010111e-03
6.295000000000e+02 3.971990776190e-03
6.300000000000e+02 3.673422952548e-03
6.305000000000e+02 3.369450395724e-03
6.310000000000e+02 3.064940377317e-03
6.315000000000e+02 2.765361393371e-03
6.320000000000e+02 2.476529828400e-03
6.325000000000e+02 2.204334413910e-03
6.330000000000e+02 1.954453592810e-03
6.335000000000e+02 1.732081212838e-03
6.340000000000e+02 1.541675411710e-03
6.345000000000e+02 1.386744162827e-03
6.350000000000e+02 1.269678809794e-03
6.355000000000e+02 1.191644159863e-03
6.360000000000e+02 1.152530494982e-03
6.365000000000e+02 1.150969383149e-03
6.370000000000e+02 1.184411634690e-03
6.375000000000e+02 1.249262351549e-03
6.380000000000e+02 1.341064955893e-03
6.385000000000e+02 1.454723528419e-03
6.390000000000e+02 1.584750876113e-03
6.395000000000e+02 1.725528583678e-03
6.400000000000e+02 1.871564936845e-03
6.405000000000e+02 2.017737046626e-03
6.410000000000e+02 2.159504710386e-03
6.415000000000e+02 2.293085433893e-03
6.420000000000e+02 2.415582484552e-03
6.425000000000e+02 2.525060696033e-03
6.430000000000e+02 2.620567823236e-03
6.435000000000e+02 2.702102369324e-03
6.440000000000e+02 2.770531789383e-03
6.445000000000e+02 2.827467646956e-03
6.450000000000e+02 2.875106511030e-03
6.455000000000e+02 2.916047014078e-03
6.460000000000e+02 2.953094466169e-03
6.465000000000e+02 2.989064696523e-03
6.470000000000e+02 3.026598377301e-03
6.475000000000e+02 3.067996020144e-03
6.480000000000e+02 3.115082209081e-03
6.485000000000e+02 3.169105559618e-03
6.490000000000e+02 3.230678514130e-03
6.495000000000e+02 3.299758552710e-03
6.500000000000e+02 3.375669877105e-03
6.505000000000e+02 3.457162267133e-03
6.510000000000e+02 3.542501754242e-03
6.515000000000e+02 3.629586121651e-03
6.520000000000e+02 3.716077110523e-03
6.525000000000e+02 3.799540638534e-03
6.530000000000e+02 3.877586334120e-03
6.535000000000e+02 3.947998233943e-03
6.540000000000e+02 4.008849524072e-03
6.545000000000e+02 4.058595639165e-03
6.550000000000e+02 4.096141757362e-03
6.555000000000e+02 4.120882614024e-03
6.560000000000e+02 4.132714472104e-03
6.565000000000e+02 4.132020899022e-03
6.570000000000e+02 4.119635590200e-03
6.575000000000e+02 4.096786746632e-03
6.580000000000e+02 4.065028383415e-03
6.585000000000e+02 4.026164372452e-03
6.590000000000e+02 3.982170993764e-03
6.595000000000e+02 3.935123305948e-03
6.600000000000e+02 3.887129799043e-03
6.605000000000e+02 3.840278640094e-03
6.610000000000e+02 3.796597461892e-03
6.615000000000e+02 3.758027191073e-03
6.620000000000e+02 3.726408980108e-03
6.625000000000e+02 3.703482013410e-03
6.630000000000e+02 3.690888903232e-03
6.635000000000e+02 3.690184660469e-03
6.640000000000e+02 3.702844877843e-03
6.645000000000e+02 3.730268828146e-03
6.650000000000e+02 3.773773656626e-03
6.655000000000e+02 3.834576701170e-03
6.660000000000e+02 3.913764144155e-03
6.665000000000e+02 4.012245598297e-03
6.670000000000e+02 4.130695748820e-03
6.675000000000e+02 4.269485697791e-03
6.680000000000e+02 4.428608061924e-03
6.685000000000e+02 4.607601046663e-03
6.690000000000e+02 4.805477554531e-03
6.695000000000e+02 5.020665803876e-03
6.700000000000e+02 5.250967881858e-03
6.705000000000e+02 5.493542111795e-03
6.710000000000e+02 5.744914092700e-03
6.715000000000e+02 6.001019815719e-03
6.720000000000e+02 6.257282457466e-03
6.725000000000e+02 6.508722401024e-03
6.730000000000e+02 6.750097869472e-03
6.735000000000e+02 6.976071414800e-03
6.740000000000e+02 7.181395531917e-03
6.745000000000e+02 7.361109001503e-03
6.750000000000e+02 7.510734331008e-03
6.755000000000e+02 7.626465959548e-03
6.760000000000e+02 7.705338789573e-03
6.765000000000e+02 7.745367138174e-03
6.770000000000e+02 7.745645357629e-03
6.775000000000e+02 7.706403111107e-03
6.780000000000e+02 7.629010520758e-03
6.785000000000e+02 7.515931012736e-03
6.790000000000e+02 7.370622521220e-03
6.795000000000e+02 7.197390616863e-03
6.800000000000e+02 7.001199920537e-03
6.805000000000e+02 6.787452679886e-03
6.810000000000e+02 6.561745464459e-03
6.815000000000e+02 6.329616439381e-03
6.820000000000e+02 6.096296502330e-03
6.825000000000e+02 5.866477648576e-03
6.830000000000e+02 5.644111240764e-03
6.835000000000e+02 5.432247427823e-03
6.840000000000e+02 5.232924848429e-03
6.845000000000e+02 5.047117079552e-03
6.850000000000e+02 4.874739195163e-03
6.855000000000e+02 4.714714458020e-03
6.860000000000e+02 4.565097769542e-03
6.865000000000e+02 4.423249246382e-03
6.870000000000e+02 4.286048369666e-03
6.875000000000e+02 4.150136738572e-03
6.880000000000e+02 4.012175701547e-03
6.885000000000e+02 3.869104145968e-03
6.890000000000e+02 3.718381567648e-03
6.895000000000e+02 3.558202232972e-03
6.900000000000e+02 3.387667757763e-03
6.905000000000e+02 3.206907678059e-03
6.910000000000e+02 3.017140455188e-03
6.915000000000e+02 2.820670680096e-03
6.920000000000e+02 2.620821830917e-03
6.925000000000e+02 2.421807588282e-03
6.930000000000e+02 2.228548214431e-03
6.935000000000e+02 2.046441652548e-03
6.940000000000e+02 1.881101618929e-03
6.945000000000e+02 1.738076890331e-03
6.950000000000e+02 1.622567119223e-03
6.955000000000e+02 1.539150774105e-03
6.960000000000e+02 1.491540184267e-03
6.965000000000e+02 1.482377203163e-03
6.970000000000e+02 1.513080776133e-03
6.975000000000e+02 1.583754834835e-03
6.980000000000e+02 1.693161607404e-03
6.985000000000e+02 1.838761821984e-03
6.990000000000e+02 2.016819599091e-03
6.995000000000e+02 2.222566286261e-03
7.000000000000e+02 2.450414287920e-03
7.005000000000e+02 2.694209265492e-03
7.010000000000e+02 2.947507076491e-03
7.015000000000e+02 3.203860596325e-03
7.020000000000e+02 3.457101186060e-03
7.025000000000e+02 3.701600046890e-03
7.030000000000e+02 3.932496001778e-03
7.035000000000e+02 4.145878282627e-03
7.040000000000e+02 4.338915552272e-03
7.045000000000e+02 4.509925494329e-03
7.050000000000e+02 4.658382676878e-03
7.055000000000e+02 4.784865840144e-03
7.060000000000e+02 4.890949075564e-03
7.065000000000e+02 4.979044364934e-03
7.070000000000e+02 5.052205467207e-03
7.075000000000e+02 5.113905040577e-03
7.080000000000e+02 5.167798071547e-03
7.085000000000e+02 5.217485097228e-03
7.090000000000e+02 5.266288344519e-03
7.095000000000e+02 5.317052809336e-03
7.100000000000e+02 5.371982541338e-03
7.105000000000e+02 5.432520104092e-03
7.110000000000e+02 5.499274494309e-03
7.115000000000e+02 5.571999895165e-03
7.120000000000e+02 5.649624683829e-03
7.125000000000e+02 5.730327288258e-03
7.130000000000e+02 5.811652955270e-03
7.135000000000e+02 5.890663392294e-03
7.140000000000e+02 5.964109689950e-03
7.145000000000e+02 6.028617996100e-03
7.150000000000e+02 6.080877129606e-03
7.155000000000e+02 6.117817686928e-03
7.160000000000e+02 6.136773161495e-03
7.165000000000e+02 6.135615082303e-03
7.170000000000e+02 6.112856073656e-03
7.175000000000e+02 6.067716908358e-03
7.180000000000e+02 6.000155926683e-03
7.185000000000e+02 5.910861472927e-03
7.190000000000e+02 5.801210118247e-03
7.195000000000e+02 5.673195264758e-03
7.200000000000e+02 5.529332157974e-03
7.205000000000e+02 5.372546297971e-03
7.210000000000e+02 5.206052693084e-03
7.215000000000e+02 5.033233338200e-03
7.220000000000e+02 4.857519751889e-03
7.225000000000e+02 4.682286434029e-03
7.230000000000e+02 4.510759796261e-03
7.235000000000e+02 4.345945580352e-03
7.240000000000e+02 4.190576134752e-03
7.245000000000e+02 4.047077292552e-03
7.250000000000e+02 3.917553103663e-03
7.255000000000e+02 3.803785427323e-03
7.260000000000e+02 3.707244473445e-03
7.265000000000e+02 3.629105852646e-03
7.270000000000e+02 3.570269584448e-03
7.275000000000e+02 3.531376818749e-03
7.280000000000e+02 3.512820713375e-03
7.285000000000e+02 3.514748918117e-03
7.290000000000e+02 3.537056356409e-03
7.295000000000e+02 3.579368366043e-03
7.300000000000e+02 3.641015645691e-03
7.305000000000e+02 3.721003738868e-03
7.310000000000e+02 3.817980862289e-03
7.315000000000e+02 3.930208656801e-03
7.320000000000e+02 4.055540833814e-03
7.325000000000e+02 4.191414662713e-03
7.330000000000e+02 4.334859780964e-03
7.335000000000e+02 4.482527926084e-03
7.340000000000e+02 4.630745937454e-03
7.345000000000e+02 4.775592834200e-03
7.350000000000e+02 4.913000045643e-03
7.355000000000e+02 5.038872072351e-03
7.360000000000e+02 5.149223117156e-03
7.365000000000e+02 5.240323675509e-03
7.370000000000e+02 5.308849833316e-03
7.375000000000e+02 5.352027191195e-03
7.380000000000e+02 5.367760994975e-03
7.385000000000e+02 5.354744251315e-03
7.390000000000e+02 5.312536356878e-03
7.395000000000e+02 5.241606046363e-03
7.400000000000e+02 5.143334208504e-03
7.405000000000e+02 5.019974237448e-03
7.410000000000e+02 4.874569958444e-03
7.415000000000e+02 4.710833650425e-03
7.420000000000e+02 4.532989130083e-03
7.425000000000e+02 4.345587106278e-03
7.430000000000e+02 4.153301912381e-03
7.435000000000e+02 3.960720145622e-03
7.440000000000e+02 3.772132582819e-03
7.445000000000e+02 3.591340928797e-03
7.450000000000e+02 3.421490455818e-03
7.455000000000e+02 3.264938417993e-03
7.460000000000e+02 3.123166326246e-03
7.465000000000e+02 2.996741837800e-03
7.470000000000e+02 2.885333276675e-03
7.475000000000e+02 2.787776812259e-03
7.480000000000e+02 2.702193255965e-03
7.485000000000e+02 2.626148473140e-03
7.490000000000e+02 2.556848728824e-03
7.495000000000e+02 2.491360058368e-03
7.500000000000e+02 2.426839119411e-03
7.505000000000e+02 2.360762050327e-03
7.510000000000e+02 2.291137700869e-03
7.515000000000e+02 2.216692237834e-03
7.520000000000e+02 2.137013538821e-03
7.525000000000e+02 2.052645901061e-03
7.530000000000e+02 1.965128296933e-03
7.535000000000e+02 1.876972553711e-03
7.540000000000e+02 1.791581244230e-03
7.545000000000e+02 1.713108551677e-03
7.550000000000e+02 1.646270713068e-03
7.555000000000e+02 1.596115655308e-03
7.560000000000e+02 1.567763935443e-03
7.565000000000e+02 1.566134931429e-03
7.570000000000e+02 1.595673287652e-03
7.575000000000e+02 1.660090831085e-03
7.580000000000e+02 1.762138519163e-03
7.585000000000e+02 1.903421489408e-03
7.590000000000e+02 2.084268032853e-03
7.595000000000e+02 2.303660432557e-03
7.600000000000e+02 2.559232256566e-03
7.605000000000e+02 2.847333061388e-03
7.610000000000e+02 3.163157754659e-03
7.615000000000e+02 3.500934295904e-03
7.620000000000e+02 3.854160187102e-03
7.625000000000e+02 4.215875504897e-03
7.630000000000e+02 4.578958208776e-03
7.635000000000e+02 4.936426239267e-03
7.640000000000e+02 5.281730566616e-03
7.645000000000e+02 5.609023881703e-03
7.650000000000e+02 5.913391005367e-03
7.655000000000e+02 6.191029247470e-03
7.660000000000e+02 6.439369747723e-03
7.665000000000e+02 6.657134113328e-03
7.670000000000e+02 6.844324244627e-03
7.675000000000e+02 7.002146903883e-03
7.680000000000e+02 7.132878124741e-03
7.685000000000e+02 7.239675781107e-03
7.690000000000e+02 7.326351353735e-03
7.695000000000e+02 7.397114002076e-03
7.700000000000e+02 7.456301357453e-03
7.705000000000e+02 7.508111937140e-03
7.710000000000e+02 7.556353721323e-03
7.715000000000e+02 7.604222268878e-03
7.720000000000e+02 7.654119853337e-03
7.725000000000e+02 7.707524597306e-03
7.730000000000e+02 7.764915626650e-03
7.735000000000e+02 7.825757032294e-03
7.740000000000e+02 7.888540109030e-03
7.745000000000e+02 7.950880129128e-03
7.750000000000e+02 8.009660986673e-03
7.755000000000e+02 8.061218577608e-03
7.760000000000e+02 8.101551892501e-03
7.765000000000e+02 8.126549588342e-03
7.770000000000e+02 8.132219324261e-03
7.775000000000e+02 8.114907402036e-03
7.780000000000e+02 8.071497208778e-03
7.785000000000e+02 7.999576539716e-03
7.790000000000e+02 7.897565970435e-03
7.795000000000e+02 7.764802911048e-03
7.800000000000e+02 7.601578650380e-03
7.805000000000e+02 7.409128420591e-03
7.810000000000e+02 7.189577116779e-03
7.815000000000e+02 6.945845640567e-03
7.820000000000e+02 6.681524770815e-03
7.825000000000e+02 6.400724897167e-03
7.830000000000e+02 6.107910816636e-03
7.835000000000e+02 5.807731060792e-03
7.840000000000e+02 5.504850901757e-03
7.845000000000e+02 5.203797325569e-03
7.850000000000e+02 4.908822941950e-03
7.855000000000e+02 4.623794126241e-03
7.860000000000e+02 4.352106788602e-03
7.865000000000e+02 4.096631173241e-03
7.870000000000e+02 3.859685143882e-03
7.875000000000e+02 3.643033640053e-03
7.880000000000e+02 3.447910504568e-03
7.885000000000e+02 3.275057774816e-03
7.890000000000e+02 3.124776859018e-03
7.895000000000e+02 2.996985810640e-03
7.900000000000e+02 2.891277163477e-03
7.905000000000e+02 2.806971457635e-03
7.910000000000e+02 2.743162604988e-03
7.915000000000e+02 2.698752519849e-03
7.920000000000e+02 2.672473868216e-03
7.925000000000e+02 2.662901249373e-03
7.930000000000e+02 2.668452499197e-03
7.935000000000e+02 2.687382985122e-03
7.940000000000e+02 2.717776654766e-03
7.945000000000e+02 2.757538132009e-03
7.950000000000e+02 2.804390282403e-03
7.955000000000e+02 2.855881381127e-03
7.960000000000e+02 2.909405330030e-03
7.965000000000e+02 2.962237335129e-03
7.970000000000e+02 3.011586148272e-03
7.975000000000e+02 3.054662494974e-03
7.980000000000e+02 3.088761767245e-03
7.985000000000e+02 3.111357575713e-03
7.990000000000e+02 3.120201447309e-03
7.995000000000e+02 3.113422931595e-03
8.000000000000e+02 3.089623730060e-03
8.005000000000e+02 3.047959253960e-03
8.010000000000e+02 2.988201282552e-03
8.015000000000e+02 2.910776137390e-03
8.020000000000e+02 2.816773978023e-03
8.025000000000e+02 2.707926395756e-03
8.030000000000e+02 2.586551342561e-03
8.035000000000e+02 2.455466464964e-03
8.040000000000e+02 2.317873986655e-03
8.045000000000e+02 2.177222258725e-03
8.050000000000e+02 2.037050836362e-03
8.055000000000e+02 1.900827318898e-03
8.060000000000e+02 1.771785101044e-03
8.065000000000e+02 1.652771547827e-03
8.070000000000e+02 1.546115879822e-03
8.075000000000e+02 1.453525230671e-03
8.080000000000e+02 1.376015946646e-03
8.085000000000e+02 1.313885307266e-03
8.090000000000e+02 1.266726559113e-03
8.095000000000e+02 1.233487604149e-03
8.100000000000e+02 1.212571020342e-03
8.105000000000e+02 1.201970480505e-03
8.110000000000e+02 1.199436239418e-03
8.115000000000e+02 1.202660335346e-03
8.120000000000e+02 1.209470636912e-03
8.125000000000e+02 1.218021967865e-03
8.130000000000e+02 1.226972333924e-03
8.135000000000e+02 1.235632788984e-03
8.140000000000e+02 1.244080701024e-03
8.145000000000e+02 1.253228054914e-03
8.150000000000e+02 1.264838862978e-03
8.155000000000e+02 1.281492611098e-03
8.160000000000e+02 1.306493786418e-03
8.165000000000e+02 1.343730731006e-03
8.170000000000e+02 1.397490154383e-03
8.175000000000e+02 1.472236429862e-03
8.180000000000e+02 1.572367122586e-03
8.185000000000e+02 1.701957903647e-03
8.190000000000e+02 1.864510981551e-03
8.195000000000e+02 2.062721358137e-03
8.200000000000e+02 2.298274566081e-03
8.205000000000e+02 2.571688092961e-03
8.210000000000e+02 2.882206514484e-03
8.215000000000e+02 3.227757562428e-03
8.220000000000e+02 3.604973095101e-03
8.225000000000e+02 4.009275401892e-03
8.230000000000e+02 4.435025660188e-03
8.235000000000e+02 4.875727880022e-03
8.240000000000e+02 5.324278521460e-03
8.245000000000e+02 5.773249336500e-03
8.250000000000e+02 6.215189026838e-03
8.255000000000e+02 6.642928139324e-03
8.260000000000e+02 7.049871314414e-03
8.265000000000e+02 7.430261583143e-03
8.270000000000e+02 7.779402845660e-03
8.275000000000e+02 8.093828882101e-03
8.280000000000e+02 8.371410120125e-03
8.285000000000e+02 8.611392751740e-03
8.290000000000e+02 8.814368464114e-03
8.295000000000e+02 8.982176817131e-03
8.300000000000e+02 9.117745950637e-03
8.305000000000e+02 9.224880630253e-03
8.310000000000e+02 9.308009454738e-03
8.315000000000e+02 9.371905192802e-03
8.320000000000e+02 9.421393574660e-03
8.325000000000e+02 9.461066361025e-03
8.330000000000e+02 9.495014127267e-03
8.335000000000e+02 9.526592961289e-03
8.340000000000e+02 9.558237257983e-03
8.345000000000e+02 9.591328122022e-03
8.350000000000e+02 9.626123722676e-03
8.355000000000e+02 9.661754464087e-03
8.360000000000e+02 9.696282243396e-03
8.365000000000e+02 9.726819572310e-03
8.370000000000e+02 9.749701131945e-03
8.375000000000e+02 9.760697594043e-03
8.380000000000e+02 9.755259421106e-03
8.385000000000e+02 9.728776963896e-03
8.390000000000e+02 9.676842572342e-03
8.395000000000e+02 9.595500644211e-03
8.400000000000e+02 9.481472525508e-03
8.405000000000e+02 9.332344873880e-03
8.410000000000e+02 9.146712387016e-03
8.415000000000e+02 8.924268536344e-03
8.420000000000e+02 8.665840962657e-03
8.425000000000e+02 8.373371303059e-03
8.430000000000e+02 8.049842245016e-03
8.435000000000e+02 7.699157369709e-03
8.440000000000e+02 7.325981700473e-03
8.445000000000e+02 6.935552688105e-03
8.450000000000e+02 6.533472554781e-03
8.455000000000e+02 6.125493433519e-03
8.460000000000e+02 5.717306574691e-03
8.465000000000e+02 5.314346080083e-03
8.470000000000e+02 4.921616242357e-03
8.475000000000e+02 4.543549719981e-03
8.480000000000e+02 4.183901596259e-03
8.485000000000e+02 3.845682004325e-03
8.490000000000e+02 3.531127602225e-03
8.495000000000e+02 3.241709904736e-03
8.500000000000e+02 2.978176459364e-03
8.505000000000e+02 2.740619209885e-03
8.510000000000e+02 2.528563209751e-03
8.515000000000e+02 2.341068184863e-03
8.520000000000e+02 2.176835319196e-03
8.525000000000e+02 2.034312030197e-03
8.530000000000e+02 1.911788362115e-03
8.535000000000e+02 1.807479872976e-03
8.540000000000e+02 1.719593419824e-03
8.545000000000e+02 1.646373936043e-03
8.550000000000e+02 1.586132015961e-03
8.555000000000e+02 1.537253748859e-03
8.560000000000e+02 1.498195660647e-03
8.565000000000e+02 1.467468729020e-03
8.570000000000e+02 1.443616163244e-03
8.575000000000e+02 1.425189939011e-03
8.580000000000e+02 1.410730940281e-03
8.585000000000e+02 1.398757003906e-03
8.590000000000e+02 1.387762240643e-03
8.595000000000e+02 1.376229795379e-03
8.600000000000e+02 1.362658809013e-03
8.605000000000e+02 1.345604866450e-03
8.610000000000e+02 1.323731777902e-03
8.615000000000e+02 1.295871258686e-03
8.620000000000e+02 1.261086050113e-03
8.625000000000e+02 1.218731345439e-03
8.630000000000e+02 1.168509110687e-03
8.635000000000e+02 1.110510050765e-03
8.640000000000e+02 1.045238565486e-03
8.645000000000e+02 9.736170346915e-04
8.650000000000e+02 8.969671028072e-04
8.655000000000e+02 8.169672115863e-04
8.660000000000e+02 7.355873457250e-04
8.665000000000e+02 6.550036873969e-04
8.670000000000e+02 5.774974958317e-04
8.675000000000e+02 5.053439152310e-04
8.680000000000e+02 4.406974594423e-04
8.685000000000e+02 3.854815374848e-04
8.690000000000e+02 3.412895096768e-04
8.695000000000e+02 3.093043721388e-04
8.700000000000e+02 2.902432647037e-04
8.705000000000e+02 2.843316262565e-04
8.710000000000e+02 2.913100580303e-04
8.715000000000e+02 3.104749040041e-04
8.720000000000e+02 3.407513459407e-04
8.725000000000e+02 3.807955807936e-04
8.730000000000e+02 4.291205482486e-04
8.735000000000e+02 4.842378498290e-04
8.740000000000e+02 5.448070787226e-04
8.745000000000e+02 6.097828690916e-04
8.750000000000e+02 6.785496529926e-04
8.755000000000e+02 7.510344240616e-04
8.760000000000e+02 8.277887523198e-04
8.765000000000e+02 9.100328356579e-04
8.770000000000e+02 9.996564334303e-04
8.775000000000e+02 1.099173993710e-03
8.780000000000e+02 1.211634016689e-03
8.785000000000e+02 1.340485530563e-03
8.790000000000e+02 1.489407320185e-03
8.795000000000e+02 1.662108069790e-03
8.800000000000e+02 1.862107696535e-03
8.805000000000e+02 2.092511720164e-03
8.810000000000e+02 2.355791424012e-03
8.815000000000e+02 2.653582740375e-03
8.820000000000e+02 2.986516207954e-03
8.825000000000e+02 3.354089015674e-03
8.830000000000e+02 3.754588126220e-03
8.835000000000e+02 4.185070867455e-03
8.840000000000e+02 4.641406331104e-03
8.845000000000e+02 5.118377595728e-03
8.850000000000e+02 5.609841384512e-03
8.855000000000e+02 6.108938475902e-03
8.860000000000e+02 6.608345200965e-03
8.865000000000e+02 7.100553865350e-03
8.870000000000e+02 7.578168079152e-03
8.875000000000e+02 8.034197882866e-03
8.880000000000e+02 8.462339296899e-03
8.885000000000e+02 8.857223522622e-03
8.890000000000e+02 9.214622461918e-03
8.895000000000e+02 9.531599426866e-03
8.900000000000e+02 9.806596764478e-03
8.905000000000e+02 1.003945546639e-02
8.910000000000e+02 1.023136548406e-02
8.915000000000e+02 1.038474922079e-02
8.920000000000e+02 1.050308431047e-02
8.925000000000e+02 1.059067511146e-02
8.930000000000e+02 1.065238515379e-02
8.935000000000e+02 1.069334491647e-02
8.940000000000e+02 1.071865065754e-02
8.945000000000e+02 1.073307049379e-02
8.950000000000e+02 1.074077350388e-02
8.955000000000e+02 1.074509633024e-02
8.960000000000e+02 1.074835965842e-02
8.965000000000e+02 1.075174417494e-02
8.970000000000e+02 1.075523230827e-02
8.975000000000e+02 1.075761842743e-02
8.980000000000e+02 1.075658641855e-02
8.985000000000e+02 1.074884989120e-02
8.990000000000e+02 1.073034689269e-02
8.995000000000e+02 1.069647811498e-02
9.000000000000e+02 1.064237532690e-02
9.005000000000e+02 1.056318527213e-02
9.010000000000e+02 1.045435361857e-02
9.015000000000e+02 1.031189375260e-02
9.020000000000e+02 1.013262625921e-02
9.025000000000e+02 9.914376745346e-03
9.030000000000e+02 9.656122132382e-03
9.035000000000e+02 9.358078515858e-03
9.040000000000e+02 9.021726985996e-03
9.045000000000e+02 8.649777229905e-03
9.050000000000e+02 8.246072096104e-03
9.055000000000e+02 7.815439404821e-03
9.060000000000e+02 7.363499961137e-03
9.065000000000e+02 6.896442829727e-03
9.070000000000e+02 6.420780352935e-03
9.075000000000e+02 5.943096073914e-03
9.080000000000e+02 5.469798644591e-03
9.085000000000e+02 5.006893980551e-03
9.090000000000e+02 4.559786441176e-03
9.095000000000e+02 4.133117770668e-03
9.100000000000e+02 3.730650071741e-03
9.105000000000e+02 3.355196358302e-03
9.110000000000e+02 3.008599416626e-03
9.115000000000e+02 2.691756967811e-03
9.120000000000e+02 2.404688628633e-03
9.125000000000e+02 2.146638054999e-03
9.130000000000e+02 1.916202035400e-03
9.135000000000e+02 1.711477260565e-03
9.140000000000e+02 1.530215070523e-03
9.145000000000e+02 1.369974672667e-03
9.150000000000e+02 1.228266095957e-03
9.155000000000e+02 1.102675423674e-03
9.160000000000e+02 9.909665266170e-04
9.165000000000e+02 8.911554747068e-04
9.170000000000e+02 8.015558978197e-04
9.175000000000e+02 7.207956528178e-04
9.180000000000e+02 6.478070945107e-04
9.185000000000e+02 5.817949193824e-04
9.190000000000e+02 5.221868502602e-04
9.195000000000e+02 4.685732837967e-04
9.200000000000e+02 4.206423894783e-04
9.205000000000e+02 3.781170223402e-04
9.210000000000e+02 3.406992193741e-04
9.215000000000e+02 3.080270511197e-04
9.220000000000e+02 2.796472815603e-04
9.225000000000e+02 2.550057579999e-04
9.230000000000e+02 2.334558275483e-04
9.235000000000e+02 2.142834821145e-04
9.240000000000e+02 1.967464882919e-04
9.245000000000e+02 1.801235688932e-04
9.250000000000e+02 1.637688550183e-04
9.255000000000e+02 1.471663817643e-04
9.260000000000e+02 1.299793868032e-04
9.265000000000e+02 1.120895871715e-04
9.270000000000e+02 9.362242183288e-05
9.275000000000e+02 7.495539296454e-05
9.280000000000e+02 5.670802980480e-05
9.285000000000e+02 3.971352910735e-05
9.290000000000e+02 2.497367894154e-05
9.295000000000e+02 1.360012812887e-05
9.300000000000e+02 6.746308606639e-06
9.305000000000e+02 5.535253054989e-06
9.310000000000e+02 1.098909728564e-05
9.315000000000e+02 2.396616537445e-05
9.320000000000e+02 4.511118570959e-05
9.325000000000e+02 7.482339134697e-05
9.330000000000e+02 1.132460642561e-04
9.335000000000e+02 1.602795659494e-04
9.340000000000e+02 2.156181575545e-04
9.345000000000e+02 2.788090700330e-04
9.350000000000e+02 3.493304700097e-04
9.355000000000e+02 4.266833104248e-04
9.360000000000e+02 5.104906825719e-04
9.365000000000e+02 6.005973055958e-04
9.370000000000e+02 6.971612861350e-04
9.375000000000e+02 8.007303090033e-04
9.380000000000e+02 9.122949998675e-04
9.385000000000e+02 1.033313315784e-03
9.390000000000e+02 1.165701415951e-03
9.395000000000e+02 1.311788455435e-03
9.400000000000e+02 1.474235012322e-03
9.405000000000e+02 1.655917264934e-03
9.410000000000e+02 1.859781427626e-03
9.415000000000e+02 2.088675174968e-03
9.420000000000e+02 2.345164683742e-03
9.425000000000e+02 2.631347365820e-03
9.430000000000e+02 2.948671242496e-03
9.435000000000e+02 3.297772145451e-03
9.440000000000e+02 3.678339482050e-03
9.445000000000e+02 4.089020176655e-03
9.450000000000e+02 4.527368640332e-03
9.455000000000e+02 4.989848315266e-03
9.460000000000e+02 5.471887610406e-03
9.465000000000e+02 5.967990043014e-03
9.470000000000e+02 6.471895300550e-03
9.475000000000e+02 6.976784921374e-03
9.480000000000e+02 7.475523544603e-03
9.485000000000e+02 7.960924369575e-03
9.490000000000e+02 8.426025742473e-03
9.495000000000e+02 8.864364768404e-03
9.500000000000e+02 9.270233607890e-03
9.505000000000e+02 9.638904689914e-03
9.510000000000e+02 9.966812442899e-03
9.515000000000e+02 1.025168124732e-02
9.520000000000e+02 1.049259204123e-02
9.525000000000e+02 1.068998321657e-02
9.530000000000e+02 1.084558495254e-02
9.535000000000e+02 1.096228974634e-02
9.540000000000e+02 1.104396541451e-02
9.545000000000e+02 1.109522004784e-02
9.550000000000e+02 1.112113112217e-02
9.555000000000e+02 1.112695303570e-02
9.560000000000e+02 1.111781863554e-02
9.565000000000e+02 1.109845073331e-02
9.570000000000e+02 1.107289915763e-02
9.575000000000e+02 1.104431757233e-02
9.580000000000e+02 1.101479217064e-02
9.585000000000e+02 1.098523155568e-02
9.590000000000e+02 1.095532379039e-02
9.595000000000e+02 1.092356293386e-02
9.600000000000e+02 1.088734358127e-02
9.605000000000e+02 1.084311820738e-02
9.610000000000e+02 1.078660868687e-02
9.615000000000e+02 1.071306042389e-02
9.620000000000e+02 1.061752523129e-02
9.625000000000e+02 1.049515758555e-02
9.630000000000e+02 1.034150822801e-02
9.635000000000e+02 1.015279931953e-02
9.640000000000e+02 9.926166464816e-03
9.645000000000e+02 9.659854836617e-03
9.650000000000e+02 9.353359232334e-03
9.655000000000e+02 9.007501035011e-03
9.660000000000e+02 8.624438542600e-03
9.665000000000e+02 8.207610773552e-03
9.670000000000e+02 7.761618444284e-03
9.675000000000e+02 7.292049143172e-03
9.680000000000e+02 6.805256610730e-03
9.685000000000e+02 6.308106320348e-03
9.690000000000e+02 5.807701117826e-03
9.695000000000e+02 5.311101445206e-03
9.700000000000e+02 4.825054615780e-03
9.705000000000e+02 4.355746742753e-03
9.710000000000e+02 3.908589319911e-03
9.715000000000e+02 3.488050217292e-03
9.720000000000e+02 3.097536131534e-03
9.725000000000e+02 2.739330488070e-03
9.730000000000e+02 2.414587614998e-03
9.735000000000e+02 2.123380884433e-03
9.740000000000e+02 1.864799626689e-03
9.745000000000e+02 1.637087129068e-03
9.750000000000e+02 1.437810068266e-03
9.755000000000e+02 1.264048394117e-03
9.760000000000e+02 1.112594041135e-03
9.765000000000e+02 9.801469095732e-04
9.770000000000e+02 8.634973020173e-04
9.775000000000e+02 7.596853572890e-04
9.780000000000e+02 6.661298872902e-04
9.785000000000e+02 5.807212630428e-04
9.790000000000e+02 5.018754625183e-04
9.795000000000e+02 4.285489247421e-04
9.800000000000e+02 3.602162922986e-04
9.805000000000e+02 2.968153189369e-04
9.810000000000e+02 2.386650416626e-04
9.815000000000e+02 1.863646659393e-04
9.820000000000e+02 1.406814207147e-04
9.825000000000e+02 1.024358756078e-04
9.830000000000e+02 7.239288279766e-05
9.835000000000e+02 5.116545430314e-05
9.840000000000e+02 3.913758771428e-05
9.845000000000e+02 3.641041333927e-05
9.850000000000e+02 4.277417597980e-05
9.855000000000e+02 5.770661900983e-05
9.860000000000e+02 8.039644267047e-05
9.865000000000e+02 1.097887909307e-04
9.870000000000e+02 1.446482943130e-04
9.875000000000e+02 1.836341494470e-04
9.880000000000e+02 2.253811104489e-04
9.885000000000e+02 2.685801313835e-04
9.890000000000e+02 3.120527279105e-04
9.895000000000e+02 3.548138822281e-04
9.900000000000e+02 3.961194314818e-04
9.905000000000e+02 4.354952643036e-04
9.910000000000e+02 4.727471940756e-04
9.915000000000e+02 5.079519618553e-04
9.920000000000e+02 5.414313265322e-04
9.925000000000e+02 5.737125119490e-04
9.930000000000e+02 6.054793024228e-04
9.935000000000e+02 6.375187343299e-04
9.940000000000e+02 6.706685733293e-04
9.945000000000e+02 7.057705778343e-04
9.950000000000e+02 7.436339434320e-04
9.955000000000e+02 7.850123465578e-04
9.960000000000e+02 8.305967319189e-04
9.965000000000e+02 8.810245137380e-04
9.970000000000e+02 9.369042980343e-04
9.975000000000e+02 9.988537024931e-04
9.980000000000e+02 1.067546472051e-03
9.985000000000e+02 1.143763973300e-03
9.990000000000e+02 1.228445393063e-03
9.995000000000e+02 1.322730636236e-03
1.000000000000e+03 1.427990055514e-03
1.000500000000e+03 1.545835759005e-03
1.001000000000e+03 1.678110304153e-03
1.001500000000e+03 1.826850039085e-03
1.002000000000e+03 1.994222105774e-03
1.002500000000e+03 2.182436060816e-03
1.003000000000e+03 2.393633068373e-03
1.003500000000e+03 2.629757537764e-03
1.004000000000e+03 2.892417776923e-03
1.004500000000e+03 3.182743584928e-03
1.005000000000e+03 3.501249602867e-03
1.005500000000e+03 3.847713600360e-03
1.006000000000e+03 4.221078646119e-03
1.006500000000e+03 4.619387282538e-03
1.007000000000e+03 5.039754423996e-03
1.007500000000e+03 5.478383791177e-03
1.008000000000e+03 5.930630379802e-03
1.008500000000e+03 6.391108871902e-03
1.009000000000e+03 6.853845182730e-03
1.009500000000e+03 7.312465662045e-03
1.010000000000e+03 7.760416002067e-03
1.010500000000e+03 8.191199805942e-03
1.011000000000e+03 8.598625181943e-03
1.011500000000e+03 8.977046764017e-03
1.012000000000e+03 9.321590298275e-03
1.012500000000e+03 9.628347415471e-03
1.013000000000e+03 9.894529425761e-03
1.013500000000e+03 1.011857087324e-02
1.014000000000e+03 1.030017608027e-02
1.014500000000e+03 1.044030486421e-02
1.015000000000e+03 1.054109686027e-02
1.015500000000e+03 1.060573724982e-02
1.016000000000e+03 1.063826998056e-02
1.016500000000e+03 1.064336758004e-02
1.017000000000e+03 1.062606922675e-02
1.017500000000e+03 1.059150069638e-02
1.018000000000e+03 1.054459102136e-02
1.018500000000e+03 1.048980110697e-02
1.019000000000e+03 1.043087910069e-02
1.019500000000e+03 1.037065602765e-02
1.020000000000e+03 1.031089314478e-02
1.020500000000e+03 1.025218974010e-02
1.021000000000e+03 1.019395685779e-02
1.021500000000e+03 1.013445884619e-02
1.022000000000e+03 1.007092090433e-02
1.022500000000e+03 9.999697154852e-03
1.023000000000e+03 9.916490404836e-03
1.023500000000e+03 9.816611863877e-03
1.024000000000e+03 9.695266837934e-03
1.024500000000e+03 9.547850937535e-03
1.025000000000e+03 9.370240716828e-03
1.025500000000e+03 9.159062932153e-03
1.026000000000e+03 8.911927760980e-03
1.026500000000e+03 8.627613289423e-03
1.027000000000e+03 8.306191246031e-03
1.027500000000e+03 7.949087180210e-03
1.028000000000e+03 7.559071870000e-03
1.028500000000e+03 7.140184493248e-03
1.029000000000e+03 6.697591794265e-03
1.029500000000e+03 6.237390916611e-03
1.030000000000e+03 5.766366558391e-03
1.030500000000e+03 5.291715473820e-03
1.031000000000e+03 4.820752965214e-03
1.031500000000e+03 4.360616797934e-03
1.032000000000e+03 3.917983891788e-03
1.032500000000e+03 3.498814210259e-03
1.033000000000e+03 3.108134547459e-03
1.033500000000e+03 2.749872511070e-03
1.034000000000e+03 2.426748064164e-03
1.034500000000e+03 2.140226695997e-03
1.035000000000e+03 1.890534835859e-03
1.035500000000e+03 1.676734705793e-03
1.036000000000e+03 1.496852623138e-03
1.036500000000e+03 1.348051991310e-03
1.037000000000e+03 1.226840008554e-03
1.037500000000e+03 1.129295595486e-03
1.038000000000e+03 1.051305266737e-03
1.038500000000e+03 9.887936778913e-04
1.039000000000e+03 9.379363470412e-04
1.039500000000e+03 8.953435171852e-04
1.040000000000e+03 8.582061873970e-04
1.040500000000e+03 8.243978600507e-04
1.041000000000e+03 7.925283673201e-04
1.041500000000e+03 7.619490771036e-04
1.042000000000e+03 7.327116582199e-04
1.042500000000e+03 7.054852365526e-04
1.043000000000e+03 6.814390452431e-04
1.043500000000e+03 6.620994377641e-04
1.044000000000e+03 6.491913012964e-04
1.044500000000e+03 6.444744272156e-04
1.045000000000e+03 6.495852547284e-04
1.045500000000e+03 6.658936329090e-04
1.046000000000e+03 6.943829143659e-04
1.046500000000e+03 7.355599014698e-04
1.047000000000e+03 7.893990415446e-04
1.047500000000e+03 8.553229544570e-04
1.048000000000e+03 9.322190275258e-04
1.048500000000e+03 1.018489577741e-03
1.049000000000e+03 1.112131098636e-03
1.049500000000e+03 1.210836495817e-03
1.050000000000e+03 1.312113061768e-03
1.050500000000e+03 1.413408304082e-03
1.051000000000e+03 1.512235644021e-03
1.051500000000e+03 1.606292429435e-03
1.052000000000e+03 1.693563609366e-03
1.052500000000e+03 1.772405717636e-03
1.053000000000e+03 1.841607406511e-03
1.053500000000e+03 1.900424538654e-03
1.054000000000e+03 1.948589657782e-03
1.054500000000e+03 1.986297387843e-03
1.055000000000e+03 2.014168838559e-03
1.055500000000e+03 2.033199320360e-03
1.056000000000e+03 2.044694517341e-03
1.056500000000e+03 2.050200683506e-03
1.057000000000e+03 2.051434399798e-03
1.057500000000e+03 2.050216972004e-03
1.058000000000e+03 2.048417710574e-03
1.058500000000e+03 2.047909185739e-03
1.059000000000e+03 2.050536192163e-03
1.059500000000e+03 2.058098696123e-03
1.060000000000e+03 2.072347593184e-03
1.060500000000e+03 2.094990790328e-03
1.061000000000e+03 2.127706049202e-03
1.061500000000e+03 2.172156274162e-03
1.062000000000e+03 2.230002563437e-03
1.062500000000e+03 2.302910398909e-03
1.063000000000e+03 2.392544832431e-03
1.063500000000e+03 2.500551405446e-03
1.064000000000e+03 2.628520754367e-03
1.064500000000e+03 2.777936320696e-03
1.065000000000e+03 2.950106195553e-03
1.065500000000e+03 3.146081762742e-03
1.066000000000e+03 3.366567337401e-03
1.066500000000e+03 3.611826306700e-03
1.067000000000e+03 3.881590255556e-03
1.067500000000e+03 4.174978114529e-03
1.068000000000e+03 4.490432436858e-03
1.068500000000e+03 4.825679466688e-03
1.069000000000e+03 5.177718705855e-03
1.069500000000e+03 5.542846262322e-03
1.070000000000e+03 5.916714444150e-03
1.070500000000e+03 6.294427952319e-03
1.071000000000e+03 6.670674751946e-03
1.071500000000e+03 7.039887407585e-03
1.072000000000e+03 7.396428504876e-03
1.072500000000e+03 7.734791894709e-03
1.073000000000e+03 8.049810021998e-03
1.073500000000e+03 8.336856651600e-03
1.074000000000e+03 8.592033961553e-03
1.074500000000e+03 8.812333285697e-03
1.075000000000e+03 8.995759760702e-03
1.075500000000e+03 9.141412731934e-03
1.076000000000e+03 9.249515923766e-03
1.076500000000e+03 9.321393971265e-03
1.077000000000e+03 9.359394799443e-03
1.077500000000e+03 9.366760359125e-03
1.078000000000e+03 9.347451207486e-03
1.078500000000e+03 9.305933176922e-03
1.079000000000e+03 9.246936738459e-03
1.079500000000e+03 9.175201483277e-03
1.080000000000e+03 9.095219298366e-03
1.080500000000e+03 9.010990213632e-03
1.081000000000e+03 8.925804508763e-03
1.081500000000e+03 8.842063492150e-03
1.082000000000e+03 8.761149454989e-03
1.082500000000e+03 8.683352756515e-03
1.083000000000e+03 8.607860948417e-03
1.083500000000e+03 8.532811464647e-03
1.084000000000e+03 8.455405878418e-03
1.084500000000e+03 8.372080261301e-03
1.085000000000e+03 8.278722971923e-03
1.085500000000e+03 8.170928441015e-03
1.086000000000e+03 8.044273370274e-03
1.086500000000e+03 7.894600354794e-03
1.087000000000e+03 7.718293360955e-03
1.087500000000e+03 7.512529784918e-03
1.088000000000e+03 7.275494971217e-03
1.088500000000e+03 7.006547027518e-03
1.089000000000e+03 6.706322423148e-03
1.089500000000e+03 6.376776058833e-03
1.090000000000e+03 6.021153062827e-03
1.090500000000e+03 5.643893302370e-03
1.091000000000e+03 5.250473287702e-03
1.091500000000e+03 4.847193577480e-03
1.092000000000e+03 4.440922775576e-03
1.092500000000e+03 4.038811568572e-03
1.093000000000e+03 3.647991859204e-03
1.093500000000e+03 3.275276811708e-03
1.094000000000e+03 2.926877501599e-03
1.094500000000e+03 2.608150863575e-03
1.095000000000e+03 2.323391819032e-03
1.095500000000e+03 2.075679946243e-03
1.096000000000e+03 1.866787979709e-03
1.096500000000e+03 1.697155969947e-03
1.097000000000e+03 1.565931301073e-03
1.097500000000e+03 1.471071160057e-03
1.098000000000e+03 1.409500683736e-03
1.098500000000e+03 1.377317067778e-03
1.099000000000e+03 1.370027568895e-03
1.099500000000e+03 1.382807695289e-03
1.100000000000e+03 1.410765044739e-03
1.100500000000e+03 1.449194251549e-03
1.101000000000e+03 1.493809329951e-03
1.101500000000e+03 1.540941292004e-03
1.102000000000e+03 1.587691167624e-03
1.102500000000e+03 1.632031321924e-03
1.103000000000e+03 1.672851080301e-03
1.103500000000e+03 1.709945947619e-03
1.104000000000e+03 1.743952950098e-03
1.104500000000e+03 1.776237649386e-03
1.105000000000e+03 1.808741005376e-03
1.105500000000e+03 1.843796352566e-03
1.106000000000e+03 1.883928193999e-03
1.106500000000e+03 1.931645236888e-03
1.107000000000e+03 1.989240070431e-03
1.107500000000e+03 2.058607137937e-03
1.108000000000e+03 2.141089245989e-03
1.108500000000e+03 2.237360882662e-03
1.109000000000e+03 2.347354218613e-03
1.109500000000e+03 2.470230992718e-03
1.110000000000e+03 2.604400706801e-03
1.110500000000e+03 2.747582840721e-03
1.111000000000e+03 2.896908311530e-03
1.111500000000e+03 3.049053281668e-03
1.112000000000e+03 3.200396787697e-03
1.112500000000e+03 3.347192596260e-03
1.113000000000e+03 3.485745243511e-03
1.113500000000e+03 3.612580384053e-03
1.114000000000e+03 3.724600332864e-03
1.114500000000e+03 3.819216959386e-03
1.115000000000e+03 3.894455788418e-03
1.115500000000e+03 3.949027153399e-03
1.116000000000e+03 3.982362397900e-03
1.116500000000e+03 3.994615285563e-03
1.117000000000e+03 3.986630818940e-03
1.117500000000e+03 3.959885455910e-03
1.118000000000e+03 3.916404143478e-03
1.118500000000e+03 3.858660583243e-03
1.119000000000e+03 3.789467654986e-03
1.119500000000e+03 3.711864941108e-03
1.120000000000e+03 3.629009837673e-03
1.120500000000e+03 3.544077860589e-03
1.121000000000e+03 3.460176539680e-03
1.121500000000e+03 3.380275841203e-03
1.122000000000e+03 3.307156487692e-03
1.122500000000e+03 3.243375973826e-03
1.123000000000e+03 3.191250627841e-03
1.123500000000e+03 3.152850845816e-03
1.124000000000e+03 3.130005719809e-03
1.124500000000e+03 3.124312752398e-03
1.125000000000e+03 3.137148234119e-03
1.125500000000e+03 3.169674157844e-03
1.126000000000e+03 3.222838226716e-03
1.126500000000e+03 3.297364520641e-03
1.127000000000e+03 3.393733637472e-03
1.127500000000e+03 3.512152516056e-03
1.128000000000e+03 3.652515565765e-03
1.128500000000e+03 3.814360053287e-03
1.129000000000e+03 3.996819820839e-03
1.129500000000e+03 4.198582231508e-03
1.130000000000e+03 4.417853679782e-03
1.130500000000e+03 4.652339016951e-03
1.131000000000e+03 4.899239801945e-03
1.131500000000e+03 5.155275410900e-03
1.132000000000e+03 5.416729768336e-03
1.132500000000e+03 5.679524875371e-03
1.133000000000e+03 5.939320506195e-03
1.133500000000e+03 6.191637544349e-03
1.134000000000e+03 6.432000565666e-03
1.134500000000e+03 6.656093580082e-03
1.135000000000e+03 6.859921446374e-03
1.135500000000e+03 7.039968484660e-03
1.136000000000e+03 7.193345318783e-03
1.136500000000e+03 7.317915042963e-03
1.137000000000e+03 7.412390446784e-03
1.137500000000e+03 7.476395235456e-03
1.138000000000e+03 7.510483896026e-03
1.138500000000e+03 7.516116997226e-03
1.139000000000e+03 7.495591153128e-03
1.139500000000e+03 7.451925486581e-03
1.140000000000e+03 7.388709040811e-03
1.140500000000e+03 7.309916043660e-03
1.141000000000e+03 7.219698070713e-03
1.141500000000e+03 7.122163838230e-03
1.142000000000e+03 7.021158464566e-03
1.142500000000e+03 6.920054484188e-03
1.143000000000e+03 6.821566632101e-03
1.143500000000e+03 6.727601434133e-03
1.144000000000e+03 6.639150977132e-03
1.144500000000e+03 6.556237974127e-03
1.145000000000e+03 6.477916501084e-03
1.145500000000e+03 6.402329715136e-03
1.146000000000e+03 6.326822642695e-03
1.146500000000e+03 6.248104936652e-03
1.147000000000e+03 6.162455533903e-03
1.147500000000e+03 6.065958576513e-03
1.148000000000e+03 5.954757951507e-03
1.148500000000e+03 5.825316482797e-03
1.149000000000e+03 5.674665264937e-03
1.149500000000e+03 5.500628905858e-03
1.150000000000e+03 5.302013543298e-03
1.150500000000e+03 5.078746363998e-03
1.151000000000e+03 4.831957890627e-03
1.151500000000e+03 4.564001369243e-03
1.152000000000e+03 4.278407020542e-03
1.152500000000e+03 3.979772516018e-03
1.153000000000e+03 3.673594601115e-03
1.153500000000e+03 3.366050104964e-03
1.154000000000e+03 3.063737458475e-03
1.154500000000e+03 2.773392119858e-03
1.155000000000e+03 2.501590844601e-03
1.155500000000e+03 2.254460443001e-03
1.156000000000e+03 2.037406497660e-03
1.156500000000e+03 1.854876472561e-03
1.157000000000e+03 1.710169790616e-03
1.157500000000e+03 1.605304892691e-03
1.158000000000e+03 1.540950163045e-03
1.158500000000e+03 1.516422092798e-03
1.159000000000e+03 1.529750354981e-03
1.159500000000e+03 1.577805793625e-03
1.160000000000e+03 1.656483894872e-03
1.160500000000e+03 1.760933305827e-03
1.161000000000e+03 1.885816566808e-03
1.161500000000e+03 2.025588559536e-03
1.162000000000e+03 2.174777338471e-03
1.162500000000e+03 2.328252048335e-03
1.163000000000e+03 2.481463529204e-03
1.163500000000e+03 2.630644913949e-03
1.164000000000e+03 2.772961926625e-03
1.164500000000e+03 2.906605550348e-03
1.165000000000e+03 3.030823074211e-03
1.165500000000e+03 3.145887054553e-03
1.166000000000e+03 3.253005232047e-03
1.166500000000e+03 3.354177730920e-03
1.167000000000e+03 3.452010743965e-03
1.167500000000e+03 3.549498216789e-03
1.168000000000e+03 3.649784661433e-03
1.168500000000e+03 3.755923070915e-03
1.169000000000e+03 3.870641935130e-03
1.169500000000e+03 3.996134587734e-03
1.170000000000e+03 4.133882600461e-03
1.170500000000e+03 4.284522788139e-03
1.171000000000e+03 4.447764730182e-03
1.171500000000e+03 4.622362718064e-03
1.172000000000e+03 4.806142883087e-03
1.172500000000e+03 4.996083132919e-03
1.173000000000e+03 5.188440608826e-03
1.173500000000e+03 5.378918835093e-03
1.174000000000e+03 5.562864705230e-03
1.174500000000e+03 5.735484043265e-03
1.175000000000e+03 5.892063756934e-03
1.175500000000e+03 6.028188587666e-03
1.176000000000e+03 6.139941138466e-03
1.176500000000e+03 6.224075165386e-03
1.177000000000e+03 6.278153953084e-03
1.177500000000e+03 6.300647834025e-03
1.178000000000e+03 6.290987405987e-03
1.178500000000e+03 6.249571595339e-03
1.179000000000e+03 6.177732243694e-03
1.179500000000e+03 6.077659212487e-03
1.180000000000e+03 5.952291970386e-03
1.180500000000e+03 5.805185146352e-03
1.181000000000e+03 5.640356521222e-03
1.181500000000e+03 5.462126355185e-03
1.182000000000e+03 5.274956805959e-03
1.182500000000e+03 5.083299518852e-03
1.183000000000e+03 4.891458333666e-03
1.183500000000e+03 4.703472551563e-03
1.184000000000e+03 4.523024454404e-03
1.184500000000e+03 4.353372899690e-03
1.185000000000e+03 4.197312958684e-03
1.185500000000e+03 4.057159850944e-03
1.186000000000e+03 3.934753968274e-03
1.186500000000e+03 3.831482666453e-03
1.187000000000e+03 3.748313798204e-03
1.187500000000e+03 3.685835698370e-03
1.188000000000e+03 3.644298512589e-03
1.188500000000e+03 3.623652351383e-03
1.189000000000e+03 3.623578691368e-03
1.189500000000e+03 3.643512647849e-03
1.190000000000e+03 3.682655104692e-03
1.190500000000e+03 3.739975093309e-03
1.191000000000e+03 3.814204146706e-03
1.191500000000e+03 3.903825506680e-03
1.192000000000e+03 4.007061936970e-03
1.192500000000e+03 4.121866418221e-03
1.193000000000e+03 4.245920124598e-03
1.193500000000e+03 4.376641789650e-03
1.194000000000e+03 4.511211875238e-03
1.194500000000e+03 4.646613907547e-03
1.195000000000e+03 4.779694011836e-03
1.195500000000e+03 4.907238159270e-03
1.196000000000e+03 5.026065047472e-03
1.196500000000e+03 5.133130992885e-03
1.197000000000e+03 5.225641838574e-03
1.197500000000e+03 5.301165788477e-03
1.198000000000e+03 5.357740363679e-03
1.198500000000e+03 5.393966409982e-03
1.199000000000e+03 5.409082310234e-03
1.199500000000e+03 5.403012279141e-03
1.200000000000e+03 5.376383815242e-03
1.200500000000e+03 5.330510996022e-03
1.201000000000e+03 5.267342235204e-03
1.201500000000e+03 5.189373262157e-03
1.202000000000e+03 5.099528295635e-03
1.202500000000e+03 5.001014525971e-03
1.203000000000e+03 4.897156944916e-03
1.203500000000e+03 4.791222137225e-03
1.204000000000e+03 4.686240754617e-03
1.204500000000e+03 4.584838941642e-03
1.205000000000e+03 4.489088916198e-03
1.205500000000e+03 4.400388206521e-03
1.206000000000e+03 4.319375730808e-03
1.206500000000e+03 4.245891036648e-03
1.207000000000e+03 4.178980691099e-03
1.207500000000e+03 4.116953158269e-03
1.208000000000e+03 4.057480671721e-03
1.208500000000e+03 3.997743772708e-03
1.209000000000e+03 3.934611514891e-03
1.209500000000e+03 3.864847999293e-03
1.210000000000e+03 3.785334050945e-03
1.210500000000e+03 3.693291606036e-03
1.211000000000e+03 3.586497836188e-03
1.211500000000e+03 3.463476245095e-03
1.212000000000e+03 3.323652937787e-03
1.212500000000e+03 3.167467944681e-03
1.213000000000e+03 2.996433796854e-03
1.213500000000e+03 2.813136373091e-03
1.214000000000e+03 2.621176215170e-03
1.214500000000e+03 2.425051857174e-03
1.215000000000e+03 2.229990041491e-03
1.215500000000e+03 2.041730805010e-03
1.216000000000e+03 1.866278126305e-03
1.216500000000e+03 1.709628965174e-03
1.217000000000e+03 1.577494965436e-03
1.217500000000e+03 1.475031737379e-03
1.218000000000e+03 1.406590439476e-03
1.218500000000e+03 1.375505341048e-03
1.219000000000e+03 1.383929219107e-03
1.219500000000e+03 1.432725921004e-03
1.220000000000e+03 1.521426348765e-03
1.220500000000e+03 1.648250663750e-03
1.221000000000e+03 1.810195867600e-03
1.221500000000e+03 2.003184295893e-03
1.222000000000e+03 2.222265172658e-03
1.222500000000e+03 2.461858412881e-03
1.223000000000e+03 2.716027498376e-03
1.223500000000e+03 2.978766627318e-03
1.224000000000e+03 3.244286545091e-03
1.224500000000e+03 3.507283550363e-03
1.225000000000e+03 3.763177132299e-03
1.225500000000e+03 4.008303477105e-03
1.226000000000e+03 4.240054583028e-03
1.226500000000e+03 4.456955797891e-03
1.227000000000e+03 4.658678065727e-03
1.227500000000e+03 4.845984838961e-03
1.228000000000e+03 5.020617269375e-03
1.228500000000e+03 5.185124725959e-03
1.229000000000e+03 5.342650704544e-03
1.229500000000e+03 5.496686624152e-03
1.230000000000e+03 5.650807711091e-03
1.230500000000e+03 5.808406064089e-03
1.231000000000e+03 5.972436025134e-03
1.231500000000e+03 6.145186159519e-03
1.232000000000e+03 6.328090527606e-03
1.232500000000e+03 6.521589613031e-03
1.233000000000e+03 6.725048396467e-03
1.233500000000e+03 6.936735802368e-03
1.234000000000e+03 7.153866289822e-03
1.234500000000e+03 7.372700907763e-03
1.235000000000e+03 7.588701886893e-03
1.235500000000e+03 7.796731977983e-03
1.236000000000e+03 7.991287426176e-03
1.236500000000e+03 8.166751816552e-03
1.237000000000e+03 8.317657119183e-03
1.237500000000e+03 8.438938139792e-03
1.238000000000e+03 8.526167233967e-03
1.238500000000e+03 8.575757514965e-03
1.239000000000e+03 8.585124779899e-03
1.239500000000e+03 8.552800867069e-03
1.240000000000e+03 8.478493980440e-03
1.240500000000e+03 8.363094504022e-03
1.241000000000e+03 8.208627799684e-03
1.241500000000e+03 8.018158265986e-03
1.242000000000e+03 7.795651373886e-03
1.242500000000e+03 7.545802359093e-03
1.243000000000e+03 7.273841638382e-03
1.243500000000e+03 6.985327770162e-03
1.244000000000e+03 6.685938874982e-03
1.244500000000e+03 6.381272891870e-03
1.245000000000e+03 6.076665928760e-03
1.245500000000e+03 5.777036363472e-03
1.246000000000e+03 5.486760384686e-03
1.246500000000e+03 5.209582468832e-03
1.247000000000e+03 4.948562016377e-03
1.247500000000e+03 4.706055166703e-03
1.248000000000e+03 4.483728812647e-03
1.248500000000e+03 4.282602162025e-03
1.249000000000e+03 4.103109938141e-03
1.249500000000e+03 3.945180535574e-03
1.250000000000e+03 3.808322179958e-03
1.250500000000e+03 3.691710372603e-03
1.251000000000e+03 3.594270591694e-03
1.251500000000e+03 3.514751299386e-03
1.252000000000e+03 3.451783672395e-03
1.252500000000e+03 3.403926018918e-03
1.253000000000e+03 3.369692444410e-03
1.253500000000e+03 3.347566859755e-03
1.254000000000e+03 3.336004772997e-03
1.254500000000e+03 3.333426371567e-03
1.255000000000e+03 3.338205110149e-03
1.255500000000e+03 3.348656322479e-03
1.256000000000e+03 3.363030256951e-03
1.256500000000e+03 3.379513411300e-03
1.257000000000e+03 3.396241157015e-03
1.257500000000e+03 3.411323472457e-03
1.258000000000e+03 3.422884240321e-03
1.258500000000e+03 3.429113119069e-03
1.259000000000e+03 3.428327586841e-03
1.259500000000e+03 3.419041494351e-03
1.260000000000e+03 3.400035456576e-03
1.260500000000e+03 3.370423748068e-03
1.261000000000e+03 3.329712108562e-03
1.261500000000e+03 3.277841046902e-03
1.262000000000e+03 3.215209856310e-03
1.262500000000e+03 3.142677591996e-03
1.263000000000e+03 3.061538651513e-03
1.263500000000e+03 2.973472252141e-03
1.264000000000e+03 2.880466905868e-03
1.264500000000e+03 2.784722829162e-03
1.265000000000e+03 2.688536958726e-03
1.265500000000e+03 2.594176750867e-03
1.266000000000e+03 2.503750102331e-03
1.266500000000e+03 2.419079451815e-03
1.267000000000e+03 2.341588332004e-03
1.267500000000e+03 2.272208308364e-03
1.268000000000e+03 2.211313360426e-03
1.268500000000e+03 2.158687371425e-03
1.269000000000e+03 2.113528563429e-03
1.269500000000e+03 2.074492550982e-03
1.270000000000e+03 2.039773314632e-03
1.270500000000e+03 2.007218962805e-03
1.271000000000e+03 1.974476810962e-03
1.271500000000e+03 1.939160214318e-03
1.272000000000e+03 1.899027886786e-03
1.272500000000e+03 1.852165246162e-03
1.273000000000e+03 1.797156736429e-03
1.273500000000e+03 1.733238149949e-03
1.274000000000e+03 1.660418721952e-03
1.274500000000e+03 1.579564172776e-03
1.275000000000e+03 1.492433862768e-03
1.275500000000e+03 1.401667696713e-03
1.276000000000e+03 1.310721230983e-03
1.276500000000e+03 1.223750436602e-03
1.277000000000e+03 1.145450576739e-03
1.277500000000e+03 1.080856487549e-03
1.278000000000e+03 1.035114030731e-03
1.278500000000e+03 1.013234457960e-03
1.279000000000e+03 1.019844761153e-03
1.279500000000e+03 1.058947684387e-03
1.280000000000e+03 1.133704891426e-03
1.280500000000e+03 1.246255811646e-03
1.281000000000e+03 1.397582968088e-03
1.281500000000e+03 1.587432211607e-03
1.282000000000e+03 1.814293372375e-03
1.282500000000e+03 2.075443555846e-03
1.283000000000e+03 2.367051840942e-03
1.283500000000e+03 2.684340683030e-03
1.284000000000e+03 3.021796085010e-03
1.284500000000e+03 3.373415767604e-03
1.285000000000e+03 3.732982314317e-03
1.285500000000e+03 4.094346725349e-03
1.286000000000e+03 4.451707084472e-03
1.286500000000e+03 4.799867174742e-03
1.287000000000e+03 5.134460872393e-03
1.287500000000e+03 5.452129954451e-03
1.288000000000e+03 5.750645475798e-03
1.288500000000e+03 6.028965966478e-03
1.289000000000e+03 6.287229195104e-03
1.289500000000e+03 6.526677941335e-03
1.290000000000e+03 6.749523908470e-03
1.290500000000e+03 6.958757374977e-03
1.291000000000e+03 7.157913232826e-03
1.291500000000e+03 7.350806514908e-03
1.292000000000e+03 7.541252234142e-03
1.292500000000e+03 7.732785243077e-03
1.293000000000e+03 7.928395826593e-03
1.293500000000e+03 8.130295860749e-03
1.294000000000e+03 8.339728661734e-03
1.294500000000e+03 8.556833208125e-03
1.295000000000e+03 8.780570390322e-03
1.295500000000e+03 9.008715496392e-03
1.296000000000e+03 9.237917482775e-03
1.296500000000e+03 9.463821909222e-03
1.297000000000e+03 9.681250948630e-03
1.297500000000e+03 9.884430808459e-03
1.298000000000e+03 1.006725439167e-02
1.298500000000e+03 1.022356521738e-02
1.299000000000e+03 1.034744760904e-02
1.299500000000e+03 1.043350798740e-02
1.300000000000e+03 1.047713277610e-02
1.300500000000e+03 1.047470988668e-02
1.301000000000e+03 1.042380290384e-02
1.301500000000e+03 1.032326980512e-02
1.302000000000e+03 1.017332115812e-02
1.302500000000e+03 9.975516058040e-03
1.303000000000e+03 9.732697406116e-03
1.303500000000e+03 9.448871294166e-03
1.304000000000e+03 9.129038075971e-03
1.304500000000e+03 8.778985020450e-03
1.305000000000e+03 8.405052135185e-03
1.305500000000e+03 8.013883742128e-03
1.306000000000e+03 7.612178643419e-03
1.306500000000e+03 7.206451242862e-03
1.307000000000e+03 6.802814838295e-03
1.307500000000e+03 6.406796562711e-03
1.308000000000e+03 6.023191249908e-03
1.308500000000e+03 5.655958981364e-03
1.309000000000e+03 5.308168396142e-03
1.309500000000e+03 4.981985182036e-03
1.310000000000e+03 4.678702672943e-03
1.310500000000e+03 4.398809299901e-03
1.311000000000e+03 4.142085900188e-03
1.311500000000e+03 3.907724669781e-03
1.312000000000e+03 3.694460900596e-03
1.312500000000e+03 3.500708590630e-03
1.313000000000e+03 3.324691526797e-03
1.313500000000e+03 3.164562458341e-03
1.314000000000e+03 3.018504411737e-03
1.314500000000e+03 2.884809932180e-03
1.315000000000e+03 2.761935941273e-03
1.315500000000e+03 2.648533838637e-03
1.316000000000e+03 2.543456312360e-03
1.316500000000e+03 2.445743935907e-03
1.317000000000e+03 2.354595914754e-03
1.317500000000e+03 2.269330225719e-03
1.318000000000e+03 2.189338820382e-03
1.318500000000e+03 2.114043526025e-03
1.319000000000e+03 2.042857794654e-03
1.319500000000e+03 1.975158572851e-03
1.320000000000e+03 1.910271372421e-03
1.320500000000e+03 1.847470213066e-03
1.321000000000e+03 1.785992598311e-03
1.321500000000e+03 1.725068194016e-03
1.322000000000e+03 1.663958521803e-03
1.322500000000e+03 1.602003863372e-03
1.323000000000e+03 1.538672782594e-03
1.323500000000e+03 1.473609272764e-03
1.324000000000e+03 1.406672559174e-03
1.324500000000e+03 1.337965033313e-03
1.325000000000e+03 1.267844634265e-03
1.325500000000e+03 1.196919164940e-03
1.326000000000e+03 1.126021450268e-03
1.326500000000e+03 1.056165805875e-03
1.327000000000e+03 9.884878725486e-04
1.327500000000e+03 9.241713617873e-04
1.328000000000e+03 8.643665359209e-04
1.328500000000e+03 8.101062075994e-04
1.329000000000e+03 7.622256071491e-04
1.329500000000e+03 7.212925743598e-04
1.330000000000e+03 6.875541612057e-04
1.330500000000e+03 6.609048906805e-04
1.331000000000e+03 6.408806489250e-04
1.331500000000e+03 6.266805653441e-04
1.332000000000e+03 6.172173612496e-04
1.332500000000e+03 6.111946420860e-04
1.333000000000e+03 6.072076070735e-04
1.333500000000e+03 6.038617913248e-04
1.334000000000e+03 5.999028725036e-04
1.334500000000e+03 5.943493860887e-04
1.335000000000e+03 5.866194960060e-04
1.335500000000e+03 5.766428276553e-04
1.336000000000e+03 5.649488192104e-04
1.336500000000e+03 5.527240784568e-04
1.337000000000e+03 5.418328012444e-04
1.337500000000e+03 5.347963324663e-04
1.338000000000e+03 5.347303179942e-04
1.338500000000e+03 5.452404667939e-04
1.339000000000e+03 5.702805604349e-04
1.339500000000e+03 6.139788480112e-04
1.340000000000e+03 6.804411869716e-04
1.340500000000e+03 7.735410858490e-04
1.341000000000e+03 8.967080477579e-04
1.341500000000e+03 1.052726208971e-03
1.342000000000e+03 1.243555158267e-03
1.342500000000e+03 1.470183995099e-03
1.343000000000e+03 1.732528167683e-03
1.343500000000e+03 2.029376497890e-03
1.344000000000e+03 2.358393160925e-03
1.344500000000e+03 2.716176388955e-03
1.345000000000e+03 3.098372480514e-03
1.345500000000e+03 3.499840506438e-03
1.346000000000e+03 3.914860099113e-03
1.346500000000e+03 4.337372076268e-03
1.347000000000e+03 4.761239548292e-03
1.347500000000e+03 5.180515722925e-03
1.348000000000e+03 5.589703951745e-03
1.348500000000e+03 5.983995711595e-03
1.349000000000e+03 6.359473187960e-03
1.349500000000e+03 6.713264882470e-03
1.350000000000e+03 7.043645113964e-03
1.350500000000e+03 7.350071290080e-03
1.351000000000e+03 7.633156227770e-03
1.351500000000e+03 7.894576404711e-03
1.352000000000e+03 8.136920624195e-03
1.352500000000e+03 8.363486965777e-03
1.353000000000e+03 8.578038875891e-03
1.353500000000e+03 8.784533651360e-03
1.354000000000e+03 8.986838241814e-03
1.354500000000e+03 9.188448142745e-03
1.355000000000e+03 9.392225115433e-03
1.355500000000e+03 9.600168549480e-03
1.356000000000e+03 9.813233526461e-03
1.356500000000e+03 1.003120614509e-02
1.357000000000e+03 1.025264356918e-02
1.357500000000e+03 1.047488273361e-02
1.358000000000e+03 1.069411788972e-02
1.358500000000e+03 1.090554340246e-02
1.359000000000e+03 1.110355464057e-02
1.359500000000e+03 1.128199662858e-02
1.360000000000e+03 1.143444753516e-02
1.360500000000e+03 1.155452219869e-02
1.361000000000e+03 1.163617984215e-02
1.361500000000e+03 1.167401995783e-02
1.362000000000e+03 1.166355105408e-02
1.362500000000e+03 1.160141850238e-02
1.363000000000e+03 1.148558001004e-02
1.363500000000e+03 1.131542013600e-02
1.364000000000e+03 1.109179859369e-02
1.364500000000e+03 1.081703065491e-02
1.365000000000e+03 1.049480157604e-02
1.365500000000e+03 1.013002041084e-02
1.366000000000e+03 9.728621659027e-03
1.366500000000e+03 9.297325761027e-03
1.367000000000e+03 8.843371349890e-03
1.367500000000e+03 8.374233318624e-03
1.368000000000e+03 7.897341104897e-03
1.368500000000e+03 7.419811134565e-03
1.369000000000e+03 6.948206146265e-03
1.369500000000e+03 6.488332229940e-03
1.370000000000e+03 6.045081979344e-03
1.370500000000e+03 5.622329337018e-03
1.371000000000e+03 5.222878674902e-03
1.371500000000e+03 4.848467586649e-03
1.372000000000e+03 4.499819949762e-03
1.372500000000e+03 4.176743211562e-03
1.373000000000e+03 3.878261707339e-03
1.373500000000e+03 3.602776241147e-03
1.374000000000e+03 3.348239224652e-03
1.374500000000e+03 3.112334408538e-03
1.375000000000e+03 2.892650645032e-03
1.375500000000e+03 2.686840138119e-03
1.376000000000e+03 2.492753183902e-03
1.376500000000e+03 2.308543359755e-03
1.377000000000e+03 2.132739349586e-03
1.377500000000e+03 1.964281941653e-03
1.378000000000e+03 1.802527051762e-03
1.378500000000e+03 1.647217761253e-03
1.379000000000e+03 1.498430185989e-03
1.379500000000e+03 1.356499403839e-03
1.380000000000e+03 1.221932588806e-03
1.380500000000e+03 1.095316889471e-03
1.381000000000e+03 9.772294441805e-04
1.381500000000e+03 8.681562771205e-04
1.382000000000e+03 7.684257328041e-04
1.382500000000e+03 6.781606742292e-04
1.383000000000e+03 5.972520049297e-04
1.383500000000e+03 5.253543035585e-04
1.384000000000e+03 4.619026110924e-04
1.384500000000e+03 4.061478100555e-04
1.385000000000e+03 3.572066935066e-04
1.385500000000e+03 3.141218287914e-04
1.386000000000e+03 2.759257411328e-04
1.386500000000e+03 2.417038066428e-04
1.387000000000e+03 2.106505540190e-04
1.387500000000e+03 1.821147956637e-04
1.388000000000e+03 1.556300810066e-04
1.388500000000e+03 1.309282998731e-04
1.389000000000e+03 1.079357568156e-04
1.389500000000e+03 8.675257179920e-05
1.390000000000e+03 6.761771971529e-05
1.390500000000e+03 5.086328795836e-05
1.391000000000e+03 3.686250872891e-05
1.391500000000e+03 2.597673323258e-05
1.392000000000e+03 1.850670738000e-05
1.392500000000e+03 1.465326271005e-05
1.393000000000e+03 1.449186379742e-05
1.393500000000e+03 1.796439800069e-05
1.394000000000e+03 2.489022744141e-05
1.394500000000e+03 3.499694315764e-05
1.395000000000e+03 4.796958155637e-05
1.395500000000e+03 6.351540744735e-05
1.396000000000e+03 8.143986113265e-05
1.396500000000e+03 1.017280265726e-04
1.397000000000e+03 1.246251050533e-04
1.397500000000e+03 1.507089518884e-04
1.398000000000e+03 1.809478012904e-04
1.398500000000e+03 2.167368817818e-04
1.399000000000e+03 2.599086915996e-04
1.399500000000e+03 3.127132058281e-04
1.400000000000e+03 3.777661381681e-04
1.400500000000e+03 4.579654671539e-04
1.401000000000e+03 5.563786264945e-04
1.401500000000e+03 6.761049076455e-04
1.402000000000e+03 8.201195836316e-04
1.402500000000e+03 9.911078976693e-04
1.403000000000e+03 1.191298246869e-03
1.403500000000e+03 1.422304533784e-03
1.404000000000e+03 1.684987693220e-03
1.404500000000e+03 1.979345801921e-03
1.405000000000e+03 2.304440958337e-03
1.405500000000e+03 2.658369332420e-03
1.406000000000e+03 3.038278523005e-03
1.406500000000e+03 3.440433747616e-03
1.407000000000e+03 3.860331576329e-03
1.407500000000e+03 4.292857075795e-03
1.408000000000e+03 4.732477524677e-03
1.408500000000e+03 5.173463468967e-03
1.409000000000e+03 5.610125958863e-03
1.409500000000e+03 6.037057480663e-03
1.410000000000e+03 6.449363463027e-03
1.410500000000e+03 6.842871356185e-03
1.411000000000e+03 7.214305166973e-03
1.411500000000e+03 7.561414949826e-03
1.412000000000e+03 7.883053025852e-03
1.412500000000e+03 8.179191510015e-03
1.413000000000e+03 8.450878916810e-03
1.413500000000e+03 8.700137008780e-03
1.414000000000e+03 8.929802454520e-03
1.414500000000e+03 9.143321075456e-03
1.415000000000e+03 9.344505292655e-03
1.415500000000e+03 9.537267664876e-03
1.416000000000e+03 9.725344995965e-03
1.416500000000e+03 9.912028280465e-03
1.417000000000e+03 1.009991369405e-02
1.417500000000e+03 1.029068891150e-02
1.418000000000e+03 1.048496729178e-02
1.418500000000e+03 1.068217999733e-02
1.419000000000e+03 1.088053304643e-02
1.419500000000e+03 1.107703280297e-02
1.420000000000e+03 1.126757968184e-02
1.420500000000e+03 1.144712610114e-02
1.421000000000e+03 1.160989115667e-02
1.421500000000e+03 1.174962133249e-02
1.422000000000e+03 1.185988397406e-02
1.422500000000e+03 1.193437838698e-02
1.423000000000e+03 1.196724839027e-02
1.423500000000e+03 1.195338000906e-02
1.424000000000e+03 1.188866874593e-02
1.424500000000e+03 1.177024247885e-02
1.425000000000e+03 1.159662840673e-02
1.425500000000e+03 1.136785546285e-02
1.426000000000e+03 1.108548707345e-02
1.426500000000e+03 1.075258285524e-02
1.427000000000e+03 1.037359161206e-02
1.427500000000e+03 9.954181595101e-03
1.428000000000e+03 9.501017233084e-03
1.428500000000e+03 9.021494237833e-03
1.429000000000e+03 8.523447004004e-03
1.429500000000e+03 8.014843441747e-03
1.430000000000e+03 7.503482751726e-03
1.430500000000e+03 6.996711163790e-03
1.431000000000e+03 6.501169355080e-03
1.431500000000e+03 6.022583228831e-03
1.432000000000e+03 5.565607099174e-03
1.432500000000e+03 5.133725252940e-03
1.433000000000e+03 4.729214529040e-03
1.433500000000e+03 4.353167167572e-03
1.434000000000e+03 4.005569927618e-03
1.434500000000e+03 3.685432540644e-03
1.435000000000e+03 3.390956115199e-03
1.435500000000e+03 3.119730268824e-03
1.436000000000e+03 2.868946624573e-03
1.436500000000e+03 2.635615919974e-03
1.437000000000e+03 2.416776336478e-03
1.437500000000e+03 2.209681724710e-03
1.438000000000e+03 2.011960089938e-03
1.438500000000e+03 1.821734894163e-03
1.439000000000e+03 1.637704278454e-03
1.439500000000e+03 1.459176047551e-03
1.440000000000e+03 1.286059016629e-03
1.440500000000e+03 1.118813929285e-03
1.441000000000e+03 9.583694623595e-04
1.441500000000e+03 8.060107060223e-04
1.442000000000e+03 6.632488463228e-04
1.442500000000e+03 5.316815182883e-04
1.443000000000e+03 4.128534156251e-04
1.443500000000e+03 3.081262538429e-04
1.444000000000e+03 2.185661400363e-04
1.444500000000e+03 1.448548918263e-04
1.445000000000e+03 8.722998406315e-05
1.445500000000e+03 4.545571825176e-05
1.446000000000e+03 1.882604973435e-05
1.446500000000e+03 6.197415559966e-06
1.447000000000e+03 6.048016795458e-06
1.447500000000e+03 1.655844051724e-05
1.448000000000e+03 3.570735169405e-05
1.448500000000e+03 6.137530600824e-05
1.449000000000e+03 9.144955996254e-05
1.449500000000e+03 1.239230778460e-04
1.450000000000e+03 1.569817161122e-04
1.450500000000e+03 1.890747336524e-04
1.451000000000e+03 2.189652360038e-04
1.451500000000e+03 2.457587989322e-04
1.452000000000e+03 2.689102092380e-04
1.452500000000e+03 2.882098833272e-04
1.453000000000e+03 3.037529607925e-04
1.453500000000e+03 3.158952195722e-04
1.454000000000e+03 3.252007427989e-04
1.454500000000e+03 3.323866345005e-04
1.455000000000e+03 3.382700120138e-04
1.455500000000e+03 3.437220100585e-04
1.456000000000e+03 3.496326584619e-04
1.456500000000e+03 3.568893141125e-04
1.457000000000e+03 3.663699319610e-04
1.457500000000e+03 3.789509598891e-04
1.458000000000e+03 3.955281561060e-04
1.458500000000e+03 4.170472728836e-04
1.459000000000e+03 4.445404357710e-04
1.459500000000e+03 4.791632645815e-04
1.460000000000e+03 5.222274000603e-04
1.460500000000e+03 5.752231576252e-04
1.461000000000e+03 6.398275349902e-04
1.461500000000e+03 7.178937285058e-04
1.462000000000e+03 8.114196070073e-04
1.462500000000e+03 9.224941670773e-04
1.463000000000e+03 1.053222741954e-03
1.463500000000e+03 1.205633534892e-03
1.464000000000e+03 1.381569765833e-03
1.464500000000e+03 1.582573228956e-03
1.465000000000e+03 1.809766239509e-03
1.465500000000e+03 2.063739702196e-03
1.466000000000e+03 2.344455286851e-03
1.466500000000e+03 2.651169409757e-03
1.467000000000e+03 2.982385884490e-03
1.467500000000e+03 3.335842757085e-03
1.468000000000e+03 3.708537042922e-03
1.468500000000e+03 4.096788937656e-03
1.469000000000e+03 4.496344707303e-03
1.469500000000e+03 4.902515018981e-03
1.470000000000e+03 5.310343108861e-03
1.470500000000e+03 5.714795053379e-03
1.471000000000e+03 6.110962658956e-03
1.471500000000e+03 6.494268240507e-03
1.472000000000e+03 6.860659918363e-03
1.472500000000e+03 7.206786088364e-03
1.473000000000e+03 7.530138435117e-03
1.473500000000e+03 7.829154242832e-03
1.474000000000e+03 8.103270750329e-03
1.474500000000e+03 8.352926795441e-03
1.475000000000e+03 8.579509863289e-03
1.475500000000e+03 8.785249731749e-03
1.476000000000e+03 8.973063016049e-03
1.476500000000e+03 9.146355869275e-03
1.477000000000e+03 9.308794714619e-03
1.477500000000e+03 9.464057006341e-03
1.478000000000e+03 9.615575499730e-03
1.478500000000e+03 9.766290255178e-03
1.479000000000e+03 9.918422545482e-03
1.479500000000e+03 1.007328396574e-02
1.480000000000e+03 1.023113239463e-02
1.480500000000e+03 1.039108410566e-02
1.481000000000e+03 1.055108839961e-02
1.481500000000e+03 1.070796778488e-02
1.482000000000e+03 1.085752315564e-02
1.482500000000e+03 1.099469981111e-02
1.483000000000e+03 1.111380672969e-02
1.483500000000e+03 1.120877845689e-02
1.484000000000e+03 1.127346646517e-02
1.484500000000e+03 1.130194504626e-02
1.485000000000e+03 1.128881580975e-02
1.485500000000e+03 1.122949475099e-02
1.486000000000e+03 1.112046662734e-02
1.486500000000e+03 1.095949300840e-02
1.487000000000e+03 1.074576275394e-02
1.487500000000e+03 1.047997669251e-02
1.488000000000e+03 1.016436175519e-02
1.488500000000e+03 9.802613567010e-03
1.489000000000e+03 9.399770303280e-03
1.489500000000e+03 8.962024264266e-03
1.490000000000e+03 8.496480904771e-03
1.490500000000e+03 8.010877791559e-03
1.491000000000e+03 7.513277998760e-03
1.491500000000e+03 7.011753678630e-03
1.492000000000e+03 6.514075897679e-03
1.492500000000e+03 6.027426292718e-03
1.493000000000e+03 5.558144715307e-03
1.493500000000e+03 5.111524882164e-03
1.494000000000e+03 4.691667263604e-03
1.494500000000e+03 4.301395185744e-03
1.495000000000e+03 3.942236586874e-03
1.495500000000e+03 3.614470256847e-03
1.496000000000e+03 3.317231909248e-03
1.496500000000e+03 3.048672283407e-03
1.497000000000e+03 2.806156824286e-03
1.497500000000e+03 2.586494483617e-03
1.498000000000e+03 2.386181930903e-03
1.498500000000e+03 2.201649014515e-03
1.499000000000e+03 2.029491681994e-03
1.499500000000e+03 1.866679716552e-03
1.500000000000e+03 1.710728490077e-03
1.500500000000e+03 1.559826349820e-03
1.501000000000e+03 1.412912091496e-03
1.501500000000e+03 1.269700050782e-03
1.502000000000e+03 1.130653480545e-03
1.502500000000e+03 9.969098873717e-04
1.503000000000e+03 8.701647029516e-04
1.503500000000e+03 7.525219117721e-04
1.504000000000e+03 6.463219246144e-04
1.504500000000e+03 5.539579938212e-04
1.505000000000e+03 4.776927691339e-04
1.505500000000e+03 4.194861938249e-04
1.506000000000e+03 3.808448842119e-04
1.506500000000e+03 3.627015045335e-04
1.507000000000e+03 3.653305600404e-04
1.507500000000e+03 3.883046249665e-04
1.508000000000e+03 4.304924561516e-04
1.508500000000e+03 4.900978795342e-04
1.509000000000e+03 5.647359340264e-04
1.509500000000e+03 6.515406578857e-04
1.510000000000e+03 7.472972276809e-04
1.510500000000e+03 8.485899983633e-04
1.511000000000e+03 9.519574001620e-04
1.511500000000e+03 1.054044640551e-03
1.512000000000e+03 1.151745716523e-03
1.512500000000e+03 1.242327306888e-03
1.513000000000e+03 1.323528598871e-03
1.513500000000e+03 1.393632895034e-03
1.514000000000e+03 1.451508816799e-03
1.514500000000e+03 1.496620932447e-03
1.515000000000e+03 1.529011555542e-03
1.515500000000e+03 1.549257158949e-03
1.516000000000e+03 1.558404224236e-03
1.516500000000e+03 1.557890314897e-03
1.517000000000e+03 1.549456674219e-03
1.517500000000e+03 1.535058686817e-03
1.518000000000e+03 1.516780123099e-03
1.518500000000e+03 1.496756255536e-03
1.519000000000e+03 1.477109771023e-03
1.519500000000e+03 1.459902001844e-03
1.520000000000e+03 1.447100472565e-03
1.520500000000e+03 1.440562230373e-03
1.521000000000e+03 1.442031010645e-03
1.521500000000e+03 1.453145094911e-03
1.522000000000e+03 1.475451835663e-03
1.522500000000e+03 1.510424316731e-03
1.523000000000e+03 1.559475527242e-03
1.523500000000e+03 1.623965756749e-03
1.524000000000e+03 1.705199643370e-03
1.524500000000e+03 1.804410369810e-03
1.525000000000e+03 1.922729821955e-03
1.525500000000e+03 2.061144999175e-03
1.526000000000e+03 2.220442479232e-03
1.526500000000e+03 2.401144173558e-03
1.527000000000e+03 2.603438844070e-03
1.527500000000e+03 2.827114786138e-03
1.528000000000e+03 3.071499629440e-03
1.528500000000e+03 3.335413310319e-03
1.529000000000e+03 3.617139898904e-03
1.529500000000e+03 3.914423126879e-03
1.530000000000e+03 4.224489197932e-03
1.530500000000e+03 4.544098843330e-03
1.531000000000e+03 4.869628709876e-03
1.531500000000e+03 5.197180156730e-03
1.532000000000e+03 5.522711526617e-03
1.532500000000e+03 5.842188084763e-03
1.533000000000e+03 6.151742221047e-03
1.533500000000e+03 6.447835309202e-03
1.534000000000e+03 6.727411910163e-03
1.534500000000e+03 6.988036865988e-03
1.535000000000e+03 7.228006290339e-03
1.535500000000e+03 7.446424519078e-03
1.536000000000e+03 7.643240697434e-03
1.536500000000e+03 7.819240769526e-03
1.537000000000e+03 7.975993088256e-03
1.537500000000e+03 8.115748539405e-03
1.538000000000e+03 8.241298814668e-03
1.538500000000e+03 8.355799105655e-03
1.539000000000e+03 8.462563859838e-03
1.539500000000e+03 8.564846182965e-03
1.540000000000e+03 8.665612859982e-03
1.540500000000e+03 8.767327693228e-03
1.541000000000e+03 8.871755860122e-03
1.541500000000e+03 8.979801248247e-03
1.542000000000e+03 9.091387258275e-03
1.542500000000e+03 9.205389440104e-03
1.543000000000e+03 9.319625654128e-03
1.543500000000e+03 9.430906370845e-03
1.544000000000e+03 9.535144409549e-03
1.544500000000e+03 9.627520058950e-03
1.545000000000e+03 9.702694314600e-03
1.545500000000e+03 9.755060099575e-03
1.546000000000e+03 9.779018979303e-03
1.546500000000e+03 9.769269184451e-03
1.547000000000e+03 9.721089827092e-03
1.547500000000e+03 9.630606100339e-03
1.548000000000e+03 9.495021009107e-03
1.548500000000e+03 9.312800757244e-03
1.549000000000e+03 9.083803234989e-03
1.549500000000e+03 8.809341986165e-03
1.550000000000e+03 8.492181426195e-03
1.550500000000e+03 8.136462741066e-03
1.551000000000e+03 7.747563617713e-03
1.551500000000e+03 7.331898527399e-03
1.552000000000e+03 6.896669502119e-03
1.552500000000e+03 6.449580024965e-03
1.553000000000e+03 5.998526646159e-03
1.553500000000e+03 5.551284121010e-03
1.554000000000e+03 5.115200177732e-03
1.554500000000e+03 4.696915442064e-03
1.555000000000e+03 4.302122607240e-03
1.555500000000e+03 3.935376723192e-03
1.556000000000e+03 3.599965617167e-03
1.556500000000e+03 3.297846112294e-03
1.557000000000e+03 3.029648074527e-03
1.557500000000e+03 2.794744598991e-03
1.558000000000e+03 2.591383056579e-03
1.558500000000e+03 2.416868464292e-03
1.559000000000e+03 2.267787900584e-03
1.559500000000e+03 2.140262612632e-03
1.560000000000e+03 2.030213167281e-03
1.560500000000e+03 1.933622547785e-03
1.561000000000e+03 1.846782510278e-03
1.561500000000e+03 1.766509753447e-03
1.562000000000e+03 1.690320439990e-03
1.562500000000e+03 1.616554214956e-03
1.563000000000e+03 1.544441934861e-03
1.563500000000e+03 1.474114668102e-03
1.564000000000e+03 1.406554954105e-03
1.564500000000e+03 1.343494615348e-03
1.565000000000e+03 1.287266413333e-03
1.565500000000e+03 1.240619357331e-03
1.566000000000e+03 1.206509375538e-03
1.566500000000e+03 1.187878242356e-03
1.567000000000e+03 1.187434067366e-03
1.567500000000e+03 1.207446282538e-03
1.568000000000e+03 1.249566951441e-03
1.568500000000e+03 1.314688448977e-03
1.569000000000e+03 1.402845241036e-03
1.569500000000e+03 1.513164779107e-03
1.570000000000e+03 1.643869584809e-03
1.570500000000e+03 1.792329612143e-03
1.571000000000e+03 1.955161119326e-03
1.571500000000e+03 2.128365723021e-03
1.572000000000e+03 2.307501189670e-03
1.572500000000e+03 2.487873955919e-03
1.573000000000e+03 2.664742439167e-03
1.573500000000e+03 2.833519938545e-03
1.574000000000e+03 2.989966329568e-03
1.574500000000e+03 3.130358778897e-03
1.575000000000e+03 3.251633264716e-03
1.575500000000e+03 3.351490672592e-03
1.576000000000e+03 3.428463508330e-03
1.576500000000e+03 3.481941680139e-03
1.577000000000e+03 3.512158197969e-03
1.577500000000e+03 3.520137869870e-03
1.578000000000e+03 3.507614012100e-03
1.578500000000e+03 3.476919720167e-03
1.579000000000e+03 3.430861293918e-03
1.579500000000e+03 3.372581923722e-03
1.580000000000e+03 3.305423718499e-03
1.580500000000e+03 3.232795614617e-03
1.581000000000e+03 3.158053708521e-03
1.581500000000e+03 3.084399191315e-03
1.582000000000e+03 3.014797441977e-03
1.582500000000e+03 2.951920078996e-03
1.583000000000e+03 2.898110008540e-03
1.583500000000e+03 2.855367864035e-03
1.584000000000e+03 2.825356821731e-03
1.584500000000e+03 2.809421690728e-03
1.585000000000e+03 2.808617482864e-03
1.585500000000e+03 2.823742403606e-03
1.586000000000e+03 2.855370375369e-03
1.586500000000e+03 2.903878781866e-03
1.587000000000e+03 2.969468049791e-03
1.587500000000e+03 3.052170879647e-03
1.588000000000e+03 3.151850300185e-03
1.588500000000e+03 3.268187136980e-03
1.589000000000e+03 3.400658839379e-03
1.589500000000e+03 3.548512788989e-03
1.590000000000e+03 3.710738119478e-03
1.590500000000e+03 3.886040632592e-03
1.591000000000e+03 4.072825547665e-03
1.591500000000e+03 4.269192548784e-03
1.592000000000e+03 4.472946905528e-03
1.592500000000e+03 4.681629381068e-03
1.593000000000e+03 4.892566276139e-03
1.593500000000e+03 5.102939384024e-03
1.594000000000e+03 5.309873963327e-03
1.594500000000e+03 5.510541195604e-03
1.595000000000e+03 5.702270108972e-03
1.595500000000e+03 5.882662735177e-03
1.596000000000e+03 6.049705428812e-03
1.596500000000e+03 6.201868893334e-03
1.597000000000e+03 6.338189579570e-03
1.597500000000e+03 6.458325765591e-03
1.598000000000e+03 6.562582773587e-03
1.598500000000e+03 6.651903375742e-03
1.599000000000e+03 6.727821400573e-03
1.599500000000e+03 6.792378759746e-03
1.600000000000e+03 6.848008436990e-03
1.600500000000e+03 6.897388269247e-03
1.601000000000e+03 6.943272452494e-03
1.601500000000e+03 6.988309479429e-03
1.602000000000e+03 7.034856532455e-03
1.602500000000e+03 7.084801113459e-03
1.603000000000e+03 7.139400818148e-03
1.603500000000e+03 7.199151627338e-03
1.604000000000e+03 7.263693896342e-03
1.604500000000e+03 7.331763427625e-03
1.605000000000e+03 7.401192699058e-03
1.605500000000e+03 7.468964614417e-03
1.606000000000e+03 7.531318195505e-03
1.606500000000e+03 7.583902616813e-03
1.607000000000e+03 7.621973073446e-03
1.607500000000e+03 7.640619348197e-03
1.608000000000e+03 7.635015769105e-03
1.608500000000e+03 7.600679664975e-03
1.609000000000e+03 7.533724542565e-03
1.609500000000e+03 7.431094094080e-03
1.610000000000e+03 7.290763821705e-03
1.610500000000e+03 7.111898515456e-03
1.611000000000e+03 6.894955971879e-03
1.611500000000e+03 6.641730083592e-03
1.612000000000e+03 6.355329614388e-03
1.612500000000e+03 6.040092424914e-03
1.613000000000e+03 5.701438434558e-03
1.613500000000e+03 5.345667994460e-03
1.614000000000e+03 4.979715407004e-03
1.614500000000e+03 4.610869879463e-03
1.615000000000e+03 4.246478090749e-03
1.615500000000e+03 3.893643665545e-03
1.616000000000e+03 3.558939118641e-03
1.616500000000e+03 3.248145231025e-03
1.617000000000e+03 2.966031377780e-03
1.617500000000e+03 2.716188121932e-03
1.618000000000e+03 2.500920541491e-03
1.618500000000e+03 2.321207428347e-03
1.619000000000e+03 2.176727876699e-03
1.619500000000e+03 2.065953071113e-03
1.620000000000e+03 1.986297502415e-03
1.620500000000e+03 1.934320588176e-03
1.621000000000e+03 1.905966939477e-03
1.621500000000e+03 1.896831453116e-03
1.622000000000e+03 1.902434135305e-03
1.622500000000e+03 1.918489150122e-03
1.623000000000e+03 1.941153054508e-03
1.623500000000e+03 1.967238501016e-03
1.624000000000e+03 1.994381780201e-03
1.624500000000e+03 2.021155312290e-03
1.625000000000e+03 2.047119421446e-03
1.625500000000e+03 2.072811246957e-03
1.626000000000e+03 2.099672259187e-03
1.626500000000e+03 2.129919345549e-03
1.627000000000e+03 2.166367612410e-03
1.627500000000e+03 2.212215732320e-03
1.628000000000e+03 2.270806702340e-03
1.628500000000e+03 2.345378157692e-03
1.629000000000e+03 2.438816839771e-03
1.629500000000e+03 2.553431432259e-03
1.630000000000e+03 2.690756785669e-03
1.630500000000e+03 2.851400628901e-03
1.631000000000e+03 3.034941336622e-03
1.631500000000e+03 3.239882338846e-03
1.632000000000e+03 3.463665502600e-03
1.632500000000e+03 3.702742477878e-03
1.633000000000e+03 3.952699775409e-03
1.633500000000e+03 4.208430416461e-03
1.634000000000e+03 4.464342528767e-03
1.634500000000e+03 4.714593391791e-03
1.635000000000e+03 4.953336254042e-03
1.635500000000e+03 5.174966809787e-03
1.636000000000e+03 5.374356539312e-03
1.636500000000e+03 5.547061150027e-03
1.637000000000e+03 5.689494026766e-03
1.637500000000e+03 5.799056794158e-03
1.638000000000e+03 5.874221669366e-03
1.638500000000e+03 5.914563077200e-03
1.639000000000e+03 5.920738841431e-03
1.639500000000e+03 5.894423986275e-03
1.640000000000e+03 5.838202623873e-03
1.640500000000e+03 5.755425431355e-03
1.641000000000e+03 5.650041728508e-03
1.641500000000e+03 5.526416083601e-03
1.642000000000e+03 5.389139667189e-03
1.642500000000e+03 5.242846250848e-03
1.643000000000e+03 5.092041853187e-03
1.643500000000e+03 4.940955651577e-03
1.644000000000e+03 4.793418010435e-03
1.644500000000e+03 4.652769456875e-03
1.645000000000e+03 4.521802300091e-03
1.645500000000e+03 4.402734486974e-03
1.646000000000e+03 4.297213346564e-03
1.646500000000e+03 4.206345221717e-03
1.647000000000e+03 4.130745712747e-03
1.647500000000e+03 4.070604432969e-03
1.648000000000e+03 4.025757833990e-03
1.648500000000e+03 3.995763799660e-03
1.649000000000e+03 3.979972298027e-03
1.649500000000e+03 3.977587356820e-03
1.650000000000e+03 3.987716900633e-03
1.650500000000e+03 4.009408449221e-03
1.651000000000e+03 4.041670208005e-03
1.651500000000e+03 4.083478563017e-03
1.652000000000e+03 4.133774309385e-03
1.652500000000e+03 4.191450995224e-03
1.653000000000e+03 4.255339473169e-03
1.653500000000e+03 4.324193068760e-03
1.654000000000e+03 4.396677676994e-03
1.654500000000e+03 4.471370596664e-03
1.655000000000e+03 4.546771047860e-03
1.655500000000e+03 4.621324160516e-03
1.656000000000e+03 4.693458863195e-03
1.656500000000e+03 4.761638649570e-03
1.657000000000e+03 4.824422771800e-03
1.657500000000e+03 4.880534121896e-03
1.658000000000e+03 4.928929022031e-03
1.658500000000e+03 4.968863444733e-03
1.659000000000e+03 4.999949891706e-03
1.659500000000e+03 5.022199316289e-03
1.660000000000e+03 5.036043086352e-03
1.660500000000e+03 5.042331027055e-03
1.661000000000e+03 5.042302998372e-03
1.661500000000e+03 5.037533164866e-03
1.662000000000e+03 5.029847994795e-03
1.662500000000e+03 5.021220956120e-03
1.663000000000e+03 5.013648724711e-03
1.663500000000e+03 5.009015350787e-03
1.664000000000e+03 5.008952121163e-03
1.664500000000e+03 5.014701701710e-03
1.665000000000e+03 5.026995469108e-03
1.665500000000e+03 5.045952697157e-03
1.666000000000e+03 5.071009440632e-03
1.666500000000e+03 5.100883587758e-03
1.667000000000e+03 5.133580695217e-03
1.667500000000e+03 5.166442977458e-03
1.668000000000e+03 5.196241320849e-03
1.668500000000e+03 5.219307583168e-03
1.669000000000e+03 5.231701877972e-03
1.669500000000e+03 5.229407196023e-03
1.670000000000e+03 5.208541733182e-03
1.670500000000e+03 5.165577814095e-03
1.671000000000e+03 5.097555428860e-03
1.671500000000e+03 5.002278211225e-03
1.672000000000e+03 4.878480212853e-03
1.672500000000e+03 4.725953059834e-03
1.673000000000e+03 4.545624960489e-03
1.673500000000e+03 4.339585473358e-03
1.674000000000e+03 4.111052809545e-03
1.674500000000e+03 3.864283575472e-03
1.675000000000e+03 3.604428080450e-03
1.675500000000e+03 3.337337450611e-03
1.676000000000e+03 3.069331620547e-03
1.676500000000e+03 2.806939644505e-03
1.677000000000e+03 2.556625531589e-03
1.677500000000e+03 2.324513850819e-03
1.678000000000e+03 2.116129597787e-03
1.678500000000e+03 1.936166238955e-03
1.679000000000e+03 1.788294472177e-03
1.679500000000e+03 1.675022132851e-03
1.680000000000e+03 1.597612945839e-03
1.680500000000e+03 1.556068625621e-03
1.681000000000e+03 1.549175340308e-03
1.681500000000e+03 1.574611978555e-03
1.682000000000e+03 1.629114197613e-03
1.682500000000e+03 1.708685087286e-03
1.683000000000e+03 1.808840642138e-03
1.683500000000e+03 1.924876249286e-03
1.684000000000e+03 2.052139190175e-03
1.684500000000e+03 2.186291795877e-03
1.685000000000e+03 2.323550411601e-03
1.685500000000e+03 2.460886690911e-03
1.686000000000e+03 2.596179878089e-03
1.686500000000e+03 2.728311526788e-03
1.687000000000e+03 2.857197385580e-03
1.687500000000e+03 2.983754767458e-03
1.688000000000e+03 3.109807405024e-03
1.688500000000e+03 3.237933363408e-03
1.689000000000e+03 3.371264834054e-03
1.689500000000e+03 3.513251377214e-03
1.690000000000e+03 3.667400262764e-03
1.690500000000e+03 3.837008859588e-03
1.691000000000e+03 4.024904470674e-03
1.691500000000e+03 4.233206582008e-03
1.692000000000e+03 4.463125216288e-03
1.692500000000e+03 4.714807035227e-03
1.693000000000e+03 4.987238137911e-03
1.693500000000e+03 5.278209316206e-03
1.694000000000e+03 5.584346037126e-03
1.694500000000e+03 5.901201828122e-03
1.695000000000e+03 6.223410250953e-03
1.695500000000e+03 6.544887460815e-03
1.696000000000e+03 6.859074638409e-03
1.696500000000e+03 7.159207502641e-03
1.697000000000e+03 7.438598770312e-03
1.697500000000e+03 7.690918893672e-03
1.698000000000e+03 7.910460693827e-03
1.698500000000e+03 8.092374589957e-03
1.699000000000e+03 8.232862923260e-03
1.699500000000e+03 8.329324276947e-03
1.700000000000e+03 8.380441547872e-03
1.700500000000e+03 8.386210661109e-03
1.701000000000e+03 8.347910048039e-03
1.701500000000e+03 8.268014145968e-03
1.702000000000e+03 8.150057043373e-03
1.702500000000e+03 7.998454833312e-03
1.703000000000e+03 7.818297118244e-03
1.703500000000e+03 7.615119341514e-03
1.704000000000e+03 7.394668151313e-03
1.704500000000e+03 7.162671824834e-03
1.705000000000e+03 6.924626927718e-03
1.705500000000e+03 6.685610930649e-03
1.706000000000e+03 6.450128560129e-03
1.706500000000e+03 6.221997357504e-03
1.707000000000e+03 6.004275412902e-03
1.707500000000e+03 5.799231687481e-03
1.708000000000e+03 5.608356896646e-03
1.708500000000e+03 5.432410742740e-03
1.709000000000e+03 5.271499482369e-03
1.709500000000e+03 5.125176486146e-03
1.710000000000e+03 4.992557658475e-03
1.710500000000e+03 4.872443357336e-03
1.711000000000e+03 4.763438775549e-03
1.711500000000e+03 4.664065568744e-03
1.712000000000e+03 4.572858760627e-03
1.712500000000e+03 4.488444520033e-03
1.713000000000e+03 4.409596163330e-03
1.713500000000e+03 4.335267559982e-03
1.714000000000e+03 4.264604876868e-03
1.714500000000e+03 4.196939167166e-03
1.715000000000e+03 4.131763586782e-03
1.715500000000e+03 4.068699925448e-03
1.716000000000e+03 4.007459618291e-03
1.716500000000e+03 3.947804437837e-03
1.717000000000e+03 3.889511668616e-03
1.717500000000e+03 3.832347781733e-03
1.718000000000e+03 3.776053526749e-03
1.718500000000e+03 3.720342037638e-03
1.719000000000e+03 3.664910117668e-03
1.719500000000e+03 3.609461441833e-03
1.720000000000e+03 3.553739110043e-03
1.720500000000e+03 3.497563905539e-03
1.721000000000e+03 3.440873849506e-03
1.721500000000e+03 3.383760259032e-03
1.722000000000e+03 3.326495548295e-03
1.722500000000e+03 3.269548466400e-03
1.723000000000e+03 3.213583313885e-03
1.723500000000e+03 3.159440865426e-03
1.724000000000e+03 3.108100166760e-03
1.724500000000e+03 3.060621963790e-03
1.725000000000e+03 3.018076144682e-03
1.725500000000e+03 2.981457107954e-03
1.726000000000e+03 2.951592291029e-03
1.726500000000e+03 2.929050097168e-03
1.727000000000e+03 2.914054055234e-03
1.727500000000e+03 2.906410174638e-03
1.728000000000e+03 2.905454086430e-03
1.728500000000e+03 2.910023694173e-03
1.729000000000e+03 2.918461733500e-03
1.729500000000e+03 2.928650927704e-03
1.730000000000e+03 2.938082429786e-03
1.730500000000e+03 2.943956080910e-03
1.731000000000e+03 2.943308831523e-03
1.731500000000e+03 2.933165607519e-03
1.732000000000e+03 2.910705103896e-03
1.732500000000e+03 2.873431579506e-03
1.733000000000e+03 2.819342818998e-03
1.733500000000e+03 2.747084098551e-03
1.734000000000e+03 2.656078286452e-03
1.734500000000e+03 2.546623131730e-03
1.735000000000e+03 2.419948309699e-03
1.735500000000e+03 2.278226828884e-03
1.736000000000e+03 2.124537849680e-03
1.736500000000e+03 1.962780684575e-03
1.737000000000e+03 1.797542582617e-03
1.737500000000e+03 1.633925678152e-03
1.738000000000e+03 1.477341032548e-03
1.738500000000e+03 1.333279857736e-03
1.739000000000e+03 1.207073638405e-03
1.739500000000e+03 1.103655854353e-03
1.740000000000e+03 1.027338268966e-03
1.740500000000e+03 9.816142610003e-04
1.741000000000e+03 9.690004457469e-04
1.741500000000e+03 9.909259150584e-04
1.742000000000e+03 1.047675922631e-03
1.742500000000e+03 1.138393887749e-03
1.743000000000e+03 1.261142353325e-03
1.743500000000e+03 1.413020198498e-03
1.744000000000e+03 1.590330167063e-03
1.744500000000e+03 1.788787823137e-03
1.745000000000e+03 2.003760562550e-03
1.745500000000e+03 2.230523445459e-03
1.746000000000e+03 2.464517490984e-03
1.746500000000e+03 2.701595763979e-03
1.747000000000e+03 2.938243116637e-03
1.747500000000e+03 3.171756802371e-03
1.748000000000e+03 3.400377287645e-03
1.748500000000e+03 3.623361333829e-03
1.749000000000e+03 3.840992653779e-03
1.749500000000e+03 4.054528982681e-03
1.750000000000e+03 4.266088038321e-03
1.750500000000e+03 4.478478372255e-03
1.751000000000e+03 4.694984325831e-03
1.751500000000e+03 4.919117015928e-03
1.752000000000e+03 5.154345325183e-03
1.752500000000e+03 5.403822138637e-03
1.753000000000e+03 5.670121476371e-03
1.753500000000e+03 5.955001693104e-03
1.754000000000e+03 6.259208574708e-03
1.754500000000e+03 6.582330033321e-03
1.755000000000e+03 6.922711306600e-03
1.755500000000e+03 7.277436261882e-03
1.756000000000e+03 7.642376780848e-03
1.756500000000e+03 8.012308460605e-03
1.757000000000e+03 8.381087226415e-03
1.757500000000e+03 8.741878114819e-03
1.758000000000e+03 9.087424642871e-03
1.758500000000e+03 9.410344987140e-03
1.759000000000e+03 9.703439776433e-03
1.759500000000e+03 9.959995729119e-03
1.760000000000e+03 1.017406966600e-02
1.760500000000e+03 1.034073857792e-02
1.761000000000e+03 1.045630335051e-02
1.761500000000e+03 1.051843632984e-02
1.762000000000e+03 1.052626599832e-02
1.762500000000e+03 1.048039543934e-02
1.763000000000e+03 1.038285480488e-02
1.763500000000e+03 1.023699146069e-02
1.764000000000e+03 1.004730467507e-02
1.764500000000e+03 9.819234463785e-03
1.765000000000e+03 9.558916359471e-03
1.765500000000e+03 9.272915328353e-03
1.766000000000e+03 8.967952745019e-03
1.766500000000e+03 8.650640235379e-03
1.767000000000e+03 8.327233335838e-03
1.767500000000e+03 8.003416362705e-03
1.768000000000e+03 7.684127748689e-03
1.768500000000e+03 7.373432524487e-03
1.769000000000e+03 7.074445765155e-03
1.769500000000e+03 6.789307859681e-03
1.770000000000e+03 6.519209573862e-03
1.770500000000e+03 6.264462228955e-03
1.771000000000e+03 6.024606059560e-03
1.771500000000e+03 5.798548063411e-03
1.772000000000e+03 5.584719498743e-03
1.772500000000e+03 5.381242667374e-03
1.773000000000e+03 5.186096749713e-03
1.773500000000e+03 4.997273195534e-03
1.774000000000e+03 4.812912451161e-03
1.774500000000e+03 4.631415515499e-03
1.775000000000e+03 4.451525838039e-03
1.775500000000e+03 4.272379258674e-03
1.776000000000e+03 4.093521894728e-03
1.776500000000e+03 3.914897960722e-03
1.777000000000e+03 3.736811331021e-03
1.777500000000e+03 3.559866115404e-03
1.778000000000e+03 3.384892531783e-03
1.778500000000e+03 3.212864880580e-03
1.779000000000e+03 3.044818438150e-03
1.779500000000e+03 2.881771613892e-03
1.780000000000e+03 2.724658811874e-03
1.780500000000e+03 2.574278184932e-03
1.781000000000e+03 2.431256972694e-03
1.781500000000e+03 2.296035492466e-03
1.782000000000e+03 2.168869228995e-03
1.782500000000e+03 2.049846966102e-03
1.783000000000e+03 1.938921631036e-03
1.783500000000e+03 1.835949571044e-03
1.784000000000e+03 1.740733417555e-03
1.784500000000e+03 1.653063552038e-03
1.785000000000e+03 1.572753473630e-03
1.785500000000e+03 1.499665054306e-03
1.786000000000e+03 1.433720695526e-03
1.786500000000e+03 1.374900687947e-03
1.787000000000e+03 1.323225521243e-03
1.787500000000e+03 1.278724379539e-03
1.788000000000e+03 1.241392472040e-03
1.788500000000e+03 1.211141074041e-03
1.789000000000e+03 1.187745090630e-03
1.789500000000e+03 1.170793523216e-03
1.790000000000e+03 1.159648363938e-03
1.790500000000e+03 1.153417140311e-03
1.791000000000e+03 1.150943592044e-03
1.791500000000e+03 1.150819823568e-03
1.792000000000e+03 1.151421811765e-03
1.792500000000e+03 1.150968454310e-03
1.793000000000e+03 1.147602536533e-03
1.793500000000e+03 1.139490200541e-03
1.794000000000e+03 1.124933850332e-03
1.794500000000e+03 1.102492044469e-03
1.795000000000e+03 1.071098923392e-03
1.795500000000e+03 1.030175177807e-03
1.796000000000e+03 9.797225460452e-04
1.796500000000e+03 9.203943549263e-04
1.797000000000e+03 8.535356786103e-04
1.797500000000e+03 7.811882339346e-04
1.798000000000e+03 7.060570762977e-04
1.798500000000e+03 6.314383946773e-04
1.799000000000e+03 5.611100934544e-04
1.799500000000e+03 4.991892420360e-04
1.800000000000e+03 4.499627173663e-04
1.800500000000e+03 4.176993086798e-04
1.801000000000e+03 4.064530642526e-04
1.801500000000e+03 4.198686245161e-04
1.802000000000e+03 4.609996256988e-04
1.802500000000e+03 5.321509303657e-04
1.803000000000e+03 6.347544448128e-04
1.803500000000e+03 7.692866585886e-04
1.804000000000e+03 9.352338697138e-04
1.804500000000e+03 1.131108457463e-03
1.805000000000e+03 1.354516680025e-03
1.805500000000e+03 1.602275474704e-03
1.806000000000e+03 1.870572803143e-03
1.806500000000e+03 2.155163392413e-03
1.807000000000e+03 2.451589443719e-03
1.807500000000e+03 2.755414160828e-03
1.808000000000e+03 3.062454906722e-03
1.808500000000e+03 3.369002507195e-03
1.809000000000e+03 3.672013717735e-03
1.809500000000e+03 3.969265142641e-03
1.810000000000e+03 4.259458882444e-03
1.810500000000e+03 4.542272784692e-03
1.811000000000e+03 4.818351240814e-03
1.811500000000e+03 5.089235837555e-03
1.812000000000e+03 5.357238640825e-03
1.812500000000e+03 5.625264263046e-03
1.813000000000e+03 5.896589941650e-03
1.813500000000e+03 6.174615453641e-03
1.814000000000e+03 6.462596650217e-03
1.814500000000e+03 6.763377593873e-03
1.815000000000e+03 7.079136639694e-03
1.815500000000e+03 7.411161290580e-03
1.816000000000e+03 7.759665293978e-03
1.816500000000e+03 8.123659303244e-03
1.817000000000e+03 8.500883617364e-03
1.817500000000e+03 8.887808191533e-03
1.818000000000e+03 9.279701465628e-03
1.818500000000e+03 9.670765791933e-03
1.819000000000e+03 1.005433357236e-02
1.819500000000e+03 1.042311484658e-02
1.820000000000e+03 1.076948419922e-02
1.820500000000e+03 1.108579263951e-02
1.821000000000e+03 1.136468867716e-02
1.821500000000e+03 1.159943225519e-02
1.822000000000e+03 1.178418553484e-02
1.822500000000e+03 1.191426573951e-02
1.823000000000e+03 1.198634728347e-02
1.823500000000e+03 1.199860312043e-02
1.824000000000e+03 1.195077849123e-02
1.824500000000e+03 1.184419384381e-02
1.825000000000e+03 1.168167743821e-02
1.825500000000e+03 1.146743182346e-02
1.826000000000e+03 1.120684177720e-02
1.826500000000e+03 1.090623424376e-02
1.827000000000e+03 1.057260313448e-02
1.827500000000e+03 1.021331344118e-02
1.828000000000e+03 9.835799883556e-03
1.828500000000e+03 9.447275232965e-03
1.829000000000e+03 9.054462548451e-03
1.829500000000e+03 8.663363892825e-03
1.830000000000e+03 8.279075777223e-03
1.830500000000e+03 7.905658756860e-03
1.831000000000e+03 7.546065442106e-03
1.831500000000e+03 7.202127884527e-03
1.832000000000e+03 6.874602041222e-03
1.832500000000e+03 6.563263997649e-03
1.833000000000e+03 6.267050007660e-03
1.833500000000e+03 5.984230329814e-03
1.834000000000e+03 5.712605405804e-03
1.834500000000e+03 5.449712204623e-03
1.835000000000e+03 5.193028563339e-03
1.835500000000e+03 4.940164069406e-03
1.836000000000e+03 4.689027382315e-03
1.836500000000e+03 4.437961782672e-03
1.837000000000e+03 4.185843030877e-03
1.837500000000e+03 3.932136163212e-03
1.838000000000e+03 3.676910485662e-03
1.838500000000e+03 3.420814581311e-03
1.839000000000e+03 3.165015471781e-03
1.839500000000e+03 2.911108031033e-03
1.840000000000e+03 2.661002234405e-03
1.840500000000e+03 2.416796762055e-03
1.841000000000e+03 2.180647827459e-03
1.841500000000e+03 1.954641869747e-03
1.842000000000e+03 1.740679972825e-03
1.842500000000e+03 1.540380627350e-03
1.843000000000e+03 1.355005835118e-03
1.843500000000e+03 1.185413692062e-03
1.844000000000e+03 1.032038610034e-03
1.844500000000e+03 8.948983872496e-04
1.845000000000e+03 7.736255442402e-04
1.845500000000e+03 6.675188235918e-04
1.846000000000e+03 5.756096019746e-04
1.846500000000e+03 4.967372492037e-04
1.847000000000e+03 4.296272247183e-04
1.847500000000e+03 3.729659285222e-04
1.848000000000e+03 3.254669877940e-04
1.848500000000e+03 2.859246997526e-04
1.849000000000e+03 2.532516773068e-04
1.849500000000e+03 2.264992494892e-04
1.850000000000e+03 2.048607354767e-04
1.850500000000e+03 1.876592182857e-04
1.851000000000e+03 1.743227774370e-04
1.851500000000e+03 1.643511982041e-04
1.852000000000e+03 1.572788792135e-04
1.852500000000e+03 1.526389573015e-04
1.853000000000e+03 1.499335366212e-04
1.853500000000e+03 1.486143575236e-04
1.854000000000e+03 1.480773109526e-04
1.854500000000e+03 1.476729653905e-04
1.855000000000e+03 1.467338188232e-04
1.855500000000e+03 1.446174279691e-04
1.856000000000e+03 1.407630205124e-04
1.856500000000e+03 1.347577836453e-04
1.857000000000e+03 1.264078563305e-04
1.857500000000e+03 1.158082302212e-04
1.858000000000e+03 1.034053587859e-04
1.858500000000e+03 9.004633105025e-05
1.859000000000e+03 7.700899864926e-05
1.859500000000e+03 6.600843145844e-05
1.860000000000e+03 5.917646438899e-05
1.860500000000e+03 5.901280190343e-05
1.861000000000e+03 6.830805900907e-05
1.861500000000e+03 9.004111112014e-05
1.862000000000e+03 1.272550642042e-04
1.862500000000e+03 1.829179040578e-04
1.863000000000e+03 2.597753112906e-04
1.863500000000e+03 3.602041260363e-04
1.864000000000e+03 4.860754282889e-04
1.864500000000e+03 6.386361127593e-04
1.865000000000e+03 8.184171639243e-04
1.865500000000e+03 1.025175598498e-03
1.866000000000e+03 1.257875297726e-03
1.866500000000e+03 1.514709794425e-03
1.867000000000e+03 1.793167633076e-03
1.867500000000e+03 2.090138331813e-03
1.868000000000e+03 2.402054402256e-03
1.868500000000e+03 2.725062490434e-03
1.869000000000e+03 3.055214646617e-03
1.869500000000e+03 3.388669153317e-03
1.870000000000e+03 3.721889353667e-03
1.870500000000e+03 4.051828606684e-03
1.871000000000e+03 4.376089892128e-03
1.871500000000e+03 4.693049693444e-03
1.872000000000e+03 5.001937555758e-03
1.872500000000e+03 5.302865058862e-03
1.873000000000e+03 5.596800736672e-03
1.873500000000e+03 5.885490558133e-03
1.874000000000e+03 6.171326782996e-03
1.874500000000e+03 6.457171130007e-03
1.875000000000e+03 6.746141056972e-03
1.875500000000e+03 7.041370375471e-03
1.876000000000e+03 7.345757254015e-03
1.876500000000e+03 7.661713781127e-03
1.877000000000e+03 7.990931582781e-03
1.877500000000e+03 8.334177482768e-03
1.878000000000e+03 8.691131871677e-03
1.878500000000e+03 9.060280373834e-03
1.879000000000e+03 9.438866677402e-03
1.879500000000e+03 9.822911168838e-03
1.880000000000e+03 1.020729646604e-02
1.880500000000e+03 1.058591727496e-02
1.881000000000e+03 1.095188840997e-02
1.881500000000e+03 1.129780152529e-02
1.882000000000e+03 1.161601829417e-02
1.882500000000e+03 1.189898560911e-02
1.883000000000e+03 1.213955698881e-02
1.883500000000e+03 1.233130385043e-02
1.884000000000e+03 1.246880067497e-02
1.884500000000e+03 1.254786934331e-02
1.885000000000e+03 1.256576998386e-02
1.885500000000e+03 1.252132843719e-02
1.886000000000e+03 1.241499375389e-02
1.886500000000e+03 1.224882281412e-02
1.887000000000e+03 1.202639298546e-02
1.887500000000e+03 1.175264750383e-02
1.888000000000e+03 1.143368176057e-02
1.888500000000e+03 1.107648171232e-02
1.889000000000e+03 1.068862803109e-02
1.889500000000e+03 1.027798125061e-02
1.890000000000e+03 9.852363954704e-03
1.890500000000e+03 9.419255958517e-03
1.891000000000e+03 8.985517467326e-03
1.891500000000e+03 8.557153425397e-03
1.892000000000e+03 8.139129798241e-03
1.892500000000e+03 7.735249514497e-03
1.893000000000e+03 7.348092407515e-03
1.893500000000e+03 6.979019937876e-03
1.894000000000e+03 6.628241952566e-03
1.894500000000e+03 6.294939442854e-03
1.895000000000e+03 5.977434385173e-03
1.895500000000e+03 5.673395442857e-03
1.896000000000e+03 5.380066691706e-03
1.896500000000e+03 5.094505686635e-03
1.897000000000e+03 4.813817140703e-03
1.897500000000e+03 4.535369225548e-03
1.898000000000e+03 4.256980961319e-03
1.898500000000e+03 3.977071240766e-03
1.899000000000e+03 3.694762589188e-03
1.899500000000e+03 3.409935635599e-03
1.900000000000e+03 3.123233283579e-03
1.900500000000e+03 2.836016539740e-03
1.901000000000e+03 2.550276709423e-03
1.901500000000e+03 2.268511045582e-03
1.902000000000e+03 1.993570806760e-03
1.902500000000e+03 1.728491948058e-03
1.903000000000e+03 1.476319277334e-03
1.903500000000e+03 1.239934842715e-03
1.904000000000e+03 1.021900603456e-03
1.904500000000e+03 8.243241404555e-04
1.905000000000e+03 6.487543850262e-04
1.905500000000e+03 4.961122123798e-04
1.906000000000e+03 3.666584049714e-04
1.906500000000e+03 2.599990948460e-04
1.907000000000e+03 1.751264962347e-04
1.907500000000e+03 1.104906820152e-04
1.908000000000e+03 6.409646243422e-05
1.908500000000e+03 3.361818659302e-05
1.909000000000e+03 1.652456918714e-05
1.909500000000e+03 1.020547311271e-05
1.910000000000e+03 1.209294275057e-05
1.910500000000e+03 1.976963755923e-05
1.911000000000e+03 3.105908436666e-05
1.911500000000e+03 4.409374738985e-05
1.912000000000e+03 5.735868736122e-05
1.912500000000e+03 6.971041555981e-05
1.913000000000e+03 8.037231480511e-05
1.913500000000e+03 8.890957565592e-05
1.914000000000e+03 9.518787683763e-05
1.914500000000e+03 9.932094211810e-05
1.915000000000e+03 1.016125783160e-04
1.915500000000e+03 1.024988192847e-04
1.916000000000e+03 1.024953800509e-04
1.916500000000e+03 1.021548069209e-04
1.917000000000e+03 1.020365644481e-04
1.917500000000e+03 1.026919230812e-04
1.918000000000e+03 1.046640119276e-04
1.918500000000e+03 1.085018978610e-04
1.919000000000e+03 1.147861624382e-04
1.919500000000e+03 1.241622811410e-04
1.920000000000e+03 1.373772569165e-04
1.920500000000e+03 1.553144911691e-04
1.921000000000e+03 1.790218304896e-04
1.921500000000e+03 2.097281159346e-04
1.922000000000e+03 2.488443604515e-04
1.922500000000e+03 2.979468353129e-04
1.923000000000e+03 3.587407770202e-04
1.923500000000e+03 4.330050290851e-04
1.924000000000e+03 5.225195907032e-04
1.924500000000e+03 6.289796320972e-04
1.925000000000e+03 7.539009319506e-04
1.925500000000e+03 8.985227842960e-04
1.926000000000e+03 1.063715117501e-03
1.926500000000e+03 1.249896799778e-03
1.927000000000e+03 1.456971837294e-03
1.927500000000e+03 1.684289400980e-03
1.928000000000e+03 1.930632379057e-03
1.928500000000e+03 2.194237511416e-03
1.929000000000e+03 2.472848215474e-03
1.929500000000e+03 2.763799082668e-03
1.930000000000e+03 3.064128847091e-03
1.930500000000e+03 3.370716549363e-03
1.931000000000e+03 3.680433782305e-03
1.931500000000e+03 3.990304444123e-03
1.932000000000e+03 4.297662450668e-03
1.932500000000e+03 4.600297455792e-03
1.933000000000e+03 4.896578846631e-03
1.933500000000e+03 5.185549130176e-03
1.934000000000e+03 5.466979278621e-03
1.934500000000e+03 5.741380585405e-03
1.935000000000e+03 6.009969995384e-03
1.935500000000e+03 6.274588576567e-03
1.936000000000e+03 6.537575638552e-03
1.936500000000e+03 6.801603803457e-03
1.937000000000e+03 7.069482924674e-03
1.937500000000e+03 7.343942961585e-03
1.938000000000e+03 7.627407607496e-03
1.938500000000e+03 7.921771514641e-03
1.939000000000e+03 8.228194281617e-03
1.939500000000e+03 8.546923924359e-03
1.940000000000e+03 8.877161346755e-03
1.940500000000e+03 9.216975412001e-03
1.941000000000e+03 9.563275685266e-03
1.941500000000e+03 9.911846906314e-03
1.942000000000e+03 1.025744592165e-02
1.942500000000e+03 1.059395834722e-02
1.943000000000e+03 1.091460884294e-02
1.943500000000e+03 1.121221575700e-02
1.944000000000e+03 1.147947822641e-02
1.944500000000e+03 1.170928176289e-02
1.945000000000e+03 1.189500703745e-02
1.945500000000e+03 1.203082609106e-02
1.946000000000e+03 1.211197058011e-02
1.946500000000e+03 1.213495790635e-02
1.947000000000e+03 1.209776311813e-02
1.947500000000e+03 1.199992719910e-02
1.948000000000e+03 1.184259563166e-02
1.948500000000e+03 1.162848475640e-02
1.949000000000e+03 1.136177724271e-02
1.949500000000e+03 1.104795172648e-02
1.950000000000e+03 1.069355514828e-02
1.950500000000e+03 1.030592934244e-02
1.951000000000e+03 9.892905814525e-03
1.951500000000e+03 9.462484266575e-03
1.952000000000e+03 9.022511195824e-03
1.952500000000e+03 8.580374761811e-03
1.953000000000e+03 8.142731098859e-03
1.953500000000e+03 7.715275406630e-03
1.954000000000e+03 7.302568589142e-03
1.954500000000e+03 6.907927080614e-03
1.955000000000e+03 6.533379976242e-03
1.955500000000e+03 6.179693879414e-03
1.956000000000e+03 5.846462194413e-03
1.956500000000e+03 5.532252145265e-03
1.957000000000e+03 5.234799778268e-03
1.957500000000e+03 4.951240776088e-03
1.958000000000e+03 4.678363204158e-03
1.958500000000e+03 4.412867414266e-03
1.959000000000e+03 4.151618283647e-03
1.959500000000e+03 3.891875760736e-03
1.960000000000e+03 3.631491261437e-03
1.960500000000e+03 3.369059708687e-03
1.961000000000e+03 3.104019791386e-03
1.961500000000e+03 2.836698165328e-03
1.962000000000e+03 2.568296640275e-03
1.962500000000e+03 2.300824696332e-03
1.963000000000e+03 2.036982758641e-03
1.963500000000e+03 1.780004356367e-03
1.964000000000e+03 1.533467450900e-03
1.964500000000e+03 1.301086725017e-03
1.965000000000e+03 1.086499406049e-03
1.965500000000e+03 8.930572233534e-04
1.966000000000e+03 7.236363906749e-04
1.966500000000e+03 5.804761181898e-04
1.967000000000e+03 4.650541968384e-04
1.967500000000e+03 3.780057915270e-04
1.968000000000e+03 3.190888855219e-04
1.968500000000e+03 2.871970055339e-04
1.969000000000e+03 2.804170978564e-04
1.969500000000e+03 2.961278850315e-04
1.970000000000e+03 3.311318570148e-04
1.970500000000e+03 3.818123608120e-04
1.971000000000e+03 4.443061356988e-04
1.971500000000e+03 5.146811463563e-04
1.972000000000e+03 5.891097027853e-04
1.972500000000e+03 6.640275934741e-04
1.973000000000e+03 7.362712290170e-04
1.973500000000e+03 8.031864990550e-04
1.974000000000e+03 8.627050614841e-04
1.974500000000e+03 9.133859710011e-04
1.975000000000e+03 9.544227668610e-04
1.975500000000e+03 9.856182350592e-04
1.976000000000e+03 1.007330906138e-03
1.976500000000e+03 1.020398836755e-03
1.977000000000e+03 1.026047266959e-03
1.977500000000e+03 1.025787295315e-03
1.978000000000e+03 1.021312753434e-03
1.978500000000e+03 1.014402008963e-03
1.979000000000e+03 1.006830532899e-03
1.979500000000e+03 1.000298813153e-03
1.980000000000e+03 9.963786847960e-04
1.980500000000e+03 9.964794956382e-04
1.981000000000e+03 1.001833858923e-03
1.981500000000e+03 1.013501185165e-03
1.982000000000e+03 1.032385844795e-03
1.982500000000e+03 1.059265786020e-03
1.983000000000e+03 1.094826787549e-03
1.983500000000e+03 1.139697303783e-03
1.984000000000e+03 1.194479068844e-03
1.984500000000e+03 1.259769242468e-03
1.985000000000e+03 1.336170851020e-03
1.985500000000e+03 1.424289521638e-03
1.986000000000e+03 1.524715925937e-03
1.986500000000e+03 1.637994829576e-03
1.987000000000e+03 1.764583066653e-03
1.987500000000e+03 1.904800009063e-03
1.988000000000e+03 2.058775078106e-03
1.988500000000e+03 2.226397465386e-03
1.989000000000e+03 2.407273434838e-03
1.989500000000e+03 2.600696339504e-03
1.990000000000e+03 2.805633810404e-03
1.990500000000e+03 3.020735497632e-03
1.991000000000e+03 3.244363333137e-03
1.991500000000e+03 3.474644634658e-03
1.992000000000e+03 3.709546594712e-03
1.992500000000e+03 3.946968924214e-03
1.993000000000e+03 4.184849777306e-03
1.993500000000e+03 4.421278698011e-03
1.994000000000e+03 4.654609311653e-03
1.994500000000e+03 4.883563924376e-03
1.995000000000e+03 5.107322153423e-03
1.995500000000e+03 5.325586216021e-03
1.996000000000e+03 5.538616547807e-03
1.996500000000e+03 5.747232955524e-03
1.997000000000e+03 5.952778454085e-03
1.997500000000e+03 6.157045183352e-03
1.998000000000e+03 6.362164210798e-03
1.998500000000e+03 6.570463452213e-03
1.999000000000e+03 6.784300226985e-03
1.999500000000e+03 7.005876954511e-03
2.000000000000e+03 7.237050054528e-03
